dataset_source,rows,repos,mean_commits,mean_lines_added,mean_log_commits,mean_log_lines_added,mean_contributors_log
treatment,3372,378,93.3505338078292,61420.2838078292,3.4322209016702,8.60346846005663,1.45552866707995
control,2871,393,40.6489028213166,16063.1954022989,2.7216720854221,7.0868509220579,1.26176389258068
