outcome,term,estimate,std_error,conf_low,conf_high,p_value,note,outcome_label,panel,estimate_pct,conf_low_pct,conf_high_pct
log_commits,treat,0.106211418399302,0.0712566260162852,-0.0334515685926166,0.245874405391221,0.136080216397732,Borusyak static treatment effect,Commits,main_unbalanced,11.2056960957685,-3.28982518040482,27.8738960736395
log_lines_added,treat,0.378685698207253,0.150107879472967,0.0844742544402378,0.672897141974268,0.0116438843926862,Borusyak static treatment effect,Lines Added,main_unbalanced,46.0363968591005,8.81448289736471,95.990723290982
