repo_name,time,scan_group,latest_commit,ncloc_our,bugs_our,vulnerabilities_our,code_smells_our,duplicated_lines_density_our,comment_lines_density_our,cognitive_complexity_our,technical_debt_our,static_analysis_warnings_our,is_treatment,event,post_event,time_to_event,dataset_source,ncloc_paper,bugs_paper,vulnerabilities_paper,code_smells_paper,duplicated_lines_density_paper,comment_lines_density_paper,cognitive_complexity_paper,technical_debt_paper,static_analysis_warnings_paper,paper_match_status,diff_ncloc,abs_diff_ncloc,identical_ncloc,diff_bugs,abs_diff_bugs,identical_bugs,diff_vulnerabilities,abs_diff_vulnerabilities,identical_vulnerabilities,diff_code_smells,abs_diff_code_smells,identical_code_smells,diff_duplicated_lines_density,abs_diff_duplicated_lines_density,identical_duplicated_lines_density,diff_comment_lines_density,abs_diff_comment_lines_density,identical_comment_lines_density,diff_cognitive_complexity,abs_diff_cognitive_complexity,identical_cognitive_complexity,diff_technical_debt,abs_diff_technical_debt,identical_technical_debt,diff_static_analysis_warnings,abs_diff_static_analysis_warnings,identical_static_analysis_warnings
1mrat/cursor-taskrunner,2024-08,treatment,53d6ca106d0525b5eec3d03eba2406488da0ddcd,209.0,1.0,0.0,1.0,0.0,5.9,28.0,5.0,2.0,1,2024-08,1,0.0,treatment,209.0,1.0,0.0,1.0,0.0,5.9,28.0,5.0,2.0,both,0.0,0.0,True,0.0,0.0,True,0.0,0.0,True,0.0,0.0,True,0.0,0.0,True,0.0,0.0,True,0.0,0.0,True,0.0,0.0,True,0.0,0.0,True
1mrat/cursor-taskrunner,2024-09,treatment,53d6ca106d0525b5eec3d03eba2406488da0ddcd,209.0,1.0,0.0,1.0,0.0,5.9,28.0,5.0,2.0,,,,,,,,,,,,,,,left_only,,,False,,,False,,,False,,,False,,,False,,,False,,,False,,,False,,,False
1mrat/cursor-taskrunner,2024-10,treatment,53d6ca106d0525b5eec3d03eba2406488da0ddcd,209.0,1.0,0.0,1.0,0.0,5.9,28.0,5.0,2.0,,,,,,,,,,,,,,,left_only,,,False,,,False,,,False,,,False,,,False,,,False,,,False,,,False,,,False
1mrat/cursor-taskrunner,2024-11,treatment,53d6ca106d0525b5eec3d03eba2406488da0ddcd,209.0,1.0,0.0,1.0,0.0,5.9,28.0,5.0,2.0,,,,,,,,,,,,,,,left_only,,,False,,,False,,,False,,,False,,,False,,,False,,,False,,,False,,,False
1mrat/cursor-taskrunner,2024-12,treatment,53d6ca106d0525b5eec3d03eba2406488da0ddcd,209.0,1.0,0.0,1.0,0.0,5.9,28.0,5.0,2.0,,,,,,,,,,,,,,,left_only,,,False,,,False,,,False,,,False,,,False,,,False,,,False,,,False,,,False
1mrat/cursor-taskrunner,2025-01,treatment,53d6ca106d0525b5eec3d03eba2406488da0ddcd,209.0,1.0,0.0,1.0,0.0,5.9,28.0,5.0,2.0,,,,,,,,,,,,,,,left_only,,,False,,,False,,,False,,,False,,,False,,,False,,,False,,,False,,,False
1mrat/cursor-taskrunner,2025-02,treatment,53d6ca106d0525b5eec3d03eba2406488da0ddcd,209.0,1.0,0.0,1.0,0.0,5.9,28.0,5.0,2.0,,,,,,,,,,,,,,,left_only,,,False,,,False,,,False,,,False,,,False,,,False,,,False,,,False,,,False
1mrat/cursor-taskrunner,2025-03,treatment,53d6ca106d0525b5eec3d03eba2406488da0ddcd,209.0,1.0,0.0,1.0,0.0,5.9,28.0,5.0,2.0,,,,,,,,,,,,,,,left_only,,,False,,,False,,,False,,,False,,,False,,,False,,,False,,,False,,,False
1mrat/cursor-taskrunner,2025-04,treatment,53d6ca106d0525b5eec3d03eba2406488da0ddcd,209.0,1.0,0.0,1.0,0.0,5.9,28.0,5.0,2.0,,,,,,,,,,,,,,,left_only,,,False,,,False,,,False,,,False,,,False,,,False,,,False,,,False,,,False
1mrat/cursor-taskrunner,2025-05,treatment,53d6ca106d0525b5eec3d03eba2406488da0ddcd,209.0,1.0,0.0,1.0,0.0,5.9,28.0,5.0,2.0,,,,,,,,,,,,,,,left_only,,,False,,,False,,,False,,,False,,,False,,,False,,,False,,,False,,,False
1mrat/cursor-taskrunner,2025-06,treatment,53d6ca106d0525b5eec3d03eba2406488da0ddcd,209.0,1.0,0.0,1.0,0.0,5.9,28.0,5.0,2.0,,,,,,,,,,,,,,,left_only,,,False,,,False,,,False,,,False,,,False,,,False,,,False,,,False,,,False
1mrat/cursor-taskrunner,2025-07,treatment,53d6ca106d0525b5eec3d03eba2406488da0ddcd,209.0,1.0,0.0,1.0,0.0,5.9,28.0,5.0,2.0,,,,,,,,,,,,,,,left_only,,,False,,,False,,,False,,,False,,,False,,,False,,,False,,,False,,,False
1mrat/cursor-taskrunner,2025-08,treatment,53d6ca106d0525b5eec3d03eba2406488da0ddcd,209.0,1.0,0.0,1.0,0.0,5.9,28.0,5.0,2.0,,,,,,,,,,,,,,,left_only,,,False,,,False,,,False,,,False,,,False,,,False,,,False,,,False,,,False
Anemll/Anemll,2025-02,treatment,d3b2e3660c0657ab643b68a0513b4b5ab443c04c,3990.0,4.0,0.0,72.0,22.3,24.8,1013.0,427.0,76.0,1,2025-02,1,0.0,treatment,3990.0,6.0,0.0,109.0,22.3,24.8,1013.0,692.0,115.0,both,0.0,0.0,True,-2.0,2.0,False,0.0,0.0,True,-37.0,37.0,False,0.0,0.0,True,0.0,0.0,True,0.0,0.0,True,-265.0,265.0,False,-39.0,39.0,False
Anemll/Anemll,2025-03,treatment,d3b2e3660c0657ab643b68a0513b4b5ab443c04c,3990.0,4.0,0.0,72.0,22.3,24.8,1013.0,427.0,76.0,1,2025-02,1,1.0,treatment,3990.0,6.0,0.0,109.0,22.3,24.8,1013.0,692.0,115.0,both,0.0,0.0,True,-2.0,2.0,False,0.0,0.0,True,-37.0,37.0,False,0.0,0.0,True,0.0,0.0,True,0.0,0.0,True,-265.0,265.0,False,-39.0,39.0,False
Anemll/Anemll,2025-04,treatment,d175746c2ffbabd0a0e4491212c0ef0a501d9848,4093.0,4.0,0.0,71.0,20.1,25.2,1064.0,425.0,75.0,1,2025-02,1,2.0,treatment,4093.0,6.0,0.0,109.0,20.1,25.2,1064.0,730.0,115.0,both,0.0,0.0,True,-2.0,2.0,False,0.0,0.0,True,-38.0,38.0,False,0.0,0.0,True,0.0,0.0,True,0.0,0.0,True,-305.0,305.0,False,-40.0,40.0,False
Anemll/Anemll,2025-05,treatment,4bfa0b08183a437e759798f2245bbcba2313521f,4093.0,4.0,0.0,71.0,20.1,25.2,1064.0,425.0,75.0,1,2025-02,1,3.0,treatment,4093.0,6.0,0.0,109.0,20.1,25.2,1064.0,730.0,115.0,both,0.0,0.0,True,-2.0,2.0,False,0.0,0.0,True,-38.0,38.0,False,0.0,0.0,True,0.0,0.0,True,0.0,0.0,True,-305.0,305.0,False,-40.0,40.0,False
Anemll/Anemll,2025-06,treatment,b0ea623eaac791a0803849c4f35ef8357f98935b,18458.0,8.0,0.0,176.0,16.9,19.1,4188.0,1490.0,184.0,1,2025-02,1,4.0,treatment,18458.0,10.0,0.0,990.0,16.9,19.1,4188.0,3921.0,1000.0,both,0.0,0.0,True,-2.0,2.0,False,0.0,0.0,True,-814.0,814.0,False,0.0,0.0,True,0.0,0.0,True,0.0,0.0,True,-2431.0,2431.0,False,-816.0,816.0,False
Anemll/Anemll,2025-07,treatment,6ecb10d7dfe90533af13ac23c825ca76aab0c56e,21444.0,9.0,1.0,233.0,23.4,19.4,5144.0,2097.0,243.0,1,2025-02,1,5.0,treatment,21444.0,14.0,0.0,1070.0,23.4,19.4,5144.0,4799.0,1084.0,both,0.0,0.0,True,-5.0,5.0,False,1.0,1.0,False,-837.0,837.0,False,0.0,0.0,True,0.0,0.0,True,0.0,0.0,True,-2702.0,2702.0,False,-841.0,841.0,False
Anemll/Anemll,2025-08,treatment,6ecb10d7dfe90533af13ac23c825ca76aab0c56e,21444.0,9.0,1.0,233.0,23.4,19.4,5144.0,2097.0,243.0,,,,,,,,,,,,,,,left_only,,,False,,,False,,,False,,,False,,,False,,,False,,,False,,,False,,,False
Apocrathia/home-assistant-config,2024-01,treatment,bbe44a43577ec4c93304b6303bf7604710f10533,48.0,0.0,0.0,0.0,0.0,28.4,6.0,0.0,0.0,0,2025-02,0,-13.0,treatment,48.0,0.0,0.0,0.0,0.0,28.4,6.0,0.0,0.0,both,0.0,0.0,True,0.0,0.0,True,0.0,0.0,True,0.0,0.0,True,0.0,0.0,True,0.0,0.0,True,0.0,0.0,True,0.0,0.0,True,0.0,0.0,True
Apocrathia/home-assistant-config,2024-02,treatment,26904b6524e3139a36005bd9d482feb396099c25,48.0,0.0,0.0,0.0,0.0,28.4,6.0,0.0,0.0,0,2025-02,0,-12.0,treatment,48.0,0.0,0.0,0.0,0.0,28.4,6.0,0.0,0.0,both,0.0,0.0,True,0.0,0.0,True,0.0,0.0,True,0.0,0.0,True,0.0,0.0,True,0.0,0.0,True,0.0,0.0,True,0.0,0.0,True,0.0,0.0,True
Apocrathia/home-assistant-config,2024-03,treatment,8a82eda5ceac8dc9bc217ca0985392aceff8fcd4,48.0,0.0,0.0,0.0,0.0,28.4,6.0,0.0,0.0,0,2025-02,0,-11.0,treatment,48.0,0.0,0.0,0.0,0.0,28.4,6.0,0.0,0.0,both,0.0,0.0,True,0.0,0.0,True,0.0,0.0,True,0.0,0.0,True,0.0,0.0,True,0.0,0.0,True,0.0,0.0,True,0.0,0.0,True,0.0,0.0,True
Apocrathia/home-assistant-config,2024-04,treatment,a47d24eaa2e788005bda981bc81601dc1324825e,48.0,0.0,0.0,0.0,0.0,28.4,6.0,0.0,0.0,0,2025-02,0,-10.0,treatment,48.0,0.0,0.0,0.0,0.0,28.4,6.0,0.0,0.0,both,0.0,0.0,True,0.0,0.0,True,0.0,0.0,True,0.0,0.0,True,0.0,0.0,True,0.0,0.0,True,0.0,0.0,True,0.0,0.0,True,0.0,0.0,True
Apocrathia/home-assistant-config,2024-05,treatment,b26234ca26d401d2aa3188cb603a9f7838bf808d,48.0,0.0,0.0,0.0,0.0,28.4,6.0,0.0,0.0,0,2025-02,0,-9.0,treatment,48.0,0.0,0.0,0.0,0.0,28.4,6.0,0.0,0.0,both,0.0,0.0,True,0.0,0.0,True,0.0,0.0,True,0.0,0.0,True,0.0,0.0,True,0.0,0.0,True,0.0,0.0,True,0.0,0.0,True,0.0,0.0,True
Apocrathia/home-assistant-config,2024-06,treatment,e52f1adc336026dcd83a7321b395c8aaed3fbc0a,48.0,0.0,0.0,0.0,0.0,28.4,6.0,0.0,0.0,0,2025-02,0,-8.0,treatment,48.0,0.0,0.0,0.0,0.0,28.4,6.0,0.0,0.0,both,0.0,0.0,True,0.0,0.0,True,0.0,0.0,True,0.0,0.0,True,0.0,0.0,True,0.0,0.0,True,0.0,0.0,True,0.0,0.0,True,0.0,0.0,True
Apocrathia/home-assistant-config,2024-07,treatment,e1f53bd5a5bd5290db8f1bde112aa7a42c8d8fc9,48.0,0.0,0.0,0.0,0.0,28.4,6.0,0.0,0.0,0,2025-02,0,-7.0,treatment,48.0,0.0,0.0,0.0,0.0,28.4,6.0,0.0,0.0,both,0.0,0.0,True,0.0,0.0,True,0.0,0.0,True,0.0,0.0,True,0.0,0.0,True,0.0,0.0,True,0.0,0.0,True,0.0,0.0,True,0.0,0.0,True
Apocrathia/home-assistant-config,2024-08,treatment,e1f53bd5a5bd5290db8f1bde112aa7a42c8d8fc9,48.0,0.0,0.0,0.0,0.0,28.4,6.0,0.0,0.0,0,2025-02,0,-6.0,treatment,48.0,0.0,0.0,0.0,0.0,28.4,6.0,0.0,0.0,both,0.0,0.0,True,0.0,0.0,True,0.0,0.0,True,0.0,0.0,True,0.0,0.0,True,0.0,0.0,True,0.0,0.0,True,0.0,0.0,True,0.0,0.0,True
Apocrathia/home-assistant-config,2024-09,treatment,e1f53bd5a5bd5290db8f1bde112aa7a42c8d8fc9,48.0,0.0,0.0,0.0,0.0,28.4,6.0,0.0,0.0,0,2025-02,0,-5.0,treatment,48.0,0.0,0.0,0.0,0.0,28.4,6.0,0.0,0.0,both,0.0,0.0,True,0.0,0.0,True,0.0,0.0,True,0.0,0.0,True,0.0,0.0,True,0.0,0.0,True,0.0,0.0,True,0.0,0.0,True,0.0,0.0,True
Apocrathia/home-assistant-config,2024-10,treatment,26df583b9e21bfa769cc54f3d1b5919f8bcb8fd0,48.0,0.0,0.0,0.0,0.0,28.4,6.0,0.0,0.0,0,2025-02,0,-4.0,treatment,48.0,0.0,0.0,0.0,0.0,28.4,6.0,0.0,0.0,both,0.0,0.0,True,0.0,0.0,True,0.0,0.0,True,0.0,0.0,True,0.0,0.0,True,0.0,0.0,True,0.0,0.0,True,0.0,0.0,True,0.0,0.0,True
Apocrathia/home-assistant-config,2024-11,treatment,74da233ac46648847f2a3055f9332c60819a8d8b,48.0,0.0,0.0,0.0,0.0,28.4,6.0,0.0,0.0,0,2025-02,0,-3.0,treatment,48.0,0.0,0.0,0.0,0.0,28.4,6.0,0.0,0.0,both,0.0,0.0,True,0.0,0.0,True,0.0,0.0,True,0.0,0.0,True,0.0,0.0,True,0.0,0.0,True,0.0,0.0,True,0.0,0.0,True,0.0,0.0,True
Apocrathia/home-assistant-config,2024-12,treatment,f50010a30ef67bdc89a203fa9f3eacaa764e6a8f,48.0,0.0,0.0,0.0,0.0,28.4,6.0,0.0,0.0,0,2025-02,0,-2.0,treatment,48.0,0.0,0.0,0.0,0.0,28.4,6.0,0.0,0.0,both,0.0,0.0,True,0.0,0.0,True,0.0,0.0,True,0.0,0.0,True,0.0,0.0,True,0.0,0.0,True,0.0,0.0,True,0.0,0.0,True,0.0,0.0,True
Apocrathia/home-assistant-config,2025-01,treatment,72683f55d312c6f3938b60b7762200802a81f56c,48.0,0.0,0.0,0.0,0.0,28.4,6.0,0.0,0.0,0,2025-02,0,-1.0,treatment,48.0,0.0,0.0,0.0,0.0,28.4,6.0,0.0,0.0,both,0.0,0.0,True,0.0,0.0,True,0.0,0.0,True,0.0,0.0,True,0.0,0.0,True,0.0,0.0,True,0.0,0.0,True,0.0,0.0,True,0.0,0.0,True
Apocrathia/home-assistant-config,2025-02,treatment,752ba2d5b9ca6bf5b909cf1374aacb9f4809464a,48.0,0.0,0.0,0.0,0.0,28.4,6.0,0.0,0.0,1,2025-02,1,0.0,treatment,48.0,0.0,0.0,0.0,0.0,28.4,6.0,0.0,0.0,both,0.0,0.0,True,0.0,0.0,True,0.0,0.0,True,0.0,0.0,True,0.0,0.0,True,0.0,0.0,True,0.0,0.0,True,0.0,0.0,True,0.0,0.0,True
Apocrathia/home-assistant-config,2025-03,treatment,8b66b9e3b784774ae1ee8cb39da7ccc9847981e0,48.0,0.0,0.0,0.0,0.0,28.4,6.0,0.0,0.0,1,2025-02,1,1.0,treatment,48.0,0.0,0.0,0.0,0.0,28.4,6.0,0.0,0.0,both,0.0,0.0,True,0.0,0.0,True,0.0,0.0,True,0.0,0.0,True,0.0,0.0,True,0.0,0.0,True,0.0,0.0,True,0.0,0.0,True,0.0,0.0,True
Apocrathia/home-assistant-config,2025-04,treatment,8b66b9e3b784774ae1ee8cb39da7ccc9847981e0,48.0,0.0,0.0,0.0,0.0,28.4,6.0,0.0,0.0,1,2025-02,1,2.0,treatment,48.0,0.0,0.0,0.0,0.0,28.4,6.0,0.0,0.0,both,0.0,0.0,True,0.0,0.0,True,0.0,0.0,True,0.0,0.0,True,0.0,0.0,True,0.0,0.0,True,0.0,0.0,True,0.0,0.0,True,0.0,0.0,True
Apocrathia/home-assistant-config,2025-05,treatment,b7ca64b95ae0af3ec3d7843f5f3be6a84dd04aff,48.0,0.0,0.0,0.0,0.0,28.4,6.0,0.0,0.0,1,2025-02,1,3.0,treatment,48.0,0.0,0.0,0.0,0.0,28.4,6.0,0.0,0.0,both,0.0,0.0,True,0.0,0.0,True,0.0,0.0,True,0.0,0.0,True,0.0,0.0,True,0.0,0.0,True,0.0,0.0,True,0.0,0.0,True,0.0,0.0,True
Apocrathia/home-assistant-config,2025-06,treatment,840bf311a24b770f0bddce641acfcc26f8c852d3,57.0,0.0,0.0,1.0,0.0,27.8,19.0,8.0,1.0,1,2025-02,1,4.0,treatment,57.0,0.0,0.0,1.0,0.0,27.8,19.0,8.0,1.0,both,0.0,0.0,True,0.0,0.0,True,0.0,0.0,True,0.0,0.0,True,0.0,0.0,True,0.0,0.0,True,0.0,0.0,True,0.0,0.0,True,0.0,0.0,True
Apocrathia/home-assistant-config,2025-07,treatment,87df5e43eff43caa79cc09749b9a6c1368729d3e,57.0,0.0,0.0,1.0,0.0,27.8,19.0,8.0,1.0,1,2025-02,1,5.0,treatment,57.0,0.0,0.0,1.0,0.0,27.8,19.0,8.0,1.0,both,0.0,0.0,True,0.0,0.0,True,0.0,0.0,True,0.0,0.0,True,0.0,0.0,True,0.0,0.0,True,0.0,0.0,True,0.0,0.0,True,0.0,0.0,True
Apocrathia/home-assistant-config,2025-08,treatment,56ce01ca8b29b3fd1acec9be4f6835c5047154f6,57.0,0.0,0.0,1.0,0.0,27.8,19.0,8.0,1.0,1,2025-02,1,6.0,treatment,57.0,0.0,0.0,1.0,0.0,27.8,19.0,8.0,1.0,both,0.0,0.0,True,0.0,0.0,True,0.0,0.0,True,0.0,0.0,True,0.0,0.0,True,0.0,0.0,True,0.0,0.0,True,0.0,0.0,True,0.0,0.0,True
Aronnaxx/Behold-Urwar-Droid-Concepts,2025-03,treatment,8a14987a286e25f89700138a78d8383f04a0115a,6568.0,5.0,13.0,120.0,12.1,7.9,649.0,913.0,138.0,1,2025-03,1,0.0,treatment,6573.0,2.0,0.0,38.0,12.1,7.9,649.0,496.0,40.0,both,-5.0,5.0,False,3.0,3.0,False,13.0,13.0,False,82.0,82.0,False,0.0,0.0,True,0.0,0.0,True,0.0,0.0,True,417.0,417.0,False,98.0,98.0,False
Aronnaxx/Behold-Urwar-Droid-Concepts,2025-04,treatment,89ec1d902b5b85a3b89144a32b132bd87b662f58,6568.0,5.0,13.0,120.0,12.1,7.9,649.0,913.0,138.0,1,2025-03,1,1.0,treatment,6573.0,2.0,0.0,38.0,12.1,7.9,649.0,496.0,40.0,both,-5.0,5.0,False,3.0,3.0,False,13.0,13.0,False,82.0,82.0,False,0.0,0.0,True,0.0,0.0,True,0.0,0.0,True,417.0,417.0,False,98.0,98.0,False
Aronnaxx/Behold-Urwar-Droid-Concepts,2025-05,treatment,89ec1d902b5b85a3b89144a32b132bd87b662f58,6568.0,5.0,13.0,120.0,12.1,7.9,649.0,913.0,138.0,1,2025-03,1,2.0,treatment,6573.0,2.0,0.0,38.0,12.1,7.9,649.0,496.0,40.0,both,-5.0,5.0,False,3.0,3.0,False,13.0,13.0,False,82.0,82.0,False,0.0,0.0,True,0.0,0.0,True,0.0,0.0,True,417.0,417.0,False,98.0,98.0,False
Aronnaxx/Behold-Urwar-Droid-Concepts,2025-06,treatment,fcaef112fb7619c370516489ecd6cc3f77e5fb56,6568.0,5.0,13.0,120.0,12.1,7.9,649.0,913.0,138.0,1,2025-03,1,3.0,treatment,6573.0,2.0,0.0,38.0,12.1,7.9,649.0,496.0,40.0,both,-5.0,5.0,False,3.0,3.0,False,13.0,13.0,False,82.0,82.0,False,0.0,0.0,True,0.0,0.0,True,0.0,0.0,True,417.0,417.0,False,98.0,98.0,False
Aronnaxx/Behold-Urwar-Droid-Concepts,2025-07,treatment,fcaef112fb7619c370516489ecd6cc3f77e5fb56,6568.0,5.0,13.0,120.0,12.1,7.9,649.0,913.0,138.0,1,2025-03,1,4.0,treatment,6573.0,2.0,0.0,38.0,12.1,7.9,649.0,496.0,40.0,both,-5.0,5.0,False,3.0,3.0,False,13.0,13.0,False,82.0,82.0,False,0.0,0.0,True,0.0,0.0,True,0.0,0.0,True,417.0,417.0,False,98.0,98.0,False
Aronnaxx/Behold-Urwar-Droid-Concepts,2025-08,treatment,e5dde69cff032c97647d5cc4b52836d45d2c12ae,7291.0,5.0,13.0,128.0,19.6,8.0,709.0,931.0,146.0,1,2025-03,1,5.0,treatment,7296.0,2.0,0.0,44.0,19.6,8.0,709.0,514.0,46.0,both,-5.0,5.0,False,3.0,3.0,False,13.0,13.0,False,84.0,84.0,False,0.0,0.0,True,0.0,0.0,True,0.0,0.0,True,417.0,417.0,False,100.0,100.0,False
Chocksy/qc-options-framework,2024-04,treatment,ddcf0acdc52bd7f3b95ddad64d911dd2b6466f41,4036.0,2.0,0.0,749.0,0.0,35.5,852.0,2321.0,751.0,0,2025-03,0,-11.0,treatment,4036.0,2.0,0.0,728.0,0.0,35.5,852.0,2216.0,730.0,both,0.0,0.0,True,0.0,0.0,True,0.0,0.0,True,21.0,21.0,False,0.0,0.0,True,0.0,0.0,True,0.0,0.0,True,105.0,105.0,False,21.0,21.0,False
Chocksy/qc-options-framework,2024-05,treatment,ddcf0acdc52bd7f3b95ddad64d911dd2b6466f41,4036.0,2.0,0.0,749.0,0.0,35.5,852.0,2321.0,751.0,0,2025-03,0,-10.0,treatment,4036.0,2.0,0.0,728.0,0.0,35.5,852.0,2216.0,730.0,both,0.0,0.0,True,0.0,0.0,True,0.0,0.0,True,21.0,21.0,False,0.0,0.0,True,0.0,0.0,True,0.0,0.0,True,105.0,105.0,False,21.0,21.0,False
Chocksy/qc-options-framework,2024-06,treatment,54b5d33a2f3e6c6ef0290ab041141ffcc7e4bb76,4123.0,2.0,0.0,774.0,0.0,33.7,882.0,2411.0,776.0,0,2025-03,0,-9.0,treatment,4123.0,2.0,0.0,749.0,0.0,33.7,882.0,2286.0,751.0,both,0.0,0.0,True,0.0,0.0,True,0.0,0.0,True,25.0,25.0,False,0.0,0.0,True,0.0,0.0,True,0.0,0.0,True,125.0,125.0,False,25.0,25.0,False
Chocksy/qc-options-framework,2024-07,treatment,a7e14b0436c9bb305f456b6a2578f54ab749aa9a,4179.0,2.0,0.0,788.0,0.0,33.1,891.0,2471.0,790.0,0,2025-03,0,-8.0,treatment,4179.0,2.0,0.0,763.0,0.0,33.1,891.0,2346.0,765.0,both,0.0,0.0,True,0.0,0.0,True,0.0,0.0,True,25.0,25.0,False,0.0,0.0,True,0.0,0.0,True,0.0,0.0,True,125.0,125.0,False,25.0,25.0,False
Chocksy/qc-options-framework,2024-08,treatment,ac3b7dfbc87ddcf9f1e25f8fe3098df1d2882485,4467.0,3.0,0.0,849.0,1.7,43.8,982.0,2625.0,852.0,0,2025-03,0,-7.0,treatment,4467.0,3.0,0.0,823.0,1.7,43.8,982.0,2495.0,826.0,both,0.0,0.0,True,0.0,0.0,True,0.0,0.0,True,26.0,26.0,False,0.0,0.0,True,0.0,0.0,True,0.0,0.0,True,130.0,130.0,False,26.0,26.0,False
Chocksy/qc-options-framework,2024-09,treatment,c4cae7ee5c6730684da47b2c83218111af20e1a1,4631.0,3.0,0.0,855.0,1.7,42.5,1050.0,2660.0,858.0,0,2025-03,0,-6.0,treatment,4631.0,3.0,0.0,830.0,1.7,42.5,1050.0,2532.0,833.0,both,0.0,0.0,True,0.0,0.0,True,0.0,0.0,True,25.0,25.0,False,0.0,0.0,True,0.0,0.0,True,0.0,0.0,True,128.0,128.0,False,25.0,25.0,False
Chocksy/qc-options-framework,2024-10,treatment,a101728f870ee1a9765e15cabf37e1170bd33e53,4645.0,3.0,0.0,857.0,1.7,42.5,1057.0,2674.0,860.0,0,2025-03,0,-5.0,treatment,4645.0,3.0,0.0,832.0,1.7,42.5,1057.0,2546.0,835.0,both,0.0,0.0,True,0.0,0.0,True,0.0,0.0,True,25.0,25.0,False,0.0,0.0,True,0.0,0.0,True,0.0,0.0,True,128.0,128.0,False,25.0,25.0,False
Chocksy/qc-options-framework,2024-11,treatment,eac11d6d9fdffa581b21cfaf8a24f71639656376,9277.0,3.0,0.0,857.0,2.2,31.0,1132.0,2674.0,860.0,0,2025-03,0,-4.0,treatment,9277.0,7.0,0.0,1119.0,2.2,31.0,1132.0,3551.0,1126.0,both,0.0,0.0,True,-4.0,4.0,False,0.0,0.0,True,-262.0,262.0,False,0.0,0.0,True,0.0,0.0,True,0.0,0.0,True,-877.0,877.0,False,-266.0,266.0,False
Chocksy/qc-options-framework,2024-12,treatment,a382960aba410d0af0234db18e653f1ed10634a0,9402.0,2.0,0.0,865.0,2.1,30.9,1173.0,2750.0,867.0,0,2025-03,0,-3.0,treatment,9402.0,6.0,0.0,1129.0,2.1,30.9,1173.0,3631.0,1135.0,both,0.0,0.0,True,-4.0,4.0,False,0.0,0.0,True,-264.0,264.0,False,0.0,0.0,True,0.0,0.0,True,0.0,0.0,True,-881.0,881.0,False,-268.0,268.0,False
Chocksy/qc-options-framework,2025-01,treatment,2c53c7c3c63650bb5ab0ad698321326da37928ad,9444.0,2.0,0.0,865.0,2.1,30.9,1173.0,2750.0,867.0,0,2025-03,0,-2.0,treatment,9444.0,6.0,0.0,1129.0,2.1,30.9,1173.0,3631.0,1135.0,both,0.0,0.0,True,-4.0,4.0,False,0.0,0.0,True,-264.0,264.0,False,0.0,0.0,True,0.0,0.0,True,0.0,0.0,True,-881.0,881.0,False,-268.0,268.0,False
Chocksy/qc-options-framework,2025-02,treatment,2c53c7c3c63650bb5ab0ad698321326da37928ad,9444.0,2.0,0.0,865.0,2.1,30.9,1173.0,2750.0,867.0,0,2025-03,0,-1.0,treatment,9444.0,6.0,0.0,1129.0,2.1,30.9,1173.0,3631.0,1135.0,both,0.0,0.0,True,-4.0,4.0,False,0.0,0.0,True,-264.0,264.0,False,0.0,0.0,True,0.0,0.0,True,0.0,0.0,True,-881.0,881.0,False,-268.0,268.0,False
Chocksy/qc-options-framework,2025-03,treatment,e4ce33d3a1c00a3a017343a5e937ea0bb4e1e522,9863.0,3.0,0.0,876.0,1.6,30.4,1265.0,2808.0,879.0,1,2025-03,1,0.0,treatment,9863.0,7.0,0.0,1141.0,1.6,30.4,1265.0,3699.0,1148.0,both,0.0,0.0,True,-4.0,4.0,False,0.0,0.0,True,-265.0,265.0,False,0.0,0.0,True,0.0,0.0,True,0.0,0.0,True,-891.0,891.0,False,-269.0,269.0,False
Chocksy/qc-options-framework,2025-04,treatment,e4ce33d3a1c00a3a017343a5e937ea0bb4e1e522,9863.0,3.0,0.0,876.0,1.6,30.4,1265.0,2808.0,879.0,,,,,,,,,,,,,,,left_only,,,False,,,False,,,False,,,False,,,False,,,False,,,False,,,False,,,False
Chocksy/qc-options-framework,2025-05,treatment,e4ce33d3a1c00a3a017343a5e937ea0bb4e1e522,9863.0,3.0,0.0,876.0,1.6,30.4,1265.0,2808.0,879.0,,,,,,,,,,,,,,,left_only,,,False,,,False,,,False,,,False,,,False,,,False,,,False,,,False,,,False
Chocksy/qc-options-framework,2025-06,treatment,e4ce33d3a1c00a3a017343a5e937ea0bb4e1e522,9863.0,3.0,0.0,876.0,1.6,30.4,1265.0,2808.0,879.0,,,,,,,,,,,,,,,left_only,,,False,,,False,,,False,,,False,,,False,,,False,,,False,,,False,,,False
Chocksy/qc-options-framework,2025-07,treatment,e4ce33d3a1c00a3a017343a5e937ea0bb4e1e522,9863.0,3.0,0.0,876.0,1.6,30.4,1265.0,2808.0,879.0,,,,,,,,,,,,,,,left_only,,,False,,,False,,,False,,,False,,,False,,,False,,,False,,,False,,,False
Chocksy/qc-options-framework,2025-08,treatment,e4ce33d3a1c00a3a017343a5e937ea0bb4e1e522,9863.0,3.0,0.0,876.0,1.6,30.4,1265.0,2808.0,879.0,,,,,,,,,,,,,,,left_only,,,False,,,False,,,False,,,False,,,False,,,False,,,False,,,False,,,False
DannyMac180/mirror,2024-12,treatment,07faea189c83c42cd4cb5361ea41527168d3a377,3664.0,0.0,4.0,19.0,0.9,23.3,418.0,142.0,23.0,1,2024-12,1,0.0,treatment,3664.0,0.0,0.0,20.0,0.9,23.3,418.0,113.0,20.0,both,0.0,0.0,True,0.0,0.0,True,4.0,4.0,False,-1.0,1.0,False,0.0,0.0,True,0.0,0.0,True,0.0,0.0,True,29.0,29.0,False,3.0,3.0,False
DannyMac180/mirror,2025-01,treatment,07faea189c83c42cd4cb5361ea41527168d3a377,3664.0,0.0,4.0,19.0,0.9,23.3,418.0,142.0,23.0,,,,,,,,,,,,,,,left_only,,,False,,,False,,,False,,,False,,,False,,,False,,,False,,,False,,,False
DannyMac180/mirror,2025-02,treatment,07faea189c83c42cd4cb5361ea41527168d3a377,3664.0,0.0,4.0,19.0,0.9,23.3,418.0,142.0,23.0,,,,,,,,,,,,,,,left_only,,,False,,,False,,,False,,,False,,,False,,,False,,,False,,,False,,,False
DannyMac180/mirror,2025-03,treatment,07faea189c83c42cd4cb5361ea41527168d3a377,3664.0,0.0,4.0,19.0,0.9,23.3,418.0,142.0,23.0,,,,,,,,,,,,,,,left_only,,,False,,,False,,,False,,,False,,,False,,,False,,,False,,,False,,,False
DannyMac180/mirror,2025-04,treatment,07faea189c83c42cd4cb5361ea41527168d3a377,3664.0,0.0,4.0,19.0,0.9,23.3,418.0,142.0,23.0,,,,,,,,,,,,,,,left_only,,,False,,,False,,,False,,,False,,,False,,,False,,,False,,,False,,,False
DannyMac180/mirror,2025-05,treatment,07faea189c83c42cd4cb5361ea41527168d3a377,3664.0,0.0,4.0,19.0,0.9,23.3,418.0,142.0,23.0,,,,,,,,,,,,,,,left_only,,,False,,,False,,,False,,,False,,,False,,,False,,,False,,,False,,,False
DannyMac180/mirror,2025-06,treatment,07faea189c83c42cd4cb5361ea41527168d3a377,3664.0,0.0,4.0,19.0,0.9,23.3,418.0,142.0,23.0,,,,,,,,,,,,,,,left_only,,,False,,,False,,,False,,,False,,,False,,,False,,,False,,,False,,,False
DannyMac180/mirror,2025-07,treatment,07faea189c83c42cd4cb5361ea41527168d3a377,3664.0,0.0,4.0,19.0,0.9,23.3,418.0,142.0,23.0,,,,,,,,,,,,,,,left_only,,,False,,,False,,,False,,,False,,,False,,,False,,,False,,,False,,,False
DannyMac180/mirror,2025-08,treatment,07faea189c83c42cd4cb5361ea41527168d3a377,3664.0,0.0,4.0,19.0,0.9,23.3,418.0,142.0,23.0,,,,,,,,,,,,,,,left_only,,,False,,,False,,,False,,,False,,,False,,,False,,,False,,,False,,,False
DataDog/integrations-core,2024-01,treatment,3f21b7bd08df0737cb477548d027a7a93f92f1ff,407677.0,59.0,98.0,1986.0,10.3,11.0,35399.0,17557.0,2143.0,0,2025-03,0,-14.0,treatment,409310.0,245.0,113.0,2767.0,10.3,11.0,35722.0,30811.0,3125.0,both,-1633.0,1633.0,False,-186.0,186.0,False,-15.0,15.0,False,-781.0,781.0,False,0.0,0.0,True,0.0,0.0,True,-323.0,323.0,False,-13254.0,13254.0,False,-982.0,982.0,False
DataDog/integrations-core,2024-02,treatment,1209aff535676d2788511da7ff82444c89640360,408590.0,59.0,99.0,1964.0,10.2,11.0,35317.0,17387.0,2122.0,0,2025-03,0,-13.0,treatment,409208.0,243.0,114.0,2753.0,10.3,11.0,35416.0,30576.0,3110.0,both,-618.0,618.0,False,-184.0,184.0,False,-15.0,15.0,False,-789.0,789.0,False,-0.10000000000000142,0.10000000000000142,False,0.0,0.0,True,-99.0,99.0,False,-13189.0,13189.0,False,-988.0,988.0,False
DataDog/integrations-core,2024-03,treatment,de516ffa17050c785c973acb4fcbab0a92a4253b,433598.0,60.0,114.0,2004.0,10.0,10.5,35610.0,17778.0,2178.0,0,2025-03,0,-12.0,treatment,434278.0,245.0,136.0,2785.0,10.1,10.5,35723.0,31209.0,3166.0,both,-680.0,680.0,False,-185.0,185.0,False,-22.0,22.0,False,-781.0,781.0,False,-0.09999999999999964,0.09999999999999964,False,0.0,0.0,True,-113.0,113.0,False,-13431.0,13431.0,False,-988.0,988.0,False
DataDog/integrations-core,2024-04,treatment,6d0b7455cbbd6b6bfc4a6d2a4ad3345d7a3b31ec,440838.0,60.0,114.0,2024.0,10.0,10.4,36045.0,17915.0,2198.0,0,2025-03,0,-11.0,treatment,441517.0,245.0,136.0,2854.0,10.0,10.4,36158.0,31816.0,3235.0,both,-679.0,679.0,False,-185.0,185.0,False,-22.0,22.0,False,-830.0,830.0,False,0.0,0.0,True,0.0,0.0,True,-113.0,113.0,False,-13901.0,13901.0,False,-1037.0,1037.0,False
DataDog/integrations-core,2024-05,treatment,970e957779bbea1ac84e41927e6e0bd9f118f7ba,447029.0,61.0,113.0,2045.0,10.1,10.4,36392.0,18060.0,2219.0,0,2025-03,0,-10.0,treatment,447709.0,246.0,136.0,2888.0,10.1,10.3,36505.0,32175.0,3270.0,both,-680.0,680.0,False,-185.0,185.0,False,-23.0,23.0,False,-843.0,843.0,False,0.0,0.0,True,0.09999999999999964,0.09999999999999964,False,-113.0,113.0,False,-14115.0,14115.0,False,-1051.0,1051.0,False
DataDog/integrations-core,2024-06,treatment,40193a9e2b1b854a8f3b95dd0e7041259f22653d,449009.0,61.0,113.0,2071.0,10.2,10.3,36335.0,18100.0,2245.0,0,2025-03,0,-9.0,treatment,449685.0,246.0,136.0,2921.0,10.2,10.3,36448.0,32532.0,3303.0,both,-676.0,676.0,False,-185.0,185.0,False,-23.0,23.0,False,-850.0,850.0,False,0.0,0.0,True,0.0,0.0,True,-113.0,113.0,False,-14432.0,14432.0,False,-1058.0,1058.0,False
DataDog/integrations-core,2024-07,treatment,cdbf62d31e3f4f8ab0702b386c32dd06473d95e7,505768.0,61.0,118.0,2091.0,9.3,9.4,36675.0,18238.0,2270.0,0,2025-03,0,-8.0,treatment,506444.0,246.0,141.0,2997.0,9.4,9.3,36788.0,34055.0,3384.0,both,-676.0,676.0,False,-185.0,185.0,False,-23.0,23.0,False,-906.0,906.0,False,-0.09999999999999964,0.09999999999999964,False,0.09999999999999964,0.09999999999999964,False,-113.0,113.0,False,-15817.0,15817.0,False,-1114.0,1114.0,False
DataDog/integrations-core,2024-08,treatment,523c5afc8405d8726f7cf8867bbd5f75a75ce24e,510437.0,61.0,119.0,2122.0,9.4,9.3,37046.0,18366.0,2302.0,0,2025-03,0,-7.0,treatment,511113.0,246.0,141.0,3076.0,9.4,9.3,37159.0,34216.0,3463.0,both,-676.0,676.0,False,-185.0,185.0,False,-22.0,22.0,False,-954.0,954.0,False,0.0,0.0,True,0.0,0.0,True,-113.0,113.0,False,-15850.0,15850.0,False,-1161.0,1161.0,False
DataDog/integrations-core,2024-09,treatment,c1e85309a37c7c508f41c365f3002708f77f8cbf,545211.0,72.0,150.0,2149.0,10.5,8.6,36981.0,18765.0,2371.0,0,2025-03,0,-6.0,treatment,545858.0,259.0,171.0,3130.0,10.5,8.6,37094.0,34980.0,3560.0,both,-647.0,647.0,False,-187.0,187.0,False,-21.0,21.0,False,-981.0,981.0,False,0.0,0.0,True,0.0,0.0,True,-113.0,113.0,False,-16215.0,16215.0,False,-1189.0,1189.0,False
DataDog/integrations-core,2024-10,treatment,cbb5fc6a80505309a1b00b37b77d772255490afa,525681.0,72.0,150.0,2104.0,8.5,8.8,37075.0,18588.0,2326.0,0,2025-03,0,-5.0,treatment,526367.0,259.0,171.0,3027.0,8.5,8.8,37188.0,33907.0,3457.0,both,-686.0,686.0,False,-187.0,187.0,False,-21.0,21.0,False,-923.0,923.0,False,0.0,0.0,True,0.0,0.0,True,-113.0,113.0,False,-15319.0,15319.0,False,-1131.0,1131.0,False
DataDog/integrations-core,2024-11,treatment,c08fd423affb8f7257d8fcb8e9a5afd869681415,529601.0,72.0,148.0,2115.0,8.5,8.8,37341.0,18688.0,2335.0,0,2025-03,0,-4.0,treatment,530105.0,257.0,171.0,3108.0,8.5,8.8,37454.0,35413.0,3536.0,both,-504.0,504.0,False,-185.0,185.0,False,-23.0,23.0,False,-993.0,993.0,False,0.0,0.0,True,0.0,0.0,True,-113.0,113.0,False,-16725.0,16725.0,False,-1201.0,1201.0,False
DataDog/integrations-core,2024-12,treatment,e6b077a2f4e4526dc00261698d752e7481547e66,544938.0,72.0,149.0,2140.0,8.5,8.7,37569.0,18850.0,2361.0,0,2025-03,0,-3.0,treatment,545404.0,261.0,174.0,3114.0,8.5,8.7,37682.0,35613.0,3549.0,both,-466.0,466.0,False,-189.0,189.0,False,-25.0,25.0,False,-974.0,974.0,False,0.0,0.0,True,0.0,0.0,True,-113.0,113.0,False,-16763.0,16763.0,False,-1188.0,1188.0,False
DataDog/integrations-core,2025-01,treatment,82c4055486147402d96748c0abd63de6850e83d1,550232.0,72.0,149.0,2148.0,8.6,8.6,37862.0,18884.0,2369.0,0,2025-03,0,-2.0,treatment,550705.0,262.0,174.0,3137.0,8.6,8.6,37975.0,35928.0,3573.0,both,-473.0,473.0,False,-190.0,190.0,False,-25.0,25.0,False,-989.0,989.0,False,0.0,0.0,True,0.0,0.0,True,-113.0,113.0,False,-17044.0,17044.0,False,-1204.0,1204.0,False
DataDog/integrations-core,2025-02,treatment,c3628b5ded79e88ab572dfd7bac6e5c1cd91f1d8,550735.0,72.0,149.0,2139.0,8.7,8.7,37932.0,18781.0,2360.0,0,2025-03,0,-1.0,treatment,551182.0,261.0,174.0,3125.0,8.7,8.7,38045.0,35815.0,3560.0,both,-447.0,447.0,False,-189.0,189.0,False,-25.0,25.0,False,-986.0,986.0,False,0.0,0.0,True,0.0,0.0,True,-113.0,113.0,False,-17034.0,17034.0,False,-1200.0,1200.0,False
DataDog/integrations-core,2025-03,treatment,67cf3ad93e6873944bcdbd153c7305b03c2f51d4,554357.0,69.0,157.0,2161.0,8.7,8.6,38307.0,19179.0,2387.0,1,2025-03,1,0.0,treatment,554804.0,257.0,182.0,3142.0,8.7,8.5,38420.0,36164.0,3581.0,both,-447.0,447.0,False,-188.0,188.0,False,-25.0,25.0,False,-981.0,981.0,False,0.0,0.0,True,0.09999999999999964,0.09999999999999964,False,-113.0,113.0,False,-16985.0,16985.0,False,-1194.0,1194.0,False
DataDog/integrations-core,2025-04,treatment,fe4697fca14149122b2d992e53f8a0396755ebff,556083.0,71.0,157.0,2169.0,8.7,8.6,38487.0,19262.0,2397.0,1,2025-03,1,1.0,treatment,554848.0,257.0,182.0,3142.0,8.7,8.5,38427.0,36164.0,3581.0,both,1235.0,1235.0,False,-186.0,186.0,False,-25.0,25.0,False,-973.0,973.0,False,0.0,0.0,True,0.09999999999999964,0.09999999999999964,False,60.0,60.0,False,-16902.0,16902.0,False,-1184.0,1184.0,False
DataDog/integrations-core,2025-05,treatment,1c924825332db0360a98ffc39e7c9d87618d66aa,563365.0,72.0,157.0,2200.0,8.6,8.7,39445.0,19633.0,2429.0,1,2025-03,1,2.0,treatment,563812.0,277.0,182.0,3166.0,8.6,8.7,39558.0,36154.0,3625.0,both,-447.0,447.0,False,-205.0,205.0,False,-25.0,25.0,False,-966.0,966.0,False,0.0,0.0,True,0.0,0.0,True,-113.0,113.0,False,-16521.0,16521.0,False,-1196.0,1196.0,False
DataDog/integrations-core,2025-06,treatment,f9f78ed17fce4bcd63e24aaa39a9e47dddbd7f4f,567172.0,72.0,157.0,2222.0,8.7,8.7,39812.0,19823.0,2451.0,1,2025-03,1,3.0,treatment,567619.0,278.0,182.0,3182.0,8.7,8.7,39925.0,36392.0,3642.0,both,-447.0,447.0,False,-206.0,206.0,False,-25.0,25.0,False,-960.0,960.0,False,0.0,0.0,True,0.0,0.0,True,-113.0,113.0,False,-16569.0,16569.0,False,-1191.0,1191.0,False
DataDog/integrations-core,2025-07,treatment,26abd13d37aca13903e1cf8e64b1f0f0959630f6,573235.0,71.0,152.0,2238.0,8.7,8.7,40380.0,20039.0,2461.0,1,2025-03,1,4.0,treatment,573689.0,277.0,178.0,3200.0,8.7,8.7,40493.0,36876.0,3655.0,both,-454.0,454.0,False,-206.0,206.0,False,-26.0,26.0,False,-962.0,962.0,False,0.0,0.0,True,0.0,0.0,True,-113.0,113.0,False,-16837.0,16837.0,False,-1194.0,1194.0,False
DataDog/integrations-core,2025-08,treatment,af4afd423a8cce60bcaf879e543f1b696e3f0caa,576582.0,71.0,152.0,2263.0,8.7,8.7,40665.0,20324.0,2486.0,1,2025-03,1,5.0,treatment,577198.0,278.0,178.0,3219.0,8.7,8.7,40785.0,37132.0,3675.0,both,-616.0,616.0,False,-207.0,207.0,False,-26.0,26.0,False,-956.0,956.0,False,0.0,0.0,True,0.0,0.0,True,-120.0,120.0,False,-16808.0,16808.0,False,-1189.0,1189.0,False
DataScienceUIBK/Rankify,2025-02,treatment,5a3d11e41492d15c2bbf8d16217f544f60b5f6cc,22796.0,16.0,30.0,774.0,9.1,25.8,4187.0,4655.0,820.0,0,2025-03,0,-1.0,treatment,22795.0,15.0,0.0,695.0,9.1,25.8,4187.0,4305.0,710.0,both,1.0,1.0,False,1.0,1.0,False,30.0,30.0,False,79.0,79.0,False,0.0,0.0,True,0.0,0.0,True,0.0,0.0,True,350.0,350.0,False,110.0,110.0,False
DataScienceUIBK/Rankify,2025-03,treatment,fff4134bd4fd10772e43803fd24c18cb86736b8a,24048.0,16.0,30.0,798.0,8.7,25.1,4264.0,4923.0,844.0,1,2025-03,1,0.0,treatment,24047.0,15.0,0.0,719.0,8.7,25.1,4264.0,4573.0,734.0,both,1.0,1.0,False,1.0,1.0,False,30.0,30.0,False,79.0,79.0,False,0.0,0.0,True,0.0,0.0,True,0.0,0.0,True,350.0,350.0,False,110.0,110.0,False
DataScienceUIBK/Rankify,2025-04,treatment,ef3650b84cb9b1433299a9aea5bf84faba715d23,24191.0,16.0,30.0,800.0,8.7,25.0,4304.0,4936.0,846.0,1,2025-03,1,1.0,treatment,24149.0,15.0,0.0,720.0,8.7,25.0,4294.0,4581.0,735.0,both,42.0,42.0,False,1.0,1.0,False,30.0,30.0,False,80.0,80.0,False,0.0,0.0,True,0.0,0.0,True,10.0,10.0,False,355.0,355.0,False,111.0,111.0,False
DataScienceUIBK/Rankify,2025-05,treatment,886291a6ef7caceeee9ae757d5ee9bf4c70629e8,25126.0,16.0,30.0,825.0,8.3,25.1,4405.0,5037.0,871.0,1,2025-03,1,2.0,treatment,25125.0,15.0,0.0,746.0,8.3,25.1,4405.0,4687.0,761.0,both,1.0,1.0,False,1.0,1.0,False,30.0,30.0,False,79.0,79.0,False,0.0,0.0,True,0.0,0.0,True,0.0,0.0,True,350.0,350.0,False,110.0,110.0,False
DataScienceUIBK/Rankify,2025-06,treatment,ccc4e8c4c16485446c0878c8149857a22c7b3fa0,29733.0,17.0,30.0,931.0,9.4,24.4,5539.0,5534.0,978.0,1,2025-03,1,3.0,treatment,29732.0,16.0,0.0,840.0,9.4,24.4,5539.0,5129.0,856.0,both,1.0,1.0,False,1.0,1.0,False,30.0,30.0,False,91.0,91.0,False,0.0,0.0,True,0.0,0.0,True,0.0,0.0,True,405.0,405.0,False,122.0,122.0,False
DataScienceUIBK/Rankify,2025-07,treatment,0bcd01d816331727b1598306362a5449934f0982,30156.0,17.0,30.0,963.0,8.9,24.3,5704.0,5749.0,1010.0,1,2025-03,1,4.0,treatment,30155.0,16.0,0.0,870.0,8.9,24.3,5704.0,5337.0,886.0,both,1.0,1.0,False,1.0,1.0,False,30.0,30.0,False,93.0,93.0,False,0.0,0.0,True,0.0,0.0,True,0.0,0.0,True,412.0,412.0,False,124.0,124.0,False
DataScienceUIBK/Rankify,2025-08,treatment,8e604d0b889aff847e4a897a8d07bccb61fb3550,30093.0,17.0,30.0,952.0,8.0,25.3,5654.0,5723.0,999.0,1,2025-03,1,5.0,treatment,30092.0,16.0,0.0,859.0,8.0,25.3,5654.0,5311.0,875.0,both,1.0,1.0,False,1.0,1.0,False,30.0,30.0,False,93.0,93.0,False,0.0,0.0,True,0.0,0.0,True,0.0,0.0,True,412.0,412.0,False,124.0,124.0,False
Elevate-Code/better-voice-typing,2024-10,treatment,564b5339660fc620ca21e7e2a7b6cb507fea77cb,305.0,0.0,0.0,1.0,0.0,19.7,48.0,20.0,1.0,1,2024-10,1,0.0,treatment,305.0,0.0,0.0,1.0,0.0,19.7,48.0,20.0,1.0,both,0.0,0.0,True,0.0,0.0,True,0.0,0.0,True,0.0,0.0,True,0.0,0.0,True,0.0,0.0,True,0.0,0.0,True,0.0,0.0,True,0.0,0.0,True
Elevate-Code/better-voice-typing,2024-11,treatment,a58e01b461c249d902a0a38b44b278840cc0d3b8,1112.0,0.0,0.0,12.0,0.0,17.6,276.0,124.0,12.0,1,2024-10,1,1.0,treatment,1112.0,0.0,0.0,15.0,0.0,17.6,276.0,139.0,15.0,both,0.0,0.0,True,0.0,0.0,True,0.0,0.0,True,-3.0,3.0,False,0.0,0.0,True,0.0,0.0,True,0.0,0.0,True,-15.0,15.0,False,-3.0,3.0,False
Elevate-Code/better-voice-typing,2024-12,treatment,691e5ea7b6e251066e26fcb732477e5536324de5,1112.0,0.0,0.0,12.0,0.0,17.6,276.0,124.0,12.0,1,2024-10,1,2.0,treatment,1112.0,0.0,0.0,15.0,0.0,17.6,276.0,139.0,15.0,both,0.0,0.0,True,0.0,0.0,True,0.0,0.0,True,-3.0,3.0,False,0.0,0.0,True,0.0,0.0,True,0.0,0.0,True,-15.0,15.0,False,-3.0,3.0,False
Elevate-Code/better-voice-typing,2025-01,treatment,11a9aff4a987035c54db1819a6499b693fe22527,1122.0,0.0,0.0,12.0,0.0,17.7,278.0,124.0,12.0,1,2024-10,1,3.0,treatment,1122.0,0.0,0.0,15.0,0.0,17.7,278.0,139.0,15.0,both,0.0,0.0,True,0.0,0.0,True,0.0,0.0,True,-3.0,3.0,False,0.0,0.0,True,0.0,0.0,True,0.0,0.0,True,-15.0,15.0,False,-3.0,3.0,False
Elevate-Code/better-voice-typing,2025-02,treatment,4ad5bb35383da1aac343d657bee5678e600963f6,1161.0,0.0,0.0,12.0,0.0,17.3,278.0,124.0,12.0,1,2024-10,1,4.0,treatment,1161.0,0.0,0.0,15.0,0.0,17.3,278.0,139.0,15.0,both,0.0,0.0,True,0.0,0.0,True,0.0,0.0,True,-3.0,3.0,False,0.0,0.0,True,0.0,0.0,True,0.0,0.0,True,-15.0,15.0,False,-3.0,3.0,False
Elevate-Code/better-voice-typing,2025-03,treatment,2fb4137106d569616cdd58bd61a7b35acdd04ff1,1139.0,0.0,0.0,11.0,0.0,15.6,262.0,69.0,11.0,1,2024-10,1,5.0,treatment,1139.0,0.0,0.0,14.0,0.0,15.6,262.0,84.0,14.0,both,0.0,0.0,True,0.0,0.0,True,0.0,0.0,True,-3.0,3.0,False,0.0,0.0,True,0.0,0.0,True,0.0,0.0,True,-15.0,15.0,False,-3.0,3.0,False
Elevate-Code/better-voice-typing,2025-04,treatment,2fb4137106d569616cdd58bd61a7b35acdd04ff1,1139.0,0.0,0.0,11.0,0.0,15.6,262.0,69.0,11.0,1,2024-10,1,6.0,treatment,1139.0,0.0,0.0,14.0,0.0,15.6,262.0,84.0,14.0,both,0.0,0.0,True,0.0,0.0,True,0.0,0.0,True,-3.0,3.0,False,0.0,0.0,True,0.0,0.0,True,0.0,0.0,True,-15.0,15.0,False,-3.0,3.0,False
Elevate-Code/better-voice-typing,2025-05,treatment,2fb4137106d569616cdd58bd61a7b35acdd04ff1,1139.0,0.0,0.0,11.0,0.0,15.6,262.0,69.0,11.0,1,2024-10,1,7.0,treatment,1139.0,0.0,0.0,14.0,0.0,15.6,262.0,84.0,14.0,both,0.0,0.0,True,0.0,0.0,True,0.0,0.0,True,-3.0,3.0,False,0.0,0.0,True,0.0,0.0,True,0.0,0.0,True,-15.0,15.0,False,-3.0,3.0,False
Elevate-Code/better-voice-typing,2025-06,treatment,b2c1fb94b85d91156f3d63587812a0ff1b644e51,1555.0,0.0,0.0,21.0,0.0,20.4,337.0,119.0,21.0,1,2024-10,1,8.0,treatment,1555.0,0.0,0.0,18.0,0.0,20.4,337.0,104.0,18.0,both,0.0,0.0,True,0.0,0.0,True,0.0,0.0,True,3.0,3.0,False,0.0,0.0,True,0.0,0.0,True,0.0,0.0,True,15.0,15.0,False,3.0,3.0,False
Elevate-Code/better-voice-typing,2025-07,treatment,b346834d9ba6d8c69f92d86158cf2b8ee6b4084d,1691.0,0.0,0.0,23.0,0.0,20.8,364.0,129.0,23.0,1,2024-10,1,9.0,treatment,1691.0,0.0,0.0,19.0,0.0,20.8,364.0,109.0,19.0,both,0.0,0.0,True,0.0,0.0,True,0.0,0.0,True,4.0,4.0,False,0.0,0.0,True,0.0,0.0,True,0.0,0.0,True,20.0,20.0,False,4.0,4.0,False
Elevate-Code/better-voice-typing,2025-08,treatment,5233de084ce33a7b791b053561d57fc58fd81781,1824.0,0.0,0.0,28.0,0.0,21.4,413.0,164.0,28.0,,,,,,,,,,,,,,,left_only,,,False,,,False,,,False,,,False,,,False,,,False,,,False,,,False,,,False
Hankanman/Area-Occupancy-Detection,2024-11,treatment,6885f16d3e6247d30bdadd90b957bbad5bb60eeb,2055.0,1.0,0.0,22.0,0.0,12.0,336.0,161.0,23.0,0,2024-12,0,-1.0,treatment,2055.0,5.0,0.0,10.0,0.0,12.0,336.0,101.0,15.0,both,0.0,0.0,True,-4.0,4.0,False,0.0,0.0,True,12.0,12.0,False,0.0,0.0,True,0.0,0.0,True,0.0,0.0,True,60.0,60.0,False,8.0,8.0,False
Hankanman/Area-Occupancy-Detection,2024-12,treatment,7e137f74827455c32fa64b1d2e79fa73c95694d9,2764.0,1.0,0.0,39.0,0.0,11.2,230.0,207.0,40.0,1,2024-12,1,0.0,treatment,2764.0,9.0,0.0,7.0,0.0,11.2,230.0,47.0,16.0,both,0.0,0.0,True,-8.0,8.0,False,0.0,0.0,True,32.0,32.0,False,0.0,0.0,True,0.0,0.0,True,0.0,0.0,True,160.0,160.0,False,24.0,24.0,False
Hankanman/Area-Occupancy-Detection,2025-01,treatment,7e137f74827455c32fa64b1d2e79fa73c95694d9,2764.0,1.0,0.0,39.0,0.0,11.2,230.0,207.0,40.0,1,2024-12,1,1.0,treatment,2764.0,9.0,0.0,7.0,0.0,11.2,230.0,47.0,16.0,both,0.0,0.0,True,-8.0,8.0,False,0.0,0.0,True,32.0,32.0,False,0.0,0.0,True,0.0,0.0,True,0.0,0.0,True,160.0,160.0,False,24.0,24.0,False
Hankanman/Area-Occupancy-Detection,2025-02,treatment,f2fecb8f98eeea0475eaf694639998f0162ef62a,3280.0,2.0,0.0,38.0,0.0,11.4,246.0,203.0,40.0,1,2024-12,1,2.0,treatment,3280.0,4.0,0.0,5.0,0.0,11.4,246.0,33.0,9.0,both,0.0,0.0,True,-2.0,2.0,False,0.0,0.0,True,33.0,33.0,False,0.0,0.0,True,0.0,0.0,True,0.0,0.0,True,170.0,170.0,False,31.0,31.0,False
Hankanman/Area-Occupancy-Detection,2025-03,treatment,7c6e1b00e1163b66672f82dc43bbb05a4edeb355,3789.0,1.0,0.0,51.0,0.0,14.5,325.0,270.0,52.0,1,2024-12,1,3.0,treatment,3280.0,4.0,0.0,5.0,0.0,11.4,246.0,33.0,9.0,both,509.0,509.0,False,-3.0,3.0,False,0.0,0.0,True,46.0,46.0,False,0.0,0.0,True,3.0999999999999996,3.0999999999999996,False,79.0,79.0,False,237.0,237.0,False,43.0,43.0,False
Hankanman/Area-Occupancy-Detection,2025-04,treatment,00170790d87bf4c96a152db012307fcf2f96d907,7639.0,0.0,0.0,50.0,1.4,21.6,650.0,314.0,50.0,1,2024-12,1,4.0,treatment,7639.0,32.0,0.0,20.0,1.4,21.6,650.0,174.0,52.0,both,0.0,0.0,True,-32.0,32.0,False,0.0,0.0,True,30.0,30.0,False,0.0,0.0,True,0.0,0.0,True,0.0,0.0,True,140.0,140.0,False,-2.0,2.0,False
Hankanman/Area-Occupancy-Detection,2025-05,treatment,e9376dba4dacbd5768081e174a2fd06c612e195b,7697.0,0.0,0.0,49.0,1.8,21.0,707.0,318.0,49.0,1,2024-12,1,5.0,treatment,7697.0,30.0,0.0,25.0,1.8,21.0,707.0,213.0,55.0,both,0.0,0.0,True,-30.0,30.0,False,0.0,0.0,True,24.0,24.0,False,0.0,0.0,True,0.0,0.0,True,0.0,0.0,True,105.0,105.0,False,-6.0,6.0,False
Hankanman/Area-Occupancy-Detection,2025-06,treatment,f58755cc8f73b85fb26ebf5e1b94c4a542457636,12817.0,5.0,0.0,62.0,1.3,17.5,708.0,453.0,67.0,1,2024-12,1,6.0,treatment,12817.0,236.0,0.0,45.0,1.3,17.5,708.0,442.0,281.0,both,0.0,0.0,True,-231.0,231.0,False,0.0,0.0,True,17.0,17.0,False,0.0,0.0,True,0.0,0.0,True,0.0,0.0,True,11.0,11.0,False,-214.0,214.0,False
Hankanman/Area-Occupancy-Detection,2025-07,treatment,0d02b4e4a8a0ab050ac2516d063354f9306cc0b4,14210.0,5.0,0.0,80.0,2.8,17.3,796.0,476.0,85.0,1,2024-12,1,7.0,treatment,14210.0,235.0,0.0,51.0,2.8,17.3,796.0,435.0,286.0,both,0.0,0.0,True,-230.0,230.0,False,0.0,0.0,True,29.0,29.0,False,0.0,0.0,True,0.0,0.0,True,0.0,0.0,True,41.0,41.0,False,-201.0,201.0,False
Hankanman/Area-Occupancy-Detection,2025-08,treatment,e59ebed0b7f06287d1e5daab27d7fa9786a6fdc4,12891.0,11.0,0.0,119.0,0.7,15.6,1012.0,713.0,130.0,1,2024-12,1,8.0,treatment,12472.0,74.0,0.0,59.0,0.8,15.2,891.0,485.0,133.0,both,419.0,419.0,False,-63.0,63.0,False,0.0,0.0,True,60.0,60.0,False,-0.10000000000000009,0.10000000000000009,False,0.40000000000000036,0.40000000000000036,False,121.0,121.0,False,228.0,228.0,False,-3.0,3.0,False
Kiln-AI/Kiln,2024-08,treatment,003cb0935ee0a1fdd94258344d5d6246e4bbcc39,1021.0,1.0,0.0,14.0,0.0,7.9,84.0,12.0,15.0,0,2025-01,0,-5.0,treatment,1021.0,2.0,0.0,19.0,0.0,7.9,84.0,17.0,21.0,both,0.0,0.0,True,-1.0,1.0,False,0.0,0.0,True,-5.0,5.0,False,0.0,0.0,True,0.0,0.0,True,0.0,0.0,True,-5.0,5.0,False,-6.0,6.0,False
Kiln-AI/Kiln,2024-09,treatment,bf9e65a4268090cb17f0bc55759d397114c411f0,2763.0,2.0,0.0,30.0,0.0,8.3,262.0,49.0,32.0,0,2025-01,0,-4.0,treatment,2763.0,1.0,0.0,50.0,0.0,8.3,262.0,109.0,51.0,both,0.0,0.0,True,1.0,1.0,False,0.0,0.0,True,-20.0,20.0,False,0.0,0.0,True,0.0,0.0,True,0.0,0.0,True,-60.0,60.0,False,-19.0,19.0,False
Kiln-AI/Kiln,2024-10,treatment,8f605e1872b0a323d7bcf48be7e84528eb5d4680,7954.0,6.0,0.0,74.0,1.2,9.7,597.0,338.0,80.0,0,2025-01,0,-3.0,treatment,7954.0,4.0,0.0,65.0,1.2,9.7,597.0,261.0,69.0,both,0.0,0.0,True,2.0,2.0,False,0.0,0.0,True,9.0,9.0,False,0.0,0.0,True,0.0,0.0,True,0.0,0.0,True,77.0,77.0,False,11.0,11.0,False
Kiln-AI/Kiln,2024-11,treatment,46cbfac54080ec7c17303d22ac3ab04f9fc11ca3,12971.0,8.0,0.0,94.0,0.8,9.4,856.0,525.0,102.0,0,2025-01,0,-2.0,treatment,12971.0,5.0,0.0,69.0,0.8,9.4,856.0,381.0,74.0,both,0.0,0.0,True,3.0,3.0,False,0.0,0.0,True,25.0,25.0,False,0.0,0.0,True,0.0,0.0,True,0.0,0.0,True,144.0,144.0,False,28.0,28.0,False
Kiln-AI/Kiln,2024-12,treatment,f23f125dc468860999abeebe36c2b7c8a8ff5033,16617.0,14.0,0.0,102.0,0.9,9.2,1103.0,648.0,116.0,0,2025-01,0,-1.0,treatment,16617.0,18.0,0.0,76.0,0.9,9.2,1103.0,491.0,94.0,both,0.0,0.0,True,-4.0,4.0,False,0.0,0.0,True,26.0,26.0,False,0.0,0.0,True,0.0,0.0,True,0.0,0.0,True,157.0,157.0,False,22.0,22.0,False
Kiln-AI/Kiln,2025-01,treatment,f9c319fcb18c8e99ee60ab3c63af64aef9d76587,18135.0,18.0,0.0,111.0,0.8,9.5,1195.0,702.0,129.0,1,2025-01,1,0.0,treatment,18135.0,22.0,0.0,88.0,0.8,9.5,1195.0,560.0,110.0,both,0.0,0.0,True,-4.0,4.0,False,0.0,0.0,True,23.0,23.0,False,0.0,0.0,True,0.0,0.0,True,0.0,0.0,True,142.0,142.0,False,19.0,19.0,False
Kiln-AI/Kiln,2025-02,treatment,19d3c934771e762e031503d6a69625560bb990d4,25165.0,14.0,0.0,157.0,0.6,9.8,1708.0,1034.0,171.0,1,2025-01,1,1.0,treatment,25165.0,59.0,0.0,152.0,0.6,9.8,1708.0,953.0,211.0,both,0.0,0.0,True,-45.0,45.0,False,0.0,0.0,True,5.0,5.0,False,0.0,0.0,True,0.0,0.0,True,0.0,0.0,True,81.0,81.0,False,-40.0,40.0,False
Kiln-AI/Kiln,2025-03,treatment,3ffe3c317febc7255c5bb8502c3e87839b3b3b43,28044.0,22.0,0.0,170.0,0.7,10.0,1822.0,1103.0,192.0,1,2025-01,1,2.0,treatment,28044.0,61.0,0.0,152.0,0.7,10.0,1822.0,963.0,213.0,both,0.0,0.0,True,-39.0,39.0,False,0.0,0.0,True,18.0,18.0,False,0.0,0.0,True,0.0,0.0,True,0.0,0.0,True,140.0,140.0,False,-21.0,21.0,False
Kiln-AI/Kiln,2025-04,treatment,39423a96b59cba8c650cf807d6cfd7472e59ac38,29931.0,22.0,0.0,180.0,0.6,10.0,1935.0,1289.0,202.0,1,2025-01,1,3.0,treatment,29931.0,61.0,0.0,163.0,0.6,10.0,1935.0,1055.0,224.0,both,0.0,0.0,True,-39.0,39.0,False,0.0,0.0,True,17.0,17.0,False,0.0,0.0,True,0.0,0.0,True,0.0,0.0,True,234.0,234.0,False,-22.0,22.0,False
Kiln-AI/Kiln,2025-05,treatment,2e335295e5b45762838ecebd9a09dcbdb70f3c35,33712.0,22.0,0.0,197.0,0.9,10.1,2221.0,1444.0,219.0,1,2025-01,1,4.0,treatment,33712.0,64.0,0.0,177.0,0.9,10.1,2221.0,1273.0,241.0,both,0.0,0.0,True,-42.0,42.0,False,0.0,0.0,True,20.0,20.0,False,0.0,0.0,True,0.0,0.0,True,0.0,0.0,True,171.0,171.0,False,-22.0,22.0,False
Kiln-AI/Kiln,2025-06,treatment,d1b131ca42c7ebb995731d63754a8829e72f0bd2,35833.0,22.0,0.0,204.0,1.1,10.2,2414.0,1562.0,226.0,1,2025-01,1,5.0,treatment,35833.0,97.0,0.0,185.0,1.1,10.2,2414.0,1397.0,282.0,both,0.0,0.0,True,-75.0,75.0,False,0.0,0.0,True,19.0,19.0,False,0.0,0.0,True,0.0,0.0,True,0.0,0.0,True,165.0,165.0,False,-56.0,56.0,False
Kiln-AI/Kiln,2025-07,treatment,f829026e6c9b974636554b85ad973b4f074d3c96,39255.0,22.0,0.0,203.0,1.3,10.0,2550.0,1585.0,225.0,1,2025-01,1,6.0,treatment,39255.0,99.0,0.0,169.0,1.3,10.0,2550.0,1396.0,268.0,both,0.0,0.0,True,-77.0,77.0,False,0.0,0.0,True,34.0,34.0,False,0.0,0.0,True,0.0,0.0,True,0.0,0.0,True,189.0,189.0,False,-43.0,43.0,False
Kiln-AI/Kiln,2025-08,treatment,315777c3f26303453773d154dbe9c11533c7615f,41656.0,24.0,0.0,205.0,1.5,10.0,2628.0,1602.0,229.0,1,2025-01,1,7.0,treatment,41656.0,99.0,0.0,170.0,1.5,10.0,2628.0,1408.0,269.0,both,0.0,0.0,True,-75.0,75.0,False,0.0,0.0,True,35.0,35.0,False,0.0,0.0,True,0.0,0.0,True,0.0,0.0,True,194.0,194.0,False,-40.0,40.0,False
KroMiose/nekro-agent,2024-07,treatment,348a85df3e501954ecc2b43aef91a30f841ed680,2163.0,0.0,1.0,69.0,0.0,15.3,308.0,389.0,70.0,0,2025-01,0,-6.0,treatment,2132.0,0.0,0.0,35.0,0.0,15.1,308.0,240.0,35.0,both,31.0,31.0,False,0.0,0.0,True,1.0,1.0,False,34.0,34.0,False,0.0,0.0,True,0.20000000000000107,0.20000000000000107,False,0.0,0.0,True,149.0,149.0,False,35.0,35.0,False
KroMiose/nekro-agent,2024-08,treatment,2e099e67991eb9c4bab9506c7ec34b0f1c3cb8ea,2622.0,5.0,1.0,116.0,0.0,14.7,425.0,672.0,122.0,0,2025-01,0,-5.0,treatment,2583.0,0.0,0.0,79.0,0.0,14.5,425.0,508.0,79.0,both,39.0,39.0,False,5.0,5.0,False,1.0,1.0,False,37.0,37.0,False,0.0,0.0,True,0.1999999999999993,0.1999999999999993,False,0.0,0.0,True,164.0,164.0,False,43.0,43.0,False
KroMiose/nekro-agent,2024-09,treatment,ada6a769454ba9221c16029ee37df6b675fd9302,3476.0,5.0,1.0,145.0,0.0,14.3,541.0,903.0,151.0,0,2025-01,0,-4.0,treatment,3435.0,0.0,0.0,103.0,0.0,14.1,541.0,714.0,103.0,both,41.0,41.0,False,5.0,5.0,False,1.0,1.0,False,42.0,42.0,False,0.0,0.0,True,0.20000000000000107,0.20000000000000107,False,0.0,0.0,True,189.0,189.0,False,48.0,48.0,False
KroMiose/nekro-agent,2024-10,treatment,eb4640166ccb8256b3b96c7cd15f7a34a6812f60,3640.0,6.0,1.0,150.0,0.0,13.8,634.0,1014.0,157.0,0,2025-01,0,-3.0,treatment,3599.0,1.0,0.0,107.0,0.0,13.6,634.0,820.0,108.0,both,41.0,41.0,False,5.0,5.0,False,1.0,1.0,False,43.0,43.0,False,0.0,0.0,True,0.20000000000000107,0.20000000000000107,False,0.0,0.0,True,194.0,194.0,False,49.0,49.0,False
KroMiose/nekro-agent,2024-11,treatment,f40ec329b0d37ca7d1c4fabb60b311c6b05e6904,3701.0,6.0,1.0,152.0,0.0,14.3,664.0,1053.0,159.0,0,2025-01,0,-2.0,treatment,3657.0,1.0,0.0,109.0,0.0,14.0,664.0,859.0,110.0,both,44.0,44.0,False,5.0,5.0,False,1.0,1.0,False,43.0,43.0,False,0.0,0.0,True,0.3000000000000007,0.3000000000000007,False,0.0,0.0,True,194.0,194.0,False,49.0,49.0,False
KroMiose/nekro-agent,2024-12,treatment,30ea537a8f83516b8c9e45f0443defda81ee7bda,4771.0,5.0,1.0,161.0,0.0,16.0,862.0,1079.0,167.0,0,2025-01,0,-1.0,treatment,4727.0,0.0,0.0,117.0,0.0,15.9,862.0,880.0,117.0,both,44.0,44.0,False,5.0,5.0,False,1.0,1.0,False,44.0,44.0,False,0.0,0.0,True,0.09999999999999964,0.09999999999999964,False,0.0,0.0,True,199.0,199.0,False,50.0,50.0,False
KroMiose/nekro-agent,2025-01,treatment,0dddb329bcbcd7893076ca1f26529387a2995f8d,9617.0,9.0,2.0,248.0,0.3,11.4,1403.0,1630.0,259.0,1,2025-01,1,0.0,treatment,9548.0,1.0,0.0,159.0,0.3,11.2,1403.0,1229.0,160.0,both,69.0,69.0,False,8.0,8.0,False,2.0,2.0,False,89.0,89.0,False,0.0,0.0,True,0.20000000000000107,0.20000000000000107,False,0.0,0.0,True,401.0,401.0,False,99.0,99.0,False
KroMiose/nekro-agent,2025-02,treatment,5a8b6c1815b940ab9821be0682b8117b71fc50fe,17939.0,12.0,4.0,393.0,1.9,11.3,2256.0,2545.0,409.0,1,2025-01,1,1.0,treatment,17859.0,3.0,0.0,232.0,1.9,11.2,2256.0,1872.0,235.0,both,80.0,80.0,False,9.0,9.0,False,4.0,4.0,False,161.0,161.0,False,0.0,0.0,True,0.10000000000000142,0.10000000000000142,False,0.0,0.0,True,673.0,673.0,False,174.0,174.0,False
KroMiose/nekro-agent,2025-03,treatment,d0c8b4743f456b9fabef664d3b5942e2ea77fb75,18220.0,13.0,4.0,399.0,1.9,11.7,2291.0,2542.0,416.0,1,2025-01,1,2.0,treatment,18140.0,3.0,0.0,238.0,1.9,11.6,2291.0,1869.0,241.0,both,80.0,80.0,False,10.0,10.0,False,4.0,4.0,False,161.0,161.0,False,0.0,0.0,True,0.09999999999999964,0.09999999999999964,False,0.0,0.0,True,673.0,673.0,False,175.0,175.0,False
KroMiose/nekro-agent,2025-04,treatment,c628a8a9fff13795c163ef97cda5b6a3144b2062,28100.0,12.0,4.0,563.0,3.4,12.5,3719.0,3686.0,579.0,1,2025-01,1,3.0,treatment,28021.0,2.0,0.0,355.0,3.4,12.5,3719.0,2811.0,357.0,both,79.0,79.0,False,10.0,10.0,False,4.0,4.0,False,208.0,208.0,False,0.0,0.0,True,0.0,0.0,True,0.0,0.0,True,875.0,875.0,False,222.0,222.0,False
KroMiose/nekro-agent,2025-05,treatment,042d1ff54c527988693b2f18eb6d42c1224d4d16,40334.0,22.0,6.0,857.0,5.7,11.2,5854.0,5830.0,885.0,1,2025-01,1,4.0,treatment,40244.0,11.0,0.0,558.0,5.7,11.2,5854.0,4586.0,569.0,both,90.0,90.0,False,11.0,11.0,False,6.0,6.0,False,299.0,299.0,False,0.0,0.0,True,0.0,0.0,True,0.0,0.0,True,1244.0,1244.0,False,316.0,316.0,False
KroMiose/nekro-agent,2025-06,treatment,6b4ea2a856abd9f496ccab2646ac42f7abf16854,48084.0,26.0,5.0,941.0,4.7,13.7,7061.0,6516.0,972.0,1,2025-01,1,5.0,treatment,47994.0,11.0,0.0,611.0,4.7,13.7,7061.0,5077.0,622.0,both,90.0,90.0,False,15.0,15.0,False,5.0,5.0,False,330.0,330.0,False,0.0,0.0,True,0.0,0.0,True,0.0,0.0,True,1439.0,1439.0,False,350.0,350.0,False
KroMiose/nekro-agent,2025-07,treatment,4734ce73a8a08b2296d1c97ba431ac4dff468cb1,51619.0,34.0,5.0,1017.0,4.6,14.2,7825.0,7169.0,1056.0,1,2025-01,1,6.0,treatment,51529.0,11.0,0.0,666.0,4.6,14.1,7825.0,5605.0,677.0,both,90.0,90.0,False,23.0,23.0,False,5.0,5.0,False,351.0,351.0,False,0.0,0.0,True,0.09999999999999964,0.09999999999999964,False,0.0,0.0,True,1564.0,1564.0,False,379.0,379.0,False
KroMiose/nekro-agent,2025-08,treatment,d4d687ca32e2906fbb219d3a1aa0018ae7554480,52284.0,35.0,5.0,1005.0,4.5,14.2,7942.0,7206.0,1045.0,1,2025-01,1,7.0,treatment,52194.0,13.0,0.0,655.0,4.5,14.1,7942.0,5652.0,668.0,both,90.0,90.0,False,22.0,22.0,False,5.0,5.0,False,350.0,350.0,False,0.0,0.0,True,0.09999999999999964,0.09999999999999964,False,0.0,0.0,True,1554.0,1554.0,False,377.0,377.0,False
LearningCircuit/local-deep-research,2025-02,treatment,fd04ea7956044131903c5d9917c7b64fe285d878,3539.0,0.0,8.0,102.0,1.5,11.4,829.0,837.0,110.0,0,2025-03,0,-1.0,treatment,3513.0,0.0,1.0,56.0,1.5,11.4,829.0,597.0,57.0,both,26.0,26.0,False,0.0,0.0,True,7.0,7.0,False,46.0,46.0,False,0.0,0.0,True,0.0,0.0,True,0.0,0.0,True,240.0,240.0,False,53.0,53.0,False
LearningCircuit/local-deep-research,2025-03,treatment,534b12017b9b8db8d6831f3dbd4d4588ddbffe86,15051.0,9.0,16.0,415.0,2.2,20.9,2956.0,2778.0,440.0,1,2025-03,1,0.0,treatment,12126.0,12.0,0.0,223.0,1.6,22.4,3414.0,2318.0,235.0,both,2925.0,2925.0,False,-3.0,3.0,False,16.0,16.0,False,192.0,192.0,False,0.6000000000000001,0.6000000000000001,False,-1.5,1.5,False,-458.0,458.0,False,460.0,460.0,False,205.0,205.0,False
LearningCircuit/local-deep-research,2025-04,treatment,3c52fac5a154ac340d8e9bc9180fd916540d070b,19287.0,10.0,8.0,513.0,1.3,21.6,3865.0,3733.0,531.0,0,2025-03,0,1.0,treatment,19291.0,6.0,1.0,195.0,1.8,21.6,3865.0,2470.0,202.0,both,-4.0,4.0,False,4.0,4.0,False,7.0,7.0,False,318.0,318.0,False,-0.5,0.5,False,0.0,0.0,True,0.0,0.0,True,1263.0,1263.0,False,329.0,329.0,False
LearningCircuit/local-deep-research,2025-05,treatment,59767f6f15c60ce02993c67edd97c95c0c762549,29152.0,14.0,8.0,556.0,2.6,23.8,5159.0,4264.0,578.0,0,2025-03,0,2.0,treatment,29156.0,11.0,1.0,259.0,3.2,23.8,5159.0,3147.0,271.0,both,-4.0,4.0,False,3.0,3.0,False,7.0,7.0,False,297.0,297.0,False,-0.6000000000000001,0.6000000000000001,False,0.0,0.0,True,0.0,0.0,True,1117.0,1117.0,False,307.0,307.0,False
LearningCircuit/local-deep-research,2025-06,treatment,a725bf4b3944d348c441777ba758de442bc7015e,91227.0,26.0,51.0,1148.0,3.0,18.3,13319.0,10116.0,1225.0,0,2025-03,0,3.0,treatment,91226.0,54.0,2.0,712.0,3.3,18.3,13319.0,7288.0,768.0,both,1.0,1.0,False,-28.0,28.0,False,49.0,49.0,False,436.0,436.0,False,-0.2999999999999998,0.2999999999999998,False,0.0,0.0,True,0.0,0.0,True,2828.0,2828.0,False,457.0,457.0,False
LearningCircuit/local-deep-research,2025-07,treatment,de91a597f2851a551ec95f969e64d20910db8869,126057.0,23.0,57.0,1537.0,3.6,18.1,18439.0,14760.0,1617.0,0,2025-03,0,4.0,treatment,126063.0,76.0,2.0,955.0,3.8,18.1,18439.0,9705.0,1033.0,both,-6.0,6.0,False,-53.0,53.0,False,55.0,55.0,False,582.0,582.0,False,-0.19999999999999973,0.19999999999999973,False,0.0,0.0,True,0.0,0.0,True,5055.0,5055.0,False,584.0,584.0,False
LearningCircuit/local-deep-research,2025-08,treatment,7b8114f313911b4fb080943cab20026940c092b3,137434.0,26.0,29.0,1551.0,3.6,18.1,19606.0,15120.0,1606.0,0,2025-03,0,5.0,treatment,137472.0,84.0,3.0,915.0,3.8,18.1,19606.0,9777.0,1002.0,both,-38.0,38.0,False,-58.0,58.0,False,26.0,26.0,False,636.0,636.0,False,-0.19999999999999973,0.19999999999999973,False,0.0,0.0,True,0.0,0.0,True,5343.0,5343.0,False,604.0,604.0,False
MDGrey33/pyvisionai,2024-11,treatment,5de5bb849743946bd1d9c9e952553c9169c80763,298.0,0.0,0.0,5.0,0.0,8.0,56.0,51.0,5.0,0,2025-01,0,-2.0,treatment,298.0,0.0,0.0,5.0,0.0,8.0,56.0,51.0,5.0,both,0.0,0.0,True,0.0,0.0,True,0.0,0.0,True,0.0,0.0,True,0.0,0.0,True,0.0,0.0,True,0.0,0.0,True,0.0,0.0,True,0.0,0.0,True
MDGrey33/pyvisionai,2024-12,treatment,5a152034b3e647e846b4194403e26ab8938d38dc,424.0,0.0,0.0,4.0,0.0,20.0,69.0,27.0,4.0,0,2025-01,0,-1.0,treatment,424.0,0.0,0.0,4.0,0.0,20.0,69.0,27.0,4.0,both,0.0,0.0,True,0.0,0.0,True,0.0,0.0,True,0.0,0.0,True,0.0,0.0,True,0.0,0.0,True,0.0,0.0,True,0.0,0.0,True,0.0,0.0,True
MDGrey33/pyvisionai,2025-01,treatment,d8734a74c827d45abd29ea748b738afb2499b512,4061.0,4.0,0.0,28.0,3.6,19.7,368.0,174.0,32.0,1,2025-01,1,0.0,treatment,4061.0,4.0,0.0,25.0,3.6,19.7,368.0,158.0,29.0,both,0.0,0.0,True,0.0,0.0,True,0.0,0.0,True,3.0,3.0,False,0.0,0.0,True,0.0,0.0,True,0.0,0.0,True,16.0,16.0,False,3.0,3.0,False
MDGrey33/pyvisionai,2025-02,treatment,da23f86e12e6576f5f65bf39f32f424896d853b3,5101.0,4.0,0.0,31.0,4.4,19.1,457.0,184.0,35.0,1,2025-01,1,1.0,treatment,5101.0,7.0,0.0,27.0,4.4,19.1,457.0,163.0,34.0,both,0.0,0.0,True,-3.0,3.0,False,0.0,0.0,True,4.0,4.0,False,0.0,0.0,True,0.0,0.0,True,0.0,0.0,True,21.0,21.0,False,1.0,1.0,False
MDGrey33/pyvisionai,2025-03,treatment,da23f86e12e6576f5f65bf39f32f424896d853b3,5101.0,4.0,0.0,31.0,4.4,19.1,457.0,184.0,35.0,1,2025-01,1,2.0,treatment,5101.0,7.0,0.0,27.0,4.4,19.1,457.0,163.0,34.0,both,0.0,0.0,True,-3.0,3.0,False,0.0,0.0,True,4.0,4.0,False,0.0,0.0,True,0.0,0.0,True,0.0,0.0,True,21.0,21.0,False,1.0,1.0,False
MDGrey33/pyvisionai,2025-04,treatment,da23f86e12e6576f5f65bf39f32f424896d853b3,5101.0,4.0,0.0,31.0,4.4,19.1,457.0,184.0,35.0,1,2025-01,1,3.0,treatment,5101.0,7.0,0.0,27.0,4.4,19.1,457.0,163.0,34.0,both,0.0,0.0,True,-3.0,3.0,False,0.0,0.0,True,4.0,4.0,False,0.0,0.0,True,0.0,0.0,True,0.0,0.0,True,21.0,21.0,False,1.0,1.0,False
MDGrey33/pyvisionai,2025-05,treatment,da23f86e12e6576f5f65bf39f32f424896d853b3,5101.0,4.0,0.0,31.0,4.4,19.1,457.0,184.0,35.0,1,2025-01,1,4.0,treatment,5101.0,7.0,0.0,27.0,4.4,19.1,457.0,163.0,34.0,both,0.0,0.0,True,-3.0,3.0,False,0.0,0.0,True,4.0,4.0,False,0.0,0.0,True,0.0,0.0,True,0.0,0.0,True,21.0,21.0,False,1.0,1.0,False
MDGrey33/pyvisionai,2025-06,treatment,e01328ba91c79b2139aafd17c85cc26f6753fa89,6155.0,5.0,0.0,62.0,2.9,18.4,538.0,348.0,67.0,1,2025-01,1,5.0,treatment,6155.0,7.0,0.0,36.0,2.9,18.4,538.0,220.0,43.0,both,0.0,0.0,True,-2.0,2.0,False,0.0,0.0,True,26.0,26.0,False,0.0,0.0,True,0.0,0.0,True,0.0,0.0,True,128.0,128.0,False,24.0,24.0,False
MDGrey33/pyvisionai,2025-07,treatment,cc125c05100115df578cbcdf0da4e57778e423aa,7129.0,7.0,0.0,77.0,2.5,18.5,671.0,433.0,84.0,1,2025-01,1,6.0,treatment,7129.0,7.0,0.0,44.0,2.5,18.5,671.0,270.0,51.0,both,0.0,0.0,True,0.0,0.0,True,0.0,0.0,True,33.0,33.0,False,0.0,0.0,True,0.0,0.0,True,0.0,0.0,True,163.0,163.0,False,33.0,33.0,False
MDGrey33/pyvisionai,2025-08,treatment,cc125c05100115df578cbcdf0da4e57778e423aa,7129.0,7.0,0.0,77.0,2.5,18.5,671.0,433.0,84.0,,,,,,,,,,,,,,,left_only,,,False,,,False,,,False,,,False,,,False,,,False,,,False,,,False,,,False
Mineru98/mysql-mcp-server,2025-03,treatment,e183dda6defcde596631e6cf1d5764c988a043f2,2043.0,0.0,12.0,19.0,7.1,6.9,136.0,150.0,31.0,1,2025-03,1,0.0,treatment,2043.0,0.0,0.0,19.0,7.1,6.9,136.0,154.0,19.0,both,0.0,0.0,True,0.0,0.0,True,12.0,12.0,False,0.0,0.0,True,0.0,0.0,True,0.0,0.0,True,0.0,0.0,True,-4.0,4.0,False,12.0,12.0,False
Mineru98/mysql-mcp-server,2025-04,treatment,e183dda6defcde596631e6cf1d5764c988a043f2,2043.0,0.0,12.0,19.0,7.1,6.9,136.0,150.0,31.0,,,,,,,,,,,,,,,left_only,,,False,,,False,,,False,,,False,,,False,,,False,,,False,,,False,,,False
Mineru98/mysql-mcp-server,2025-05,treatment,e183dda6defcde596631e6cf1d5764c988a043f2,2043.0,0.0,12.0,19.0,7.1,6.9,136.0,150.0,31.0,,,,,,,,,,,,,,,left_only,,,False,,,False,,,False,,,False,,,False,,,False,,,False,,,False,,,False
Mineru98/mysql-mcp-server,2025-06,treatment,e183dda6defcde596631e6cf1d5764c988a043f2,2043.0,0.0,12.0,19.0,7.1,6.9,136.0,150.0,31.0,,,,,,,,,,,,,,,left_only,,,False,,,False,,,False,,,False,,,False,,,False,,,False,,,False,,,False
Mineru98/mysql-mcp-server,2025-07,treatment,e183dda6defcde596631e6cf1d5764c988a043f2,2043.0,0.0,12.0,19.0,7.1,6.9,136.0,150.0,31.0,,,,,,,,,,,,,,,left_only,,,False,,,False,,,False,,,False,,,False,,,False,,,False,,,False,,,False
Mineru98/mysql-mcp-server,2025-08,treatment,e183dda6defcde596631e6cf1d5764c988a043f2,2043.0,0.0,12.0,19.0,7.1,6.9,136.0,150.0,31.0,,,,,,,,,,,,,,,left_only,,,False,,,False,,,False,,,False,,,False,,,False,,,False,,,False,,,False
Multi-V-VM/MVVM,2024-01,treatment,d6aacc68676c35fd30d38faa331108e95b9b4a46,1636.0,0.0,0.0,26.0,5.7,5.4,169.0,133.0,26.0,0,2025-03,0,-14.0,treatment,1620.0,2.0,0.0,44.0,5.7,5.4,169.0,194.0,46.0,both,16.0,16.0,False,-2.0,2.0,False,0.0,0.0,True,-18.0,18.0,False,0.0,0.0,True,0.0,0.0,True,0.0,0.0,True,-61.0,61.0,False,-20.0,20.0,False
Multi-V-VM/MVVM,2024-02,treatment,dd3d951795c16fe44ab1a74c8dff9e10c26c3541,3629.0,0.0,1.0,149.0,60.8,7.0,718.0,1126.0,150.0,0,2025-03,0,-13.0,treatment,2467.0,0.0,0.0,87.0,37.3,8.3,386.0,711.0,87.0,both,1162.0,1162.0,False,0.0,0.0,True,1.0,1.0,False,62.0,62.0,False,23.5,23.5,False,-1.3000000000000007,1.3000000000000007,False,332.0,332.0,False,415.0,415.0,False,63.0,63.0,False
Multi-V-VM/MVVM,2024-03,treatment,7a58ca9df60eef3c2dd949d40fd44473a0a3d688,4911.0,0.0,2.0,230.0,51.7,8.5,1033.0,1622.0,232.0,0,2025-03,0,-12.0,treatment,4894.0,0.0,0.0,212.0,51.9,8.5,1033.0,1541.0,212.0,both,17.0,17.0,False,0.0,0.0,True,2.0,2.0,False,18.0,18.0,False,-0.19999999999999574,0.19999999999999574,False,0.0,0.0,True,0.0,0.0,True,81.0,81.0,False,20.0,20.0,False
Multi-V-VM/MVVM,2024-04,treatment,36d59d5d58626a1577b474aca355cc73ce931e23,5648.0,0.0,2.0,291.0,37.9,9.9,1234.0,2073.0,293.0,0,2025-03,0,-11.0,treatment,5630.0,0.0,0.0,274.0,38.0,10.0,1234.0,1994.0,274.0,both,18.0,18.0,False,0.0,0.0,True,2.0,2.0,False,17.0,17.0,False,-0.10000000000000142,0.10000000000000142,False,-0.09999999999999964,0.09999999999999964,False,0.0,0.0,True,79.0,79.0,False,19.0,19.0,False
Multi-V-VM/MVVM,2024-05,treatment,5cbd8c8fc5ff9509d0df1d014fba4bf8bcdb9acf,5911.0,8.0,4.0,346.0,39.5,15.2,1211.0,2206.0,358.0,0,2025-03,0,-10.0,treatment,5894.0,8.0,0.0,321.0,39.7,15.2,1211.0,2120.0,329.0,both,17.0,17.0,False,0.0,0.0,True,4.0,4.0,False,25.0,25.0,False,-0.20000000000000284,0.20000000000000284,False,0.0,0.0,True,0.0,0.0,True,86.0,86.0,False,29.0,29.0,False
Multi-V-VM/MVVM,2024-06,treatment,5cbd8c8fc5ff9509d0df1d014fba4bf8bcdb9acf,5911.0,8.0,4.0,346.0,39.5,15.2,1211.0,2206.0,358.0,0,2025-03,0,-9.0,treatment,5894.0,8.0,0.0,321.0,39.7,15.2,1211.0,2120.0,329.0,both,17.0,17.0,False,0.0,0.0,True,4.0,4.0,False,25.0,25.0,False,-0.20000000000000284,0.20000000000000284,False,0.0,0.0,True,0.0,0.0,True,86.0,86.0,False,29.0,29.0,False
Multi-V-VM/MVVM,2024-07,treatment,5cbd8c8fc5ff9509d0df1d014fba4bf8bcdb9acf,5911.0,8.0,4.0,346.0,39.5,15.2,1211.0,2206.0,358.0,0,2025-03,0,-8.0,treatment,5894.0,8.0,0.0,321.0,39.7,15.2,1211.0,2120.0,329.0,both,17.0,17.0,False,0.0,0.0,True,4.0,4.0,False,25.0,25.0,False,-0.20000000000000284,0.20000000000000284,False,0.0,0.0,True,0.0,0.0,True,86.0,86.0,False,29.0,29.0,False
Multi-V-VM/MVVM,2024-08,treatment,5cbd8c8fc5ff9509d0df1d014fba4bf8bcdb9acf,5911.0,8.0,4.0,346.0,39.5,15.2,1211.0,2206.0,358.0,0,2025-03,0,-7.0,treatment,5894.0,8.0,0.0,321.0,39.7,15.2,1211.0,2120.0,329.0,both,17.0,17.0,False,0.0,0.0,True,4.0,4.0,False,25.0,25.0,False,-0.20000000000000284,0.20000000000000284,False,0.0,0.0,True,0.0,0.0,True,86.0,86.0,False,29.0,29.0,False
Multi-V-VM/MVVM,2024-09,treatment,5cbd8c8fc5ff9509d0df1d014fba4bf8bcdb9acf,5911.0,8.0,4.0,346.0,39.5,15.2,1211.0,2206.0,358.0,0,2025-03,0,-6.0,treatment,5894.0,8.0,0.0,321.0,39.7,15.2,1211.0,2120.0,329.0,both,17.0,17.0,False,0.0,0.0,True,4.0,4.0,False,25.0,25.0,False,-0.20000000000000284,0.20000000000000284,False,0.0,0.0,True,0.0,0.0,True,86.0,86.0,False,29.0,29.0,False
Multi-V-VM/MVVM,2024-10,treatment,5cbd8c8fc5ff9509d0df1d014fba4bf8bcdb9acf,5911.0,8.0,4.0,346.0,39.5,15.2,1211.0,2206.0,358.0,0,2025-03,0,-5.0,treatment,5894.0,8.0,0.0,321.0,39.7,15.2,1211.0,2120.0,329.0,both,17.0,17.0,False,0.0,0.0,True,4.0,4.0,False,25.0,25.0,False,-0.20000000000000284,0.20000000000000284,False,0.0,0.0,True,0.0,0.0,True,86.0,86.0,False,29.0,29.0,False
Multi-V-VM/MVVM,2024-11,treatment,5cbd8c8fc5ff9509d0df1d014fba4bf8bcdb9acf,5911.0,8.0,4.0,346.0,39.5,15.2,1211.0,2206.0,358.0,0,2025-03,0,-4.0,treatment,5894.0,8.0,0.0,321.0,39.7,15.2,1211.0,2120.0,329.0,both,17.0,17.0,False,0.0,0.0,True,4.0,4.0,False,25.0,25.0,False,-0.20000000000000284,0.20000000000000284,False,0.0,0.0,True,0.0,0.0,True,86.0,86.0,False,29.0,29.0,False
Multi-V-VM/MVVM,2024-12,treatment,c4d81657db9385ae238e8985da2fcf387fd7a5a9,7080.0,8.0,4.0,425.0,39.1,19.7,1495.0,2729.0,437.0,0,2025-03,0,-3.0,treatment,7063.0,8.0,0.0,396.0,39.2,19.7,1495.0,2653.0,404.0,both,17.0,17.0,False,0.0,0.0,True,4.0,4.0,False,29.0,29.0,False,-0.10000000000000142,0.10000000000000142,False,0.0,0.0,True,0.0,0.0,True,76.0,76.0,False,33.0,33.0,False
Multi-V-VM/MVVM,2025-01,treatment,c4d81657db9385ae238e8985da2fcf387fd7a5a9,7080.0,8.0,4.0,425.0,39.1,19.7,1495.0,2729.0,437.0,0,2025-03,0,-2.0,treatment,7063.0,8.0,0.0,396.0,39.2,19.7,1495.0,2653.0,404.0,both,17.0,17.0,False,0.0,0.0,True,4.0,4.0,False,29.0,29.0,False,-0.10000000000000142,0.10000000000000142,False,0.0,0.0,True,0.0,0.0,True,76.0,76.0,False,33.0,33.0,False
Multi-V-VM/MVVM,2025-02,treatment,c4d81657db9385ae238e8985da2fcf387fd7a5a9,7080.0,8.0,4.0,425.0,39.1,19.7,1495.0,2729.0,437.0,0,2025-03,0,-1.0,treatment,7063.0,8.0,0.0,396.0,39.2,19.7,1495.0,2653.0,404.0,both,17.0,17.0,False,0.0,0.0,True,4.0,4.0,False,29.0,29.0,False,-0.10000000000000142,0.10000000000000142,False,0.0,0.0,True,0.0,0.0,True,76.0,76.0,False,33.0,33.0,False
Multi-V-VM/MVVM,2025-03,treatment,f456d539ee60292051196e9fd5740f15e99882c1,7495.0,9.0,2.0,461.0,33.3,18.6,1608.0,2955.0,472.0,1,2025-03,1,0.0,treatment,7300.0,8.0,0.0,432.0,34.1,18.8,1597.0,2876.0,440.0,both,195.0,195.0,False,1.0,1.0,False,2.0,2.0,False,29.0,29.0,False,-0.8000000000000043,0.8000000000000043,False,-0.1999999999999993,0.1999999999999993,False,11.0,11.0,False,79.0,79.0,False,32.0,32.0,False
Multi-V-VM/MVVM,2025-04,treatment,f456d539ee60292051196e9fd5740f15e99882c1,7495.0,9.0,2.0,461.0,33.3,18.6,1608.0,2955.0,472.0,1,2025-03,1,1.0,treatment,7300.0,8.0,0.0,432.0,34.1,18.8,1597.0,2876.0,440.0,both,195.0,195.0,False,1.0,1.0,False,2.0,2.0,False,29.0,29.0,False,-0.8000000000000043,0.8000000000000043,False,-0.1999999999999993,0.1999999999999993,False,11.0,11.0,False,79.0,79.0,False,32.0,32.0,False
Multi-V-VM/MVVM,2025-05,treatment,f456d539ee60292051196e9fd5740f15e99882c1,7495.0,9.0,2.0,461.0,33.3,18.6,1608.0,2955.0,472.0,1,2025-03,1,2.0,treatment,7300.0,8.0,0.0,432.0,34.1,18.8,1597.0,2876.0,440.0,both,195.0,195.0,False,1.0,1.0,False,2.0,2.0,False,29.0,29.0,False,-0.8000000000000043,0.8000000000000043,False,-0.1999999999999993,0.1999999999999993,False,11.0,11.0,False,79.0,79.0,False,32.0,32.0,False
Multi-V-VM/MVVM,2025-06,treatment,455d90d1d94a0da1064edc98bf909de3ceaf271d,7495.0,9.0,2.0,461.0,33.3,18.6,1608.0,2955.0,472.0,1,2025-03,1,3.0,treatment,7300.0,8.0,0.0,432.0,34.1,18.8,1597.0,2876.0,440.0,both,195.0,195.0,False,1.0,1.0,False,2.0,2.0,False,29.0,29.0,False,-0.8000000000000043,0.8000000000000043,False,-0.1999999999999993,0.1999999999999993,False,11.0,11.0,False,79.0,79.0,False,32.0,32.0,False
Multi-V-VM/MVVM,2025-07,treatment,993e036efe871d117bdcfd14246a69f407fc5ef6,7495.0,9.0,2.0,461.0,33.3,18.6,1608.0,2955.0,472.0,1,2025-03,1,4.0,treatment,7300.0,8.0,0.0,432.0,34.1,18.8,1597.0,2876.0,440.0,both,195.0,195.0,False,1.0,1.0,False,2.0,2.0,False,29.0,29.0,False,-0.8000000000000043,0.8000000000000043,False,-0.1999999999999993,0.1999999999999993,False,11.0,11.0,False,79.0,79.0,False,32.0,32.0,False
Multi-V-VM/MVVM,2025-08,treatment,993e036efe871d117bdcfd14246a69f407fc5ef6,7495.0,9.0,2.0,461.0,33.3,18.6,1608.0,2955.0,472.0,,,,,,,,,,,,,,,left_only,,,False,,,False,,,False,,,False,,,False,,,False,,,False,,,False,,,False
Ody-Z/Trading_Game_Simulator,2025-02,treatment,50bbbe078988b2f37720c247a12d2a8368e3e283,599.0,0.0,0.0,6.0,0.0,20.5,111.0,59.0,6.0,1,2025-02,1,0.0,treatment,599.0,0.0,0.0,5.0,0.0,20.5,111.0,54.0,5.0,both,0.0,0.0,True,0.0,0.0,True,0.0,0.0,True,1.0,1.0,False,0.0,0.0,True,0.0,0.0,True,0.0,0.0,True,5.0,5.0,False,1.0,1.0,False
Ody-Z/Trading_Game_Simulator,2025-03,treatment,50bbbe078988b2f37720c247a12d2a8368e3e283,599.0,0.0,0.0,6.0,0.0,20.5,111.0,59.0,6.0,,,,,,,,,,,,,,,left_only,,,False,,,False,,,False,,,False,,,False,,,False,,,False,,,False,,,False
Ody-Z/Trading_Game_Simulator,2025-04,treatment,50bbbe078988b2f37720c247a12d2a8368e3e283,599.0,0.0,0.0,6.0,0.0,20.5,111.0,59.0,6.0,,,,,,,,,,,,,,,left_only,,,False,,,False,,,False,,,False,,,False,,,False,,,False,,,False,,,False
Ody-Z/Trading_Game_Simulator,2025-05,treatment,50bbbe078988b2f37720c247a12d2a8368e3e283,599.0,0.0,0.0,6.0,0.0,20.5,111.0,59.0,6.0,,,,,,,,,,,,,,,left_only,,,False,,,False,,,False,,,False,,,False,,,False,,,False,,,False,,,False
Ody-Z/Trading_Game_Simulator,2025-06,treatment,50bbbe078988b2f37720c247a12d2a8368e3e283,599.0,0.0,0.0,6.0,0.0,20.5,111.0,59.0,6.0,,,,,,,,,,,,,,,left_only,,,False,,,False,,,False,,,False,,,False,,,False,,,False,,,False,,,False
Ody-Z/Trading_Game_Simulator,2025-07,treatment,50bbbe078988b2f37720c247a12d2a8368e3e283,599.0,0.0,0.0,6.0,0.0,20.5,111.0,59.0,6.0,,,,,,,,,,,,,,,left_only,,,False,,,False,,,False,,,False,,,False,,,False,,,False,,,False,,,False
Ody-Z/Trading_Game_Simulator,2025-08,treatment,50bbbe078988b2f37720c247a12d2a8368e3e283,599.0,0.0,0.0,6.0,0.0,20.5,111.0,59.0,6.0,,,,,,,,,,,,,,,left_only,,,False,,,False,,,False,,,False,,,False,,,False,,,False,,,False,,,False
OpenMOSS/Language-Model-SAEs,2024-03,treatment,8dc3a600be9da11476d51892ee9682b545088d25,4299.0,1.0,8.0,62.0,0.6,5.9,465.0,328.0,71.0,0,2024-12,0,-9.0,treatment,4281.0,2.0,0.0,49.0,0.6,5.9,465.0,290.0,51.0,both,18.0,18.0,False,-1.0,1.0,False,8.0,8.0,False,13.0,13.0,False,0.0,0.0,True,0.0,0.0,True,0.0,0.0,True,38.0,38.0,False,20.0,20.0,False
OpenMOSS/Language-Model-SAEs,2024-04,treatment,b9f86bc0d7f488cf37dd7eae087291c988b8ffcd,5670.0,1.0,8.0,88.0,1.4,4.8,557.0,486.0,97.0,0,2024-12,0,-8.0,treatment,5652.0,3.0,0.0,61.0,1.4,4.8,557.0,389.0,64.0,both,18.0,18.0,False,-2.0,2.0,False,8.0,8.0,False,27.0,27.0,False,0.0,0.0,True,0.0,0.0,True,0.0,0.0,True,97.0,97.0,False,33.0,33.0,False
OpenMOSS/Language-Model-SAEs,2024-05,treatment,5529a6f60429693b51d68956c4eeee82cc6a423a,5740.0,2.0,8.0,105.0,1.3,5.7,549.0,566.0,115.0,0,2024-12,0,-7.0,treatment,5722.0,4.0,0.0,61.0,1.3,5.8,549.0,384.0,65.0,both,18.0,18.0,False,-2.0,2.0,False,8.0,8.0,False,44.0,44.0,False,0.0,0.0,True,-0.09999999999999964,0.09999999999999964,False,0.0,0.0,True,182.0,182.0,False,50.0,50.0,False
OpenMOSS/Language-Model-SAEs,2024-06,treatment,73828937a79037c382d56c00d04d2027f8c4262d,23037.0,8.0,5.0,474.0,0.3,17.8,2315.0,2728.0,487.0,0,2024-12,0,-6.0,treatment,22997.0,12.0,0.0,346.0,0.3,17.8,2315.0,2085.0,358.0,both,40.0,40.0,False,-4.0,4.0,False,5.0,5.0,False,128.0,128.0,False,0.0,0.0,True,0.0,0.0,True,0.0,0.0,True,643.0,643.0,False,129.0,129.0,False
OpenMOSS/Language-Model-SAEs,2024-07,treatment,476076f782d70e2b5805b37e48f7865726d44185,24404.0,8.0,5.0,479.0,0.4,17.4,2472.0,2789.0,492.0,0,2024-12,0,-5.0,treatment,24364.0,11.0,0.0,358.0,0.4,17.4,2472.0,2168.0,369.0,both,40.0,40.0,False,-3.0,3.0,False,5.0,5.0,False,121.0,121.0,False,0.0,0.0,True,0.0,0.0,True,0.0,0.0,True,621.0,621.0,False,123.0,123.0,False
OpenMOSS/Language-Model-SAEs,2024-08,treatment,b87047673c9efb995a1df04f86e2b64eaa076340,28673.0,12.0,5.0,558.0,0.4,16.4,2764.0,3153.0,575.0,0,2024-12,0,-4.0,treatment,28633.0,15.0,0.0,423.0,0.4,16.4,2764.0,2494.0,438.0,both,40.0,40.0,False,-3.0,3.0,False,5.0,5.0,False,135.0,135.0,False,0.0,0.0,True,0.0,0.0,True,0.0,0.0,True,659.0,659.0,False,137.0,137.0,False
OpenMOSS/Language-Model-SAEs,2024-09,treatment,67bfb0b9f835f772f3af2aa176745c6b6135373a,29636.0,12.0,5.0,570.0,0.5,15.9,2833.0,3284.0,587.0,0,2024-12,0,-3.0,treatment,29596.0,15.0,0.0,433.0,0.5,15.9,2833.0,2621.0,448.0,both,40.0,40.0,False,-3.0,3.0,False,5.0,5.0,False,137.0,137.0,False,0.0,0.0,True,0.0,0.0,True,0.0,0.0,True,663.0,663.0,False,139.0,139.0,False
OpenMOSS/Language-Model-SAEs,2024-10,treatment,d16967b3711daaf1e044d4ee4664418829b007ff,9656.0,6.0,2.0,176.0,3.0,7.3,1005.0,1203.0,184.0,0,2024-12,0,-2.0,treatment,9638.0,7.0,0.0,137.0,3.0,7.3,1005.0,1068.0,144.0,both,18.0,18.0,False,-1.0,1.0,False,2.0,2.0,False,39.0,39.0,False,0.0,0.0,True,0.0,0.0,True,0.0,0.0,True,135.0,135.0,False,40.0,40.0,False
OpenMOSS/Language-Model-SAEs,2024-11,treatment,7bfb3f14a3ee2949b6cceb3a0fc4109d6fa10027,10027.0,7.0,1.0,196.0,7.7,7.1,1058.0,1311.0,204.0,0,2024-12,0,-1.0,treatment,10009.0,8.0,0.0,139.0,7.7,7.1,1058.0,1096.0,147.0,both,18.0,18.0,False,-1.0,1.0,False,1.0,1.0,False,57.0,57.0,False,0.0,0.0,True,0.0,0.0,True,0.0,0.0,True,215.0,215.0,False,57.0,57.0,False
OpenMOSS/Language-Model-SAEs,2024-12,treatment,9e4bef8a612bfa3abf735802508d0244bff026aa,10247.0,6.0,2.0,209.0,2.2,10.6,1023.0,1419.0,217.0,1,2024-12,1,0.0,treatment,9948.0,7.0,0.0,146.0,2.2,10.8,989.0,1182.0,153.0,both,299.0,299.0,False,-1.0,1.0,False,2.0,2.0,False,63.0,63.0,False,0.0,0.0,True,-0.20000000000000107,0.20000000000000107,False,34.0,34.0,False,237.0,237.0,False,64.0,64.0,False
OpenMOSS/Language-Model-SAEs,2025-01,treatment,babf36b8e1753eded2a0ff18fd1a8a1771aff329,11430.0,7.0,0.0,217.0,2.3,15.6,1076.0,1235.0,224.0,1,2024-12,1,1.0,treatment,11412.0,18.0,0.0,168.0,2.3,15.6,1076.0,1059.0,186.0,both,18.0,18.0,False,-11.0,11.0,False,0.0,0.0,True,49.0,49.0,False,0.0,0.0,True,0.0,0.0,True,0.0,0.0,True,176.0,176.0,False,38.0,38.0,False
OpenMOSS/Language-Model-SAEs,2025-02,treatment,9a827c56ecbd9768bad3988fe4cfda1afbc91a4e,12330.0,10.0,0.0,261.0,2.9,15.4,1127.0,1389.0,271.0,1,2024-12,1,2.0,treatment,12105.0,21.0,0.0,205.0,3.0,15.3,1138.0,1187.0,226.0,both,225.0,225.0,False,-11.0,11.0,False,0.0,0.0,True,56.0,56.0,False,-0.10000000000000009,0.10000000000000009,False,0.09999999999999964,0.09999999999999964,False,-11.0,11.0,False,202.0,202.0,False,45.0,45.0,False
OpenMOSS/Language-Model-SAEs,2025-03,treatment,aeac157124bdf3e5e3fe2459f0ccdb062061210d,12378.0,10.0,0.0,257.0,3.6,15.4,1174.0,1410.0,267.0,1,2024-12,1,3.0,treatment,12360.0,26.0,0.0,212.0,3.6,15.4,1174.0,1254.0,238.0,both,18.0,18.0,False,-16.0,16.0,False,0.0,0.0,True,45.0,45.0,False,0.0,0.0,True,0.0,0.0,True,0.0,0.0,True,156.0,156.0,False,29.0,29.0,False
OpenMOSS/Language-Model-SAEs,2025-04,treatment,2f4fe056a9ac1c8ab2ec1057018ecf4fb4d7c20f,13873.0,8.0,0.0,281.0,4.0,16.0,1365.0,1543.0,289.0,1,2024-12,1,4.0,treatment,13855.0,24.0,0.0,215.0,4.0,16.0,1365.0,1303.0,239.0,both,18.0,18.0,False,-16.0,16.0,False,0.0,0.0,True,66.0,66.0,False,0.0,0.0,True,0.0,0.0,True,0.0,0.0,True,240.0,240.0,False,50.0,50.0,False
OpenMOSS/Language-Model-SAEs,2025-05,treatment,37469ae8057d58f2ae019565f5a92dece1930a81,16445.0,12.0,0.0,299.0,3.0,14.9,1632.0,1607.0,311.0,1,2024-12,1,5.0,treatment,16427.0,35.0,0.0,233.0,3.0,14.9,1632.0,1346.0,268.0,both,18.0,18.0,False,-23.0,23.0,False,0.0,0.0,True,66.0,66.0,False,0.0,0.0,True,0.0,0.0,True,0.0,0.0,True,261.0,261.0,False,43.0,43.0,False
OpenMOSS/Language-Model-SAEs,2025-06,treatment,deb50259eb13a06f4d89347b44328969a29368bb,17221.0,11.0,0.0,295.0,2.8,15.8,1680.0,1542.0,306.0,1,2024-12,1,6.0,treatment,17203.0,34.0,0.0,247.0,2.8,15.8,1680.0,1349.0,281.0,both,18.0,18.0,False,-23.0,23.0,False,0.0,0.0,True,48.0,48.0,False,0.0,0.0,True,0.0,0.0,True,0.0,0.0,True,193.0,193.0,False,25.0,25.0,False
OpenMOSS/Language-Model-SAEs,2025-07,treatment,05f9176bcfc2823acdbcbcee2e10a60bc04db620,18381.0,10.0,0.0,320.0,3.6,15.8,1874.0,1643.0,330.0,1,2024-12,1,7.0,treatment,17941.0,33.0,0.0,254.0,3.2,15.8,1815.0,1386.0,287.0,both,440.0,440.0,False,-23.0,23.0,False,0.0,0.0,True,66.0,66.0,False,0.3999999999999999,0.3999999999999999,False,0.0,0.0,True,59.0,59.0,False,257.0,257.0,False,43.0,43.0,False
OpenMOSS/Language-Model-SAEs,2025-08,treatment,6afc05011512735430b9e7036a7a0f1fb6d0fbe2,44912.0,83.0,8.0,4380.0,3.7,10.5,16606.0,23033.0,4471.0,,,,,,,,,,,,,,,left_only,,,False,,,False,,,False,,,False,,,False,,,False,,,False,,,False,,,False
OpenSPP/openspp-modules,2024-01,treatment,8bf5c500f8efa8ec31be2cf551b06b38be992b68,91842.0,5.0,12.0,961.0,70.4,8.6,6602.0,6092.0,978.0,0,2025-03,0,-14.0,treatment,91874.0,27.0,0.0,957.0,70.4,8.6,6598.0,6088.0,984.0,both,-32.0,32.0,False,-22.0,22.0,False,12.0,12.0,False,4.0,4.0,False,0.0,0.0,True,0.0,0.0,True,4.0,4.0,False,4.0,4.0,False,-6.0,6.0,False
OpenSPP/openspp-modules,2024-02,treatment,0d00c990ce20f3f2661f545baac31934c6fa21fd,47263.0,2.0,6.0,436.0,20.9,8.6,3121.0,2611.0,444.0,0,2025-03,0,-13.0,treatment,47264.0,18.0,0.0,441.0,20.9,8.6,3121.0,2635.0,459.0,both,-1.0,1.0,False,-16.0,16.0,False,6.0,6.0,False,-5.0,5.0,False,0.0,0.0,True,0.0,0.0,True,0.0,0.0,True,-24.0,24.0,False,-15.0,15.0,False
OpenSPP/openspp-modules,2024-03,treatment,799fd97eb17fd65c8c7733052bac265f5c4b49c3,54932.0,3.0,6.0,462.0,19.4,7.8,3387.0,2753.0,471.0,0,2025-03,0,-12.0,treatment,54944.0,19.0,0.0,525.0,19.7,7.8,3387.0,3073.0,544.0,both,-12.0,12.0,False,-16.0,16.0,False,6.0,6.0,False,-63.0,63.0,False,-0.3000000000000007,0.3000000000000007,False,0.0,0.0,True,0.0,0.0,True,-320.0,320.0,False,-73.0,73.0,False
OpenSPP/openspp-modules,2024-04,treatment,eff2549b7d5c1266d0a48e552c6244f9539c3e03,74791.0,4.0,6.0,552.0,18.5,6.2,3706.0,3551.0,562.0,0,2025-03,0,-11.0,treatment,74803.0,16.0,0.0,619.0,18.7,6.2,3706.0,3875.0,635.0,both,-12.0,12.0,False,-12.0,12.0,False,6.0,6.0,False,-67.0,67.0,False,-0.1999999999999993,0.1999999999999993,False,0.0,0.0,True,0.0,0.0,True,-324.0,324.0,False,-73.0,73.0,False
OpenSPP/openspp-modules,2024-05,treatment,fd8842c5be918ecf40f5f85d99131591e52a5289,78460.0,4.0,9.0,565.0,18.1,6.5,3918.0,3581.0,578.0,0,2025-03,0,-10.0,treatment,78472.0,4.0,0.0,659.0,18.2,6.5,3918.0,3959.0,663.0,both,-12.0,12.0,False,0.0,0.0,True,9.0,9.0,False,-94.0,94.0,False,-0.09999999999999787,0.09999999999999787,False,0.0,0.0,True,0.0,0.0,True,-378.0,378.0,False,-85.0,85.0,False
OpenSPP/openspp-modules,2024-06,treatment,2004f4bf223d5d003203bf1b8d2c60e4262a357a,59038.0,4.0,9.0,476.0,19.0,8.1,3672.0,2778.0,489.0,0,2025-03,0,-9.0,treatment,59050.0,4.0,0.0,572.0,19.2,8.1,3672.0,3166.0,576.0,both,-12.0,12.0,False,0.0,0.0,True,9.0,9.0,False,-96.0,96.0,False,-0.1999999999999993,0.1999999999999993,False,0.0,0.0,True,0.0,0.0,True,-388.0,388.0,False,-87.0,87.0,False
OpenSPP/openspp-modules,2024-07,treatment,f022df49930204a30688e7b979ab155f18833dd5,60615.0,4.0,9.0,493.0,18.7,8.0,3794.0,2821.0,506.0,0,2025-03,0,-8.0,treatment,60627.0,4.0,0.0,591.0,18.9,8.0,3794.0,3219.0,595.0,both,-12.0,12.0,False,0.0,0.0,True,9.0,9.0,False,-98.0,98.0,False,-0.1999999999999993,0.1999999999999993,False,0.0,0.0,True,0.0,0.0,True,-398.0,398.0,False,-89.0,89.0,False
OpenSPP/openspp-modules,2024-08,treatment,ee3c2a33837392370f724af88090ac5725af2df3,62779.0,4.0,9.0,489.0,19.6,7.8,3846.0,2829.0,502.0,0,2025-03,0,-7.0,treatment,62791.0,4.0,0.0,598.0,19.8,7.8,3846.0,3279.0,602.0,both,-12.0,12.0,False,0.0,0.0,True,9.0,9.0,False,-109.0,109.0,False,-0.1999999999999993,0.1999999999999993,False,0.0,0.0,True,0.0,0.0,True,-450.0,450.0,False,-100.0,100.0,False
OpenSPP/openspp-modules,2024-09,treatment,adf9c3e640dcf158b1939a67fc424a5a38f34b05,62887.0,4.0,9.0,490.0,19.6,7.8,3878.0,2837.0,503.0,0,2025-03,0,-6.0,treatment,62899.0,4.0,0.0,599.0,19.8,7.8,3878.0,3287.0,603.0,both,-12.0,12.0,False,0.0,0.0,True,9.0,9.0,False,-109.0,109.0,False,-0.1999999999999993,0.1999999999999993,False,0.0,0.0,True,0.0,0.0,True,-450.0,450.0,False,-100.0,100.0,False
OpenSPP/openspp-modules,2024-10,treatment,8ab103e8b8df63345e967be734504433210de708,84374.0,173.0,11.0,595.0,27.6,6.3,4306.0,3481.0,779.0,0,2025-03,0,-5.0,treatment,84386.0,173.0,0.0,703.0,27.8,6.3,4306.0,3926.0,876.0,both,-12.0,12.0,False,0.0,0.0,True,11.0,11.0,False,-108.0,108.0,False,-0.1999999999999993,0.1999999999999993,False,0.0,0.0,True,0.0,0.0,True,-445.0,445.0,False,-97.0,97.0,False
OpenSPP/openspp-modules,2024-11,treatment,5f3a46921e55abdb97b68723af5308aabac1ea0d,84958.0,174.0,11.0,601.0,27.3,6.3,4339.0,3489.0,786.0,0,2025-03,0,-4.0,treatment,84970.0,174.0,0.0,722.0,27.6,6.3,4339.0,4002.0,896.0,both,-12.0,12.0,False,0.0,0.0,True,11.0,11.0,False,-121.0,121.0,False,-0.3000000000000007,0.3000000000000007,False,0.0,0.0,True,0.0,0.0,True,-513.0,513.0,False,-110.0,110.0,False
OpenSPP/openspp-modules,2024-12,treatment,026e469c043e4d009ffca22d01df4141527ee06c,87610.0,174.0,11.0,604.0,27.0,6.2,4373.0,3507.0,789.0,0,2025-03,0,-3.0,treatment,87622.0,174.0,0.0,736.0,27.2,6.2,4373.0,4061.0,910.0,both,-12.0,12.0,False,0.0,0.0,True,11.0,11.0,False,-132.0,132.0,False,-0.1999999999999993,0.1999999999999993,False,0.0,0.0,True,0.0,0.0,True,-554.0,554.0,False,-121.0,121.0,False
OpenSPP/openspp-modules,2025-01,treatment,f0b4ccd97823138abe97f586925dcd04d95e2963,87744.0,174.0,11.0,606.0,26.9,6.2,4400.0,3515.0,791.0,0,2025-03,0,-2.0,treatment,87756.0,174.0,0.0,738.0,27.1,6.2,4400.0,4069.0,912.0,both,-12.0,12.0,False,0.0,0.0,True,11.0,11.0,False,-132.0,132.0,False,-0.20000000000000284,0.20000000000000284,False,0.0,0.0,True,0.0,0.0,True,-554.0,554.0,False,-121.0,121.0,False
OpenSPP/openspp-modules,2025-02,treatment,5fa3f4c3be440db533d57fbb118fc03ddcd0c3b5,99211.0,166.0,9.0,621.0,23.3,6.2,4669.0,3480.0,796.0,0,2025-03,0,-1.0,treatment,99223.0,166.0,0.0,741.0,25.4,6.2,4669.0,4067.0,907.0,both,-12.0,12.0,False,0.0,0.0,True,9.0,9.0,False,-120.0,120.0,False,-2.099999999999998,2.099999999999998,False,0.0,0.0,True,0.0,0.0,True,-587.0,587.0,False,-111.0,111.0,False
OpenSPP/openspp-modules,2025-03,treatment,aa7a32f1654f2bb6d0dab7705d099a4d23db93c8,101410.0,167.0,9.0,654.0,24.9,6.6,4953.0,3707.0,830.0,1,2025-03,1,0.0,treatment,101422.0,167.0,0.0,774.0,27.1,6.6,4953.0,4297.0,941.0,both,-12.0,12.0,False,0.0,0.0,True,9.0,9.0,False,-120.0,120.0,False,-2.200000000000003,2.200000000000003,False,0.0,0.0,True,0.0,0.0,True,-590.0,590.0,False,-111.0,111.0,False
OpenSPP/openspp-modules,2025-04,treatment,d9435af911347aca6f33c1e847a64f4309f63c83,101425.0,167.0,9.0,654.0,24.9,6.6,4953.0,3707.0,830.0,1,2025-03,1,1.0,treatment,101437.0,167.0,0.0,774.0,27.1,6.6,4953.0,4297.0,941.0,both,-12.0,12.0,False,0.0,0.0,True,9.0,9.0,False,-120.0,120.0,False,-2.200000000000003,2.200000000000003,False,0.0,0.0,True,0.0,0.0,True,-590.0,590.0,False,-111.0,111.0,False
OpenSPP/openspp-modules,2025-05,treatment,9783d4150a596167e276f941b23db0abfb41fd5f,101603.0,167.0,9.0,638.0,24.8,6.6,4944.0,3629.0,814.0,1,2025-03,1,2.0,treatment,101615.0,167.0,0.0,755.0,27.0,6.6,4944.0,4209.0,922.0,both,-12.0,12.0,False,0.0,0.0,True,9.0,9.0,False,-117.0,117.0,False,-2.1999999999999993,2.1999999999999993,False,0.0,0.0,True,0.0,0.0,True,-580.0,580.0,False,-108.0,108.0,False
OpenSPP/openspp-modules,2025-06,treatment,5b93758fc556b726ca84e652fa2b3601f4d740b2,101604.0,167.0,9.0,638.0,24.8,6.6,4944.0,3629.0,814.0,1,2025-03,1,3.0,treatment,101616.0,167.0,0.0,755.0,27.0,6.6,4944.0,4209.0,922.0,both,-12.0,12.0,False,0.0,0.0,True,9.0,9.0,False,-117.0,117.0,False,-2.1999999999999993,2.1999999999999993,False,0.0,0.0,True,0.0,0.0,True,-580.0,580.0,False,-108.0,108.0,False
OpenSPP/openspp-modules,2025-07,treatment,3ab7cfe800078ca0da9dfc42948af2fff32db2bb,101615.0,167.0,9.0,638.0,24.8,6.6,4944.0,3629.0,814.0,1,2025-03,1,4.0,treatment,101627.0,167.0,0.0,755.0,27.0,6.6,4944.0,4209.0,922.0,both,-12.0,12.0,False,0.0,0.0,True,9.0,9.0,False,-117.0,117.0,False,-2.1999999999999993,2.1999999999999993,False,0.0,0.0,True,0.0,0.0,True,-580.0,580.0,False,-108.0,108.0,False
OpenSPP/openspp-modules,2025-08,treatment,bbfe82a523fcba3a8202d41b851a1a961258e6b4,101618.0,167.0,9.0,638.0,24.8,6.6,4944.0,3629.0,814.0,,,,,,,,,,,,,,,left_only,,,False,,,False,,,False,,,False,,,False,,,False,,,False,,,False,,,False
PiotrCzapla/smart_dictation,2024-10,treatment,f0f396492a7bc34bd4fd16e2857d21f744d7c6b1,351.0,1.0,0.0,5.0,0.0,4.4,26.0,55.0,6.0,1,2024-10,1,0.0,treatment,351.0,2.0,0.0,3.0,0.0,4.4,26.0,45.0,5.0,both,0.0,0.0,True,-1.0,1.0,False,0.0,0.0,True,2.0,2.0,False,0.0,0.0,True,0.0,0.0,True,0.0,0.0,True,10.0,10.0,False,1.0,1.0,False
PiotrCzapla/smart_dictation,2024-11,treatment,f0f396492a7bc34bd4fd16e2857d21f744d7c6b1,351.0,1.0,0.0,5.0,0.0,4.4,26.0,55.0,6.0,,,,,,,,,,,,,,,left_only,,,False,,,False,,,False,,,False,,,False,,,False,,,False,,,False,,,False
PiotrCzapla/smart_dictation,2024-12,treatment,f0f396492a7bc34bd4fd16e2857d21f744d7c6b1,351.0,1.0,0.0,5.0,0.0,4.4,26.0,55.0,6.0,,,,,,,,,,,,,,,left_only,,,False,,,False,,,False,,,False,,,False,,,False,,,False,,,False,,,False
PiotrCzapla/smart_dictation,2025-01,treatment,f0f396492a7bc34bd4fd16e2857d21f744d7c6b1,351.0,1.0,0.0,5.0,0.0,4.4,26.0,55.0,6.0,,,,,,,,,,,,,,,left_only,,,False,,,False,,,False,,,False,,,False,,,False,,,False,,,False,,,False
PiotrCzapla/smart_dictation,2025-02,treatment,f0f396492a7bc34bd4fd16e2857d21f744d7c6b1,351.0,1.0,0.0,5.0,0.0,4.4,26.0,55.0,6.0,,,,,,,,,,,,,,,left_only,,,False,,,False,,,False,,,False,,,False,,,False,,,False,,,False,,,False
PiotrCzapla/smart_dictation,2025-03,treatment,f0f396492a7bc34bd4fd16e2857d21f744d7c6b1,351.0,1.0,0.0,5.0,0.0,4.4,26.0,55.0,6.0,,,,,,,,,,,,,,,left_only,,,False,,,False,,,False,,,False,,,False,,,False,,,False,,,False,,,False
PiotrCzapla/smart_dictation,2025-04,treatment,f0f396492a7bc34bd4fd16e2857d21f744d7c6b1,351.0,1.0,0.0,5.0,0.0,4.4,26.0,55.0,6.0,,,,,,,,,,,,,,,left_only,,,False,,,False,,,False,,,False,,,False,,,False,,,False,,,False,,,False
PiotrCzapla/smart_dictation,2025-05,treatment,f0f396492a7bc34bd4fd16e2857d21f744d7c6b1,351.0,1.0,0.0,5.0,0.0,4.4,26.0,55.0,6.0,,,,,,,,,,,,,,,left_only,,,False,,,False,,,False,,,False,,,False,,,False,,,False,,,False,,,False
PiotrCzapla/smart_dictation,2025-06,treatment,f0f396492a7bc34bd4fd16e2857d21f744d7c6b1,351.0,1.0,0.0,5.0,0.0,4.4,26.0,55.0,6.0,,,,,,,,,,,,,,,left_only,,,False,,,False,,,False,,,False,,,False,,,False,,,False,,,False,,,False
PiotrCzapla/smart_dictation,2025-07,treatment,f0f396492a7bc34bd4fd16e2857d21f744d7c6b1,351.0,1.0,0.0,5.0,0.0,4.4,26.0,55.0,6.0,,,,,,,,,,,,,,,left_only,,,False,,,False,,,False,,,False,,,False,,,False,,,False,,,False,,,False
PiotrCzapla/smart_dictation,2025-08,treatment,f0f396492a7bc34bd4fd16e2857d21f744d7c6b1,351.0,1.0,0.0,5.0,0.0,4.4,26.0,55.0,6.0,,,,,,,,,,,,,,,left_only,,,False,,,False,,,False,,,False,,,False,,,False,,,False,,,False,,,False
PostHog/posthog,2024-01,treatment,31807262c0750a4f71a793579092e9e4a3b51abc,548365.0,237.0,54.0,6948.0,8.9,4.4,36484.0,37492.0,7239.0,0,2025-02,0,-13.0,treatment,548212.0,230.0,13.0,6837.0,9.1,4.4,36484.0,40854.0,7080.0,both,153.0,153.0,False,7.0,7.0,False,41.0,41.0,False,111.0,111.0,False,-0.1999999999999993,0.1999999999999993,False,0.0,0.0,True,0.0,0.0,True,-3362.0,3362.0,False,159.0,159.0,False
PostHog/posthog,2024-02,treatment,2085f68b0550d22be1f300f57b9e4a15f1ea7efe,573743.0,242.0,54.0,7190.0,10.7,4.4,38389.0,38669.0,7486.0,0,2025-02,0,-12.0,treatment,573567.0,234.0,13.0,7070.0,10.9,4.4,38389.0,42798.0,7317.0,both,176.0,176.0,False,8.0,8.0,False,41.0,41.0,False,120.0,120.0,False,-0.20000000000000107,0.20000000000000107,False,0.0,0.0,True,0.0,0.0,True,-4129.0,4129.0,False,169.0,169.0,False
PostHog/posthog,2024-03,treatment,92e17ce307a577c4233d4ab252eebc6c2207a5ee,589642.0,242.0,54.0,7261.0,10.9,4.5,39860.0,39370.0,7557.0,0,2025-02,0,-11.0,treatment,589460.0,235.0,13.0,7156.0,11.1,4.5,39860.0,43584.0,7404.0,both,182.0,182.0,False,7.0,7.0,False,41.0,41.0,False,105.0,105.0,False,-0.1999999999999993,0.1999999999999993,False,0.0,0.0,True,0.0,0.0,True,-4214.0,4214.0,False,153.0,153.0,False
PostHog/posthog,2024-04,treatment,e446d1983007db6960d0a524456884c7cf1d8b46,607884.0,245.0,55.0,7333.0,11.6,4.5,40895.0,40031.0,7633.0,0,2025-02,0,-10.0,treatment,607701.0,237.0,12.0,7294.0,11.8,4.5,40895.0,44242.0,7543.0,both,183.0,183.0,False,8.0,8.0,False,43.0,43.0,False,39.0,39.0,False,-0.20000000000000107,0.20000000000000107,False,0.0,0.0,True,0.0,0.0,True,-4211.0,4211.0,False,90.0,90.0,False
PostHog/posthog,2024-05,treatment,9e2003c8d389a3a6ed531aa5036cc77052896979,631111.0,227.0,62.0,7521.0,11.7,4.4,42257.0,41314.0,7810.0,0,2025-02,0,-9.0,treatment,630918.0,235.0,14.0,7498.0,11.8,4.4,42257.0,45693.0,7747.0,both,193.0,193.0,False,-8.0,8.0,False,48.0,48.0,False,23.0,23.0,False,-0.10000000000000142,0.10000000000000142,False,0.0,0.0,True,0.0,0.0,True,-4379.0,4379.0,False,63.0,63.0,False
PostHog/posthog,2024-06,treatment,0b22cc401624bedab251a98f8bc86608ca9f59e5,671343.0,242.0,75.0,7914.0,11.7,4.4,44772.0,43730.0,8231.0,0,2025-02,0,-8.0,treatment,661185.0,252.0,20.0,7886.0,11.9,4.4,44371.0,47704.0,8158.0,both,10158.0,10158.0,False,-10.0,10.0,False,55.0,55.0,False,28.0,28.0,False,-0.20000000000000107,0.20000000000000107,False,0.0,0.0,True,401.0,401.0,False,-3974.0,3974.0,False,73.0,73.0,False
PostHog/posthog,2024-07,treatment,6499bded5585bf1423fcf6673b2f560fe4f941af,689198.0,233.0,83.0,7929.0,11.2,4.4,46069.0,44096.0,8245.0,0,2025-02,0,-7.0,treatment,677634.0,245.0,20.0,7955.0,11.3,4.4,45623.0,47888.0,8220.0,both,11564.0,11564.0,False,-12.0,12.0,False,63.0,63.0,False,-26.0,26.0,False,-0.10000000000000142,0.10000000000000142,False,0.0,0.0,True,446.0,446.0,False,-3792.0,3792.0,False,25.0,25.0,False
PostHog/posthog,2024-08,treatment,0a6ab2622fd9404afdc60100fef54c3c112ea379,715660.0,231.0,90.0,8605.0,11.0,4.5,48242.0,47293.0,8926.0,0,2025-02,0,-6.0,treatment,695941.0,243.0,22.0,8245.0,11.3,4.4,47410.0,50130.0,8510.0,both,19719.0,19719.0,False,-12.0,12.0,False,68.0,68.0,False,360.0,360.0,False,-0.3000000000000007,0.3000000000000007,False,0.09999999999999964,0.09999999999999964,False,832.0,832.0,False,-2837.0,2837.0,False,416.0,416.0,False
PostHog/posthog,2024-09,treatment,761c6ce0ab4db14ddede62cb61b6d6854dff7ea7,748626.0,198.0,96.0,8952.0,10.7,4.4,50942.0,50190.0,9246.0,0,2025-02,0,-5.0,treatment,725600.0,216.0,28.0,8534.0,11.0,4.4,49984.0,52474.0,8778.0,both,23026.0,23026.0,False,-18.0,18.0,False,68.0,68.0,False,418.0,418.0,False,-0.3000000000000007,0.3000000000000007,False,0.0,0.0,True,958.0,958.0,False,-2284.0,2284.0,False,468.0,468.0,False
PostHog/posthog,2024-10,treatment,12ff477551dfc5a197aca3006e14e4193183dbd8,774018.0,208.0,96.0,9206.0,10.6,4.4,52874.0,51661.0,9510.0,0,2025-02,0,-4.0,treatment,748190.0,225.0,28.0,8720.0,10.9,4.3,51579.0,53472.0,8973.0,both,25828.0,25828.0,False,-17.0,17.0,False,68.0,68.0,False,486.0,486.0,False,-0.3000000000000007,0.3000000000000007,False,0.10000000000000053,0.10000000000000053,False,1295.0,1295.0,False,-1811.0,1811.0,False,537.0,537.0,False
PostHog/posthog,2024-11,treatment,b4d51e3b746e6174a7d60c525ea22387f00dcafe,806559.0,229.0,95.0,10224.0,10.7,4.4,57075.0,58215.0,10548.0,0,2025-02,0,-3.0,treatment,776480.0,244.0,28.0,9164.0,10.9,4.3,55625.0,56949.0,9436.0,both,30079.0,30079.0,False,-15.0,15.0,False,67.0,67.0,False,1060.0,1060.0,False,-0.20000000000000107,0.20000000000000107,False,0.10000000000000053,0.10000000000000053,False,1450.0,1450.0,False,1266.0,1266.0,False,1112.0,1112.0,False
PostHog/posthog,2024-12,treatment,3aa25f3257f981db0b7e8b5411dc209b66c6f4c2,832993.0,255.0,97.0,10577.0,10.5,4.5,59474.0,60737.0,10929.0,0,2025-02,0,-2.0,treatment,802199.0,275.0,28.0,9472.0,10.8,4.4,57995.0,59108.0,9775.0,both,30794.0,30794.0,False,-20.0,20.0,False,69.0,69.0,False,1105.0,1105.0,False,-0.3000000000000007,0.3000000000000007,False,0.09999999999999964,0.09999999999999964,False,1479.0,1479.0,False,1629.0,1629.0,False,1154.0,1154.0,False
PostHog/posthog,2025-01,treatment,1253d960c415d65583dac034353702ad74016da1,870221.0,260.0,113.0,11278.0,9.3,4.5,62265.0,63748.0,11651.0,0,2025-02,0,-1.0,treatment,837418.0,285.0,38.0,9746.0,9.5,4.4,60692.0,61380.0,10069.0,both,32803.0,32803.0,False,-25.0,25.0,False,75.0,75.0,False,1532.0,1532.0,False,-0.1999999999999993,0.1999999999999993,False,0.09999999999999964,0.09999999999999964,False,1573.0,1573.0,False,2368.0,2368.0,False,1582.0,1582.0,False
PostHog/posthog,2025-02,treatment,e6cdfed56138f74a1e8bcac05f60036d96ab9a6a,933176.0,282.0,121.0,12286.0,9.7,4.6,67802.0,70755.0,12689.0,1,2025-02,1,0.0,treatment,896790.0,320.0,38.0,10641.0,9.9,4.5,65955.0,67212.0,10999.0,both,36386.0,36386.0,False,-38.0,38.0,False,83.0,83.0,False,1645.0,1645.0,False,-0.20000000000000107,0.20000000000000107,False,0.09999999999999964,0.09999999999999964,False,1847.0,1847.0,False,3543.0,3543.0,False,1690.0,1690.0,False
PostHog/posthog,2025-03,treatment,ecdaddcfaf15967165806e2cd4f9bc0cfb40f0e1,981233.0,288.0,116.0,12690.0,9.3,4.8,71936.0,74136.0,13094.0,1,2025-02,1,1.0,treatment,936364.0,324.0,38.0,10997.0,9.5,4.7,69652.0,70314.0,11359.0,both,44869.0,44869.0,False,-36.0,36.0,False,78.0,78.0,False,1693.0,1693.0,False,-0.1999999999999993,0.1999999999999993,False,0.09999999999999964,0.09999999999999964,False,2284.0,2284.0,False,3822.0,3822.0,False,1735.0,1735.0,False
PostHog/posthog,2025-04,treatment,08f147eb9879e899fb7939f4b9413c86164ba7f9,1025455.0,309.0,117.0,13226.0,9.1,4.9,76027.0,77811.0,13652.0,1,2025-02,1,2.0,treatment,937017.0,324.0,38.0,11012.0,9.5,4.7,69756.0,70394.0,11374.0,both,88438.0,88438.0,False,-15.0,15.0,False,79.0,79.0,False,2214.0,2214.0,False,-0.40000000000000036,0.40000000000000036,False,0.20000000000000018,0.20000000000000018,False,6271.0,6271.0,False,7417.0,7417.0,False,2278.0,2278.0,False
PostHog/posthog,2025-05,treatment,fa2cab6b204f2efeabb5c5bbc1d35ff23c91ec8b,1075854.0,318.0,129.0,13825.0,9.3,5.0,79996.0,81950.0,14272.0,1,2025-02,1,3.0,treatment,1021926.0,372.0,42.0,11978.0,9.4,4.8,76949.0,77447.0,12392.0,both,53928.0,53928.0,False,-54.0,54.0,False,87.0,87.0,False,1847.0,1847.0,False,-0.09999999999999964,0.09999999999999964,False,0.20000000000000018,0.20000000000000018,False,3047.0,3047.0,False,4503.0,4503.0,False,1880.0,1880.0,False
PostHog/posthog,2025-06,treatment,bf87ddcb0e02027bb8c1e7a1aa2e03f0c4312e90,1143141.0,308.0,125.0,14151.0,9.1,5.1,85016.0,81229.0,14584.0,1,2025-02,1,4.0,treatment,1079135.0,368.0,39.0,12657.0,9.1,5.0,81500.0,82206.0,13064.0,both,64006.0,64006.0,False,-60.0,60.0,False,86.0,86.0,False,1494.0,1494.0,False,0.0,0.0,True,0.09999999999999964,0.09999999999999964,False,3516.0,3516.0,False,-977.0,977.0,False,1520.0,1520.0,False
PostHog/posthog,2025-07,treatment,8e13bf3cbfe9684eb907f7ddf706aa9fae2099e0,1224250.0,323.0,118.0,14625.0,8.8,5.4,90037.0,84156.0,15066.0,1,2025-02,1,5.0,treatment,1155675.0,403.0,35.0,13058.0,8.9,5.3,86434.0,84796.0,13496.0,both,68575.0,68575.0,False,-80.0,80.0,False,83.0,83.0,False,1567.0,1567.0,False,-0.09999999999999964,0.09999999999999964,False,0.10000000000000053,0.10000000000000053,False,3603.0,3603.0,False,-640.0,640.0,False,1570.0,1570.0,False
PostHog/posthog,2025-08,treatment,79cf381322842888a721905c09490e85f98a5a2a,1313277.0,349.0,128.0,15432.0,8.7,5.7,97541.0,89457.0,15909.0,1,2025-02,1,6.0,treatment,1232071.0,452.0,44.0,13795.0,8.7,5.5,93378.0,90684.0,14291.0,both,81206.0,81206.0,False,-103.0,103.0,False,84.0,84.0,False,1637.0,1637.0,False,0.0,0.0,True,0.20000000000000018,0.20000000000000018,False,4163.0,4163.0,False,-1227.0,1227.0,False,1618.0,1618.0,False
ResearchHub/researchhub-backend,2024-01,treatment,fd34f4bcb44c74f5e5e65d22a4e60528b46c8c5e,77299.0,90.0,37.0,836.0,3.6,4.5,5989.0,4519.0,963.0,0,2025-03,0,-14.0,treatment,77300.0,91.0,1.0,943.0,3.6,4.5,5989.0,4900.0,1035.0,both,-1.0,1.0,False,-1.0,1.0,False,36.0,36.0,False,-107.0,107.0,False,0.0,0.0,True,0.0,0.0,True,0.0,0.0,True,-381.0,381.0,False,-72.0,72.0,False
ResearchHub/researchhub-backend,2024-02,treatment,082491f7b25a2fb7477f126520ad723aed615118,79115.0,92.0,37.0,862.0,3.6,4.7,6370.0,4772.0,991.0,0,2025-03,0,-13.0,treatment,79116.0,93.0,1.0,968.0,3.6,4.7,6370.0,5133.0,1062.0,both,-1.0,1.0,False,-1.0,1.0,False,36.0,36.0,False,-106.0,106.0,False,0.0,0.0,True,0.0,0.0,True,0.0,0.0,True,-361.0,361.0,False,-71.0,71.0,False
ResearchHub/researchhub-backend,2024-03,treatment,846af110c8dbc352f7e5a367bfcb84015599ad69,79201.0,92.0,37.0,865.0,3.7,4.7,6408.0,4758.0,994.0,0,2025-03,0,-12.0,treatment,79197.0,93.0,1.0,952.0,3.7,4.7,6408.0,5003.0,1046.0,both,4.0,4.0,False,-1.0,1.0,False,36.0,36.0,False,-87.0,87.0,False,0.0,0.0,True,0.0,0.0,True,0.0,0.0,True,-245.0,245.0,False,-52.0,52.0,False
ResearchHub/researchhub-backend,2024-04,treatment,3071ea750bcff8f981dfdc6550b191da46b16655,77496.0,94.0,37.0,830.0,3.1,4.6,6239.0,4689.0,961.0,0,2025-03,0,-11.0,treatment,77492.0,95.0,1.0,915.0,3.1,4.6,6239.0,4919.0,1011.0,both,4.0,4.0,False,-1.0,1.0,False,36.0,36.0,False,-85.0,85.0,False,0.0,0.0,True,0.0,0.0,True,0.0,0.0,True,-230.0,230.0,False,-50.0,50.0,False
ResearchHub/researchhub-backend,2024-05,treatment,278ec825c32f29bc9d27e22e92294c537ef3b27a,79752.0,87.0,37.0,846.0,3.3,4.6,6322.0,4778.0,970.0,0,2025-03,0,-10.0,treatment,79748.0,88.0,1.0,927.0,3.3,4.5,6322.0,5000.0,1016.0,both,4.0,4.0,False,-1.0,1.0,False,36.0,36.0,False,-81.0,81.0,False,0.0,0.0,True,0.09999999999999964,0.09999999999999964,False,0.0,0.0,True,-222.0,222.0,False,-46.0,46.0,False
ResearchHub/researchhub-backend,2024-06,treatment,7de905300075c748dc563bca975343546e6c0ffd,80424.0,87.0,38.0,854.0,3.0,4.6,6399.0,4840.0,979.0,0,2025-03,0,-9.0,treatment,80420.0,88.0,1.0,926.0,3.0,4.6,6399.0,5017.0,1015.0,both,4.0,4.0,False,-1.0,1.0,False,37.0,37.0,False,-72.0,72.0,False,0.0,0.0,True,0.0,0.0,True,0.0,0.0,True,-177.0,177.0,False,-36.0,36.0,False
ResearchHub/researchhub-backend,2024-07,treatment,4c63758dee4c50db5933948ffba59f2bbe2bea2e,83223.0,87.0,38.0,849.0,3.4,4.6,6534.0,4826.0,974.0,0,2025-03,0,-8.0,treatment,83219.0,88.0,1.0,928.0,3.4,4.6,6534.0,5039.0,1017.0,both,4.0,4.0,False,-1.0,1.0,False,37.0,37.0,False,-79.0,79.0,False,0.0,0.0,True,0.0,0.0,True,0.0,0.0,True,-213.0,213.0,False,-43.0,43.0,False
ResearchHub/researchhub-backend,2024-08,treatment,9c333f30a21dbdac8115428bde6af3668db475e3,77711.0,86.0,38.0,780.0,3.2,4.8,6050.0,4448.0,904.0,0,2025-03,0,-7.0,treatment,77705.0,87.0,1.0,854.0,3.2,4.8,6050.0,4671.0,942.0,both,6.0,6.0,False,-1.0,1.0,False,37.0,37.0,False,-74.0,74.0,False,0.0,0.0,True,0.0,0.0,True,0.0,0.0,True,-223.0,223.0,False,-38.0,38.0,False
ResearchHub/researchhub-backend,2024-09,treatment,d3a04d8c47ad9aedb2c9d0183fd9c2c05177bb73,77562.0,85.0,36.0,754.0,3.4,4.8,6008.0,4306.0,875.0,0,2025-03,0,-6.0,treatment,77556.0,86.0,1.0,816.0,3.4,4.8,6008.0,4481.0,903.0,both,6.0,6.0,False,-1.0,1.0,False,35.0,35.0,False,-62.0,62.0,False,0.0,0.0,True,0.0,0.0,True,0.0,0.0,True,-175.0,175.0,False,-28.0,28.0,False
ResearchHub/researchhub-backend,2024-10,treatment,6465c99f3778f57fe6a5e06231f5ea8b5d92b708,77198.0,85.0,30.0,730.0,3.6,4.9,5842.0,4098.0,845.0,0,2025-03,0,-5.0,treatment,77192.0,86.0,1.0,791.0,3.6,4.9,5842.0,4284.0,878.0,both,6.0,6.0,False,-1.0,1.0,False,29.0,29.0,False,-61.0,61.0,False,0.0,0.0,True,0.0,0.0,True,0.0,0.0,True,-186.0,186.0,False,-33.0,33.0,False
ResearchHub/researchhub-backend,2024-11,treatment,620391ecf35228d3dad783476c988b49513072f3,77936.0,81.0,30.0,716.0,3.6,5.0,5632.0,3977.0,827.0,0,2025-03,0,-4.0,treatment,77930.0,82.0,1.0,772.0,3.6,5.0,5632.0,4138.0,855.0,both,6.0,6.0,False,-1.0,1.0,False,29.0,29.0,False,-56.0,56.0,False,0.0,0.0,True,0.0,0.0,True,0.0,0.0,True,-161.0,161.0,False,-28.0,28.0,False
ResearchHub/researchhub-backend,2024-12,treatment,15ee57839549ff325c9142e4e432b4cbf37d8b67,77161.0,81.0,30.0,685.0,3.7,5.2,5634.0,3914.0,796.0,0,2025-03,0,-3.0,treatment,77155.0,82.0,1.0,741.0,3.7,5.2,5634.0,4075.0,824.0,both,6.0,6.0,False,-1.0,1.0,False,29.0,29.0,False,-56.0,56.0,False,0.0,0.0,True,0.0,0.0,True,0.0,0.0,True,-161.0,161.0,False,-28.0,28.0,False
ResearchHub/researchhub-backend,2025-01,treatment,05856cbd0bcd4603d524fc9fddb530764b608f55,79082.0,81.0,30.0,688.0,3.6,5.4,5706.0,3917.0,799.0,0,2025-03,0,-2.0,treatment,79076.0,82.0,1.0,755.0,3.6,5.4,5706.0,4133.0,838.0,both,6.0,6.0,False,-1.0,1.0,False,29.0,29.0,False,-67.0,67.0,False,0.0,0.0,True,0.0,0.0,True,0.0,0.0,True,-216.0,216.0,False,-39.0,39.0,False
ResearchHub/researchhub-backend,2025-02,treatment,512f30cd6e0d048732a1f6f6e3a2e7dcfd9e10df,77076.0,78.0,26.0,648.0,3.2,5.6,5295.0,3704.0,752.0,0,2025-03,0,-1.0,treatment,77070.0,79.0,1.0,713.0,3.2,5.6,5295.0,3913.0,793.0,both,6.0,6.0,False,-1.0,1.0,False,25.0,25.0,False,-65.0,65.0,False,0.0,0.0,True,0.0,0.0,True,0.0,0.0,True,-209.0,209.0,False,-41.0,41.0,False
ResearchHub/researchhub-backend,2025-03,treatment,c2a7a85367245521d1eb77b4eb87ab9d489e3313,80846.0,78.0,26.0,644.0,3.0,6.2,5560.0,3746.0,748.0,1,2025-03,1,0.0,treatment,80840.0,79.0,1.0,679.0,3.0,6.2,5560.0,3804.0,759.0,both,6.0,6.0,False,-1.0,1.0,False,25.0,25.0,False,-35.0,35.0,False,0.0,0.0,True,0.0,0.0,True,0.0,0.0,True,-58.0,58.0,False,-11.0,11.0,False
ResearchHub/researchhub-backend,2025-04,treatment,90bd47c7e4e4a107c32deefa0d54c6024506b8b0,83901.0,78.0,26.0,638.0,2.8,6.6,5648.0,3698.0,742.0,1,2025-03,1,1.0,treatment,80840.0,79.0,1.0,679.0,3.0,6.2,5560.0,3804.0,759.0,both,3061.0,3061.0,False,-1.0,1.0,False,25.0,25.0,False,-41.0,41.0,False,-0.20000000000000018,0.20000000000000018,False,0.39999999999999947,0.39999999999999947,False,88.0,88.0,False,-106.0,106.0,False,-17.0,17.0,False
ResearchHub/researchhub-backend,2025-05,treatment,dfdfaaec1c76a13f7c90fea8f48ad921a17bda8e,88358.0,78.0,26.0,642.0,2.9,7.4,5884.0,3735.0,746.0,1,2025-03,1,2.0,treatment,88352.0,79.0,1.0,671.0,2.9,7.4,5884.0,3768.0,751.0,both,6.0,6.0,False,-1.0,1.0,False,25.0,25.0,False,-29.0,29.0,False,0.0,0.0,True,0.0,0.0,True,0.0,0.0,True,-33.0,33.0,False,-5.0,5.0,False
ResearchHub/researchhub-backend,2025-06,treatment,e8ddce0d2284bc9cd92fb2e3f26fb222708caddc,93898.0,78.0,26.0,647.0,3.3,7.9,5992.0,3784.0,751.0,1,2025-03,1,3.0,treatment,93892.0,79.0,1.0,670.0,3.3,7.9,5992.0,3785.0,750.0,both,6.0,6.0,False,-1.0,1.0,False,25.0,25.0,False,-23.0,23.0,False,0.0,0.0,True,0.0,0.0,True,0.0,0.0,True,-1.0,1.0,False,1.0,1.0,False
ResearchHub/researchhub-backend,2025-07,treatment,7c612298d06c65351b508a58b228285e826c8f59,96372.0,78.0,26.0,625.0,3.2,8.4,6000.0,3766.0,729.0,1,2025-03,1,4.0,treatment,96366.0,79.0,1.0,639.0,3.2,8.4,6000.0,3690.0,719.0,both,6.0,6.0,False,-1.0,1.0,False,25.0,25.0,False,-14.0,14.0,False,0.0,0.0,True,0.0,0.0,True,0.0,0.0,True,76.0,76.0,False,10.0,10.0,False
ResearchHub/researchhub-backend,2025-08,treatment,de4731b2e58154919a470a7b95a4c24a266a51d2,92964.0,77.0,23.0,551.0,3.2,9.2,5520.0,3386.0,651.0,1,2025-03,1,5.0,treatment,92954.0,78.0,1.0,573.0,3.2,9.2,5520.0,3309.0,652.0,both,10.0,10.0,False,-1.0,1.0,False,22.0,22.0,False,-22.0,22.0,False,0.0,0.0,True,0.0,0.0,True,0.0,0.0,True,77.0,77.0,False,-1.0,1.0,False
Scrapybara/codecapy,2025-01,treatment,aaf4eb1efe460f71c8ed50794b33fa19ce54b77e,864.0,2.0,1.0,13.0,0.0,6.8,136.0,218.0,16.0,1,2025-01,1,0.0,treatment,864.0,0.0,0.0,10.0,0.0,6.8,136.0,203.0,10.0,both,0.0,0.0,True,2.0,2.0,False,1.0,1.0,False,3.0,3.0,False,0.0,0.0,True,0.0,0.0,True,0.0,0.0,True,15.0,15.0,False,6.0,6.0,False
Scrapybara/codecapy,2025-02,treatment,5bfd39ebf9156b54bc2fdaeed7fa61d789924055,1454.0,2.0,1.0,19.0,0.0,9.3,247.0,311.0,22.0,1,2025-01,1,1.0,treatment,1454.0,0.0,0.0,17.0,0.0,9.3,247.0,301.0,17.0,both,0.0,0.0,True,2.0,2.0,False,1.0,1.0,False,2.0,2.0,False,0.0,0.0,True,0.0,0.0,True,0.0,0.0,True,10.0,10.0,False,5.0,5.0,False
Scrapybara/codecapy,2025-03,treatment,5bfd39ebf9156b54bc2fdaeed7fa61d789924055,1454.0,2.0,1.0,19.0,0.0,9.3,247.0,311.0,22.0,1,2025-01,1,2.0,treatment,1454.0,0.0,0.0,17.0,0.0,9.3,247.0,301.0,17.0,both,0.0,0.0,True,2.0,2.0,False,1.0,1.0,False,2.0,2.0,False,0.0,0.0,True,0.0,0.0,True,0.0,0.0,True,10.0,10.0,False,5.0,5.0,False
Scrapybara/codecapy,2025-04,treatment,5bfd39ebf9156b54bc2fdaeed7fa61d789924055,1454.0,2.0,1.0,19.0,0.0,9.3,247.0,311.0,22.0,1,2025-01,1,3.0,treatment,1454.0,0.0,0.0,17.0,0.0,9.3,247.0,301.0,17.0,both,0.0,0.0,True,2.0,2.0,False,1.0,1.0,False,2.0,2.0,False,0.0,0.0,True,0.0,0.0,True,0.0,0.0,True,10.0,10.0,False,5.0,5.0,False
Scrapybara/codecapy,2025-05,treatment,5bfd39ebf9156b54bc2fdaeed7fa61d789924055,1454.0,2.0,1.0,19.0,0.0,9.3,247.0,311.0,22.0,1,2025-01,1,4.0,treatment,1454.0,0.0,0.0,17.0,0.0,9.3,247.0,301.0,17.0,both,0.0,0.0,True,2.0,2.0,False,1.0,1.0,False,2.0,2.0,False,0.0,0.0,True,0.0,0.0,True,0.0,0.0,True,10.0,10.0,False,5.0,5.0,False
Scrapybara/codecapy,2025-06,treatment,5bfd39ebf9156b54bc2fdaeed7fa61d789924055,1454.0,2.0,1.0,19.0,0.0,9.3,247.0,311.0,22.0,1,2025-01,1,5.0,treatment,1454.0,0.0,0.0,17.0,0.0,9.3,247.0,301.0,17.0,both,0.0,0.0,True,2.0,2.0,False,1.0,1.0,False,2.0,2.0,False,0.0,0.0,True,0.0,0.0,True,0.0,0.0,True,10.0,10.0,False,5.0,5.0,False
Scrapybara/codecapy,2025-07,treatment,5bfd39ebf9156b54bc2fdaeed7fa61d789924055,1454.0,2.0,1.0,19.0,0.0,9.3,247.0,311.0,22.0,1,2025-01,1,6.0,treatment,1454.0,0.0,0.0,17.0,0.0,9.3,247.0,301.0,17.0,both,0.0,0.0,True,2.0,2.0,False,1.0,1.0,False,2.0,2.0,False,0.0,0.0,True,0.0,0.0,True,0.0,0.0,True,10.0,10.0,False,5.0,5.0,False
Scrapybara/codecapy,2025-08,treatment,5bfd39ebf9156b54bc2fdaeed7fa61d789924055,1454.0,2.0,1.0,19.0,0.0,9.3,247.0,311.0,22.0,1,2025-01,1,7.0,treatment,1454.0,0.0,0.0,17.0,0.0,9.3,247.0,301.0,17.0,both,0.0,0.0,True,2.0,2.0,False,1.0,1.0,False,2.0,2.0,False,0.0,0.0,True,0.0,0.0,True,0.0,0.0,True,10.0,10.0,False,5.0,5.0,False
SlyyCooper/cursorrules-architect,2024-11,treatment,c9dcee5dd49dff38f787137e838c002ede504d7a,399.0,0.0,0.0,14.0,0.0,5.5,38.0,79.0,14.0,0,2024-12,0,-1.0,treatment,399.0,0.0,0.0,2.0,0.0,5.5,38.0,19.0,2.0,both,0.0,0.0,True,0.0,0.0,True,0.0,0.0,True,12.0,12.0,False,0.0,0.0,True,0.0,0.0,True,0.0,0.0,True,60.0,60.0,False,12.0,12.0,False
SlyyCooper/cursorrules-architect,2024-12,treatment,dceafd28aaef126e419f0a98eba0be2a54217ee2,1421.0,0.0,0.0,38.0,32.1,18.1,278.0,244.0,38.0,1,2024-12,1,0.0,treatment,1421.0,0.0,0.0,24.0,32.1,18.1,278.0,174.0,24.0,both,0.0,0.0,True,0.0,0.0,True,0.0,0.0,True,14.0,14.0,False,0.0,0.0,True,0.0,0.0,True,0.0,0.0,True,70.0,70.0,False,14.0,14.0,False
SlyyCooper/cursorrules-architect,2025-01,treatment,923980a8c89c3ca3aab6115b45b55279637aca9c,1486.0,0.0,0.0,37.0,29.7,18.1,284.0,236.0,37.0,1,2024-12,1,1.0,treatment,1486.0,0.0,0.0,23.0,29.7,18.1,284.0,166.0,23.0,both,0.0,0.0,True,0.0,0.0,True,0.0,0.0,True,14.0,14.0,False,0.0,0.0,True,0.0,0.0,True,0.0,0.0,True,70.0,70.0,False,14.0,14.0,False
SlyyCooper/cursorrules-architect,2025-02,treatment,0db19978d1d87932ae23a291135eaf6c4eda6537,1486.0,0.0,0.0,37.0,29.7,18.1,284.0,236.0,37.0,1,2024-12,1,2.0,treatment,1486.0,0.0,0.0,23.0,29.7,18.1,284.0,166.0,23.0,both,0.0,0.0,True,0.0,0.0,True,0.0,0.0,True,14.0,14.0,False,0.0,0.0,True,0.0,0.0,True,0.0,0.0,True,70.0,70.0,False,14.0,14.0,False
SlyyCooper/cursorrules-architect,2025-03,treatment,1b8ad985d2fd1b380194e94aef663c259e913daf,3245.0,7.0,0.0,52.0,0.8,40.8,583.0,336.0,59.0,1,2024-12,1,3.0,treatment,3245.0,5.0,0.0,21.0,0.8,40.8,583.0,190.0,26.0,both,0.0,0.0,True,2.0,2.0,False,0.0,0.0,True,31.0,31.0,False,0.0,0.0,True,0.0,0.0,True,0.0,0.0,True,146.0,146.0,False,33.0,33.0,False
SlyyCooper/cursorrules-architect,2025-04,treatment,d3341bec543e5ba24cacc2caf33383e98c657e2d,3436.0,7.0,0.0,54.0,1.1,40.0,629.0,372.0,61.0,1,2024-12,1,4.0,treatment,3436.0,5.0,0.0,24.0,1.1,40.0,629.0,227.0,29.0,both,0.0,0.0,True,2.0,2.0,False,0.0,0.0,True,30.0,30.0,False,0.0,0.0,True,0.0,0.0,True,0.0,0.0,True,145.0,145.0,False,32.0,32.0,False
SlyyCooper/cursorrules-architect,2025-05,treatment,d3341bec543e5ba24cacc2caf33383e98c657e2d,3436.0,7.0,0.0,54.0,1.1,40.0,629.0,372.0,61.0,,,,,,,,,,,,,,,left_only,,,False,,,False,,,False,,,False,,,False,,,False,,,False,,,False,,,False
SlyyCooper/cursorrules-architect,2025-06,treatment,d3341bec543e5ba24cacc2caf33383e98c657e2d,3436.0,7.0,0.0,54.0,1.1,40.0,629.0,372.0,61.0,,,,,,,,,,,,,,,left_only,,,False,,,False,,,False,,,False,,,False,,,False,,,False,,,False,,,False
SlyyCooper/cursorrules-architect,2025-07,treatment,d3341bec543e5ba24cacc2caf33383e98c657e2d,3436.0,7.0,0.0,54.0,1.1,40.0,629.0,372.0,61.0,,,,,,,,,,,,,,,left_only,,,False,,,False,,,False,,,False,,,False,,,False,,,False,,,False,,,False
SlyyCooper/cursorrules-architect,2025-08,treatment,d3341bec543e5ba24cacc2caf33383e98c657e2d,3436.0,7.0,0.0,54.0,1.1,40.0,629.0,372.0,61.0,,,,,,,,,,,,,,,left_only,,,False,,,False,,,False,,,False,,,False,,,False,,,False,,,False,,,False
TextGeneratorio/text-generator.io,2024-01,treatment,92c3ebc388615849a39db668be9b52a8faf8e30f,75529.0,614.0,31.0,4370.0,7.4,8.4,14844.0,24597.0,5015.0,0,2025-03,0,-14.0,treatment,78124.0,625.0,14.0,3773.0,9.0,8.1,14844.0,21904.0,4412.0,both,-2595.0,2595.0,False,-11.0,11.0,False,17.0,17.0,False,597.0,597.0,False,-1.5999999999999996,1.5999999999999996,False,0.3000000000000007,0.3000000000000007,False,0.0,0.0,True,2693.0,2693.0,False,603.0,603.0,False
TextGeneratorio/text-generator.io,2024-02,treatment,5644053e2ab8c2c1d2107a0a825d1c0f0bb5c088,75529.0,614.0,31.0,4370.0,7.4,8.4,14844.0,24597.0,5015.0,0,2025-03,0,-13.0,treatment,78124.0,625.0,14.0,3773.0,9.0,8.1,14844.0,21904.0,4412.0,both,-2595.0,2595.0,False,-11.0,11.0,False,17.0,17.0,False,597.0,597.0,False,-1.5999999999999996,1.5999999999999996,False,0.3000000000000007,0.3000000000000007,False,0.0,0.0,True,2693.0,2693.0,False,603.0,603.0,False
TextGeneratorio/text-generator.io,2024-03,treatment,5644053e2ab8c2c1d2107a0a825d1c0f0bb5c088,75529.0,614.0,31.0,4370.0,7.4,8.4,14844.0,24597.0,5015.0,0,2025-03,0,-12.0,treatment,78124.0,625.0,14.0,3773.0,9.0,8.1,14844.0,21904.0,4412.0,both,-2595.0,2595.0,False,-11.0,11.0,False,17.0,17.0,False,597.0,597.0,False,-1.5999999999999996,1.5999999999999996,False,0.3000000000000007,0.3000000000000007,False,0.0,0.0,True,2693.0,2693.0,False,603.0,603.0,False
TextGeneratorio/text-generator.io,2024-04,treatment,5644053e2ab8c2c1d2107a0a825d1c0f0bb5c088,75529.0,614.0,31.0,4370.0,7.4,8.4,14844.0,24597.0,5015.0,0,2025-03,0,-11.0,treatment,78124.0,625.0,14.0,3773.0,9.0,8.1,14844.0,21904.0,4412.0,both,-2595.0,2595.0,False,-11.0,11.0,False,17.0,17.0,False,597.0,597.0,False,-1.5999999999999996,1.5999999999999996,False,0.3000000000000007,0.3000000000000007,False,0.0,0.0,True,2693.0,2693.0,False,603.0,603.0,False
TextGeneratorio/text-generator.io,2024-05,treatment,0892be29955c6d268f45b5545a9091cef7372348,75553.0,614.0,31.0,4372.0,7.4,8.4,14854.0,24607.0,5017.0,0,2025-03,0,-10.0,treatment,78148.0,625.0,14.0,3775.0,9.0,8.1,14854.0,21914.0,4414.0,both,-2595.0,2595.0,False,-11.0,11.0,False,17.0,17.0,False,597.0,597.0,False,-1.5999999999999996,1.5999999999999996,False,0.3000000000000007,0.3000000000000007,False,0.0,0.0,True,2693.0,2693.0,False,603.0,603.0,False
TextGeneratorio/text-generator.io,2024-06,treatment,0892be29955c6d268f45b5545a9091cef7372348,75553.0,614.0,31.0,4372.0,7.4,8.4,14854.0,24607.0,5017.0,0,2025-03,0,-9.0,treatment,78148.0,625.0,14.0,3775.0,9.0,8.1,14854.0,21914.0,4414.0,both,-2595.0,2595.0,False,-11.0,11.0,False,17.0,17.0,False,597.0,597.0,False,-1.5999999999999996,1.5999999999999996,False,0.3000000000000007,0.3000000000000007,False,0.0,0.0,True,2693.0,2693.0,False,603.0,603.0,False
TextGeneratorio/text-generator.io,2024-07,treatment,eaabbefacf47cf51ba7c231df42fff37100c13c6,75553.0,614.0,31.0,4371.0,7.4,8.4,14855.0,24602.0,5016.0,0,2025-03,0,-8.0,treatment,78148.0,625.0,14.0,3774.0,9.0,8.1,14855.0,21909.0,4413.0,both,-2595.0,2595.0,False,-11.0,11.0,False,17.0,17.0,False,597.0,597.0,False,-1.5999999999999996,1.5999999999999996,False,0.3000000000000007,0.3000000000000007,False,0.0,0.0,True,2693.0,2693.0,False,603.0,603.0,False
TextGeneratorio/text-generator.io,2024-08,treatment,b6d6f478ac36e37f7dcb5f3a50b932ebf350cfe2,75862.0,614.0,31.0,4375.0,7.4,8.4,14876.0,24637.0,5020.0,0,2025-03,0,-7.0,treatment,78457.0,625.0,14.0,3778.0,8.9,8.1,14876.0,21944.0,4417.0,both,-2595.0,2595.0,False,-11.0,11.0,False,17.0,17.0,False,597.0,597.0,False,-1.5,1.5,False,0.3000000000000007,0.3000000000000007,False,0.0,0.0,True,2693.0,2693.0,False,603.0,603.0,False
TextGeneratorio/text-generator.io,2024-09,treatment,b6d6f478ac36e37f7dcb5f3a50b932ebf350cfe2,75862.0,614.0,31.0,4375.0,7.4,8.4,14876.0,24637.0,5020.0,0,2025-03,0,-6.0,treatment,78457.0,625.0,14.0,3778.0,8.9,8.1,14876.0,21944.0,4417.0,both,-2595.0,2595.0,False,-11.0,11.0,False,17.0,17.0,False,597.0,597.0,False,-1.5,1.5,False,0.3000000000000007,0.3000000000000007,False,0.0,0.0,True,2693.0,2693.0,False,603.0,603.0,False
TextGeneratorio/text-generator.io,2024-10,treatment,b6d6f478ac36e37f7dcb5f3a50b932ebf350cfe2,75862.0,614.0,31.0,4375.0,7.4,8.4,14876.0,24637.0,5020.0,0,2025-03,0,-5.0,treatment,78457.0,625.0,14.0,3778.0,8.9,8.1,14876.0,21944.0,4417.0,both,-2595.0,2595.0,False,-11.0,11.0,False,17.0,17.0,False,597.0,597.0,False,-1.5,1.5,False,0.3000000000000007,0.3000000000000007,False,0.0,0.0,True,2693.0,2693.0,False,603.0,603.0,False
TextGeneratorio/text-generator.io,2024-11,treatment,e451574cd387d39aa8d1bab1cbe9d03a4131973d,59072.0,605.0,22.0,4097.0,4.6,6.7,11505.0,22373.0,4724.0,0,2025-03,0,-4.0,treatment,61667.0,617.0,14.0,3521.0,5.9,6.4,11505.0,19776.0,4152.0,both,-2595.0,2595.0,False,-12.0,12.0,False,8.0,8.0,False,576.0,576.0,False,-1.3000000000000007,1.3000000000000007,False,0.2999999999999998,0.2999999999999998,False,0.0,0.0,True,2597.0,2597.0,False,572.0,572.0,False
TextGeneratorio/text-generator.io,2024-12,treatment,48e7be432b6e66beba9d471b9c5e3484de33eb3f,59067.0,605.0,22.0,4100.0,4.6,6.7,11503.0,22388.0,4727.0,0,2025-03,0,-3.0,treatment,61662.0,617.0,14.0,3525.0,5.9,6.4,11503.0,19796.0,4156.0,both,-2595.0,2595.0,False,-12.0,12.0,False,8.0,8.0,False,575.0,575.0,False,-1.3000000000000007,1.3000000000000007,False,0.2999999999999998,0.2999999999999998,False,0.0,0.0,True,2592.0,2592.0,False,571.0,571.0,False
TextGeneratorio/text-generator.io,2025-01,treatment,41b2e647d9ca45d0987290bf299ce7e303ac415a,59897.0,603.0,22.0,4120.0,4.7,6.9,11612.0,22492.0,4745.0,0,2025-03,0,-2.0,treatment,62492.0,615.0,14.0,3545.0,5.9,6.6,11612.0,19900.0,4174.0,both,-2595.0,2595.0,False,-12.0,12.0,False,8.0,8.0,False,575.0,575.0,False,-1.2000000000000002,1.2000000000000002,False,0.3000000000000007,0.3000000000000007,False,0.0,0.0,True,2592.0,2592.0,False,571.0,571.0,False
TextGeneratorio/text-generator.io,2025-02,treatment,931cde358016941d35169d0a361dde98ff36320a,59903.0,603.0,22.0,4120.0,4.7,6.9,11612.0,22492.0,4745.0,0,2025-03,0,-1.0,treatment,62498.0,615.0,14.0,3545.0,5.9,6.6,11612.0,19900.0,4174.0,both,-2595.0,2595.0,False,-12.0,12.0,False,8.0,8.0,False,575.0,575.0,False,-1.2000000000000002,1.2000000000000002,False,0.3000000000000007,0.3000000000000007,False,0.0,0.0,True,2592.0,2592.0,False,571.0,571.0,False
TextGeneratorio/text-generator.io,2025-03,treatment,f330b4fd8064ea499385da03f3fc6c297916b674,59904.0,603.0,22.0,4120.0,4.7,6.9,11612.0,22492.0,4745.0,1,2025-03,1,0.0,treatment,62499.0,615.0,14.0,3545.0,5.9,6.6,11612.0,19900.0,4174.0,both,-2595.0,2595.0,False,-12.0,12.0,False,8.0,8.0,False,575.0,575.0,False,-1.2000000000000002,1.2000000000000002,False,0.3000000000000007,0.3000000000000007,False,0.0,0.0,True,2592.0,2592.0,False,571.0,571.0,False
TextGeneratorio/text-generator.io,2025-04,treatment,5ed2b4008e2a49c4dad48dad07ef982849fc5fca,63638.0,603.0,22.0,4252.0,4.5,8.0,12356.0,23277.0,4877.0,1,2025-03,1,1.0,treatment,66233.0,615.0,14.0,3634.0,5.6,7.8,12356.0,20554.0,4263.0,both,-2595.0,2595.0,False,-12.0,12.0,False,8.0,8.0,False,618.0,618.0,False,-1.0999999999999996,1.0999999999999996,False,0.20000000000000018,0.20000000000000018,False,0.0,0.0,True,2723.0,2723.0,False,614.0,614.0,False
TextGeneratorio/text-generator.io,2025-05,treatment,53455c86af4bf5e404a847de09f1c8b9e654d801,62463.0,603.0,22.0,4261.0,4.5,8.2,12370.0,23319.0,4886.0,1,2025-03,1,2.0,treatment,65058.0,615.0,14.0,3641.0,5.6,7.9,12370.0,20589.0,4270.0,both,-2595.0,2595.0,False,-12.0,12.0,False,8.0,8.0,False,620.0,620.0,False,-1.0999999999999996,1.0999999999999996,False,0.29999999999999893,0.29999999999999893,False,0.0,0.0,True,2730.0,2730.0,False,616.0,616.0,False
TextGeneratorio/text-generator.io,2025-06,treatment,1eafa44b407969edcac558b3f8cf0c4f39ba52ae,61881.0,603.0,19.0,4173.0,4.4,7.3,12162.0,23001.0,4795.0,1,2025-03,1,3.0,treatment,64476.0,615.0,14.0,3561.0,5.5,7.0,12162.0,20281.0,4190.0,both,-2595.0,2595.0,False,-12.0,12.0,False,5.0,5.0,False,612.0,612.0,False,-1.0999999999999996,1.0999999999999996,False,0.2999999999999998,0.2999999999999998,False,0.0,0.0,True,2720.0,2720.0,False,605.0,605.0,False
TextGeneratorio/text-generator.io,2025-07,treatment,3920d146d45c6c226f4321c9105a6076824d9aca,68868.0,605.0,27.0,4288.0,4.7,8.0,13119.0,23495.0,4920.0,1,2025-03,1,4.0,treatment,71455.0,617.0,14.0,3547.0,5.7,7.8,13119.0,20329.0,4178.0,both,-2587.0,2587.0,False,-12.0,12.0,False,13.0,13.0,False,741.0,741.0,False,-1.0,1.0,False,0.20000000000000018,0.20000000000000018,False,0.0,0.0,True,3166.0,3166.0,False,742.0,742.0,False
TextGeneratorio/text-generator.io,2025-08,treatment,95ff0e2fb3cbafd6c6037e2ea559ed6fdb549b35,70085.0,606.0,34.0,4405.0,4.7,8.6,13348.0,24022.0,5045.0,1,2025-03,1,5.0,treatment,72672.0,617.0,17.0,3594.0,5.8,8.3,13348.0,20570.0,4228.0,both,-2587.0,2587.0,False,-11.0,11.0,False,17.0,17.0,False,811.0,811.0,False,-1.0999999999999996,1.0999999999999996,False,0.29999999999999893,0.29999999999999893,False,0.0,0.0,True,3452.0,3452.0,False,817.0,817.0,False
The-Pocket/PocketFlow,2024-12,treatment,976a266cd3981e37db457c6ec5f2d67928597a98,1268.0,0.0,1.0,8.0,2.7,23.6,74.0,36.0,9.0,0,2025-02,0,-2.0,treatment,1268.0,0.0,0.0,17.0,2.7,23.6,74.0,81.0,17.0,both,0.0,0.0,True,0.0,0.0,True,1.0,1.0,False,-9.0,9.0,False,0.0,0.0,True,0.0,0.0,True,0.0,0.0,True,-45.0,45.0,False,-8.0,8.0,False
The-Pocket/PocketFlow,2025-01,treatment,6e08e32d96dfbf104983131d93ffc1a53a172632,1268.0,0.0,1.0,9.0,2.7,23.6,80.0,41.0,10.0,0,2025-02,0,-1.0,treatment,1268.0,0.0,0.0,18.0,2.7,23.6,80.0,86.0,18.0,both,0.0,0.0,True,0.0,0.0,True,1.0,1.0,False,-9.0,9.0,False,0.0,0.0,True,0.0,0.0,True,0.0,0.0,True,-45.0,45.0,False,-8.0,8.0,False
The-Pocket/PocketFlow,2025-02,treatment,69ed4cb41077656ce52e8a8f2ba36264d6e7ea0d,1281.0,0.0,0.0,7.0,2.6,21.9,82.0,35.0,7.0,1,2025-02,1,0.0,treatment,1281.0,0.0,0.0,15.0,2.6,21.9,82.0,75.0,15.0,both,0.0,0.0,True,0.0,0.0,True,0.0,0.0,True,-8.0,8.0,False,0.0,0.0,True,0.0,0.0,True,0.0,0.0,True,-40.0,40.0,False,-8.0,8.0,False
The-Pocket/PocketFlow,2025-03,treatment,4d6249a38eb721208371e80be8c5a688b5ee3e01,4586.0,0.0,2.0,44.0,3.3,22.3,393.0,141.0,46.0,1,2025-02,1,1.0,treatment,4586.0,0.0,0.0,51.0,3.3,22.3,393.0,176.0,51.0,both,0.0,0.0,True,0.0,0.0,True,2.0,2.0,False,-7.0,7.0,False,0.0,0.0,True,0.0,0.0,True,0.0,0.0,True,-35.0,35.0,False,-5.0,5.0,False
The-Pocket/PocketFlow,2025-04,treatment,61f5e89769af1bb5d56e5b4453a4cca405cfbcb2,7386.0,1.0,2.0,105.0,4.5,20.6,811.0,445.0,108.0,1,2025-02,1,2.0,treatment,7386.0,0.0,0.0,88.0,4.5,20.6,811.0,355.0,88.0,both,0.0,0.0,True,1.0,1.0,False,2.0,2.0,False,17.0,17.0,False,0.0,0.0,True,0.0,0.0,True,0.0,0.0,True,90.0,90.0,False,20.0,20.0,False
The-Pocket/PocketFlow,2025-05,treatment,6cf3ec4984958eb442ed676835f6551648082f22,11204.0,11.0,5.0,146.0,3.2,16.6,1149.0,694.0,162.0,1,2025-02,1,3.0,treatment,11204.0,10.0,0.0,111.0,3.2,16.6,1149.0,529.0,121.0,both,0.0,0.0,True,1.0,1.0,False,5.0,5.0,False,35.0,35.0,False,0.0,0.0,True,0.0,0.0,True,0.0,0.0,True,165.0,165.0,False,41.0,41.0,False
The-Pocket/PocketFlow,2025-06,treatment,8c6cbc5138a92fff325366b5622d59ecfaae7a07,12184.0,11.0,5.0,154.0,2.9,17.7,1361.0,785.0,170.0,1,2025-02,1,4.0,treatment,12184.0,10.0,0.0,120.0,2.9,17.7,1361.0,625.0,130.0,both,0.0,0.0,True,1.0,1.0,False,5.0,5.0,False,34.0,34.0,False,0.0,0.0,True,0.0,0.0,True,0.0,0.0,True,160.0,160.0,False,40.0,40.0,False
The-Pocket/PocketFlow,2025-07,treatment,f98e9f4806af3b6aedfbf7e462bdadeba671bd63,12173.0,11.0,5.0,154.0,2.9,17.7,1360.0,785.0,170.0,1,2025-02,1,5.0,treatment,12173.0,10.0,0.0,120.0,2.9,17.7,1360.0,625.0,130.0,both,0.0,0.0,True,1.0,1.0,False,5.0,5.0,False,34.0,34.0,False,0.0,0.0,True,0.0,0.0,True,0.0,0.0,True,160.0,160.0,False,40.0,40.0,False
The-Pocket/PocketFlow,2025-08,treatment,23e36bfbdfe8a071aafa987a9ba14df842af8a0e,12300.0,11.0,5.0,156.0,3.5,17.6,1363.0,797.0,172.0,1,2025-02,1,6.0,treatment,12300.0,10.0,0.0,122.0,3.5,17.6,1363.0,637.0,132.0,both,0.0,0.0,True,1.0,1.0,False,5.0,5.0,False,34.0,34.0,False,0.0,0.0,True,0.0,0.0,True,0.0,0.0,True,160.0,160.0,False,40.0,40.0,False
The-Pocket/PocketFlow-Template-Python,2025-02,treatment,8b1d9729b37469afab439854ec4ea67706867378,33.0,0.0,1.0,0.0,0.0,15.4,2.0,0.0,1.0,1,2025-02,1,0.0,treatment,33.0,0.0,0.0,0.0,0.0,15.4,2.0,0.0,0.0,both,0.0,0.0,True,0.0,0.0,True,1.0,1.0,False,0.0,0.0,True,0.0,0.0,True,0.0,0.0,True,0.0,0.0,True,0.0,0.0,True,1.0,1.0,False
The-Pocket/PocketFlow-Template-Python,2025-03,treatment,16714fcc24a8447040363e7e2806cdf2d8b6dcfa,45.0,0.0,1.0,0.0,0.0,22.4,2.0,0.0,1.0,1,2025-02,1,1.0,treatment,45.0,0.0,0.0,0.0,0.0,22.4,2.0,0.0,0.0,both,0.0,0.0,True,0.0,0.0,True,1.0,1.0,False,0.0,0.0,True,0.0,0.0,True,0.0,0.0,True,0.0,0.0,True,0.0,0.0,True,1.0,1.0,False
The-Pocket/PocketFlow-Template-Python,2025-04,treatment,8a4a1b08a2ccf767f0a4c503ccf6a8a6ab77e787,45.0,0.0,1.0,0.0,0.0,22.4,2.0,0.0,1.0,1,2025-02,1,2.0,treatment,45.0,0.0,0.0,0.0,0.0,22.4,2.0,0.0,0.0,both,0.0,0.0,True,0.0,0.0,True,1.0,1.0,False,0.0,0.0,True,0.0,0.0,True,0.0,0.0,True,0.0,0.0,True,0.0,0.0,True,1.0,1.0,False
The-Pocket/PocketFlow-Template-Python,2025-05,treatment,bb859e5af285f0f047ec7deefa7ebcb8240385b3,48.0,0.0,0.0,0.0,0.0,21.3,2.0,0.0,0.0,1,2025-02,1,3.0,treatment,48.0,0.0,0.0,0.0,0.0,21.3,2.0,0.0,0.0,both,0.0,0.0,True,0.0,0.0,True,0.0,0.0,True,0.0,0.0,True,0.0,0.0,True,0.0,0.0,True,0.0,0.0,True,0.0,0.0,True,0.0,0.0,True
The-Pocket/PocketFlow-Template-Python,2025-06,treatment,893901c7e1a213e2c62f8d68451836002ac54416,48.0,0.0,0.0,0.0,0.0,21.3,2.0,0.0,0.0,1,2025-02,1,4.0,treatment,48.0,0.0,0.0,0.0,0.0,21.3,2.0,0.0,0.0,both,0.0,0.0,True,0.0,0.0,True,0.0,0.0,True,0.0,0.0,True,0.0,0.0,True,0.0,0.0,True,0.0,0.0,True,0.0,0.0,True,0.0,0.0,True
The-Pocket/PocketFlow-Template-Python,2025-07,treatment,9eacaaa755698da13bfbe0f766735cd190c479bc,48.0,0.0,0.0,0.0,0.0,21.3,2.0,0.0,0.0,1,2025-02,1,5.0,treatment,48.0,0.0,0.0,0.0,0.0,21.3,2.0,0.0,0.0,both,0.0,0.0,True,0.0,0.0,True,0.0,0.0,True,0.0,0.0,True,0.0,0.0,True,0.0,0.0,True,0.0,0.0,True,0.0,0.0,True,0.0,0.0,True
The-Pocket/PocketFlow-Template-Python,2025-08,treatment,680a1b2f54645818d0eac7880347d31a8cb4a115,48.0,0.0,0.0,0.0,0.0,21.3,2.0,0.0,0.0,1,2025-02,1,6.0,treatment,48.0,0.0,0.0,0.0,0.0,21.3,2.0,0.0,0.0,both,0.0,0.0,True,0.0,0.0,True,0.0,0.0,True,0.0,0.0,True,0.0,0.0,True,0.0,0.0,True,0.0,0.0,True,0.0,0.0,True,0.0,0.0,True
The-Pocket/Tutorial-AI-Paul-Graham,2025-02,treatment,454fb5c8dc99a5df515f84a3a9cdcea6b957b3b0,443.0,0.0,0.0,5.0,8.4,17.8,50.0,25.0,5.0,0,2025-03,0,-1.0,treatment,443.0,0.0,0.0,5.0,8.4,17.8,50.0,25.0,5.0,both,0.0,0.0,True,0.0,0.0,True,0.0,0.0,True,0.0,0.0,True,0.0,0.0,True,0.0,0.0,True,0.0,0.0,True,0.0,0.0,True,0.0,0.0,True
The-Pocket/Tutorial-AI-Paul-Graham,2025-03,treatment,eb304ff3774606a2bdb67cc4065605c4ac2f8ca7,839.0,0.0,0.0,13.0,0.0,21.6,150.0,95.0,13.0,1,2025-03,1,0.0,treatment,839.0,0.0,0.0,13.0,0.0,21.6,150.0,95.0,13.0,both,0.0,0.0,True,0.0,0.0,True,0.0,0.0,True,0.0,0.0,True,0.0,0.0,True,0.0,0.0,True,0.0,0.0,True,0.0,0.0,True,0.0,0.0,True
The-Pocket/Tutorial-AI-Paul-Graham,2025-04,treatment,eb304ff3774606a2bdb67cc4065605c4ac2f8ca7,839.0,0.0,0.0,13.0,0.0,21.6,150.0,95.0,13.0,,,,,,,,,,,,,,,left_only,,,False,,,False,,,False,,,False,,,False,,,False,,,False,,,False,,,False
The-Pocket/Tutorial-AI-Paul-Graham,2025-05,treatment,eb304ff3774606a2bdb67cc4065605c4ac2f8ca7,839.0,0.0,0.0,13.0,0.0,21.6,150.0,95.0,13.0,,,,,,,,,,,,,,,left_only,,,False,,,False,,,False,,,False,,,False,,,False,,,False,,,False,,,False
The-Pocket/Tutorial-AI-Paul-Graham,2025-06,treatment,eb304ff3774606a2bdb67cc4065605c4ac2f8ca7,839.0,0.0,0.0,13.0,0.0,21.6,150.0,95.0,13.0,,,,,,,,,,,,,,,left_only,,,False,,,False,,,False,,,False,,,False,,,False,,,False,,,False,,,False
The-Pocket/Tutorial-AI-Paul-Graham,2025-07,treatment,eb304ff3774606a2bdb67cc4065605c4ac2f8ca7,839.0,0.0,0.0,13.0,0.0,21.6,150.0,95.0,13.0,,,,,,,,,,,,,,,left_only,,,False,,,False,,,False,,,False,,,False,,,False,,,False,,,False,,,False
The-Pocket/Tutorial-AI-Paul-Graham,2025-08,treatment,eb304ff3774606a2bdb67cc4065605c4ac2f8ca7,839.0,0.0,0.0,13.0,0.0,21.6,150.0,95.0,13.0,,,,,,,,,,,,,,,left_only,,,False,,,False,,,False,,,False,,,False,,,False,,,False,,,False,,,False
The-Pocket/Tutorial-Cold-Email-Personalization,2025-03,treatment,200903e33e7756a880160f8b7c5d6e5dd51794a6,599.0,0.0,0.0,3.0,0.0,16.5,125.0,72.0,3.0,1,2025-03,1,0.0,treatment,599.0,0.0,0.0,3.0,0.0,16.5,125.0,72.0,3.0,both,0.0,0.0,True,0.0,0.0,True,0.0,0.0,True,0.0,0.0,True,0.0,0.0,True,0.0,0.0,True,0.0,0.0,True,0.0,0.0,True,0.0,0.0,True
The-Pocket/Tutorial-Cold-Email-Personalization,2025-04,treatment,200903e33e7756a880160f8b7c5d6e5dd51794a6,599.0,0.0,0.0,3.0,0.0,16.5,125.0,72.0,3.0,,,,,,,,,,,,,,,left_only,,,False,,,False,,,False,,,False,,,False,,,False,,,False,,,False,,,False
The-Pocket/Tutorial-Cold-Email-Personalization,2025-05,treatment,200903e33e7756a880160f8b7c5d6e5dd51794a6,599.0,0.0,0.0,3.0,0.0,16.5,125.0,72.0,3.0,,,,,,,,,,,,,,,left_only,,,False,,,False,,,False,,,False,,,False,,,False,,,False,,,False,,,False
The-Pocket/Tutorial-Cold-Email-Personalization,2025-06,treatment,200903e33e7756a880160f8b7c5d6e5dd51794a6,599.0,0.0,0.0,3.0,0.0,16.5,125.0,72.0,3.0,,,,,,,,,,,,,,,left_only,,,False,,,False,,,False,,,False,,,False,,,False,,,False,,,False,,,False
The-Pocket/Tutorial-Cold-Email-Personalization,2025-07,treatment,200903e33e7756a880160f8b7c5d6e5dd51794a6,599.0,0.0,0.0,3.0,0.0,16.5,125.0,72.0,3.0,,,,,,,,,,,,,,,left_only,,,False,,,False,,,False,,,False,,,False,,,False,,,False,,,False,,,False
The-Pocket/Tutorial-Cold-Email-Personalization,2025-08,treatment,200903e33e7756a880160f8b7c5d6e5dd51794a6,599.0,0.0,0.0,3.0,0.0,16.5,125.0,72.0,3.0,,,,,,,,,,,,,,,left_only,,,False,,,False,,,False,,,False,,,False,,,False,,,False,,,False,,,False
The-Pocket/Tutorial-Cursor,2025-03,treatment,0e69c81e74a3927d34b760beaca3a7775d650051,1411.0,0.0,0.0,41.0,1.9,19.6,367.0,355.0,41.0,1,2025-03,1,0.0,treatment,1411.0,0.0,0.0,40.0,1.9,19.6,367.0,350.0,40.0,both,0.0,0.0,True,0.0,0.0,True,0.0,0.0,True,1.0,1.0,False,0.0,0.0,True,0.0,0.0,True,0.0,0.0,True,5.0,5.0,False,1.0,1.0,False
The-Pocket/Tutorial-Cursor,2025-04,treatment,0e69c81e74a3927d34b760beaca3a7775d650051,1411.0,0.0,0.0,41.0,1.9,19.6,367.0,355.0,41.0,,,,,,,,,,,,,,,left_only,,,False,,,False,,,False,,,False,,,False,,,False,,,False,,,False,,,False
The-Pocket/Tutorial-Cursor,2025-05,treatment,0e69c81e74a3927d34b760beaca3a7775d650051,1411.0,0.0,0.0,41.0,1.9,19.6,367.0,355.0,41.0,,,,,,,,,,,,,,,left_only,,,False,,,False,,,False,,,False,,,False,,,False,,,False,,,False,,,False
The-Pocket/Tutorial-Cursor,2025-06,treatment,0e69c81e74a3927d34b760beaca3a7775d650051,1411.0,0.0,0.0,41.0,1.9,19.6,367.0,355.0,41.0,,,,,,,,,,,,,,,left_only,,,False,,,False,,,False,,,False,,,False,,,False,,,False,,,False,,,False
The-Pocket/Tutorial-Cursor,2025-07,treatment,0e69c81e74a3927d34b760beaca3a7775d650051,1411.0,0.0,0.0,41.0,1.9,19.6,367.0,355.0,41.0,,,,,,,,,,,,,,,left_only,,,False,,,False,,,False,,,False,,,False,,,False,,,False,,,False,,,False
The-Pocket/Tutorial-Cursor,2025-08,treatment,0e69c81e74a3927d34b760beaca3a7775d650051,1411.0,0.0,0.0,41.0,1.9,19.6,367.0,355.0,41.0,,,,,,,,,,,,,,,left_only,,,False,,,False,,,False,,,False,,,False,,,False,,,False,,,False,,,False
TheSethRose/Agent-Chat,2024-10,treatment,464bdbd1b280f5a15358aca50b7c8e60a4d5ff04,356.0,0.0,1.0,13.0,0.0,25.5,77.0,76.0,14.0,1,2024-10,1,0.0,treatment,356.0,0.0,0.0,4.0,0.0,25.5,77.0,31.0,4.0,both,0.0,0.0,True,0.0,0.0,True,1.0,1.0,False,9.0,9.0,False,0.0,0.0,True,0.0,0.0,True,0.0,0.0,True,45.0,45.0,False,10.0,10.0,False
TheSethRose/Agent-Chat,2024-11,treatment,464bdbd1b280f5a15358aca50b7c8e60a4d5ff04,356.0,0.0,1.0,13.0,0.0,25.5,77.0,76.0,14.0,,,,,,,,,,,,,,,left_only,,,False,,,False,,,False,,,False,,,False,,,False,,,False,,,False,,,False
TheSethRose/Agent-Chat,2024-12,treatment,464bdbd1b280f5a15358aca50b7c8e60a4d5ff04,356.0,0.0,1.0,13.0,0.0,25.5,77.0,76.0,14.0,,,,,,,,,,,,,,,left_only,,,False,,,False,,,False,,,False,,,False,,,False,,,False,,,False,,,False
TheSethRose/Agent-Chat,2025-01,treatment,464bdbd1b280f5a15358aca50b7c8e60a4d5ff04,356.0,0.0,1.0,13.0,0.0,25.5,77.0,76.0,14.0,,,,,,,,,,,,,,,left_only,,,False,,,False,,,False,,,False,,,False,,,False,,,False,,,False,,,False
TheSethRose/Agent-Chat,2025-02,treatment,464bdbd1b280f5a15358aca50b7c8e60a4d5ff04,356.0,0.0,1.0,13.0,0.0,25.5,77.0,76.0,14.0,,,,,,,,,,,,,,,left_only,,,False,,,False,,,False,,,False,,,False,,,False,,,False,,,False,,,False
TheSethRose/Agent-Chat,2025-03,treatment,464bdbd1b280f5a15358aca50b7c8e60a4d5ff04,356.0,0.0,1.0,13.0,0.0,25.5,77.0,76.0,14.0,,,,,,,,,,,,,,,left_only,,,False,,,False,,,False,,,False,,,False,,,False,,,False,,,False,,,False
TheSethRose/Agent-Chat,2025-04,treatment,464bdbd1b280f5a15358aca50b7c8e60a4d5ff04,356.0,0.0,1.0,13.0,0.0,25.5,77.0,76.0,14.0,,,,,,,,,,,,,,,left_only,,,False,,,False,,,False,,,False,,,False,,,False,,,False,,,False,,,False
TheSethRose/Agent-Chat,2025-05,treatment,464bdbd1b280f5a15358aca50b7c8e60a4d5ff04,356.0,0.0,1.0,13.0,0.0,25.5,77.0,76.0,14.0,,,,,,,,,,,,,,,left_only,,,False,,,False,,,False,,,False,,,False,,,False,,,False,,,False,,,False
TheSethRose/Agent-Chat,2025-06,treatment,464bdbd1b280f5a15358aca50b7c8e60a4d5ff04,356.0,0.0,1.0,13.0,0.0,25.5,77.0,76.0,14.0,,,,,,,,,,,,,,,left_only,,,False,,,False,,,False,,,False,,,False,,,False,,,False,,,False,,,False
TheSethRose/Agent-Chat,2025-07,treatment,464bdbd1b280f5a15358aca50b7c8e60a4d5ff04,356.0,0.0,1.0,13.0,0.0,25.5,77.0,76.0,14.0,,,,,,,,,,,,,,,left_only,,,False,,,False,,,False,,,False,,,False,,,False,,,False,,,False,,,False
TheSethRose/Agent-Chat,2025-08,treatment,464bdbd1b280f5a15358aca50b7c8e60a4d5ff04,356.0,0.0,1.0,13.0,0.0,25.5,77.0,76.0,14.0,,,,,,,,,,,,,,,left_only,,,False,,,False,,,False,,,False,,,False,,,False,,,False,,,False,,,False
ToolUse/infinite-ai-seo,2025-02,treatment,d4019a3edb442ae7ffddbfdad289ec92400d32ee,1122.0,2.0,0.0,13.0,0.0,20.3,260.0,175.0,15.0,1,2025-02,1,0.0,treatment,1122.0,2.0,0.0,12.0,0.0,20.3,260.0,170.0,14.0,both,0.0,0.0,True,0.0,0.0,True,0.0,0.0,True,1.0,1.0,False,0.0,0.0,True,0.0,0.0,True,0.0,0.0,True,5.0,5.0,False,1.0,1.0,False
ToolUse/infinite-ai-seo,2025-03,treatment,d4019a3edb442ae7ffddbfdad289ec92400d32ee,1122.0,2.0,0.0,13.0,0.0,20.3,260.0,175.0,15.0,1,2025-02,1,1.0,treatment,1122.0,2.0,0.0,12.0,0.0,20.3,260.0,170.0,14.0,both,0.0,0.0,True,0.0,0.0,True,0.0,0.0,True,1.0,1.0,False,0.0,0.0,True,0.0,0.0,True,0.0,0.0,True,5.0,5.0,False,1.0,1.0,False
ToolUse/infinite-ai-seo,2025-04,treatment,d4019a3edb442ae7ffddbfdad289ec92400d32ee,1122.0,2.0,0.0,13.0,0.0,20.3,260.0,175.0,15.0,,,,,,,,,,,,,,,left_only,,,False,,,False,,,False,,,False,,,False,,,False,,,False,,,False,,,False
ToolUse/infinite-ai-seo,2025-05,treatment,d4019a3edb442ae7ffddbfdad289ec92400d32ee,1122.0,2.0,0.0,13.0,0.0,20.3,260.0,175.0,15.0,,,,,,,,,,,,,,,left_only,,,False,,,False,,,False,,,False,,,False,,,False,,,False,,,False,,,False
ToolUse/infinite-ai-seo,2025-06,treatment,d4019a3edb442ae7ffddbfdad289ec92400d32ee,1122.0,2.0,0.0,13.0,0.0,20.3,260.0,175.0,15.0,,,,,,,,,,,,,,,left_only,,,False,,,False,,,False,,,False,,,False,,,False,,,False,,,False,,,False
ToolUse/infinite-ai-seo,2025-07,treatment,d4019a3edb442ae7ffddbfdad289ec92400d32ee,1122.0,2.0,0.0,13.0,0.0,20.3,260.0,175.0,15.0,,,,,,,,,,,,,,,left_only,,,False,,,False,,,False,,,False,,,False,,,False,,,False,,,False,,,False
ToolUse/infinite-ai-seo,2025-08,treatment,d4019a3edb442ae7ffddbfdad289ec92400d32ee,1122.0,2.0,0.0,13.0,0.0,20.3,260.0,175.0,15.0,,,,,,,,,,,,,,,left_only,,,False,,,False,,,False,,,False,,,False,,,False,,,False,,,False,,,False
ToolUse/tool-use-ai,2024-09,treatment,63fed9afe7605f446c0a6975d65c9bdf50fbb7ca,4.0,0.0,0.0,0.0,0.0,20.0,0.0,0.0,0.0,0,2024-12,0,-3.0,treatment,4.0,0.0,0.0,0.0,0.0,20.0,0.0,0.0,0.0,both,0.0,0.0,True,0.0,0.0,True,0.0,0.0,True,0.0,0.0,True,0.0,0.0,True,0.0,0.0,True,0.0,0.0,True,0.0,0.0,True,0.0,0.0,True
ToolUse/tool-use-ai,2024-10,treatment,9553c45a69c3918d93ffcd4cbf2a07b1102e71aa,2276.0,0.0,2.0,28.0,0.0,6.7,427.0,247.0,30.0,0,2024-12,0,-2.0,treatment,2276.0,0.0,1.0,27.0,0.0,6.7,427.0,242.0,28.0,both,0.0,0.0,True,0.0,0.0,True,1.0,1.0,False,1.0,1.0,False,0.0,0.0,True,0.0,0.0,True,0.0,0.0,True,5.0,5.0,False,2.0,2.0,False
ToolUse/tool-use-ai,2024-11,treatment,bd1c2d1b3ed770cc428a33199e1c98d1f8a3a103,2977.0,0.0,2.0,32.0,0.0,7.3,537.0,276.0,34.0,0,2024-12,0,-1.0,treatment,2977.0,0.0,1.0,31.0,0.0,7.3,537.0,271.0,32.0,both,0.0,0.0,True,0.0,0.0,True,1.0,1.0,False,1.0,1.0,False,0.0,0.0,True,0.0,0.0,True,0.0,0.0,True,5.0,5.0,False,2.0,2.0,False
ToolUse/tool-use-ai,2024-12,treatment,79f6853e69fda911b583f199df3d93def253712c,3316.0,0.0,2.0,37.0,0.0,7.4,574.0,308.0,39.0,1,2024-12,1,0.0,treatment,3316.0,0.0,1.0,36.0,0.0,7.4,574.0,303.0,37.0,both,0.0,0.0,True,0.0,0.0,True,1.0,1.0,False,1.0,1.0,False,0.0,0.0,True,0.0,0.0,True,0.0,0.0,True,5.0,5.0,False,2.0,2.0,False
ToolUse/tool-use-ai,2025-01,treatment,79f6853e69fda911b583f199df3d93def253712c,3316.0,0.0,2.0,37.0,0.0,7.4,574.0,308.0,39.0,1,2024-12,1,1.0,treatment,3316.0,0.0,1.0,36.0,0.0,7.4,574.0,303.0,37.0,both,0.0,0.0,True,0.0,0.0,True,1.0,1.0,False,1.0,1.0,False,0.0,0.0,True,0.0,0.0,True,0.0,0.0,True,5.0,5.0,False,2.0,2.0,False
ToolUse/tool-use-ai,2025-02,treatment,79f6853e69fda911b583f199df3d93def253712c,3316.0,0.0,2.0,37.0,0.0,7.4,574.0,308.0,39.0,1,2024-12,1,2.0,treatment,3316.0,0.0,1.0,36.0,0.0,7.4,574.0,303.0,37.0,both,0.0,0.0,True,0.0,0.0,True,1.0,1.0,False,1.0,1.0,False,0.0,0.0,True,0.0,0.0,True,0.0,0.0,True,5.0,5.0,False,2.0,2.0,False
ToolUse/tool-use-ai,2025-03,treatment,79f6853e69fda911b583f199df3d93def253712c,3316.0,0.0,2.0,37.0,0.0,7.4,574.0,308.0,39.0,1,2024-12,1,3.0,treatment,3316.0,0.0,1.0,36.0,0.0,7.4,574.0,303.0,37.0,both,0.0,0.0,True,0.0,0.0,True,1.0,1.0,False,1.0,1.0,False,0.0,0.0,True,0.0,0.0,True,0.0,0.0,True,5.0,5.0,False,2.0,2.0,False
ToolUse/tool-use-ai,2025-04,treatment,ea9f4df00a3334325140e0045c50fdb1f9918e34,3316.0,0.0,2.0,37.0,0.0,7.4,574.0,308.0,39.0,1,2024-12,1,4.0,treatment,3316.0,0.0,1.0,36.0,0.0,7.4,574.0,303.0,37.0,both,0.0,0.0,True,0.0,0.0,True,1.0,1.0,False,1.0,1.0,False,0.0,0.0,True,0.0,0.0,True,0.0,0.0,True,5.0,5.0,False,2.0,2.0,False
ToolUse/tool-use-ai,2025-05,treatment,ea9f4df00a3334325140e0045c50fdb1f9918e34,3316.0,0.0,2.0,37.0,0.0,7.4,574.0,308.0,39.0,,,,,,,,,,,,,,,left_only,,,False,,,False,,,False,,,False,,,False,,,False,,,False,,,False,,,False
ToolUse/tool-use-ai,2025-06,treatment,ea9f4df00a3334325140e0045c50fdb1f9918e34,3316.0,0.0,2.0,37.0,0.0,7.4,574.0,308.0,39.0,,,,,,,,,,,,,,,left_only,,,False,,,False,,,False,,,False,,,False,,,False,,,False,,,False,,,False
ToolUse/tool-use-ai,2025-07,treatment,ea9f4df00a3334325140e0045c50fdb1f9918e34,3316.0,0.0,2.0,37.0,0.0,7.4,574.0,308.0,39.0,,,,,,,,,,,,,,,left_only,,,False,,,False,,,False,,,False,,,False,,,False,,,False,,,False,,,False
ToolUse/tool-use-ai,2025-08,treatment,ea9f4df00a3334325140e0045c50fdb1f9918e34,3316.0,0.0,2.0,37.0,0.0,7.4,574.0,308.0,39.0,,,,,,,,,,,,,,,left_only,,,False,,,False,,,False,,,False,,,False,,,False,,,False,,,False,,,False
VRSEN/agency-swarm,2024-01,treatment,9c7301539aed37d5e02e8fd9503d388c2cc3cb42,3306.0,1.0,2.0,93.0,1.5,14.4,776.0,885.0,96.0,0,2024-10,0,-9.0,treatment,3306.0,1.0,0.0,90.0,1.5,14.4,776.0,893.0,91.0,both,0.0,0.0,True,0.0,0.0,True,2.0,2.0,False,3.0,3.0,False,0.0,0.0,True,0.0,0.0,True,0.0,0.0,True,-8.0,8.0,False,5.0,5.0,False
VRSEN/agency-swarm,2024-02,treatment,cb885ab6cac83cc2bdaa1fd3a854b6f4992228b1,3598.0,1.0,2.0,97.0,0.8,14.9,872.0,885.0,100.0,0,2024-10,0,-8.0,treatment,3598.0,1.0,0.0,93.0,0.8,14.9,872.0,888.0,94.0,both,0.0,0.0,True,0.0,0.0,True,2.0,2.0,False,4.0,4.0,False,0.0,0.0,True,0.0,0.0,True,0.0,0.0,True,-3.0,3.0,False,6.0,6.0,False
VRSEN/agency-swarm,2024-03,treatment,1db162e90e61f52fb5983505ed89a211dffad6f2,3305.0,1.0,2.0,94.0,0.0,14.9,848.0,893.0,97.0,0,2024-10,0,-7.0,treatment,3176.0,1.0,0.0,90.0,0.0,15.3,827.0,874.0,91.0,both,129.0,129.0,False,0.0,0.0,True,2.0,2.0,False,4.0,4.0,False,0.0,0.0,True,-0.40000000000000036,0.40000000000000036,False,21.0,21.0,False,19.0,19.0,False,6.0,6.0,False
VRSEN/agency-swarm,2024-04,treatment,53843abd131687692cee17c024984f27e17441b8,5061.0,2.0,2.0,136.0,1.4,12.6,1146.0,1177.0,140.0,0,2024-10,0,-6.0,treatment,5061.0,2.0,0.0,134.0,1.4,12.6,1146.0,1174.0,136.0,both,0.0,0.0,True,0.0,0.0,True,2.0,2.0,False,2.0,2.0,False,0.0,0.0,True,0.0,0.0,True,0.0,0.0,True,3.0,3.0,False,4.0,4.0,False
VRSEN/agency-swarm,2024-05,treatment,48f57bff6b88858243cc1712b0709dd8b39e056e,5219.0,2.0,2.0,142.0,0.0,12.7,1315.0,1389.0,146.0,0,2024-10,0,-5.0,treatment,5219.0,2.0,0.0,141.0,0.0,12.7,1315.0,1391.0,143.0,both,0.0,0.0,True,0.0,0.0,True,2.0,2.0,False,1.0,1.0,False,0.0,0.0,True,0.0,0.0,True,0.0,0.0,True,-2.0,2.0,False,3.0,3.0,False
VRSEN/agency-swarm,2024-06,treatment,1c105c02bc7c42261ed20d3a423ffb0748f260cd,5220.0,2.0,2.0,142.0,0.0,12.7,1316.0,1390.0,146.0,0,2024-10,0,-4.0,treatment,5220.0,2.0,0.0,141.0,0.0,12.7,1316.0,1392.0,143.0,both,0.0,0.0,True,0.0,0.0,True,2.0,2.0,False,1.0,1.0,False,0.0,0.0,True,0.0,0.0,True,0.0,0.0,True,-2.0,2.0,False,3.0,3.0,False
VRSEN/agency-swarm,2024-07,treatment,a85ce7e413902b0852cf2a33e99744ca1bcacea7,5491.0,1.0,2.0,160.0,0.0,12.7,1430.0,1583.0,163.0,0,2024-10,0,-3.0,treatment,5491.0,1.0,0.0,158.0,0.0,12.7,1430.0,1582.0,159.0,both,0.0,0.0,True,0.0,0.0,True,2.0,2.0,False,2.0,2.0,False,0.0,0.0,True,0.0,0.0,True,0.0,0.0,True,1.0,1.0,False,4.0,4.0,False
VRSEN/agency-swarm,2024-08,treatment,2107467d8bfea24b2ed00e8a56a8917fa5dc398b,5697.0,1.0,2.0,166.0,0.0,13.2,1466.0,1638.0,169.0,0,2024-10,0,-2.0,treatment,5697.0,1.0,0.0,164.0,0.0,13.2,1466.0,1637.0,165.0,both,0.0,0.0,True,0.0,0.0,True,2.0,2.0,False,2.0,2.0,False,0.0,0.0,True,0.0,0.0,True,0.0,0.0,True,1.0,1.0,False,4.0,4.0,False
VRSEN/agency-swarm,2024-09,treatment,f7d31f6c3adc7643c7cd2a8ecf179727eb472c4c,5708.0,1.0,2.0,166.0,0.0,13.2,1465.0,1623.0,169.0,0,2024-10,0,-1.0,treatment,5708.0,1.0,0.0,163.0,0.0,13.2,1465.0,1617.0,164.0,both,0.0,0.0,True,0.0,0.0,True,2.0,2.0,False,3.0,3.0,False,0.0,0.0,True,0.0,0.0,True,0.0,0.0,True,6.0,6.0,False,5.0,5.0,False
VRSEN/agency-swarm,2024-10,treatment,fbf3cb6670e5a8c4cba18f52353cd90fdf0505b1,5742.0,1.0,2.0,165.0,0.0,13.2,1492.0,1645.0,168.0,1,2024-10,1,0.0,treatment,5742.0,1.0,0.0,163.0,0.0,13.2,1492.0,1644.0,164.0,both,0.0,0.0,True,0.0,0.0,True,2.0,2.0,False,2.0,2.0,False,0.0,0.0,True,0.0,0.0,True,0.0,0.0,True,1.0,1.0,False,4.0,4.0,False
VRSEN/agency-swarm,2024-11,treatment,85180da2f42fec93ac9252567feb3f02f0a86c44,7064.0,1.0,2.0,174.0,0.0,11.5,1529.0,1720.0,177.0,1,2024-10,1,1.0,treatment,7064.0,1.0,0.0,162.0,0.0,11.5,1529.0,1669.0,163.0,both,0.0,0.0,True,0.0,0.0,True,2.0,2.0,False,12.0,12.0,False,0.0,0.0,True,0.0,0.0,True,0.0,0.0,True,51.0,51.0,False,14.0,14.0,False
VRSEN/agency-swarm,2024-12,treatment,b86abc0161578cfd515df69e31eaa3ea510ca014,7072.0,1.0,2.0,174.0,0.0,11.5,1530.0,1720.0,177.0,1,2024-10,1,2.0,treatment,7072.0,1.0,0.0,162.0,0.0,11.5,1530.0,1669.0,163.0,both,0.0,0.0,True,0.0,0.0,True,2.0,2.0,False,12.0,12.0,False,0.0,0.0,True,0.0,0.0,True,0.0,0.0,True,51.0,51.0,False,14.0,14.0,False
VRSEN/agency-swarm,2025-01,treatment,8bc648e399de9e70ef52f5b3dc36ddf606abb2b2,7083.0,1.0,2.0,174.0,0.0,11.5,1533.0,1720.0,177.0,1,2024-10,1,3.0,treatment,7083.0,1.0,0.0,162.0,0.0,11.5,1533.0,1669.0,163.0,both,0.0,0.0,True,0.0,0.0,True,2.0,2.0,False,12.0,12.0,False,0.0,0.0,True,0.0,0.0,True,0.0,0.0,True,51.0,51.0,False,14.0,14.0,False
VRSEN/agency-swarm,2025-02,treatment,38329d13a91487cee00fdb3eccb8c5deb6a7d3e3,7119.0,1.0,2.0,172.0,0.0,11.7,1538.0,1680.0,175.0,1,2024-10,1,4.0,treatment,7119.0,1.0,0.0,161.0,0.0,11.7,1538.0,1634.0,162.0,both,0.0,0.0,True,0.0,0.0,True,2.0,2.0,False,11.0,11.0,False,0.0,0.0,True,0.0,0.0,True,0.0,0.0,True,46.0,46.0,False,13.0,13.0,False
VRSEN/agency-swarm,2025-03,treatment,4b18a7ff2faa51f5c12193db2b517ce06d346dd2,8218.0,1.0,2.0,176.0,0.0,11.6,1553.0,1630.0,179.0,1,2024-10,1,5.0,treatment,8163.0,1.0,0.0,170.0,0.0,11.5,1540.0,1608.0,171.0,both,55.0,55.0,False,0.0,0.0,True,2.0,2.0,False,6.0,6.0,False,0.0,0.0,True,0.09999999999999964,0.09999999999999964,False,13.0,13.0,False,22.0,22.0,False,8.0,8.0,False
VRSEN/agency-swarm,2025-04,treatment,4b229bc91a849a86faec635218862fd9f30f5fe2,9062.0,2.0,2.0,194.0,0.0,12.6,1695.0,1717.0,198.0,1,2024-10,1,6.0,treatment,9062.0,2.0,0.0,181.0,0.0,12.6,1695.0,1669.0,183.0,both,0.0,0.0,True,0.0,0.0,True,2.0,2.0,False,13.0,13.0,False,0.0,0.0,True,0.0,0.0,True,0.0,0.0,True,48.0,48.0,False,15.0,15.0,False
VRSEN/agency-swarm,2025-05,treatment,9ee826298cecf38db561ffb3aa8c61ec166bc5f0,5411.0,2.0,2.0,63.0,0.0,24.6,988.0,580.0,67.0,1,2024-10,1,7.0,treatment,5411.0,2.0,0.0,74.0,0.0,24.6,988.0,567.0,76.0,both,0.0,0.0,True,0.0,0.0,True,2.0,2.0,False,-11.0,11.0,False,0.0,0.0,True,0.0,0.0,True,0.0,0.0,True,13.0,13.0,False,-9.0,9.0,False
VRSEN/agency-swarm,2025-06,treatment,aedb2e5438ed6d81e7618441839662cf205b2e54,9029.0,5.0,2.0,97.0,0.8,22.3,1705.0,1088.0,104.0,1,2024-10,1,8.0,treatment,9022.0,9.0,0.0,76.0,0.8,22.3,1705.0,988.0,85.0,both,7.0,7.0,False,-4.0,4.0,False,2.0,2.0,False,21.0,21.0,False,0.0,0.0,True,0.0,0.0,True,0.0,0.0,True,100.0,100.0,False,19.0,19.0,False
VRSEN/agency-swarm,2025-07,treatment,7c81427ad9cb69b3a7e0101fd703d07840224057,10239.0,6.0,2.0,94.0,2.7,23.1,1901.0,1077.0,102.0,1,2024-10,1,9.0,treatment,10232.0,7.0,0.0,82.0,2.7,23.1,1901.0,1023.0,89.0,both,7.0,7.0,False,-1.0,1.0,False,2.0,2.0,False,12.0,12.0,False,0.0,0.0,True,0.0,0.0,True,0.0,0.0,True,54.0,54.0,False,13.0,13.0,False
VRSEN/agency-swarm,2025-08,treatment,7fe6207bc8ccaaf6d87513eb9f11a66bae61f845,15231.0,8.0,2.0,118.0,3.0,21.7,3276.0,1563.0,128.0,1,2024-10,1,10.0,treatment,15224.0,8.0,0.0,104.0,3.0,21.7,3276.0,1893.0,112.0,both,7.0,7.0,False,0.0,0.0,True,2.0,2.0,False,14.0,14.0,False,0.0,0.0,True,0.0,0.0,True,0.0,0.0,True,-330.0,330.0,False,16.0,16.0,False
VRSEN/agency-swarm-memory-demo,2025-02,treatment,28f98de9ae21b822690afc595f84f910189cece9,217.0,0.0,0.0,2.0,0.0,9.6,51.0,20.0,2.0,1,2025-02,1,0.0,treatment,217.0,0.0,0.0,2.0,0.0,9.6,51.0,20.0,2.0,both,0.0,0.0,True,0.0,0.0,True,0.0,0.0,True,0.0,0.0,True,0.0,0.0,True,0.0,0.0,True,0.0,0.0,True,0.0,0.0,True,0.0,0.0,True
VRSEN/agency-swarm-memory-demo,2025-03,treatment,28f98de9ae21b822690afc595f84f910189cece9,217.0,0.0,0.0,2.0,0.0,9.6,51.0,20.0,2.0,,,,,,,,,,,,,,,left_only,,,False,,,False,,,False,,,False,,,False,,,False,,,False,,,False,,,False
VRSEN/agency-swarm-memory-demo,2025-04,treatment,28f98de9ae21b822690afc595f84f910189cece9,217.0,0.0,0.0,2.0,0.0,9.6,51.0,20.0,2.0,,,,,,,,,,,,,,,left_only,,,False,,,False,,,False,,,False,,,False,,,False,,,False,,,False,,,False
VRSEN/agency-swarm-memory-demo,2025-05,treatment,28f98de9ae21b822690afc595f84f910189cece9,217.0,0.0,0.0,2.0,0.0,9.6,51.0,20.0,2.0,,,,,,,,,,,,,,,left_only,,,False,,,False,,,False,,,False,,,False,,,False,,,False,,,False,,,False
VRSEN/agency-swarm-memory-demo,2025-06,treatment,28f98de9ae21b822690afc595f84f910189cece9,217.0,0.0,0.0,2.0,0.0,9.6,51.0,20.0,2.0,,,,,,,,,,,,,,,left_only,,,False,,,False,,,False,,,False,,,False,,,False,,,False,,,False,,,False
VRSEN/agency-swarm-memory-demo,2025-07,treatment,28f98de9ae21b822690afc595f84f910189cece9,217.0,0.0,0.0,2.0,0.0,9.6,51.0,20.0,2.0,,,,,,,,,,,,,,,left_only,,,False,,,False,,,False,,,False,,,False,,,False,,,False,,,False,,,False
VRSEN/agency-swarm-memory-demo,2025-08,treatment,28f98de9ae21b822690afc595f84f910189cece9,217.0,0.0,0.0,2.0,0.0,9.6,51.0,20.0,2.0,,,,,,,,,,,,,,,left_only,,,False,,,False,,,False,,,False,,,False,,,False,,,False,,,False,,,False
VRSEN/agency-voice-interface,2024-10,treatment,4bc9c9f739d2f776e38c7317051bd3153d54aaa2,2603.0,5.0,0.0,28.0,0.0,8.4,369.0,233.0,33.0,1,2024-10,1,0.0,treatment,2603.0,0.0,0.0,23.0,0.0,8.4,369.0,208.0,23.0,both,0.0,0.0,True,5.0,5.0,False,0.0,0.0,True,5.0,5.0,False,0.0,0.0,True,0.0,0.0,True,0.0,0.0,True,25.0,25.0,False,10.0,10.0,False
VRSEN/agency-voice-interface,2024-11,treatment,07918baab9d7be443e9ecf5d2244a5885ca32290,2603.0,5.0,0.0,28.0,0.0,8.4,369.0,233.0,33.0,1,2024-10,1,1.0,treatment,2603.0,0.0,0.0,23.0,0.0,8.4,369.0,208.0,23.0,both,0.0,0.0,True,5.0,5.0,False,0.0,0.0,True,5.0,5.0,False,0.0,0.0,True,0.0,0.0,True,0.0,0.0,True,25.0,25.0,False,10.0,10.0,False
VRSEN/agency-voice-interface,2024-12,treatment,07918baab9d7be443e9ecf5d2244a5885ca32290,2603.0,5.0,0.0,28.0,0.0,8.4,369.0,233.0,33.0,1,2024-10,1,2.0,treatment,2603.0,0.0,0.0,23.0,0.0,8.4,369.0,208.0,23.0,both,0.0,0.0,True,5.0,5.0,False,0.0,0.0,True,5.0,5.0,False,0.0,0.0,True,0.0,0.0,True,0.0,0.0,True,25.0,25.0,False,10.0,10.0,False
VRSEN/agency-voice-interface,2025-01,treatment,2d9d39ce02d9cb9628e8de79b3543fe05885ad42,2603.0,5.0,0.0,28.0,0.0,8.4,369.0,233.0,33.0,1,2024-10,1,3.0,treatment,2603.0,0.0,0.0,23.0,0.0,8.4,369.0,208.0,23.0,both,0.0,0.0,True,5.0,5.0,False,0.0,0.0,True,5.0,5.0,False,0.0,0.0,True,0.0,0.0,True,0.0,0.0,True,25.0,25.0,False,10.0,10.0,False
VRSEN/agency-voice-interface,2025-02,treatment,2d9d39ce02d9cb9628e8de79b3543fe05885ad42,2603.0,5.0,0.0,28.0,0.0,8.4,369.0,233.0,33.0,,,,,,,,,,,,,,,left_only,,,False,,,False,,,False,,,False,,,False,,,False,,,False,,,False,,,False
VRSEN/agency-voice-interface,2025-03,treatment,2d9d39ce02d9cb9628e8de79b3543fe05885ad42,2603.0,5.0,0.0,28.0,0.0,8.4,369.0,233.0,33.0,,,,,,,,,,,,,,,left_only,,,False,,,False,,,False,,,False,,,False,,,False,,,False,,,False,,,False
VRSEN/agency-voice-interface,2025-04,treatment,2d9d39ce02d9cb9628e8de79b3543fe05885ad42,2603.0,5.0,0.0,28.0,0.0,8.4,369.0,233.0,33.0,,,,,,,,,,,,,,,left_only,,,False,,,False,,,False,,,False,,,False,,,False,,,False,,,False,,,False
VRSEN/agency-voice-interface,2025-05,treatment,2d9d39ce02d9cb9628e8de79b3543fe05885ad42,2603.0,5.0,0.0,28.0,0.0,8.4,369.0,233.0,33.0,,,,,,,,,,,,,,,left_only,,,False,,,False,,,False,,,False,,,False,,,False,,,False,,,False,,,False
VRSEN/agency-voice-interface,2025-06,treatment,2d9d39ce02d9cb9628e8de79b3543fe05885ad42,2603.0,5.0,0.0,28.0,0.0,8.4,369.0,233.0,33.0,,,,,,,,,,,,,,,left_only,,,False,,,False,,,False,,,False,,,False,,,False,,,False,,,False,,,False
VRSEN/agency-voice-interface,2025-07,treatment,2d9d39ce02d9cb9628e8de79b3543fe05885ad42,2603.0,5.0,0.0,28.0,0.0,8.4,369.0,233.0,33.0,,,,,,,,,,,,,,,left_only,,,False,,,False,,,False,,,False,,,False,,,False,,,False,,,False,,,False
VRSEN/agency-voice-interface,2025-08,treatment,2d9d39ce02d9cb9628e8de79b3543fe05885ad42,2603.0,5.0,0.0,28.0,0.0,8.4,369.0,233.0,33.0,,,,,,,,,,,,,,,left_only,,,False,,,False,,,False,,,False,,,False,,,False,,,False,,,False,,,False
W1ndys/Blog,2024-03,treatment,33e51494323b2f01186f3023afd927502664e71e,2033.0,1.0,3.0,31.0,60.2,2.6,3.0,152.0,35.0,0,2025-01,0,-10.0,treatment,2033.0,1.0,0.0,27.0,61.1,2.6,3.0,135.0,28.0,both,0.0,0.0,True,0.0,0.0,True,3.0,3.0,False,4.0,4.0,False,-0.8999999999999986,0.8999999999999986,False,0.0,0.0,True,0.0,0.0,True,17.0,17.0,False,7.0,7.0,False
W1ndys/Blog,2024-04,treatment,5ebe6b051a1482b384fdcf2f831e1d3d4b916b16,2054.0,1.0,2.0,31.0,59.9,3.3,3.0,152.0,34.0,0,2025-01,0,-9.0,treatment,2055.0,1.0,0.0,27.0,59.9,3.3,3.0,135.0,28.0,both,-1.0,1.0,False,0.0,0.0,True,2.0,2.0,False,4.0,4.0,False,0.0,0.0,True,0.0,0.0,True,0.0,0.0,True,17.0,17.0,False,6.0,6.0,False
W1ndys/Blog,2024-05,treatment,249c8386ca3d6517d4c4c6044626272eb5bd07c6,1927.0,0.0,1.0,17.0,63.9,3.1,3.0,82.0,18.0,0,2025-01,0,-8.0,treatment,1928.0,0.0,0.0,13.0,63.9,3.1,3.0,65.0,13.0,both,-1.0,1.0,False,0.0,0.0,True,1.0,1.0,False,4.0,4.0,False,0.0,0.0,True,0.0,0.0,True,0.0,0.0,True,17.0,17.0,False,5.0,5.0,False
W1ndys/Blog,2024-06,treatment,27aadd3fe40257751f44667ea15aaae8b380e19e,1927.0,0.0,1.0,17.0,63.9,3.1,3.0,82.0,18.0,0,2025-01,0,-7.0,treatment,1928.0,0.0,0.0,13.0,63.9,3.1,3.0,65.0,13.0,both,-1.0,1.0,False,0.0,0.0,True,1.0,1.0,False,4.0,4.0,False,0.0,0.0,True,0.0,0.0,True,0.0,0.0,True,17.0,17.0,False,5.0,5.0,False
W1ndys/Blog,2024-07,treatment,7a7b3ae0431840dca0ce55980c45d852e8389b52,1927.0,0.0,1.0,17.0,63.9,3.1,3.0,82.0,18.0,0,2025-01,0,-6.0,treatment,1928.0,0.0,0.0,13.0,63.9,3.1,3.0,65.0,13.0,both,-1.0,1.0,False,0.0,0.0,True,1.0,1.0,False,4.0,4.0,False,0.0,0.0,True,0.0,0.0,True,0.0,0.0,True,17.0,17.0,False,5.0,5.0,False
W1ndys/Blog,2024-08,treatment,5606c3bc72e76804e0c217d43b2c0e000a11dc5f,1926.0,0.0,1.0,17.0,63.9,3.1,3.0,82.0,18.0,0,2025-01,0,-5.0,treatment,1927.0,0.0,0.0,13.0,63.9,3.1,3.0,65.0,13.0,both,-1.0,1.0,False,0.0,0.0,True,1.0,1.0,False,4.0,4.0,False,0.0,0.0,True,0.0,0.0,True,0.0,0.0,True,17.0,17.0,False,5.0,5.0,False
W1ndys/Blog,2024-09,treatment,fd5eeb5a91b6b5212904d720949127b7e1df2998,1926.0,0.0,1.0,17.0,63.9,3.1,3.0,82.0,18.0,0,2025-01,0,-4.0,treatment,1927.0,0.0,0.0,13.0,63.9,3.1,3.0,65.0,13.0,both,-1.0,1.0,False,0.0,0.0,True,1.0,1.0,False,4.0,4.0,False,0.0,0.0,True,0.0,0.0,True,0.0,0.0,True,17.0,17.0,False,5.0,5.0,False
W1ndys/Blog,2024-10,treatment,53efdf6dc7dd21ee8f973e7c6830de1f55241898,1926.0,0.0,1.0,17.0,63.9,3.1,3.0,82.0,18.0,0,2025-01,0,-3.0,treatment,1927.0,0.0,0.0,13.0,63.9,3.1,3.0,65.0,13.0,both,-1.0,1.0,False,0.0,0.0,True,1.0,1.0,False,4.0,4.0,False,0.0,0.0,True,0.0,0.0,True,0.0,0.0,True,17.0,17.0,False,5.0,5.0,False
W1ndys/Blog,2024-11,treatment,b15b8ac5b4b00e5a014f54a7c7d31836bf33ca08,1926.0,0.0,1.0,17.0,63.9,3.1,3.0,82.0,18.0,0,2025-01,0,-2.0,treatment,1927.0,0.0,0.0,13.0,63.9,3.1,3.0,65.0,13.0,both,-1.0,1.0,False,0.0,0.0,True,1.0,1.0,False,4.0,4.0,False,0.0,0.0,True,0.0,0.0,True,0.0,0.0,True,17.0,17.0,False,5.0,5.0,False
W1ndys/Blog,2024-12,treatment,5101138c9215c611a2b42dba88ff4dc757bece6d,1926.0,0.0,1.0,17.0,63.9,3.1,3.0,82.0,18.0,0,2025-01,0,-1.0,treatment,1927.0,0.0,0.0,13.0,63.9,3.1,3.0,65.0,13.0,both,-1.0,1.0,False,0.0,0.0,True,1.0,1.0,False,4.0,4.0,False,0.0,0.0,True,0.0,0.0,True,0.0,0.0,True,17.0,17.0,False,5.0,5.0,False
W1ndys/Blog,2025-01,treatment,52d0ed50a03ec134417dba3b1f308c8035266974,182.0,0.0,0.0,4.0,0.0,17.3,16.0,20.0,4.0,1,2025-01,1,0.0,treatment,182.0,0.0,0.0,4.0,0.0,17.3,16.0,20.0,4.0,both,0.0,0.0,True,0.0,0.0,True,0.0,0.0,True,0.0,0.0,True,0.0,0.0,True,0.0,0.0,True,0.0,0.0,True,0.0,0.0,True,0.0,0.0,True
W1ndys/Blog,2025-02,treatment,793f1048a3a3644e8dd0e662e207e1bbffae10b2,181.0,0.0,0.0,5.0,0.0,17.4,16.0,25.0,5.0,1,2025-01,1,1.0,treatment,181.0,0.0,0.0,5.0,0.0,17.4,16.0,25.0,5.0,both,0.0,0.0,True,0.0,0.0,True,0.0,0.0,True,0.0,0.0,True,0.0,0.0,True,0.0,0.0,True,0.0,0.0,True,0.0,0.0,True,0.0,0.0,True
W1ndys/Blog,2025-03,treatment,c7736514b4fc2572f10b1f4518ae2fd297ec1901,181.0,0.0,0.0,5.0,0.0,17.4,16.0,25.0,5.0,1,2025-01,1,2.0,treatment,181.0,0.0,0.0,5.0,0.0,17.4,16.0,25.0,5.0,both,0.0,0.0,True,0.0,0.0,True,0.0,0.0,True,0.0,0.0,True,0.0,0.0,True,0.0,0.0,True,0.0,0.0,True,0.0,0.0,True,0.0,0.0,True
W1ndys/Blog,2025-04,treatment,c6f6c911cd59ea9994f6e432575cc5590639a5de,181.0,0.0,0.0,5.0,0.0,17.4,16.0,25.0,5.0,1,2025-01,1,3.0,treatment,181.0,0.0,0.0,5.0,0.0,17.4,16.0,25.0,5.0,both,0.0,0.0,True,0.0,0.0,True,0.0,0.0,True,0.0,0.0,True,0.0,0.0,True,0.0,0.0,True,0.0,0.0,True,0.0,0.0,True,0.0,0.0,True
W1ndys/Blog,2025-05,treatment,9f8dd6cbfc7cbf20e1a4b920e27ce78bae7f543e,189.0,0.0,0.0,7.0,0.0,22.5,16.0,31.0,7.0,1,2025-01,1,4.0,treatment,189.0,0.0,0.0,6.0,0.0,22.5,16.0,26.0,6.0,both,0.0,0.0,True,0.0,0.0,True,0.0,0.0,True,1.0,1.0,False,0.0,0.0,True,0.0,0.0,True,0.0,0.0,True,5.0,5.0,False,1.0,1.0,False
W1ndys/Blog,2025-06,treatment,8dd4409f9af545f2335e2dcff8d73327441135d9,189.0,0.0,0.0,7.0,0.0,22.5,16.0,31.0,7.0,1,2025-01,1,5.0,treatment,189.0,0.0,0.0,6.0,0.0,22.5,16.0,26.0,6.0,both,0.0,0.0,True,0.0,0.0,True,0.0,0.0,True,1.0,1.0,False,0.0,0.0,True,0.0,0.0,True,0.0,0.0,True,5.0,5.0,False,1.0,1.0,False
W1ndys/Blog,2025-07,treatment,8dd4409f9af545f2335e2dcff8d73327441135d9,189.0,0.0,0.0,7.0,0.0,22.5,16.0,31.0,7.0,,,,,,,,,,,,,,,left_only,,,False,,,False,,,False,,,False,,,False,,,False,,,False,,,False,,,False
W1ndys/Blog,2025-08,treatment,8dd4409f9af545f2335e2dcff8d73327441135d9,189.0,0.0,0.0,7.0,0.0,22.5,16.0,31.0,7.0,,,,,,,,,,,,,,,left_only,,,False,,,False,,,False,,,False,,,False,,,False,,,False,,,False,,,False
WangQrkkk/ThinkingCursor,2025-01,treatment,5abd2e973d5243ca8f9c7d1073ca96789f875c04,94.0,0.0,0.0,0.0,0.0,7.8,5.0,0.0,0.0,1,2025-01,1,0.0,treatment,94.0,0.0,0.0,0.0,0.0,7.8,5.0,0.0,0.0,both,0.0,0.0,True,0.0,0.0,True,0.0,0.0,True,0.0,0.0,True,0.0,0.0,True,0.0,0.0,True,0.0,0.0,True,0.0,0.0,True,0.0,0.0,True
WangQrkkk/ThinkingCursor,2025-02,treatment,7f8188043c7738cb880294ed2f34b4c45303d0f5,94.0,0.0,0.0,0.0,0.0,7.8,5.0,0.0,0.0,1,2025-01,1,1.0,treatment,94.0,0.0,0.0,0.0,0.0,7.8,5.0,0.0,0.0,both,0.0,0.0,True,0.0,0.0,True,0.0,0.0,True,0.0,0.0,True,0.0,0.0,True,0.0,0.0,True,0.0,0.0,True,0.0,0.0,True,0.0,0.0,True
WangQrkkk/ThinkingCursor,2025-03,treatment,7f8188043c7738cb880294ed2f34b4c45303d0f5,94.0,0.0,0.0,0.0,0.0,7.8,5.0,0.0,0.0,,,,,,,,,,,,,,,left_only,,,False,,,False,,,False,,,False,,,False,,,False,,,False,,,False,,,False
WangQrkkk/ThinkingCursor,2025-04,treatment,7f8188043c7738cb880294ed2f34b4c45303d0f5,94.0,0.0,0.0,0.0,0.0,7.8,5.0,0.0,0.0,,,,,,,,,,,,,,,left_only,,,False,,,False,,,False,,,False,,,False,,,False,,,False,,,False,,,False
WangQrkkk/ThinkingCursor,2025-05,treatment,7f8188043c7738cb880294ed2f34b4c45303d0f5,94.0,0.0,0.0,0.0,0.0,7.8,5.0,0.0,0.0,,,,,,,,,,,,,,,left_only,,,False,,,False,,,False,,,False,,,False,,,False,,,False,,,False,,,False
WangQrkkk/ThinkingCursor,2025-06,treatment,7f8188043c7738cb880294ed2f34b4c45303d0f5,94.0,0.0,0.0,0.0,0.0,7.8,5.0,0.0,0.0,,,,,,,,,,,,,,,left_only,,,False,,,False,,,False,,,False,,,False,,,False,,,False,,,False,,,False
WangQrkkk/ThinkingCursor,2025-07,treatment,7f8188043c7738cb880294ed2f34b4c45303d0f5,94.0,0.0,0.0,0.0,0.0,7.8,5.0,0.0,0.0,,,,,,,,,,,,,,,left_only,,,False,,,False,,,False,,,False,,,False,,,False,,,False,,,False,,,False
WangQrkkk/ThinkingCursor,2025-08,treatment,7f8188043c7738cb880294ed2f34b4c45303d0f5,94.0,0.0,0.0,0.0,0.0,7.8,5.0,0.0,0.0,,,,,,,,,,,,,,,left_only,,,False,,,False,,,False,,,False,,,False,,,False,,,False,,,False,,,False
airweave-ai/airweave,2024-12,treatment,8173f6019421186a82b2fa73fffef085b74762ea,3240.0,0.0,0.0,82.0,0.7,37.3,250.0,429.0,82.0,0,2025-03,0,-3.0,treatment,3240.0,0.0,0.0,21.0,0.7,37.3,250.0,200.0,21.0,both,0.0,0.0,True,0.0,0.0,True,0.0,0.0,True,61.0,61.0,False,0.0,0.0,True,0.0,0.0,True,0.0,0.0,True,229.0,229.0,False,61.0,61.0,False
airweave-ai/airweave,2025-01,treatment,79c544bac704cc5b2d0f229a0868fe91339e50fe,23155.0,4.0,3.0,440.0,1.1,16.6,1607.0,2561.0,447.0,0,2025-03,0,-2.0,treatment,23139.0,4.0,0.0,232.0,1.1,16.6,1607.0,1075.0,236.0,both,16.0,16.0,False,0.0,0.0,True,3.0,3.0,False,208.0,208.0,False,0.0,0.0,True,0.0,0.0,True,0.0,0.0,True,1486.0,1486.0,False,211.0,211.0,False
airweave-ai/airweave,2025-02,treatment,f42640c7a7cd6d4a23fce55271368d13763610ec,28111.0,12.0,6.0,546.0,2.1,18.4,2191.0,3360.0,564.0,0,2025-03,0,-1.0,treatment,28095.0,8.0,1.0,281.0,2.1,18.4,2191.0,1436.0,290.0,both,16.0,16.0,False,4.0,4.0,False,5.0,5.0,False,265.0,265.0,False,0.0,0.0,True,0.0,0.0,True,0.0,0.0,True,1924.0,1924.0,False,274.0,274.0,False
airweave-ai/airweave,2025-03,treatment,8118371941d89abce9ca9f4a4df65e4caecc9b44,35066.0,37.0,6.0,693.0,2.6,18.6,2919.0,4228.0,736.0,1,2025-03,1,0.0,treatment,34194.0,14.0,1.0,363.0,2.5,18.9,2894.0,1905.0,378.0,both,872.0,872.0,False,23.0,23.0,False,5.0,5.0,False,330.0,330.0,False,0.10000000000000009,0.10000000000000009,False,-0.29999999999999716,0.29999999999999716,False,25.0,25.0,False,2323.0,2323.0,False,358.0,358.0,False
airweave-ai/airweave,2025-04,treatment,786b96bdb9e59b7e08ae746c5c3a044b77ca5bd6,39717.0,58.0,4.0,800.0,3.7,20.8,4337.0,5232.0,862.0,1,2025-03,1,1.0,treatment,39686.0,18.0,1.0,440.0,3.7,20.8,4337.0,2664.0,459.0,both,31.0,31.0,False,40.0,40.0,False,3.0,3.0,False,360.0,360.0,False,0.0,0.0,True,0.0,0.0,True,0.0,0.0,True,2568.0,2568.0,False,403.0,403.0,False
airweave-ai/airweave,2025-05,treatment,64e145627cd49b57ca5c17a3b3ab503da5b55f41,53546.0,72.0,5.0,912.0,6.7,20.0,6867.0,5843.0,989.0,1,2025-03,1,2.0,treatment,53539.0,26.0,1.0,743.0,6.7,20.0,6864.0,4378.0,770.0,both,7.0,7.0,False,46.0,46.0,False,4.0,4.0,False,169.0,169.0,False,0.0,0.0,True,0.0,0.0,True,3.0,3.0,False,1465.0,1465.0,False,219.0,219.0,False
airweave-ai/airweave,2025-06,treatment,74395b0b9684a1bafa251ba0467854d9e0f79cf3,58455.0,79.0,9.0,865.0,5.1,20.3,7734.0,5515.0,953.0,1,2025-03,1,3.0,treatment,58483.0,42.0,0.0,737.0,5.1,20.3,7734.0,4788.0,779.0,both,-28.0,28.0,False,37.0,37.0,False,9.0,9.0,False,128.0,128.0,False,0.0,0.0,True,0.0,0.0,True,0.0,0.0,True,727.0,727.0,False,174.0,174.0,False
airweave-ai/airweave,2025-07,treatment,2d34dc52ddfe2b076a09c7273c59d2303573b4a2,65856.0,78.0,12.0,1002.0,4.9,20.0,8796.0,6408.0,1092.0,1,2025-03,1,4.0,treatment,65825.0,32.0,0.0,869.0,4.9,20.0,8796.0,5653.0,901.0,both,31.0,31.0,False,46.0,46.0,False,12.0,12.0,False,133.0,133.0,False,0.0,0.0,True,0.0,0.0,True,0.0,0.0,True,755.0,755.0,False,191.0,191.0,False
airweave-ai/airweave,2025-08,treatment,c64d09e1ec58e4be23e5775ab58ae9ca88d46a7b,87860.0,82.0,20.0,1349.0,4.2,20.1,12029.0,9278.0,1451.0,1,2025-03,1,5.0,treatment,87822.0,34.0,0.0,1172.0,4.2,20.2,12029.0,8438.0,1206.0,both,38.0,38.0,False,48.0,48.0,False,20.0,20.0,False,177.0,177.0,False,0.0,0.0,True,-0.09999999999999787,0.09999999999999787,False,0.0,0.0,True,840.0,840.0,False,245.0,245.0,False
allthingslinux/tux,2024-01,treatment,b48d5656a23e0badc9772fbfa36f3e066d493e33,504.0,0.0,0.0,7.0,0.0,45.3,33.0,6.0,7.0,0,2025-02,0,-13.0,treatment,504.0,0.0,0.0,7.0,0.0,45.3,33.0,6.0,7.0,both,0.0,0.0,True,0.0,0.0,True,0.0,0.0,True,0.0,0.0,True,0.0,0.0,True,0.0,0.0,True,0.0,0.0,True,0.0,0.0,True,0.0,0.0,True
allthingslinux/tux,2024-02,treatment,b48d5656a23e0badc9772fbfa36f3e066d493e33,504.0,0.0,0.0,7.0,0.0,45.3,33.0,6.0,7.0,0,2025-02,0,-12.0,treatment,504.0,0.0,0.0,7.0,0.0,45.3,33.0,6.0,7.0,both,0.0,0.0,True,0.0,0.0,True,0.0,0.0,True,0.0,0.0,True,0.0,0.0,True,0.0,0.0,True,0.0,0.0,True,0.0,0.0,True,0.0,0.0,True
allthingslinux/tux,2024-03,treatment,a098fad7931f11f78116b69bded453f76608385d,1347.0,1.0,1.0,10.0,0.0,19.1,124.0,13.0,12.0,0,2025-02,0,-11.0,treatment,1347.0,0.0,0.0,10.0,0.0,19.1,124.0,13.0,10.0,both,0.0,0.0,True,1.0,1.0,False,1.0,1.0,False,0.0,0.0,True,0.0,0.0,True,0.0,0.0,True,0.0,0.0,True,0.0,0.0,True,2.0,2.0,False
allthingslinux/tux,2024-04,treatment,e6892615a71f28e41b6aab9280ec926e40e8a71e,4410.0,0.0,1.0,33.0,2.9,32.0,472.0,138.0,34.0,0,2025-02,0,-10.0,treatment,4276.0,0.0,0.0,30.0,3.8,17.5,453.0,133.0,30.0,both,134.0,134.0,False,0.0,0.0,True,1.0,1.0,False,3.0,3.0,False,-0.8999999999999999,0.8999999999999999,False,14.5,14.5,False,19.0,19.0,False,5.0,5.0,False,4.0,4.0,False
allthingslinux/tux,2024-05,treatment,c425a33fcf896153733508755af5718614944e5f,4726.0,0.0,1.0,31.0,2.5,38.6,486.0,138.0,32.0,0,2025-02,0,-9.0,treatment,4726.0,0.0,0.0,30.0,2.5,38.6,486.0,133.0,30.0,both,0.0,0.0,True,0.0,0.0,True,1.0,1.0,False,1.0,1.0,False,0.0,0.0,True,0.0,0.0,True,0.0,0.0,True,5.0,5.0,False,2.0,2.0,False
allthingslinux/tux,2024-06,treatment,62f74b67aa9a9bc206f70d3374c4b54854c31a7a,4542.0,0.0,4.0,32.0,0.0,31.5,473.0,163.0,36.0,0,2025-02,0,-8.0,treatment,4542.0,0.0,0.0,30.0,0.0,31.5,473.0,153.0,30.0,both,0.0,0.0,True,0.0,0.0,True,4.0,4.0,False,2.0,2.0,False,0.0,0.0,True,0.0,0.0,True,0.0,0.0,True,10.0,10.0,False,6.0,6.0,False
allthingslinux/tux,2024-07,treatment,235e7ac3d8e5c92a401fd1d0028ded1dc87dbc10,6202.0,0.0,4.0,43.0,2.5,27.8,784.0,255.0,47.0,0,2025-02,0,-7.0,treatment,6202.0,0.0,0.0,41.0,2.5,27.8,784.0,245.0,41.0,both,0.0,0.0,True,0.0,0.0,True,4.0,4.0,False,2.0,2.0,False,0.0,0.0,True,0.0,0.0,True,0.0,0.0,True,10.0,10.0,False,6.0,6.0,False
allthingslinux/tux,2024-08,treatment,d11688b8e8d558f92f2151e9a9cc6b1e1941acb8,6924.0,0.0,3.0,44.0,0.0,30.5,821.0,225.0,47.0,0,2025-02,0,-6.0,treatment,6924.0,0.0,0.0,39.0,0.0,30.5,821.0,200.0,39.0,both,0.0,0.0,True,0.0,0.0,True,3.0,3.0,False,5.0,5.0,False,0.0,0.0,True,0.0,0.0,True,0.0,0.0,True,25.0,25.0,False,8.0,8.0,False
allthingslinux/tux,2024-09,treatment,ea792d20b651b5af420c098a61bf847747894356,8121.0,0.0,3.0,58.0,0.5,27.1,882.0,299.0,61.0,0,2025-02,0,-5.0,treatment,8121.0,0.0,0.0,51.0,0.5,27.1,882.0,264.0,51.0,both,0.0,0.0,True,0.0,0.0,True,3.0,3.0,False,7.0,7.0,False,0.0,0.0,True,0.0,0.0,True,0.0,0.0,True,35.0,35.0,False,10.0,10.0,False
allthingslinux/tux,2024-10,treatment,a46bae3a3df8426679e944fdd862b8cb0081c639,8444.0,0.0,3.0,56.0,0.5,28.4,926.0,297.0,59.0,0,2025-02,0,-4.0,treatment,8444.0,0.0,0.0,49.0,0.5,28.4,926.0,262.0,49.0,both,0.0,0.0,True,0.0,0.0,True,3.0,3.0,False,7.0,7.0,False,0.0,0.0,True,0.0,0.0,True,0.0,0.0,True,35.0,35.0,False,10.0,10.0,False
allthingslinux/tux,2024-11,treatment,6a3dbce16c6811c0ba167974c059fcb01da6aad8,8575.0,0.0,3.0,54.0,0.5,27.1,934.0,287.0,57.0,0,2025-02,0,-3.0,treatment,8575.0,0.0,0.0,47.0,0.5,27.1,934.0,252.0,47.0,both,0.0,0.0,True,0.0,0.0,True,3.0,3.0,False,7.0,7.0,False,0.0,0.0,True,0.0,0.0,True,0.0,0.0,True,35.0,35.0,False,10.0,10.0,False
allthingslinux/tux,2024-12,treatment,1d6931fafc0b97c8897a2a4c8c47edb2497955c6,8551.0,0.0,3.0,54.0,0.2,27.2,937.0,287.0,57.0,0,2025-02,0,-2.0,treatment,8551.0,0.0,0.0,47.0,0.2,27.2,937.0,252.0,47.0,both,0.0,0.0,True,0.0,0.0,True,3.0,3.0,False,7.0,7.0,False,0.0,0.0,True,0.0,0.0,True,0.0,0.0,True,35.0,35.0,False,10.0,10.0,False
allthingslinux/tux,2025-01,treatment,26176b891bf2d30d928860c5e7b6d7eef6e3dd21,8625.0,0.0,3.0,55.0,0.2,27.3,955.0,278.0,58.0,0,2025-02,0,-1.0,treatment,8625.0,0.0,0.0,49.0,0.2,27.3,955.0,248.0,49.0,both,0.0,0.0,True,0.0,0.0,True,3.0,3.0,False,6.0,6.0,False,0.0,0.0,True,0.0,0.0,True,0.0,0.0,True,30.0,30.0,False,9.0,9.0,False
allthingslinux/tux,2025-02,treatment,3712490820f12ad8d45b35bd82262978aa3a3456,9354.0,0.0,3.0,62.0,0.7,33.6,1022.0,249.0,65.0,1,2025-02,1,0.0,treatment,9365.0,0.0,0.0,59.0,0.7,33.6,1022.0,234.0,59.0,both,-11.0,11.0,False,0.0,0.0,True,3.0,3.0,False,3.0,3.0,False,0.0,0.0,True,0.0,0.0,True,0.0,0.0,True,15.0,15.0,False,6.0,6.0,False
allthingslinux/tux,2025-03,treatment,2bbbc0e8e21e70b4624c0e546585c39aa1417ee6,9518.0,0.0,3.0,64.0,0.7,33.3,1042.0,257.0,67.0,1,2025-02,1,1.0,treatment,9528.0,0.0,0.0,62.0,0.7,33.3,1042.0,247.0,62.0,both,-10.0,10.0,False,0.0,0.0,True,3.0,3.0,False,2.0,2.0,False,0.0,0.0,True,0.0,0.0,True,0.0,0.0,True,10.0,10.0,False,5.0,5.0,False
allthingslinux/tux,2025-04,treatment,be22e11559e685a2fbad88adaa3fee7042861347,14003.0,1.0,3.0,99.0,0.3,38.2,2003.0,604.0,103.0,1,2025-02,1,2.0,treatment,14018.0,1.0,0.0,98.0,0.3,38.2,2003.0,524.0,99.0,both,-15.0,15.0,False,0.0,0.0,True,3.0,3.0,False,1.0,1.0,False,0.0,0.0,True,0.0,0.0,True,0.0,0.0,True,80.0,80.0,False,4.0,4.0,False
allthingslinux/tux,2025-05,treatment,03ddc1b11ea696b934a508f93480753c6ed5d834,13653.0,2.0,3.0,85.0,0.3,37.9,2003.0,583.0,90.0,1,2025-02,1,3.0,treatment,13653.0,1.0,0.0,84.0,0.3,37.9,2003.0,503.0,85.0,both,0.0,0.0,True,1.0,1.0,False,3.0,3.0,False,1.0,1.0,False,0.0,0.0,True,0.0,0.0,True,0.0,0.0,True,80.0,80.0,False,5.0,5.0,False
allthingslinux/tux,2025-06,treatment,cf05ea552a76d6ca06daaec2c6d77ceacbc29db0,18388.0,2.0,3.0,108.0,0.5,34.8,2971.0,778.0,113.0,1,2025-02,1,4.0,treatment,18350.0,1.0,0.0,115.0,0.5,34.7,2971.0,723.0,116.0,both,38.0,38.0,False,1.0,1.0,False,3.0,3.0,False,-7.0,7.0,False,0.0,0.0,True,0.09999999999999432,0.09999999999999432,False,0.0,0.0,True,55.0,55.0,False,-3.0,3.0,False
allthingslinux/tux,2025-07,treatment,3e97a4cad516725e27655145ed166b428ac8dc10,18513.0,2.0,3.0,110.0,0.4,34.6,3022.0,792.0,115.0,0,2025-02,0,5.0,treatment,18475.0,1.0,0.0,116.0,0.4,34.6,3022.0,732.0,117.0,both,38.0,38.0,False,1.0,1.0,False,3.0,3.0,False,-6.0,6.0,False,0.0,0.0,True,0.0,0.0,True,0.0,0.0,True,60.0,60.0,False,-2.0,2.0,False
allthingslinux/tux,2025-08,treatment,92755414929eee2c81783fbc43d5fd28826dc0f3,21486.0,3.0,3.0,133.0,1.1,31.4,3530.0,1007.0,139.0,0,2025-02,0,6.0,treatment,18494.0,1.0,0.0,117.0,0.4,34.6,3032.0,735.0,118.0,both,2992.0,2992.0,False,2.0,2.0,False,3.0,3.0,False,16.0,16.0,False,0.7000000000000001,0.7000000000000001,False,-3.200000000000003,3.200000000000003,False,498.0,498.0,False,272.0,272.0,False,21.0,21.0,False
appl-team/appl,2024-05,treatment,8ef5e2d5487be1b1db7b0a8297bdb7bf5518a003,5155.0,15.0,0.0,120.0,0.0,22.5,844.0,588.0,135.0,0,2024-12,0,-7.0,treatment,5155.0,17.0,0.0,153.0,0.0,22.5,844.0,731.0,170.0,both,0.0,0.0,True,-2.0,2.0,False,0.0,0.0,True,-33.0,33.0,False,0.0,0.0,True,0.0,0.0,True,0.0,0.0,True,-143.0,143.0,False,-35.0,35.0,False
appl-team/appl,2024-06,treatment,00d77488a29b1be1eeabb7cd945d340079a44045,5155.0,15.0,0.0,120.0,0.0,22.5,844.0,588.0,135.0,0,2024-12,0,-6.0,treatment,5155.0,17.0,0.0,153.0,0.0,22.5,844.0,731.0,170.0,both,0.0,0.0,True,-2.0,2.0,False,0.0,0.0,True,-33.0,33.0,False,0.0,0.0,True,0.0,0.0,True,0.0,0.0,True,-143.0,143.0,False,-35.0,35.0,False
appl-team/appl,2024-07,treatment,3fb1d008a84c9be27334367ba09600cf32018f48,5495.0,24.0,0.0,134.0,0.6,21.8,881.0,671.0,158.0,0,2024-12,0,-5.0,treatment,5495.0,26.0,0.0,167.0,0.6,21.8,881.0,814.0,193.0,both,0.0,0.0,True,-2.0,2.0,False,0.0,0.0,True,-33.0,33.0,False,0.0,0.0,True,0.0,0.0,True,0.0,0.0,True,-143.0,143.0,False,-35.0,35.0,False
appl-team/appl,2024-08,treatment,05fe92a2132abe2a0c219ebca314b8a726b0bf7a,5501.0,24.0,0.0,134.0,0.6,21.8,885.0,669.0,158.0,0,2024-12,0,-4.0,treatment,5501.0,26.0,0.0,167.0,0.6,21.8,885.0,812.0,193.0,both,0.0,0.0,True,-2.0,2.0,False,0.0,0.0,True,-33.0,33.0,False,0.0,0.0,True,0.0,0.0,True,0.0,0.0,True,-143.0,143.0,False,-35.0,35.0,False
appl-team/appl,2024-09,treatment,944a298a991948d23b6c818a5bacb2d0509cd6d4,5981.0,24.0,0.0,145.0,0.6,22.1,996.0,767.0,169.0,0,2024-12,0,-3.0,treatment,5981.0,26.0,0.0,178.0,0.6,22.1,996.0,901.0,204.0,both,0.0,0.0,True,-2.0,2.0,False,0.0,0.0,True,-33.0,33.0,False,0.0,0.0,True,0.0,0.0,True,0.0,0.0,True,-134.0,134.0,False,-35.0,35.0,False
appl-team/appl,2024-10,treatment,2ec04e94ab8bce94db81d01af9a0593256a467df,6295.0,28.0,0.0,150.0,0.5,21.7,1036.0,842.0,178.0,0,2024-12,0,-2.0,treatment,6295.0,30.0,0.0,184.0,0.5,21.7,1036.0,981.0,214.0,both,0.0,0.0,True,-2.0,2.0,False,0.0,0.0,True,-34.0,34.0,False,0.0,0.0,True,0.0,0.0,True,0.0,0.0,True,-139.0,139.0,False,-36.0,36.0,False
appl-team/appl,2024-11,treatment,a2050956ab4ae0cc12026cefe3a0dd8aeacd84bf,6983.0,28.0,0.0,168.0,0.5,20.6,1217.0,1002.0,196.0,0,2024-12,0,-1.0,treatment,6983.0,30.0,0.0,167.0,0.5,20.6,1217.0,966.0,197.0,both,0.0,0.0,True,-2.0,2.0,False,0.0,0.0,True,1.0,1.0,False,0.0,0.0,True,0.0,0.0,True,0.0,0.0,True,36.0,36.0,False,-1.0,1.0,False
appl-team/appl,2024-12,treatment,515edade420d6c96e9af010cebbc0a1e21c7deae,8700.0,29.0,0.0,188.0,0.4,19.4,1565.0,1186.0,217.0,1,2024-12,1,0.0,treatment,8700.0,31.0,0.0,172.0,0.4,19.4,1565.0,1075.0,203.0,both,0.0,0.0,True,-2.0,2.0,False,0.0,0.0,True,16.0,16.0,False,0.0,0.0,True,0.0,0.0,True,0.0,0.0,True,111.0,111.0,False,14.0,14.0,False
appl-team/appl,2025-01,treatment,e39c7401e5023d1b8d4c851e3a6f1048a462f03d,8825.0,29.0,0.0,191.0,0.4,19.3,1628.0,1252.0,220.0,1,2024-12,1,1.0,treatment,8825.0,31.0,0.0,174.0,0.4,19.3,1628.0,1131.0,205.0,both,0.0,0.0,True,-2.0,2.0,False,0.0,0.0,True,17.0,17.0,False,0.0,0.0,True,0.0,0.0,True,0.0,0.0,True,121.0,121.0,False,15.0,15.0,False
appl-team/appl,2025-02,treatment,e39c7401e5023d1b8d4c851e3a6f1048a462f03d,8825.0,29.0,0.0,191.0,0.4,19.3,1628.0,1252.0,220.0,,,,,,,,,,,,,,,left_only,,,False,,,False,,,False,,,False,,,False,,,False,,,False,,,False,,,False
appl-team/appl,2025-03,treatment,e39c7401e5023d1b8d4c851e3a6f1048a462f03d,8825.0,29.0,0.0,191.0,0.4,19.3,1628.0,1252.0,220.0,,,,,,,,,,,,,,,left_only,,,False,,,False,,,False,,,False,,,False,,,False,,,False,,,False,,,False
appl-team/appl,2025-04,treatment,e39c7401e5023d1b8d4c851e3a6f1048a462f03d,8825.0,29.0,0.0,191.0,0.4,19.3,1628.0,1252.0,220.0,,,,,,,,,,,,,,,left_only,,,False,,,False,,,False,,,False,,,False,,,False,,,False,,,False,,,False
appl-team/appl,2025-05,treatment,e39c7401e5023d1b8d4c851e3a6f1048a462f03d,8825.0,29.0,0.0,191.0,0.4,19.3,1628.0,1252.0,220.0,,,,,,,,,,,,,,,left_only,,,False,,,False,,,False,,,False,,,False,,,False,,,False,,,False,,,False
appl-team/appl,2025-06,treatment,e39c7401e5023d1b8d4c851e3a6f1048a462f03d,8825.0,29.0,0.0,191.0,0.4,19.3,1628.0,1252.0,220.0,,,,,,,,,,,,,,,left_only,,,False,,,False,,,False,,,False,,,False,,,False,,,False,,,False,,,False
appl-team/appl,2025-07,treatment,e39c7401e5023d1b8d4c851e3a6f1048a462f03d,8825.0,29.0,0.0,191.0,0.4,19.3,1628.0,1252.0,220.0,,,,,,,,,,,,,,,left_only,,,False,,,False,,,False,,,False,,,False,,,False,,,False,,,False,,,False
appl-team/appl,2025-08,treatment,e39c7401e5023d1b8d4c851e3a6f1048a462f03d,8825.0,29.0,0.0,191.0,0.4,19.3,1628.0,1252.0,220.0,,,,,,,,,,,,,,,left_only,,,False,,,False,,,False,,,False,,,False,,,False,,,False,,,False,,,False
askjohngeorge/pipecat-lead-qualifier,2025-01,treatment,322142a04cd2f43c9f5a14123abd4ea5329ddbfd,3588.0,5.0,0.0,61.0,6.4,13.2,190.0,335.0,66.0,1,2025-01,1,0.0,treatment,3588.0,0.0,0.0,17.0,6.4,13.2,190.0,116.0,17.0,both,0.0,0.0,True,5.0,5.0,False,0.0,0.0,True,44.0,44.0,False,0.0,0.0,True,0.0,0.0,True,0.0,0.0,True,219.0,219.0,False,49.0,49.0,False
askjohngeorge/pipecat-lead-qualifier,2025-02,treatment,c863efa7c17ff84a4780e475fc5dfaa18ac35fd6,2493.0,3.0,0.0,27.0,0.0,11.4,238.0,153.0,30.0,1,2025-01,1,1.0,treatment,2493.0,0.0,0.0,6.0,0.0,11.4,238.0,44.0,6.0,both,0.0,0.0,True,3.0,3.0,False,0.0,0.0,True,21.0,21.0,False,0.0,0.0,True,0.0,0.0,True,0.0,0.0,True,109.0,109.0,False,24.0,24.0,False
askjohngeorge/pipecat-lead-qualifier,2025-03,treatment,c863efa7c17ff84a4780e475fc5dfaa18ac35fd6,2493.0,3.0,0.0,27.0,0.0,11.4,238.0,153.0,30.0,,,,,,,,,,,,,,,left_only,,,False,,,False,,,False,,,False,,,False,,,False,,,False,,,False,,,False
askjohngeorge/pipecat-lead-qualifier,2025-04,treatment,c863efa7c17ff84a4780e475fc5dfaa18ac35fd6,2493.0,3.0,0.0,27.0,0.0,11.4,238.0,153.0,30.0,,,,,,,,,,,,,,,left_only,,,False,,,False,,,False,,,False,,,False,,,False,,,False,,,False,,,False
askjohngeorge/pipecat-lead-qualifier,2025-05,treatment,c863efa7c17ff84a4780e475fc5dfaa18ac35fd6,2493.0,3.0,0.0,27.0,0.0,11.4,238.0,153.0,30.0,,,,,,,,,,,,,,,left_only,,,False,,,False,,,False,,,False,,,False,,,False,,,False,,,False,,,False
askjohngeorge/pipecat-lead-qualifier,2025-06,treatment,c863efa7c17ff84a4780e475fc5dfaa18ac35fd6,2493.0,3.0,0.0,27.0,0.0,11.4,238.0,153.0,30.0,,,,,,,,,,,,,,,left_only,,,False,,,False,,,False,,,False,,,False,,,False,,,False,,,False,,,False
askjohngeorge/pipecat-lead-qualifier,2025-07,treatment,c863efa7c17ff84a4780e475fc5dfaa18ac35fd6,2493.0,3.0,0.0,27.0,0.0,11.4,238.0,153.0,30.0,,,,,,,,,,,,,,,left_only,,,False,,,False,,,False,,,False,,,False,,,False,,,False,,,False,,,False
askjohngeorge/pipecat-lead-qualifier,2025-08,treatment,c863efa7c17ff84a4780e475fc5dfaa18ac35fd6,2493.0,3.0,0.0,27.0,0.0,11.4,238.0,153.0,30.0,,,,,,,,,,,,,,,left_only,,,False,,,False,,,False,,,False,,,False,,,False,,,False,,,False,,,False
c4fun/tell-stories-webui,2025-02,treatment,710af02d6d75c9beeb2879b9895ac12dcc5ef4a2,2850.0,8.0,0.0,60.0,6.3,12.7,484.0,485.0,68.0,1,2025-02,1,0.0,treatment,2850.0,0.0,0.0,37.0,6.3,12.7,484.0,370.0,37.0,both,0.0,0.0,True,8.0,8.0,False,0.0,0.0,True,23.0,23.0,False,0.0,0.0,True,0.0,0.0,True,0.0,0.0,True,115.0,115.0,False,31.0,31.0,False
c4fun/tell-stories-webui,2025-03,treatment,710af02d6d75c9beeb2879b9895ac12dcc5ef4a2,2850.0,8.0,0.0,60.0,6.3,12.7,484.0,485.0,68.0,1,2025-02,1,1.0,treatment,2850.0,0.0,0.0,37.0,6.3,12.7,484.0,370.0,37.0,both,0.0,0.0,True,8.0,8.0,False,0.0,0.0,True,23.0,23.0,False,0.0,0.0,True,0.0,0.0,True,0.0,0.0,True,115.0,115.0,False,31.0,31.0,False
c4fun/tell-stories-webui,2025-04,treatment,2a586311600393da4899d04a91a1fbe38ce7b5b0,2850.0,8.0,0.0,60.0,6.3,12.7,484.0,485.0,68.0,1,2025-02,1,2.0,treatment,2850.0,0.0,0.0,37.0,6.3,12.7,484.0,370.0,37.0,both,0.0,0.0,True,8.0,8.0,False,0.0,0.0,True,23.0,23.0,False,0.0,0.0,True,0.0,0.0,True,0.0,0.0,True,115.0,115.0,False,31.0,31.0,False
c4fun/tell-stories-webui,2025-05,treatment,2a586311600393da4899d04a91a1fbe38ce7b5b0,2850.0,8.0,0.0,60.0,6.3,12.7,484.0,485.0,68.0,,,,,,,,,,,,,,,left_only,,,False,,,False,,,False,,,False,,,False,,,False,,,False,,,False,,,False
c4fun/tell-stories-webui,2025-06,treatment,2a586311600393da4899d04a91a1fbe38ce7b5b0,2850.0,8.0,0.0,60.0,6.3,12.7,484.0,485.0,68.0,,,,,,,,,,,,,,,left_only,,,False,,,False,,,False,,,False,,,False,,,False,,,False,,,False,,,False
c4fun/tell-stories-webui,2025-07,treatment,2a586311600393da4899d04a91a1fbe38ce7b5b0,2850.0,8.0,0.0,60.0,6.3,12.7,484.0,485.0,68.0,,,,,,,,,,,,,,,left_only,,,False,,,False,,,False,,,False,,,False,,,False,,,False,,,False,,,False
c4fun/tell-stories-webui,2025-08,treatment,2a586311600393da4899d04a91a1fbe38ce7b5b0,2850.0,8.0,0.0,60.0,6.3,12.7,484.0,485.0,68.0,,,,,,,,,,,,,,,left_only,,,False,,,False,,,False,,,False,,,False,,,False,,,False,,,False,,,False
cgevans/qslib,2024-01,treatment,f2495546efada29427371a14b4caeddd5e0a0421,8276.0,12.0,2.0,174.0,1.2,16.4,1446.0,1046.0,188.0,0,2025-02,0,-13.0,treatment,,,,,,,,,,both,,,False,,,False,,,False,,,False,,,False,,,False,,,False,,,False,,,False
cgevans/qslib,2024-02,treatment,b9e339f6ffe9ea5e4d5439cdaaeafa897f25d2d6,8291.0,12.0,1.0,174.0,1.2,16.3,1448.0,1048.0,187.0,0,2025-02,0,-12.0,treatment,8291.0,18.0,1.0,159.0,1.2,16.3,1448.0,956.0,178.0,both,0.0,0.0,True,-6.0,6.0,False,0.0,0.0,True,15.0,15.0,False,0.0,0.0,True,0.0,0.0,True,0.0,0.0,True,92.0,92.0,False,9.0,9.0,False
cgevans/qslib,2024-03,treatment,ff3fcad7b0ff655d2de1e1df3f85749f256351bf,8292.0,12.0,1.0,174.0,1.2,16.4,1460.0,1048.0,187.0,0,2025-02,0,-11.0,treatment,8292.0,18.0,1.0,159.0,1.2,16.4,1460.0,956.0,178.0,both,0.0,0.0,True,-6.0,6.0,False,0.0,0.0,True,15.0,15.0,False,0.0,0.0,True,0.0,0.0,True,0.0,0.0,True,92.0,92.0,False,9.0,9.0,False
cgevans/qslib,2024-04,treatment,ff3fcad7b0ff655d2de1e1df3f85749f256351bf,8292.0,12.0,1.0,174.0,1.2,16.4,1460.0,1048.0,187.0,0,2025-02,0,-10.0,treatment,8292.0,18.0,1.0,159.0,1.2,16.4,1460.0,956.0,178.0,both,0.0,0.0,True,-6.0,6.0,False,0.0,0.0,True,15.0,15.0,False,0.0,0.0,True,0.0,0.0,True,0.0,0.0,True,92.0,92.0,False,9.0,9.0,False
cgevans/qslib,2024-05,treatment,e9585da1022cc388100e438149db167518c1efbb,8303.0,12.0,1.0,174.0,1.2,16.4,1464.0,1051.0,187.0,0,2025-02,0,-9.0,treatment,8303.0,18.0,1.0,159.0,1.2,16.4,1464.0,959.0,178.0,both,0.0,0.0,True,-6.0,6.0,False,0.0,0.0,True,15.0,15.0,False,0.0,0.0,True,0.0,0.0,True,0.0,0.0,True,92.0,92.0,False,9.0,9.0,False
cgevans/qslib,2024-06,treatment,e9585da1022cc388100e438149db167518c1efbb,8303.0,12.0,1.0,174.0,1.2,16.4,1464.0,1051.0,187.0,0,2025-02,0,-8.0,treatment,8303.0,18.0,1.0,159.0,1.2,16.4,1464.0,959.0,178.0,both,0.0,0.0,True,-6.0,6.0,False,0.0,0.0,True,15.0,15.0,False,0.0,0.0,True,0.0,0.0,True,0.0,0.0,True,92.0,92.0,False,9.0,9.0,False
cgevans/qslib,2024-07,treatment,e9585da1022cc388100e438149db167518c1efbb,8303.0,12.0,1.0,174.0,1.2,16.4,1464.0,1051.0,187.0,0,2025-02,0,-7.0,treatment,8303.0,18.0,1.0,159.0,1.2,16.4,1464.0,959.0,178.0,both,0.0,0.0,True,-6.0,6.0,False,0.0,0.0,True,15.0,15.0,False,0.0,0.0,True,0.0,0.0,True,0.0,0.0,True,92.0,92.0,False,9.0,9.0,False
cgevans/qslib,2024-08,treatment,eb9bc5cd89646a872dabe7bc10b9dc1f2aa4cde3,8355.0,11.0,1.0,182.0,1.5,16.2,1549.0,1152.0,194.0,0,2025-02,0,-6.0,treatment,8355.0,17.0,1.0,169.0,1.5,16.2,1549.0,1065.0,187.0,both,0.0,0.0,True,-6.0,6.0,False,0.0,0.0,True,13.0,13.0,False,0.0,0.0,True,0.0,0.0,True,0.0,0.0,True,87.0,87.0,False,7.0,7.0,False
cgevans/qslib,2024-09,treatment,eb9bc5cd89646a872dabe7bc10b9dc1f2aa4cde3,8355.0,11.0,1.0,182.0,1.5,16.2,1549.0,1152.0,194.0,0,2025-02,0,-5.0,treatment,8355.0,17.0,1.0,169.0,1.5,16.2,1549.0,1065.0,187.0,both,0.0,0.0,True,-6.0,6.0,False,0.0,0.0,True,13.0,13.0,False,0.0,0.0,True,0.0,0.0,True,0.0,0.0,True,87.0,87.0,False,7.0,7.0,False
cgevans/qslib,2024-10,treatment,942f4703421b38c43587d4cfaa33d8cb61744581,8546.0,11.0,1.0,186.0,1.5,15.9,1553.0,1171.0,198.0,0,2025-02,0,-4.0,treatment,8546.0,17.0,1.0,173.0,1.5,15.9,1553.0,1084.0,191.0,both,0.0,0.0,True,-6.0,6.0,False,0.0,0.0,True,13.0,13.0,False,0.0,0.0,True,0.0,0.0,True,0.0,0.0,True,87.0,87.0,False,7.0,7.0,False
cgevans/qslib,2024-11,treatment,6bdf1ecbb46396a395a43c17398714b271747236,8621.0,11.0,1.0,192.0,1.4,15.9,1582.0,1220.0,204.0,0,2025-02,0,-3.0,treatment,8621.0,17.0,1.0,178.0,1.4,15.9,1582.0,1128.0,196.0,both,0.0,0.0,True,-6.0,6.0,False,0.0,0.0,True,14.0,14.0,False,0.0,0.0,True,0.0,0.0,True,0.0,0.0,True,92.0,92.0,False,8.0,8.0,False
cgevans/qslib,2024-12,treatment,4ee16b6a9069891d5ab83f97ad2084816f347f6d,8729.0,11.0,1.0,194.0,1.4,15.8,1646.0,1261.0,206.0,0,2025-02,0,-2.0,treatment,8729.0,17.0,1.0,180.0,1.4,15.8,1646.0,1169.0,198.0,both,0.0,0.0,True,-6.0,6.0,False,0.0,0.0,True,14.0,14.0,False,0.0,0.0,True,0.0,0.0,True,0.0,0.0,True,92.0,92.0,False,8.0,8.0,False
cgevans/qslib,2025-01,treatment,89937b69bfffcd885298b8cd98bf37ed05d4af76,8741.0,11.0,1.0,193.0,1.4,15.8,1646.0,1256.0,205.0,0,2025-02,0,-1.0,treatment,8741.0,17.0,1.0,179.0,1.4,15.8,1646.0,1164.0,197.0,both,0.0,0.0,True,-6.0,6.0,False,0.0,0.0,True,14.0,14.0,False,0.0,0.0,True,0.0,0.0,True,0.0,0.0,True,92.0,92.0,False,8.0,8.0,False
cgevans/qslib,2025-02,treatment,f231361a93b274928e71ff2cb06bee91e0bb2c11,4761.0,0.0,0.0,4.0,7.7,5.4,398.0,24.0,4.0,1,2025-02,1,0.0,treatment,8741.0,0.0,0.0,0.0,1.4,15.8,1646.0,0.0,0.0,both,-3980.0,3980.0,False,0.0,0.0,True,0.0,0.0,True,4.0,4.0,False,6.300000000000001,6.300000000000001,False,-10.4,10.4,False,-1248.0,1248.0,False,24.0,24.0,False,4.0,4.0,False
cgevans/qslib,2025-03,treatment,1633aa647dd933e3ed4619a44ab8fad96492fdad,13625.0,13.0,0.0,201.0,3.0,12.2,1980.0,1235.0,214.0,1,2025-02,1,1.0,treatment,8454.0,18.0,0.0,209.0,1.4,16.1,1573.0,1273.0,227.0,both,5171.0,5171.0,False,-5.0,5.0,False,0.0,0.0,True,-8.0,8.0,False,1.6,1.6,False,-3.900000000000002,3.900000000000002,False,407.0,407.0,False,-38.0,38.0,False,-13.0,13.0,False
cgevans/qslib,2025-04,treatment,03c686b5f265cc510486c81073a0ff0860d22011,13625.0,13.0,0.0,201.0,3.0,12.2,1980.0,1235.0,214.0,1,2025-02,1,2.0,treatment,8454.0,18.0,0.0,209.0,1.4,16.1,1573.0,1273.0,227.0,both,5171.0,5171.0,False,-5.0,5.0,False,0.0,0.0,True,-8.0,8.0,False,1.6,1.6,False,-3.900000000000002,3.900000000000002,False,407.0,407.0,False,-38.0,38.0,False,-13.0,13.0,False
cgevans/qslib,2025-05,treatment,d02b38180d3a4f06775d13e613b0f382447d7c6b,1243.0,0.0,0.0,1.0,2.1,7.0,127.0,6.0,1.0,1,2025-02,1,3.0,treatment,8454.0,18.0,0.0,209.0,1.4,16.1,1573.0,1273.0,227.0,both,-7211.0,7211.0,False,-18.0,18.0,False,0.0,0.0,True,-208.0,208.0,False,0.7000000000000002,0.7000000000000002,False,-9.100000000000001,9.100000000000001,False,-1446.0,1446.0,False,-1267.0,1267.0,False,-226.0,226.0,False
cgevans/qslib,2025-06,treatment,1258acf2dfee9f0a0b361425073844c94eabbb0e,13524.0,13.0,0.0,201.0,3.0,12.3,1973.0,1230.0,214.0,1,2025-02,1,4.0,treatment,8353.0,18.0,0.0,209.0,1.5,16.3,1566.0,1268.0,227.0,both,5171.0,5171.0,False,-5.0,5.0,False,0.0,0.0,True,-8.0,8.0,False,1.5,1.5,False,-4.0,4.0,False,407.0,407.0,False,-38.0,38.0,False,-13.0,13.0,False
cgevans/qslib,2025-07,treatment,da3563d9db5db551649b35b475f8f49fd49ca62a,13566.0,13.0,0.0,201.0,3.0,12.3,1983.0,1232.0,214.0,1,2025-02,1,5.0,treatment,8395.0,18.0,0.0,209.0,1.5,16.3,1576.0,1270.0,227.0,both,5171.0,5171.0,False,-5.0,5.0,False,0.0,0.0,True,-8.0,8.0,False,1.5,1.5,False,-4.0,4.0,False,407.0,407.0,False,-38.0,38.0,False,-13.0,13.0,False
cgevans/qslib,2025-08,treatment,8f7d15ae779d1e4381e4fe9cdbec6871a0e43678,14026.0,16.0,0.0,200.0,2.7,12.3,1998.0,1176.0,216.0,1,2025-02,1,6.0,treatment,8397.0,18.0,0.0,210.0,1.5,16.3,1579.0,1275.0,228.0,both,5629.0,5629.0,False,-2.0,2.0,False,0.0,0.0,True,-10.0,10.0,False,1.2000000000000002,1.2000000000000002,False,-4.0,4.0,False,419.0,419.0,False,-99.0,99.0,False,-12.0,12.0,False
codingforentrepreneurs/Cursor-Django,2024-10,treatment,62068036fd145b8473920dbf910b42e5bf96d54a,844.0,1.0,11.0,6.0,0.0,9.1,33.0,33.0,18.0,1,2024-10,1,0.0,treatment,844.0,1.0,0.0,6.0,0.0,9.1,33.0,33.0,7.0,both,0.0,0.0,True,0.0,0.0,True,11.0,11.0,False,0.0,0.0,True,0.0,0.0,True,0.0,0.0,True,0.0,0.0,True,0.0,0.0,True,11.0,11.0,False
codingforentrepreneurs/Cursor-Django,2024-11,treatment,62068036fd145b8473920dbf910b42e5bf96d54a,844.0,1.0,11.0,6.0,0.0,9.1,33.0,33.0,18.0,,,,,,,,,,,,,,,left_only,,,False,,,False,,,False,,,False,,,False,,,False,,,False,,,False,,,False
codingforentrepreneurs/Cursor-Django,2024-12,treatment,62068036fd145b8473920dbf910b42e5bf96d54a,844.0,1.0,11.0,6.0,0.0,9.1,33.0,33.0,18.0,,,,,,,,,,,,,,,left_only,,,False,,,False,,,False,,,False,,,False,,,False,,,False,,,False,,,False
codingforentrepreneurs/Cursor-Django,2025-01,treatment,62068036fd145b8473920dbf910b42e5bf96d54a,844.0,1.0,11.0,6.0,0.0,9.1,33.0,33.0,18.0,,,,,,,,,,,,,,,left_only,,,False,,,False,,,False,,,False,,,False,,,False,,,False,,,False,,,False
codingforentrepreneurs/Cursor-Django,2025-02,treatment,62068036fd145b8473920dbf910b42e5bf96d54a,844.0,1.0,11.0,6.0,0.0,9.1,33.0,33.0,18.0,,,,,,,,,,,,,,,left_only,,,False,,,False,,,False,,,False,,,False,,,False,,,False,,,False,,,False
codingforentrepreneurs/Cursor-Django,2025-03,treatment,62068036fd145b8473920dbf910b42e5bf96d54a,844.0,1.0,11.0,6.0,0.0,9.1,33.0,33.0,18.0,,,,,,,,,,,,,,,left_only,,,False,,,False,,,False,,,False,,,False,,,False,,,False,,,False,,,False
codingforentrepreneurs/Cursor-Django,2025-04,treatment,62068036fd145b8473920dbf910b42e5bf96d54a,844.0,1.0,11.0,6.0,0.0,9.1,33.0,33.0,18.0,,,,,,,,,,,,,,,left_only,,,False,,,False,,,False,,,False,,,False,,,False,,,False,,,False,,,False
codingforentrepreneurs/Cursor-Django,2025-05,treatment,62068036fd145b8473920dbf910b42e5bf96d54a,844.0,1.0,11.0,6.0,0.0,9.1,33.0,33.0,18.0,,,,,,,,,,,,,,,left_only,,,False,,,False,,,False,,,False,,,False,,,False,,,False,,,False,,,False
codingforentrepreneurs/Cursor-Django,2025-06,treatment,62068036fd145b8473920dbf910b42e5bf96d54a,844.0,1.0,11.0,6.0,0.0,9.1,33.0,33.0,18.0,,,,,,,,,,,,,,,left_only,,,False,,,False,,,False,,,False,,,False,,,False,,,False,,,False,,,False
codingforentrepreneurs/Cursor-Django,2025-07,treatment,62068036fd145b8473920dbf910b42e5bf96d54a,844.0,1.0,11.0,6.0,0.0,9.1,33.0,33.0,18.0,,,,,,,,,,,,,,,left_only,,,False,,,False,,,False,,,False,,,False,,,False,,,False,,,False,,,False
codingforentrepreneurs/Cursor-Django,2025-08,treatment,62068036fd145b8473920dbf910b42e5bf96d54a,844.0,1.0,11.0,6.0,0.0,9.1,33.0,33.0,18.0,,,,,,,,,,,,,,,left_only,,,False,,,False,,,False,,,False,,,False,,,False,,,False,,,False,,,False
cohnen/mcp-google-ads,2025-03,treatment,e7055815879aa160975f5f5e4b61f667cc4df369,943.0,12.0,0.0,15.0,0.0,28.9,214.0,152.0,27.0,1,2025-03,1,0.0,treatment,943.0,0.0,0.0,14.0,0.0,28.9,214.0,147.0,14.0,both,0.0,0.0,True,12.0,12.0,False,0.0,0.0,True,1.0,1.0,False,0.0,0.0,True,0.0,0.0,True,0.0,0.0,True,5.0,5.0,False,13.0,13.0,False
cohnen/mcp-google-ads,2025-04,treatment,557a40ed6371b18a225d0564829648e4014461d6,1099.0,12.0,0.0,18.0,0.0,28.0,267.0,182.0,30.0,1,2025-03,1,1.0,treatment,1099.0,0.0,0.0,15.0,0.0,28.0,267.0,174.0,15.0,both,0.0,0.0,True,12.0,12.0,False,0.0,0.0,True,3.0,3.0,False,0.0,0.0,True,0.0,0.0,True,0.0,0.0,True,8.0,8.0,False,15.0,15.0,False
cohnen/mcp-google-ads,2025-05,treatment,557a40ed6371b18a225d0564829648e4014461d6,1099.0,12.0,0.0,18.0,0.0,28.0,267.0,182.0,30.0,1,2025-03,1,2.0,treatment,1099.0,0.0,0.0,15.0,0.0,28.0,267.0,174.0,15.0,both,0.0,0.0,True,12.0,12.0,False,0.0,0.0,True,3.0,3.0,False,0.0,0.0,True,0.0,0.0,True,0.0,0.0,True,8.0,8.0,False,15.0,15.0,False
cohnen/mcp-google-ads,2025-06,treatment,557a40ed6371b18a225d0564829648e4014461d6,1099.0,12.0,0.0,18.0,0.0,28.0,267.0,182.0,30.0,1,2025-03,1,3.0,treatment,1099.0,0.0,0.0,15.0,0.0,28.0,267.0,174.0,15.0,both,0.0,0.0,True,12.0,12.0,False,0.0,0.0,True,3.0,3.0,False,0.0,0.0,True,0.0,0.0,True,0.0,0.0,True,8.0,8.0,False,15.0,15.0,False
cohnen/mcp-google-ads,2025-07,treatment,8a351132b082927e1eec645136f5281419e1d7c7,1099.0,12.0,0.0,18.0,0.0,28.0,267.0,182.0,30.0,1,2025-03,1,4.0,treatment,1123.0,0.0,0.0,15.0,0.0,27.5,287.0,185.0,15.0,both,-24.0,24.0,False,12.0,12.0,False,0.0,0.0,True,3.0,3.0,False,0.0,0.0,True,0.5,0.5,False,-20.0,20.0,False,-3.0,3.0,False,15.0,15.0,False
cohnen/mcp-google-ads,2025-08,treatment,c028ad994d96eea4fcd4301938e895c70d43cd6c,1134.0,12.0,0.0,20.0,0.0,27.6,289.0,203.0,32.0,1,2025-03,1,5.0,treatment,1134.0,0.0,0.0,15.0,0.0,27.6,289.0,185.0,15.0,both,0.0,0.0,True,12.0,12.0,False,0.0,0.0,True,5.0,5.0,False,0.0,0.0,True,0.0,0.0,True,0.0,0.0,True,18.0,18.0,False,17.0,17.0,False
daojiAnime/vmq-fastapi,2025-01,treatment,0c26f00ba01633a4e487135f27eb60e11d27f7f0,1924.0,1.0,0.0,37.0,4.6,8.3,99.0,173.0,38.0,1,2025-01,1,0.0,treatment,1969.0,3.0,0.0,79.0,6.5,10.1,99.0,577.0,82.0,both,-45.0,45.0,False,-2.0,2.0,False,0.0,0.0,True,-42.0,42.0,False,-1.9000000000000004,1.9000000000000004,False,-1.799999999999999,1.799999999999999,False,0.0,0.0,True,-404.0,404.0,False,-44.0,44.0,False
daojiAnime/vmq-fastapi,2025-02,treatment,671f34b7e3cc086980180011cd647c1c8cadfe83,2290.0,1.0,0.0,54.0,3.8,10.3,144.0,273.0,55.0,1,2025-01,1,1.0,treatment,2335.0,3.0,0.0,90.0,5.4,11.7,144.0,647.0,93.0,both,-45.0,45.0,False,-2.0,2.0,False,0.0,0.0,True,-36.0,36.0,False,-1.6000000000000005,1.6000000000000005,False,-1.3999999999999986,1.3999999999999986,False,0.0,0.0,True,-374.0,374.0,False,-38.0,38.0,False
daojiAnime/vmq-fastapi,2025-03,treatment,cfd7123fbc3eb53f6d63f9ae4bbb0d254d1c220d,2290.0,1.0,0.0,54.0,3.8,10.3,144.0,273.0,55.0,1,2025-01,1,2.0,treatment,2335.0,3.0,0.0,90.0,5.4,11.7,144.0,647.0,93.0,both,-45.0,45.0,False,-2.0,2.0,False,0.0,0.0,True,-36.0,36.0,False,-1.6000000000000005,1.6000000000000005,False,-1.3999999999999986,1.3999999999999986,False,0.0,0.0,True,-374.0,374.0,False,-38.0,38.0,False
daojiAnime/vmq-fastapi,2025-04,treatment,cfd7123fbc3eb53f6d63f9ae4bbb0d254d1c220d,2290.0,1.0,0.0,54.0,3.8,10.3,144.0,273.0,55.0,,,,,,,,,,,,,,,left_only,,,False,,,False,,,False,,,False,,,False,,,False,,,False,,,False,,,False
daojiAnime/vmq-fastapi,2025-05,treatment,cfd7123fbc3eb53f6d63f9ae4bbb0d254d1c220d,2290.0,1.0,0.0,54.0,3.8,10.3,144.0,273.0,55.0,,,,,,,,,,,,,,,left_only,,,False,,,False,,,False,,,False,,,False,,,False,,,False,,,False,,,False
daojiAnime/vmq-fastapi,2025-06,treatment,cfd7123fbc3eb53f6d63f9ae4bbb0d254d1c220d,2290.0,1.0,0.0,54.0,3.8,10.3,144.0,273.0,55.0,,,,,,,,,,,,,,,left_only,,,False,,,False,,,False,,,False,,,False,,,False,,,False,,,False,,,False
daojiAnime/vmq-fastapi,2025-07,treatment,cfd7123fbc3eb53f6d63f9ae4bbb0d254d1c220d,2290.0,1.0,0.0,54.0,3.8,10.3,144.0,273.0,55.0,,,,,,,,,,,,,,,left_only,,,False,,,False,,,False,,,False,,,False,,,False,,,False,,,False,,,False
daojiAnime/vmq-fastapi,2025-08,treatment,cfd7123fbc3eb53f6d63f9ae4bbb0d254d1c220d,2290.0,1.0,0.0,54.0,3.8,10.3,144.0,273.0,55.0,,,,,,,,,,,,,,,left_only,,,False,,,False,,,False,,,False,,,False,,,False,,,False,,,False,,,False
discus0434/nook,2025-02,treatment,110d9e87c66da3fc472b257d0a6b52114900a27d,2772.0,11.0,8.0,6.0,0.0,9.4,161.0,98.0,25.0,1,2025-02,1,0.0,treatment,2772.0,1.0,0.0,6.0,0.0,9.4,161.0,43.0,7.0,both,0.0,0.0,True,10.0,10.0,False,8.0,8.0,False,0.0,0.0,True,0.0,0.0,True,0.0,0.0,True,0.0,0.0,True,55.0,55.0,False,18.0,18.0,False
discus0434/nook,2025-03,treatment,e9fbce1f2d994f41be8762132c6a7d0b14e2a2cd,2799.0,11.0,8.0,6.0,0.0,9.5,164.0,98.0,25.0,1,2025-02,1,1.0,treatment,2799.0,1.0,0.0,6.0,0.0,9.5,164.0,43.0,7.0,both,0.0,0.0,True,10.0,10.0,False,8.0,8.0,False,0.0,0.0,True,0.0,0.0,True,0.0,0.0,True,0.0,0.0,True,55.0,55.0,False,18.0,18.0,False
discus0434/nook,2025-04,treatment,93a9b79409fbfd36c57e68b085dd6cea448d11a2,3260.0,11.0,8.0,23.0,6.9,9.0,288.0,228.0,42.0,1,2025-02,1,2.0,treatment,3260.0,1.0,0.0,16.0,6.9,9.0,288.0,138.0,17.0,both,0.0,0.0,True,10.0,10.0,False,8.0,8.0,False,7.0,7.0,False,0.0,0.0,True,0.0,0.0,True,0.0,0.0,True,90.0,90.0,False,25.0,25.0,False
discus0434/nook,2025-05,treatment,93a9b79409fbfd36c57e68b085dd6cea448d11a2,3260.0,11.0,8.0,23.0,6.9,9.0,288.0,228.0,42.0,,,,,,,,,,,,,,,left_only,,,False,,,False,,,False,,,False,,,False,,,False,,,False,,,False,,,False
discus0434/nook,2025-06,treatment,93a9b79409fbfd36c57e68b085dd6cea448d11a2,3260.0,11.0,8.0,23.0,6.9,9.0,288.0,228.0,42.0,,,,,,,,,,,,,,,left_only,,,False,,,False,,,False,,,False,,,False,,,False,,,False,,,False,,,False
discus0434/nook,2025-07,treatment,93a9b79409fbfd36c57e68b085dd6cea448d11a2,3260.0,11.0,8.0,23.0,6.9,9.0,288.0,228.0,42.0,,,,,,,,,,,,,,,left_only,,,False,,,False,,,False,,,False,,,False,,,False,,,False,,,False,,,False
discus0434/nook,2025-08,treatment,93a9b79409fbfd36c57e68b085dd6cea448d11a2,3260.0,11.0,8.0,23.0,6.9,9.0,288.0,228.0,42.0,,,,,,,,,,,,,,,left_only,,,False,,,False,,,False,,,False,,,False,,,False,,,False,,,False,,,False
ericmjl/llamabot,2024-01,treatment,1d441f7bcb555b9d4869ba9cf8fc6e77fe080c94,5901.0,5.0,13.0,71.0,0.0,30.1,443.0,405.0,89.0,0,2024-09,0,-8.0,treatment,5865.0,5.0,0.0,41.0,0.0,30.1,443.0,267.0,46.0,both,36.0,36.0,False,0.0,0.0,True,13.0,13.0,False,30.0,30.0,False,0.0,0.0,True,0.0,0.0,True,0.0,0.0,True,138.0,138.0,False,43.0,43.0,False
ericmjl/llamabot,2024-02,treatment,8251fdc3c127756b10c15d3df63a2670c177219e,5731.0,3.0,13.0,74.0,0.0,29.5,443.0,441.0,90.0,0,2024-09,0,-7.0,treatment,5695.0,3.0,0.0,47.0,0.0,29.5,443.0,318.0,50.0,both,36.0,36.0,False,0.0,0.0,True,13.0,13.0,False,27.0,27.0,False,0.0,0.0,True,0.0,0.0,True,0.0,0.0,True,123.0,123.0,False,40.0,40.0,False
ericmjl/llamabot,2024-03,treatment,39f75a9efea922d48433d7c2688aa585f86d2f45,5954.0,1.0,15.0,79.0,0.0,29.6,467.0,466.0,95.0,0,2024-09,0,-6.0,treatment,5918.0,1.0,0.0,54.0,0.0,29.5,467.0,353.0,55.0,both,36.0,36.0,False,0.0,0.0,True,15.0,15.0,False,25.0,25.0,False,0.0,0.0,True,0.10000000000000142,0.10000000000000142,False,0.0,0.0,True,113.0,113.0,False,40.0,40.0,False
ericmjl/llamabot,2024-04,treatment,8592cf5fd9fd90afaefa0d3c2ca052133b3b7007,5959.0,1.0,15.0,79.0,0.0,29.6,467.0,466.0,95.0,0,2024-09,0,-5.0,treatment,5923.0,1.0,0.0,54.0,0.0,29.6,467.0,353.0,55.0,both,36.0,36.0,False,0.0,0.0,True,15.0,15.0,False,25.0,25.0,False,0.0,0.0,True,0.0,0.0,True,0.0,0.0,True,113.0,113.0,False,40.0,40.0,False
ericmjl/llamabot,2024-05,treatment,e1021d2c0e00585cc499947dd6fa5c7fdb44c010,5959.0,1.0,15.0,79.0,0.0,29.6,467.0,466.0,95.0,0,2024-09,0,-4.0,treatment,5923.0,1.0,0.0,54.0,0.0,29.6,467.0,353.0,55.0,both,36.0,36.0,False,0.0,0.0,True,15.0,15.0,False,25.0,25.0,False,0.0,0.0,True,0.0,0.0,True,0.0,0.0,True,113.0,113.0,False,40.0,40.0,False
ericmjl/llamabot,2024-06,treatment,14868cd4d48aad3a2be18b8860b97b084c5f2da0,5992.0,1.0,15.0,79.0,0.0,29.7,468.0,466.0,95.0,0,2024-09,0,-3.0,treatment,5956.0,1.0,0.0,54.0,0.0,29.7,468.0,353.0,55.0,both,36.0,36.0,False,0.0,0.0,True,15.0,15.0,False,25.0,25.0,False,0.0,0.0,True,0.0,0.0,True,0.0,0.0,True,113.0,113.0,False,40.0,40.0,False
ericmjl/llamabot,2024-07,treatment,456d10cde5ce15cbe129c78002c1438aae8ab284,6644.0,1.0,15.0,82.0,0.0,29.7,529.0,485.0,98.0,0,2024-09,0,-2.0,treatment,6629.0,1.0,0.0,57.0,0.0,29.7,529.0,369.0,58.0,both,15.0,15.0,False,0.0,0.0,True,15.0,15.0,False,25.0,25.0,False,0.0,0.0,True,0.0,0.0,True,0.0,0.0,True,116.0,116.0,False,40.0,40.0,False
ericmjl/llamabot,2024-08,treatment,58029f64ebd647d2bd0c2badfa64e6127fbec0ee,6871.0,1.0,15.0,84.0,0.0,29.9,534.0,495.0,100.0,0,2024-09,0,-1.0,treatment,6856.0,1.0,0.0,59.0,0.0,29.8,534.0,379.0,60.0,both,15.0,15.0,False,0.0,0.0,True,15.0,15.0,False,25.0,25.0,False,0.0,0.0,True,0.09999999999999787,0.09999999999999787,False,0.0,0.0,True,116.0,116.0,False,40.0,40.0,False
ericmjl/llamabot,2024-09,treatment,d8316b531c71d4982f7d0a2c07901b9d91ee9d51,7406.0,1.0,15.0,84.0,0.0,29.6,562.0,495.0,100.0,1,2024-09,1,0.0,treatment,7391.0,1.0,0.0,59.0,0.0,29.6,562.0,379.0,60.0,both,15.0,15.0,False,0.0,0.0,True,15.0,15.0,False,25.0,25.0,False,0.0,0.0,True,0.0,0.0,True,0.0,0.0,True,116.0,116.0,False,40.0,40.0,False
ericmjl/llamabot,2024-10,treatment,2ad1dc75c50f9a042792f5124f438c542a772afa,9224.0,4.0,20.0,127.0,0.9,27.2,779.0,825.0,151.0,1,2024-09,1,1.0,treatment,9220.0,4.0,0.0,88.0,0.9,27.2,779.0,636.0,92.0,both,4.0,4.0,False,0.0,0.0,True,20.0,20.0,False,39.0,39.0,False,0.0,0.0,True,0.0,0.0,True,0.0,0.0,True,189.0,189.0,False,59.0,59.0,False
ericmjl/llamabot,2024-11,treatment,817b42120ef26ae2212beec819d96bb6aa6e3771,10036.0,4.0,20.0,132.0,0.7,27.3,777.0,745.0,156.0,1,2024-09,1,2.0,treatment,10032.0,6.0,0.0,99.0,0.7,27.2,777.0,577.0,105.0,both,4.0,4.0,False,-2.0,2.0,False,20.0,20.0,False,33.0,33.0,False,0.0,0.0,True,0.10000000000000142,0.10000000000000142,False,0.0,0.0,True,168.0,168.0,False,51.0,51.0,False
ericmjl/llamabot,2024-12,treatment,2e2c9d7b73777e2a9a4e413e18bb9ea09735e0ab,10992.0,4.0,20.0,152.0,0.7,27.9,875.0,905.0,176.0,1,2024-09,1,3.0,treatment,10988.0,6.0,0.0,104.0,0.7,27.8,875.0,662.0,110.0,both,4.0,4.0,False,-2.0,2.0,False,20.0,20.0,False,48.0,48.0,False,0.0,0.0,True,0.09999999999999787,0.09999999999999787,False,0.0,0.0,True,243.0,243.0,False,66.0,66.0,False
ericmjl/llamabot,2025-01,treatment,1c8c953c1bf488a68254b7628b889b34e3f18702,11994.0,4.0,23.0,157.0,0.6,26.7,916.0,937.0,184.0,1,2024-09,1,4.0,treatment,11990.0,6.0,0.0,131.0,0.6,26.7,916.0,700.0,137.0,both,4.0,4.0,False,-2.0,2.0,False,23.0,23.0,False,26.0,26.0,False,0.0,0.0,True,0.0,0.0,True,0.0,0.0,True,237.0,237.0,False,47.0,47.0,False
ericmjl/llamabot,2025-02,treatment,93e4983d344e0ec0a8c71f70bf4886dedd48aec6,12169.0,4.0,23.0,158.0,0.6,26.4,951.0,947.0,185.0,1,2024-09,1,5.0,treatment,12165.0,6.0,0.0,132.0,0.6,26.3,951.0,710.0,138.0,both,4.0,4.0,False,-2.0,2.0,False,23.0,23.0,False,26.0,26.0,False,0.0,0.0,True,0.09999999999999787,0.09999999999999787,False,0.0,0.0,True,237.0,237.0,False,47.0,47.0,False
ericmjl/llamabot,2025-03,treatment,93e4983d344e0ec0a8c71f70bf4886dedd48aec6,12169.0,4.0,23.0,158.0,0.6,26.4,951.0,947.0,185.0,1,2024-09,1,6.0,treatment,12165.0,6.0,0.0,132.0,0.6,26.3,951.0,710.0,138.0,both,4.0,4.0,False,-2.0,2.0,False,23.0,23.0,False,26.0,26.0,False,0.0,0.0,True,0.09999999999999787,0.09999999999999787,False,0.0,0.0,True,237.0,237.0,False,47.0,47.0,False
ericmjl/llamabot,2025-04,treatment,e17869654f04d142aa0444477fe2da65ad526ea7,12488.0,4.0,23.0,158.0,0.6,26.5,963.0,947.0,185.0,1,2024-09,1,7.0,treatment,12484.0,6.0,0.0,133.0,0.6,26.5,963.0,715.0,139.0,both,4.0,4.0,False,-2.0,2.0,False,23.0,23.0,False,25.0,25.0,False,0.0,0.0,True,0.0,0.0,True,0.0,0.0,True,232.0,232.0,False,46.0,46.0,False
ericmjl/llamabot,2025-05,treatment,ff965a055c8e8cd88eb274aa2804ca56fb220156,9690.0,5.0,14.0,126.0,0.7,28.7,837.0,740.0,145.0,1,2024-09,1,8.0,treatment,9683.0,9.0,0.0,161.0,0.7,28.7,837.0,607.0,170.0,both,7.0,7.0,False,-4.0,4.0,False,14.0,14.0,False,-35.0,35.0,False,0.0,0.0,True,0.0,0.0,True,0.0,0.0,True,133.0,133.0,False,-25.0,25.0,False
ericmjl/llamabot,2025-06,treatment,24a8eda035d0e5052e1cfd42c663d1ce665f3a66,9874.0,5.0,14.0,126.0,0.7,28.5,839.0,740.0,145.0,1,2024-09,1,9.0,treatment,9867.0,10.0,0.0,173.0,0.7,28.5,839.0,623.0,183.0,both,7.0,7.0,False,-5.0,5.0,False,14.0,14.0,False,-47.0,47.0,False,0.0,0.0,True,0.0,0.0,True,0.0,0.0,True,117.0,117.0,False,-38.0,38.0,False
ericmjl/llamabot,2025-07,treatment,876ea531ed292cbc9c57fe4577f17b64e119f8d0,12422.0,6.0,14.0,166.0,2.3,27.7,1082.0,983.0,186.0,1,2024-09,1,10.0,treatment,12415.0,14.0,0.0,255.0,2.3,27.7,1082.0,891.0,269.0,both,7.0,7.0,False,-8.0,8.0,False,14.0,14.0,False,-89.0,89.0,False,0.0,0.0,True,0.0,0.0,True,0.0,0.0,True,92.0,92.0,False,-83.0,83.0,False
ericmjl/llamabot,2025-08,treatment,664caeb1ec878d73b10a60e210a111d8ff2ae612,12449.0,5.0,13.0,174.0,2.2,28.2,1022.0,998.0,192.0,1,2024-09,1,11.0,treatment,12450.0,17.0,0.0,266.0,2.2,28.2,1022.0,913.0,283.0,both,-1.0,1.0,False,-12.0,12.0,False,13.0,13.0,False,-92.0,92.0,False,0.0,0.0,True,0.0,0.0,True,0.0,0.0,True,85.0,85.0,False,-91.0,91.0,False
ericmjl/pyds-cli,2024-01,treatment,c1c59db5b5a58036cd0d69eba0377388b7c09be6,778.0,0.0,0.0,10.0,0.0,33.8,64.0,73.0,10.0,0,2024-11,0,-10.0,treatment,,,,,,,,,,both,,,False,,,False,,,False,,,False,,,False,,,False,,,False,,,False,,,False
ericmjl/pyds-cli,2024-02,treatment,542facb218134a7e4348538b72ed4a8e739034cc,788.0,0.0,0.0,15.0,0.0,35.3,51.0,95.0,15.0,0,2024-11,0,-9.0,treatment,713.0,0.0,0.0,6.0,0.0,35.5,51.0,56.0,6.0,both,75.0,75.0,False,0.0,0.0,True,0.0,0.0,True,9.0,9.0,False,0.0,0.0,True,-0.20000000000000284,0.20000000000000284,False,0.0,0.0,True,39.0,39.0,False,9.0,9.0,False
ericmjl/pyds-cli,2024-03,treatment,dc660dc98fff2e243d97dd6c7f3665e6e085f7f4,740.0,0.0,0.0,13.0,0.0,34.9,49.0,85.0,13.0,0,2024-11,0,-8.0,treatment,665.0,0.0,0.0,7.0,0.0,35.1,49.0,61.0,7.0,both,75.0,75.0,False,0.0,0.0,True,0.0,0.0,True,6.0,6.0,False,0.0,0.0,True,-0.20000000000000284,0.20000000000000284,False,0.0,0.0,True,24.0,24.0,False,6.0,6.0,False
ericmjl/pyds-cli,2024-04,treatment,5453e67dd1d33a3199c3d142cb681507ff4e76cd,740.0,0.0,0.0,13.0,0.0,34.9,49.0,85.0,13.0,0,2024-11,0,-7.0,treatment,665.0,0.0,0.0,7.0,0.0,35.1,49.0,61.0,7.0,both,75.0,75.0,False,0.0,0.0,True,0.0,0.0,True,6.0,6.0,False,0.0,0.0,True,-0.20000000000000284,0.20000000000000284,False,0.0,0.0,True,24.0,24.0,False,6.0,6.0,False
ericmjl/pyds-cli,2024-05,treatment,99e4057df0f1c4a3fef2b17ce0992e9abbfe9223,740.0,0.0,0.0,13.0,0.0,34.9,49.0,85.0,13.0,0,2024-11,0,-6.0,treatment,665.0,0.0,0.0,7.0,0.0,35.1,49.0,61.0,7.0,both,75.0,75.0,False,0.0,0.0,True,0.0,0.0,True,6.0,6.0,False,0.0,0.0,True,-0.20000000000000284,0.20000000000000284,False,0.0,0.0,True,24.0,24.0,False,6.0,6.0,False
ericmjl/pyds-cli,2024-06,treatment,7a1526e644dc3aa2d6f0b56403991f530eb8a829,757.0,0.0,0.0,13.0,0.0,34.6,49.0,85.0,13.0,0,2024-11,0,-5.0,treatment,682.0,0.0,0.0,7.0,0.0,34.8,49.0,61.0,7.0,both,75.0,75.0,False,0.0,0.0,True,0.0,0.0,True,6.0,6.0,False,0.0,0.0,True,-0.19999999999999574,0.19999999999999574,False,0.0,0.0,True,24.0,24.0,False,6.0,6.0,False
ericmjl/pyds-cli,2024-07,treatment,eab8f5ffc56092f23d50f01cc7b7f69a2c4ce063,498.0,0.0,2.0,12.0,0.0,37.1,32.0,65.0,14.0,0,2024-11,0,-4.0,treatment,423.0,0.0,0.0,6.0,0.0,37.8,32.0,41.0,6.0,both,75.0,75.0,False,0.0,0.0,True,2.0,2.0,False,6.0,6.0,False,0.0,0.0,True,-0.6999999999999957,0.6999999999999957,False,0.0,0.0,True,24.0,24.0,False,8.0,8.0,False
ericmjl/pyds-cli,2024-08,treatment,e4294af7ec7cd08539b2824b1a305094fd2f8aa2,502.0,0.0,2.0,12.0,0.0,37.3,32.0,65.0,14.0,0,2024-11,0,-3.0,treatment,427.0,0.0,0.0,6.0,0.0,38.0,32.0,41.0,6.0,both,75.0,75.0,False,0.0,0.0,True,2.0,2.0,False,6.0,6.0,False,0.0,0.0,True,-0.7000000000000028,0.7000000000000028,False,0.0,0.0,True,24.0,24.0,False,8.0,8.0,False
ericmjl/pyds-cli,2024-09,treatment,e4294af7ec7cd08539b2824b1a305094fd2f8aa2,502.0,0.0,2.0,12.0,0.0,37.3,32.0,65.0,14.0,0,2024-11,0,-2.0,treatment,427.0,0.0,0.0,6.0,0.0,38.0,32.0,41.0,6.0,both,75.0,75.0,False,0.0,0.0,True,2.0,2.0,False,6.0,6.0,False,0.0,0.0,True,-0.7000000000000028,0.7000000000000028,False,0.0,0.0,True,24.0,24.0,False,8.0,8.0,False
ericmjl/pyds-cli,2024-10,treatment,e4294af7ec7cd08539b2824b1a305094fd2f8aa2,502.0,0.0,2.0,12.0,0.0,37.3,32.0,65.0,14.0,0,2024-11,0,-1.0,treatment,427.0,0.0,0.0,6.0,0.0,38.0,32.0,41.0,6.0,both,75.0,75.0,False,0.0,0.0,True,2.0,2.0,False,6.0,6.0,False,0.0,0.0,True,-0.7000000000000028,0.7000000000000028,False,0.0,0.0,True,24.0,24.0,False,8.0,8.0,False
ericmjl/pyds-cli,2024-11,treatment,41cb7b8fe19f46be2efc7cbf23246663e1903cb7,886.0,0.0,2.0,12.0,0.0,30.3,87.0,65.0,14.0,1,2024-11,1,0.0,treatment,811.0,0.0,0.0,7.0,0.0,30.1,87.0,56.0,7.0,both,75.0,75.0,False,0.0,0.0,True,2.0,2.0,False,5.0,5.0,False,0.0,0.0,True,0.1999999999999993,0.1999999999999993,False,0.0,0.0,True,9.0,9.0,False,7.0,7.0,False
ericmjl/pyds-cli,2024-12,treatment,41cb7b8fe19f46be2efc7cbf23246663e1903cb7,886.0,0.0,2.0,12.0,0.0,30.3,87.0,65.0,14.0,1,2024-11,1,1.0,treatment,811.0,0.0,0.0,7.0,0.0,30.1,87.0,56.0,7.0,both,75.0,75.0,False,0.0,0.0,True,2.0,2.0,False,5.0,5.0,False,0.0,0.0,True,0.1999999999999993,0.1999999999999993,False,0.0,0.0,True,9.0,9.0,False,7.0,7.0,False
ericmjl/pyds-cli,2025-01,treatment,41cb7b8fe19f46be2efc7cbf23246663e1903cb7,886.0,0.0,2.0,12.0,0.0,30.3,87.0,65.0,14.0,1,2024-11,1,2.0,treatment,811.0,0.0,0.0,7.0,0.0,30.1,87.0,56.0,7.0,both,75.0,75.0,False,0.0,0.0,True,2.0,2.0,False,5.0,5.0,False,0.0,0.0,True,0.1999999999999993,0.1999999999999993,False,0.0,0.0,True,9.0,9.0,False,7.0,7.0,False
ericmjl/pyds-cli,2025-02,treatment,41cb7b8fe19f46be2efc7cbf23246663e1903cb7,886.0,0.0,2.0,12.0,0.0,30.3,87.0,65.0,14.0,1,2024-11,1,3.0,treatment,811.0,0.0,0.0,7.0,0.0,30.1,87.0,56.0,7.0,both,75.0,75.0,False,0.0,0.0,True,2.0,2.0,False,5.0,5.0,False,0.0,0.0,True,0.1999999999999993,0.1999999999999993,False,0.0,0.0,True,9.0,9.0,False,7.0,7.0,False
ericmjl/pyds-cli,2025-03,treatment,40e3323677b5794f74c7a5a467d44013d100a061,886.0,0.0,2.0,12.0,0.0,30.3,87.0,65.0,14.0,1,2024-11,1,4.0,treatment,811.0,0.0,0.0,7.0,0.0,30.1,87.0,56.0,7.0,both,75.0,75.0,False,0.0,0.0,True,2.0,2.0,False,5.0,5.0,False,0.0,0.0,True,0.1999999999999993,0.1999999999999993,False,0.0,0.0,True,9.0,9.0,False,7.0,7.0,False
ericmjl/pyds-cli,2025-04,treatment,960cab9b03b220bf451c6b774a343252bf2ed5b9,886.0,0.0,2.0,12.0,0.0,30.3,87.0,65.0,14.0,1,2024-11,1,5.0,treatment,811.0,0.0,0.0,7.0,0.0,30.1,87.0,56.0,7.0,both,75.0,75.0,False,0.0,0.0,True,2.0,2.0,False,5.0,5.0,False,0.0,0.0,True,0.1999999999999993,0.1999999999999993,False,0.0,0.0,True,9.0,9.0,False,7.0,7.0,False
ericmjl/pyds-cli,2025-05,treatment,960cab9b03b220bf451c6b774a343252bf2ed5b9,886.0,0.0,2.0,12.0,0.0,30.3,87.0,65.0,14.0,,,,,,,,,,,,,,,left_only,,,False,,,False,,,False,,,False,,,False,,,False,,,False,,,False,,,False
ericmjl/pyds-cli,2025-06,treatment,960cab9b03b220bf451c6b774a343252bf2ed5b9,886.0,0.0,2.0,12.0,0.0,30.3,87.0,65.0,14.0,,,,,,,,,,,,,,,left_only,,,False,,,False,,,False,,,False,,,False,,,False,,,False,,,False,,,False
ericmjl/pyds-cli,2025-07,treatment,960cab9b03b220bf451c6b774a343252bf2ed5b9,886.0,0.0,2.0,12.0,0.0,30.3,87.0,65.0,14.0,,,,,,,,,,,,,,,left_only,,,False,,,False,,,False,,,False,,,False,,,False,,,False,,,False,,,False
ericmjl/pyds-cli,2025-08,treatment,960cab9b03b220bf451c6b774a343252bf2ed5b9,886.0,0.0,2.0,12.0,0.0,30.3,87.0,65.0,14.0,,,,,,,,,,,,,,,left_only,,,False,,,False,,,False,,,False,,,False,,,False,,,False,,,False,,,False
ericyuegu/hal,2024-05,treatment,3715ed2339247576d590e4fa922c5abcd439ff8f,778.0,0.0,1.0,22.0,0.0,9.1,119.0,145.0,23.0,0,2025-02,0,-9.0,treatment,778.0,0.0,0.0,18.0,0.0,9.1,119.0,125.0,18.0,both,0.0,0.0,True,0.0,0.0,True,1.0,1.0,False,4.0,4.0,False,0.0,0.0,True,0.0,0.0,True,0.0,0.0,True,20.0,20.0,False,5.0,5.0,False
ericyuegu/hal,2024-06,treatment,627746eac307e2458ef4e00f89193b0b798d9878,1233.0,0.0,1.0,34.0,3.1,8.6,174.0,200.0,35.0,0,2025-02,0,-8.0,treatment,1233.0,0.0,0.0,25.0,3.1,8.6,174.0,155.0,25.0,both,0.0,0.0,True,0.0,0.0,True,1.0,1.0,False,9.0,9.0,False,0.0,0.0,True,0.0,0.0,True,0.0,0.0,True,45.0,45.0,False,10.0,10.0,False
ericyuegu/hal,2024-07,treatment,8ebe5f09ca77015d01bf1123cf68f45e70fbf706,2955.0,6.0,1.0,63.0,2.3,9.6,290.0,303.0,70.0,0,2025-02,0,-7.0,treatment,2955.0,6.0,0.0,51.0,2.3,9.6,290.0,243.0,57.0,both,0.0,0.0,True,0.0,0.0,True,1.0,1.0,False,12.0,12.0,False,0.0,0.0,True,0.0,0.0,True,0.0,0.0,True,60.0,60.0,False,13.0,13.0,False
ericyuegu/hal,2024-08,treatment,06c47ea2a64561d64df07421951ba9199f923bf5,2981.0,6.0,1.0,67.0,3.0,9.7,291.0,314.0,74.0,0,2025-02,0,-6.0,treatment,2981.0,6.0,0.0,55.0,3.0,9.7,291.0,254.0,61.0,both,0.0,0.0,True,0.0,0.0,True,1.0,1.0,False,12.0,12.0,False,0.0,0.0,True,0.0,0.0,True,0.0,0.0,True,60.0,60.0,False,13.0,13.0,False
ericyuegu/hal,2024-09,treatment,913b170a33965077bbfff82a08d891c10aad8dfb,4417.0,11.0,2.0,97.0,5.0,9.6,419.0,429.0,110.0,0,2025-02,0,-5.0,treatment,4417.0,12.0,0.0,74.0,5.0,9.6,419.0,324.0,86.0,both,0.0,0.0,True,-1.0,1.0,False,2.0,2.0,False,23.0,23.0,False,0.0,0.0,True,0.0,0.0,True,0.0,0.0,True,105.0,105.0,False,24.0,24.0,False
ericyuegu/hal,2024-10,treatment,e57df07e946a03f62138dba1116469e87b71dad0,4983.0,12.0,1.0,100.0,5.8,9.2,508.0,465.0,113.0,0,2025-02,0,-4.0,treatment,4983.0,12.0,0.0,79.0,5.8,9.2,508.0,385.0,91.0,both,0.0,0.0,True,0.0,0.0,True,1.0,1.0,False,21.0,21.0,False,0.0,0.0,True,0.0,0.0,True,0.0,0.0,True,80.0,80.0,False,22.0,22.0,False
ericyuegu/hal,2024-11,treatment,34c80ded5abcc8b885bc2cf72df72525f65ebd5e,5746.0,13.0,1.0,118.0,3.8,10.3,628.0,548.0,132.0,0,2025-02,0,-3.0,treatment,5746.0,12.0,0.0,98.0,3.8,10.3,628.0,467.0,110.0,both,0.0,0.0,True,1.0,1.0,False,1.0,1.0,False,20.0,20.0,False,0.0,0.0,True,0.0,0.0,True,0.0,0.0,True,81.0,81.0,False,22.0,22.0,False
ericyuegu/hal,2024-12,treatment,472900b29dd21457804ed83eea31a4e9007f30fa,5873.0,13.0,1.0,132.0,3.6,11.2,677.0,555.0,146.0,0,2025-02,0,-2.0,treatment,5873.0,12.0,0.0,110.0,3.6,11.2,677.0,449.0,122.0,both,0.0,0.0,True,1.0,1.0,False,1.0,1.0,False,22.0,22.0,False,0.0,0.0,True,0.0,0.0,True,0.0,0.0,True,106.0,106.0,False,24.0,24.0,False
ericyuegu/hal,2025-01,treatment,472900b29dd21457804ed83eea31a4e9007f30fa,5873.0,13.0,1.0,132.0,3.6,11.2,677.0,555.0,146.0,0,2025-02,0,-1.0,treatment,5873.0,12.0,0.0,110.0,3.6,11.2,677.0,449.0,122.0,both,0.0,0.0,True,1.0,1.0,False,1.0,1.0,False,22.0,22.0,False,0.0,0.0,True,0.0,0.0,True,0.0,0.0,True,106.0,106.0,False,24.0,24.0,False
ericyuegu/hal,2025-02,treatment,05d9e477f28ce8fc61c193ac996eefb2ffc6cc30,10154.0,21.0,9.0,234.0,10.2,13.2,1077.0,962.0,264.0,1,2025-02,1,0.0,treatment,10153.0,39.0,0.0,221.0,10.2,13.2,1077.0,881.0,260.0,both,1.0,1.0,False,-18.0,18.0,False,9.0,9.0,False,13.0,13.0,False,0.0,0.0,True,0.0,0.0,True,0.0,0.0,True,81.0,81.0,False,4.0,4.0,False
ericyuegu/hal,2025-03,treatment,c90449941213af91277b88bef9aad2b0f29bbb56,11182.0,21.0,9.0,266.0,11.9,14.0,1206.0,1084.0,296.0,1,2025-02,1,1.0,treatment,11182.0,42.0,0.0,257.0,11.9,14.0,1206.0,1014.0,299.0,both,0.0,0.0,True,-21.0,21.0,False,9.0,9.0,False,9.0,9.0,False,0.0,0.0,True,0.0,0.0,True,0.0,0.0,True,70.0,70.0,False,-3.0,3.0,False
ericyuegu/hal,2025-04,treatment,c90449941213af91277b88bef9aad2b0f29bbb56,11182.0,21.0,9.0,266.0,11.9,14.0,1206.0,1084.0,296.0,,,,,,,,,,,,,,,left_only,,,False,,,False,,,False,,,False,,,False,,,False,,,False,,,False,,,False
ericyuegu/hal,2025-05,treatment,c90449941213af91277b88bef9aad2b0f29bbb56,11182.0,21.0,9.0,266.0,11.9,14.0,1206.0,1084.0,296.0,,,,,,,,,,,,,,,left_only,,,False,,,False,,,False,,,False,,,False,,,False,,,False,,,False,,,False
ericyuegu/hal,2025-06,treatment,c90449941213af91277b88bef9aad2b0f29bbb56,11182.0,21.0,9.0,266.0,11.9,14.0,1206.0,1084.0,296.0,,,,,,,,,,,,,,,left_only,,,False,,,False,,,False,,,False,,,False,,,False,,,False,,,False,,,False
ericyuegu/hal,2025-07,treatment,c90449941213af91277b88bef9aad2b0f29bbb56,11182.0,21.0,9.0,266.0,11.9,14.0,1206.0,1084.0,296.0,,,,,,,,,,,,,,,left_only,,,False,,,False,,,False,,,False,,,False,,,False,,,False,,,False,,,False
ericyuegu/hal,2025-08,treatment,c90449941213af91277b88bef9aad2b0f29bbb56,11182.0,21.0,9.0,266.0,11.9,14.0,1206.0,1084.0,296.0,,,,,,,,,,,,,,,left_only,,,False,,,False,,,False,,,False,,,False,,,False,,,False,,,False,,,False
ericzakariasson/uber-eats-mcp-server,2025-03,treatment,ba475ebd9343dc771addd22ecbd19420a8d7534b,101.0,2.0,0.0,1.0,0.0,23.5,4.0,5.0,3.0,1,2025-03,1,0.0,treatment,101.0,0.0,0.0,1.0,0.0,23.5,4.0,5.0,1.0,both,0.0,0.0,True,2.0,2.0,False,0.0,0.0,True,0.0,0.0,True,0.0,0.0,True,0.0,0.0,True,0.0,0.0,True,0.0,0.0,True,2.0,2.0,False
ericzakariasson/uber-eats-mcp-server,2025-04,treatment,ba475ebd9343dc771addd22ecbd19420a8d7534b,101.0,2.0,0.0,1.0,0.0,23.5,4.0,5.0,3.0,,,,,,,,,,,,,,,left_only,,,False,,,False,,,False,,,False,,,False,,,False,,,False,,,False,,,False
ericzakariasson/uber-eats-mcp-server,2025-05,treatment,ba475ebd9343dc771addd22ecbd19420a8d7534b,101.0,2.0,0.0,1.0,0.0,23.5,4.0,5.0,3.0,,,,,,,,,,,,,,,left_only,,,False,,,False,,,False,,,False,,,False,,,False,,,False,,,False,,,False
ericzakariasson/uber-eats-mcp-server,2025-06,treatment,ba475ebd9343dc771addd22ecbd19420a8d7534b,101.0,2.0,0.0,1.0,0.0,23.5,4.0,5.0,3.0,,,,,,,,,,,,,,,left_only,,,False,,,False,,,False,,,False,,,False,,,False,,,False,,,False,,,False
ericzakariasson/uber-eats-mcp-server,2025-07,treatment,ba475ebd9343dc771addd22ecbd19420a8d7534b,101.0,2.0,0.0,1.0,0.0,23.5,4.0,5.0,3.0,,,,,,,,,,,,,,,left_only,,,False,,,False,,,False,,,False,,,False,,,False,,,False,,,False,,,False
ericzakariasson/uber-eats-mcp-server,2025-08,treatment,ba475ebd9343dc771addd22ecbd19420a8d7534b,101.0,2.0,0.0,1.0,0.0,23.5,4.0,5.0,3.0,,,,,,,,,,,,,,,left_only,,,False,,,False,,,False,,,False,,,False,,,False,,,False,,,False,,,False
ethyca/fides,2024-01,treatment,5bf61d1a19d6e575a3e379f14311b4321cffe8f9,234100.0,57.0,23.0,2023.0,6.3,8.8,9467.0,10378.0,2103.0,0,2025-03,0,-14.0,treatment,234138.0,160.0,10.0,1241.0,6.3,8.8,9467.0,11741.0,1411.0,both,-38.0,38.0,False,-103.0,103.0,False,13.0,13.0,False,782.0,782.0,False,0.0,0.0,True,0.0,0.0,True,0.0,0.0,True,-1363.0,1363.0,False,692.0,692.0,False
ethyca/fides,2024-02,treatment,14aad9bceaffc32d7da28a07841734d7099db990,236492.0,58.0,23.0,2030.0,6.3,8.8,9553.0,10534.0,2111.0,0,2025-03,0,-13.0,treatment,236530.0,161.0,10.0,1259.0,6.3,8.8,9553.0,12000.0,1430.0,both,-38.0,38.0,False,-103.0,103.0,False,13.0,13.0,False,771.0,771.0,False,0.0,0.0,True,0.0,0.0,True,0.0,0.0,True,-1466.0,1466.0,False,681.0,681.0,False
ethyca/fides,2024-03,treatment,321e9d4355a51a88bffdb51a20d85974e192f04d,243600.0,58.0,23.0,2118.0,6.3,9.0,9920.0,11032.0,2199.0,0,2025-03,0,-12.0,treatment,243639.0,129.0,10.0,1336.0,6.3,9.0,9918.0,12970.0,1475.0,both,-39.0,39.0,False,-71.0,71.0,False,13.0,13.0,False,782.0,782.0,False,0.0,0.0,True,0.0,0.0,True,2.0,2.0,False,-1938.0,1938.0,False,724.0,724.0,False
ethyca/fides,2024-04,treatment,c617f6804ae5f841bd61f65729c1186f3c95d5b8,252823.0,56.0,23.0,2163.0,6.2,9.2,10283.0,11254.0,2242.0,0,2025-03,0,-11.0,treatment,252866.0,134.0,10.0,1417.0,6.2,9.2,10281.0,13683.0,1561.0,both,-43.0,43.0,False,-78.0,78.0,False,13.0,13.0,False,746.0,746.0,False,0.0,0.0,True,0.0,0.0,True,2.0,2.0,False,-2429.0,2429.0,False,681.0,681.0,False
ethyca/fides,2024-05,treatment,d50f5b3622c9058eee0c9aceb7f48463469afada,263118.0,57.0,23.0,2309.0,6.5,9.1,10679.0,11963.0,2389.0,0,2025-03,0,-10.0,treatment,263161.0,136.0,10.0,1485.0,6.5,9.1,10677.0,14472.0,1631.0,both,-43.0,43.0,False,-79.0,79.0,False,13.0,13.0,False,824.0,824.0,False,0.0,0.0,True,0.0,0.0,True,2.0,2.0,False,-2509.0,2509.0,False,758.0,758.0,False
ethyca/fides,2024-06,treatment,6041a493e7e36e60b9267b9402c7c3332ab3f170,270428.0,56.0,23.0,2365.0,6.5,9.1,10864.0,12265.0,2444.0,0,2025-03,0,-9.0,treatment,270471.0,135.0,10.0,1537.0,6.5,9.1,10862.0,15037.0,1682.0,both,-43.0,43.0,False,-79.0,79.0,False,13.0,13.0,False,828.0,828.0,False,0.0,0.0,True,0.0,0.0,True,2.0,2.0,False,-2772.0,2772.0,False,762.0,762.0,False
ethyca/fides,2024-07,treatment,84447c0a004c65a5552acdee70ffa76a59fc864f,276316.0,56.0,24.0,2416.0,6.4,9.1,11185.0,12547.0,2496.0,0,2025-03,0,-8.0,treatment,276359.0,135.0,10.0,1573.0,6.4,9.1,11183.0,15274.0,1718.0,both,-43.0,43.0,False,-79.0,79.0,False,14.0,14.0,False,843.0,843.0,False,0.0,0.0,True,0.0,0.0,True,2.0,2.0,False,-2727.0,2727.0,False,778.0,778.0,False
ethyca/fides,2024-08,treatment,e9174b771155abc0ff3faf1fb7b8b76836788617,281160.0,55.0,24.0,2235.0,6.3,9.1,11463.0,11653.0,2314.0,0,2025-03,0,-7.0,treatment,281197.0,134.0,9.0,1615.0,6.3,9.1,11461.0,15187.0,1758.0,both,-37.0,37.0,False,-79.0,79.0,False,15.0,15.0,False,620.0,620.0,False,0.0,0.0,True,0.0,0.0,True,2.0,2.0,False,-3534.0,3534.0,False,556.0,556.0,False
ethyca/fides,2024-09,treatment,a6510c126e548353bfa0c6dcde66796d998dcdad,293283.0,56.0,24.0,2694.0,7.3,9.5,11716.0,13942.0,2774.0,0,2025-03,0,-6.0,treatment,293320.0,147.0,9.0,1655.0,7.3,9.5,11714.0,15533.0,1811.0,both,-37.0,37.0,False,-91.0,91.0,False,15.0,15.0,False,1039.0,1039.0,False,0.0,0.0,True,0.0,0.0,True,2.0,2.0,False,-1591.0,1591.0,False,963.0,963.0,False
ethyca/fides,2024-10,treatment,d60ec78344f18bd0118e088612f496f4e816386c,296502.0,58.0,23.0,2732.0,7.1,9.5,11879.0,14140.0,2813.0,0,2025-03,0,-5.0,treatment,296539.0,146.0,9.0,1689.0,7.1,9.5,11877.0,15884.0,1844.0,both,-37.0,37.0,False,-88.0,88.0,False,14.0,14.0,False,1043.0,1043.0,False,0.0,0.0,True,0.0,0.0,True,2.0,2.0,False,-1744.0,1744.0,False,969.0,969.0,False
ethyca/fides,2024-11,treatment,f1865030d52eabe84e650a576c9f0449d24d90a3,297792.0,54.0,23.0,2759.0,6.7,9.6,12050.0,14202.0,2836.0,0,2025-03,0,-4.0,treatment,297819.0,141.0,9.0,1709.0,6.7,9.6,12048.0,15958.0,1859.0,both,-27.0,27.0,False,-87.0,87.0,False,14.0,14.0,False,1050.0,1050.0,False,0.0,0.0,True,0.0,0.0,True,2.0,2.0,False,-1756.0,1756.0,False,977.0,977.0,False
ethyca/fides,2024-12,treatment,f77633e33a7b3e77e127caedfbd5d4c0256590c5,283527.0,55.0,23.0,2764.0,6.7,9.8,11606.0,14303.0,2842.0,0,2025-03,0,-3.0,treatment,283554.0,143.0,9.0,1684.0,6.7,9.8,11604.0,16186.0,1836.0,both,-27.0,27.0,False,-88.0,88.0,False,14.0,14.0,False,1080.0,1080.0,False,0.0,0.0,True,0.0,0.0,True,2.0,2.0,False,-1883.0,1883.0,False,1006.0,1006.0,False
ethyca/fides,2025-01,treatment,c4d69ccb55793e152b0e29c7288dfd342176466f,289985.0,57.0,23.0,2803.0,6.8,9.8,11796.0,14447.0,2883.0,0,2025-03,0,-2.0,treatment,290017.0,145.0,9.0,1707.0,6.8,9.8,11794.0,16262.0,1861.0,both,-32.0,32.0,False,-88.0,88.0,False,14.0,14.0,False,1096.0,1096.0,False,0.0,0.0,True,0.0,0.0,True,2.0,2.0,False,-1815.0,1815.0,False,1022.0,1022.0,False
ethyca/fides,2025-02,treatment,c51cd945858ae1bbcc1f72c26ab4422f3f019907,306352.0,66.0,23.0,3146.0,7.9,9.8,13096.0,18078.0,3235.0,0,2025-03,0,-1.0,treatment,306387.0,153.0,9.0,2016.0,7.9,9.8,13094.0,18869.0,2178.0,both,-35.0,35.0,False,-87.0,87.0,False,14.0,14.0,False,1130.0,1130.0,False,0.0,0.0,True,0.0,0.0,True,2.0,2.0,False,-791.0,791.0,False,1057.0,1057.0,False
ethyca/fides,2025-03,treatment,524ff93669d122111bfd73df1c4ca2c2d9d7d100,318431.0,64.0,22.0,3259.0,7.3,9.9,13785.0,18552.0,3345.0,1,2025-03,1,0.0,treatment,318465.0,157.0,9.0,2038.0,7.3,9.9,13783.0,19006.0,2204.0,both,-34.0,34.0,False,-93.0,93.0,False,13.0,13.0,False,1221.0,1221.0,False,0.0,0.0,True,0.0,0.0,True,2.0,2.0,False,-454.0,454.0,False,1141.0,1141.0,False
ethyca/fides,2025-04,treatment,e469857a142ed59acc3eb55ada6bd20ac94c1be5,328498.0,65.0,22.0,3353.0,7.2,9.9,14165.0,19007.0,3440.0,1,2025-03,1,1.0,treatment,318483.0,157.0,9.0,2038.0,7.3,9.9,13783.0,19006.0,2204.0,both,10015.0,10015.0,False,-92.0,92.0,False,13.0,13.0,False,1315.0,1315.0,False,-0.09999999999999964,0.09999999999999964,False,0.0,0.0,True,382.0,382.0,False,1.0,1.0,False,1236.0,1236.0,False
ethyca/fides,2025-05,treatment,013705a19dd54de748b589460505f92f0b100cc9,334068.0,66.0,22.0,3398.0,7.2,9.9,14426.0,19163.0,3486.0,1,2025-03,1,2.0,treatment,334106.0,162.0,9.0,2171.0,7.2,9.9,14419.0,20571.0,2342.0,both,-38.0,38.0,False,-96.0,96.0,False,13.0,13.0,False,1227.0,1227.0,False,0.0,0.0,True,0.0,0.0,True,7.0,7.0,False,-1408.0,1408.0,False,1144.0,1144.0,False
ethyca/fides,2025-06,treatment,25f89cf50afcac815c38422d299fb39b35cd76a3,344252.0,64.0,22.0,3224.0,6.6,10.2,14433.0,16523.0,3310.0,1,2025-03,1,3.0,treatment,344290.0,160.0,10.0,2077.0,6.6,10.2,14426.0,21061.0,2247.0,both,-38.0,38.0,False,-96.0,96.0,False,12.0,12.0,False,1147.0,1147.0,False,0.0,0.0,True,0.0,0.0,True,7.0,7.0,False,-4538.0,4538.0,False,1063.0,1063.0,False
ethyca/fides,2025-07,treatment,9f183a7ab5faa5eb0efd7d4da31808a978b91242,366107.0,63.0,22.0,3369.0,6.6,10.5,15636.0,17725.0,3454.0,1,2025-03,1,4.0,treatment,366153.0,168.0,10.0,2211.0,6.6,10.5,15629.0,22434.0,2389.0,both,-46.0,46.0,False,-105.0,105.0,False,12.0,12.0,False,1158.0,1158.0,False,0.0,0.0,True,0.0,0.0,True,7.0,7.0,False,-4709.0,4709.0,False,1065.0,1065.0,False
ethyca/fides,2025-08,treatment,cb4eb8bd6ccc98b8e68630f3f7d938f1b3bf953a,388466.0,64.0,23.0,3566.0,6.5,10.9,16708.0,19609.0,3653.0,1,2025-03,1,5.0,treatment,388512.0,183.0,10.0,2430.0,6.5,10.9,16701.0,24610.0,2623.0,both,-46.0,46.0,False,-119.0,119.0,False,13.0,13.0,False,1136.0,1136.0,False,0.0,0.0,True,0.0,0.0,True,7.0,7.0,False,-5001.0,5001.0,False,1030.0,1030.0,False
ezyang/codemcp,2025-03,treatment,5295ec34409551d3aefad86af2d30a2c3b50fb25,8341.0,0.0,0.0,70.0,0.9,27.6,1288.0,873.0,70.0,1,2025-03,1,0.0,treatment,8341.0,0.0,0.0,56.0,0.9,27.6,1288.0,807.0,56.0,both,0.0,0.0,True,0.0,0.0,True,0.0,0.0,True,14.0,14.0,False,0.0,0.0,True,0.0,0.0,True,0.0,0.0,True,66.0,66.0,False,14.0,14.0,False
ezyang/codemcp,2025-04,treatment,3aaa4a8701c74dee51c58c39c48ff6426edcaa67,8912.0,1.0,0.0,77.0,0.9,27.5,1376.0,937.0,78.0,1,2025-03,1,1.0,treatment,8912.0,0.0,0.0,62.0,0.9,27.5,1376.0,866.0,62.0,both,0.0,0.0,True,1.0,1.0,False,0.0,0.0,True,15.0,15.0,False,0.0,0.0,True,0.0,0.0,True,0.0,0.0,True,71.0,71.0,False,16.0,16.0,False
ezyang/codemcp,2025-05,treatment,5b6726ab8c71ecf84fc20cb351b7bc7d7941bfda,8818.0,1.0,0.0,68.0,0.9,28.2,1335.0,830.0,69.0,1,2025-03,1,2.0,treatment,8818.0,0.0,0.0,60.0,0.9,28.2,1335.0,796.0,60.0,both,0.0,0.0,True,1.0,1.0,False,0.0,0.0,True,8.0,8.0,False,0.0,0.0,True,0.0,0.0,True,0.0,0.0,True,34.0,34.0,False,9.0,9.0,False
ezyang/codemcp,2025-06,treatment,41dfe735e1541d6db93f326e43db66f1e7038425,8856.0,1.0,0.0,70.0,0.9,28.3,1361.0,861.0,71.0,1,2025-03,1,3.0,treatment,8856.0,0.0,0.0,62.0,0.9,28.3,1361.0,827.0,62.0,both,0.0,0.0,True,1.0,1.0,False,0.0,0.0,True,8.0,8.0,False,0.0,0.0,True,0.0,0.0,True,0.0,0.0,True,34.0,34.0,False,9.0,9.0,False
ezyang/codemcp,2025-07,treatment,41dfe735e1541d6db93f326e43db66f1e7038425,8856.0,1.0,0.0,70.0,0.9,28.3,1361.0,861.0,71.0,,,,,,,,,,,,,,,left_only,,,False,,,False,,,False,,,False,,,False,,,False,,,False,,,False,,,False
ezyang/codemcp,2025-08,treatment,41dfe735e1541d6db93f326e43db66f1e7038425,8856.0,1.0,0.0,70.0,0.9,28.3,1361.0,861.0,71.0,,,,,,,,,,,,,,,left_only,,,False,,,False,,,False,,,False,,,False,,,False,,,False,,,False,,,False
gerred/mcp-server-replicate,2025-01,treatment,da7c9f5b18a5a1db189315cdfb6b92d03583bf1a,2718.0,1.0,0.0,66.0,2.3,18.5,306.0,808.0,67.0,1,2025-01,1,0.0,treatment,2718.0,0.0,0.0,35.0,2.3,18.5,306.0,648.0,35.0,both,0.0,0.0,True,1.0,1.0,False,0.0,0.0,True,31.0,31.0,False,0.0,0.0,True,0.0,0.0,True,0.0,0.0,True,160.0,160.0,False,32.0,32.0,False
gerred/mcp-server-replicate,2025-02,treatment,568024cbab6f7da22a85d7bd5787f2e835e4e54a,2718.0,1.0,0.0,66.0,2.3,18.5,306.0,808.0,67.0,1,2025-01,1,1.0,treatment,2718.0,0.0,0.0,35.0,2.3,18.5,306.0,648.0,35.0,both,0.0,0.0,True,1.0,1.0,False,0.0,0.0,True,31.0,31.0,False,0.0,0.0,True,0.0,0.0,True,0.0,0.0,True,160.0,160.0,False,32.0,32.0,False
gerred/mcp-server-replicate,2025-03,treatment,568024cbab6f7da22a85d7bd5787f2e835e4e54a,2718.0,1.0,0.0,66.0,2.3,18.5,306.0,808.0,67.0,,,,,,,,,,,,,,,left_only,,,False,,,False,,,False,,,False,,,False,,,False,,,False,,,False,,,False
gerred/mcp-server-replicate,2025-04,treatment,568024cbab6f7da22a85d7bd5787f2e835e4e54a,2718.0,1.0,0.0,66.0,2.3,18.5,306.0,808.0,67.0,,,,,,,,,,,,,,,left_only,,,False,,,False,,,False,,,False,,,False,,,False,,,False,,,False,,,False
gerred/mcp-server-replicate,2025-05,treatment,568024cbab6f7da22a85d7bd5787f2e835e4e54a,2718.0,1.0,0.0,66.0,2.3,18.5,306.0,808.0,67.0,,,,,,,,,,,,,,,left_only,,,False,,,False,,,False,,,False,,,False,,,False,,,False,,,False,,,False
gerred/mcp-server-replicate,2025-06,treatment,568024cbab6f7da22a85d7bd5787f2e835e4e54a,2718.0,1.0,0.0,66.0,2.3,18.5,306.0,808.0,67.0,,,,,,,,,,,,,,,left_only,,,False,,,False,,,False,,,False,,,False,,,False,,,False,,,False,,,False
gerred/mcp-server-replicate,2025-07,treatment,568024cbab6f7da22a85d7bd5787f2e835e4e54a,2718.0,1.0,0.0,66.0,2.3,18.5,306.0,808.0,67.0,,,,,,,,,,,,,,,left_only,,,False,,,False,,,False,,,False,,,False,,,False,,,False,,,False,,,False
gerred/mcp-server-replicate,2025-08,treatment,568024cbab6f7da22a85d7bd5787f2e835e4e54a,2718.0,1.0,0.0,66.0,2.3,18.5,306.0,808.0,67.0,,,,,,,,,,,,,,,left_only,,,False,,,False,,,False,,,False,,,False,,,False,,,False,,,False,,,False
getsentry/sentry,2024-01,treatment,8073feb6eac31a856f6a389a1c289430b35e3589,1348772.0,343.0,35.0,14562.0,6.7,6.4,81360.0,96629.0,14940.0,0,2025-02,0,-13.0,treatment,1349397.0,661.0,5.0,12963.0,6.7,6.4,81360.0,90882.0,13629.0,both,-625.0,625.0,False,-318.0,318.0,False,30.0,30.0,False,1599.0,1599.0,False,0.0,0.0,True,0.0,0.0,True,0.0,0.0,True,5747.0,5747.0,False,1311.0,1311.0,False
getsentry/sentry,2024-02,treatment,de6c3afad3e8eb67fe0f4cccc389f4374a87fea0,1382323.0,366.0,35.0,14179.0,6.8,6.4,83474.0,94256.0,14580.0,0,2025-02,0,-12.0,treatment,1382944.0,716.0,5.0,12876.0,6.8,6.4,83474.0,90115.0,13597.0,both,-621.0,621.0,False,-350.0,350.0,False,30.0,30.0,False,1303.0,1303.0,False,0.0,0.0,True,0.0,0.0,True,0.0,0.0,True,4141.0,4141.0,False,983.0,983.0,False
getsentry/sentry,2024-03,treatment,b3f8ab3aea7eaabfd408314997f8c21c5707491f,1387911.0,381.0,35.0,14319.0,6.3,6.2,84635.0,94378.0,14735.0,0,2025-02,0,-11.0,treatment,1388532.0,711.0,5.0,12920.0,6.3,6.3,84635.0,90060.0,13636.0,both,-621.0,621.0,False,-330.0,330.0,False,30.0,30.0,False,1399.0,1399.0,False,0.0,0.0,True,-0.09999999999999964,0.09999999999999964,False,0.0,0.0,True,4318.0,4318.0,False,1099.0,1099.0,False
getsentry/sentry,2024-04,treatment,d9935228ed25a087426c4665bb98358bb1e4c580,1427746.0,386.0,35.0,14825.0,6.4,6.2,87065.0,97191.0,15246.0,0,2025-02,0,-10.0,treatment,1428367.0,735.0,5.0,13317.0,6.4,6.2,87065.0,92558.0,14057.0,both,-621.0,621.0,False,-349.0,349.0,False,30.0,30.0,False,1508.0,1508.0,False,0.0,0.0,True,0.0,0.0,True,0.0,0.0,True,4633.0,4633.0,False,1189.0,1189.0,False
getsentry/sentry,2024-05,treatment,0d270ad1c8532bb133772a03e166dca23a3a08ad,1454468.0,384.0,33.0,15763.0,6.5,6.2,88364.0,110547.0,16180.0,0,2025-02,0,-9.0,treatment,1455256.0,748.0,5.0,14245.0,6.5,6.3,88383.0,105715.0,14998.0,both,-788.0,788.0,False,-364.0,364.0,False,28.0,28.0,False,1518.0,1518.0,False,0.0,0.0,True,-0.09999999999999964,0.09999999999999964,False,-19.0,19.0,False,4832.0,4832.0,False,1182.0,1182.0,False
getsentry/sentry,2024-06,treatment,27f0f976edf02d303fc16cab7a481e588be43e8e,1482515.0,401.0,33.0,15760.0,6.7,6.2,89504.0,109513.0,16194.0,0,2025-02,0,-8.0,treatment,1483303.0,783.0,5.0,14297.0,6.8,6.2,89523.0,105176.0,15085.0,both,-788.0,788.0,False,-382.0,382.0,False,28.0,28.0,False,1463.0,1463.0,False,-0.09999999999999964,0.09999999999999964,False,0.0,0.0,True,-19.0,19.0,False,4337.0,4337.0,False,1109.0,1109.0,False
getsentry/sentry,2024-07,treatment,3efa8cf306b9650d8129ffeaca77601b833b1009,1522332.0,399.0,33.0,16063.0,7.1,6.1,91239.0,111830.0,16495.0,0,2025-02,0,-7.0,treatment,1523120.0,796.0,4.0,14608.0,7.1,6.2,91258.0,107637.0,15408.0,both,-788.0,788.0,False,-397.0,397.0,False,29.0,29.0,False,1455.0,1455.0,False,0.0,0.0,True,-0.10000000000000053,0.10000000000000053,False,-19.0,19.0,False,4193.0,4193.0,False,1087.0,1087.0,False
getsentry/sentry,2024-08,treatment,14b776d65b324705fca7edfd2c88a748429d54e3,1549757.0,412.0,33.0,16434.0,7.0,6.1,92611.0,113548.0,16879.0,0,2025-02,0,-6.0,treatment,1550545.0,823.0,4.0,14939.0,7.0,6.1,92630.0,109444.0,15766.0,both,-788.0,788.0,False,-411.0,411.0,False,29.0,29.0,False,1495.0,1495.0,False,0.0,0.0,True,0.0,0.0,True,-19.0,19.0,False,4104.0,4104.0,False,1113.0,1113.0,False
getsentry/sentry,2024-09,treatment,6c6024b9d8999b88166c60580a677d809252fc04,1577606.0,418.0,33.0,16642.0,7.1,6.1,93538.0,114641.0,17093.0,0,2025-02,0,-5.0,treatment,1578069.0,842.0,4.0,15125.0,7.1,6.1,93597.0,110298.0,15971.0,both,-463.0,463.0,False,-424.0,424.0,False,29.0,29.0,False,1517.0,1517.0,False,0.0,0.0,True,0.0,0.0,True,-59.0,59.0,False,4343.0,4343.0,False,1122.0,1122.0,False
getsentry/sentry,2024-10,treatment,ad46b361e2e960136b68f1647b936af1b3f6752a,1606472.0,438.0,34.0,16698.0,7.1,6.0,94784.0,113340.0,17170.0,0,2025-02,0,-4.0,treatment,1607265.0,878.0,4.0,15219.0,7.1,6.0,94803.0,109276.0,16101.0,both,-793.0,793.0,False,-440.0,440.0,False,30.0,30.0,False,1479.0,1479.0,False,0.0,0.0,True,0.0,0.0,True,-19.0,19.0,False,4064.0,4064.0,False,1069.0,1069.0,False
getsentry/sentry,2024-11,treatment,8e45680a887ec96c50c1f43fffe1ac8f2b6c54aa,1625594.0,428.0,35.0,16731.0,7.0,6.1,95726.0,112794.0,17194.0,0,2025-02,0,-3.0,treatment,1626387.0,889.0,4.0,15273.0,7.1,6.1,95745.0,108877.0,16166.0,both,-793.0,793.0,False,-461.0,461.0,False,31.0,31.0,False,1458.0,1458.0,False,-0.09999999999999964,0.09999999999999964,False,0.0,0.0,True,-19.0,19.0,False,3917.0,3917.0,False,1028.0,1028.0,False
getsentry/sentry,2024-12,treatment,707f353d2d1933fbf951478c414838f9e5956b38,1643751.0,394.0,34.0,16687.0,7.1,6.0,96611.0,110737.0,17115.0,0,2025-02,0,-2.0,treatment,1644542.0,856.0,4.0,15179.0,7.1,6.1,96630.0,106610.0,16039.0,both,-791.0,791.0,False,-462.0,462.0,False,30.0,30.0,False,1508.0,1508.0,False,0.0,0.0,True,-0.09999999999999964,0.09999999999999964,False,-19.0,19.0,False,4127.0,4127.0,False,1076.0,1076.0,False
getsentry/sentry,2025-01,treatment,d210118fce94310ef5858d51efe16ee26c995a48,1669625.0,363.0,35.0,16757.0,7.1,6.1,97503.0,107643.0,17155.0,0,2025-02,0,-1.0,treatment,1670416.0,808.0,4.0,15211.0,7.1,6.1,97522.0,103379.0,16023.0,both,-791.0,791.0,False,-445.0,445.0,False,31.0,31.0,False,1546.0,1546.0,False,0.0,0.0,True,0.0,0.0,True,-19.0,19.0,False,4264.0,4264.0,False,1132.0,1132.0,False
getsentry/sentry,2025-02,treatment,c4502d06cff34abeb8f58810743fb907ee914348,1771074.0,374.0,35.0,18091.0,7.5,5.9,100855.0,113579.0,18500.0,1,2025-02,1,0.0,treatment,1771865.0,816.0,4.0,15845.0,7.5,6.0,100874.0,107481.0,16665.0,both,-791.0,791.0,False,-442.0,442.0,False,31.0,31.0,False,2246.0,2246.0,False,0.0,0.0,True,-0.09999999999999964,0.09999999999999964,False,-19.0,19.0,False,6098.0,6098.0,False,1835.0,1835.0,False
getsentry/sentry,2025-03,treatment,2d92281805254325dbedb3cafcfdd53d09b1d9df,,,,,,,,,,1,2025-02,1,1.0,treatment,1853961.0,870.0,4.0,17071.0,7.5,5.9,105046.0,117797.0,17945.0,both,,,False,,,False,,,False,,,False,,,False,,,False,,,False,,,False,,,False
getsentry/sentry,2025-04,treatment,32cb664b86c13cc020c06f7e208cd9a62e6891a0,,,,,,,,,,1,2025-02,1,2.0,treatment,1907308.0,910.0,4.0,17330.0,7.9,5.9,107184.0,119760.0,18244.0,both,,,False,,,False,,,False,,,False,,,False,,,False,,,False,,,False,,,False
getsentry/sentry,2025-05,treatment,975f8d773e5a6c5ed6595176a42ff31e887ec95d,,,,,,,,,,1,2025-02,1,3.0,treatment,1909669.0,923.0,4.0,17119.0,7.6,5.7,108223.0,117456.0,18046.0,both,,,False,,,False,,,False,,,False,,,False,,,False,,,False,,,False,,,False
getsentry/sentry,2025-06,treatment,4f2be477198bf2814c6d6cd4b80ba19cbe386908,1960740.0,369.0,36.0,19091.0,7.8,5.7,110877.0,123683.0,19496.0,1,2025-02,1,4.0,treatment,1962140.0,997.0,4.0,17537.0,7.8,5.7,110896.0,120791.0,18538.0,both,-1400.0,1400.0,False,-628.0,628.0,False,32.0,32.0,False,1554.0,1554.0,False,0.0,0.0,True,0.0,0.0,True,-19.0,19.0,False,2892.0,2892.0,False,958.0,958.0,False
getsentry/sentry,2025-07,treatment,71c2f5f3925610f3aa1871ace1c20f48eeff3db8,2013626.0,379.0,37.0,27094.0,7.7,5.7,113230.0,242848.0,27510.0,1,2025-02,1,5.0,treatment,2015026.0,1054.0,4.0,25633.0,7.7,5.7,113249.0,240292.0,26691.0,both,-1400.0,1400.0,False,-675.0,675.0,False,33.0,33.0,False,1461.0,1461.0,False,0.0,0.0,True,0.0,0.0,True,-19.0,19.0,False,2556.0,2556.0,False,819.0,819.0,False
getsentry/sentry,2025-08,treatment,b9dc9712a91c4dbf3cb1550254113c1599388e57,2037467.0,375.0,37.0,26587.0,7.7,5.7,113885.0,235420.0,26999.0,1,2025-02,1,6.0,treatment,2038867.0,1044.0,4.0,25151.0,7.7,5.8,113904.0,233110.0,26199.0,both,-1400.0,1400.0,False,-669.0,669.0,False,33.0,33.0,False,1436.0,1436.0,False,0.0,0.0,True,-0.09999999999999964,0.09999999999999964,False,-19.0,19.0,False,2310.0,2310.0,False,800.0,800.0,False
grapeot/web_agentic_ai,2025-02,treatment,b359efb910dc306bca2b7aa25a60ef1458e1087a,4413.0,0.0,7.0,106.0,4.4,21.0,800.0,724.0,113.0,1,2025-02,1,0.0,treatment,4415.0,0.0,0.0,49.0,4.4,21.0,800.0,392.0,49.0,both,-2.0,2.0,False,0.0,0.0,True,7.0,7.0,False,57.0,57.0,False,0.0,0.0,True,0.0,0.0,True,0.0,0.0,True,332.0,332.0,False,64.0,64.0,False
grapeot/web_agentic_ai,2025-03,treatment,8a28bbaf743ddb0b5cc7247d159fa2066fd9f985,6197.0,0.0,7.0,141.0,1.5,22.9,1037.0,869.0,148.0,1,2025-02,1,1.0,treatment,6200.0,0.0,0.0,55.0,1.5,22.9,1037.0,489.0,55.0,both,-3.0,3.0,False,0.0,0.0,True,7.0,7.0,False,86.0,86.0,False,0.0,0.0,True,0.0,0.0,True,0.0,0.0,True,380.0,380.0,False,93.0,93.0,False
grapeot/web_agentic_ai,2025-04,treatment,8a28bbaf743ddb0b5cc7247d159fa2066fd9f985,6197.0,0.0,7.0,141.0,1.5,22.9,1037.0,869.0,148.0,,,,,,,,,,,,,,,left_only,,,False,,,False,,,False,,,False,,,False,,,False,,,False,,,False,,,False
grapeot/web_agentic_ai,2025-05,treatment,8a28bbaf743ddb0b5cc7247d159fa2066fd9f985,6197.0,0.0,7.0,141.0,1.5,22.9,1037.0,869.0,148.0,,,,,,,,,,,,,,,left_only,,,False,,,False,,,False,,,False,,,False,,,False,,,False,,,False,,,False
grapeot/web_agentic_ai,2025-06,treatment,8a28bbaf743ddb0b5cc7247d159fa2066fd9f985,6197.0,0.0,7.0,141.0,1.5,22.9,1037.0,869.0,148.0,,,,,,,,,,,,,,,left_only,,,False,,,False,,,False,,,False,,,False,,,False,,,False,,,False,,,False
grapeot/web_agentic_ai,2025-07,treatment,8a28bbaf743ddb0b5cc7247d159fa2066fd9f985,6197.0,0.0,7.0,141.0,1.5,22.9,1037.0,869.0,148.0,,,,,,,,,,,,,,,left_only,,,False,,,False,,,False,,,False,,,False,,,False,,,False,,,False,,,False
grapeot/web_agentic_ai,2025-08,treatment,8a28bbaf743ddb0b5cc7247d159fa2066fd9f985,6197.0,0.0,7.0,141.0,1.5,22.9,1037.0,869.0,148.0,,,,,,,,,,,,,,,left_only,,,False,,,False,,,False,,,False,,,False,,,False,,,False,,,False,,,False
hyperb1iss/droidmind,2025-02,treatment,0d7eb7376eb0578b3aae50e0c5bd1cdec205a368,,0.0,0.0,0.0,,,,0.0,0.0,0,2025-03,0,-1.0,treatment,,0.0,0.0,0.0,,,,0.0,0.0,both,,,False,0.0,0.0,True,0.0,0.0,True,0.0,0.0,True,,,False,,,False,,,False,0.0,0.0,True,0.0,0.0,True
hyperb1iss/droidmind,2025-03,treatment,d7c5b310e43204bb5ee7b0fea6ec47d8a58d391d,4114.0,4.0,0.0,33.0,0.0,34.9,778.0,262.0,37.0,1,2025-03,1,0.0,treatment,4114.0,3.0,0.0,32.0,0.0,34.9,778.0,258.0,35.0,both,0.0,0.0,True,1.0,1.0,False,0.0,0.0,True,1.0,1.0,False,0.0,0.0,True,0.0,0.0,True,0.0,0.0,True,4.0,4.0,False,2.0,2.0,False
hyperb1iss/droidmind,2025-04,treatment,d7c5b310e43204bb5ee7b0fea6ec47d8a58d391d,4114.0,4.0,0.0,33.0,0.0,34.9,778.0,262.0,37.0,1,2025-03,1,1.0,treatment,4114.0,3.0,0.0,32.0,0.0,34.9,778.0,258.0,35.0,both,0.0,0.0,True,1.0,1.0,False,0.0,0.0,True,1.0,1.0,False,0.0,0.0,True,0.0,0.0,True,0.0,0.0,True,4.0,4.0,False,2.0,2.0,False
hyperb1iss/droidmind,2025-05,treatment,bdf54d1c715bceb35665a03bfeecee0923516db9,4835.0,4.0,0.0,46.0,0.0,32.9,940.0,384.0,50.0,1,2025-03,1,2.0,treatment,4848.0,3.0,0.0,46.0,0.0,32.8,940.0,385.0,49.0,both,-13.0,13.0,False,1.0,1.0,False,0.0,0.0,True,0.0,0.0,True,0.0,0.0,True,0.10000000000000142,0.10000000000000142,False,0.0,0.0,True,-1.0,1.0,False,1.0,1.0,False
hyperb1iss/droidmind,2025-06,treatment,bdf54d1c715bceb35665a03bfeecee0923516db9,4835.0,4.0,0.0,46.0,0.0,32.9,940.0,384.0,50.0,,,,,,,,,,,,,,,left_only,,,False,,,False,,,False,,,False,,,False,,,False,,,False,,,False,,,False
hyperb1iss/droidmind,2025-07,treatment,bdf54d1c715bceb35665a03bfeecee0923516db9,4835.0,4.0,0.0,46.0,0.0,32.9,940.0,384.0,50.0,,,,,,,,,,,,,,,left_only,,,False,,,False,,,False,,,False,,,False,,,False,,,False,,,False,,,False
hyperb1iss/droidmind,2025-08,treatment,bdf54d1c715bceb35665a03bfeecee0923516db9,4835.0,4.0,0.0,46.0,0.0,32.9,940.0,384.0,50.0,,,,,,,,,,,,,,,left_only,,,False,,,False,,,False,,,False,,,False,,,False,,,False,,,False,,,False
ilanbenb/wa_llm,2024-12,treatment,f56e3e01bc6dc3f46168b179967818623657dda1,,0.0,0.0,0.0,,,,0.0,0.0,0,2025-02,0,-2.0,treatment,,0.0,0.0,0.0,,,,0.0,0.0,both,,,False,0.0,0.0,True,0.0,0.0,True,0.0,0.0,True,,,False,,,False,,,False,0.0,0.0,True,0.0,0.0,True
ilanbenb/wa_llm,2025-01,treatment,e34e63788ce3b4b6bb15a6c2484d230a3e75f4fd,1573.0,1.0,0.0,7.0,0.0,9.5,103.0,35.0,8.0,0,2025-02,0,-1.0,treatment,1573.0,0.0,0.0,8.0,0.0,9.5,103.0,45.0,8.0,both,0.0,0.0,True,1.0,1.0,False,0.0,0.0,True,-1.0,1.0,False,0.0,0.0,True,0.0,0.0,True,0.0,0.0,True,-10.0,10.0,False,0.0,0.0,True
ilanbenb/wa_llm,2025-02,treatment,6fccd35c2eee2f8e7dab67de2a8705d52095eae4,2352.0,1.0,0.0,27.0,0.0,11.6,149.0,106.0,28.0,1,2025-02,1,0.0,treatment,2352.0,0.0,0.0,22.0,0.0,11.6,149.0,86.0,22.0,both,0.0,0.0,True,1.0,1.0,False,0.0,0.0,True,5.0,5.0,False,0.0,0.0,True,0.0,0.0,True,0.0,0.0,True,20.0,20.0,False,6.0,6.0,False
ilanbenb/wa_llm,2025-03,treatment,a77b929194f2e873ba5771c3b5abe71e6d02ff55,2601.0,2.0,0.0,22.0,0.0,10.7,192.0,96.0,24.0,1,2025-02,1,1.0,treatment,2601.0,0.0,0.0,17.0,0.0,10.7,192.0,76.0,17.0,both,0.0,0.0,True,2.0,2.0,False,0.0,0.0,True,5.0,5.0,False,0.0,0.0,True,0.0,0.0,True,0.0,0.0,True,20.0,20.0,False,7.0,7.0,False
ilanbenb/wa_llm,2025-04,treatment,8d1e8ee7508420b67f54bcb0c64941d964d17c91,2619.0,2.0,0.0,22.0,0.0,10.6,199.0,96.0,24.0,1,2025-02,1,2.0,treatment,2619.0,0.0,0.0,17.0,0.0,10.6,199.0,76.0,17.0,both,0.0,0.0,True,2.0,2.0,False,0.0,0.0,True,5.0,5.0,False,0.0,0.0,True,0.0,0.0,True,0.0,0.0,True,20.0,20.0,False,7.0,7.0,False
ilanbenb/wa_llm,2025-05,treatment,8c7e98c7ccee4d5c20edff419c00fff7c76c5810,2688.0,2.0,0.0,22.0,0.0,10.7,200.0,96.0,24.0,1,2025-02,1,3.0,treatment,2688.0,0.0,0.0,16.0,0.0,10.7,200.0,71.0,16.0,both,0.0,0.0,True,2.0,2.0,False,0.0,0.0,True,6.0,6.0,False,0.0,0.0,True,0.0,0.0,True,0.0,0.0,True,25.0,25.0,False,8.0,8.0,False
ilanbenb/wa_llm,2025-06,treatment,55fe1d87d42efd981870607efeccbb8430474d88,3081.0,2.0,0.0,39.0,1.6,11.8,237.0,188.0,41.0,1,2025-02,1,4.0,treatment,3081.0,0.0,0.0,17.0,1.6,11.8,237.0,83.0,17.0,both,0.0,0.0,True,2.0,2.0,False,0.0,0.0,True,22.0,22.0,False,0.0,0.0,True,0.0,0.0,True,0.0,0.0,True,105.0,105.0,False,24.0,24.0,False
ilanbenb/wa_llm,2025-07,treatment,07e2f6f91e2b3356e9c7afa7757194aa7666171e,3066.0,2.0,0.0,42.0,2.5,12.2,238.0,203.0,44.0,1,2025-02,1,5.0,treatment,3066.0,0.0,0.0,17.0,2.5,12.2,238.0,83.0,17.0,both,0.0,0.0,True,2.0,2.0,False,0.0,0.0,True,25.0,25.0,False,0.0,0.0,True,0.0,0.0,True,0.0,0.0,True,120.0,120.0,False,27.0,27.0,False
ilanbenb/wa_llm,2025-08,treatment,95b88f091416560b0e21f46bcbbb4ddd6a936241,3064.0,2.0,0.0,42.0,2.5,12.4,239.0,203.0,44.0,1,2025-02,1,6.0,treatment,3064.0,0.0,0.0,17.0,2.5,12.4,239.0,83.0,17.0,both,0.0,0.0,True,2.0,2.0,False,0.0,0.0,True,25.0,25.0,False,0.0,0.0,True,0.0,0.0,True,0.0,0.0,True,120.0,120.0,False,27.0,27.0,False
instructor-ai/instructor,2024-01,treatment,7ab33bd5f6a15e6a041762e9c26a40396a3d7480,8862.0,14.0,0.0,67.0,5.0,10.9,713.0,439.0,81.0,0,2025-03,0,-14.0,treatment,8862.0,12.0,0.0,50.0,5.0,10.9,713.0,354.0,62.0,both,0.0,0.0,True,2.0,2.0,False,0.0,0.0,True,17.0,17.0,False,0.0,0.0,True,0.0,0.0,True,0.0,0.0,True,85.0,85.0,False,19.0,19.0,False
instructor-ai/instructor,2024-02,treatment,3804ec6ac530bdd54f869d64768093eb881cb996,10096.0,13.0,0.0,85.0,6.6,10.4,774.0,550.0,98.0,0,2025-03,0,-13.0,treatment,10096.0,12.0,0.0,64.0,6.6,10.4,774.0,439.0,76.0,both,0.0,0.0,True,1.0,1.0,False,0.0,0.0,True,21.0,21.0,False,0.0,0.0,True,0.0,0.0,True,0.0,0.0,True,111.0,111.0,False,22.0,22.0,False
instructor-ai/instructor,2024-03,treatment,ce579ebb2d9d4fd50f16d8d11071f65977a5c455,11196.0,13.0,0.0,84.0,5.8,10.3,912.0,536.0,97.0,0,2025-03,0,-12.0,treatment,11196.0,15.0,0.0,82.0,5.8,10.3,912.0,523.0,97.0,both,0.0,0.0,True,-2.0,2.0,False,0.0,0.0,True,2.0,2.0,False,0.0,0.0,True,0.0,0.0,True,0.0,0.0,True,13.0,13.0,False,0.0,0.0,True
instructor-ai/instructor,2024-04,treatment,ab5b48dc75db0380198483adb96d15c42b8c64a4,12907.0,13.0,0.0,76.0,5.0,9.0,903.0,494.0,89.0,0,2025-03,0,-11.0,treatment,12907.0,15.0,0.0,77.0,5.0,9.0,903.0,496.0,92.0,both,0.0,0.0,True,-2.0,2.0,False,0.0,0.0,True,-1.0,1.0,False,0.0,0.0,True,0.0,0.0,True,0.0,0.0,True,-2.0,2.0,False,-3.0,3.0,False
instructor-ai/instructor,2024-05,treatment,081418d59a397b38a1b66fe58a64ef94f9124a6b,14439.0,13.0,0.0,78.0,6.2,8.5,1022.0,545.0,91.0,0,2025-03,0,-10.0,treatment,14439.0,15.0,0.0,84.0,6.2,8.5,1022.0,569.0,99.0,both,0.0,0.0,True,-2.0,2.0,False,0.0,0.0,True,-6.0,6.0,False,0.0,0.0,True,0.0,0.0,True,0.0,0.0,True,-24.0,24.0,False,-8.0,8.0,False
instructor-ai/instructor,2024-06,treatment,d99d18b2b93b165d28fd755cef9141aa142c5b01,14811.0,13.0,0.0,84.0,6.1,8.3,1045.0,576.0,97.0,0,2025-03,0,-9.0,treatment,14811.0,15.0,0.0,92.0,6.1,8.3,1045.0,598.0,107.0,both,0.0,0.0,True,-2.0,2.0,False,0.0,0.0,True,-8.0,8.0,False,0.0,0.0,True,0.0,0.0,True,0.0,0.0,True,-22.0,22.0,False,-10.0,10.0,False
instructor-ai/instructor,2024-07,treatment,840737777a919f9a5fcf1505edee0f04b0b9b03f,16028.0,13.0,0.0,99.0,5.5,7.8,1243.0,750.0,112.0,0,2025-03,0,-8.0,treatment,16028.0,15.0,0.0,109.0,5.5,7.8,1243.0,769.0,124.0,both,0.0,0.0,True,-2.0,2.0,False,0.0,0.0,True,-10.0,10.0,False,0.0,0.0,True,0.0,0.0,True,0.0,0.0,True,-19.0,19.0,False,-12.0,12.0,False
instructor-ai/instructor,2024-08,treatment,3e36162cb1961b59aad85ed0203ecb52403e6ad0,15943.0,12.0,0.0,98.0,5.6,8.0,1202.0,725.0,110.0,0,2025-03,0,-7.0,treatment,15943.0,14.0,0.0,105.0,5.6,8.0,1202.0,737.0,119.0,both,0.0,0.0,True,-2.0,2.0,False,0.0,0.0,True,-7.0,7.0,False,0.0,0.0,True,0.0,0.0,True,0.0,0.0,True,-12.0,12.0,False,-9.0,9.0,False
instructor-ai/instructor,2024-09,treatment,db87832d2b019e276b941c10e2aaf23337c0d653,16740.0,12.0,0.0,97.0,5.5,8.2,1303.0,750.0,109.0,0,2025-03,0,-6.0,treatment,16740.0,14.0,0.0,108.0,5.5,8.2,1303.0,782.0,122.0,both,0.0,0.0,True,-2.0,2.0,False,0.0,0.0,True,-11.0,11.0,False,0.0,0.0,True,0.0,0.0,True,0.0,0.0,True,-32.0,32.0,False,-13.0,13.0,False
instructor-ai/instructor,2024-10,treatment,a54ea2d01beac03fa0128112198565f55eac3f75,19886.0,16.0,0.0,112.0,5.1,8.5,1515.0,727.0,128.0,0,2025-03,0,-5.0,treatment,19886.0,19.0,0.0,110.0,5.1,8.5,1515.0,702.0,129.0,both,0.0,0.0,True,-3.0,3.0,False,0.0,0.0,True,2.0,2.0,False,0.0,0.0,True,0.0,0.0,True,0.0,0.0,True,25.0,25.0,False,-1.0,1.0,False
instructor-ai/instructor,2024-11,treatment,4c4a1ce106538a8f20fb2d81ef3f25cfbb3be40d,20721.0,15.0,0.0,104.0,5.3,8.2,1556.0,653.0,119.0,0,2025-03,0,-4.0,treatment,20721.0,18.0,0.0,111.0,5.3,8.2,1556.0,670.0,129.0,both,0.0,0.0,True,-3.0,3.0,False,0.0,0.0,True,-7.0,7.0,False,0.0,0.0,True,0.0,0.0,True,0.0,0.0,True,-17.0,17.0,False,-10.0,10.0,False
instructor-ai/instructor,2024-12,treatment,887316c8267df621b985c736a2ebba504edf2399,20822.0,15.0,0.0,109.0,5.3,8.3,1580.0,691.0,124.0,0,2025-03,0,-3.0,treatment,20822.0,18.0,0.0,113.0,5.3,8.3,1580.0,693.0,131.0,both,0.0,0.0,True,-3.0,3.0,False,0.0,0.0,True,-4.0,4.0,False,0.0,0.0,True,0.0,0.0,True,0.0,0.0,True,-2.0,2.0,False,-7.0,7.0,False
instructor-ai/instructor,2025-01,treatment,f86df783bb2ea160f73b8dd37a318d6e448557ea,20824.0,15.0,0.0,109.0,5.3,8.3,1580.0,691.0,124.0,0,2025-03,0,-2.0,treatment,20824.0,18.0,0.0,113.0,5.3,8.3,1580.0,693.0,131.0,both,0.0,0.0,True,-3.0,3.0,False,0.0,0.0,True,-4.0,4.0,False,0.0,0.0,True,0.0,0.0,True,0.0,0.0,True,-2.0,2.0,False,-7.0,7.0,False
instructor-ai/instructor,2025-02,treatment,429392538e996bb0180bec467677bb9e099a0467,20824.0,15.0,0.0,109.0,5.3,8.3,1580.0,691.0,124.0,0,2025-03,0,-1.0,treatment,20824.0,18.0,0.0,113.0,5.3,8.3,1580.0,693.0,131.0,both,0.0,0.0,True,-3.0,3.0,False,0.0,0.0,True,-4.0,4.0,False,0.0,0.0,True,0.0,0.0,True,0.0,0.0,True,-2.0,2.0,False,-7.0,7.0,False
instructor-ai/instructor,2025-03,treatment,924909392522d57d9a5282976f3273cc79d9c4a1,23979.0,15.0,0.0,132.0,5.4,9.5,2114.0,1103.0,147.0,1,2025-03,1,0.0,treatment,23979.0,19.0,0.0,137.0,5.4,9.5,2114.0,1110.0,156.0,both,0.0,0.0,True,-4.0,4.0,False,0.0,0.0,True,-5.0,5.0,False,0.0,0.0,True,0.0,0.0,True,0.0,0.0,True,-7.0,7.0,False,-9.0,9.0,False
instructor-ai/instructor,2025-04,treatment,795c3cf3e5390381ae7d39fb3d827468f39c97a9,24499.0,15.0,0.0,135.0,5.3,9.5,2179.0,1158.0,150.0,1,2025-03,1,1.0,treatment,23979.0,19.0,0.0,137.0,5.4,9.5,2114.0,1110.0,156.0,both,520.0,520.0,False,-4.0,4.0,False,0.0,0.0,True,-2.0,2.0,False,-0.10000000000000053,0.10000000000000053,False,0.0,0.0,True,65.0,65.0,False,48.0,48.0,False,-6.0,6.0,False
instructor-ai/instructor,2025-05,treatment,fe151f49267ea90c8a1f660df2c01e51520ae360,26681.0,16.0,0.0,160.0,5.1,9.4,2542.0,1420.0,176.0,1,2025-03,1,2.0,treatment,26681.0,27.0,0.0,155.0,5.1,9.4,2542.0,1386.0,182.0,both,0.0,0.0,True,-11.0,11.0,False,0.0,0.0,True,5.0,5.0,False,0.0,0.0,True,0.0,0.0,True,0.0,0.0,True,34.0,34.0,False,-6.0,6.0,False
instructor-ai/instructor,2025-06,treatment,05de0f3548ee318f5cb9d9a010cef027147b7443,28998.0,16.0,0.0,191.0,4.6,10.0,2888.0,1668.0,207.0,1,2025-03,1,3.0,treatment,28998.0,27.0,0.0,189.0,4.6,10.0,2888.0,1686.0,216.0,both,0.0,0.0,True,-11.0,11.0,False,0.0,0.0,True,2.0,2.0,False,0.0,0.0,True,0.0,0.0,True,0.0,0.0,True,-18.0,18.0,False,-9.0,9.0,False
instructor-ai/instructor,2025-07,treatment,56520508f7b575172c717d2f237580e257689602,33058.0,17.0,0.0,269.0,4.0,13.0,3775.0,2758.0,286.0,1,2025-03,1,4.0,treatment,32847.0,56.0,0.0,247.0,4.0,13.0,3707.0,2627.0,303.0,both,211.0,211.0,False,-39.0,39.0,False,0.0,0.0,True,22.0,22.0,False,0.0,0.0,True,0.0,0.0,True,68.0,68.0,False,131.0,131.0,False,-17.0,17.0,False
instructor-ai/instructor,2025-08,treatment,e6fd592b1b28122c09a13b63015b700e0e44ac7b,33146.0,17.0,0.0,274.0,4.0,13.1,3758.0,2768.0,291.0,1,2025-03,1,5.0,treatment,33146.0,56.0,0.0,247.0,4.0,13.1,3758.0,2668.0,303.0,both,0.0,0.0,True,-39.0,39.0,False,0.0,0.0,True,27.0,27.0,False,0.0,0.0,True,0.0,0.0,True,0.0,0.0,True,100.0,100.0,False,-12.0,12.0,False
jmurth1234/ClaudePlayer,2025-02,treatment,45dd06d8c80a3b3506fe424720b047878134b930,727.0,0.0,0.0,7.0,0.0,18.9,184.0,79.0,7.0,0,2025-03,0,-1.0,treatment,727.0,0.0,0.0,6.0,0.0,18.9,184.0,74.0,6.0,both,0.0,0.0,True,0.0,0.0,True,0.0,0.0,True,1.0,1.0,False,0.0,0.0,True,0.0,0.0,True,0.0,0.0,True,5.0,5.0,False,1.0,1.0,False
jmurth1234/ClaudePlayer,2025-03,treatment,aa32d533362ab550e93e5febb504b5e33c17698f,1297.0,0.0,0.0,20.0,2.8,22.4,403.0,238.0,20.0,1,2025-03,1,0.0,treatment,1297.0,0.0,0.0,13.0,2.8,22.4,403.0,208.0,13.0,both,0.0,0.0,True,0.0,0.0,True,0.0,0.0,True,7.0,7.0,False,0.0,0.0,True,0.0,0.0,True,0.0,0.0,True,30.0,30.0,False,7.0,7.0,False
jmurth1234/ClaudePlayer,2025-04,treatment,aa32d533362ab550e93e5febb504b5e33c17698f,1297.0,0.0,0.0,20.0,2.8,22.4,403.0,238.0,20.0,,,,,,,,,,,,,,,left_only,,,False,,,False,,,False,,,False,,,False,,,False,,,False,,,False,,,False
jmurth1234/ClaudePlayer,2025-05,treatment,aa32d533362ab550e93e5febb504b5e33c17698f,1297.0,0.0,0.0,20.0,2.8,22.4,403.0,238.0,20.0,,,,,,,,,,,,,,,left_only,,,False,,,False,,,False,,,False,,,False,,,False,,,False,,,False,,,False
jmurth1234/ClaudePlayer,2025-06,treatment,aa32d533362ab550e93e5febb504b5e33c17698f,1297.0,0.0,0.0,20.0,2.8,22.4,403.0,238.0,20.0,,,,,,,,,,,,,,,left_only,,,False,,,False,,,False,,,False,,,False,,,False,,,False,,,False,,,False
jmurth1234/ClaudePlayer,2025-07,treatment,aa32d533362ab550e93e5febb504b5e33c17698f,1297.0,0.0,0.0,20.0,2.8,22.4,403.0,238.0,20.0,,,,,,,,,,,,,,,left_only,,,False,,,False,,,False,,,False,,,False,,,False,,,False,,,False,,,False
jmurth1234/ClaudePlayer,2025-08,treatment,aa32d533362ab550e93e5febb504b5e33c17698f,1297.0,0.0,0.0,20.0,2.8,22.4,403.0,238.0,20.0,,,,,,,,,,,,,,,left_only,,,False,,,False,,,False,,,False,,,False,,,False,,,False,,,False,,,False
keephq/keep,2024-01,treatment,ce4a9609fb7ec489659278675998594e47c6e183,33211.0,9.0,47.0,1003.0,2.0,11.5,3044.0,6608.0,1059.0,0,2025-03,0,-14.0,treatment,33220.0,12.0,45.0,786.0,2.0,11.5,3044.0,5136.0,843.0,both,-9.0,9.0,False,-3.0,3.0,False,2.0,2.0,False,217.0,217.0,False,0.0,0.0,True,0.0,0.0,True,0.0,0.0,True,1472.0,1472.0,False,216.0,216.0,False
keephq/keep,2024-02,treatment,e9aca814ab111790ebadc672c582711f6d119ce5,37674.0,10.0,50.0,1077.0,2.8,10.5,3432.0,7139.0,1137.0,0,2025-03,0,-13.0,treatment,37683.0,12.0,48.0,826.0,2.8,10.5,3432.0,5485.0,886.0,both,-9.0,9.0,False,-2.0,2.0,False,2.0,2.0,False,251.0,251.0,False,0.0,0.0,True,0.0,0.0,True,0.0,0.0,True,1654.0,1654.0,False,251.0,251.0,False
keephq/keep,2024-03,treatment,d25b4706e1d27184c587c326b77a4ea126cbb3e0,39934.0,12.0,37.0,1100.0,2.7,10.2,3662.0,7042.0,1149.0,0,2025-03,0,-12.0,treatment,39943.0,14.0,34.0,834.0,2.7,10.2,3662.0,5278.0,882.0,both,-9.0,9.0,False,-2.0,2.0,False,3.0,3.0,False,266.0,266.0,False,0.0,0.0,True,0.0,0.0,True,0.0,0.0,True,1764.0,1764.0,False,267.0,267.0,False
keephq/keep,2024-04,treatment,0dcfac86313597fd3eb6bc0aa7233bd35a0b5338,45213.0,14.0,40.0,1246.0,2.8,10.0,4171.0,8284.0,1300.0,0,2025-03,0,-11.0,treatment,45222.0,16.0,37.0,957.0,2.8,10.0,4171.0,6354.0,1010.0,both,-9.0,9.0,False,-2.0,2.0,False,3.0,3.0,False,289.0,289.0,False,0.0,0.0,True,0.0,0.0,True,0.0,0.0,True,1930.0,1930.0,False,290.0,290.0,False
keephq/keep,2024-05,treatment,23e20189f22444f91b33f89339fe438bc08c9a16,46223.0,15.0,41.0,1247.0,2.6,9.9,4233.0,8442.0,1303.0,0,2025-03,0,-10.0,treatment,46223.0,17.0,38.0,966.0,2.6,9.9,4233.0,6535.0,1021.0,both,0.0,0.0,True,-2.0,2.0,False,3.0,3.0,False,281.0,281.0,False,0.0,0.0,True,0.0,0.0,True,0.0,0.0,True,1907.0,1907.0,False,282.0,282.0,False
keephq/keep,2024-06,treatment,e6ce080de41cd5e218eff5357b00f6ebdbb5b757,51097.0,17.0,42.0,1329.0,2.6,9.7,4633.0,8855.0,1388.0,0,2025-03,0,-9.0,treatment,51097.0,18.0,39.0,1037.0,2.6,9.7,4633.0,7013.0,1094.0,both,0.0,0.0,True,-1.0,1.0,False,3.0,3.0,False,292.0,292.0,False,0.0,0.0,True,0.0,0.0,True,0.0,0.0,True,1842.0,1842.0,False,294.0,294.0,False
keephq/keep,2024-07,treatment,bd626be9f9760d7665d906f637467f8b811175d3,59644.0,20.0,43.0,1549.0,3.6,9.4,5208.0,10110.0,1612.0,0,2025-03,0,-8.0,treatment,59644.0,23.0,39.0,1194.0,3.6,9.4,5208.0,7927.0,1256.0,both,0.0,0.0,True,-3.0,3.0,False,4.0,4.0,False,355.0,355.0,False,0.0,0.0,True,0.0,0.0,True,0.0,0.0,True,2183.0,2183.0,False,356.0,356.0,False
keephq/keep,2024-08,treatment,eb1ead38d602eb0db889e19e7023e5947c44b4ac,63863.0,20.0,45.0,1597.0,3.3,9.3,5659.0,10407.0,1662.0,0,2025-03,0,-7.0,treatment,63868.0,23.0,39.0,1233.0,3.3,9.3,5659.0,8255.0,1295.0,both,-5.0,5.0,False,-3.0,3.0,False,6.0,6.0,False,364.0,364.0,False,0.0,0.0,True,0.0,0.0,True,0.0,0.0,True,2152.0,2152.0,False,367.0,367.0,False
keephq/keep,2024-09,treatment,fb4b5d5ad83f4a1b7b3014aaf14aa2681c88f58a,82735.0,39.0,48.0,2121.0,2.5,8.4,7436.0,13030.0,2208.0,0,2025-03,0,-6.0,treatment,82742.0,43.0,42.0,1641.0,2.5,8.4,7436.0,10014.0,1726.0,both,-7.0,7.0,False,-4.0,4.0,False,6.0,6.0,False,480.0,480.0,False,0.0,0.0,True,0.0,0.0,True,0.0,0.0,True,3016.0,3016.0,False,482.0,482.0,False
keephq/keep,2024-10,treatment,add75fb2aa8bbd8ed47f68dfc3d242cb78cd68d8,92485.0,45.0,51.0,2320.0,2.4,8.1,8265.0,14509.0,2416.0,0,2025-03,0,-5.0,treatment,92497.0,49.0,44.0,1817.0,2.4,8.1,8265.0,11247.0,1910.0,both,-12.0,12.0,False,-4.0,4.0,False,7.0,7.0,False,503.0,503.0,False,0.0,0.0,True,0.0,0.0,True,0.0,0.0,True,3262.0,3262.0,False,506.0,506.0,False
keephq/keep,2024-11,treatment,a3b9303830358fbeefa53d83f721951c8c1560f4,102404.0,42.0,53.0,2484.0,2.1,7.9,9075.0,14967.0,2579.0,0,2025-03,0,-4.0,treatment,102416.0,48.0,46.0,1945.0,2.1,7.9,9075.0,12188.0,2039.0,both,-12.0,12.0,False,-6.0,6.0,False,7.0,7.0,False,539.0,539.0,False,0.0,0.0,True,0.0,0.0,True,0.0,0.0,True,2779.0,2779.0,False,540.0,540.0,False
keephq/keep,2024-12,treatment,6ad036b1837b2de0331014c58d2d1e1d99e46d59,108115.0,43.0,64.0,2513.0,2.1,7.9,9701.0,15436.0,2620.0,0,2025-03,0,-3.0,treatment,108126.0,52.0,55.0,1963.0,2.1,7.9,9701.0,12619.0,2070.0,both,-11.0,11.0,False,-9.0,9.0,False,9.0,9.0,False,550.0,550.0,False,0.0,0.0,True,0.0,0.0,True,0.0,0.0,True,2817.0,2817.0,False,550.0,550.0,False
keephq/keep,2025-01,treatment,e5d85d9ca27a74536e0e9f8fbb54edf893c8f0c2,120025.0,47.0,67.0,2680.0,2.6,8.1,10981.0,16822.0,2794.0,0,2025-03,0,-2.0,treatment,120036.0,50.0,57.0,2079.0,2.6,8.1,10981.0,13681.0,2186.0,both,-11.0,11.0,False,-3.0,3.0,False,10.0,10.0,False,601.0,601.0,False,0.0,0.0,True,0.0,0.0,True,0.0,0.0,True,3141.0,3141.0,False,608.0,608.0,False
keephq/keep,2025-02,treatment,c21dc97d3b04c9804a2ae1349907af431f444fd6,137182.0,54.0,67.0,3085.0,2.8,7.9,12445.0,18950.0,3206.0,0,2025-03,0,-1.0,treatment,137193.0,58.0,57.0,2380.0,2.8,7.9,12445.0,15267.0,2495.0,both,-11.0,11.0,False,-4.0,4.0,False,10.0,10.0,False,705.0,705.0,False,0.0,0.0,True,0.0,0.0,True,0.0,0.0,True,3683.0,3683.0,False,711.0,711.0,False
keephq/keep,2025-03,treatment,6ba6ca03bdd94c1a4805ee87abbcb7b195ff01bf,154507.0,57.0,67.0,3314.0,2.6,8.2,14765.0,21095.0,3438.0,1,2025-03,1,0.0,treatment,154517.0,57.0,55.0,2540.0,2.6,8.2,14765.0,17207.0,2652.0,both,-10.0,10.0,False,0.0,0.0,True,12.0,12.0,False,774.0,774.0,False,0.0,0.0,True,0.0,0.0,True,0.0,0.0,True,3888.0,3888.0,False,786.0,786.0,False
keephq/keep,2025-04,treatment,fc01ed670be54804d40ccaaa73bc28723f7c02e6,161878.0,58.0,66.0,3446.0,2.6,8.6,15529.0,21943.0,3570.0,1,2025-03,1,1.0,treatment,161891.0,58.0,55.0,2664.0,2.6,8.6,15529.0,18018.0,2777.0,both,-13.0,13.0,False,0.0,0.0,True,11.0,11.0,False,782.0,782.0,False,0.0,0.0,True,0.0,0.0,True,0.0,0.0,True,3925.0,3925.0,False,793.0,793.0,False
keephq/keep,2025-05,treatment,9cefe4e98749a406a2fbdc97fdbddf8dbdcb6664,174612.0,62.0,70.0,3605.0,3.1,8.3,16553.0,22806.0,3737.0,1,2025-03,1,2.0,treatment,174625.0,63.0,59.0,2774.0,3.1,8.3,16553.0,19006.0,2896.0,both,-13.0,13.0,False,-1.0,1.0,False,11.0,11.0,False,831.0,831.0,False,0.0,0.0,True,0.0,0.0,True,0.0,0.0,True,3800.0,3800.0,False,841.0,841.0,False
keephq/keep,2025-06,treatment,32e024320952bd1a507b7fc8bc769aec60ee4f68,180403.0,62.0,70.0,3689.0,3.4,8.4,17026.0,23473.0,3821.0,1,2025-03,1,3.0,treatment,180416.0,63.0,59.0,2838.0,3.4,8.4,17026.0,19588.0,2960.0,both,-13.0,13.0,False,-1.0,1.0,False,11.0,11.0,False,851.0,851.0,False,0.0,0.0,True,0.0,0.0,True,0.0,0.0,True,3885.0,3885.0,False,861.0,861.0,False
keephq/keep,2025-07,treatment,c71d7c076780fad16bfcffb616a01278c75c6d6f,183065.0,63.0,70.0,3719.0,3.4,8.4,17159.0,23603.0,3852.0,1,2025-03,1,4.0,treatment,183078.0,65.0,59.0,2872.0,3.4,8.4,17159.0,19748.0,2996.0,both,-13.0,13.0,False,-2.0,2.0,False,11.0,11.0,False,847.0,847.0,False,0.0,0.0,True,0.0,0.0,True,0.0,0.0,True,3855.0,3855.0,False,856.0,856.0,False
keephq/keep,2025-08,treatment,76c396f983198158da30246a7e40e42bceebf46b,185326.0,64.0,71.0,3736.0,3.5,8.6,17378.0,23810.0,3871.0,1,2025-03,1,5.0,treatment,185339.0,65.0,59.0,2895.0,3.5,8.6,17378.0,19975.0,3019.0,both,-13.0,13.0,False,-1.0,1.0,False,12.0,12.0,False,841.0,841.0,False,0.0,0.0,True,0.0,0.0,True,0.0,0.0,True,3835.0,3835.0,False,852.0,852.0,False
leettools-dev/leettools,2024-12,treatment,bf8220202f5a90c809cf170822cad5bce2d8f498,35195.0,10.0,2.0,479.0,2.9,14.7,3829.0,2463.0,491.0,0,2025-03,0,-3.0,treatment,35195.0,17.0,0.0,460.0,2.9,14.7,3829.0,2418.0,477.0,both,0.0,0.0,True,-7.0,7.0,False,2.0,2.0,False,19.0,19.0,False,0.0,0.0,True,0.0,0.0,True,0.0,0.0,True,45.0,45.0,False,14.0,14.0,False
leettools-dev/leettools,2025-01,treatment,c004b03a63f7aca6e384d56c2e9b3b4b06027a8c,37979.0,9.0,2.0,508.0,3.7,14.0,4190.0,2713.0,519.0,0,2025-03,0,-2.0,treatment,37979.0,16.0,0.0,502.0,3.7,14.0,4190.0,2707.0,518.0,both,0.0,0.0,True,-7.0,7.0,False,2.0,2.0,False,6.0,6.0,False,0.0,0.0,True,0.0,0.0,True,0.0,0.0,True,6.0,6.0,False,1.0,1.0,False
leettools-dev/leettools,2025-02,treatment,ea08c2251ef60be5c545e99a82abc904257653ad,44441.0,13.0,4.0,788.0,3.5,14.2,5106.0,4333.0,805.0,0,2025-03,0,-1.0,treatment,44441.0,16.0,0.0,582.0,3.5,14.2,5106.0,3467.0,598.0,both,0.0,0.0,True,-3.0,3.0,False,4.0,4.0,False,206.0,206.0,False,0.0,0.0,True,0.0,0.0,True,0.0,0.0,True,866.0,866.0,False,207.0,207.0,False
leettools-dev/leettools,2025-03,treatment,bda6d9df917d725b816c05796846f480118cc20a,46010.0,16.0,4.0,820.0,4.7,14.2,5448.0,4554.0,840.0,1,2025-03,1,0.0,treatment,46010.0,18.0,0.0,611.0,4.7,14.2,5448.0,3662.0,629.0,both,0.0,0.0,True,-2.0,2.0,False,4.0,4.0,False,209.0,209.0,False,0.0,0.0,True,0.0,0.0,True,0.0,0.0,True,892.0,892.0,False,211.0,211.0,False
leettools-dev/leettools,2025-04,treatment,956ff760bdfbbe1c9a241742cad3b59cdde30655,46660.0,15.0,4.0,821.0,4.7,14.4,5574.0,4605.0,840.0,1,2025-03,1,1.0,treatment,46660.0,18.0,0.0,614.0,4.7,14.4,5574.0,3730.0,632.0,both,0.0,0.0,True,-3.0,3.0,False,4.0,4.0,False,207.0,207.0,False,0.0,0.0,True,0.0,0.0,True,0.0,0.0,True,875.0,875.0,False,208.0,208.0,False
leettools-dev/leettools,2025-05,treatment,956ff760bdfbbe1c9a241742cad3b59cdde30655,46660.0,15.0,4.0,821.0,4.7,14.4,5574.0,4605.0,840.0,,,,,,,,,,,,,,,left_only,,,False,,,False,,,False,,,False,,,False,,,False,,,False,,,False,,,False
leettools-dev/leettools,2025-06,treatment,956ff760bdfbbe1c9a241742cad3b59cdde30655,46660.0,15.0,4.0,821.0,4.7,14.4,5574.0,4605.0,840.0,,,,,,,,,,,,,,,left_only,,,False,,,False,,,False,,,False,,,False,,,False,,,False,,,False,,,False
leettools-dev/leettools,2025-07,treatment,956ff760bdfbbe1c9a241742cad3b59cdde30655,46660.0,15.0,4.0,821.0,4.7,14.4,5574.0,4605.0,840.0,,,,,,,,,,,,,,,left_only,,,False,,,False,,,False,,,False,,,False,,,False,,,False,,,False,,,False
leettools-dev/leettools,2025-08,treatment,956ff760bdfbbe1c9a241742cad3b59cdde30655,46660.0,15.0,4.0,821.0,4.7,14.4,5574.0,4605.0,840.0,,,,,,,,,,,,,,,left_only,,,False,,,False,,,False,,,False,,,False,,,False,,,False,,,False,,,False
loftwah/auto-jira,2025-02,treatment,8e104dc37f9b389470e7ad193419a23df5939b90,825.0,0.0,0.0,11.0,0.0,14.4,116.0,91.0,11.0,1,2025-02,1,0.0,treatment,825.0,0.0,0.0,9.0,0.0,14.4,116.0,141.0,9.0,both,0.0,0.0,True,0.0,0.0,True,0.0,0.0,True,2.0,2.0,False,0.0,0.0,True,0.0,0.0,True,0.0,0.0,True,-50.0,50.0,False,2.0,2.0,False
loftwah/auto-jira,2025-03,treatment,8e104dc37f9b389470e7ad193419a23df5939b90,825.0,0.0,0.0,11.0,0.0,14.4,116.0,91.0,11.0,,,,,,,,,,,,,,,left_only,,,False,,,False,,,False,,,False,,,False,,,False,,,False,,,False,,,False
loftwah/auto-jira,2025-04,treatment,8e104dc37f9b389470e7ad193419a23df5939b90,825.0,0.0,0.0,11.0,0.0,14.4,116.0,91.0,11.0,,,,,,,,,,,,,,,left_only,,,False,,,False,,,False,,,False,,,False,,,False,,,False,,,False,,,False
loftwah/auto-jira,2025-05,treatment,8e104dc37f9b389470e7ad193419a23df5939b90,825.0,0.0,0.0,11.0,0.0,14.4,116.0,91.0,11.0,,,,,,,,,,,,,,,left_only,,,False,,,False,,,False,,,False,,,False,,,False,,,False,,,False,,,False
loftwah/auto-jira,2025-06,treatment,8e104dc37f9b389470e7ad193419a23df5939b90,825.0,0.0,0.0,11.0,0.0,14.4,116.0,91.0,11.0,,,,,,,,,,,,,,,left_only,,,False,,,False,,,False,,,False,,,False,,,False,,,False,,,False,,,False
loftwah/auto-jira,2025-07,treatment,8e104dc37f9b389470e7ad193419a23df5939b90,825.0,0.0,0.0,11.0,0.0,14.4,116.0,91.0,11.0,,,,,,,,,,,,,,,left_only,,,False,,,False,,,False,,,False,,,False,,,False,,,False,,,False,,,False
loftwah/auto-jira,2025-08,treatment,8e104dc37f9b389470e7ad193419a23df5939b90,825.0,0.0,0.0,11.0,0.0,14.4,116.0,91.0,11.0,,,,,,,,,,,,,,,left_only,,,False,,,False,,,False,,,False,,,False,,,False,,,False,,,False,,,False
lss233/kirara-ai,2024-01,treatment,742e32566be60609889fd085b817ea2db7e1eae4,7190.0,21.0,3.0,191.0,0.8,6.1,1125.0,992.0,215.0,0,2025-02,0,-13.0,treatment,,,,,,,,,,both,,,False,,,False,,,False,,,False,,,False,,,False,,,False,,,False,,,False
lss233/kirara-ai,2024-02,treatment,71e0a0cb2c71119ee3fac4b92760209655744606,7190.0,21.0,3.0,191.0,0.8,6.1,1125.0,992.0,215.0,0,2025-02,0,-12.0,treatment,7170.0,14.0,1.0,161.0,1.0,6.1,1125.0,857.0,176.0,both,20.0,20.0,False,7.0,7.0,False,2.0,2.0,False,30.0,30.0,False,-0.19999999999999996,0.19999999999999996,False,0.0,0.0,True,0.0,0.0,True,135.0,135.0,False,39.0,39.0,False
lss233/kirara-ai,2024-03,treatment,71e0a0cb2c71119ee3fac4b92760209655744606,7190.0,21.0,3.0,191.0,0.8,6.1,1125.0,992.0,215.0,0,2025-02,0,-11.0,treatment,7170.0,14.0,1.0,161.0,1.0,6.1,1125.0,857.0,176.0,both,20.0,20.0,False,7.0,7.0,False,2.0,2.0,False,30.0,30.0,False,-0.19999999999999996,0.19999999999999996,False,0.0,0.0,True,0.0,0.0,True,135.0,135.0,False,39.0,39.0,False
lss233/kirara-ai,2024-04,treatment,71e0a0cb2c71119ee3fac4b92760209655744606,7190.0,21.0,3.0,191.0,0.8,6.1,1125.0,992.0,215.0,0,2025-02,0,-10.0,treatment,7170.0,14.0,1.0,161.0,1.0,6.1,1125.0,857.0,176.0,both,20.0,20.0,False,7.0,7.0,False,2.0,2.0,False,30.0,30.0,False,-0.19999999999999996,0.19999999999999996,False,0.0,0.0,True,0.0,0.0,True,135.0,135.0,False,39.0,39.0,False
lss233/kirara-ai,2024-05,treatment,71e0a0cb2c71119ee3fac4b92760209655744606,7190.0,21.0,3.0,191.0,0.8,6.1,1125.0,992.0,215.0,0,2025-02,0,-9.0,treatment,7170.0,14.0,1.0,161.0,1.0,6.1,1125.0,857.0,176.0,both,20.0,20.0,False,7.0,7.0,False,2.0,2.0,False,30.0,30.0,False,-0.19999999999999996,0.19999999999999996,False,0.0,0.0,True,0.0,0.0,True,135.0,135.0,False,39.0,39.0,False
lss233/kirara-ai,2024-06,treatment,71e0a0cb2c71119ee3fac4b92760209655744606,7190.0,21.0,3.0,191.0,0.8,6.1,1125.0,992.0,215.0,0,2025-02,0,-8.0,treatment,7170.0,14.0,1.0,161.0,1.0,6.1,1125.0,857.0,176.0,both,20.0,20.0,False,7.0,7.0,False,2.0,2.0,False,30.0,30.0,False,-0.19999999999999996,0.19999999999999996,False,0.0,0.0,True,0.0,0.0,True,135.0,135.0,False,39.0,39.0,False
lss233/kirara-ai,2024-07,treatment,71e0a0cb2c71119ee3fac4b92760209655744606,7190.0,21.0,3.0,191.0,0.8,6.1,1125.0,992.0,215.0,0,2025-02,0,-7.0,treatment,7170.0,14.0,1.0,161.0,1.0,6.1,1125.0,857.0,176.0,both,20.0,20.0,False,7.0,7.0,False,2.0,2.0,False,30.0,30.0,False,-0.19999999999999996,0.19999999999999996,False,0.0,0.0,True,0.0,0.0,True,135.0,135.0,False,39.0,39.0,False
lss233/kirara-ai,2024-08,treatment,71e0a0cb2c71119ee3fac4b92760209655744606,7190.0,21.0,3.0,191.0,0.8,6.1,1125.0,992.0,215.0,0,2025-02,0,-6.0,treatment,7170.0,14.0,1.0,161.0,1.0,6.1,1125.0,857.0,176.0,both,20.0,20.0,False,7.0,7.0,False,2.0,2.0,False,30.0,30.0,False,-0.19999999999999996,0.19999999999999996,False,0.0,0.0,True,0.0,0.0,True,135.0,135.0,False,39.0,39.0,False
lss233/kirara-ai,2024-09,treatment,71e0a0cb2c71119ee3fac4b92760209655744606,7190.0,21.0,3.0,191.0,0.8,6.1,1125.0,992.0,215.0,0,2025-02,0,-5.0,treatment,7170.0,14.0,1.0,161.0,1.0,6.1,1125.0,857.0,176.0,both,20.0,20.0,False,7.0,7.0,False,2.0,2.0,False,30.0,30.0,False,-0.19999999999999996,0.19999999999999996,False,0.0,0.0,True,0.0,0.0,True,135.0,135.0,False,39.0,39.0,False
lss233/kirara-ai,2024-10,treatment,71e0a0cb2c71119ee3fac4b92760209655744606,7190.0,21.0,3.0,191.0,0.8,6.1,1125.0,992.0,215.0,0,2025-02,0,-4.0,treatment,7170.0,14.0,1.0,161.0,1.0,6.1,1125.0,857.0,176.0,both,20.0,20.0,False,7.0,7.0,False,2.0,2.0,False,30.0,30.0,False,-0.19999999999999996,0.19999999999999996,False,0.0,0.0,True,0.0,0.0,True,135.0,135.0,False,39.0,39.0,False
lss233/kirara-ai,2024-11,treatment,71e0a0cb2c71119ee3fac4b92760209655744606,7190.0,21.0,3.0,191.0,0.8,6.1,1125.0,992.0,215.0,0,2025-02,0,-3.0,treatment,7170.0,14.0,1.0,161.0,1.0,6.1,1125.0,857.0,176.0,both,20.0,20.0,False,7.0,7.0,False,2.0,2.0,False,30.0,30.0,False,-0.19999999999999996,0.19999999999999996,False,0.0,0.0,True,0.0,0.0,True,135.0,135.0,False,39.0,39.0,False
lss233/kirara-ai,2024-12,treatment,54f257682d2260fc533b7daa22889b5fe1700e7a,1048.0,2.0,0.0,14.0,0.0,21.0,132.0,97.0,16.0,0,2025-02,0,-2.0,treatment,1048.0,2.0,0.0,12.0,0.0,21.0,132.0,87.0,14.0,both,0.0,0.0,True,0.0,0.0,True,0.0,0.0,True,2.0,2.0,False,0.0,0.0,True,0.0,0.0,True,0.0,0.0,True,10.0,10.0,False,2.0,2.0,False
lss233/kirara-ai,2025-01,treatment,8120f39cf29bcfefd71c5b7d6a88899ab957e211,1290.0,3.0,0.0,15.0,0.0,21.6,152.0,87.0,18.0,0,2025-02,0,-1.0,treatment,1290.0,1.0,0.0,12.0,0.0,21.6,152.0,72.0,13.0,both,0.0,0.0,True,2.0,2.0,False,0.0,0.0,True,3.0,3.0,False,0.0,0.0,True,0.0,0.0,True,0.0,0.0,True,15.0,15.0,False,5.0,5.0,False
lss233/kirara-ai,2025-02,treatment,e3f9f4ee52116b858fa36d0ce7d7a91a6db7751a,9198.0,18.0,0.0,75.0,0.7,15.1,993.0,642.0,93.0,1,2025-02,1,0.0,treatment,9198.0,5.0,0.0,70.0,0.7,15.1,993.0,608.0,75.0,both,0.0,0.0,True,13.0,13.0,False,0.0,0.0,True,5.0,5.0,False,0.0,0.0,True,0.0,0.0,True,0.0,0.0,True,34.0,34.0,False,18.0,18.0,False
lss233/kirara-ai,2025-03,treatment,01f95895fcbe6a330b5b7b82c5769afa080abb05,14584.0,20.0,1.0,126.0,2.2,16.3,1830.0,948.0,147.0,1,2025-02,1,1.0,treatment,14584.0,6.0,0.0,110.0,2.2,16.3,1830.0,873.0,116.0,both,0.0,0.0,True,14.0,14.0,False,1.0,1.0,False,16.0,16.0,False,0.0,0.0,True,0.0,0.0,True,0.0,0.0,True,75.0,75.0,False,31.0,31.0,False
lss233/kirara-ai,2025-04,treatment,fc34a6fb6bed5001960084c506ccd5fbd4f2e779,17967.0,13.0,1.0,148.0,1.9,17.1,2488.0,1180.0,162.0,1,2025-02,1,2.0,treatment,17967.0,5.0,0.0,128.0,1.9,17.1,2488.0,1106.0,133.0,both,0.0,0.0,True,8.0,8.0,False,1.0,1.0,False,20.0,20.0,False,0.0,0.0,True,0.0,0.0,True,0.0,0.0,True,74.0,74.0,False,29.0,29.0,False
lss233/kirara-ai,2025-05,treatment,8ebe4ce51b0e75ee4c4b10ef01e4fda4e17f1f4b,20586.0,16.0,1.0,174.0,1.7,16.9,2947.0,1477.0,191.0,1,2025-02,1,3.0,treatment,20586.0,7.0,0.0,155.0,1.7,16.9,2947.0,1394.0,162.0,both,0.0,0.0,True,9.0,9.0,False,1.0,1.0,False,19.0,19.0,False,0.0,0.0,True,0.0,0.0,True,0.0,0.0,True,83.0,83.0,False,29.0,29.0,False
lss233/kirara-ai,2025-06,treatment,8295a5deda0b289a3f70d946064b6c9a3e1b0753,20586.0,16.0,1.0,174.0,1.7,16.9,2947.0,1477.0,191.0,1,2025-02,1,4.0,treatment,20586.0,7.0,0.0,155.0,1.7,16.9,2947.0,1394.0,162.0,both,0.0,0.0,True,9.0,9.0,False,1.0,1.0,False,19.0,19.0,False,0.0,0.0,True,0.0,0.0,True,0.0,0.0,True,83.0,83.0,False,29.0,29.0,False
lss233/kirara-ai,2025-07,treatment,8295a5deda0b289a3f70d946064b6c9a3e1b0753,20586.0,16.0,1.0,174.0,1.7,16.9,2947.0,1477.0,191.0,,,,,,,,,,,,,,,left_only,,,False,,,False,,,False,,,False,,,False,,,False,,,False,,,False,,,False
lss233/kirara-ai,2025-08,treatment,8295a5deda0b289a3f70d946064b6c9a3e1b0753,20586.0,16.0,1.0,174.0,1.7,16.9,2947.0,1477.0,191.0,,,,,,,,,,,,,,,left_only,,,False,,,False,,,False,,,False,,,False,,,False,,,False,,,False,,,False
martinnormark/neural-mesh-simplification,2024-08,treatment,04bd64ef3db6e0b1e1c5907ce9801b325c489e90,1976.0,0.0,0.0,10.0,1.6,14.9,165.0,51.0,10.0,0,2025-01,0,-5.0,treatment,1976.0,1.0,0.0,18.0,1.6,14.9,165.0,76.0,19.0,both,0.0,0.0,True,-1.0,1.0,False,0.0,0.0,True,-8.0,8.0,False,0.0,0.0,True,0.0,0.0,True,0.0,0.0,True,-25.0,25.0,False,-9.0,9.0,False
martinnormark/neural-mesh-simplification,2024-09,treatment,04bd64ef3db6e0b1e1c5907ce9801b325c489e90,1976.0,0.0,0.0,10.0,1.6,14.9,165.0,51.0,10.0,0,2025-01,0,-4.0,treatment,1976.0,1.0,0.0,18.0,1.6,14.9,165.0,76.0,19.0,both,0.0,0.0,True,-1.0,1.0,False,0.0,0.0,True,-8.0,8.0,False,0.0,0.0,True,0.0,0.0,True,0.0,0.0,True,-25.0,25.0,False,-9.0,9.0,False
martinnormark/neural-mesh-simplification,2024-10,treatment,04bd64ef3db6e0b1e1c5907ce9801b325c489e90,1976.0,0.0,0.0,10.0,1.6,14.9,165.0,51.0,10.0,0,2025-01,0,-3.0,treatment,1976.0,1.0,0.0,18.0,1.6,14.9,165.0,76.0,19.0,both,0.0,0.0,True,-1.0,1.0,False,0.0,0.0,True,-8.0,8.0,False,0.0,0.0,True,0.0,0.0,True,0.0,0.0,True,-25.0,25.0,False,-9.0,9.0,False
martinnormark/neural-mesh-simplification,2024-11,treatment,04bd64ef3db6e0b1e1c5907ce9801b325c489e90,1976.0,0.0,0.0,10.0,1.6,14.9,165.0,51.0,10.0,0,2025-01,0,-2.0,treatment,1976.0,1.0,0.0,18.0,1.6,14.9,165.0,76.0,19.0,both,0.0,0.0,True,-1.0,1.0,False,0.0,0.0,True,-8.0,8.0,False,0.0,0.0,True,0.0,0.0,True,0.0,0.0,True,-25.0,25.0,False,-9.0,9.0,False
martinnormark/neural-mesh-simplification,2024-12,treatment,198a70cf6c7020112dee19952a6da0e70e3d159d,2197.0,0.0,2.0,11.0,1.5,13.6,184.0,56.0,13.0,0,2025-01,0,-1.0,treatment,2197.0,1.0,0.0,19.0,1.5,13.6,184.0,81.0,20.0,both,0.0,0.0,True,-1.0,1.0,False,2.0,2.0,False,-8.0,8.0,False,0.0,0.0,True,0.0,0.0,True,0.0,0.0,True,-25.0,25.0,False,-7.0,7.0,False
martinnormark/neural-mesh-simplification,2025-01,treatment,2983d17ea727c12d1a6e1e02b0a3e2b2d822d4b9,2739.0,0.0,3.0,13.0,1.1,14.0,230.0,40.0,16.0,1,2025-01,1,0.0,treatment,2739.0,1.0,0.0,25.0,1.1,14.0,230.0,85.0,26.0,both,0.0,0.0,True,-1.0,1.0,False,3.0,3.0,False,-12.0,12.0,False,0.0,0.0,True,0.0,0.0,True,0.0,0.0,True,-45.0,45.0,False,-10.0,10.0,False
martinnormark/neural-mesh-simplification,2025-02,treatment,e291b76feb20ed72becd9125bd7cc8fcaf512a8a,2739.0,0.0,3.0,13.0,1.1,14.0,230.0,40.0,16.0,1,2025-01,1,1.0,treatment,2739.0,1.0,0.0,25.0,1.1,14.0,230.0,85.0,26.0,both,0.0,0.0,True,-1.0,1.0,False,3.0,3.0,False,-12.0,12.0,False,0.0,0.0,True,0.0,0.0,True,0.0,0.0,True,-45.0,45.0,False,-10.0,10.0,False
martinnormark/neural-mesh-simplification,2025-03,treatment,2ada79100932189cfd28a56093ba3d72e24f3ec7,2842.0,0.0,3.0,13.0,1.1,13.5,230.0,40.0,16.0,1,2025-01,1,2.0,treatment,2842.0,1.0,0.0,25.0,1.1,13.5,230.0,85.0,26.0,both,0.0,0.0,True,-1.0,1.0,False,3.0,3.0,False,-12.0,12.0,False,0.0,0.0,True,0.0,0.0,True,0.0,0.0,True,-45.0,45.0,False,-10.0,10.0,False
martinnormark/neural-mesh-simplification,2025-04,treatment,2ada79100932189cfd28a56093ba3d72e24f3ec7,2842.0,0.0,3.0,13.0,1.1,13.5,230.0,40.0,16.0,,,,,,,,,,,,,,,left_only,,,False,,,False,,,False,,,False,,,False,,,False,,,False,,,False,,,False
martinnormark/neural-mesh-simplification,2025-05,treatment,2ada79100932189cfd28a56093ba3d72e24f3ec7,2842.0,0.0,3.0,13.0,1.1,13.5,230.0,40.0,16.0,,,,,,,,,,,,,,,left_only,,,False,,,False,,,False,,,False,,,False,,,False,,,False,,,False,,,False
martinnormark/neural-mesh-simplification,2025-06,treatment,2ada79100932189cfd28a56093ba3d72e24f3ec7,2842.0,0.0,3.0,13.0,1.1,13.5,230.0,40.0,16.0,,,,,,,,,,,,,,,left_only,,,False,,,False,,,False,,,False,,,False,,,False,,,False,,,False,,,False
martinnormark/neural-mesh-simplification,2025-07,treatment,2ada79100932189cfd28a56093ba3d72e24f3ec7,2842.0,0.0,3.0,13.0,1.1,13.5,230.0,40.0,16.0,,,,,,,,,,,,,,,left_only,,,False,,,False,,,False,,,False,,,False,,,False,,,False,,,False,,,False
martinnormark/neural-mesh-simplification,2025-08,treatment,2ada79100932189cfd28a56093ba3d72e24f3ec7,2842.0,0.0,3.0,13.0,1.1,13.5,230.0,40.0,16.0,,,,,,,,,,,,,,,left_only,,,False,,,False,,,False,,,False,,,False,,,False,,,False,,,False,,,False
matebenyovszky/healing-agent,2024-10,treatment,179b937c81bb8aa6401c7fc48900ca823555ca0d,1603.0,0.0,7.0,28.0,13.5,20.6,441.0,332.0,35.0,1,2024-10,1,0.0,treatment,1603.0,0.0,0.0,28.0,13.5,20.6,441.0,328.0,28.0,both,0.0,0.0,True,0.0,0.0,True,7.0,7.0,False,0.0,0.0,True,0.0,0.0,True,0.0,0.0,True,0.0,0.0,True,4.0,4.0,False,7.0,7.0,False
matebenyovszky/healing-agent,2024-11,treatment,3feed67c8817444c94a58a497fc2f785cb6e7094,1810.0,0.0,3.0,37.0,9.2,21.6,564.0,452.0,40.0,1,2024-10,1,1.0,treatment,1810.0,1.0,0.0,37.0,9.2,21.6,564.0,444.0,38.0,both,0.0,0.0,True,-1.0,1.0,False,3.0,3.0,False,0.0,0.0,True,0.0,0.0,True,0.0,0.0,True,0.0,0.0,True,8.0,8.0,False,2.0,2.0,False
matebenyovszky/healing-agent,2024-12,treatment,3feed67c8817444c94a58a497fc2f785cb6e7094,1810.0,0.0,3.0,37.0,9.2,21.6,564.0,452.0,40.0,1,2024-10,1,2.0,treatment,1810.0,1.0,0.0,37.0,9.2,21.6,564.0,444.0,38.0,both,0.0,0.0,True,-1.0,1.0,False,3.0,3.0,False,0.0,0.0,True,0.0,0.0,True,0.0,0.0,True,0.0,0.0,True,8.0,8.0,False,2.0,2.0,False
matebenyovszky/healing-agent,2025-01,treatment,ed663491defb2c98b012f564ad5067a8741da037,1809.0,0.0,0.0,37.0,9.2,21.2,573.0,460.0,37.0,1,2024-10,1,3.0,treatment,1809.0,1.0,0.0,37.0,9.2,21.2,573.0,452.0,38.0,both,0.0,0.0,True,-1.0,1.0,False,0.0,0.0,True,0.0,0.0,True,0.0,0.0,True,0.0,0.0,True,0.0,0.0,True,8.0,8.0,False,-1.0,1.0,False
matebenyovszky/healing-agent,2025-02,treatment,ed663491defb2c98b012f564ad5067a8741da037,1809.0,0.0,0.0,37.0,9.2,21.2,573.0,460.0,37.0,,,,,,,,,,,,,,,left_only,,,False,,,False,,,False,,,False,,,False,,,False,,,False,,,False,,,False
matebenyovszky/healing-agent,2025-03,treatment,ed663491defb2c98b012f564ad5067a8741da037,1809.0,0.0,0.0,37.0,9.2,21.2,573.0,460.0,37.0,,,,,,,,,,,,,,,left_only,,,False,,,False,,,False,,,False,,,False,,,False,,,False,,,False,,,False
matebenyovszky/healing-agent,2025-04,treatment,ed663491defb2c98b012f564ad5067a8741da037,1809.0,0.0,0.0,37.0,9.2,21.2,573.0,460.0,37.0,,,,,,,,,,,,,,,left_only,,,False,,,False,,,False,,,False,,,False,,,False,,,False,,,False,,,False
matebenyovszky/healing-agent,2025-05,treatment,ed663491defb2c98b012f564ad5067a8741da037,1809.0,0.0,0.0,37.0,9.2,21.2,573.0,460.0,37.0,,,,,,,,,,,,,,,left_only,,,False,,,False,,,False,,,False,,,False,,,False,,,False,,,False,,,False
matebenyovszky/healing-agent,2025-06,treatment,ed663491defb2c98b012f564ad5067a8741da037,1809.0,0.0,0.0,37.0,9.2,21.2,573.0,460.0,37.0,,,,,,,,,,,,,,,left_only,,,False,,,False,,,False,,,False,,,False,,,False,,,False,,,False,,,False
matebenyovszky/healing-agent,2025-07,treatment,ed663491defb2c98b012f564ad5067a8741da037,1809.0,0.0,0.0,37.0,9.2,21.2,573.0,460.0,37.0,,,,,,,,,,,,,,,left_only,,,False,,,False,,,False,,,False,,,False,,,False,,,False,,,False,,,False
matebenyovszky/healing-agent,2025-08,treatment,ed663491defb2c98b012f564ad5067a8741da037,1809.0,0.0,0.0,37.0,9.2,21.2,573.0,460.0,37.0,,,,,,,,,,,,,,,left_only,,,False,,,False,,,False,,,False,,,False,,,False,,,False,,,False,,,False
namuan/trading-utils,2024-01,treatment,731168eed0c56f5f5bd78fc28c02e52dbbac0d55,4160.0,0.0,0.0,63.0,11.3,4.3,446.0,313.0,63.0,0,2024-11,0,-10.0,treatment,,,,,,,,,,both,,,False,,,False,,,False,,,False,,,False,,,False,,,False,,,False,,,False
namuan/trading-utils,2024-02,treatment,83bd40773354a29601e0c927d84e4ae4b905a993,4648.0,0.0,0.0,67.0,12.8,4.9,491.0,333.0,67.0,0,2024-11,0,-9.0,treatment,4648.0,0.0,0.0,44.0,12.8,4.9,491.0,218.0,44.0,both,0.0,0.0,True,0.0,0.0,True,0.0,0.0,True,23.0,23.0,False,0.0,0.0,True,0.0,0.0,True,0.0,0.0,True,115.0,115.0,False,23.0,23.0,False
namuan/trading-utils,2024-03,treatment,365d6f2a195d9fb578f145a3ecad5ef464eaa225,4746.0,0.0,0.0,81.0,11.8,4.9,533.0,388.0,81.0,0,2024-11,0,-8.0,treatment,4746.0,0.0,0.0,58.0,11.8,4.9,533.0,273.0,58.0,both,0.0,0.0,True,0.0,0.0,True,0.0,0.0,True,23.0,23.0,False,0.0,0.0,True,0.0,0.0,True,0.0,0.0,True,115.0,115.0,False,23.0,23.0,False
namuan/trading-utils,2024-04,treatment,3bedcdc08e3d1bb6cafeb08eedc369dd9935df20,5342.0,0.0,0.0,96.0,13.3,6.8,570.0,499.0,96.0,0,2024-11,0,-7.0,treatment,5342.0,0.0,0.0,70.0,13.3,6.8,570.0,369.0,70.0,both,0.0,0.0,True,0.0,0.0,True,0.0,0.0,True,26.0,26.0,False,0.0,0.0,True,0.0,0.0,True,0.0,0.0,True,130.0,130.0,False,26.0,26.0,False
namuan/trading-utils,2024-05,treatment,845e9c334d99edee42a923d4f4e8446d2c3a7c2e,5668.0,0.0,0.0,99.0,12.5,7.2,608.0,511.0,99.0,0,2024-11,0,-6.0,treatment,5668.0,0.0,0.0,71.0,12.5,7.2,608.0,381.0,71.0,both,0.0,0.0,True,0.0,0.0,True,0.0,0.0,True,28.0,28.0,False,0.0,0.0,True,0.0,0.0,True,0.0,0.0,True,130.0,130.0,False,28.0,28.0,False
namuan/trading-utils,2024-06,treatment,c905414efa9a4a785a787184653912d268984c8a,6000.0,0.0,0.0,103.0,12.6,7.7,679.0,555.0,103.0,0,2024-11,0,-5.0,treatment,6000.0,0.0,0.0,74.0,12.6,7.7,679.0,420.0,74.0,both,0.0,0.0,True,0.0,0.0,True,0.0,0.0,True,29.0,29.0,False,0.0,0.0,True,0.0,0.0,True,0.0,0.0,True,135.0,135.0,False,29.0,29.0,False
namuan/trading-utils,2024-07,treatment,6a282409aec8b7d508567277e4028df0b0177c29,6130.0,0.0,0.0,105.0,12.3,7.8,699.0,565.0,105.0,0,2024-11,0,-4.0,treatment,6130.0,0.0,0.0,75.0,12.3,7.8,699.0,425.0,75.0,both,0.0,0.0,True,0.0,0.0,True,0.0,0.0,True,30.0,30.0,False,0.0,0.0,True,0.0,0.0,True,0.0,0.0,True,140.0,140.0,False,30.0,30.0,False
namuan/trading-utils,2024-08,treatment,ac3dabe73bc74f4329d20a4fbbe5547a04dc5a01,8273.0,1.0,0.0,162.0,11.1,8.2,902.0,923.0,163.0,0,2024-11,0,-3.0,treatment,8273.0,1.0,0.0,111.0,11.1,8.2,902.0,678.0,112.0,both,0.0,0.0,True,0.0,0.0,True,0.0,0.0,True,51.0,51.0,False,0.0,0.0,True,0.0,0.0,True,0.0,0.0,True,245.0,245.0,False,51.0,51.0,False
namuan/trading-utils,2024-09,treatment,e088d9231feb860e65393c43a1d561f3971301ae,8826.0,5.0,0.0,151.0,9.1,8.7,946.0,921.0,156.0,0,2024-11,0,-2.0,treatment,8826.0,5.0,0.0,99.0,9.1,8.7,946.0,671.0,104.0,both,0.0,0.0,True,0.0,0.0,True,0.0,0.0,True,52.0,52.0,False,0.0,0.0,True,0.0,0.0,True,0.0,0.0,True,250.0,250.0,False,52.0,52.0,False
namuan/trading-utils,2024-10,treatment,6223b14be1472cdbd940b4744f8ff3f754e6b9ca,9369.0,5.0,0.0,156.0,8.5,9.8,999.0,946.0,161.0,0,2024-11,0,-1.0,treatment,9369.0,5.0,0.0,96.0,8.5,9.8,999.0,656.0,101.0,both,0.0,0.0,True,0.0,0.0,True,0.0,0.0,True,60.0,60.0,False,0.0,0.0,True,0.0,0.0,True,0.0,0.0,True,290.0,290.0,False,60.0,60.0,False
namuan/trading-utils,2024-11,treatment,8862e384363c02d717f3a5c691a9ce06f7b38918,12014.0,5.0,0.0,295.0,6.3,13.6,1366.0,1563.0,300.0,1,2024-11,1,0.0,treatment,12014.0,5.0,0.0,207.0,6.3,13.6,1366.0,1133.0,212.0,both,0.0,0.0,True,0.0,0.0,True,0.0,0.0,True,88.0,88.0,False,0.0,0.0,True,0.0,0.0,True,0.0,0.0,True,430.0,430.0,False,88.0,88.0,False
namuan/trading-utils,2024-12,treatment,ddd34a11ea8aed024058acd1de1c5e1462ff55b0,16129.0,17.0,5.0,358.0,7.2,13.4,1808.0,1941.0,380.0,1,2024-11,1,1.0,treatment,16129.0,17.0,0.0,229.0,7.2,13.4,1808.0,1316.0,246.0,both,0.0,0.0,True,0.0,0.0,True,5.0,5.0,False,129.0,129.0,False,0.0,0.0,True,0.0,0.0,True,0.0,0.0,True,625.0,625.0,False,134.0,134.0,False
namuan/trading-utils,2025-01,treatment,a34c6ed0ec038a18a9412b9443b79981c10c3342,16772.0,17.0,5.0,393.0,7.1,13.5,1886.0,2127.0,415.0,1,2024-11,1,2.0,treatment,16772.0,17.0,0.0,232.0,7.1,13.5,1886.0,1342.0,249.0,both,0.0,0.0,True,0.0,0.0,True,5.0,5.0,False,161.0,161.0,False,0.0,0.0,True,0.0,0.0,True,0.0,0.0,True,785.0,785.0,False,166.0,166.0,False
namuan/trading-utils,2025-02,treatment,303ea8532d774af9531699c7278303c6d2deb657,17718.0,17.0,5.0,407.0,6.7,13.8,2093.0,2256.0,429.0,1,2024-11,1,3.0,treatment,17718.0,17.0,0.0,237.0,6.7,13.8,2093.0,1426.0,254.0,both,0.0,0.0,True,0.0,0.0,True,5.0,5.0,False,170.0,170.0,False,0.0,0.0,True,0.0,0.0,True,0.0,0.0,True,830.0,830.0,False,175.0,175.0,False
namuan/trading-utils,2025-03,treatment,03db4e30f917722ee80a352fc330af3d5e59b406,17490.0,17.0,5.0,395.0,6.8,13.9,2078.0,2196.0,417.0,1,2024-11,1,4.0,treatment,17718.0,17.0,0.0,237.0,6.7,13.9,2093.0,1426.0,254.0,both,-228.0,228.0,False,0.0,0.0,True,5.0,5.0,False,158.0,158.0,False,0.09999999999999964,0.09999999999999964,False,0.0,0.0,True,-15.0,15.0,False,770.0,770.0,False,163.0,163.0,False
namuan/trading-utils,2025-04,treatment,03db4e30f917722ee80a352fc330af3d5e59b406,17490.0,17.0,5.0,395.0,6.8,13.9,2078.0,2196.0,417.0,,,,,,,,,,,,,,,left_only,,,False,,,False,,,False,,,False,,,False,,,False,,,False,,,False,,,False
namuan/trading-utils,2025-05,treatment,03db4e30f917722ee80a352fc330af3d5e59b406,17490.0,17.0,5.0,395.0,6.8,13.9,2078.0,2196.0,417.0,,,,,,,,,,,,,,,left_only,,,False,,,False,,,False,,,False,,,False,,,False,,,False,,,False,,,False
namuan/trading-utils,2025-06,treatment,03db4e30f917722ee80a352fc330af3d5e59b406,17490.0,17.0,5.0,395.0,6.8,13.9,2078.0,2196.0,417.0,,,,,,,,,,,,,,,left_only,,,False,,,False,,,False,,,False,,,False,,,False,,,False,,,False,,,False
namuan/trading-utils,2025-07,treatment,03db4e30f917722ee80a352fc330af3d5e59b406,17490.0,17.0,5.0,395.0,6.8,13.9,2078.0,2196.0,417.0,,,,,,,,,,,,,,,left_only,,,False,,,False,,,False,,,False,,,False,,,False,,,False,,,False,,,False
namuan/trading-utils,2025-08,treatment,03db4e30f917722ee80a352fc330af3d5e59b406,17490.0,17.0,5.0,395.0,6.8,13.9,2078.0,2196.0,417.0,,,,,,,,,,,,,,,left_only,,,False,,,False,,,False,,,False,,,False,,,False,,,False,,,False,,,False
nextml-code/pytorch-datastream,2024-01,treatment,b6b326aa486c4f4f41e79832357641da56e79768,1684.0,0.0,0.0,13.0,0.0,17.9,125.0,125.0,13.0,0,2025-01,0,-12.0,treatment,,,,,,,,,,both,,,False,,,False,,,False,,,False,,,False,,,False,,,False,,,False,,,False
nextml-code/pytorch-datastream,2024-02,treatment,b6b326aa486c4f4f41e79832357641da56e79768,1684.0,0.0,0.0,13.0,0.0,17.9,125.0,125.0,13.0,0,2025-01,0,-11.0,treatment,,,,,,,,,,both,,,False,,,False,,,False,,,False,,,False,,,False,,,False,,,False,,,False
nextml-code/pytorch-datastream,2024-03,treatment,b6b326aa486c4f4f41e79832357641da56e79768,1684.0,0.0,0.0,13.0,0.0,17.9,125.0,125.0,13.0,0,2025-01,0,-10.0,treatment,,,,,,,,,,both,,,False,,,False,,,False,,,False,,,False,,,False,,,False,,,False,,,False
nextml-code/pytorch-datastream,2024-04,treatment,b6b326aa486c4f4f41e79832357641da56e79768,1684.0,0.0,0.0,13.0,0.0,17.9,125.0,125.0,13.0,0,2025-01,0,-9.0,treatment,,,,,,,,,,both,,,False,,,False,,,False,,,False,,,False,,,False,,,False,,,False,,,False
nextml-code/pytorch-datastream,2024-05,treatment,b6b326aa486c4f4f41e79832357641da56e79768,1684.0,0.0,0.0,13.0,0.0,17.9,125.0,125.0,13.0,0,2025-01,0,-8.0,treatment,,,,,,,,,,both,,,False,,,False,,,False,,,False,,,False,,,False,,,False,,,False,,,False
nextml-code/pytorch-datastream,2024-06,treatment,b6b326aa486c4f4f41e79832357641da56e79768,1684.0,0.0,0.0,13.0,0.0,17.9,125.0,125.0,13.0,0,2025-01,0,-7.0,treatment,,,,,,,,,,both,,,False,,,False,,,False,,,False,,,False,,,False,,,False,,,False,,,False
nextml-code/pytorch-datastream,2024-07,treatment,b6b326aa486c4f4f41e79832357641da56e79768,1684.0,0.0,0.0,13.0,0.0,17.9,125.0,125.0,13.0,0,2025-01,0,-6.0,treatment,,,,,,,,,,both,,,False,,,False,,,False,,,False,,,False,,,False,,,False,,,False,,,False
nextml-code/pytorch-datastream,2024-08,treatment,0fa6f41c76f04734451c1ab29385920f0a69c421,1695.0,0.0,0.0,13.0,0.0,17.8,125.0,125.0,13.0,0,2025-01,0,-5.0,treatment,1695.0,1.0,0.0,35.0,0.0,17.8,125.0,236.0,36.0,both,0.0,0.0,True,-1.0,1.0,False,0.0,0.0,True,-22.0,22.0,False,0.0,0.0,True,0.0,0.0,True,0.0,0.0,True,-111.0,111.0,False,-23.0,23.0,False
nextml-code/pytorch-datastream,2024-09,treatment,87d1ae2d11ceb561e1b5f0ce037f5892da5e902e,1695.0,0.0,0.0,13.0,0.0,17.8,125.0,125.0,13.0,0,2025-01,0,-4.0,treatment,1695.0,1.0,0.0,35.0,0.0,17.8,125.0,236.0,36.0,both,0.0,0.0,True,-1.0,1.0,False,0.0,0.0,True,-22.0,22.0,False,0.0,0.0,True,0.0,0.0,True,0.0,0.0,True,-111.0,111.0,False,-23.0,23.0,False
nextml-code/pytorch-datastream,2024-10,treatment,87d1ae2d11ceb561e1b5f0ce037f5892da5e902e,1695.0,0.0,0.0,13.0,0.0,17.8,125.0,125.0,13.0,0,2025-01,0,-3.0,treatment,1695.0,1.0,0.0,35.0,0.0,17.8,125.0,236.0,36.0,both,0.0,0.0,True,-1.0,1.0,False,0.0,0.0,True,-22.0,22.0,False,0.0,0.0,True,0.0,0.0,True,0.0,0.0,True,-111.0,111.0,False,-23.0,23.0,False
nextml-code/pytorch-datastream,2024-11,treatment,87d1ae2d11ceb561e1b5f0ce037f5892da5e902e,1695.0,0.0,0.0,13.0,0.0,17.8,125.0,125.0,13.0,0,2025-01,0,-2.0,treatment,1695.0,1.0,0.0,35.0,0.0,17.8,125.0,236.0,36.0,both,0.0,0.0,True,-1.0,1.0,False,0.0,0.0,True,-22.0,22.0,False,0.0,0.0,True,0.0,0.0,True,0.0,0.0,True,-111.0,111.0,False,-23.0,23.0,False
nextml-code/pytorch-datastream,2024-12,treatment,87d1ae2d11ceb561e1b5f0ce037f5892da5e902e,1695.0,0.0,0.0,13.0,0.0,17.8,125.0,125.0,13.0,0,2025-01,0,-1.0,treatment,1695.0,1.0,0.0,35.0,0.0,17.8,125.0,236.0,36.0,both,0.0,0.0,True,-1.0,1.0,False,0.0,0.0,True,-22.0,22.0,False,0.0,0.0,True,0.0,0.0,True,0.0,0.0,True,-111.0,111.0,False,-23.0,23.0,False
nextml-code/pytorch-datastream,2025-01,treatment,7a3e9411106bcf354a5dd6e660a9b7aac0c52599,1671.0,0.0,0.0,13.0,0.0,19.4,124.0,125.0,13.0,1,2025-01,1,0.0,treatment,1671.0,1.0,0.0,35.0,0.0,19.4,124.0,236.0,36.0,both,0.0,0.0,True,-1.0,1.0,False,0.0,0.0,True,-22.0,22.0,False,0.0,0.0,True,0.0,0.0,True,0.0,0.0,True,-111.0,111.0,False,-23.0,23.0,False
nextml-code/pytorch-datastream,2025-02,treatment,7a3e9411106bcf354a5dd6e660a9b7aac0c52599,1671.0,0.0,0.0,13.0,0.0,19.4,124.0,125.0,13.0,,,,,,,,,,,,,,,left_only,,,False,,,False,,,False,,,False,,,False,,,False,,,False,,,False,,,False
nextml-code/pytorch-datastream,2025-03,treatment,7a3e9411106bcf354a5dd6e660a9b7aac0c52599,1671.0,0.0,0.0,13.0,0.0,19.4,124.0,125.0,13.0,,,,,,,,,,,,,,,left_only,,,False,,,False,,,False,,,False,,,False,,,False,,,False,,,False,,,False
nextml-code/pytorch-datastream,2025-04,treatment,7a3e9411106bcf354a5dd6e660a9b7aac0c52599,1671.0,0.0,0.0,13.0,0.0,19.4,124.0,125.0,13.0,,,,,,,,,,,,,,,left_only,,,False,,,False,,,False,,,False,,,False,,,False,,,False,,,False,,,False
nextml-code/pytorch-datastream,2025-05,treatment,7a3e9411106bcf354a5dd6e660a9b7aac0c52599,1671.0,0.0,0.0,13.0,0.0,19.4,124.0,125.0,13.0,,,,,,,,,,,,,,,left_only,,,False,,,False,,,False,,,False,,,False,,,False,,,False,,,False,,,False
nextml-code/pytorch-datastream,2025-06,treatment,7a3e9411106bcf354a5dd6e660a9b7aac0c52599,1671.0,0.0,0.0,13.0,0.0,19.4,124.0,125.0,13.0,,,,,,,,,,,,,,,left_only,,,False,,,False,,,False,,,False,,,False,,,False,,,False,,,False,,,False
nextml-code/pytorch-datastream,2025-07,treatment,7a3e9411106bcf354a5dd6e660a9b7aac0c52599,1671.0,0.0,0.0,13.0,0.0,19.4,124.0,125.0,13.0,,,,,,,,,,,,,,,left_only,,,False,,,False,,,False,,,False,,,False,,,False,,,False,,,False,,,False
nextml-code/pytorch-datastream,2025-08,treatment,7a3e9411106bcf354a5dd6e660a9b7aac0c52599,1671.0,0.0,0.0,13.0,0.0,19.4,124.0,125.0,13.0,,,,,,,,,,,,,,,left_only,,,False,,,False,,,False,,,False,,,False,,,False,,,False,,,False,,,False
osomai/servicenow-mcp,2025-03,treatment,7b4d9e220ae702b3f36d4027e2a7cee83de234d7,12097.0,11.0,0.0,194.0,8.6,21.6,1124.0,1182.0,205.0,1,2025-03,1,0.0,treatment,12097.0,0.0,0.0,54.0,8.6,21.6,1124.0,512.0,54.0,both,0.0,0.0,True,11.0,11.0,False,0.0,0.0,True,140.0,140.0,False,0.0,0.0,True,0.0,0.0,True,0.0,0.0,True,670.0,670.0,False,151.0,151.0,False
osomai/servicenow-mcp,2025-04,treatment,2ccb5864e204ab0e397e7b11366e7137fda6356e,11552.0,0.0,0.0,181.0,4.4,21.2,1104.0,1127.0,181.0,1,2025-03,1,1.0,treatment,11552.0,0.0,0.0,53.0,4.4,21.2,1104.0,517.0,53.0,both,0.0,0.0,True,0.0,0.0,True,0.0,0.0,True,128.0,128.0,False,0.0,0.0,True,0.0,0.0,True,0.0,0.0,True,610.0,610.0,False,128.0,128.0,False
osomai/servicenow-mcp,2025-05,treatment,8ada1173a9f4bd18e7ef97bff96e07d0530e4ee7,11552.0,0.0,0.0,181.0,4.4,21.2,1104.0,1127.0,181.0,1,2025-03,1,2.0,treatment,11552.0,0.0,0.0,53.0,4.4,21.2,1104.0,517.0,53.0,both,0.0,0.0,True,0.0,0.0,True,0.0,0.0,True,128.0,128.0,False,0.0,0.0,True,0.0,0.0,True,0.0,0.0,True,610.0,610.0,False,128.0,128.0,False
osomai/servicenow-mcp,2025-06,treatment,1407e200620bf7b1dc2b2269f4d0d331ec31a1af,12989.0,0.0,0.0,213.0,8.8,21.8,1358.0,1324.0,213.0,1,2025-03,1,3.0,treatment,12989.0,0.0,0.0,62.0,8.8,21.8,1358.0,599.0,62.0,both,0.0,0.0,True,0.0,0.0,True,0.0,0.0,True,151.0,151.0,False,0.0,0.0,True,0.0,0.0,True,0.0,0.0,True,725.0,725.0,False,151.0,151.0,False
osomai/servicenow-mcp,2025-07,treatment,1407e200620bf7b1dc2b2269f4d0d331ec31a1af,12989.0,0.0,0.0,213.0,8.8,21.8,1358.0,1324.0,213.0,1,2025-03,1,4.0,treatment,12989.0,0.0,0.0,62.0,8.8,21.8,1358.0,599.0,62.0,both,0.0,0.0,True,0.0,0.0,True,0.0,0.0,True,151.0,151.0,False,0.0,0.0,True,0.0,0.0,True,0.0,0.0,True,725.0,725.0,False,151.0,151.0,False
osomai/servicenow-mcp,2025-08,treatment,15de01c77dddaf0cf9a5939f2683436088d510b9,13128.0,0.0,0.0,213.0,8.9,21.7,1374.0,1331.0,213.0,1,2025-03,1,5.0,treatment,13128.0,0.0,0.0,62.0,8.9,21.7,1374.0,606.0,62.0,both,0.0,0.0,True,0.0,0.0,True,0.0,0.0,True,151.0,151.0,False,0.0,0.0,True,0.0,0.0,True,0.0,0.0,True,725.0,725.0,False,151.0,151.0,False
panther-labs/panther-analysis,2024-01,treatment,24cdefb3cfe05be135e8941654c0f3c9d1797863,15222.0,0.0,1.0,212.0,1.9,11.6,2157.0,940.0,213.0,0,2025-03,0,-14.0,treatment,15222.0,0.0,0.0,165.0,1.9,11.6,2157.0,974.0,165.0,both,0.0,0.0,True,0.0,0.0,True,1.0,1.0,False,47.0,47.0,False,0.0,0.0,True,0.0,0.0,True,0.0,0.0,True,-34.0,34.0,False,48.0,48.0,False
panther-labs/panther-analysis,2024-02,treatment,8893eaa4056c483dbdc717972b7010006494f114,15676.0,0.0,1.0,213.0,1.9,11.4,2280.0,954.0,214.0,0,2025-03,0,-13.0,treatment,15676.0,0.0,0.0,168.0,1.9,11.4,2280.0,1000.0,168.0,both,0.0,0.0,True,0.0,0.0,True,1.0,1.0,False,45.0,45.0,False,0.0,0.0,True,0.0,0.0,True,0.0,0.0,True,-46.0,46.0,False,46.0,46.0,False
panther-labs/panther-analysis,2024-03,treatment,1583883284ed3104ee76e9db8ed41883313bbe1d,15943.0,0.0,1.0,213.0,1.8,11.2,2315.0,954.0,214.0,0,2025-03,0,-12.0,treatment,15943.0,0.0,0.0,168.0,1.8,11.2,2315.0,1000.0,168.0,both,0.0,0.0,True,0.0,0.0,True,1.0,1.0,False,45.0,45.0,False,0.0,0.0,True,0.0,0.0,True,0.0,0.0,True,-46.0,46.0,False,46.0,46.0,False
panther-labs/panther-analysis,2024-04,treatment,4aa347f5a424a5a0f0a650b43798ccc663913a97,16390.0,1.0,1.0,218.0,1.8,12.2,2322.0,982.0,220.0,0,2025-03,0,-11.0,treatment,16390.0,1.0,0.0,167.0,1.8,12.2,2322.0,995.0,168.0,both,0.0,0.0,True,0.0,0.0,True,1.0,1.0,False,51.0,51.0,False,0.0,0.0,True,0.0,0.0,True,0.0,0.0,True,-13.0,13.0,False,52.0,52.0,False
panther-labs/panther-analysis,2024-05,treatment,791b90d5b9575124d6058f0808a11101d3d969f2,16419.0,1.0,1.0,218.0,1.8,12.2,2322.0,982.0,220.0,0,2025-03,0,-10.0,treatment,16419.0,1.0,0.0,167.0,1.8,12.2,2322.0,995.0,168.0,both,0.0,0.0,True,0.0,0.0,True,1.0,1.0,False,51.0,51.0,False,0.0,0.0,True,0.0,0.0,True,0.0,0.0,True,-13.0,13.0,False,52.0,52.0,False
panther-labs/panther-analysis,2024-06,treatment,ff7a1497c58d8477c2f340ffab83a771e1c58e08,16694.0,1.0,1.0,218.0,1.8,12.2,2371.0,978.0,220.0,0,2025-03,0,-9.0,treatment,16694.0,1.0,0.0,167.0,1.8,12.2,2371.0,991.0,168.0,both,0.0,0.0,True,0.0,0.0,True,1.0,1.0,False,51.0,51.0,False,0.0,0.0,True,0.0,0.0,True,0.0,0.0,True,-13.0,13.0,False,52.0,52.0,False
panther-labs/panther-analysis,2024-07,treatment,2dd28b22b6769fbc8dd7ff0e994c0ed7ead7304f,16979.0,1.0,1.0,218.0,1.7,12.1,2401.0,976.0,220.0,0,2025-03,0,-8.0,treatment,16979.0,1.0,0.0,167.0,1.7,12.1,2401.0,989.0,168.0,both,0.0,0.0,True,0.0,0.0,True,1.0,1.0,False,51.0,51.0,False,0.0,0.0,True,0.0,0.0,True,0.0,0.0,True,-13.0,13.0,False,52.0,52.0,False
panther-labs/panther-analysis,2024-08,treatment,fc581846edf0f01e294457d00acfc5b904e34738,17229.0,1.0,1.0,204.0,1.7,12.1,2434.0,996.0,206.0,0,2025-03,0,-7.0,treatment,17229.0,1.0,0.0,170.0,1.7,12.1,2434.0,1009.0,171.0,both,0.0,0.0,True,0.0,0.0,True,1.0,1.0,False,34.0,34.0,False,0.0,0.0,True,0.0,0.0,True,0.0,0.0,True,-13.0,13.0,False,35.0,35.0,False
panther-labs/panther-analysis,2024-09,treatment,e36ab755e770405c0fdb16cc8ef7354fbdb30ce9,17601.0,1.0,1.0,203.0,1.8,11.9,2459.0,989.0,205.0,0,2025-03,0,-6.0,treatment,17601.0,1.0,0.0,170.0,1.8,11.9,2459.0,1007.0,171.0,both,0.0,0.0,True,0.0,0.0,True,1.0,1.0,False,33.0,33.0,False,0.0,0.0,True,0.0,0.0,True,0.0,0.0,True,-18.0,18.0,False,34.0,34.0,False
panther-labs/panther-analysis,2024-10,treatment,eeaaaf08d083b6032a5cf3627573be7448415a28,16576.0,1.0,1.0,187.0,1.4,11.4,2352.0,898.0,189.0,0,2025-03,0,-5.0,treatment,16576.0,1.0,0.0,160.0,1.4,11.4,2352.0,936.0,161.0,both,0.0,0.0,True,0.0,0.0,True,1.0,1.0,False,27.0,27.0,False,0.0,0.0,True,0.0,0.0,True,0.0,0.0,True,-38.0,38.0,False,28.0,28.0,False
panther-labs/panther-analysis,2024-11,treatment,d02d3e76d1994587a2b8fe5be3c7835bbe132520,17160.0,1.0,1.0,188.0,2.1,11.3,2413.0,903.0,190.0,0,2025-03,0,-4.0,treatment,17160.0,1.0,0.0,161.0,2.1,11.3,2413.0,941.0,162.0,both,0.0,0.0,True,0.0,0.0,True,1.0,1.0,False,27.0,27.0,False,0.0,0.0,True,0.0,0.0,True,0.0,0.0,True,-38.0,38.0,False,28.0,28.0,False
panther-labs/panther-analysis,2024-12,treatment,0256e82f8fa9e6422d433578d0e40184912a9f82,17495.0,1.0,1.0,187.0,2.0,11.2,2457.0,894.0,189.0,0,2025-03,0,-3.0,treatment,17495.0,1.0,0.0,161.0,2.0,11.2,2457.0,938.0,162.0,both,0.0,0.0,True,0.0,0.0,True,1.0,1.0,False,26.0,26.0,False,0.0,0.0,True,0.0,0.0,True,0.0,0.0,True,-44.0,44.0,False,27.0,27.0,False
panther-labs/panther-analysis,2025-01,treatment,71d7eeb2e7c7ebe65e42e1907b86f09f4ccc5c6f,18301.0,1.0,1.0,192.0,2.8,11.7,2561.0,921.0,194.0,0,2025-03,0,-2.0,treatment,18301.0,1.0,0.0,164.0,2.8,11.7,2561.0,955.0,165.0,both,0.0,0.0,True,0.0,0.0,True,1.0,1.0,False,28.0,28.0,False,0.0,0.0,True,0.0,0.0,True,0.0,0.0,True,-34.0,34.0,False,29.0,29.0,False
panther-labs/panther-analysis,2025-02,treatment,642d24848e2157a207f954ba1cc01409ece6fba5,18540.0,1.0,1.0,193.0,2.8,11.6,2594.0,921.0,195.0,0,2025-03,0,-1.0,treatment,18540.0,1.0,0.0,164.0,2.8,11.6,2594.0,955.0,165.0,both,0.0,0.0,True,0.0,0.0,True,1.0,1.0,False,29.0,29.0,False,0.0,0.0,True,0.0,0.0,True,0.0,0.0,True,-34.0,34.0,False,30.0,30.0,False
panther-labs/panther-analysis,2025-03,treatment,a2abdcf4369e99c412d78aefd6e0304a6dbc09a8,18703.0,1.0,1.0,192.0,2.1,11.2,2633.0,909.0,194.0,1,2025-03,1,0.0,treatment,18703.0,1.0,0.0,165.0,2.1,11.2,2633.0,953.0,166.0,both,0.0,0.0,True,0.0,0.0,True,1.0,1.0,False,27.0,27.0,False,0.0,0.0,True,0.0,0.0,True,0.0,0.0,True,-44.0,44.0,False,28.0,28.0,False
panther-labs/panther-analysis,2025-04,treatment,eabf1e5d7347d0b16fe04f1cdd8177cea566739f,18871.0,1.0,1.0,191.0,1.9,11.2,2658.0,907.0,193.0,1,2025-03,1,1.0,treatment,18773.0,1.0,0.0,162.0,1.9,11.2,2643.0,938.0,163.0,both,98.0,98.0,False,0.0,0.0,True,1.0,1.0,False,29.0,29.0,False,0.0,0.0,True,0.0,0.0,True,15.0,15.0,False,-31.0,31.0,False,30.0,30.0,False
panther-labs/panther-analysis,2025-05,treatment,ad044d32ab62f43d10d305715cbeccd3ad1d6022,18903.0,1.0,1.0,191.0,1.9,11.2,2669.0,908.0,193.0,1,2025-03,1,2.0,treatment,18903.0,1.0,0.0,164.0,1.9,11.2,2669.0,952.0,165.0,both,0.0,0.0,True,0.0,0.0,True,1.0,1.0,False,27.0,27.0,False,0.0,0.0,True,0.0,0.0,True,0.0,0.0,True,-44.0,44.0,False,28.0,28.0,False
panther-labs/panther-analysis,2025-06,treatment,185cb1db26535ded893ebdf0c26a5fef700ab546,18908.0,1.0,1.0,192.0,1.9,11.2,2674.0,910.0,194.0,1,2025-03,1,3.0,treatment,18908.0,1.0,0.0,165.0,1.9,11.2,2674.0,954.0,166.0,both,0.0,0.0,True,0.0,0.0,True,1.0,1.0,False,27.0,27.0,False,0.0,0.0,True,0.0,0.0,True,0.0,0.0,True,-44.0,44.0,False,28.0,28.0,False
panther-labs/panther-analysis,2025-07,treatment,e50a5ee55e313ce12b065d8c6486c2e16ae23916,19163.0,1.0,1.0,197.0,1.9,11.2,2710.0,946.0,199.0,1,2025-03,1,4.0,treatment,19163.0,1.0,0.0,170.0,1.9,11.2,2710.0,990.0,171.0,both,0.0,0.0,True,0.0,0.0,True,1.0,1.0,False,27.0,27.0,False,0.0,0.0,True,0.0,0.0,True,0.0,0.0,True,-44.0,44.0,False,28.0,28.0,False
panther-labs/panther-analysis,2025-08,treatment,0690f53e62019b6a3e89c3d9eabe730d0ab0e525,18891.0,1.0,1.0,198.0,1.9,10.7,2613.0,937.0,200.0,1,2025-03,1,5.0,treatment,18891.0,1.0,0.0,171.0,1.9,10.7,2613.0,981.0,172.0,both,0.0,0.0,True,0.0,0.0,True,1.0,1.0,False,27.0,27.0,False,0.0,0.0,True,0.0,0.0,True,0.0,0.0,True,-44.0,44.0,False,28.0,28.0,False
raphaelmansuy/code2prompt,2024-03,treatment,6368077a1ae530f5cf3d5054b2f9eb1bc30cd0e0,500.0,0.0,0.0,10.0,0.0,17.5,95.0,100.0,10.0,0,2024-09,0,-6.0,treatment,500.0,0.0,0.0,9.0,0.0,17.5,95.0,95.0,9.0,both,0.0,0.0,True,0.0,0.0,True,0.0,0.0,True,1.0,1.0,False,0.0,0.0,True,0.0,0.0,True,0.0,0.0,True,5.0,5.0,False,1.0,1.0,False
raphaelmansuy/code2prompt,2024-04,treatment,6368077a1ae530f5cf3d5054b2f9eb1bc30cd0e0,500.0,0.0,0.0,10.0,0.0,17.5,95.0,100.0,10.0,0,2024-09,0,-5.0,treatment,500.0,0.0,0.0,9.0,0.0,17.5,95.0,95.0,9.0,both,0.0,0.0,True,0.0,0.0,True,0.0,0.0,True,1.0,1.0,False,0.0,0.0,True,0.0,0.0,True,0.0,0.0,True,5.0,5.0,False,1.0,1.0,False
raphaelmansuy/code2prompt,2024-05,treatment,6368077a1ae530f5cf3d5054b2f9eb1bc30cd0e0,500.0,0.0,0.0,10.0,0.0,17.5,95.0,100.0,10.0,0,2024-09,0,-4.0,treatment,500.0,0.0,0.0,9.0,0.0,17.5,95.0,95.0,9.0,both,0.0,0.0,True,0.0,0.0,True,0.0,0.0,True,1.0,1.0,False,0.0,0.0,True,0.0,0.0,True,0.0,0.0,True,5.0,5.0,False,1.0,1.0,False
raphaelmansuy/code2prompt,2024-06,treatment,3abdad8e93104f890e8d53b543c0ad3b09a15dfa,1030.0,0.0,0.0,11.0,0.0,26.5,164.0,109.0,11.0,0,2024-09,0,-3.0,treatment,1030.0,0.0,0.0,9.0,0.0,26.5,164.0,103.0,9.0,both,0.0,0.0,True,0.0,0.0,True,0.0,0.0,True,2.0,2.0,False,0.0,0.0,True,0.0,0.0,True,0.0,0.0,True,6.0,6.0,False,2.0,2.0,False
raphaelmansuy/code2prompt,2024-07,treatment,7beca452e2e50d659f11cc34a248389833c26882,1889.0,0.0,0.0,17.0,0.0,23.9,275.0,178.0,17.0,0,2024-09,0,-2.0,treatment,1889.0,0.0,0.0,18.0,0.0,23.9,275.0,183.0,18.0,both,0.0,0.0,True,0.0,0.0,True,0.0,0.0,True,-1.0,1.0,False,0.0,0.0,True,0.0,0.0,True,0.0,0.0,True,-5.0,5.0,False,-1.0,1.0,False
raphaelmansuy/code2prompt,2024-08,treatment,7beca452e2e50d659f11cc34a248389833c26882,1889.0,0.0,0.0,17.0,0.0,23.9,275.0,178.0,17.0,0,2024-09,0,-1.0,treatment,1889.0,0.0,0.0,18.0,0.0,23.9,275.0,183.0,18.0,both,0.0,0.0,True,0.0,0.0,True,0.0,0.0,True,-1.0,1.0,False,0.0,0.0,True,0.0,0.0,True,0.0,0.0,True,-5.0,5.0,False,-1.0,1.0,False
raphaelmansuy/code2prompt,2024-09,treatment,3b377ba47526cb784e449de65694c85cb2ef6421,2639.0,1.0,0.0,21.0,1.0,23.4,386.0,190.0,22.0,1,2024-09,1,0.0,treatment,2639.0,5.0,0.0,19.0,1.0,23.4,386.0,180.0,24.0,both,0.0,0.0,True,-4.0,4.0,False,0.0,0.0,True,2.0,2.0,False,0.0,0.0,True,0.0,0.0,True,0.0,0.0,True,10.0,10.0,False,-2.0,2.0,False
raphaelmansuy/code2prompt,2024-10,treatment,3b377ba47526cb784e449de65694c85cb2ef6421,2639.0,1.0,0.0,21.0,1.0,23.4,386.0,190.0,22.0,1,2024-09,1,1.0,treatment,2639.0,5.0,0.0,19.0,1.0,23.4,386.0,180.0,24.0,both,0.0,0.0,True,-4.0,4.0,False,0.0,0.0,True,2.0,2.0,False,0.0,0.0,True,0.0,0.0,True,0.0,0.0,True,10.0,10.0,False,-2.0,2.0,False
raphaelmansuy/code2prompt,2024-11,treatment,3b377ba47526cb784e449de65694c85cb2ef6421,2639.0,1.0,0.0,21.0,1.0,23.4,386.0,190.0,22.0,1,2024-09,1,2.0,treatment,2639.0,5.0,0.0,19.0,1.0,23.4,386.0,180.0,24.0,both,0.0,0.0,True,-4.0,4.0,False,0.0,0.0,True,2.0,2.0,False,0.0,0.0,True,0.0,0.0,True,0.0,0.0,True,10.0,10.0,False,-2.0,2.0,False
raphaelmansuy/code2prompt,2024-12,treatment,2730fb1b6d143bb1d0adae2f0fbf18ddf1aecc20,2639.0,1.0,0.0,21.0,1.0,23.4,386.0,190.0,22.0,1,2024-09,1,3.0,treatment,2639.0,5.0,0.0,19.0,1.0,23.4,386.0,180.0,24.0,both,0.0,0.0,True,-4.0,4.0,False,0.0,0.0,True,2.0,2.0,False,0.0,0.0,True,0.0,0.0,True,0.0,0.0,True,10.0,10.0,False,-2.0,2.0,False
raphaelmansuy/code2prompt,2025-01,treatment,699eae91a5bf67dc5ab6df23fd1b2c665eb20034,2639.0,1.0,0.0,21.0,1.0,23.4,386.0,190.0,22.0,1,2024-09,1,4.0,treatment,2639.0,5.0,0.0,19.0,1.0,23.4,386.0,180.0,24.0,both,0.0,0.0,True,-4.0,4.0,False,0.0,0.0,True,2.0,2.0,False,0.0,0.0,True,0.0,0.0,True,0.0,0.0,True,10.0,10.0,False,-2.0,2.0,False
raphaelmansuy/code2prompt,2025-02,treatment,699eae91a5bf67dc5ab6df23fd1b2c665eb20034,2639.0,1.0,0.0,21.0,1.0,23.4,386.0,190.0,22.0,,,,,,,,,,,,,,,left_only,,,False,,,False,,,False,,,False,,,False,,,False,,,False,,,False,,,False
raphaelmansuy/code2prompt,2025-03,treatment,699eae91a5bf67dc5ab6df23fd1b2c665eb20034,2639.0,1.0,0.0,21.0,1.0,23.4,386.0,190.0,22.0,,,,,,,,,,,,,,,left_only,,,False,,,False,,,False,,,False,,,False,,,False,,,False,,,False,,,False
raphaelmansuy/code2prompt,2025-04,treatment,699eae91a5bf67dc5ab6df23fd1b2c665eb20034,2639.0,1.0,0.0,21.0,1.0,23.4,386.0,190.0,22.0,,,,,,,,,,,,,,,left_only,,,False,,,False,,,False,,,False,,,False,,,False,,,False,,,False,,,False
raphaelmansuy/code2prompt,2025-05,treatment,699eae91a5bf67dc5ab6df23fd1b2c665eb20034,2639.0,1.0,0.0,21.0,1.0,23.4,386.0,190.0,22.0,,,,,,,,,,,,,,,left_only,,,False,,,False,,,False,,,False,,,False,,,False,,,False,,,False,,,False
raphaelmansuy/code2prompt,2025-06,treatment,699eae91a5bf67dc5ab6df23fd1b2c665eb20034,2639.0,1.0,0.0,21.0,1.0,23.4,386.0,190.0,22.0,,,,,,,,,,,,,,,left_only,,,False,,,False,,,False,,,False,,,False,,,False,,,False,,,False,,,False
raphaelmansuy/code2prompt,2025-07,treatment,699eae91a5bf67dc5ab6df23fd1b2c665eb20034,2639.0,1.0,0.0,21.0,1.0,23.4,386.0,190.0,22.0,,,,,,,,,,,,,,,left_only,,,False,,,False,,,False,,,False,,,False,,,False,,,False,,,False,,,False
raphaelmansuy/code2prompt,2025-08,treatment,699eae91a5bf67dc5ab6df23fd1b2c665eb20034,2639.0,1.0,0.0,21.0,1.0,23.4,386.0,190.0,22.0,,,,,,,,,,,,,,,left_only,,,False,,,False,,,False,,,False,,,False,,,False,,,False,,,False,,,False
raphaelmansuy/iteration_of_tought,2024-09,treatment,53b2a870b95abb88742ea4b5480bae8e87867348,303.0,0.0,0.0,2.0,9.9,34.7,42.0,17.0,2.0,1,2024-09,1,0.0,treatment,303.0,0.0,0.0,1.0,9.9,34.7,42.0,12.0,1.0,both,0.0,0.0,True,0.0,0.0,True,0.0,0.0,True,1.0,1.0,False,0.0,0.0,True,0.0,0.0,True,0.0,0.0,True,5.0,5.0,False,1.0,1.0,False
raphaelmansuy/iteration_of_tought,2024-10,treatment,53b2a870b95abb88742ea4b5480bae8e87867348,303.0,0.0,0.0,2.0,9.9,34.7,42.0,17.0,2.0,,,,,,,,,,,,,,,left_only,,,False,,,False,,,False,,,False,,,False,,,False,,,False,,,False,,,False
raphaelmansuy/iteration_of_tought,2024-11,treatment,53b2a870b95abb88742ea4b5480bae8e87867348,303.0,0.0,0.0,2.0,9.9,34.7,42.0,17.0,2.0,,,,,,,,,,,,,,,left_only,,,False,,,False,,,False,,,False,,,False,,,False,,,False,,,False,,,False
raphaelmansuy/iteration_of_tought,2024-12,treatment,53b2a870b95abb88742ea4b5480bae8e87867348,303.0,0.0,0.0,2.0,9.9,34.7,42.0,17.0,2.0,,,,,,,,,,,,,,,left_only,,,False,,,False,,,False,,,False,,,False,,,False,,,False,,,False,,,False
raphaelmansuy/iteration_of_tought,2025-01,treatment,53b2a870b95abb88742ea4b5480bae8e87867348,303.0,0.0,0.0,2.0,9.9,34.7,42.0,17.0,2.0,,,,,,,,,,,,,,,left_only,,,False,,,False,,,False,,,False,,,False,,,False,,,False,,,False,,,False
raphaelmansuy/iteration_of_tought,2025-02,treatment,53b2a870b95abb88742ea4b5480bae8e87867348,303.0,0.0,0.0,2.0,9.9,34.7,42.0,17.0,2.0,,,,,,,,,,,,,,,left_only,,,False,,,False,,,False,,,False,,,False,,,False,,,False,,,False,,,False
raphaelmansuy/iteration_of_tought,2025-03,treatment,53b2a870b95abb88742ea4b5480bae8e87867348,303.0,0.0,0.0,2.0,9.9,34.7,42.0,17.0,2.0,,,,,,,,,,,,,,,left_only,,,False,,,False,,,False,,,False,,,False,,,False,,,False,,,False,,,False
raphaelmansuy/iteration_of_tought,2025-04,treatment,53b2a870b95abb88742ea4b5480bae8e87867348,303.0,0.0,0.0,2.0,9.9,34.7,42.0,17.0,2.0,,,,,,,,,,,,,,,left_only,,,False,,,False,,,False,,,False,,,False,,,False,,,False,,,False,,,False
raphaelmansuy/iteration_of_tought,2025-05,treatment,53b2a870b95abb88742ea4b5480bae8e87867348,303.0,0.0,0.0,2.0,9.9,34.7,42.0,17.0,2.0,,,,,,,,,,,,,,,left_only,,,False,,,False,,,False,,,False,,,False,,,False,,,False,,,False,,,False
raphaelmansuy/iteration_of_tought,2025-06,treatment,53b2a870b95abb88742ea4b5480bae8e87867348,303.0,0.0,0.0,2.0,9.9,34.7,42.0,17.0,2.0,,,,,,,,,,,,,,,left_only,,,False,,,False,,,False,,,False,,,False,,,False,,,False,,,False,,,False
raphaelmansuy/iteration_of_tought,2025-07,treatment,53b2a870b95abb88742ea4b5480bae8e87867348,303.0,0.0,0.0,2.0,9.9,34.7,42.0,17.0,2.0,,,,,,,,,,,,,,,left_only,,,False,,,False,,,False,,,False,,,False,,,False,,,False,,,False,,,False
raphaelmansuy/iteration_of_tought,2025-08,treatment,53b2a870b95abb88742ea4b5480bae8e87867348,303.0,0.0,0.0,2.0,9.9,34.7,42.0,17.0,2.0,,,,,,,,,,,,,,,left_only,,,False,,,False,,,False,,,False,,,False,,,False,,,False,,,False,,,False
samuelgursky/davinci-resolve-mcp,2025-03,treatment,f10b0f93aec15b5c92b2bed33a60270e100dc317,10768.0,4.0,0.0,296.0,57.9,24.9,4370.0,4165.0,300.0,1,2025-03,1,0.0,treatment,7828.0,4.0,0.0,181.0,11.3,25.6,3043.0,2589.0,185.0,both,2940.0,2940.0,False,0.0,0.0,True,0.0,0.0,True,115.0,115.0,False,46.599999999999994,46.599999999999994,False,-0.7000000000000028,0.7000000000000028,False,1327.0,1327.0,False,1576.0,1576.0,False,115.0,115.0,False
samuelgursky/davinci-resolve-mcp,2025-04,treatment,19dc53236193de61f79facc731024a75d3c3be5c,10768.0,4.0,0.0,296.0,57.9,24.9,4370.0,4165.0,300.0,1,2025-03,1,1.0,treatment,7828.0,4.0,0.0,181.0,11.3,25.6,3043.0,2589.0,185.0,both,2940.0,2940.0,False,0.0,0.0,True,0.0,0.0,True,115.0,115.0,False,46.599999999999994,46.599999999999994,False,-0.7000000000000028,0.7000000000000028,False,1327.0,1327.0,False,1576.0,1576.0,False,115.0,115.0,False
samuelgursky/davinci-resolve-mcp,2025-05,treatment,19dc53236193de61f79facc731024a75d3c3be5c,10768.0,4.0,0.0,296.0,57.9,24.9,4370.0,4165.0,300.0,,,,,,,,,,,,,,,left_only,,,False,,,False,,,False,,,False,,,False,,,False,,,False,,,False,,,False
samuelgursky/davinci-resolve-mcp,2025-06,treatment,19dc53236193de61f79facc731024a75d3c3be5c,10768.0,4.0,0.0,296.0,57.9,24.9,4370.0,4165.0,300.0,,,,,,,,,,,,,,,left_only,,,False,,,False,,,False,,,False,,,False,,,False,,,False,,,False,,,False
samuelgursky/davinci-resolve-mcp,2025-07,treatment,19dc53236193de61f79facc731024a75d3c3be5c,10768.0,4.0,0.0,296.0,57.9,24.9,4370.0,4165.0,300.0,,,,,,,,,,,,,,,left_only,,,False,,,False,,,False,,,False,,,False,,,False,,,False,,,False,,,False
samuelgursky/davinci-resolve-mcp,2025-08,treatment,19dc53236193de61f79facc731024a75d3c3be5c,10768.0,4.0,0.0,296.0,57.9,24.9,4370.0,4165.0,300.0,,,,,,,,,,,,,,,left_only,,,False,,,False,,,False,,,False,,,False,,,False,,,False,,,False,,,False
sbomify/sbomify,2025-01,treatment,d8357a144cfc82a75a9a367fd9d51295a600a1e5,27990.0,7.0,29.0,332.0,20.8,7.3,1015.0,1536.0,368.0,1,2025-01,1,0.0,treatment,27968.0,8.0,2.0,221.0,20.9,7.2,1015.0,1038.0,231.0,both,22.0,22.0,False,-1.0,1.0,False,27.0,27.0,False,111.0,111.0,False,-0.09999999999999787,0.09999999999999787,False,0.09999999999999964,0.09999999999999964,False,0.0,0.0,True,498.0,498.0,False,137.0,137.0,False
sbomify/sbomify,2025-02,treatment,cea548993884689448f6299084c83a512ab54198,28464.0,7.0,33.0,336.0,20.2,7.5,1053.0,1540.0,376.0,1,2025-01,1,1.0,treatment,28438.0,8.0,2.0,222.0,20.4,7.5,1053.0,1030.0,232.0,both,26.0,26.0,False,-1.0,1.0,False,31.0,31.0,False,114.0,114.0,False,-0.1999999999999993,0.1999999999999993,False,0.0,0.0,True,0.0,0.0,True,510.0,510.0,False,144.0,144.0,False
sbomify/sbomify,2025-03,treatment,cc6d9265a9f19ee37660ea1ef3ac1cefb588b02a,28867.0,8.0,36.0,346.0,19.9,7.7,1105.0,1601.0,390.0,1,2025-01,1,2.0,treatment,28473.0,8.0,2.0,223.0,20.4,7.5,1063.0,1045.0,233.0,both,394.0,394.0,False,0.0,0.0,True,34.0,34.0,False,123.0,123.0,False,-0.5,0.5,False,0.20000000000000018,0.20000000000000018,False,42.0,42.0,False,556.0,556.0,False,157.0,157.0,False
sbomify/sbomify,2025-04,treatment,9871229a57c55c6be3e0f0aab6f0377c72c1acb4,29189.0,8.0,36.0,353.0,19.6,8.0,1173.0,1638.0,397.0,1,2025-01,1,3.0,treatment,29163.0,8.0,2.0,227.0,19.8,7.9,1173.0,1068.0,237.0,both,26.0,26.0,False,0.0,0.0,True,34.0,34.0,False,126.0,126.0,False,-0.1999999999999993,0.1999999999999993,False,0.09999999999999964,0.09999999999999964,False,0.0,0.0,True,570.0,570.0,False,160.0,160.0,False
sbomify/sbomify,2025-05,treatment,9cd280ec409b119e5fb1ee3f6a25700655e888e1,31870.0,13.0,32.0,392.0,18.9,8.5,1432.0,1805.0,437.0,1,2025-01,1,4.0,treatment,31878.0,14.0,1.0,242.0,19.0,8.5,1432.0,1121.0,257.0,both,-8.0,8.0,False,-1.0,1.0,False,31.0,31.0,False,150.0,150.0,False,-0.10000000000000142,0.10000000000000142,False,0.0,0.0,True,0.0,0.0,True,684.0,684.0,False,180.0,180.0,False
sbomify/sbomify,2025-06,treatment,80ac2a0770147bbb7c2e4cc1f0054da96d2aa669,45830.0,15.0,32.0,571.0,14.7,8.5,2672.0,2833.0,618.0,1,2025-01,1,5.0,treatment,45839.0,16.0,1.0,321.0,14.7,8.5,2672.0,1897.0,338.0,both,-9.0,9.0,False,-1.0,1.0,False,31.0,31.0,False,250.0,250.0,False,0.0,0.0,True,0.0,0.0,True,0.0,0.0,True,936.0,936.0,False,280.0,280.0,False
sbomify/sbomify,2025-07,treatment,571a358c77be14342e46b109d3053a296c6cc094,79252.0,6.0,39.0,908.0,10.2,11.0,5776.0,5083.0,953.0,1,2025-01,1,6.0,treatment,79232.0,9.0,1.0,552.0,10.2,11.0,5776.0,3980.0,562.0,both,20.0,20.0,False,-3.0,3.0,False,38.0,38.0,False,356.0,356.0,False,0.0,0.0,True,0.0,0.0,True,0.0,0.0,True,1103.0,1103.0,False,391.0,391.0,False
sbomify/sbomify,2025-08,treatment,20276afd986b0f95c5c2758029989a8e83abf713,83052.0,8.0,41.0,932.0,9.8,11.2,5917.0,5186.0,981.0,1,2025-01,1,7.0,treatment,82787.0,11.0,1.0,564.0,9.8,11.2,5917.0,4029.0,576.0,both,265.0,265.0,False,-3.0,3.0,False,40.0,40.0,False,368.0,368.0,False,0.0,0.0,True,0.0,0.0,True,0.0,0.0,True,1157.0,1157.0,False,405.0,405.0,False
sirkirby/unifi-network-rules,2024-09,treatment,f39942626fa3a5ffce9810732aa94fefca659720,616.0,0.0,1.0,9.0,0.0,6.9,82.0,87.0,10.0,0,2025-03,0,-6.0,treatment,616.0,0.0,1.0,5.0,0.0,6.9,82.0,67.0,6.0,both,0.0,0.0,True,0.0,0.0,True,0.0,0.0,True,4.0,4.0,False,0.0,0.0,True,0.0,0.0,True,0.0,0.0,True,20.0,20.0,False,4.0,4.0,False
sirkirby/unifi-network-rules,2024-10,treatment,f39942626fa3a5ffce9810732aa94fefca659720,616.0,0.0,1.0,9.0,0.0,6.9,82.0,87.0,10.0,0,2025-03,0,-5.0,treatment,616.0,0.0,1.0,5.0,0.0,6.9,82.0,67.0,6.0,both,0.0,0.0,True,0.0,0.0,True,0.0,0.0,True,4.0,4.0,False,0.0,0.0,True,0.0,0.0,True,0.0,0.0,True,20.0,20.0,False,4.0,4.0,False
sirkirby/unifi-network-rules,2024-11,treatment,9cf9d3176f67c1d5a31f6351546acb3d03dcb086,887.0,0.0,1.0,17.0,0.0,10.3,133.0,152.0,18.0,0,2025-03,0,-4.0,treatment,887.0,0.0,1.0,10.0,0.0,10.3,133.0,117.0,11.0,both,0.0,0.0,True,0.0,0.0,True,0.0,0.0,True,7.0,7.0,False,0.0,0.0,True,0.0,0.0,True,0.0,0.0,True,35.0,35.0,False,7.0,7.0,False
sirkirby/unifi-network-rules,2024-12,treatment,7ecc60de7672efe69ea0872ce26ddb9401d057e3,629.0,0.0,1.0,14.0,0.0,10.1,97.0,118.0,15.0,0,2025-03,0,-3.0,treatment,629.0,0.0,1.0,9.0,0.0,10.1,97.0,93.0,10.0,both,0.0,0.0,True,0.0,0.0,True,0.0,0.0,True,5.0,5.0,False,0.0,0.0,True,0.0,0.0,True,0.0,0.0,True,25.0,25.0,False,5.0,5.0,False
sirkirby/unifi-network-rules,2025-01,treatment,f359e4ebe8bdaeaf25ae516176b50849adab845a,682.0,0.0,0.0,16.0,0.0,10.4,112.0,127.0,16.0,0,2025-03,0,-2.0,treatment,682.0,0.0,0.0,10.0,0.0,10.4,112.0,97.0,10.0,both,0.0,0.0,True,0.0,0.0,True,0.0,0.0,True,6.0,6.0,False,0.0,0.0,True,0.0,0.0,True,0.0,0.0,True,30.0,30.0,False,6.0,6.0,False
sirkirby/unifi-network-rules,2025-02,treatment,5d73dc7f0cf3403e0a12e171f2a6a0f2706f20b6,2418.0,2.0,0.0,38.0,1.1,11.5,607.0,496.0,40.0,0,2025-03,0,-1.0,treatment,2418.0,0.0,0.0,26.0,1.1,11.5,607.0,436.0,26.0,both,0.0,0.0,True,2.0,2.0,False,0.0,0.0,True,12.0,12.0,False,0.0,0.0,True,0.0,0.0,True,0.0,0.0,True,60.0,60.0,False,14.0,14.0,False
sirkirby/unifi-network-rules,2025-03,treatment,702090debca7301d7ffbb242edc927cc1c5a2703,6960.0,11.0,0.0,133.0,0.0,25.6,2271.0,1854.0,144.0,1,2025-03,1,0.0,treatment,6960.0,1.0,1.0,102.0,0.0,25.6,2271.0,1674.0,104.0,both,0.0,0.0,True,10.0,10.0,False,-1.0,1.0,False,31.0,31.0,False,0.0,0.0,True,0.0,0.0,True,0.0,0.0,True,180.0,180.0,False,40.0,40.0,False
sirkirby/unifi-network-rules,2025-04,treatment,b208b60791430e40bb8e2bc43c0ff81632167a72,7493.0,10.0,0.0,137.0,0.2,25.7,2693.0,2189.0,147.0,1,2025-03,1,1.0,treatment,7493.0,1.0,1.0,104.0,0.2,25.7,2693.0,1999.0,106.0,both,0.0,0.0,True,9.0,9.0,False,-1.0,1.0,False,33.0,33.0,False,0.0,0.0,True,0.0,0.0,True,0.0,0.0,True,190.0,190.0,False,41.0,41.0,False
sirkirby/unifi-network-rules,2025-05,treatment,b208b60791430e40bb8e2bc43c0ff81632167a72,7493.0,10.0,0.0,137.0,0.2,25.7,2693.0,2189.0,147.0,1,2025-03,1,2.0,treatment,7493.0,1.0,1.0,104.0,0.2,25.7,2693.0,1999.0,106.0,both,0.0,0.0,True,9.0,9.0,False,-1.0,1.0,False,33.0,33.0,False,0.0,0.0,True,0.0,0.0,True,0.0,0.0,True,190.0,190.0,False,41.0,41.0,False
sirkirby/unifi-network-rules,2025-06,treatment,c5a94b82797ea738e2f9f796f918e315dc71fe90,8416.0,12.0,0.0,159.0,0.6,25.1,3272.0,2648.0,171.0,1,2025-03,1,3.0,treatment,8416.0,1.0,1.0,121.0,0.6,25.1,3272.0,2423.0,123.0,both,0.0,0.0,True,11.0,11.0,False,-1.0,1.0,False,38.0,38.0,False,0.0,0.0,True,0.0,0.0,True,0.0,0.0,True,225.0,225.0,False,48.0,48.0,False
sirkirby/unifi-network-rules,2025-07,treatment,82b213f6193a4d0bdac8093c235b16e205d8b6d0,8562.0,11.0,0.0,156.0,0.2,25.2,3335.0,2611.0,167.0,1,2025-03,1,4.0,treatment,8562.0,1.0,1.0,117.0,0.2,25.2,3335.0,2381.0,119.0,both,0.0,0.0,True,10.0,10.0,False,-1.0,1.0,False,39.0,39.0,False,0.0,0.0,True,0.0,0.0,True,0.0,0.0,True,230.0,230.0,False,48.0,48.0,False
sirkirby/unifi-network-rules,2025-08,treatment,9f9e24ad109f75bfe7697e1b42aad3f3195ad50f,9411.0,12.0,0.0,168.0,0.2,24.3,3670.0,2800.0,180.0,,,,,,,,,,,,,,,left_only,,,False,,,False,,,False,,,False,,,False,,,False,,,False,,,False,,,False
smartian1/tgtrader,2024-12,treatment,3c8708fa225b77637ff726318b00cd14a351e7c4,4372.0,5.0,0.0,93.0,1.1,38.7,1066.0,1082.0,98.0,0,2025-01,0,-1.0,treatment,4372.0,5.0,0.0,88.0,1.1,38.7,1066.0,1057.0,93.0,both,0.0,0.0,True,0.0,0.0,True,0.0,0.0,True,5.0,5.0,False,0.0,0.0,True,0.0,0.0,True,0.0,0.0,True,25.0,25.0,False,5.0,5.0,False
smartian1/tgtrader,2025-01,treatment,a883ba2dc193cd0f384d7a2162ae74b1dff0b5fe,15263.0,49.0,2.0,238.0,0.9,20.9,1962.0,2245.0,289.0,1,2025-01,1,0.0,treatment,15263.0,48.0,0.0,217.0,0.9,20.9,1962.0,2099.0,265.0,both,0.0,0.0,True,1.0,1.0,False,2.0,2.0,False,21.0,21.0,False,0.0,0.0,True,0.0,0.0,True,0.0,0.0,True,146.0,146.0,False,24.0,24.0,False
smartian1/tgtrader,2025-02,treatment,1b533268cbcf209e7db165f44ba5494749587cfc,17293.0,50.0,2.0,301.0,1.6,22.6,2330.0,2866.0,353.0,1,2025-01,1,1.0,treatment,17293.0,49.0,0.0,280.0,1.6,22.6,2330.0,2720.0,329.0,both,0.0,0.0,True,1.0,1.0,False,2.0,2.0,False,21.0,21.0,False,0.0,0.0,True,0.0,0.0,True,0.0,0.0,True,146.0,146.0,False,24.0,24.0,False
smartian1/tgtrader,2025-03,treatment,48a5a6e8245592314a2eb3d667ada5faac2a367f,17880.0,50.0,2.0,327.0,1.5,22.9,2429.0,3016.0,379.0,1,2025-01,1,2.0,treatment,17880.0,49.0,0.0,293.0,1.5,22.9,2429.0,2805.0,342.0,both,0.0,0.0,True,1.0,1.0,False,2.0,2.0,False,34.0,34.0,False,0.0,0.0,True,0.0,0.0,True,0.0,0.0,True,211.0,211.0,False,37.0,37.0,False
smartian1/tgtrader,2025-04,treatment,9d17bd75396997b746338c8911d8d781c096ed35,18901.0,50.0,2.0,378.0,1.7,23.6,2746.0,3440.0,430.0,1,2025-01,1,3.0,treatment,18901.0,49.0,0.0,337.0,1.7,23.6,2746.0,3194.0,386.0,both,0.0,0.0,True,1.0,1.0,False,2.0,2.0,False,41.0,41.0,False,0.0,0.0,True,0.0,0.0,True,0.0,0.0,True,246.0,246.0,False,44.0,44.0,False
smartian1/tgtrader,2025-05,treatment,9d17bd75396997b746338c8911d8d781c096ed35,18901.0,50.0,2.0,378.0,1.7,23.6,2746.0,3440.0,430.0,,,,,,,,,,,,,,,left_only,,,False,,,False,,,False,,,False,,,False,,,False,,,False,,,False,,,False
smartian1/tgtrader,2025-06,treatment,9d17bd75396997b746338c8911d8d781c096ed35,18901.0,50.0,2.0,378.0,1.7,23.6,2746.0,3440.0,430.0,,,,,,,,,,,,,,,left_only,,,False,,,False,,,False,,,False,,,False,,,False,,,False,,,False,,,False
smartian1/tgtrader,2025-07,treatment,9d17bd75396997b746338c8911d8d781c096ed35,18901.0,50.0,2.0,378.0,1.7,23.6,2746.0,3440.0,430.0,,,,,,,,,,,,,,,left_only,,,False,,,False,,,False,,,False,,,False,,,False,,,False,,,False,,,False
smartian1/tgtrader,2025-08,treatment,9d17bd75396997b746338c8911d8d781c096ed35,18901.0,50.0,2.0,378.0,1.7,23.6,2746.0,3440.0,430.0,,,,,,,,,,,,,,,left_only,,,False,,,False,,,False,,,False,,,False,,,False,,,False,,,False,,,False
smorin/py-launch-blueprint,2025-01,treatment,6e38b18030b3f1be9933dac9f37c20b67503b9ca,420.0,0.0,0.0,2.0,0.0,27.8,45.0,2.0,2.0,0,2025-03,0,-2.0,treatment,420.0,0.0,0.0,2.0,0.0,27.8,45.0,5.0,2.0,both,0.0,0.0,True,0.0,0.0,True,0.0,0.0,True,0.0,0.0,True,0.0,0.0,True,0.0,0.0,True,0.0,0.0,True,-3.0,3.0,False,0.0,0.0,True
smorin/py-launch-blueprint,2025-02,treatment,753b3a381bad4feeb39d7f3480c2132d017ca766,483.0,0.0,0.0,2.0,0.0,28.6,45.0,2.0,2.0,0,2025-03,0,-1.0,treatment,483.0,0.0,0.0,2.0,0.0,28.6,45.0,5.0,2.0,both,0.0,0.0,True,0.0,0.0,True,0.0,0.0,True,0.0,0.0,True,0.0,0.0,True,0.0,0.0,True,0.0,0.0,True,-3.0,3.0,False,0.0,0.0,True
smorin/py-launch-blueprint,2025-03,treatment,2d2619221e0a67978190307d9361f8ca41313265,514.0,0.0,0.0,2.0,0.0,28.2,49.0,2.0,2.0,1,2025-03,1,0.0,treatment,514.0,0.0,0.0,2.0,0.0,28.2,49.0,5.0,2.0,both,0.0,0.0,True,0.0,0.0,True,0.0,0.0,True,0.0,0.0,True,0.0,0.0,True,0.0,0.0,True,0.0,0.0,True,-3.0,3.0,False,0.0,0.0,True
smorin/py-launch-blueprint,2025-04,treatment,97f2599a581d8333f239dd49294a29197b8759ff,537.0,0.0,0.0,2.0,0.0,27.4,50.0,2.0,2.0,1,2025-03,1,1.0,treatment,537.0,0.0,0.0,2.0,0.0,27.4,50.0,5.0,2.0,both,0.0,0.0,True,0.0,0.0,True,0.0,0.0,True,0.0,0.0,True,0.0,0.0,True,0.0,0.0,True,0.0,0.0,True,-3.0,3.0,False,0.0,0.0,True
smorin/py-launch-blueprint,2025-05,treatment,340916d9c9f3df35fa595ff6aa511daabb95888a,536.0,0.0,0.0,2.0,0.0,27.6,50.0,2.0,2.0,1,2025-03,1,2.0,treatment,536.0,0.0,0.0,2.0,0.0,27.6,50.0,5.0,2.0,both,0.0,0.0,True,0.0,0.0,True,0.0,0.0,True,0.0,0.0,True,0.0,0.0,True,0.0,0.0,True,0.0,0.0,True,-3.0,3.0,False,0.0,0.0,True
smorin/py-launch-blueprint,2025-06,treatment,1c84afa61f2abc7201f79fe590fe7ecb8a54b284,537.0,0.0,0.0,2.0,0.0,36.4,50.0,2.0,2.0,1,2025-03,1,3.0,treatment,537.0,0.0,0.0,2.0,0.0,36.4,50.0,5.0,2.0,both,0.0,0.0,True,0.0,0.0,True,0.0,0.0,True,0.0,0.0,True,0.0,0.0,True,0.0,0.0,True,0.0,0.0,True,-3.0,3.0,False,0.0,0.0,True
smorin/py-launch-blueprint,2025-07,treatment,1c84afa61f2abc7201f79fe590fe7ecb8a54b284,537.0,0.0,0.0,2.0,0.0,36.4,50.0,2.0,2.0,,,,,,,,,,,,,,,left_only,,,False,,,False,,,False,,,False,,,False,,,False,,,False,,,False,,,False
smorin/py-launch-blueprint,2025-08,treatment,1c84afa61f2abc7201f79fe590fe7ecb8a54b284,537.0,0.0,0.0,2.0,0.0,36.4,50.0,2.0,2.0,,,,,,,,,,,,,,,left_only,,,False,,,False,,,False,,,False,,,False,,,False,,,False,,,False,,,False
sshtunnelvision/MCP-LOGO-GEN,2025-03,treatment,5192c277f3b6efd3d8233e2427c33aeb9fb6c836,561.0,1.0,0.0,8.0,0.0,14.7,70.0,41.0,9.0,1,2025-03,1,0.0,treatment,561.0,0.0,0.0,6.0,0.0,14.7,70.0,31.0,6.0,both,0.0,0.0,True,1.0,1.0,False,0.0,0.0,True,2.0,2.0,False,0.0,0.0,True,0.0,0.0,True,0.0,0.0,True,10.0,10.0,False,3.0,3.0,False
sshtunnelvision/MCP-LOGO-GEN,2025-04,treatment,5192c277f3b6efd3d8233e2427c33aeb9fb6c836,561.0,1.0,0.0,8.0,0.0,14.7,70.0,41.0,9.0,,,,,,,,,,,,,,,left_only,,,False,,,False,,,False,,,False,,,False,,,False,,,False,,,False,,,False
sshtunnelvision/MCP-LOGO-GEN,2025-05,treatment,5192c277f3b6efd3d8233e2427c33aeb9fb6c836,561.0,1.0,0.0,8.0,0.0,14.7,70.0,41.0,9.0,,,,,,,,,,,,,,,left_only,,,False,,,False,,,False,,,False,,,False,,,False,,,False,,,False,,,False
sshtunnelvision/MCP-LOGO-GEN,2025-06,treatment,5192c277f3b6efd3d8233e2427c33aeb9fb6c836,561.0,1.0,0.0,8.0,0.0,14.7,70.0,41.0,9.0,,,,,,,,,,,,,,,left_only,,,False,,,False,,,False,,,False,,,False,,,False,,,False,,,False,,,False
sshtunnelvision/MCP-LOGO-GEN,2025-07,treatment,5192c277f3b6efd3d8233e2427c33aeb9fb6c836,561.0,1.0,0.0,8.0,0.0,14.7,70.0,41.0,9.0,,,,,,,,,,,,,,,left_only,,,False,,,False,,,False,,,False,,,False,,,False,,,False,,,False,,,False
sshtunnelvision/MCP-LOGO-GEN,2025-08,treatment,5192c277f3b6efd3d8233e2427c33aeb9fb6c836,561.0,1.0,0.0,8.0,0.0,14.7,70.0,41.0,9.0,,,,,,,,,,,,,,,left_only,,,False,,,False,,,False,,,False,,,False,,,False,,,False,,,False,,,False
synaptiai/prompt-decorators,2025-02,treatment,17ba5520183934d193c2bd26502a71b3253e4acd,5998.0,2.0,0.0,43.0,4.5,34.2,867.0,281.0,45.0,0,2025-03,0,-1.0,treatment,5998.0,5.0,0.0,43.0,4.5,34.2,867.0,389.0,48.0,both,0.0,0.0,True,-3.0,3.0,False,0.0,0.0,True,0.0,0.0,True,0.0,0.0,True,0.0,0.0,True,0.0,0.0,True,-108.0,108.0,False,-3.0,3.0,False
synaptiai/prompt-decorators,2025-03,treatment,d43502d6d3034874c6b19ca459bc297c76b2bca0,10657.0,2.0,0.0,185.0,1.8,32.4,2659.0,1870.0,187.0,1,2025-03,1,0.0,treatment,10657.0,2.0,0.0,141.0,1.8,32.4,2659.0,1720.0,143.0,both,0.0,0.0,True,0.0,0.0,True,0.0,0.0,True,44.0,44.0,False,0.0,0.0,True,0.0,0.0,True,0.0,0.0,True,150.0,150.0,False,44.0,44.0,False
synaptiai/prompt-decorators,2025-04,treatment,1bb0e8789bf0ee88c448d745d3f3a93244a00932,10657.0,2.0,0.0,185.0,1.8,32.4,2659.0,1870.0,187.0,1,2025-03,1,1.0,treatment,10657.0,2.0,0.0,141.0,1.8,32.4,2659.0,1720.0,143.0,both,0.0,0.0,True,0.0,0.0,True,0.0,0.0,True,44.0,44.0,False,0.0,0.0,True,0.0,0.0,True,0.0,0.0,True,150.0,150.0,False,44.0,44.0,False
synaptiai/prompt-decorators,2025-05,treatment,e0830277744ae4089dcd630dab688a3e892f19af,11562.0,2.0,0.0,207.0,1.6,32.3,2938.0,1985.0,209.0,1,2025-03,1,2.0,treatment,11562.0,2.0,0.0,159.0,1.6,32.3,2938.0,1815.0,161.0,both,0.0,0.0,True,0.0,0.0,True,0.0,0.0,True,48.0,48.0,False,0.0,0.0,True,0.0,0.0,True,0.0,0.0,True,170.0,170.0,False,48.0,48.0,False
synaptiai/prompt-decorators,2025-06,treatment,1dd0f977ff0cbe127717a6c4d7f198a609485f69,11562.0,2.0,0.0,207.0,1.6,32.3,2938.0,1985.0,209.0,1,2025-03,1,3.0,treatment,11562.0,2.0,0.0,159.0,1.6,32.3,2938.0,1815.0,161.0,both,0.0,0.0,True,0.0,0.0,True,0.0,0.0,True,48.0,48.0,False,0.0,0.0,True,0.0,0.0,True,0.0,0.0,True,170.0,170.0,False,48.0,48.0,False
synaptiai/prompt-decorators,2025-07,treatment,75ab51622f28cdbecba739a07a404f76b803f4df,11562.0,2.0,0.0,207.0,1.6,32.3,2938.0,1985.0,209.0,1,2025-03,1,4.0,treatment,11562.0,2.0,0.0,159.0,1.6,32.3,2938.0,1815.0,161.0,both,0.0,0.0,True,0.0,0.0,True,0.0,0.0,True,48.0,48.0,False,0.0,0.0,True,0.0,0.0,True,0.0,0.0,True,170.0,170.0,False,48.0,48.0,False
synaptiai/prompt-decorators,2025-08,treatment,8ffdee7032009e5e1229cec0f766de6332f2b81c,11562.0,2.0,0.0,207.0,1.6,32.3,2938.0,1985.0,209.0,1,2025-03,1,5.0,treatment,11562.0,2.0,0.0,159.0,1.6,32.3,2938.0,1815.0,161.0,both,0.0,0.0,True,0.0,0.0,True,0.0,0.0,True,48.0,48.0,False,0.0,0.0,True,0.0,0.0,True,0.0,0.0,True,170.0,170.0,False,48.0,48.0,False
terryyin/lizard,2024-01,treatment,3f4c17fdfd625d7c6860379a77af56813e901026,37247.0,394.0,0.0,1826.0,0.9,10.1,4547.0,13537.0,2220.0,0,2025-01,0,-12.0,treatment,,,,,,,,,,both,,,False,,,False,,,False,,,False,,,False,,,False,,,False,,,False,,,False
terryyin/lizard,2024-02,treatment,3f4c17fdfd625d7c6860379a77af56813e901026,37247.0,394.0,0.0,1826.0,0.9,10.1,4547.0,13537.0,2220.0,0,2025-01,0,-11.0,treatment,,,,,,,,,,both,,,False,,,False,,,False,,,False,,,False,,,False,,,False,,,False,,,False
terryyin/lizard,2024-03,treatment,3f4c17fdfd625d7c6860379a77af56813e901026,37247.0,394.0,0.0,1826.0,0.9,10.1,4547.0,13537.0,2220.0,0,2025-01,0,-10.0,treatment,,,,,,,,,,both,,,False,,,False,,,False,,,False,,,False,,,False,,,False,,,False,,,False
terryyin/lizard,2024-04,treatment,7b47f8885eb694e6ec82df21e024f2b5265ffba9,37322.0,394.0,0.0,1826.0,0.9,10.1,4551.0,13537.0,2220.0,0,2025-01,0,-9.0,treatment,37984.0,107.0,0.0,1481.0,1.7,10.5,4551.0,8464.0,1588.0,both,-662.0,662.0,False,287.0,287.0,False,0.0,0.0,True,345.0,345.0,False,-0.7999999999999999,0.7999999999999999,False,-0.40000000000000036,0.40000000000000036,False,0.0,0.0,True,5073.0,5073.0,False,632.0,632.0,False
terryyin/lizard,2024-05,treatment,7b47f8885eb694e6ec82df21e024f2b5265ffba9,37322.0,394.0,0.0,1826.0,0.9,10.1,4551.0,13537.0,2220.0,0,2025-01,0,-8.0,treatment,37984.0,107.0,0.0,1481.0,1.7,10.5,4551.0,8464.0,1588.0,both,-662.0,662.0,False,287.0,287.0,False,0.0,0.0,True,345.0,345.0,False,-0.7999999999999999,0.7999999999999999,False,-0.40000000000000036,0.40000000000000036,False,0.0,0.0,True,5073.0,5073.0,False,632.0,632.0,False
terryyin/lizard,2024-06,treatment,7b47f8885eb694e6ec82df21e024f2b5265ffba9,37322.0,394.0,0.0,1826.0,0.9,10.1,4551.0,13537.0,2220.0,0,2025-01,0,-7.0,treatment,37984.0,107.0,0.0,1481.0,1.7,10.5,4551.0,8464.0,1588.0,both,-662.0,662.0,False,287.0,287.0,False,0.0,0.0,True,345.0,345.0,False,-0.7999999999999999,0.7999999999999999,False,-0.40000000000000036,0.40000000000000036,False,0.0,0.0,True,5073.0,5073.0,False,632.0,632.0,False
terryyin/lizard,2024-07,treatment,7b47f8885eb694e6ec82df21e024f2b5265ffba9,37322.0,394.0,0.0,1826.0,0.9,10.1,4551.0,13537.0,2220.0,0,2025-01,0,-6.0,treatment,37984.0,107.0,0.0,1481.0,1.7,10.5,4551.0,8464.0,1588.0,both,-662.0,662.0,False,287.0,287.0,False,0.0,0.0,True,345.0,345.0,False,-0.7999999999999999,0.7999999999999999,False,-0.40000000000000036,0.40000000000000036,False,0.0,0.0,True,5073.0,5073.0,False,632.0,632.0,False
terryyin/lizard,2024-08,treatment,c17ccbbe5203c34236fb52aa5f288ed2a96d55c0,37336.0,394.0,0.0,1826.0,0.9,10.1,4551.0,13537.0,2220.0,0,2025-01,0,-5.0,treatment,37998.0,107.0,0.0,1481.0,1.7,10.5,4551.0,8464.0,1588.0,both,-662.0,662.0,False,287.0,287.0,False,0.0,0.0,True,345.0,345.0,False,-0.7999999999999999,0.7999999999999999,False,-0.40000000000000036,0.40000000000000036,False,0.0,0.0,True,5073.0,5073.0,False,632.0,632.0,False
terryyin/lizard,2024-09,treatment,c17ccbbe5203c34236fb52aa5f288ed2a96d55c0,37336.0,394.0,0.0,1826.0,0.9,10.1,4551.0,13537.0,2220.0,0,2025-01,0,-4.0,treatment,37998.0,107.0,0.0,1481.0,1.7,10.5,4551.0,8464.0,1588.0,both,-662.0,662.0,False,287.0,287.0,False,0.0,0.0,True,345.0,345.0,False,-0.7999999999999999,0.7999999999999999,False,-0.40000000000000036,0.40000000000000036,False,0.0,0.0,True,5073.0,5073.0,False,632.0,632.0,False
terryyin/lizard,2024-10,treatment,ef8ac19ce83d5c7f7e620f7525b6844ef8d4323a,37390.0,394.0,0.0,1829.0,0.9,10.1,4557.0,13554.0,2223.0,0,2025-01,0,-3.0,treatment,38052.0,107.0,0.0,1484.0,1.7,10.5,4557.0,8481.0,1591.0,both,-662.0,662.0,False,287.0,287.0,False,0.0,0.0,True,345.0,345.0,False,-0.7999999999999999,0.7999999999999999,False,-0.40000000000000036,0.40000000000000036,False,0.0,0.0,True,5073.0,5073.0,False,632.0,632.0,False
terryyin/lizard,2024-11,treatment,ef8ac19ce83d5c7f7e620f7525b6844ef8d4323a,37390.0,394.0,0.0,1829.0,0.9,10.1,4557.0,13554.0,2223.0,0,2025-01,0,-2.0,treatment,38052.0,107.0,0.0,1484.0,1.7,10.5,4557.0,8481.0,1591.0,both,-662.0,662.0,False,287.0,287.0,False,0.0,0.0,True,345.0,345.0,False,-0.7999999999999999,0.7999999999999999,False,-0.40000000000000036,0.40000000000000036,False,0.0,0.0,True,5073.0,5073.0,False,632.0,632.0,False
terryyin/lizard,2024-12,treatment,8f3742c28c9fd5d86fe6adfd906c9c91531390e4,37513.0,395.0,0.0,1829.0,0.9,10.1,4569.0,13557.0,2224.0,0,2025-01,0,-1.0,treatment,38175.0,108.0,0.0,1485.0,1.7,10.5,4569.0,8489.0,1593.0,both,-662.0,662.0,False,287.0,287.0,False,0.0,0.0,True,344.0,344.0,False,-0.7999999999999999,0.7999999999999999,False,-0.40000000000000036,0.40000000000000036,False,0.0,0.0,True,5068.0,5068.0,False,631.0,631.0,False
terryyin/lizard,2025-01,treatment,c3cd418ce204dff6ddf223096d6a2aec2e7b5b51,38126.0,395.0,0.0,1846.0,1.0,10.0,4646.0,13646.0,2241.0,1,2025-01,1,0.0,treatment,38788.0,108.0,0.0,1502.0,1.8,10.4,4646.0,8578.0,1610.0,both,-662.0,662.0,False,287.0,287.0,False,0.0,0.0,True,344.0,344.0,False,-0.8,0.8,False,-0.40000000000000036,0.40000000000000036,False,0.0,0.0,True,5068.0,5068.0,False,631.0,631.0,False
terryyin/lizard,2025-02,treatment,7d48c44317121698e144aa7127082b46f7581ab0,38986.0,396.0,0.0,1849.0,1.0,10.0,4711.0,13655.0,2245.0,1,2025-01,1,1.0,treatment,39648.0,109.0,0.0,1508.0,1.8,10.4,4711.0,8596.0,1617.0,both,-662.0,662.0,False,287.0,287.0,False,0.0,0.0,True,341.0,341.0,False,-0.8,0.8,False,-0.40000000000000036,0.40000000000000036,False,0.0,0.0,True,5059.0,5059.0,False,628.0,628.0,False
terryyin/lizard,2025-03,treatment,86951d42c1f4fe5eaf00d258df2ab61952867838,39552.0,396.0,0.0,1859.0,1.0,10.1,4828.0,13691.0,2255.0,1,2025-01,1,2.0,treatment,40178.0,109.0,0.0,1515.0,1.8,10.5,4823.0,8616.0,1624.0,both,-626.0,626.0,False,287.0,287.0,False,0.0,0.0,True,344.0,344.0,False,-0.8,0.8,False,-0.40000000000000036,0.40000000000000036,False,5.0,5.0,False,5075.0,5075.0,False,631.0,631.0,False
terryyin/lizard,2025-04,treatment,7b72428d60d1bdd83d2c5fb807f8c7f33e23e71b,39833.0,396.0,0.0,1861.0,1.0,10.1,4857.0,13701.0,2257.0,1,2025-01,1,3.0,treatment,40495.0,109.0,0.0,1515.0,1.8,10.5,4857.0,8617.0,1624.0,both,-662.0,662.0,False,287.0,287.0,False,0.0,0.0,True,346.0,346.0,False,-0.8,0.8,False,-0.40000000000000036,0.40000000000000036,False,0.0,0.0,True,5084.0,5084.0,False,633.0,633.0,False
terryyin/lizard,2025-05,treatment,1ef2169fe8524b27777ec65944ba4eca8570e2b7,40717.0,396.0,0.0,1851.0,0.9,10.0,5047.0,13789.0,2247.0,1,2025-01,1,4.0,treatment,41379.0,109.0,0.0,1505.0,1.6,10.4,5047.0,8715.0,1614.0,both,-662.0,662.0,False,287.0,287.0,False,0.0,0.0,True,346.0,346.0,False,-0.7000000000000001,0.7000000000000001,False,-0.40000000000000036,0.40000000000000036,False,0.0,0.0,True,5074.0,5074.0,False,633.0,633.0,False
terryyin/lizard,2025-06,treatment,d8cb37d396710cc71525e91b62f78320d6b7b03f,41289.0,396.0,0.0,1853.0,0.9,10.1,5108.0,13824.0,2249.0,1,2025-01,1,5.0,treatment,41951.0,109.0,0.0,1506.0,1.6,10.5,5108.0,8745.0,1615.0,both,-662.0,662.0,False,287.0,287.0,False,0.0,0.0,True,347.0,347.0,False,-0.7000000000000001,0.7000000000000001,False,-0.40000000000000036,0.40000000000000036,False,0.0,0.0,True,5079.0,5079.0,False,634.0,634.0,False
terryyin/lizard,2025-07,treatment,10017f0c2ebb0688474c4a2b1216863d7632bbcf,41303.0,397.0,0.0,1853.0,0.9,10.1,5108.0,13824.0,2250.0,1,2025-01,1,6.0,treatment,41965.0,110.0,0.0,1506.0,1.6,10.5,5108.0,8745.0,1616.0,both,-662.0,662.0,False,287.0,287.0,False,0.0,0.0,True,347.0,347.0,False,-0.7000000000000001,0.7000000000000001,False,-0.40000000000000036,0.40000000000000036,False,0.0,0.0,True,5079.0,5079.0,False,634.0,634.0,False
terryyin/lizard,2025-08,treatment,f4c93acb75391b2797782373c95889434ac9b2ab,41370.0,397.0,0.0,1854.0,0.9,10.2,5118.0,13829.0,2251.0,1,2025-01,1,7.0,treatment,42032.0,110.0,0.0,1506.0,1.6,10.5,5118.0,8745.0,1616.0,both,-662.0,662.0,False,287.0,287.0,False,0.0,0.0,True,348.0,348.0,False,-0.7000000000000001,0.7000000000000001,False,-0.3000000000000007,0.3000000000000007,False,0.0,0.0,True,5084.0,5084.0,False,635.0,635.0,False
tmux-python/tmuxp,2024-01,treatment,7ca123dec130c4655a052d12bf7d9dce24c06867,7560.0,17.0,0.0,64.0,1.0,18.9,949.0,560.0,81.0,0,2025-03,0,-14.0,treatment,7560.0,34.0,0.0,82.0,1.0,18.9,949.0,730.0,116.0,both,0.0,0.0,True,-17.0,17.0,False,0.0,0.0,True,-18.0,18.0,False,0.0,0.0,True,0.0,0.0,True,0.0,0.0,True,-170.0,170.0,False,-35.0,35.0,False
tmux-python/tmuxp,2024-02,treatment,141fb9ad43136bdfd61e978b4ad9fd2dafcc00de,7701.0,17.0,0.0,59.0,1.0,18.6,946.0,531.0,76.0,0,2025-03,0,-13.0,treatment,7701.0,34.0,0.0,77.0,1.0,18.6,946.0,701.0,111.0,both,0.0,0.0,True,-17.0,17.0,False,0.0,0.0,True,-18.0,18.0,False,0.0,0.0,True,0.0,0.0,True,0.0,0.0,True,-170.0,170.0,False,-35.0,35.0,False
tmux-python/tmuxp,2024-03,treatment,eecd9e7e92b8f86bb3e74cd2d88284bce1a82448,7693.0,17.0,0.0,57.0,1.0,18.6,936.0,525.0,74.0,0,2025-03,0,-12.0,treatment,7693.0,34.0,0.0,71.0,1.0,18.6,936.0,687.0,105.0,both,0.0,0.0,True,-17.0,17.0,False,0.0,0.0,True,-14.0,14.0,False,0.0,0.0,True,0.0,0.0,True,0.0,0.0,True,-162.0,162.0,False,-31.0,31.0,False
tmux-python/tmuxp,2024-04,treatment,e8d2d6824fd5dc19974b7944697126198e850264,7683.0,17.0,0.0,57.0,1.0,18.3,927.0,526.0,74.0,0,2025-03,0,-11.0,treatment,7683.0,34.0,0.0,71.0,1.0,18.3,927.0,688.0,105.0,both,0.0,0.0,True,-17.0,17.0,False,0.0,0.0,True,-14.0,14.0,False,0.0,0.0,True,0.0,0.0,True,0.0,0.0,True,-162.0,162.0,False,-31.0,31.0,False
tmux-python/tmuxp,2024-05,treatment,fc437afd7e83454b717af1d719022cd4aba3972b,7683.0,17.0,0.0,57.0,1.0,18.3,927.0,526.0,74.0,0,2025-03,0,-10.0,treatment,7683.0,34.0,0.0,71.0,1.0,18.3,927.0,688.0,105.0,both,0.0,0.0,True,-17.0,17.0,False,0.0,0.0,True,-14.0,14.0,False,0.0,0.0,True,0.0,0.0,True,0.0,0.0,True,-162.0,162.0,False,-31.0,31.0,False
tmux-python/tmuxp,2024-06,treatment,8ad7226e1b0859749c46a294327b09a3b31ca5fa,7683.0,17.0,0.0,57.0,1.0,18.3,927.0,526.0,74.0,0,2025-03,0,-9.0,treatment,7683.0,34.0,0.0,71.0,1.0,18.3,927.0,688.0,105.0,both,0.0,0.0,True,-17.0,17.0,False,0.0,0.0,True,-14.0,14.0,False,0.0,0.0,True,0.0,0.0,True,0.0,0.0,True,-162.0,162.0,False,-31.0,31.0,False
tmux-python/tmuxp,2024-07,treatment,1f339c207881f89bdf2dc90251e2f2de3b16ce59,7679.0,17.0,0.0,57.0,1.0,18.3,927.0,526.0,74.0,0,2025-03,0,-8.0,treatment,7679.0,34.0,0.0,71.0,1.0,18.3,927.0,688.0,105.0,both,0.0,0.0,True,-17.0,17.0,False,0.0,0.0,True,-14.0,14.0,False,0.0,0.0,True,0.0,0.0,True,0.0,0.0,True,-162.0,162.0,False,-31.0,31.0,False
tmux-python/tmuxp,2024-08,treatment,453f5956e509445303ee1e161534b8e40f3b3d1c,7679.0,17.0,0.0,57.0,1.0,18.3,927.0,526.0,74.0,0,2025-03,0,-7.0,treatment,7679.0,34.0,0.0,71.0,1.0,18.3,927.0,688.0,105.0,both,0.0,0.0,True,-17.0,17.0,False,0.0,0.0,True,-14.0,14.0,False,0.0,0.0,True,0.0,0.0,True,0.0,0.0,True,-162.0,162.0,False,-31.0,31.0,False
tmux-python/tmuxp,2024-09,treatment,d378f576017983dfe556706e81fb9b1451d6b4d4,7679.0,17.0,0.0,57.0,1.0,18.3,927.0,526.0,74.0,0,2025-03,0,-6.0,treatment,7679.0,34.0,0.0,71.0,1.0,18.3,927.0,688.0,105.0,both,0.0,0.0,True,-17.0,17.0,False,0.0,0.0,True,-14.0,14.0,False,0.0,0.0,True,0.0,0.0,True,0.0,0.0,True,-162.0,162.0,False,-31.0,31.0,False
tmux-python/tmuxp,2024-10,treatment,e5f255e15fd671519bb9d73459a9890e00927ca3,7679.0,17.0,0.0,57.0,1.0,18.3,927.0,526.0,74.0,0,2025-03,0,-5.0,treatment,7679.0,34.0,0.0,71.0,1.0,18.3,927.0,688.0,105.0,both,0.0,0.0,True,-17.0,17.0,False,0.0,0.0,True,-14.0,14.0,False,0.0,0.0,True,0.0,0.0,True,0.0,0.0,True,-162.0,162.0,False,-31.0,31.0,False
tmux-python/tmuxp,2024-11,treatment,ef6b32a69632cf947e5c630e3b5d7ea26a4034b1,7679.0,17.0,0.0,57.0,1.0,18.3,927.0,526.0,74.0,0,2025-03,0,-4.0,treatment,7679.0,34.0,0.0,71.0,1.0,18.3,927.0,688.0,105.0,both,0.0,0.0,True,-17.0,17.0,False,0.0,0.0,True,-14.0,14.0,False,0.0,0.0,True,0.0,0.0,True,0.0,0.0,True,-162.0,162.0,False,-31.0,31.0,False
tmux-python/tmuxp,2024-12,treatment,bd053fa1d6cf9b7958e51b23a3535134c8ca7d8f,7675.0,17.0,0.0,57.0,1.0,18.3,927.0,526.0,74.0,0,2025-03,0,-3.0,treatment,7675.0,34.0,0.0,71.0,1.0,18.3,927.0,688.0,105.0,both,0.0,0.0,True,-17.0,17.0,False,0.0,0.0,True,-14.0,14.0,False,0.0,0.0,True,0.0,0.0,True,0.0,0.0,True,-162.0,162.0,False,-31.0,31.0,False
tmux-python/tmuxp,2025-01,treatment,b3f7d78f9422faebdb534b1e9a33be4e93567164,7771.0,17.0,0.0,42.0,1.0,18.3,938.0,451.0,59.0,0,2025-03,0,-2.0,treatment,7771.0,34.0,0.0,71.0,1.0,18.3,938.0,688.0,105.0,both,0.0,0.0,True,-17.0,17.0,False,0.0,0.0,True,-29.0,29.0,False,0.0,0.0,True,0.0,0.0,True,0.0,0.0,True,-237.0,237.0,False,-46.0,46.0,False
tmux-python/tmuxp,2025-02,treatment,12da0966aa52fb8d2b79fdfa98c32b770c1aa76b,8243.0,17.0,0.0,43.0,0.9,17.6,954.0,463.0,60.0,0,2025-03,0,-1.0,treatment,8243.0,34.0,0.0,69.0,0.9,17.6,954.0,685.0,103.0,both,0.0,0.0,True,-17.0,17.0,False,0.0,0.0,True,-26.0,26.0,False,0.0,0.0,True,0.0,0.0,True,0.0,0.0,True,-222.0,222.0,False,-43.0,43.0,False
tmux-python/tmuxp,2025-03,treatment,1b034699e8484f3c76a8ef46f5132dcf87b38fd0,8243.0,17.0,0.0,43.0,0.9,17.6,954.0,463.0,60.0,1,2025-03,1,0.0,treatment,8243.0,34.0,0.0,69.0,0.9,17.6,954.0,685.0,103.0,both,0.0,0.0,True,-17.0,17.0,False,0.0,0.0,True,-26.0,26.0,False,0.0,0.0,True,0.0,0.0,True,0.0,0.0,True,-222.0,222.0,False,-43.0,43.0,False
tmux-python/tmuxp,2025-04,treatment,fad8ac65bba4223e4e082a09149221396a852e0b,8243.0,17.0,0.0,43.0,0.9,17.6,954.0,463.0,60.0,1,2025-03,1,1.0,treatment,8243.0,34.0,0.0,69.0,0.9,17.6,954.0,685.0,103.0,both,0.0,0.0,True,-17.0,17.0,False,0.0,0.0,True,-26.0,26.0,False,0.0,0.0,True,0.0,0.0,True,0.0,0.0,True,-222.0,222.0,False,-43.0,43.0,False
tmux-python/tmuxp,2025-05,treatment,d9d4038baa7ecee9623fd770703b544ecec78ad0,8243.0,17.0,0.0,43.0,0.9,17.6,954.0,463.0,60.0,1,2025-03,1,2.0,treatment,8243.0,34.0,0.0,69.0,0.9,17.6,954.0,685.0,103.0,both,0.0,0.0,True,-17.0,17.0,False,0.0,0.0,True,-26.0,26.0,False,0.0,0.0,True,0.0,0.0,True,0.0,0.0,True,-222.0,222.0,False,-43.0,43.0,False
tmux-python/tmuxp,2025-06,treatment,0708824ac8dbff7f0a4b504156be5bc511c288c7,8251.0,17.0,0.0,43.0,0.9,17.6,955.0,463.0,60.0,1,2025-03,1,3.0,treatment,8251.0,34.0,0.0,69.0,0.9,17.6,955.0,685.0,103.0,both,0.0,0.0,True,-17.0,17.0,False,0.0,0.0,True,-26.0,26.0,False,0.0,0.0,True,0.0,0.0,True,0.0,0.0,True,-222.0,222.0,False,-43.0,43.0,False
tmux-python/tmuxp,2025-07,treatment,7cea7b926b3366c59d7ca1e41de55cb020a0ce67,8251.0,17.0,0.0,43.0,0.9,17.6,955.0,463.0,60.0,1,2025-03,1,4.0,treatment,8251.0,34.0,0.0,69.0,0.9,17.6,955.0,685.0,103.0,both,0.0,0.0,True,-17.0,17.0,False,0.0,0.0,True,-26.0,26.0,False,0.0,0.0,True,0.0,0.0,True,0.0,0.0,True,-222.0,222.0,False,-43.0,43.0,False
tmux-python/tmuxp,2025-08,treatment,ccbc3729b89db062589697c28077877dc2b30642,8251.0,17.0,0.0,43.0,0.9,17.6,955.0,463.0,60.0,1,2025-03,1,5.0,treatment,8251.0,34.0,0.0,69.0,0.9,17.6,955.0,685.0,103.0,both,0.0,0.0,True,-17.0,17.0,False,0.0,0.0,True,-26.0,26.0,False,0.0,0.0,True,0.0,0.0,True,0.0,0.0,True,-222.0,222.0,False,-43.0,43.0,False
tony/django-docutils,2024-01,treatment,f463f0e4262bb8502fae0403bf11ab2c4898d5e7,2441.0,7.0,0.0,82.0,0.0,32.0,271.0,406.0,89.0,0,2025-03,0,-14.0,treatment,2441.0,7.0,1.0,72.0,0.0,32.0,271.0,360.0,80.0,both,0.0,0.0,True,0.0,0.0,True,-1.0,1.0,False,10.0,10.0,False,0.0,0.0,True,0.0,0.0,True,0.0,0.0,True,46.0,46.0,False,9.0,9.0,False
tony/django-docutils,2024-02,treatment,c8209f9d5a07ebc8e6e10219aab19b7c5b4d5884,2490.0,7.0,0.0,82.0,0.0,31.6,271.0,406.0,89.0,0,2025-03,0,-13.0,treatment,2490.0,7.0,1.0,72.0,0.0,31.6,271.0,360.0,80.0,both,0.0,0.0,True,0.0,0.0,True,-1.0,1.0,False,10.0,10.0,False,0.0,0.0,True,0.0,0.0,True,0.0,0.0,True,46.0,46.0,False,9.0,9.0,False
tony/django-docutils,2024-03,treatment,4cb8ec6f725cd2970fc928fefa0d66bc7818e606,2480.0,7.0,0.0,82.0,0.0,31.7,262.0,400.0,89.0,0,2025-03,0,-12.0,treatment,2480.0,7.0,1.0,71.0,0.0,31.7,262.0,353.0,79.0,both,0.0,0.0,True,0.0,0.0,True,-1.0,1.0,False,11.0,11.0,False,0.0,0.0,True,0.0,0.0,True,0.0,0.0,True,47.0,47.0,False,10.0,10.0,False
tony/django-docutils,2024-04,treatment,b470d95fbeee9e27390502d866f9d5b3727a128d,2482.0,7.0,0.0,82.0,0.0,31.6,262.0,400.0,89.0,0,2025-03,0,-11.0,treatment,2482.0,7.0,1.0,71.0,0.0,31.6,262.0,353.0,79.0,both,0.0,0.0,True,0.0,0.0,True,-1.0,1.0,False,11.0,11.0,False,0.0,0.0,True,0.0,0.0,True,0.0,0.0,True,47.0,47.0,False,10.0,10.0,False
tony/django-docutils,2024-05,treatment,6b00f517ec2c7fdac4c7a5f4e7d72c1ba5e25e9c,2482.0,7.0,0.0,82.0,0.0,31.6,262.0,400.0,89.0,0,2025-03,0,-10.0,treatment,2482.0,7.0,1.0,71.0,0.0,31.6,262.0,353.0,79.0,both,0.0,0.0,True,0.0,0.0,True,-1.0,1.0,False,11.0,11.0,False,0.0,0.0,True,0.0,0.0,True,0.0,0.0,True,47.0,47.0,False,10.0,10.0,False
tony/django-docutils,2024-06,treatment,ed75180f3d90e6143179995c2c67b6404e7dcb76,2482.0,7.0,0.0,82.0,0.0,31.7,262.0,400.0,89.0,0,2025-03,0,-9.0,treatment,2482.0,7.0,1.0,71.0,0.0,31.7,262.0,353.0,79.0,both,0.0,0.0,True,0.0,0.0,True,-1.0,1.0,False,11.0,11.0,False,0.0,0.0,True,0.0,0.0,True,0.0,0.0,True,47.0,47.0,False,10.0,10.0,False
tony/django-docutils,2024-07,treatment,c9a88ac56a64421fa9e2474259961df7c19f33f0,2482.0,7.0,0.0,82.0,0.0,31.7,262.0,400.0,89.0,0,2025-03,0,-8.0,treatment,2482.0,7.0,1.0,71.0,0.0,31.7,262.0,353.0,79.0,both,0.0,0.0,True,0.0,0.0,True,-1.0,1.0,False,11.0,11.0,False,0.0,0.0,True,0.0,0.0,True,0.0,0.0,True,47.0,47.0,False,10.0,10.0,False
tony/django-docutils,2024-08,treatment,4895644e3dafb21706239dde18e001ce5aa37f2a,2482.0,7.0,0.0,82.0,0.0,31.7,262.0,400.0,89.0,0,2025-03,0,-7.0,treatment,2482.0,7.0,1.0,71.0,0.0,31.7,262.0,353.0,79.0,both,0.0,0.0,True,0.0,0.0,True,-1.0,1.0,False,11.0,11.0,False,0.0,0.0,True,0.0,0.0,True,0.0,0.0,True,47.0,47.0,False,10.0,10.0,False
tony/django-docutils,2024-09,treatment,7c1baf58136bc611e2eb4d7994592a7d6a17e0b1,2482.0,7.0,0.0,82.0,0.0,31.7,262.0,400.0,89.0,0,2025-03,0,-6.0,treatment,2482.0,7.0,1.0,71.0,0.0,31.7,262.0,353.0,79.0,both,0.0,0.0,True,0.0,0.0,True,-1.0,1.0,False,11.0,11.0,False,0.0,0.0,True,0.0,0.0,True,0.0,0.0,True,47.0,47.0,False,10.0,10.0,False
tony/django-docutils,2024-10,treatment,cfc1b264d19de55cfeb79c038d982a192b0412b0,2482.0,7.0,0.0,82.0,0.0,31.7,262.0,400.0,89.0,0,2025-03,0,-5.0,treatment,2482.0,7.0,1.0,71.0,0.0,31.7,262.0,353.0,79.0,both,0.0,0.0,True,0.0,0.0,True,-1.0,1.0,False,11.0,11.0,False,0.0,0.0,True,0.0,0.0,True,0.0,0.0,True,47.0,47.0,False,10.0,10.0,False
tony/django-docutils,2024-11,treatment,dca24e450cbb63e22a148c6a77b88d347ff735fe,2482.0,7.0,0.0,82.0,0.0,31.7,262.0,400.0,89.0,0,2025-03,0,-4.0,treatment,2482.0,7.0,1.0,71.0,0.0,31.7,262.0,353.0,79.0,both,0.0,0.0,True,0.0,0.0,True,-1.0,1.0,False,11.0,11.0,False,0.0,0.0,True,0.0,0.0,True,0.0,0.0,True,47.0,47.0,False,10.0,10.0,False
tony/django-docutils,2024-12,treatment,0b290cba2d4cbab3dac9ce00ec05a350b0011536,2483.0,7.0,0.0,82.0,0.0,31.7,262.0,400.0,89.0,0,2025-03,0,-3.0,treatment,2483.0,7.0,1.0,71.0,0.0,31.7,262.0,353.0,79.0,both,0.0,0.0,True,0.0,0.0,True,-1.0,1.0,False,11.0,11.0,False,0.0,0.0,True,0.0,0.0,True,0.0,0.0,True,47.0,47.0,False,10.0,10.0,False
tony/django-docutils,2025-01,treatment,0762c1f2c1d50954673b464d3773e769a8987adb,2546.0,7.0,0.0,71.0,0.0,31.1,279.0,345.0,78.0,0,2025-03,0,-2.0,treatment,2546.0,7.0,1.0,71.0,0.0,31.1,279.0,353.0,79.0,both,0.0,0.0,True,0.0,0.0,True,-1.0,1.0,False,0.0,0.0,True,0.0,0.0,True,0.0,0.0,True,0.0,0.0,True,-8.0,8.0,False,-1.0,1.0,False
tony/django-docutils,2025-02,treatment,cab44af66af2cdcf4b368f4214a9332bef904062,2546.0,7.0,0.0,71.0,0.0,31.1,279.0,345.0,78.0,0,2025-03,0,-1.0,treatment,2546.0,7.0,1.0,71.0,0.0,31.1,279.0,353.0,79.0,both,0.0,0.0,True,0.0,0.0,True,-1.0,1.0,False,0.0,0.0,True,0.0,0.0,True,0.0,0.0,True,0.0,0.0,True,-8.0,8.0,False,-1.0,1.0,False
tony/django-docutils,2025-03,treatment,cb6234c0320cdbaa55c1656a8a3285bf96cb98a1,2546.0,7.0,0.0,71.0,0.0,31.1,279.0,345.0,78.0,1,2025-03,1,0.0,treatment,2546.0,7.0,1.0,71.0,0.0,31.1,279.0,353.0,79.0,both,0.0,0.0,True,0.0,0.0,True,-1.0,1.0,False,0.0,0.0,True,0.0,0.0,True,0.0,0.0,True,0.0,0.0,True,-8.0,8.0,False,-1.0,1.0,False
tony/django-docutils,2025-04,treatment,599abd08daad0eac078e5da127e64df1b075bc59,2546.0,7.0,0.0,71.0,0.0,31.1,279.0,345.0,78.0,1,2025-03,1,1.0,treatment,2546.0,7.0,1.0,71.0,0.0,31.1,279.0,353.0,79.0,both,0.0,0.0,True,0.0,0.0,True,-1.0,1.0,False,0.0,0.0,True,0.0,0.0,True,0.0,0.0,True,0.0,0.0,True,-8.0,8.0,False,-1.0,1.0,False
tony/django-docutils,2025-05,treatment,ffe2c204fb91ed963b5ea7c40fe56343682171cb,2546.0,7.0,0.0,71.0,0.0,31.1,279.0,345.0,78.0,1,2025-03,1,2.0,treatment,2546.0,7.0,1.0,71.0,0.0,31.1,279.0,353.0,79.0,both,0.0,0.0,True,0.0,0.0,True,-1.0,1.0,False,0.0,0.0,True,0.0,0.0,True,0.0,0.0,True,0.0,0.0,True,-8.0,8.0,False,-1.0,1.0,False
tony/django-docutils,2025-06,treatment,fd6165b39d44bf78d66b9855a041ccc1eed04b52,2546.0,7.0,0.0,71.0,0.0,31.1,279.0,345.0,78.0,1,2025-03,1,3.0,treatment,2546.0,7.0,1.0,71.0,0.0,31.1,279.0,353.0,79.0,both,0.0,0.0,True,0.0,0.0,True,-1.0,1.0,False,0.0,0.0,True,0.0,0.0,True,0.0,0.0,True,0.0,0.0,True,-8.0,8.0,False,-1.0,1.0,False
tony/django-docutils,2025-07,treatment,584f8bc192dea2bfc0821e833c3edd4d143b877a,2546.0,7.0,0.0,71.0,0.0,31.1,279.0,345.0,78.0,1,2025-03,1,4.0,treatment,2546.0,7.0,1.0,71.0,0.0,31.1,279.0,353.0,79.0,both,0.0,0.0,True,0.0,0.0,True,-1.0,1.0,False,0.0,0.0,True,0.0,0.0,True,0.0,0.0,True,0.0,0.0,True,-8.0,8.0,False,-1.0,1.0,False
tony/django-docutils,2025-08,treatment,de6617c5da06ebc56a352d5feb48bb0f22edb58a,2546.0,7.0,0.0,71.0,0.0,31.1,279.0,345.0,78.0,1,2025-03,1,5.0,treatment,2546.0,7.0,1.0,71.0,0.0,31.1,279.0,353.0,79.0,both,0.0,0.0,True,0.0,0.0,True,-1.0,1.0,False,0.0,0.0,True,0.0,0.0,True,0.0,0.0,True,0.0,0.0,True,-8.0,8.0,False,-1.0,1.0,False
tony/django-slugify-processor,2024-01,treatment,227f314d702464fef559a94968bcdc846f93c3dd,448.0,1.0,0.0,8.0,0.0,22.6,19.0,37.0,9.0,0,2025-03,0,-14.0,treatment,448.0,1.0,0.0,7.0,0.0,22.6,19.0,29.0,8.0,both,0.0,0.0,True,0.0,0.0,True,0.0,0.0,True,1.0,1.0,False,0.0,0.0,True,0.0,0.0,True,0.0,0.0,True,8.0,8.0,False,1.0,1.0,False
tony/django-slugify-processor,2024-02,treatment,c53422d9799f6f00af48ba08f1258c4acf6d7e10,452.0,1.0,0.0,8.0,0.0,22.5,19.0,37.0,9.0,0,2025-03,0,-13.0,treatment,452.0,1.0,0.0,7.0,0.0,22.5,19.0,29.0,8.0,both,0.0,0.0,True,0.0,0.0,True,0.0,0.0,True,1.0,1.0,False,0.0,0.0,True,0.0,0.0,True,0.0,0.0,True,8.0,8.0,False,1.0,1.0,False
tony/django-slugify-processor,2024-03,treatment,625e9516a26bf81c36fa5f46545cc2fb151695bf,451.0,1.0,0.0,8.0,0.0,22.5,18.0,37.0,9.0,0,2025-03,0,-12.0,treatment,451.0,1.0,0.0,7.0,0.0,22.5,18.0,29.0,8.0,both,0.0,0.0,True,0.0,0.0,True,0.0,0.0,True,1.0,1.0,False,0.0,0.0,True,0.0,0.0,True,0.0,0.0,True,8.0,8.0,False,1.0,1.0,False
tony/django-slugify-processor,2024-04,treatment,a7eeca135ee98af17416707ccebe4d0ab71e81ea,452.0,1.0,0.0,8.0,0.0,22.5,18.0,37.0,9.0,0,2025-03,0,-11.0,treatment,452.0,1.0,0.0,7.0,0.0,22.5,18.0,29.0,8.0,both,0.0,0.0,True,0.0,0.0,True,0.0,0.0,True,1.0,1.0,False,0.0,0.0,True,0.0,0.0,True,0.0,0.0,True,8.0,8.0,False,1.0,1.0,False
tony/django-slugify-processor,2024-05,treatment,6017c27336c358589d6037444aba9655597cc674,452.0,1.0,0.0,8.0,0.0,22.5,18.0,37.0,9.0,0,2025-03,0,-10.0,treatment,452.0,1.0,0.0,7.0,0.0,22.5,18.0,29.0,8.0,both,0.0,0.0,True,0.0,0.0,True,0.0,0.0,True,1.0,1.0,False,0.0,0.0,True,0.0,0.0,True,0.0,0.0,True,8.0,8.0,False,1.0,1.0,False
tony/django-slugify-processor,2024-06,treatment,b7f343f679836da504ec13ab5f7141f4cc82f903,452.0,1.0,0.0,8.0,0.0,22.5,18.0,37.0,9.0,0,2025-03,0,-9.0,treatment,452.0,1.0,0.0,7.0,0.0,22.5,18.0,29.0,8.0,both,0.0,0.0,True,0.0,0.0,True,0.0,0.0,True,1.0,1.0,False,0.0,0.0,True,0.0,0.0,True,0.0,0.0,True,8.0,8.0,False,1.0,1.0,False
tony/django-slugify-processor,2024-07,treatment,fcb2cbcaeb9939da81e2f745b116da5769f75301,452.0,1.0,0.0,8.0,0.0,22.5,18.0,37.0,9.0,0,2025-03,0,-8.0,treatment,452.0,1.0,0.0,7.0,0.0,22.5,18.0,29.0,8.0,both,0.0,0.0,True,0.0,0.0,True,0.0,0.0,True,1.0,1.0,False,0.0,0.0,True,0.0,0.0,True,0.0,0.0,True,8.0,8.0,False,1.0,1.0,False
tony/django-slugify-processor,2024-08,treatment,432747420eab99528bd9020bdce7960f026fdd97,452.0,1.0,0.0,8.0,0.0,22.5,18.0,37.0,9.0,0,2025-03,0,-7.0,treatment,452.0,1.0,0.0,7.0,0.0,22.5,18.0,29.0,8.0,both,0.0,0.0,True,0.0,0.0,True,0.0,0.0,True,1.0,1.0,False,0.0,0.0,True,0.0,0.0,True,0.0,0.0,True,8.0,8.0,False,1.0,1.0,False
tony/django-slugify-processor,2024-09,treatment,8a0aca4f986460539cc2d20866778e5e313a9eff,452.0,1.0,0.0,8.0,0.0,22.5,18.0,37.0,9.0,0,2025-03,0,-6.0,treatment,452.0,1.0,0.0,7.0,0.0,22.5,18.0,29.0,8.0,both,0.0,0.0,True,0.0,0.0,True,0.0,0.0,True,1.0,1.0,False,0.0,0.0,True,0.0,0.0,True,0.0,0.0,True,8.0,8.0,False,1.0,1.0,False
tony/django-slugify-processor,2024-10,treatment,edf528705b41fd3da6bdda6b301d96935d20e528,452.0,1.0,0.0,8.0,0.0,22.5,18.0,37.0,9.0,0,2025-03,0,-5.0,treatment,452.0,1.0,0.0,7.0,0.0,22.5,18.0,29.0,8.0,both,0.0,0.0,True,0.0,0.0,True,0.0,0.0,True,1.0,1.0,False,0.0,0.0,True,0.0,0.0,True,0.0,0.0,True,8.0,8.0,False,1.0,1.0,False
tony/django-slugify-processor,2024-11,treatment,1dc94bb6f163648c69660d0aa269a736a717275b,452.0,1.0,0.0,8.0,0.0,22.5,18.0,37.0,9.0,0,2025-03,0,-4.0,treatment,452.0,1.0,0.0,7.0,0.0,22.5,18.0,29.0,8.0,both,0.0,0.0,True,0.0,0.0,True,0.0,0.0,True,1.0,1.0,False,0.0,0.0,True,0.0,0.0,True,0.0,0.0,True,8.0,8.0,False,1.0,1.0,False
tony/django-slugify-processor,2024-12,treatment,bea6b3564750911252df8a8d28e83fbd0de7bc59,452.0,1.0,0.0,8.0,0.0,22.5,18.0,37.0,9.0,0,2025-03,0,-3.0,treatment,452.0,1.0,0.0,7.0,0.0,22.5,18.0,29.0,8.0,both,0.0,0.0,True,0.0,0.0,True,0.0,0.0,True,1.0,1.0,False,0.0,0.0,True,0.0,0.0,True,0.0,0.0,True,8.0,8.0,False,1.0,1.0,False
tony/django-slugify-processor,2025-01,treatment,e4f9c51a2ece040252f2939e256110736c1cfd26,462.0,1.0,0.0,6.0,0.0,22.1,18.0,27.0,7.0,0,2025-03,0,-2.0,treatment,462.0,1.0,0.0,7.0,0.0,22.1,18.0,29.0,8.0,both,0.0,0.0,True,0.0,0.0,True,0.0,0.0,True,-1.0,1.0,False,0.0,0.0,True,0.0,0.0,True,0.0,0.0,True,-2.0,2.0,False,-1.0,1.0,False
tony/django-slugify-processor,2025-02,treatment,3b9dbc9ac9e04d72e3f5e53d39b47b68ec38a9ea,462.0,1.0,0.0,6.0,0.0,22.1,18.0,27.0,7.0,0,2025-03,0,-1.0,treatment,462.0,1.0,0.0,7.0,0.0,22.1,18.0,29.0,8.0,both,0.0,0.0,True,0.0,0.0,True,0.0,0.0,True,-1.0,1.0,False,0.0,0.0,True,0.0,0.0,True,0.0,0.0,True,-2.0,2.0,False,-1.0,1.0,False
tony/django-slugify-processor,2025-03,treatment,f2ab14a44f748984c903bc323dd389d0d9fe421f,462.0,1.0,0.0,6.0,0.0,22.1,18.0,27.0,7.0,1,2025-03,1,0.0,treatment,462.0,1.0,0.0,7.0,0.0,22.1,18.0,29.0,8.0,both,0.0,0.0,True,0.0,0.0,True,0.0,0.0,True,-1.0,1.0,False,0.0,0.0,True,0.0,0.0,True,0.0,0.0,True,-2.0,2.0,False,-1.0,1.0,False
tony/django-slugify-processor,2025-04,treatment,0537ae316c7984f37fc5a0830e5dff7ed00e9f71,462.0,1.0,0.0,6.0,0.0,22.1,18.0,27.0,7.0,1,2025-03,1,1.0,treatment,462.0,1.0,0.0,7.0,0.0,22.1,18.0,29.0,8.0,both,0.0,0.0,True,0.0,0.0,True,0.0,0.0,True,-1.0,1.0,False,0.0,0.0,True,0.0,0.0,True,0.0,0.0,True,-2.0,2.0,False,-1.0,1.0,False
tony/django-slugify-processor,2025-05,treatment,afa6278429c45dfbfbf41e78d4206b5be96165fe,462.0,1.0,0.0,6.0,0.0,22.1,18.0,27.0,7.0,1,2025-03,1,2.0,treatment,462.0,1.0,0.0,7.0,0.0,22.1,18.0,29.0,8.0,both,0.0,0.0,True,0.0,0.0,True,0.0,0.0,True,-1.0,1.0,False,0.0,0.0,True,0.0,0.0,True,0.0,0.0,True,-2.0,2.0,False,-1.0,1.0,False
tony/django-slugify-processor,2025-06,treatment,ffbe70e71c0940cc22892058ea59a61e1192f734,462.0,1.0,0.0,6.0,0.0,22.1,18.0,27.0,7.0,1,2025-03,1,3.0,treatment,462.0,1.0,0.0,7.0,0.0,22.1,18.0,29.0,8.0,both,0.0,0.0,True,0.0,0.0,True,0.0,0.0,True,-1.0,1.0,False,0.0,0.0,True,0.0,0.0,True,0.0,0.0,True,-2.0,2.0,False,-1.0,1.0,False
tony/django-slugify-processor,2025-07,treatment,046f46e267ac31071b4d3a702cdef5401fddcb6b,462.0,1.0,0.0,6.0,0.0,22.1,18.0,27.0,7.0,1,2025-03,1,4.0,treatment,462.0,1.0,0.0,7.0,0.0,22.1,18.0,29.0,8.0,both,0.0,0.0,True,0.0,0.0,True,0.0,0.0,True,-1.0,1.0,False,0.0,0.0,True,0.0,0.0,True,0.0,0.0,True,-2.0,2.0,False,-1.0,1.0,False
tony/django-slugify-processor,2025-08,treatment,7ca63af648acca67953a5f668d890f26297437ff,462.0,1.0,0.0,6.0,0.0,22.1,18.0,27.0,7.0,1,2025-03,1,5.0,treatment,462.0,1.0,0.0,7.0,0.0,22.1,18.0,29.0,8.0,both,0.0,0.0,True,0.0,0.0,True,0.0,0.0,True,-1.0,1.0,False,0.0,0.0,True,0.0,0.0,True,0.0,0.0,True,-2.0,2.0,False,-1.0,1.0,False
trycua/cua,2025-01,treatment,19a07d24d3c1207aa0809c77975087d92c070b0a,,0.0,0.0,0.0,,,,0.0,0.0,0,2025-03,0,-2.0,treatment,,0.0,0.0,0.0,,,,0.0,0.0,both,,,False,0.0,0.0,True,0.0,0.0,True,0.0,0.0,True,,,False,,,False,,,False,0.0,0.0,True,0.0,0.0,True
trycua/cua,2025-02,treatment,b187511acfabe7fad390c581961fb7718748d07d,,0.0,0.0,0.0,,,,0.0,0.0,0,2025-03,0,-1.0,treatment,,0.0,0.0,0.0,,,,0.0,0.0,both,,,False,0.0,0.0,True,0.0,0.0,True,0.0,0.0,True,,,False,,,False,,,False,0.0,0.0,True,0.0,0.0,True
trycua/cua,2025-03,treatment,9324ab56b21973171f72bfbb6f8aeb8c76871bf3,11016.0,13.0,6.0,274.0,4.5,26.4,2859.0,3245.0,293.0,1,2025-03,1,0.0,treatment,11016.0,2.0,0.0,154.0,4.5,26.4,2859.0,2643.0,156.0,both,0.0,0.0,True,11.0,11.0,False,6.0,6.0,False,120.0,120.0,False,0.0,0.0,True,0.0,0.0,True,0.0,0.0,True,602.0,602.0,False,137.0,137.0,False
trycua/cua,2025-04,treatment,60bcb0716cfa720084faafb1d0c9b1f716a6945c,14394.0,13.0,9.0,364.0,5.7,26.0,3894.0,4343.0,386.0,1,2025-03,1,1.0,treatment,11136.0,2.0,0.0,155.0,4.4,26.3,2883.0,2650.0,157.0,both,3258.0,3258.0,False,11.0,11.0,False,9.0,9.0,False,209.0,209.0,False,1.2999999999999998,1.2999999999999998,False,-0.3000000000000007,0.3000000000000007,False,1011.0,1011.0,False,1693.0,1693.0,False,229.0,229.0,False
trycua/cua,2025-05,treatment,99b979ef114345fae36dba627f33577388759f47,18802.0,47.0,9.0,462.0,9.9,26.2,5196.0,5461.0,518.0,1,2025-03,1,2.0,treatment,18802.0,3.0,0.0,287.0,9.9,26.2,5196.0,4565.0,290.0,both,0.0,0.0,True,44.0,44.0,False,9.0,9.0,False,175.0,175.0,False,0.0,0.0,True,0.0,0.0,True,0.0,0.0,True,896.0,896.0,False,228.0,228.0,False
trycua/cua,2025-06,treatment,f4b6b5942bc67e3331da5c442f6b8aa894bd12a1,22926.0,54.0,10.0,554.0,11.0,24.8,5786.0,5997.0,618.0,1,2025-03,1,3.0,treatment,22926.0,4.0,0.0,328.0,11.0,24.8,5786.0,4954.0,332.0,both,0.0,0.0,True,50.0,50.0,False,10.0,10.0,False,226.0,226.0,False,0.0,0.0,True,0.0,0.0,True,0.0,0.0,True,1043.0,1043.0,False,286.0,286.0,False
trycua/cua,2025-07,treatment,10bac17c7892facda695a514891e078ae9a55991,19580.0,51.0,12.0,431.0,3.7,24.2,4820.0,4800.0,494.0,1,2025-03,1,4.0,treatment,19580.0,2.0,0.0,272.0,3.7,24.2,4820.0,4056.0,274.0,both,0.0,0.0,True,49.0,49.0,False,12.0,12.0,False,159.0,159.0,False,0.0,0.0,True,0.0,0.0,True,0.0,0.0,True,744.0,744.0,False,220.0,220.0,False
trycua/cua,2025-08,treatment,9515a650ad505cad48638abcb96d343d7b6d1da1,24194.0,58.0,14.0,519.0,2.3,26.1,6106.0,5892.0,591.0,1,2025-03,1,5.0,treatment,24194.0,3.0,0.0,360.0,2.3,26.1,6106.0,5154.0,363.0,both,0.0,0.0,True,55.0,55.0,False,14.0,14.0,False,159.0,159.0,False,0.0,0.0,True,0.0,0.0,True,0.0,0.0,True,738.0,738.0,False,228.0,228.0,False
tsukumijima/KonomiTV,2024-01,treatment,324073ec85deb342d707d69972b6c441596da646,50851.0,17.0,4.0,821.0,1.5,14.9,5149.0,7371.0,842.0,0,2025-01,0,-12.0,treatment,50918.0,4.0,3.0,632.0,1.7,14.8,5149.0,6110.0,639.0,both,-67.0,67.0,False,13.0,13.0,False,1.0,1.0,False,189.0,189.0,False,-0.19999999999999996,0.19999999999999996,False,0.09999999999999964,0.09999999999999964,False,0.0,0.0,True,1261.0,1261.0,False,203.0,203.0,False
tsukumijima/KonomiTV,2024-02,treatment,20d52b28713499b675372a22f102f14110a1bfad,29663.0,16.0,4.0,813.0,2.9,24.2,5455.0,7589.0,833.0,0,2025-01,0,-11.0,treatment,29729.0,3.0,3.0,675.0,3.2,24.1,5455.0,6584.0,681.0,both,-66.0,66.0,False,13.0,13.0,False,1.0,1.0,False,138.0,138.0,False,-0.30000000000000027,0.30000000000000027,False,0.09999999999999787,0.09999999999999787,False,0.0,0.0,True,1005.0,1005.0,False,152.0,152.0,False
tsukumijima/KonomiTV,2024-03,treatment,82ce662b2b4e9bd6ff0d0031a2067ceb5d16e304,29668.0,16.0,4.0,814.0,2.9,24.2,5460.0,7599.0,834.0,0,2025-01,0,-10.0,treatment,29734.0,3.0,3.0,676.0,3.2,24.1,5460.0,6594.0,682.0,both,-66.0,66.0,False,13.0,13.0,False,1.0,1.0,False,138.0,138.0,False,-0.30000000000000027,0.30000000000000027,False,0.09999999999999787,0.09999999999999787,False,0.0,0.0,True,1005.0,1005.0,False,152.0,152.0,False
tsukumijima/KonomiTV,2024-04,treatment,78805d9a46099bf9a9bf0aab6fe0c2378e8139b5,29705.0,16.0,4.0,814.0,3.0,24.0,5461.0,7599.0,834.0,0,2025-01,0,-9.0,treatment,29771.0,3.0,3.0,676.0,3.3,23.9,5461.0,6594.0,682.0,both,-66.0,66.0,False,13.0,13.0,False,1.0,1.0,False,138.0,138.0,False,-0.2999999999999998,0.2999999999999998,False,0.10000000000000142,0.10000000000000142,False,0.0,0.0,True,1005.0,1005.0,False,152.0,152.0,False
tsukumijima/KonomiTV,2024-05,treatment,a3a81e9e05409e15aaf31fdb163e43d017c28309,30794.0,16.0,4.0,834.0,2.9,23.7,5557.0,7827.0,854.0,0,2025-01,0,-8.0,treatment,30861.0,3.0,3.0,685.0,3.2,23.7,5557.0,6626.0,691.0,both,-67.0,67.0,False,13.0,13.0,False,1.0,1.0,False,149.0,149.0,False,-0.30000000000000027,0.30000000000000027,False,0.0,0.0,True,0.0,0.0,True,1201.0,1201.0,False,163.0,163.0,False
tsukumijima/KonomiTV,2024-06,treatment,0308a91fe4787b5c85bb5a1896df735218a2d285,30987.0,16.0,4.0,834.0,2.9,23.7,5607.0,7837.0,854.0,0,2025-01,0,-7.0,treatment,31054.0,3.0,3.0,685.0,3.2,23.6,5607.0,6636.0,691.0,both,-67.0,67.0,False,13.0,13.0,False,1.0,1.0,False,149.0,149.0,False,-0.30000000000000027,0.30000000000000027,False,0.09999999999999787,0.09999999999999787,False,0.0,0.0,True,1201.0,1201.0,False,163.0,163.0,False
tsukumijima/KonomiTV,2024-07,treatment,4a8930d01675076ebe437e52d67340d73cb05ff3,31000.0,16.0,4.0,834.0,2.9,23.7,5609.0,7837.0,854.0,0,2025-01,0,-6.0,treatment,31067.0,3.0,3.0,685.0,3.2,23.6,5609.0,6636.0,691.0,both,-67.0,67.0,False,13.0,13.0,False,1.0,1.0,False,149.0,149.0,False,-0.30000000000000027,0.30000000000000027,False,0.09999999999999787,0.09999999999999787,False,0.0,0.0,True,1201.0,1201.0,False,163.0,163.0,False
tsukumijima/KonomiTV,2024-08,treatment,c626e58c3d72b412b9060ae2e84bae1f882b1671,33728.0,18.0,6.0,872.0,2.6,23.0,5879.0,8105.0,896.0,0,2025-01,0,-5.0,treatment,33899.0,6.0,5.0,727.0,3.2,22.9,5879.0,6953.0,738.0,both,-171.0,171.0,False,12.0,12.0,False,1.0,1.0,False,145.0,145.0,False,-0.6000000000000001,0.6000000000000001,False,0.10000000000000142,0.10000000000000142,False,0.0,0.0,True,1152.0,1152.0,False,158.0,158.0,False
tsukumijima/KonomiTV,2024-09,treatment,68f62d829b04009f40c8bc920ecb83843dcba477,33819.0,18.0,6.0,875.0,2.6,23.1,5914.0,8146.0,899.0,0,2025-01,0,-4.0,treatment,33994.0,6.0,5.0,734.0,3.3,23.0,5914.0,7015.0,745.0,both,-175.0,175.0,False,12.0,12.0,False,1.0,1.0,False,141.0,141.0,False,-0.6999999999999997,0.6999999999999997,False,0.10000000000000142,0.10000000000000142,False,0.0,0.0,True,1131.0,1131.0,False,154.0,154.0,False
tsukumijima/KonomiTV,2024-10,treatment,d7400da6f353019bae2b57da7c4d5329d6e00aa8,33893.0,18.0,6.0,875.0,2.7,23.0,5940.0,8150.0,899.0,0,2025-01,0,-3.0,treatment,34068.0,6.0,5.0,734.0,3.4,23.0,5940.0,7016.0,745.0,both,-175.0,175.0,False,12.0,12.0,False,1.0,1.0,False,141.0,141.0,False,-0.6999999999999997,0.6999999999999997,False,0.0,0.0,True,0.0,0.0,True,1134.0,1134.0,False,154.0,154.0,False
tsukumijima/KonomiTV,2024-11,treatment,0362744cc8a6b94eafbe8b690562fb05c3bc4c0d,33894.0,18.0,6.0,875.0,2.7,23.1,5940.0,8150.0,899.0,0,2025-01,0,-2.0,treatment,34069.0,6.0,5.0,734.0,3.4,23.0,5940.0,7016.0,745.0,both,-175.0,175.0,False,12.0,12.0,False,1.0,1.0,False,141.0,141.0,False,-0.6999999999999997,0.6999999999999997,False,0.10000000000000142,0.10000000000000142,False,0.0,0.0,True,1134.0,1134.0,False,154.0,154.0,False
tsukumijima/KonomiTV,2024-12,treatment,23e3ad46ba1d38eb7780928a20b821818fa9cd95,33913.0,18.0,6.0,875.0,2.8,23.1,5944.0,8149.0,899.0,0,2025-01,0,-1.0,treatment,34088.0,6.0,5.0,734.0,3.5,23.0,5944.0,7015.0,745.0,both,-175.0,175.0,False,12.0,12.0,False,1.0,1.0,False,141.0,141.0,False,-0.7000000000000002,0.7000000000000002,False,0.10000000000000142,0.10000000000000142,False,0.0,0.0,True,1134.0,1134.0,False,154.0,154.0,False
tsukumijima/KonomiTV,2025-01,treatment,b2662d5c86655ba7b7eae33af3aed84c64353064,35042.0,11.0,6.0,879.0,3.6,23.0,6137.0,8308.0,896.0,1,2025-01,1,0.0,treatment,35217.0,6.0,5.0,735.0,4.2,22.9,6137.0,7153.0,746.0,both,-175.0,175.0,False,5.0,5.0,False,1.0,1.0,False,144.0,144.0,False,-0.6000000000000001,0.6000000000000001,False,0.10000000000000142,0.10000000000000142,False,0.0,0.0,True,1155.0,1155.0,False,150.0,150.0,False
tsukumijima/KonomiTV,2025-02,treatment,9f5131c557d239a5b1cf5e348ba5c2ef95805200,46115.0,14.0,6.0,961.0,2.7,20.1,6521.0,8751.0,981.0,1,2025-01,1,1.0,treatment,46290.0,8.0,5.0,800.0,3.2,20.0,6521.0,7547.0,813.0,both,-175.0,175.0,False,6.0,6.0,False,1.0,1.0,False,161.0,161.0,False,-0.5,0.5,False,0.10000000000000142,0.10000000000000142,False,0.0,0.0,True,1204.0,1204.0,False,168.0,168.0,False
tsukumijima/KonomiTV,2025-03,treatment,e3b19c86f602e21cd30dfd57586a2c97724318ef,46840.0,14.0,6.0,972.0,2.6,20.1,6750.0,8929.0,992.0,1,2025-01,1,2.0,treatment,47015.0,8.0,5.0,812.0,3.2,20.0,6750.0,7730.0,825.0,both,-175.0,175.0,False,6.0,6.0,False,1.0,1.0,False,160.0,160.0,False,-0.6000000000000001,0.6000000000000001,False,0.10000000000000142,0.10000000000000142,False,0.0,0.0,True,1199.0,1199.0,False,167.0,167.0,False
tsukumijima/KonomiTV,2025-04,treatment,75e3dad94a11fde2be631d680b0484b12c7ecc7c,47399.0,14.0,6.0,996.0,2.6,20.2,7055.0,9290.0,1016.0,1,2025-01,1,3.0,treatment,47574.0,8.0,5.0,832.0,3.1,20.1,7055.0,8071.0,845.0,both,-175.0,175.0,False,6.0,6.0,False,1.0,1.0,False,164.0,164.0,False,-0.5,0.5,False,0.09999999999999787,0.09999999999999787,False,0.0,0.0,True,1219.0,1219.0,False,171.0,171.0,False
tsukumijima/KonomiTV,2025-05,treatment,ae8b9a657881619f471001500144a7387b8db99c,47405.0,14.0,6.0,996.0,2.6,20.2,7056.0,9291.0,1016.0,1,2025-01,1,4.0,treatment,47580.0,8.0,5.0,832.0,3.1,20.1,7056.0,8072.0,845.0,both,-175.0,175.0,False,6.0,6.0,False,1.0,1.0,False,164.0,164.0,False,-0.5,0.5,False,0.09999999999999787,0.09999999999999787,False,0.0,0.0,True,1219.0,1219.0,False,171.0,171.0,False
tsukumijima/KonomiTV,2025-06,treatment,26e94e2ce38f13de2c08d911c9ae0e61d8d1eef9,50362.0,14.0,6.0,1003.0,2.5,19.7,7240.0,9390.0,1023.0,1,2025-01,1,5.0,treatment,50537.0,8.0,5.0,836.0,3.0,19.6,7240.0,8164.0,849.0,both,-175.0,175.0,False,6.0,6.0,False,1.0,1.0,False,167.0,167.0,False,-0.5,0.5,False,0.09999999999999787,0.09999999999999787,False,0.0,0.0,True,1226.0,1226.0,False,174.0,174.0,False
tsukumijima/KonomiTV,2025-07,treatment,4eabb2ba48bafa164062f0b060d081c400a5f3be,50362.0,14.0,6.0,1003.0,2.5,19.7,7240.0,9390.0,1023.0,1,2025-01,1,6.0,treatment,50537.0,8.0,5.0,836.0,3.0,19.6,7240.0,8164.0,849.0,both,-175.0,175.0,False,6.0,6.0,False,1.0,1.0,False,167.0,167.0,False,-0.5,0.5,False,0.09999999999999787,0.09999999999999787,False,0.0,0.0,True,1226.0,1226.0,False,174.0,174.0,False
tsukumijima/KonomiTV,2025-08,treatment,33f1544aeed4cdb79d87617023d99aee42a82591,50839.0,15.0,6.0,1028.0,2.5,19.7,7482.0,9711.0,1049.0,1,2025-01,1,7.0,treatment,51014.0,9.0,5.0,849.0,3.0,19.6,7482.0,8461.0,863.0,both,-175.0,175.0,False,6.0,6.0,False,1.0,1.0,False,179.0,179.0,False,-0.5,0.5,False,0.09999999999999787,0.09999999999999787,False,0.0,0.0,True,1250.0,1250.0,False,186.0,186.0,False
tw-haiven/haiven,2024-04,treatment,d4af924ba440a4249c5239f80bd44719bcd63449,9800.0,2.0,5.0,91.0,8.1,8.0,515.0,493.0,98.0,0,2025-02,0,-10.0,treatment,9796.0,9.0,0.0,91.0,8.1,8.0,515.0,519.0,100.0,both,4.0,4.0,False,-7.0,7.0,False,5.0,5.0,False,0.0,0.0,True,0.0,0.0,True,0.0,0.0,True,0.0,0.0,True,-26.0,26.0,False,-2.0,2.0,False
tw-haiven/haiven,2024-05,treatment,e0abfac98ed22108758388f8f032147de689bac1,13852.0,7.0,5.0,249.0,8.4,7.1,710.0,1110.0,261.0,0,2025-02,0,-9.0,treatment,13850.0,13.0,0.0,239.0,8.4,7.1,710.0,1088.0,252.0,both,2.0,2.0,False,-6.0,6.0,False,5.0,5.0,False,10.0,10.0,False,0.0,0.0,True,0.0,0.0,True,0.0,0.0,True,22.0,22.0,False,9.0,9.0,False
tw-haiven/haiven,2024-06,treatment,eb451366aedf564fd436c9ed1774b254269576a0,13871.0,7.0,5.0,253.0,8.4,7.1,718.0,1133.0,265.0,0,2025-02,0,-8.0,treatment,13869.0,13.0,0.0,240.0,8.4,7.1,718.0,1096.0,253.0,both,2.0,2.0,False,-6.0,6.0,False,5.0,5.0,False,13.0,13.0,False,0.0,0.0,True,0.0,0.0,True,0.0,0.0,True,37.0,37.0,False,12.0,12.0,False
tw-haiven/haiven,2024-07,treatment,10d03df6257fd83ea4f712da73ab808a7dee966c,13865.0,7.0,5.0,256.0,8.4,7.1,724.0,1136.0,268.0,0,2025-02,0,-7.0,treatment,13858.0,13.0,0.0,237.0,8.4,7.1,724.0,1039.0,250.0,both,7.0,7.0,False,-6.0,6.0,False,5.0,5.0,False,19.0,19.0,False,0.0,0.0,True,0.0,0.0,True,0.0,0.0,True,97.0,97.0,False,18.0,18.0,False
tw-haiven/haiven,2024-08,treatment,da4f5738f75edfd3147a38ce47f608d2ca07fb1c,14641.0,14.0,5.0,270.0,7.4,6.0,785.0,1165.0,289.0,0,2025-02,0,-6.0,treatment,14637.0,19.0,0.0,254.0,7.4,6.0,785.0,1081.0,273.0,both,4.0,4.0,False,-5.0,5.0,False,5.0,5.0,False,16.0,16.0,False,0.0,0.0,True,0.0,0.0,True,0.0,0.0,True,84.0,84.0,False,16.0,16.0,False
tw-haiven/haiven,2024-09,treatment,2d3aafe4dcd6bbd56ac2dc6b5a1579d95e9525f5,12641.0,14.0,5.0,283.0,3.5,6.6,630.0,1129.0,302.0,0,2025-02,0,-5.0,treatment,12629.0,20.0,0.0,261.0,3.5,6.6,630.0,1021.0,281.0,both,12.0,12.0,False,-6.0,6.0,False,5.0,5.0,False,22.0,22.0,False,0.0,0.0,True,0.0,0.0,True,0.0,0.0,True,108.0,108.0,False,21.0,21.0,False
tw-haiven/haiven,2024-10,treatment,4db9fdf092caa1601a61494c1f50ce118e127c7b,14093.0,25.0,5.0,359.0,4.5,6.0,766.0,1645.0,389.0,0,2025-02,0,-4.0,treatment,14085.0,29.0,0.0,327.0,4.5,6.0,766.0,1496.0,356.0,both,8.0,8.0,False,-4.0,4.0,False,5.0,5.0,False,32.0,32.0,False,0.0,0.0,True,0.0,0.0,True,0.0,0.0,True,149.0,149.0,False,33.0,33.0,False
tw-haiven/haiven,2024-11,treatment,ed4ee3b88e827a2d00bd54a5635334467403805c,14744.0,13.0,5.0,349.0,4.3,5.7,802.0,1588.0,367.0,0,2025-02,0,-3.0,treatment,14740.0,17.0,0.0,323.0,4.3,5.7,802.0,1466.0,340.0,both,4.0,4.0,False,-4.0,4.0,False,5.0,5.0,False,26.0,26.0,False,0.0,0.0,True,0.0,0.0,True,0.0,0.0,True,122.0,122.0,False,27.0,27.0,False
tw-haiven/haiven,2024-12,treatment,ff2da523d9bbb6f26c8a0ffede2d85cf4f70d406,14706.0,17.0,1.0,346.0,5.5,5.8,856.0,1657.0,364.0,0,2025-02,0,-2.0,treatment,14705.0,21.0,0.0,317.0,5.6,5.8,856.0,1482.0,338.0,both,1.0,1.0,False,-4.0,4.0,False,1.0,1.0,False,29.0,29.0,False,-0.09999999999999964,0.09999999999999964,False,0.0,0.0,True,0.0,0.0,True,175.0,175.0,False,26.0,26.0,False
tw-haiven/haiven,2025-01,treatment,ca9984841f6964bcd519a358becb343734df604e,15199.0,18.0,1.0,335.0,5.2,5.7,868.0,1583.0,354.0,0,2025-02,0,-1.0,treatment,15200.0,22.0,0.0,324.0,5.4,5.7,868.0,1503.0,346.0,both,-1.0,1.0,False,-4.0,4.0,False,1.0,1.0,False,11.0,11.0,False,-0.20000000000000018,0.20000000000000018,False,0.0,0.0,True,0.0,0.0,True,80.0,80.0,False,8.0,8.0,False
tw-haiven/haiven,2025-02,treatment,b24d3346a9e7be65ff1de9e5f956a46506dfc78b,15444.0,17.0,1.0,352.0,2.8,5.6,862.0,1672.0,370.0,1,2025-02,1,0.0,treatment,15444.0,21.0,0.0,335.0,2.9,5.6,862.0,1572.0,356.0,both,0.0,0.0,True,-4.0,4.0,False,1.0,1.0,False,17.0,17.0,False,-0.10000000000000009,0.10000000000000009,False,0.0,0.0,True,0.0,0.0,True,100.0,100.0,False,14.0,14.0,False
tw-haiven/haiven,2025-03,treatment,9fa1486c64f85b5acc14ce919fad7c52b18afeb9,17985.0,21.0,1.0,426.0,3.1,5.1,988.0,2042.0,448.0,1,2025-02,1,1.0,treatment,17985.0,26.0,0.0,381.0,3.2,5.1,988.0,1789.0,407.0,both,0.0,0.0,True,-5.0,5.0,False,1.0,1.0,False,45.0,45.0,False,-0.10000000000000009,0.10000000000000009,False,0.0,0.0,True,0.0,0.0,True,253.0,253.0,False,41.0,41.0,False
tw-haiven/haiven,2025-04,treatment,8aded9a7f73cc6ad47b174ea192cd052543ad7cb,18441.0,21.0,1.0,464.0,2.8,4.9,981.0,2223.0,486.0,1,2025-02,1,2.0,treatment,17985.0,26.0,0.0,381.0,3.2,5.1,988.0,1789.0,407.0,both,456.0,456.0,False,-5.0,5.0,False,1.0,1.0,False,83.0,83.0,False,-0.40000000000000036,0.40000000000000036,False,-0.1999999999999993,0.1999999999999993,False,-7.0,7.0,False,434.0,434.0,False,79.0,79.0,False
tw-haiven/haiven,2025-05,treatment,d28fdf46b8b2f84d18aa2acbfc006a55cc23876b,19964.0,22.0,2.0,518.0,2.9,4.8,1055.0,2434.0,542.0,1,2025-02,1,3.0,treatment,19957.0,22.0,0.0,448.0,3.0,4.8,1055.0,2144.0,470.0,both,7.0,7.0,False,0.0,0.0,True,2.0,2.0,False,70.0,70.0,False,-0.10000000000000009,0.10000000000000009,False,0.0,0.0,True,0.0,0.0,True,290.0,290.0,False,72.0,72.0,False
tw-haiven/haiven,2025-06,treatment,86c46d02f3e9de4b924dd952a0d4c7f054e450c8,19782.0,22.0,2.0,520.0,3.0,4.9,1050.0,2432.0,544.0,1,2025-02,1,4.0,treatment,19775.0,22.0,0.0,450.0,3.0,4.9,1050.0,2142.0,472.0,both,7.0,7.0,False,0.0,0.0,True,2.0,2.0,False,70.0,70.0,False,0.0,0.0,True,0.0,0.0,True,0.0,0.0,True,290.0,290.0,False,72.0,72.0,False
tw-haiven/haiven,2025-07,treatment,12e203af7347c6c10bd552498a9feef6d74ba7fd,24620.0,24.0,2.0,561.0,4.4,6.6,1674.0,2917.0,587.0,1,2025-02,1,5.0,treatment,24639.0,23.0,0.0,492.0,4.5,6.6,1674.0,2603.0,515.0,both,-19.0,19.0,False,1.0,1.0,False,2.0,2.0,False,69.0,69.0,False,-0.09999999999999964,0.09999999999999964,False,0.0,0.0,True,0.0,0.0,True,314.0,314.0,False,72.0,72.0,False
tw-haiven/haiven,2025-08,treatment,387fe8472ff1d216e2fef974f92298224af5f114,25789.0,24.0,2.0,570.0,5.1,7.8,1732.0,3134.0,596.0,1,2025-02,1,6.0,treatment,25808.0,23.0,0.0,494.0,5.1,7.8,1732.0,2623.0,517.0,both,-19.0,19.0,False,1.0,1.0,False,2.0,2.0,False,76.0,76.0,False,0.0,0.0,True,0.0,0.0,True,0.0,0.0,True,511.0,511.0,False,79.0,79.0,False
utensils/mcp-nixos,2025-03,treatment,6639328ed56c9956658673f5bc85c2e8bc7ed949,13358.0,2.0,1.0,147.0,0.4,26.7,2303.0,1621.0,150.0,1,2025-03,1,0.0,treatment,13358.0,4.0,0.0,93.0,0.4,26.6,2303.0,1447.0,97.0,both,0.0,0.0,True,-2.0,2.0,False,1.0,1.0,False,54.0,54.0,False,0.0,0.0,True,0.09999999999999787,0.09999999999999787,False,0.0,0.0,True,174.0,174.0,False,53.0,53.0,False
utensils/mcp-nixos,2025-04,treatment,9958c0740e672a5ed61e02ad9a42e60d62dc16eb,18081.0,3.0,1.0,202.0,0.5,26.1,2834.0,1986.0,206.0,1,2025-03,1,1.0,treatment,13451.0,4.0,0.0,94.0,0.7,26.6,2349.0,1491.0,98.0,both,4630.0,4630.0,False,-1.0,1.0,False,1.0,1.0,False,108.0,108.0,False,-0.19999999999999996,0.19999999999999996,False,-0.5,0.5,False,485.0,485.0,False,495.0,495.0,False,108.0,108.0,False
utensils/mcp-nixos,2025-05,treatment,651e7e2d088af252a8aff338882e80001cf0d366,30123.0,4.0,4.0,57.0,27.1,5.5,1076.0,481.0,65.0,1,2025-03,1,2.0,treatment,30121.0,8.0,0.0,43.0,27.1,5.5,1076.0,495.0,51.0,both,2.0,2.0,False,-4.0,4.0,False,4.0,4.0,False,14.0,14.0,False,0.0,0.0,True,0.0,0.0,True,0.0,0.0,True,-14.0,14.0,False,14.0,14.0,False
utensils/mcp-nixos,2025-06,treatment,5d52692805ead25c9ccc5e575006b3ed8b3eb07b,30123.0,4.0,4.0,57.0,27.1,5.5,1076.0,481.0,65.0,0,2025-03,0,3.0,treatment,30121.0,8.0,0.0,43.0,27.1,5.5,1076.0,495.0,51.0,both,2.0,2.0,False,-4.0,4.0,False,4.0,4.0,False,14.0,14.0,False,0.0,0.0,True,0.0,0.0,True,0.0,0.0,True,-14.0,14.0,False,14.0,14.0,False
utensils/mcp-nixos,2025-07,treatment,5d52692805ead25c9ccc5e575006b3ed8b3eb07b,30123.0,4.0,4.0,57.0,27.1,5.5,1076.0,481.0,65.0,0,2025-03,0,4.0,treatment,30121.0,8.0,0.0,43.0,27.1,5.5,1076.0,495.0,51.0,both,2.0,2.0,False,-4.0,4.0,False,4.0,4.0,False,14.0,14.0,False,0.0,0.0,True,0.0,0.0,True,0.0,0.0,True,-14.0,14.0,False,14.0,14.0,False
utensils/mcp-nixos,2025-08,treatment,46b4d4d3d6421bfbadc415532ef74433871e1cda,26620.0,11.0,4.0,59.0,29.3,5.7,973.0,491.0,74.0,0,2025-03,0,5.0,treatment,26618.0,8.0,0.0,44.0,29.3,5.7,973.0,491.0,52.0,both,2.0,2.0,False,3.0,3.0,False,4.0,4.0,False,15.0,15.0,False,0.0,0.0,True,0.0,0.0,True,0.0,0.0,True,0.0,0.0,True,22.0,22.0,False
vcs-python/vcspull,2024-01,treatment,bf2c6914925875400e478c899e8435496dacfb06,2333.0,1.0,0.0,26.0,0.0,17.6,302.0,154.0,27.0,0,2025-03,0,-14.0,treatment,2333.0,1.0,0.0,21.0,0.0,17.6,302.0,130.0,22.0,both,0.0,0.0,True,0.0,0.0,True,0.0,0.0,True,5.0,5.0,False,0.0,0.0,True,0.0,0.0,True,0.0,0.0,True,24.0,24.0,False,5.0,5.0,False
vcs-python/vcspull,2024-02,treatment,55bdd73edbfc5c168d5ef0a5763a30b002867d5c,2379.0,1.0,0.0,24.0,0.0,17.3,303.0,144.0,25.0,0,2025-03,0,-13.0,treatment,2379.0,1.0,0.0,16.0,0.0,17.3,303.0,105.0,17.0,both,0.0,0.0,True,0.0,0.0,True,0.0,0.0,True,8.0,8.0,False,0.0,0.0,True,0.0,0.0,True,0.0,0.0,True,39.0,39.0,False,8.0,8.0,False
vcs-python/vcspull,2024-03,treatment,cd39fa9d326a355239b2f819813f5dce4aee34a9,2361.0,1.0,0.0,22.0,0.0,17.4,296.0,138.0,23.0,0,2025-03,0,-12.0,treatment,2361.0,1.0,0.0,15.0,0.0,17.4,296.0,119.0,16.0,both,0.0,0.0,True,0.0,0.0,True,0.0,0.0,True,7.0,7.0,False,0.0,0.0,True,0.0,0.0,True,0.0,0.0,True,19.0,19.0,False,7.0,7.0,False
vcs-python/vcspull,2024-04,treatment,9705eebd0b00153946f920d47b8ff8a3b9a91719,2361.0,1.0,0.0,22.0,0.0,17.4,296.0,138.0,23.0,0,2025-03,0,-11.0,treatment,2361.0,1.0,0.0,15.0,0.0,17.4,296.0,119.0,16.0,both,0.0,0.0,True,0.0,0.0,True,0.0,0.0,True,7.0,7.0,False,0.0,0.0,True,0.0,0.0,True,0.0,0.0,True,19.0,19.0,False,7.0,7.0,False
vcs-python/vcspull,2024-05,treatment,981b2cb1c4a5589604f72af592f4ea725333b4c8,2361.0,1.0,0.0,22.0,0.0,17.4,296.0,138.0,23.0,0,2025-03,0,-10.0,treatment,2361.0,1.0,0.0,15.0,0.0,17.4,296.0,119.0,16.0,both,0.0,0.0,True,0.0,0.0,True,0.0,0.0,True,7.0,7.0,False,0.0,0.0,True,0.0,0.0,True,0.0,0.0,True,19.0,19.0,False,7.0,7.0,False
vcs-python/vcspull,2024-06,treatment,ad50e8adee950e0aa0d56ac20841767565ff692e,2361.0,1.0,0.0,22.0,0.0,17.4,296.0,138.0,23.0,0,2025-03,0,-9.0,treatment,2361.0,1.0,0.0,15.0,0.0,17.4,296.0,119.0,16.0,both,0.0,0.0,True,0.0,0.0,True,0.0,0.0,True,7.0,7.0,False,0.0,0.0,True,0.0,0.0,True,0.0,0.0,True,19.0,19.0,False,7.0,7.0,False
vcs-python/vcspull,2024-07,treatment,408b5e3049457b66eb0ad219cf7936b7552abfd5,2361.0,1.0,0.0,22.0,0.0,17.4,296.0,138.0,23.0,0,2025-03,0,-8.0,treatment,2361.0,1.0,0.0,15.0,0.0,17.4,296.0,119.0,16.0,both,0.0,0.0,True,0.0,0.0,True,0.0,0.0,True,7.0,7.0,False,0.0,0.0,True,0.0,0.0,True,0.0,0.0,True,19.0,19.0,False,7.0,7.0,False
vcs-python/vcspull,2024-08,treatment,61c135bc95540e9ef19b266a08697e3315a34b62,2361.0,1.0,0.0,22.0,0.0,17.4,296.0,138.0,23.0,0,2025-03,0,-7.0,treatment,2361.0,1.0,0.0,15.0,0.0,17.4,296.0,119.0,16.0,both,0.0,0.0,True,0.0,0.0,True,0.0,0.0,True,7.0,7.0,False,0.0,0.0,True,0.0,0.0,True,0.0,0.0,True,19.0,19.0,False,7.0,7.0,False
vcs-python/vcspull,2024-09,treatment,88a709b6dfba07041136fe23596654ac042fd1d8,2361.0,1.0,0.0,22.0,0.0,17.4,296.0,138.0,23.0,0,2025-03,0,-6.0,treatment,2361.0,1.0,0.0,15.0,0.0,17.4,296.0,119.0,16.0,both,0.0,0.0,True,0.0,0.0,True,0.0,0.0,True,7.0,7.0,False,0.0,0.0,True,0.0,0.0,True,0.0,0.0,True,19.0,19.0,False,7.0,7.0,False
vcs-python/vcspull,2024-10,treatment,1b2107480a259ec72e6c7b150f3551a79bbfd47d,2359.0,1.0,0.0,22.0,0.0,17.4,296.0,138.0,23.0,0,2025-03,0,-5.0,treatment,2359.0,1.0,0.0,15.0,0.0,17.4,296.0,119.0,16.0,both,0.0,0.0,True,0.0,0.0,True,0.0,0.0,True,7.0,7.0,False,0.0,0.0,True,0.0,0.0,True,0.0,0.0,True,19.0,19.0,False,7.0,7.0,False
vcs-python/vcspull,2024-11,treatment,b264d577fb8b4da0ff776a1ab7d6360c2cdc99a0,2359.0,1.0,0.0,22.0,0.0,17.4,296.0,138.0,23.0,0,2025-03,0,-4.0,treatment,2359.0,1.0,0.0,15.0,0.0,17.4,296.0,119.0,16.0,both,0.0,0.0,True,0.0,0.0,True,0.0,0.0,True,7.0,7.0,False,0.0,0.0,True,0.0,0.0,True,0.0,0.0,True,19.0,19.0,False,7.0,7.0,False
vcs-python/vcspull,2024-12,treatment,47fa1a4372fd0f4efbd010bfc66508474cce0095,2359.0,1.0,0.0,22.0,0.0,17.4,296.0,138.0,23.0,0,2025-03,0,-3.0,treatment,2359.0,1.0,0.0,15.0,0.0,17.4,296.0,119.0,16.0,both,0.0,0.0,True,0.0,0.0,True,0.0,0.0,True,7.0,7.0,False,0.0,0.0,True,0.0,0.0,True,0.0,0.0,True,19.0,19.0,False,7.0,7.0,False
vcs-python/vcspull,2025-01,treatment,786edc01787065add767339350e21bbb78d9be7e,2393.0,1.0,0.0,10.0,0.0,17.2,303.0,78.0,11.0,0,2025-03,0,-2.0,treatment,2393.0,1.0,0.0,15.0,0.0,17.2,303.0,119.0,16.0,both,0.0,0.0,True,0.0,0.0,True,0.0,0.0,True,-5.0,5.0,False,0.0,0.0,True,0.0,0.0,True,0.0,0.0,True,-41.0,41.0,False,-5.0,5.0,False
vcs-python/vcspull,2025-02,treatment,91675c04092d10c23015002e5ae7108f3707fbb3,2393.0,1.0,0.0,10.0,0.0,17.2,303.0,78.0,11.0,0,2025-03,0,-1.0,treatment,2393.0,1.0,0.0,15.0,0.0,17.2,303.0,119.0,16.0,both,0.0,0.0,True,0.0,0.0,True,0.0,0.0,True,-5.0,5.0,False,0.0,0.0,True,0.0,0.0,True,0.0,0.0,True,-41.0,41.0,False,-5.0,5.0,False
vcs-python/vcspull,2025-03,treatment,468682e130aff2ecbd4e22aa182e99031ad88de7,2393.0,1.0,0.0,10.0,0.0,17.2,303.0,78.0,11.0,1,2025-03,1,0.0,treatment,2393.0,1.0,0.0,15.0,0.0,17.2,303.0,119.0,16.0,both,0.0,0.0,True,0.0,0.0,True,0.0,0.0,True,-5.0,5.0,False,0.0,0.0,True,0.0,0.0,True,0.0,0.0,True,-41.0,41.0,False,-5.0,5.0,False
vcs-python/vcspull,2025-04,treatment,ba89c3b8f4780abef8dab2e2acea208e37c22156,2393.0,1.0,0.0,10.0,0.0,17.2,303.0,78.0,11.0,1,2025-03,1,1.0,treatment,2393.0,1.0,0.0,15.0,0.0,17.2,303.0,119.0,16.0,both,0.0,0.0,True,0.0,0.0,True,0.0,0.0,True,-5.0,5.0,False,0.0,0.0,True,0.0,0.0,True,0.0,0.0,True,-41.0,41.0,False,-5.0,5.0,False
vcs-python/vcspull,2025-05,treatment,776540da1081214bd4ff448fccb194faef5fe379,2393.0,1.0,0.0,10.0,0.0,17.2,303.0,78.0,11.0,1,2025-03,1,2.0,treatment,2393.0,1.0,0.0,15.0,0.0,17.2,303.0,119.0,16.0,both,0.0,0.0,True,0.0,0.0,True,0.0,0.0,True,-5.0,5.0,False,0.0,0.0,True,0.0,0.0,True,0.0,0.0,True,-41.0,41.0,False,-5.0,5.0,False
vcs-python/vcspull,2025-06,treatment,37c24d61ba75e25a45f6b2d3cb8e108110721c1c,2392.0,1.0,0.0,10.0,0.0,17.2,303.0,78.0,11.0,1,2025-03,1,3.0,treatment,2392.0,1.0,0.0,15.0,0.0,17.2,303.0,119.0,16.0,both,0.0,0.0,True,0.0,0.0,True,0.0,0.0,True,-5.0,5.0,False,0.0,0.0,True,0.0,0.0,True,0.0,0.0,True,-41.0,41.0,False,-5.0,5.0,False
vcs-python/vcspull,2025-07,treatment,bda3ed028bed8cd3e79e3486f54324b015ca34dd,2392.0,1.0,0.0,10.0,0.0,17.2,303.0,78.0,11.0,1,2025-03,1,4.0,treatment,2392.0,1.0,0.0,15.0,0.0,17.2,303.0,119.0,16.0,both,0.0,0.0,True,0.0,0.0,True,0.0,0.0,True,-5.0,5.0,False,0.0,0.0,True,0.0,0.0,True,0.0,0.0,True,-41.0,41.0,False,-5.0,5.0,False
vcs-python/vcspull,2025-08,treatment,5842f08132fc13be94547dd99933f6a5fb56f735,2392.0,1.0,0.0,10.0,0.0,17.2,303.0,78.0,11.0,1,2025-03,1,5.0,treatment,2392.0,1.0,0.0,15.0,0.0,17.2,303.0,119.0,16.0,both,0.0,0.0,True,0.0,0.0,True,0.0,0.0,True,-5.0,5.0,False,0.0,0.0,True,0.0,0.0,True,0.0,0.0,True,-41.0,41.0,False,-5.0,5.0,False
vietanhdev/anylabeling,2024-01,treatment,28a5a7f03e2970d2f3e1c07c59cd0ac0426f26eb,158185.0,4.0,0.0,45.0,0.2,0.5,1278.0,473.0,49.0,0,2025-03,0,-14.0,treatment,,,,,,,,,,both,,,False,,,False,,,False,,,False,,,False,,,False,,,False,,,False,,,False
vietanhdev/anylabeling,2024-02,treatment,28a5a7f03e2970d2f3e1c07c59cd0ac0426f26eb,158185.0,4.0,0.0,45.0,0.2,0.5,1278.0,473.0,49.0,0,2025-03,0,-13.0,treatment,,,,,,,,,,both,,,False,,,False,,,False,,,False,,,False,,,False,,,False,,,False,,,False
vietanhdev/anylabeling,2024-03,treatment,28a5a7f03e2970d2f3e1c07c59cd0ac0426f26eb,158185.0,4.0,0.0,45.0,0.2,0.5,1278.0,473.0,49.0,0,2025-03,0,-12.0,treatment,,,,,,,,,,both,,,False,,,False,,,False,,,False,,,False,,,False,,,False,,,False,,,False
vietanhdev/anylabeling,2024-04,treatment,28a5a7f03e2970d2f3e1c07c59cd0ac0426f26eb,158185.0,4.0,0.0,45.0,0.2,0.5,1278.0,473.0,49.0,0,2025-03,0,-11.0,treatment,,,,,,,,,,both,,,False,,,False,,,False,,,False,,,False,,,False,,,False,,,False,,,False
vietanhdev/anylabeling,2024-05,treatment,28a5a7f03e2970d2f3e1c07c59cd0ac0426f26eb,158185.0,4.0,0.0,45.0,0.2,0.5,1278.0,473.0,49.0,0,2025-03,0,-10.0,treatment,,,,,,,,,,both,,,False,,,False,,,False,,,False,,,False,,,False,,,False,,,False,,,False
vietanhdev/anylabeling,2024-06,treatment,aedc8913d5f5a574a834848a59ecd6e36f72bdc7,158182.0,4.0,0.0,45.0,0.2,0.5,1278.0,473.0,49.0,0,2025-03,0,-9.0,treatment,158182.0,4.0,0.0,42.0,0.2,0.5,1278.0,468.0,46.0,both,0.0,0.0,True,0.0,0.0,True,0.0,0.0,True,3.0,3.0,False,0.0,0.0,True,0.0,0.0,True,0.0,0.0,True,5.0,5.0,False,3.0,3.0,False
vietanhdev/anylabeling,2024-07,treatment,f6706aaa71f3ec5a19087b7981e1e2c799dae179,158182.0,4.0,0.0,45.0,0.2,0.5,1278.0,473.0,49.0,0,2025-03,0,-8.0,treatment,158182.0,4.0,0.0,42.0,0.2,0.5,1278.0,468.0,46.0,both,0.0,0.0,True,0.0,0.0,True,0.0,0.0,True,3.0,3.0,False,0.0,0.0,True,0.0,0.0,True,0.0,0.0,True,5.0,5.0,False,3.0,3.0,False
vietanhdev/anylabeling,2024-08,treatment,b7a3c925d565be1007bc41df662ec9cd578bc6cb,158453.0,4.0,0.0,44.0,0.2,0.5,1291.0,473.0,48.0,0,2025-03,0,-7.0,treatment,158453.0,4.0,0.0,41.0,0.2,0.5,1291.0,468.0,45.0,both,0.0,0.0,True,0.0,0.0,True,0.0,0.0,True,3.0,3.0,False,0.0,0.0,True,0.0,0.0,True,0.0,0.0,True,5.0,5.0,False,3.0,3.0,False
vietanhdev/anylabeling,2024-09,treatment,b7a3c925d565be1007bc41df662ec9cd578bc6cb,158453.0,4.0,0.0,44.0,0.2,0.5,1291.0,473.0,48.0,0,2025-03,0,-6.0,treatment,158453.0,4.0,0.0,41.0,0.2,0.5,1291.0,468.0,45.0,both,0.0,0.0,True,0.0,0.0,True,0.0,0.0,True,3.0,3.0,False,0.0,0.0,True,0.0,0.0,True,0.0,0.0,True,5.0,5.0,False,3.0,3.0,False
vietanhdev/anylabeling,2024-10,treatment,6d8a3daa3966f3f36c5a7e41511c884353434645,158453.0,4.0,0.0,44.0,0.2,0.5,1291.0,473.0,48.0,0,2025-03,0,-5.0,treatment,158453.0,4.0,0.0,41.0,0.2,0.5,1291.0,468.0,45.0,both,0.0,0.0,True,0.0,0.0,True,0.0,0.0,True,3.0,3.0,False,0.0,0.0,True,0.0,0.0,True,0.0,0.0,True,5.0,5.0,False,3.0,3.0,False
vietanhdev/anylabeling,2024-11,treatment,afe91d3dac0a077d6c3629d50b14630bfc124ab3,158454.0,4.0,0.0,44.0,0.2,0.5,1291.0,473.0,48.0,0,2025-03,0,-4.0,treatment,158454.0,4.0,0.0,41.0,0.2,0.5,1291.0,468.0,45.0,both,0.0,0.0,True,0.0,0.0,True,0.0,0.0,True,3.0,3.0,False,0.0,0.0,True,0.0,0.0,True,0.0,0.0,True,5.0,5.0,False,3.0,3.0,False
vietanhdev/anylabeling,2024-12,treatment,afe91d3dac0a077d6c3629d50b14630bfc124ab3,158454.0,4.0,0.0,44.0,0.2,0.5,1291.0,473.0,48.0,0,2025-03,0,-3.0,treatment,158454.0,4.0,0.0,41.0,0.2,0.5,1291.0,468.0,45.0,both,0.0,0.0,True,0.0,0.0,True,0.0,0.0,True,3.0,3.0,False,0.0,0.0,True,0.0,0.0,True,0.0,0.0,True,5.0,5.0,False,3.0,3.0,False
vietanhdev/anylabeling,2025-01,treatment,afe91d3dac0a077d6c3629d50b14630bfc124ab3,158454.0,4.0,0.0,44.0,0.2,0.5,1291.0,473.0,48.0,0,2025-03,0,-2.0,treatment,158454.0,4.0,0.0,41.0,0.2,0.5,1291.0,468.0,45.0,both,0.0,0.0,True,0.0,0.0,True,0.0,0.0,True,3.0,3.0,False,0.0,0.0,True,0.0,0.0,True,0.0,0.0,True,5.0,5.0,False,3.0,3.0,False
vietanhdev/anylabeling,2025-02,treatment,afe91d3dac0a077d6c3629d50b14630bfc124ab3,158454.0,4.0,0.0,44.0,0.2,0.5,1291.0,473.0,48.0,0,2025-03,0,-1.0,treatment,158454.0,4.0,0.0,41.0,0.2,0.5,1291.0,468.0,45.0,both,0.0,0.0,True,0.0,0.0,True,0.0,0.0,True,3.0,3.0,False,0.0,0.0,True,0.0,0.0,True,0.0,0.0,True,5.0,5.0,False,3.0,3.0,False
vietanhdev/anylabeling,2025-03,treatment,ef59ccbb42cd29ff3ccddf1eb4d6ca6f26df737f,,,,,,,,,,1,2025-03,1,0.0,treatment,32684.0,4.0,0.0,56.0,1.0,3.0,1543.0,591.0,60.0,both,,,False,,,False,,,False,,,False,,,False,,,False,,,False,,,False,,,False
vietanhdev/anylabeling,2025-04,treatment,a1c10f4319271508c153f95d850e4ebe643e19f5,32820.0,4.0,0.0,57.0,0.9,3.0,1543.0,604.0,61.0,1,2025-03,1,1.0,treatment,32820.0,4.0,0.0,52.0,0.9,3.0,1543.0,579.0,56.0,both,0.0,0.0,True,0.0,0.0,True,0.0,0.0,True,5.0,5.0,False,0.0,0.0,True,0.0,0.0,True,0.0,0.0,True,25.0,25.0,False,5.0,5.0,False
vietanhdev/anylabeling,2025-05,treatment,a21f0d6009859733abe06ccf2600b4271e844d75,36433.0,4.0,0.0,58.0,0.8,3.0,1590.0,603.0,62.0,1,2025-03,1,2.0,treatment,36433.0,4.0,0.0,53.0,0.8,3.0,1590.0,578.0,57.0,both,0.0,0.0,True,0.0,0.0,True,0.0,0.0,True,5.0,5.0,False,0.0,0.0,True,0.0,0.0,True,0.0,0.0,True,25.0,25.0,False,5.0,5.0,False
vietanhdev/anylabeling,2025-06,treatment,a21f0d6009859733abe06ccf2600b4271e844d75,36433.0,4.0,0.0,58.0,0.8,3.0,1590.0,603.0,62.0,,,,,,,,,,,,,,,left_only,,,False,,,False,,,False,,,False,,,False,,,False,,,False,,,False,,,False
vietanhdev/anylabeling,2025-07,treatment,e591407de772550d99effc693670c5a567b5d95c,36542.0,4.0,0.0,59.0,0.8,3.1,1599.0,608.0,63.0,,,,,,,,,,,,,,,left_only,,,False,,,False,,,False,,,False,,,False,,,False,,,False,,,False,,,False
vietanhdev/anylabeling,2025-08,treatment,e591407de772550d99effc693670c5a567b5d95c,36542.0,4.0,0.0,59.0,0.8,3.1,1599.0,608.0,63.0,,,,,,,,,,,,,,,left_only,,,False,,,False,,,False,,,False,,,False,,,False,,,False,,,False,,,False
wdm0006/elote,2024-01,treatment,d7f0090468812aba9977593a4ce56bbefeb783c1,906.0,0.0,0.0,18.0,1.9,28.6,146.0,113.0,18.0,0,2025-02,0,-13.0,treatment,,,,,,,,,,both,,,False,,,False,,,False,,,False,,,False,,,False,,,False,,,False,,,False
wdm0006/elote,2024-02,treatment,d7f0090468812aba9977593a4ce56bbefeb783c1,906.0,0.0,0.0,18.0,1.9,28.6,146.0,113.0,18.0,0,2025-02,0,-12.0,treatment,,,,,,,,,,both,,,False,,,False,,,False,,,False,,,False,,,False,,,False,,,False,,,False
wdm0006/elote,2024-03,treatment,d7f0090468812aba9977593a4ce56bbefeb783c1,906.0,0.0,0.0,18.0,1.9,28.6,146.0,113.0,18.0,0,2025-02,0,-11.0,treatment,,,,,,,,,,both,,,False,,,False,,,False,,,False,,,False,,,False,,,False,,,False,,,False
wdm0006/elote,2024-04,treatment,d7f0090468812aba9977593a4ce56bbefeb783c1,906.0,0.0,0.0,18.0,1.9,28.6,146.0,113.0,18.0,0,2025-02,0,-10.0,treatment,,,,,,,,,,both,,,False,,,False,,,False,,,False,,,False,,,False,,,False,,,False,,,False
wdm0006/elote,2024-05,treatment,d7f0090468812aba9977593a4ce56bbefeb783c1,906.0,0.0,0.0,18.0,1.9,28.6,146.0,113.0,18.0,0,2025-02,0,-9.0,treatment,,,,,,,,,,both,,,False,,,False,,,False,,,False,,,False,,,False,,,False,,,False,,,False
wdm0006/elote,2024-06,treatment,d7f0090468812aba9977593a4ce56bbefeb783c1,906.0,0.0,0.0,18.0,1.9,28.6,146.0,113.0,18.0,0,2025-02,0,-8.0,treatment,,,,,,,,,,both,,,False,,,False,,,False,,,False,,,False,,,False,,,False,,,False,,,False
wdm0006/elote,2024-07,treatment,75739e6ad51f3d50fdd047a0136f56b6274ad080,906.0,0.0,0.0,18.0,1.9,28.6,146.0,113.0,18.0,0,2025-02,0,-7.0,treatment,10123.0,25.0,0.0,860.0,1.0,20.7,25213.0,5441.0,885.0,both,-9217.0,9217.0,False,-25.0,25.0,False,0.0,0.0,True,-842.0,842.0,False,0.8999999999999999,0.8999999999999999,False,7.900000000000002,7.900000000000002,False,-25067.0,25067.0,False,-5328.0,5328.0,False,-867.0,867.0,False
wdm0006/elote,2024-08,treatment,75739e6ad51f3d50fdd047a0136f56b6274ad080,906.0,0.0,0.0,18.0,1.9,28.6,146.0,113.0,18.0,0,2025-02,0,-6.0,treatment,10123.0,25.0,0.0,860.0,1.0,20.7,25213.0,5441.0,885.0,both,-9217.0,9217.0,False,-25.0,25.0,False,0.0,0.0,True,-842.0,842.0,False,0.8999999999999999,0.8999999999999999,False,7.900000000000002,7.900000000000002,False,-25067.0,25067.0,False,-5328.0,5328.0,False,-867.0,867.0,False
wdm0006/elote,2024-09,treatment,75739e6ad51f3d50fdd047a0136f56b6274ad080,906.0,0.0,0.0,18.0,1.9,28.6,146.0,113.0,18.0,0,2025-02,0,-5.0,treatment,10123.0,25.0,0.0,860.0,1.0,20.7,25213.0,5441.0,885.0,both,-9217.0,9217.0,False,-25.0,25.0,False,0.0,0.0,True,-842.0,842.0,False,0.8999999999999999,0.8999999999999999,False,7.900000000000002,7.900000000000002,False,-25067.0,25067.0,False,-5328.0,5328.0,False,-867.0,867.0,False
wdm0006/elote,2024-10,treatment,75739e6ad51f3d50fdd047a0136f56b6274ad080,906.0,0.0,0.0,18.0,1.9,28.6,146.0,113.0,18.0,0,2025-02,0,-4.0,treatment,10123.0,25.0,0.0,860.0,1.0,20.7,25213.0,5441.0,885.0,both,-9217.0,9217.0,False,-25.0,25.0,False,0.0,0.0,True,-842.0,842.0,False,0.8999999999999999,0.8999999999999999,False,7.900000000000002,7.900000000000002,False,-25067.0,25067.0,False,-5328.0,5328.0,False,-867.0,867.0,False
wdm0006/elote,2024-11,treatment,75739e6ad51f3d50fdd047a0136f56b6274ad080,906.0,0.0,0.0,18.0,1.9,28.6,146.0,113.0,18.0,0,2025-02,0,-3.0,treatment,10123.0,25.0,0.0,860.0,1.0,20.7,25213.0,5441.0,885.0,both,-9217.0,9217.0,False,-25.0,25.0,False,0.0,0.0,True,-842.0,842.0,False,0.8999999999999999,0.8999999999999999,False,7.900000000000002,7.900000000000002,False,-25067.0,25067.0,False,-5328.0,5328.0,False,-867.0,867.0,False
wdm0006/elote,2024-12,treatment,75739e6ad51f3d50fdd047a0136f56b6274ad080,906.0,0.0,0.0,18.0,1.9,28.6,146.0,113.0,18.0,0,2025-02,0,-2.0,treatment,10123.0,25.0,0.0,860.0,1.0,20.7,25213.0,5441.0,885.0,both,-9217.0,9217.0,False,-25.0,25.0,False,0.0,0.0,True,-842.0,842.0,False,0.8999999999999999,0.8999999999999999,False,7.900000000000002,7.900000000000002,False,-25067.0,25067.0,False,-5328.0,5328.0,False,-867.0,867.0,False
wdm0006/elote,2025-01,treatment,75739e6ad51f3d50fdd047a0136f56b6274ad080,906.0,0.0,0.0,18.0,1.9,28.6,146.0,113.0,18.0,0,2025-02,0,-1.0,treatment,10123.0,25.0,0.0,860.0,1.0,20.7,25213.0,5441.0,885.0,both,-9217.0,9217.0,False,-25.0,25.0,False,0.0,0.0,True,-842.0,842.0,False,0.8999999999999999,0.8999999999999999,False,7.900000000000002,7.900000000000002,False,-25067.0,25067.0,False,-5328.0,5328.0,False,-867.0,867.0,False
wdm0006/elote,2025-02,treatment,6371b529b88402434e8cafaaf0ed137b412bfd6b,2341.0,0.0,0.0,51.0,2.8,40.9,275.0,153.0,51.0,1,2025-02,1,0.0,treatment,11558.0,28.0,0.0,909.0,1.3,25.2,25342.0,5529.0,937.0,both,-9217.0,9217.0,False,-28.0,28.0,False,0.0,0.0,True,-858.0,858.0,False,1.4999999999999998,1.4999999999999998,False,15.7,15.7,False,-25067.0,25067.0,False,-5376.0,5376.0,False,-886.0,886.0,False
wdm0006/elote,2025-03,treatment,7d95ac78907f9acdb234a220f6f456944fcc58ad,6872.0,16.0,0.0,74.0,2.8,39.5,928.0,374.0,90.0,1,2025-02,1,1.0,treatment,6872.0,19.0,0.0,104.0,2.8,39.5,928.0,464.0,123.0,both,0.0,0.0,True,-3.0,3.0,False,0.0,0.0,True,-30.0,30.0,False,0.0,0.0,True,0.0,0.0,True,0.0,0.0,True,-90.0,90.0,False,-33.0,33.0,False
wdm0006/elote,2025-04,treatment,82a1101e6f8ceb93ed0dddf44145f7a6892473e5,7790.0,17.0,0.0,84.0,3.3,37.4,1027.0,432.0,101.0,1,2025-02,1,2.0,treatment,7790.0,21.0,0.0,125.0,3.3,37.4,1027.0,557.0,146.0,both,0.0,0.0,True,-4.0,4.0,False,0.0,0.0,True,-41.0,41.0,False,0.0,0.0,True,0.0,0.0,True,0.0,0.0,True,-125.0,125.0,False,-45.0,45.0,False
wdm0006/elote,2025-05,treatment,82a1101e6f8ceb93ed0dddf44145f7a6892473e5,7790.0,17.0,0.0,84.0,3.3,37.4,1027.0,432.0,101.0,1,2025-02,1,3.0,treatment,7790.0,21.0,0.0,125.0,3.3,37.4,1027.0,557.0,146.0,both,0.0,0.0,True,-4.0,4.0,False,0.0,0.0,True,-41.0,41.0,False,0.0,0.0,True,0.0,0.0,True,0.0,0.0,True,-125.0,125.0,False,-45.0,45.0,False
wdm0006/elote,2025-06,treatment,8e5fd23901c21c7cba0d8ec66401af2220189e8e,7991.0,17.0,0.0,87.0,3.2,37.2,1079.0,424.0,104.0,1,2025-02,1,4.0,treatment,7991.0,21.0,0.0,128.0,3.2,37.2,1079.0,549.0,149.0,both,0.0,0.0,True,-4.0,4.0,False,0.0,0.0,True,-41.0,41.0,False,0.0,0.0,True,0.0,0.0,True,0.0,0.0,True,-125.0,125.0,False,-45.0,45.0,False
wdm0006/elote,2025-07,treatment,8e5fd23901c21c7cba0d8ec66401af2220189e8e,7991.0,17.0,0.0,87.0,3.2,37.2,1079.0,424.0,104.0,,,,,,,,,,,,,,,left_only,,,False,,,False,,,False,,,False,,,False,,,False,,,False,,,False,,,False
wdm0006/elote,2025-08,treatment,8e5fd23901c21c7cba0d8ec66401af2220189e8e,7991.0,17.0,0.0,87.0,3.2,37.2,1079.0,424.0,104.0,,,,,,,,,,,,,,,left_only,,,False,,,False,,,False,,,False,,,False,,,False,,,False,,,False,,,False
wdm0006/git-pandas,2024-01,treatment,35caa2d870061adae4d631e67e4d40bd91185f35,1819.0,0.0,0.0,44.0,2.4,33.7,466.0,265.0,44.0,0,2025-03,0,-14.0,treatment,,,,,,,,,,both,,,False,,,False,,,False,,,False,,,False,,,False,,,False,,,False,,,False
wdm0006/git-pandas,2024-02,treatment,35caa2d870061adae4d631e67e4d40bd91185f35,1819.0,0.0,0.0,44.0,2.4,33.7,466.0,265.0,44.0,0,2025-03,0,-13.0,treatment,,,,,,,,,,both,,,False,,,False,,,False,,,False,,,False,,,False,,,False,,,False,,,False
wdm0006/git-pandas,2024-03,treatment,35caa2d870061adae4d631e67e4d40bd91185f35,1819.0,0.0,0.0,44.0,2.4,33.7,466.0,265.0,44.0,0,2025-03,0,-12.0,treatment,,,,,,,,,,both,,,False,,,False,,,False,,,False,,,False,,,False,,,False,,,False,,,False
wdm0006/git-pandas,2024-04,treatment,35caa2d870061adae4d631e67e4d40bd91185f35,1819.0,0.0,0.0,44.0,2.4,33.7,466.0,265.0,44.0,0,2025-03,0,-11.0,treatment,,,,,,,,,,both,,,False,,,False,,,False,,,False,,,False,,,False,,,False,,,False,,,False
wdm0006/git-pandas,2024-05,treatment,35caa2d870061adae4d631e67e4d40bd91185f35,1819.0,0.0,0.0,44.0,2.4,33.7,466.0,265.0,44.0,0,2025-03,0,-10.0,treatment,,,,,,,,,,both,,,False,,,False,,,False,,,False,,,False,,,False,,,False,,,False,,,False
wdm0006/git-pandas,2024-06,treatment,35caa2d870061adae4d631e67e4d40bd91185f35,1819.0,0.0,0.0,44.0,2.4,33.7,466.0,265.0,44.0,0,2025-03,0,-9.0,treatment,,,,,,,,,,both,,,False,,,False,,,False,,,False,,,False,,,False,,,False,,,False,,,False
wdm0006/git-pandas,2024-07,treatment,9d1ac6aa84a50a2234c37f48ad68dde18912a52e,1819.0,0.0,0.0,44.0,2.4,33.7,466.0,265.0,44.0,0,2025-03,0,-8.0,treatment,1819.0,0.0,0.0,30.0,2.4,33.7,466.0,191.0,30.0,both,0.0,0.0,True,0.0,0.0,True,0.0,0.0,True,14.0,14.0,False,0.0,0.0,True,0.0,0.0,True,0.0,0.0,True,74.0,74.0,False,14.0,14.0,False
wdm0006/git-pandas,2024-08,treatment,9d1ac6aa84a50a2234c37f48ad68dde18912a52e,1819.0,0.0,0.0,44.0,2.4,33.7,466.0,265.0,44.0,0,2025-03,0,-7.0,treatment,1819.0,0.0,0.0,30.0,2.4,33.7,466.0,191.0,30.0,both,0.0,0.0,True,0.0,0.0,True,0.0,0.0,True,14.0,14.0,False,0.0,0.0,True,0.0,0.0,True,0.0,0.0,True,74.0,74.0,False,14.0,14.0,False
wdm0006/git-pandas,2024-09,treatment,9d1ac6aa84a50a2234c37f48ad68dde18912a52e,1819.0,0.0,0.0,44.0,2.4,33.7,466.0,265.0,44.0,0,2025-03,0,-6.0,treatment,1819.0,0.0,0.0,30.0,2.4,33.7,466.0,191.0,30.0,both,0.0,0.0,True,0.0,0.0,True,0.0,0.0,True,14.0,14.0,False,0.0,0.0,True,0.0,0.0,True,0.0,0.0,True,74.0,74.0,False,14.0,14.0,False
wdm0006/git-pandas,2024-10,treatment,9d1ac6aa84a50a2234c37f48ad68dde18912a52e,1819.0,0.0,0.0,44.0,2.4,33.7,466.0,265.0,44.0,0,2025-03,0,-5.0,treatment,1819.0,0.0,0.0,30.0,2.4,33.7,466.0,191.0,30.0,both,0.0,0.0,True,0.0,0.0,True,0.0,0.0,True,14.0,14.0,False,0.0,0.0,True,0.0,0.0,True,0.0,0.0,True,74.0,74.0,False,14.0,14.0,False
wdm0006/git-pandas,2024-11,treatment,9d1ac6aa84a50a2234c37f48ad68dde18912a52e,1819.0,0.0,0.0,44.0,2.4,33.7,466.0,265.0,44.0,0,2025-03,0,-4.0,treatment,1819.0,0.0,0.0,30.0,2.4,33.7,466.0,191.0,30.0,both,0.0,0.0,True,0.0,0.0,True,0.0,0.0,True,14.0,14.0,False,0.0,0.0,True,0.0,0.0,True,0.0,0.0,True,74.0,74.0,False,14.0,14.0,False
wdm0006/git-pandas,2024-12,treatment,9d1ac6aa84a50a2234c37f48ad68dde18912a52e,1819.0,0.0,0.0,44.0,2.4,33.7,466.0,265.0,44.0,0,2025-03,0,-3.0,treatment,1819.0,0.0,0.0,30.0,2.4,33.7,466.0,191.0,30.0,both,0.0,0.0,True,0.0,0.0,True,0.0,0.0,True,14.0,14.0,False,0.0,0.0,True,0.0,0.0,True,0.0,0.0,True,74.0,74.0,False,14.0,14.0,False
wdm0006/git-pandas,2025-01,treatment,9d1ac6aa84a50a2234c37f48ad68dde18912a52e,1819.0,0.0,0.0,44.0,2.4,33.7,466.0,265.0,44.0,0,2025-03,0,-2.0,treatment,1819.0,0.0,0.0,30.0,2.4,33.7,466.0,191.0,30.0,both,0.0,0.0,True,0.0,0.0,True,0.0,0.0,True,14.0,14.0,False,0.0,0.0,True,0.0,0.0,True,0.0,0.0,True,74.0,74.0,False,14.0,14.0,False
wdm0006/git-pandas,2025-02,treatment,9d1ac6aa84a50a2234c37f48ad68dde18912a52e,1819.0,0.0,0.0,44.0,2.4,33.7,466.0,265.0,44.0,0,2025-03,0,-1.0,treatment,1819.0,0.0,0.0,30.0,2.4,33.7,466.0,191.0,30.0,both,0.0,0.0,True,0.0,0.0,True,0.0,0.0,True,14.0,14.0,False,0.0,0.0,True,0.0,0.0,True,0.0,0.0,True,74.0,74.0,False,14.0,14.0,False
wdm0006/git-pandas,2025-03,treatment,cffcadc6cb43f955247ebca1e572b1cdbdfbe2cb,3562.0,3.0,0.0,17.0,1.8,33.9,565.0,137.0,20.0,1,2025-03,1,0.0,treatment,3562.0,3.0,0.0,21.0,1.8,33.9,565.0,157.0,24.0,both,0.0,0.0,True,0.0,0.0,True,0.0,0.0,True,-4.0,4.0,False,0.0,0.0,True,0.0,0.0,True,0.0,0.0,True,-20.0,20.0,False,-4.0,4.0,False
wdm0006/git-pandas,2025-04,treatment,3815222038eed6b1e893906d4f8de50e6dcc814c,4262.0,3.0,0.0,24.0,1.5,33.1,737.0,230.0,27.0,1,2025-03,1,1.0,treatment,4262.0,3.0,0.0,25.0,1.5,33.1,737.0,235.0,28.0,both,0.0,0.0,True,0.0,0.0,True,0.0,0.0,True,-1.0,1.0,False,0.0,0.0,True,0.0,0.0,True,0.0,0.0,True,-5.0,5.0,False,-1.0,1.0,False
wdm0006/git-pandas,2025-05,treatment,e5ce078ec6254ad8dd35bc44dad5ca51b833a0ff,5293.0,3.0,0.0,45.0,1.4,32.5,1070.0,526.0,48.0,1,2025-03,1,2.0,treatment,5293.0,9.0,0.0,43.0,1.4,32.5,1070.0,516.0,52.0,both,0.0,0.0,True,-6.0,6.0,False,0.0,0.0,True,2.0,2.0,False,0.0,0.0,True,0.0,0.0,True,0.0,0.0,True,10.0,10.0,False,-4.0,4.0,False
wdm0006/git-pandas,2025-06,treatment,aa920b8b7a2b402677521d48c57bfbf1fb60a3b0,7924.0,3.0,1.0,59.0,1.2,30.2,1559.0,637.0,63.0,1,2025-03,1,3.0,treatment,7924.0,9.0,0.0,74.0,1.2,30.2,1559.0,702.0,83.0,both,0.0,0.0,True,-6.0,6.0,False,1.0,1.0,False,-15.0,15.0,False,0.0,0.0,True,0.0,0.0,True,0.0,0.0,True,-65.0,65.0,False,-20.0,20.0,False
wdm0006/git-pandas,2025-07,treatment,52ef82e1f116c820711afa33c8afebf750e5a3ca,9845.0,3.0,3.0,58.0,1.3,28.8,1835.0,696.0,64.0,1,2025-03,1,4.0,treatment,9845.0,13.0,0.0,60.0,1.3,28.8,1835.0,712.0,73.0,both,0.0,0.0,True,-10.0,10.0,False,3.0,3.0,False,-2.0,2.0,False,0.0,0.0,True,0.0,0.0,True,0.0,0.0,True,-16.0,16.0,False,-9.0,9.0,False
wdm0006/git-pandas,2025-08,treatment,52ef82e1f116c820711afa33c8afebf750e5a3ca,9845.0,3.0,3.0,58.0,1.3,28.8,1835.0,696.0,64.0,,,,,,,,,,,,,,,left_only,,,False,,,False,,,False,,,False,,,False,,,False,,,False,,,False,,,False
wdm0006/pygeohash,2024-01,treatment,4caae880fee8358c5867e1d82fe1c7c5950e0df3,532.0,0.0,0.0,4.0,0.0,41.4,90.0,21.0,4.0,0,2025-03,0,-14.0,treatment,,,,,,,,,,both,,,False,,,False,,,False,,,False,,,False,,,False,,,False,,,False,,,False
wdm0006/pygeohash,2024-02,treatment,4caae880fee8358c5867e1d82fe1c7c5950e0df3,532.0,0.0,0.0,4.0,0.0,41.4,90.0,21.0,4.0,0,2025-03,0,-13.0,treatment,,,,,,,,,,both,,,False,,,False,,,False,,,False,,,False,,,False,,,False,,,False,,,False
wdm0006/pygeohash,2024-03,treatment,4caae880fee8358c5867e1d82fe1c7c5950e0df3,532.0,0.0,0.0,4.0,0.0,41.4,90.0,21.0,4.0,0,2025-03,0,-12.0,treatment,,,,,,,,,,both,,,False,,,False,,,False,,,False,,,False,,,False,,,False,,,False,,,False
wdm0006/pygeohash,2024-04,treatment,4caae880fee8358c5867e1d82fe1c7c5950e0df3,532.0,0.0,0.0,4.0,0.0,41.4,90.0,21.0,4.0,0,2025-03,0,-11.0,treatment,,,,,,,,,,both,,,False,,,False,,,False,,,False,,,False,,,False,,,False,,,False,,,False
wdm0006/pygeohash,2024-05,treatment,4caae880fee8358c5867e1d82fe1c7c5950e0df3,532.0,0.0,0.0,4.0,0.0,41.4,90.0,21.0,4.0,0,2025-03,0,-10.0,treatment,,,,,,,,,,both,,,False,,,False,,,False,,,False,,,False,,,False,,,False,,,False,,,False
wdm0006/pygeohash,2024-06,treatment,dc156ef2b72788f384e5bcc6559539e0d9f07a2f,532.0,0.0,0.0,4.0,0.0,41.4,90.0,21.0,4.0,0,2025-03,0,-9.0,treatment,532.0,0.0,0.0,4.0,0.0,41.4,90.0,21.0,4.0,both,0.0,0.0,True,0.0,0.0,True,0.0,0.0,True,0.0,0.0,True,0.0,0.0,True,0.0,0.0,True,0.0,0.0,True,0.0,0.0,True,0.0,0.0,True
wdm0006/pygeohash,2024-07,treatment,43518444259c181063ad57ad0b0349cb3512e636,570.0,0.0,0.0,4.0,5.0,41.0,105.0,21.0,4.0,0,2025-03,0,-8.0,treatment,570.0,0.0,0.0,4.0,5.0,41.0,105.0,21.0,4.0,both,0.0,0.0,True,0.0,0.0,True,0.0,0.0,True,0.0,0.0,True,0.0,0.0,True,0.0,0.0,True,0.0,0.0,True,0.0,0.0,True,0.0,0.0,True
wdm0006/pygeohash,2024-08,treatment,43518444259c181063ad57ad0b0349cb3512e636,570.0,0.0,0.0,4.0,5.0,41.0,105.0,21.0,4.0,0,2025-03,0,-7.0,treatment,570.0,0.0,0.0,4.0,5.0,41.0,105.0,21.0,4.0,both,0.0,0.0,True,0.0,0.0,True,0.0,0.0,True,0.0,0.0,True,0.0,0.0,True,0.0,0.0,True,0.0,0.0,True,0.0,0.0,True,0.0,0.0,True
wdm0006/pygeohash,2024-09,treatment,43518444259c181063ad57ad0b0349cb3512e636,570.0,0.0,0.0,4.0,5.0,41.0,105.0,21.0,4.0,0,2025-03,0,-6.0,treatment,570.0,0.0,0.0,4.0,5.0,41.0,105.0,21.0,4.0,both,0.0,0.0,True,0.0,0.0,True,0.0,0.0,True,0.0,0.0,True,0.0,0.0,True,0.0,0.0,True,0.0,0.0,True,0.0,0.0,True,0.0,0.0,True
wdm0006/pygeohash,2024-10,treatment,43518444259c181063ad57ad0b0349cb3512e636,570.0,0.0,0.0,4.0,5.0,41.0,105.0,21.0,4.0,0,2025-03,0,-5.0,treatment,570.0,0.0,0.0,4.0,5.0,41.0,105.0,21.0,4.0,both,0.0,0.0,True,0.0,0.0,True,0.0,0.0,True,0.0,0.0,True,0.0,0.0,True,0.0,0.0,True,0.0,0.0,True,0.0,0.0,True,0.0,0.0,True
wdm0006/pygeohash,2024-11,treatment,43518444259c181063ad57ad0b0349cb3512e636,570.0,0.0,0.0,4.0,5.0,41.0,105.0,21.0,4.0,0,2025-03,0,-4.0,treatment,570.0,0.0,0.0,4.0,5.0,41.0,105.0,21.0,4.0,both,0.0,0.0,True,0.0,0.0,True,0.0,0.0,True,0.0,0.0,True,0.0,0.0,True,0.0,0.0,True,0.0,0.0,True,0.0,0.0,True,0.0,0.0,True
wdm0006/pygeohash,2024-12,treatment,bbdf29d420b64a54db2c15930f076b6a0104c839,570.0,0.0,0.0,4.0,5.0,41.0,105.0,21.0,4.0,0,2025-03,0,-3.0,treatment,570.0,0.0,0.0,4.0,5.0,41.0,105.0,21.0,4.0,both,0.0,0.0,True,0.0,0.0,True,0.0,0.0,True,0.0,0.0,True,0.0,0.0,True,0.0,0.0,True,0.0,0.0,True,0.0,0.0,True,0.0,0.0,True
wdm0006/pygeohash,2025-01,treatment,bbdf29d420b64a54db2c15930f076b6a0104c839,570.0,0.0,0.0,4.0,5.0,41.0,105.0,21.0,4.0,0,2025-03,0,-2.0,treatment,570.0,0.0,0.0,4.0,5.0,41.0,105.0,21.0,4.0,both,0.0,0.0,True,0.0,0.0,True,0.0,0.0,True,0.0,0.0,True,0.0,0.0,True,0.0,0.0,True,0.0,0.0,True,0.0,0.0,True,0.0,0.0,True
wdm0006/pygeohash,2025-02,treatment,00c4382efc2785dc5352029c3922b1dceb8438c6,627.0,0.0,0.0,3.0,4.7,39.2,114.0,20.0,3.0,0,2025-03,0,-1.0,treatment,627.0,7.0,0.0,3.0,4.7,39.2,114.0,20.0,10.0,both,0.0,0.0,True,-7.0,7.0,False,0.0,0.0,True,0.0,0.0,True,0.0,0.0,True,0.0,0.0,True,0.0,0.0,True,0.0,0.0,True,-7.0,7.0,False
wdm0006/pygeohash,2025-03,treatment,2f41d18de7e11958c5a0d512def4b04548f5dbac,2668.0,6.0,30.0,99.0,1.6,31.6,172.0,210.0,135.0,1,2025-03,1,0.0,treatment,2669.0,22.0,0.0,16.0,1.6,31.6,172.0,72.0,38.0,both,-1.0,1.0,False,-16.0,16.0,False,30.0,30.0,False,83.0,83.0,False,0.0,0.0,True,0.0,0.0,True,0.0,0.0,True,138.0,138.0,False,97.0,97.0,False
wdm0006/pygeohash,2025-04,treatment,7b24ae63537a63e5bf437d883f1a3bafb76d9f13,2908.0,6.0,30.0,104.0,1.5,31.3,186.0,236.0,140.0,1,2025-03,1,1.0,treatment,2909.0,22.0,0.0,18.0,1.5,31.3,186.0,78.0,40.0,both,-1.0,1.0,False,-16.0,16.0,False,30.0,30.0,False,86.0,86.0,False,0.0,0.0,True,0.0,0.0,True,0.0,0.0,True,158.0,158.0,False,100.0,100.0,False
wdm0006/pygeohash,2025-05,treatment,4cca11280614600558fd2bb4113ebfe25bdee9e4,3012.0,6.0,30.0,104.0,1.5,31.0,207.0,236.0,140.0,1,2025-03,1,2.0,treatment,3013.0,22.0,0.0,18.0,1.5,31.0,207.0,78.0,40.0,both,-1.0,1.0,False,-16.0,16.0,False,30.0,30.0,False,86.0,86.0,False,0.0,0.0,True,0.0,0.0,True,0.0,0.0,True,158.0,158.0,False,100.0,100.0,False
wdm0006/pygeohash,2025-06,treatment,4cca11280614600558fd2bb4113ebfe25bdee9e4,3012.0,6.0,30.0,104.0,1.5,31.0,207.0,236.0,140.0,1,2025-03,1,3.0,treatment,3013.0,22.0,0.0,18.0,1.5,31.0,207.0,78.0,40.0,both,-1.0,1.0,False,-16.0,16.0,False,30.0,30.0,False,86.0,86.0,False,0.0,0.0,True,0.0,0.0,True,0.0,0.0,True,158.0,158.0,False,100.0,100.0,False
wdm0006/pygeohash,2025-07,treatment,af1a1c8426559469f135e34082eac21dfa5e099d,3053.0,6.0,30.0,104.0,1.4,30.9,213.0,236.0,140.0,1,2025-03,1,4.0,treatment,3054.0,22.0,0.0,18.0,1.4,30.9,213.0,78.0,40.0,both,-1.0,1.0,False,-16.0,16.0,False,30.0,30.0,False,86.0,86.0,False,0.0,0.0,True,0.0,0.0,True,0.0,0.0,True,158.0,158.0,False,100.0,100.0,False
wdm0006/pygeohash,2025-08,treatment,af1a1c8426559469f135e34082eac21dfa5e099d,3053.0,6.0,30.0,104.0,1.4,30.9,213.0,236.0,140.0,,,,,,,,,,,,,,,left_only,,,False,,,False,,,False,,,False,,,False,,,False,,,False,,,False,,,False
whiteducksoftware/flock,2025-02,treatment,99f6cc1ace81f64ffb8232a1993a9e6c58f85172,11803.0,6.0,0.0,141.0,4.5,18.3,1868.0,1046.0,147.0,0,2025-03,0,-1.0,treatment,11803.0,2.0,0.0,122.0,4.5,18.3,1868.0,926.0,124.0,both,0.0,0.0,True,4.0,4.0,False,0.0,0.0,True,19.0,19.0,False,0.0,0.0,True,0.0,0.0,True,0.0,0.0,True,120.0,120.0,False,23.0,23.0,False
whiteducksoftware/flock,2025-03,treatment,0f0082f6ee1397b4cd7cdb50fbb9a51df4a469a1,13849.0,8.0,0.0,177.0,3.3,19.9,2618.0,1505.0,185.0,1,2025-03,1,0.0,treatment,12697.0,2.0,0.0,138.0,3.6,18.9,2432.0,1219.0,140.0,both,1152.0,1152.0,False,6.0,6.0,False,0.0,0.0,True,39.0,39.0,False,-0.30000000000000027,0.30000000000000027,False,1.0,1.0,False,186.0,186.0,False,286.0,286.0,False,45.0,45.0,False
whiteducksoftware/flock,2025-04,treatment,3ee5df65ccb8ed5d888eec1a75878698a4b5a9b9,18789.0,6.0,0.0,244.0,1.9,18.2,4273.0,2634.0,250.0,1,2025-03,1,1.0,treatment,18789.0,4.0,0.0,218.0,1.9,18.2,4273.0,2484.0,222.0,both,0.0,0.0,True,2.0,2.0,False,0.0,0.0,True,26.0,26.0,False,0.0,0.0,True,0.0,0.0,True,0.0,0.0,True,150.0,150.0,False,28.0,28.0,False
whiteducksoftware/flock,2025-05,treatment,c60e12a13b66d7f9b7c92f42c2681e331c8ed31d,33737.0,42.0,20.0,503.0,9.0,16.6,6450.0,4673.0,565.0,0,2025-03,0,2.0,treatment,30218.0,26.0,0.0,364.0,2.2,16.5,5963.0,3869.0,390.0,both,3519.0,3519.0,False,16.0,16.0,False,20.0,20.0,False,139.0,139.0,False,6.8,6.8,False,0.10000000000000142,0.10000000000000142,False,487.0,487.0,False,804.0,804.0,False,175.0,175.0,False
whiteducksoftware/flock,2025-06,treatment,db5e65e61bdb943cae439f796be085c5a8218a3c,33799.0,42.0,20.0,497.0,9.1,16.6,6453.0,4647.0,559.0,0,2025-03,0,3.0,treatment,30227.0,26.0,0.0,364.0,2.2,16.5,5963.0,3869.0,390.0,both,3572.0,3572.0,False,16.0,16.0,False,20.0,20.0,False,133.0,133.0,False,6.8999999999999995,6.8999999999999995,False,0.10000000000000142,0.10000000000000142,False,490.0,490.0,False,778.0,778.0,False,169.0,169.0,False
whiteducksoftware/flock,2025-07,treatment,6a7ecf7102ed9dfe91e79bf39f8638e897c05fec,30712.0,40.0,20.0,528.0,2.4,16.5,6051.0,4691.0,588.0,0,2025-03,0,4.0,treatment,30739.0,28.0,0.0,370.0,2.4,16.5,6051.0,3909.0,398.0,both,-27.0,27.0,False,12.0,12.0,False,20.0,20.0,False,158.0,158.0,False,0.0,0.0,True,0.0,0.0,True,0.0,0.0,True,782.0,782.0,False,190.0,190.0,False
whiteducksoftware/flock,2025-08,treatment,88b363080e95e8bdd87e32924216febb6cb5e4c7,33463.0,48.0,20.0,520.0,9.3,16.1,6468.0,4780.0,588.0,0,2025-03,0,5.0,treatment,30948.0,27.0,0.0,369.0,2.4,16.4,6041.0,3907.0,396.0,both,2515.0,2515.0,False,21.0,21.0,False,20.0,20.0,False,151.0,151.0,False,6.9,6.9,False,-0.29999999999999716,0.29999999999999716,False,427.0,427.0,False,873.0,873.0,False,192.0,192.0,False
xzq-xu/jvm-mcp-server,2025-03,treatment,6bd46892290772bf681399797006109ac16c2d65,1363.0,0.0,0.0,45.0,0.0,25.6,381.0,449.0,45.0,1,2025-03,1,0.0,treatment,1363.0,0.0,0.0,28.0,0.0,25.6,381.0,379.0,28.0,both,0.0,0.0,True,0.0,0.0,True,0.0,0.0,True,17.0,17.0,False,0.0,0.0,True,0.0,0.0,True,0.0,0.0,True,70.0,70.0,False,17.0,17.0,False
xzq-xu/jvm-mcp-server,2025-04,treatment,6bd46892290772bf681399797006109ac16c2d65,1363.0,0.0,0.0,45.0,0.0,25.6,381.0,449.0,45.0,1,2025-03,1,1.0,treatment,1363.0,0.0,0.0,28.0,0.0,25.6,381.0,379.0,28.0,both,0.0,0.0,True,0.0,0.0,True,0.0,0.0,True,17.0,17.0,False,0.0,0.0,True,0.0,0.0,True,0.0,0.0,True,70.0,70.0,False,17.0,17.0,False
xzq-xu/jvm-mcp-server,2025-05,treatment,eb13fc337fe0ac17074b4eb285a81217e48c0948,1363.0,0.0,0.0,45.0,0.0,25.6,381.0,449.0,45.0,1,2025-03,1,2.0,treatment,1363.0,0.0,0.0,28.0,0.0,25.6,381.0,379.0,28.0,both,0.0,0.0,True,0.0,0.0,True,0.0,0.0,True,17.0,17.0,False,0.0,0.0,True,0.0,0.0,True,0.0,0.0,True,70.0,70.0,False,17.0,17.0,False
xzq-xu/jvm-mcp-server,2025-06,treatment,6f879f87da4485a8c1f0bd274899068c0e5da28d,3155.0,2.0,0.0,28.0,2.9,22.7,548.0,355.0,30.0,1,2025-03,1,3.0,treatment,3155.0,3.0,0.0,22.0,2.9,22.7,548.0,350.0,25.0,both,0.0,0.0,True,-1.0,1.0,False,0.0,0.0,True,6.0,6.0,False,0.0,0.0,True,0.0,0.0,True,0.0,0.0,True,5.0,5.0,False,5.0,5.0,False
xzq-xu/jvm-mcp-server,2025-07,treatment,6f879f87da4485a8c1f0bd274899068c0e5da28d,3155.0,2.0,0.0,28.0,2.9,22.7,548.0,355.0,30.0,1,2025-03,1,4.0,treatment,3155.0,3.0,0.0,22.0,2.9,22.7,548.0,350.0,25.0,both,0.0,0.0,True,-1.0,1.0,False,0.0,0.0,True,6.0,6.0,False,0.0,0.0,True,0.0,0.0,True,0.0,0.0,True,5.0,5.0,False,5.0,5.0,False
xzq-xu/jvm-mcp-server,2025-08,treatment,6f879f87da4485a8c1f0bd274899068c0e5da28d,3155.0,2.0,0.0,28.0,2.9,22.7,548.0,355.0,30.0,1,2025-03,1,5.0,treatment,3155.0,3.0,0.0,22.0,2.9,22.7,548.0,350.0,25.0,both,0.0,0.0,True,-1.0,1.0,False,0.0,0.0,True,6.0,6.0,False,0.0,0.0,True,0.0,0.0,True,0.0,0.0,True,5.0,5.0,False,5.0,5.0,False
yagami1997/CursorMind,2025-03,treatment,c85ceaa15e0371c4ec4ca426fdd9f2609287efe7,2410.0,2.0,0.0,31.0,1.6,20.4,555.0,131.0,33.0,1,2025-03,1,0.0,treatment,2410.0,0.0,0.0,26.0,1.6,20.4,555.0,106.0,26.0,both,0.0,0.0,True,2.0,2.0,False,0.0,0.0,True,5.0,5.0,False,0.0,0.0,True,0.0,0.0,True,0.0,0.0,True,25.0,25.0,False,7.0,7.0,False
yagami1997/CursorMind,2025-04,treatment,c85ceaa15e0371c4ec4ca426fdd9f2609287efe7,2410.0,2.0,0.0,31.0,1.6,20.4,555.0,131.0,33.0,1,2025-03,1,1.0,treatment,2410.0,0.0,0.0,26.0,1.6,20.4,555.0,106.0,26.0,both,0.0,0.0,True,2.0,2.0,False,0.0,0.0,True,5.0,5.0,False,0.0,0.0,True,0.0,0.0,True,0.0,0.0,True,25.0,25.0,False,7.0,7.0,False
yagami1997/CursorMind,2025-05,treatment,c85ceaa15e0371c4ec4ca426fdd9f2609287efe7,2410.0,2.0,0.0,31.0,1.6,20.4,555.0,131.0,33.0,1,2025-03,1,2.0,treatment,2410.0,0.0,0.0,26.0,1.6,20.4,555.0,106.0,26.0,both,0.0,0.0,True,2.0,2.0,False,0.0,0.0,True,5.0,5.0,False,0.0,0.0,True,0.0,0.0,True,0.0,0.0,True,25.0,25.0,False,7.0,7.0,False
yagami1997/CursorMind,2025-06,treatment,c85ceaa15e0371c4ec4ca426fdd9f2609287efe7,2410.0,2.0,0.0,31.0,1.6,20.4,555.0,131.0,33.0,1,2025-03,1,3.0,treatment,2410.0,0.0,0.0,26.0,1.6,20.4,555.0,106.0,26.0,both,0.0,0.0,True,2.0,2.0,False,0.0,0.0,True,5.0,5.0,False,0.0,0.0,True,0.0,0.0,True,0.0,0.0,True,25.0,25.0,False,7.0,7.0,False
yagami1997/CursorMind,2025-07,treatment,c85ceaa15e0371c4ec4ca426fdd9f2609287efe7,2410.0,2.0,0.0,31.0,1.6,20.4,555.0,131.0,33.0,1,2025-03,1,4.0,treatment,2410.0,0.0,0.0,26.0,1.6,20.4,555.0,106.0,26.0,both,0.0,0.0,True,2.0,2.0,False,0.0,0.0,True,5.0,5.0,False,0.0,0.0,True,0.0,0.0,True,0.0,0.0,True,25.0,25.0,False,7.0,7.0,False
yagami1997/CursorMind,2025-08,treatment,c85ceaa15e0371c4ec4ca426fdd9f2609287efe7,2410.0,2.0,0.0,31.0,1.6,20.4,555.0,131.0,33.0,1,2025-03,1,5.0,treatment,2410.0,0.0,0.0,26.0,1.6,20.4,555.0,106.0,26.0,both,0.0,0.0,True,2.0,2.0,False,0.0,0.0,True,5.0,5.0,False,0.0,0.0,True,0.0,0.0,True,0.0,0.0,True,25.0,25.0,False,7.0,7.0,False
yagami1997/TradeMind,2025-02,treatment,05071f6b95509245dd029e65cc5382d253a917cc,1310.0,1.0,0.0,16.0,0.0,5.6,207.0,89.0,17.0,0,2025-03,0,-1.0,treatment,1310.0,1.0,0.0,11.0,0.0,5.6,207.0,64.0,12.0,both,0.0,0.0,True,0.0,0.0,True,0.0,0.0,True,5.0,5.0,False,0.0,0.0,True,0.0,0.0,True,0.0,0.0,True,25.0,25.0,False,5.0,5.0,False
yagami1997/TradeMind,2025-03,treatment,780f475050fbfda4467f51886b984bef6546321e,12244.0,4.0,14.0,267.0,2.0,20.8,2496.0,2187.0,285.0,1,2025-03,1,0.0,treatment,12241.0,8.0,0.0,241.0,2.0,20.8,2496.0,2136.0,249.0,both,3.0,3.0,False,-4.0,4.0,False,14.0,14.0,False,26.0,26.0,False,0.0,0.0,True,0.0,0.0,True,0.0,0.0,True,51.0,51.0,False,36.0,36.0,False
yagami1997/TradeMind,2025-04,treatment,e8e515795a45a84d3d41bd2d516d2617d30dab13,12244.0,4.0,14.0,267.0,2.2,20.8,2496.0,2187.0,285.0,1,2025-03,1,1.0,treatment,12241.0,8.0,0.0,241.0,2.2,20.8,2496.0,2136.0,249.0,both,3.0,3.0,False,-4.0,4.0,False,14.0,14.0,False,26.0,26.0,False,0.0,0.0,True,0.0,0.0,True,0.0,0.0,True,51.0,51.0,False,36.0,36.0,False
yagami1997/TradeMind,2025-05,treatment,7dafedda26042a0d1cba37dab34399e801799384,13962.0,24.0,14.0,281.0,1.9,20.5,2781.0,2409.0,319.0,1,2025-03,1,2.0,treatment,13959.0,28.0,0.0,253.0,1.9,20.5,2781.0,2348.0,281.0,both,3.0,3.0,False,-4.0,4.0,False,14.0,14.0,False,28.0,28.0,False,0.0,0.0,True,0.0,0.0,True,0.0,0.0,True,61.0,61.0,False,38.0,38.0,False
yagami1997/TradeMind,2025-06,treatment,a6306a53fac7c340119ed7b579c891421d1e4dd1,13962.0,24.0,14.0,281.0,1.9,20.5,2781.0,2409.0,319.0,1,2025-03,1,3.0,treatment,13959.0,28.0,0.0,253.0,1.9,20.5,2781.0,2348.0,281.0,both,3.0,3.0,False,-4.0,4.0,False,14.0,14.0,False,28.0,28.0,False,0.0,0.0,True,0.0,0.0,True,0.0,0.0,True,61.0,61.0,False,38.0,38.0,False
yagami1997/TradeMind,2025-07,treatment,c2037bf02a7efd51e0eb24c28b96abbd655aafb6,13962.0,24.0,14.0,281.0,1.9,20.5,2781.0,2409.0,319.0,1,2025-03,1,4.0,treatment,13959.0,28.0,0.0,253.0,1.9,20.5,2781.0,2348.0,281.0,both,3.0,3.0,False,-4.0,4.0,False,14.0,14.0,False,28.0,28.0,False,0.0,0.0,True,0.0,0.0,True,0.0,0.0,True,61.0,61.0,False,38.0,38.0,False
yagami1997/TradeMind,2025-08,treatment,c2037bf02a7efd51e0eb24c28b96abbd655aafb6,13962.0,24.0,14.0,281.0,1.9,20.5,2781.0,2409.0,319.0,,,,,,,,,,,,,,,left_only,,,False,,,False,,,False,,,False,,,False,,,False,,,False,,,False,,,False
yeagerai/genlayer-studio,2024-03,treatment,417fc9b162412b9fd9b4064d04dfc33bc86926c8,1252.0,3.0,2.0,40.0,0.0,5.7,83.0,131.0,45.0,0,2025-03,0,-12.0,treatment,1252.0,0.0,0.0,35.0,0.0,5.7,83.0,109.0,35.0,both,0.0,0.0,True,3.0,3.0,False,2.0,2.0,False,5.0,5.0,False,0.0,0.0,True,0.0,0.0,True,0.0,0.0,True,22.0,22.0,False,10.0,10.0,False
yeagerai/genlayer-studio,2024-04,treatment,96be12e9efe60279012b01387fde0f9913424a43,4867.0,9.0,5.0,87.0,0.0,2.8,373.0,754.0,101.0,0,2025-03,0,-11.0,treatment,4867.0,9.0,1.0,97.0,0.0,2.8,373.0,788.0,107.0,both,0.0,0.0,True,0.0,0.0,True,4.0,4.0,False,-10.0,10.0,False,0.0,0.0,True,0.0,0.0,True,0.0,0.0,True,-34.0,34.0,False,-6.0,6.0,False
yeagerai/genlayer-studio,2024-05,treatment,08fff8eb122cff09c100a619e785edae1bf1340e,7761.0,13.0,4.0,153.0,1.2,2.9,681.0,1333.0,170.0,0,2025-03,0,-10.0,treatment,7761.0,22.0,1.0,134.0,1.2,2.9,681.0,1004.0,157.0,both,0.0,0.0,True,-9.0,9.0,False,3.0,3.0,False,19.0,19.0,False,0.0,0.0,True,0.0,0.0,True,0.0,0.0,True,329.0,329.0,False,13.0,13.0,False
yeagerai/genlayer-studio,2024-06,treatment,5672716bd38eccbada79e51ca6b7991a7e02bddb,8700.0,13.0,4.0,163.0,1.7,3.6,728.0,1342.0,180.0,0,2025-03,0,-9.0,treatment,8700.0,23.0,1.0,147.0,1.7,3.6,728.0,1077.0,171.0,both,0.0,0.0,True,-10.0,10.0,False,3.0,3.0,False,16.0,16.0,False,0.0,0.0,True,0.0,0.0,True,0.0,0.0,True,265.0,265.0,False,9.0,9.0,False
yeagerai/genlayer-studio,2024-07,treatment,2daae8ebb3eb99d918d72779ec87aa4d538c2f5c,11226.0,4.0,3.0,145.0,3.5,5.0,771.0,1042.0,152.0,0,2025-03,0,-8.0,treatment,11224.0,3.0,1.0,130.0,3.5,5.0,771.0,870.0,134.0,both,2.0,2.0,False,1.0,1.0,False,2.0,2.0,False,15.0,15.0,False,0.0,0.0,True,0.0,0.0,True,0.0,0.0,True,172.0,172.0,False,18.0,18.0,False
yeagerai/genlayer-studio,2024-08,treatment,32604163814065de10c5fd132f4c04c2b7e63fcf,12678.0,3.0,3.0,143.0,3.1,4.7,774.0,1167.0,149.0,0,2025-03,0,-7.0,treatment,12677.0,4.0,1.0,116.0,3.1,4.7,774.0,813.0,121.0,both,1.0,1.0,False,-1.0,1.0,False,2.0,2.0,False,27.0,27.0,False,0.0,0.0,True,0.0,0.0,True,0.0,0.0,True,354.0,354.0,False,28.0,28.0,False
yeagerai/genlayer-studio,2024-09,treatment,6a6b70aa73ac4126dc43c7ae25f9fde1f7796d54,15868.0,2.0,3.0,162.0,4.8,5.1,769.0,1220.0,167.0,0,2025-03,0,-6.0,treatment,13299.0,2.0,1.0,111.0,3.7,4.5,726.0,614.0,114.0,both,2569.0,2569.0,False,0.0,0.0,True,2.0,2.0,False,51.0,51.0,False,1.0999999999999996,1.0999999999999996,False,0.5999999999999996,0.5999999999999996,False,43.0,43.0,False,606.0,606.0,False,53.0,53.0,False
yeagerai/genlayer-studio,2024-10,treatment,19cc640fc1371364503e01c17750c3f29b54c0ac,18342.0,2.0,3.0,207.0,4.1,4.8,994.0,1569.0,212.0,0,2025-03,0,-5.0,treatment,15724.0,2.0,1.0,133.0,3.1,4.3,953.0,898.0,136.0,both,2618.0,2618.0,False,0.0,0.0,True,2.0,2.0,False,74.0,74.0,False,0.9999999999999996,0.9999999999999996,False,0.5,0.5,False,41.0,41.0,False,671.0,671.0,False,76.0,76.0,False
yeagerai/genlayer-studio,2024-11,treatment,663a89ea1ddeca2f295ef8ea4513e8b8d0baa1a8,19067.0,2.0,3.0,227.0,3.4,4.4,1014.0,1727.0,232.0,0,2025-03,0,-4.0,treatment,14376.0,1.0,1.0,118.0,1.1,4.2,960.0,810.0,120.0,both,4691.0,4691.0,False,1.0,1.0,False,2.0,2.0,False,109.0,109.0,False,2.3,2.3,False,0.20000000000000018,0.20000000000000018,False,54.0,54.0,False,917.0,917.0,False,112.0,112.0,False
yeagerai/genlayer-studio,2024-12,treatment,3ff73e541a12e98d59578c492cf2f007a92540c4,21568.0,2.0,3.0,298.0,4.5,6.8,1206.0,2129.0,303.0,0,2025-03,0,-3.0,treatment,15719.0,1.0,1.0,175.0,1.0,6.6,1063.0,1143.0,177.0,both,5849.0,5849.0,False,1.0,1.0,False,2.0,2.0,False,123.0,123.0,False,3.5,3.5,False,0.20000000000000018,0.20000000000000018,False,143.0,143.0,False,986.0,986.0,False,126.0,126.0,False
yeagerai/genlayer-studio,2025-01,treatment,04fae826144162455aba04e0c087a292c884d191,22173.0,4.0,3.0,293.0,4.4,6.7,1234.0,2053.0,300.0,0,2025-03,0,-2.0,treatment,16120.0,1.0,1.0,170.0,0.9,6.5,1084.0,1131.0,172.0,both,6053.0,6053.0,False,3.0,3.0,False,2.0,2.0,False,123.0,123.0,False,3.5000000000000004,3.5000000000000004,False,0.20000000000000018,0.20000000000000018,False,150.0,150.0,False,922.0,922.0,False,128.0,128.0,False
yeagerai/genlayer-studio,2025-02,treatment,a4969752bc251e96bff49703eb27f4fdd99ae423,23526.0,4.0,3.0,289.0,3.1,7.5,1363.0,2081.0,296.0,0,2025-03,0,-1.0,treatment,17292.0,1.0,1.0,151.0,1.1,7.5,1205.0,1099.0,153.0,both,6234.0,6234.0,False,3.0,3.0,False,2.0,2.0,False,138.0,138.0,False,2.0,2.0,False,0.0,0.0,True,158.0,158.0,False,982.0,982.0,False,143.0,143.0,False
yeagerai/genlayer-studio,2025-03,treatment,6ecca4614fd6bdecb1edbfcc38052c2b1e0b1010,23737.0,5.0,3.0,290.0,3.1,7.4,1393.0,2087.0,298.0,1,2025-03,1,0.0,treatment,17409.0,2.0,1.0,152.0,1.1,7.5,1231.0,1105.0,155.0,both,6328.0,6328.0,False,3.0,3.0,False,2.0,2.0,False,138.0,138.0,False,2.0,2.0,False,-0.09999999999999964,0.09999999999999964,False,162.0,162.0,False,982.0,982.0,False,143.0,143.0,False
yeagerai/genlayer-studio,2025-04,treatment,ee19a3e79a40079f1fd8b52c6f52795b78bbb6e3,27099.0,5.0,3.0,349.0,2.8,7.3,1736.0,3603.0,357.0,1,2025-03,1,1.0,treatment,17414.0,2.0,1.0,152.0,1.1,7.5,1231.0,1105.0,155.0,both,9685.0,9685.0,False,3.0,3.0,False,2.0,2.0,False,197.0,197.0,False,1.6999999999999997,1.6999999999999997,False,-0.20000000000000018,0.20000000000000018,False,505.0,505.0,False,2498.0,2498.0,False,202.0,202.0,False
yeagerai/genlayer-studio,2025-05,treatment,015258ffda52c268c43ebf7adb29fcdc18a41fd2,27796.0,5.0,3.0,358.0,2.8,7.4,1859.0,3676.0,366.0,1,2025-03,1,2.0,treatment,20916.0,2.0,1.0,172.0,1.3,7.4,1641.0,1443.0,175.0,both,6880.0,6880.0,False,3.0,3.0,False,2.0,2.0,False,186.0,186.0,False,1.4999999999999998,1.4999999999999998,False,0.0,0.0,True,218.0,218.0,False,2233.0,2233.0,False,191.0,191.0,False
yeagerai/genlayer-studio,2025-06,treatment,0ebe53c02e38e86cbf52545b4c1684d3faeb2607,28166.0,4.0,1.0,365.0,2.6,7.3,1913.0,3784.0,370.0,1,2025-03,1,3.0,treatment,21166.0,2.0,0.0,167.0,0.9,7.2,1679.0,1494.0,169.0,both,7000.0,7000.0,False,2.0,2.0,False,1.0,1.0,False,198.0,198.0,False,1.7000000000000002,1.7000000000000002,False,0.09999999999999964,0.09999999999999964,False,234.0,234.0,False,2290.0,2290.0,False,201.0,201.0,False
yeagerai/genlayer-studio,2025-07,treatment,128e60f694f4ff5c351198deba55db7d4d2d6e8c,30562.0,4.0,1.0,378.0,2.3,7.7,2123.0,3903.0,383.0,1,2025-03,1,4.0,treatment,22311.0,2.0,0.0,172.0,0.9,7.6,1818.0,1573.0,174.0,both,8251.0,8251.0,False,2.0,2.0,False,1.0,1.0,False,206.0,206.0,False,1.4,1.4,False,0.10000000000000053,0.10000000000000053,False,305.0,305.0,False,2330.0,2330.0,False,209.0,209.0,False
yeagerai/genlayer-studio,2025-08,treatment,116ca5fc5f7fffe83843572c0897d381dc36ebfb,31585.0,4.0,1.0,384.0,2.2,7.9,2312.0,3942.0,389.0,1,2025-03,1,5.0,treatment,22583.0,2.0,0.0,176.0,0.8,7.7,1964.0,1660.0,178.0,both,9002.0,9002.0,False,2.0,2.0,False,1.0,1.0,False,208.0,208.0,False,1.4000000000000001,1.4000000000000001,False,0.20000000000000018,0.20000000000000018,False,348.0,348.0,False,2282.0,2282.0,False,211.0,211.0,False
zauberzeug/nicegui,2024-01,treatment,f4c57a962f8cc96085eb41860c1346da77228824,197453.0,471.0,3.0,22469.0,7.7,3.0,89866.0,136857.0,22943.0,0,2025-03,0,-14.0,treatment,197511.0,2203.0,0.0,19235.0,33.9,3.1,89866.0,123658.0,21438.0,both,-58.0,58.0,False,-1732.0,1732.0,False,3.0,3.0,False,3234.0,3234.0,False,-26.2,26.2,False,-0.10000000000000009,0.10000000000000009,False,0.0,0.0,True,13199.0,13199.0,False,1505.0,1505.0,False
zauberzeug/nicegui,2024-02,treatment,4a0c1c874fc3b56c4f2dc400a4367a71df5a66fe,201153.0,472.0,3.0,22645.0,7.7,3.2,90862.0,137896.0,23120.0,0,2025-03,0,-13.0,treatment,201209.0,2204.0,0.0,19325.0,33.0,3.3,90862.0,124407.0,21529.0,both,-56.0,56.0,False,-1732.0,1732.0,False,3.0,3.0,False,3320.0,3320.0,False,-25.3,25.3,False,-0.09999999999999964,0.09999999999999964,False,0.0,0.0,True,13489.0,13489.0,False,1591.0,1591.0,False
zauberzeug/nicegui,2024-03,treatment,fff7b27eea91bf2b3d3f3080f0919c3ac62978b8,201814.0,472.0,3.0,22694.0,7.7,3.3,91071.0,138143.0,23169.0,0,2025-03,0,-12.0,treatment,201874.0,2204.0,0.0,19341.0,32.9,3.3,91071.0,124488.0,21545.0,both,-60.0,60.0,False,-1732.0,1732.0,False,3.0,3.0,False,3353.0,3353.0,False,-25.2,25.2,False,0.0,0.0,True,0.0,0.0,True,13655.0,13655.0,False,1624.0,1624.0,False
zauberzeug/nicegui,2024-04,treatment,1bce2bad367d5baf842badb51a0d78c8543a49ef,202776.0,473.0,3.0,22702.0,7.7,3.3,91138.0,138256.0,23178.0,0,2025-03,0,-11.0,treatment,202836.0,2205.0,0.0,19343.0,32.7,3.4,91138.0,124519.0,21548.0,both,-60.0,60.0,False,-1732.0,1732.0,False,3.0,3.0,False,3359.0,3359.0,False,-25.000000000000004,25.000000000000004,False,-0.10000000000000009,0.10000000000000009,False,0.0,0.0,True,13737.0,13737.0,False,1630.0,1630.0,False
zauberzeug/nicegui,2024-05,treatment,92a0cf0fdaee28ffba8329483e55f2a5d5c529fe,203896.0,473.0,4.0,22711.0,7.7,3.4,91241.0,138306.0,23188.0,0,2025-03,0,-10.0,treatment,203957.0,2205.0,0.0,19350.0,32.6,3.4,91241.0,124570.0,21555.0,both,-61.0,61.0,False,-1732.0,1732.0,False,4.0,4.0,False,3361.0,3361.0,False,-24.900000000000002,24.900000000000002,False,0.0,0.0,True,0.0,0.0,True,13736.0,13736.0,False,1633.0,1633.0,False
zauberzeug/nicegui,2024-06,treatment,462af82d7027979fe68e7245b772c2c6cdbe7d94,204376.0,474.0,4.0,22718.0,7.7,3.4,91271.0,138336.0,23196.0,0,2025-03,0,-9.0,treatment,204437.0,2206.0,0.0,19352.0,32.5,3.4,91271.0,124588.0,21558.0,both,-61.0,61.0,False,-1732.0,1732.0,False,4.0,4.0,False,3366.0,3366.0,False,-24.8,24.8,False,0.0,0.0,True,0.0,0.0,True,13748.0,13748.0,False,1638.0,1638.0,False
zauberzeug/nicegui,2024-07,treatment,b0bc2078fb1e70607879d82ce96e3a488bc41f69,204666.0,474.0,4.0,22721.0,7.7,3.4,91291.0,138351.0,23199.0,0,2025-03,0,-8.0,treatment,204727.0,2206.0,0.0,19352.0,32.5,3.4,91291.0,124588.0,21558.0,both,-61.0,61.0,False,-1732.0,1732.0,False,4.0,4.0,False,3369.0,3369.0,False,-24.8,24.8,False,0.0,0.0,True,0.0,0.0,True,13763.0,13763.0,False,1641.0,1641.0,False
zauberzeug/nicegui,2024-08,treatment,06921814203898f7f83abb27899f34082e76f804,,,,,,,,,,0,2025-03,0,-7.0,treatment,208212.0,4466.0,0.0,33253.0,37.3,5.9,94442.0,193606.0,37719.0,both,,,False,,,False,,,False,,,False,,,False,,,False,,,False,,,False,,,False
zauberzeug/nicegui,2024-09,treatment,b7b6956f26ba5e731ec2f7feae53b604f624495c,,,,,,,,,,0,2025-03,0,-6.0,treatment,208569.0,4466.0,0.0,33258.0,37.2,5.9,94473.0,193644.0,37724.0,both,,,False,,,False,,,False,,,False,,,False,,,False,,,False,,,False,,,False
zauberzeug/nicegui,2024-10,treatment,c810dda1c4380fd0cca20a40dfe78653af080f38,,,,,,,,,,0,2025-03,0,-5.0,treatment,208942.0,4466.0,0.0,33259.0,37.1,5.9,94504.0,193654.0,37725.0,both,,,False,,,False,,,False,,,False,,,False,,,False,,,False,,,False,,,False
zauberzeug/nicegui,2024-11,treatment,25a633450d1223dcc8f1ad59d260d2e844b5519d,209176.0,2276.0,4.0,41078.0,10.6,5.9,94568.0,229427.0,43358.0,0,2025-03,0,-4.0,treatment,209370.0,4466.0,0.0,33267.0,37.1,6.0,94568.0,193701.0,37733.0,both,-194.0,194.0,False,-2190.0,2190.0,False,4.0,4.0,False,7811.0,7811.0,False,-26.5,26.5,False,-0.09999999999999964,0.09999999999999964,False,0.0,0.0,True,35726.0,35726.0,False,5625.0,5625.0,False
zauberzeug/nicegui,2024-12,treatment,343dc0da8de0cf2f645cf8b5d76f5b439cb817f3,209433.0,2278.0,4.0,41092.0,10.5,5.9,94621.0,229487.0,43374.0,0,2025-03,0,-3.0,treatment,209627.0,4466.0,0.0,33267.0,37.0,6.0,94621.0,193717.0,37733.0,both,-194.0,194.0,False,-2188.0,2188.0,False,4.0,4.0,False,7825.0,7825.0,False,-26.5,26.5,False,-0.09999999999999964,0.09999999999999964,False,0.0,0.0,True,35770.0,35770.0,False,5641.0,5641.0,False
zauberzeug/nicegui,2025-01,treatment,7a540bf3dded6f1e58d32bf21a97d9a5c013afc1,210322.0,2278.0,4.0,41099.0,10.5,5.9,94683.0,229522.0,43381.0,0,2025-03,0,-2.0,treatment,210516.0,4466.0,0.0,33269.0,36.8,6.0,94683.0,193727.0,37735.0,both,-194.0,194.0,False,-2188.0,2188.0,False,4.0,4.0,False,7830.0,7830.0,False,-26.299999999999997,26.299999999999997,False,-0.09999999999999964,0.09999999999999964,False,0.0,0.0,True,35795.0,35795.0,False,5646.0,5646.0,False
zauberzeug/nicegui,2025-02,treatment,b71074ef73498f532234a837ea04a08ffbf4e804,210815.0,2278.0,4.0,41102.0,10.5,6.0,94749.0,229531.0,43384.0,0,2025-03,0,-1.0,treatment,211009.0,4466.0,0.0,33269.0,36.7,6.0,94749.0,193727.0,37735.0,both,-194.0,194.0,False,-2188.0,2188.0,False,4.0,4.0,False,7833.0,7833.0,False,-26.200000000000003,26.200000000000003,False,0.0,0.0,True,0.0,0.0,True,35804.0,35804.0,False,5649.0,5649.0,False
zauberzeug/nicegui,2025-03,treatment,745167c81c219beda5ebaf850dfb7a3e772f96ac,211266.0,2278.0,4.0,41099.0,10.5,6.0,94810.0,229554.0,43381.0,1,2025-03,1,0.0,treatment,211460.0,4466.0,0.0,33270.0,36.6,6.0,94810.0,193770.0,37736.0,both,-194.0,194.0,False,-2188.0,2188.0,False,4.0,4.0,False,7829.0,7829.0,False,-26.1,26.1,False,0.0,0.0,True,0.0,0.0,True,35784.0,35784.0,False,5645.0,5645.0,False
zauberzeug/nicegui,2025-04,treatment,2b8b1a696992e64578f2e4c5fc285e90b60b87a6,78118.0,602.0,4.0,24822.0,1.4,8.1,65372.0,136929.0,25428.0,1,2025-03,1,1.0,treatment,211510.0,4466.0,0.0,33270.0,36.6,6.0,94814.0,193776.0,37736.0,both,-133392.0,133392.0,False,-3864.0,3864.0,False,4.0,4.0,False,-8448.0,8448.0,False,-35.2,35.2,False,2.0999999999999996,2.0999999999999996,False,-29442.0,29442.0,False,-56847.0,56847.0,False,-12308.0,12308.0,False
zauberzeug/nicegui,2025-05,treatment,947772d66c6d108a7d12fe65b8b76f6110f7d20e,78746.0,602.0,3.0,24824.0,1.4,8.1,65421.0,136955.0,25429.0,1,2025-03,1,2.0,treatment,78941.0,2688.0,0.0,20715.0,7.4,8.2,65421.0,118922.0,23403.0,both,-195.0,195.0,False,-2086.0,2086.0,False,3.0,3.0,False,4109.0,4109.0,False,-6.0,6.0,False,-0.09999999999999964,0.09999999999999964,False,0.0,0.0,True,18033.0,18033.0,False,2026.0,2026.0,False
zauberzeug/nicegui,2025-06,treatment,b3ea0df4e3b73a6e9e8f8fa57b8c052deb8f3694,78968.0,602.0,3.0,24823.0,1.4,8.1,65476.0,136975.0,25428.0,1,2025-03,1,3.0,treatment,79163.0,2688.0,0.0,20717.0,7.4,8.2,65476.0,118972.0,23405.0,both,-195.0,195.0,False,-2086.0,2086.0,False,3.0,3.0,False,4106.0,4106.0,False,-6.0,6.0,False,-0.09999999999999964,0.09999999999999964,False,0.0,0.0,True,18003.0,18003.0,False,2023.0,2023.0,False
zauberzeug/nicegui,2025-07,treatment,30a70325d55e110b87a6279664e6b7987ceb2067,80844.0,602.0,3.0,24840.0,1.4,8.2,65685.0,137105.0,25445.0,1,2025-03,1,4.0,treatment,81041.0,2688.0,0.0,20733.0,7.2,8.3,65685.0,119151.0,23421.0,both,-197.0,197.0,False,-2086.0,2086.0,False,3.0,3.0,False,4107.0,4107.0,False,-5.800000000000001,5.800000000000001,False,-0.10000000000000142,0.10000000000000142,False,0.0,0.0,True,17954.0,17954.0,False,2024.0,2024.0,False
zauberzeug/nicegui,2025-08,treatment,47a9542199eda065b82bfefe2f159323621d3d38,81288.0,601.0,3.0,24842.0,1.4,8.3,65718.0,137112.0,25446.0,1,2025-03,1,5.0,treatment,81486.0,2688.0,0.0,20735.0,7.1,8.3,65718.0,119160.0,23423.0,both,-198.0,198.0,False,-2087.0,2087.0,False,3.0,3.0,False,4107.0,4107.0,False,-5.699999999999999,5.699999999999999,False,0.0,0.0,True,0.0,0.0,True,17952.0,17952.0,False,2023.0,2023.0,False
zilliztech/mcp-server-milvus,2025-03,treatment,7b8e5e0c9e5578b5b7bac3657c33c0ac796389c8,447.0,0.0,0.0,26.0,0.0,33.2,30.0,130.0,26.0,1,2025-03,1,0.0,treatment,447.0,0.0,0.0,5.0,0.0,33.2,30.0,25.0,5.0,both,0.0,0.0,True,0.0,0.0,True,0.0,0.0,True,21.0,21.0,False,0.0,0.0,True,0.0,0.0,True,0.0,0.0,True,105.0,105.0,False,21.0,21.0,False
zilliztech/mcp-server-milvus,2025-04,treatment,f077a68012b3d73a19b68aa0ededcb2d82fb3cd6,435.0,0.0,0.0,25.0,0.0,33.8,29.0,125.0,25.0,1,2025-03,1,1.0,treatment,435.0,0.0,0.0,5.0,0.0,33.8,29.0,25.0,5.0,both,0.0,0.0,True,0.0,0.0,True,0.0,0.0,True,20.0,20.0,False,0.0,0.0,True,0.0,0.0,True,0.0,0.0,True,100.0,100.0,False,20.0,20.0,False
zilliztech/mcp-server-milvus,2025-05,treatment,a5ca1c1e427d9f9ea0bbfcef26c62f2c6d111de2,513.0,0.0,0.0,26.0,0.0,32.3,34.0,130.0,26.0,1,2025-03,1,2.0,treatment,513.0,0.0,0.0,5.0,0.0,32.3,34.0,25.0,5.0,both,0.0,0.0,True,0.0,0.0,True,0.0,0.0,True,21.0,21.0,False,0.0,0.0,True,0.0,0.0,True,0.0,0.0,True,105.0,105.0,False,21.0,21.0,False
zilliztech/mcp-server-milvus,2025-06,treatment,02fb0592513af3b3e05a12f948a35f98bd2f8447,488.0,0.0,0.0,26.0,0.0,33.4,33.0,130.0,26.0,1,2025-03,1,3.0,treatment,488.0,0.0,0.0,5.0,0.0,33.4,33.0,25.0,5.0,both,0.0,0.0,True,0.0,0.0,True,0.0,0.0,True,21.0,21.0,False,0.0,0.0,True,0.0,0.0,True,0.0,0.0,True,105.0,105.0,False,21.0,21.0,False
zilliztech/mcp-server-milvus,2025-07,treatment,02fb0592513af3b3e05a12f948a35f98bd2f8447,488.0,0.0,0.0,26.0,0.0,33.4,33.0,130.0,26.0,,,,,,,,,,,,,,,left_only,,,False,,,False,,,False,,,False,,,False,,,False,,,False,,,False,,,False
zilliztech/mcp-server-milvus,2025-08,treatment,02fb0592513af3b3e05a12f948a35f98bd2f8447,488.0,0.0,0.0,26.0,0.0,33.4,33.0,130.0,26.0,,,,,,,,,,,,,,,left_only,,,False,,,False,,,False,,,False,,,False,,,False,,,False,,,False,,,False
2019211474/DL-NASA-SOH-CNN-BILSTM-Attention,2024-01,control,5221bbfc995e48829975b34634f55d0e5936e59a,410.0,0.0,0.0,67.0,32.9,21.3,4.0,251.0,67.0,0,,0,,control,,,,,,,,,,both,,,False,,,False,,,False,,,False,,,False,,,False,,,False,,,False,,,False
2019211474/DL-NASA-SOH-CNN-BILSTM-Attention,2024-02,control,5221bbfc995e48829975b34634f55d0e5936e59a,410.0,0.0,0.0,67.0,32.9,21.3,4.0,251.0,67.0,0,,0,,control,,,,,,,,,,both,,,False,,,False,,,False,,,False,,,False,,,False,,,False,,,False,,,False
2019211474/DL-NASA-SOH-CNN-BILSTM-Attention,2024-03,control,5221bbfc995e48829975b34634f55d0e5936e59a,410.0,0.0,0.0,67.0,32.9,21.3,4.0,251.0,67.0,0,,0,,control,,,,,,,,,,both,,,False,,,False,,,False,,,False,,,False,,,False,,,False,,,False,,,False
2019211474/DL-NASA-SOH-CNN-BILSTM-Attention,2024-04,control,5221bbfc995e48829975b34634f55d0e5936e59a,410.0,0.0,0.0,67.0,32.9,21.3,4.0,251.0,67.0,0,,0,,control,,,,,,,,,,both,,,False,,,False,,,False,,,False,,,False,,,False,,,False,,,False,,,False
2019211474/DL-NASA-SOH-CNN-BILSTM-Attention,2024-05,control,5221bbfc995e48829975b34634f55d0e5936e59a,410.0,0.0,0.0,67.0,32.9,21.3,4.0,251.0,67.0,0,,0,,control,,,,,,,,,,both,,,False,,,False,,,False,,,False,,,False,,,False,,,False,,,False,,,False
2019211474/DL-NASA-SOH-CNN-BILSTM-Attention,2024-06,control,5221bbfc995e48829975b34634f55d0e5936e59a,410.0,0.0,0.0,67.0,32.9,21.3,4.0,251.0,67.0,0,,0,,control,,,,,,,,,,both,,,False,,,False,,,False,,,False,,,False,,,False,,,False,,,False,,,False
2019211474/DL-NASA-SOH-CNN-BILSTM-Attention,2024-07,control,5221bbfc995e48829975b34634f55d0e5936e59a,410.0,0.0,0.0,67.0,32.9,21.3,4.0,251.0,67.0,0,,0,,control,,,,,,,,,,both,,,False,,,False,,,False,,,False,,,False,,,False,,,False,,,False,,,False
2019211474/DL-NASA-SOH-CNN-BILSTM-Attention,2024-08,control,5221bbfc995e48829975b34634f55d0e5936e59a,410.0,0.0,0.0,67.0,32.9,21.3,4.0,251.0,67.0,0,,0,,control,,,,,,,,,,both,,,False,,,False,,,False,,,False,,,False,,,False,,,False,,,False,,,False
2019211474/DL-NASA-SOH-CNN-BILSTM-Attention,2024-09,control,5221bbfc995e48829975b34634f55d0e5936e59a,410.0,0.0,0.0,67.0,32.9,21.3,4.0,251.0,67.0,0,,0,,control,,,,,,,,,,both,,,False,,,False,,,False,,,False,,,False,,,False,,,False,,,False,,,False
2019211474/DL-NASA-SOH-CNN-BILSTM-Attention,2024-10,control,5221bbfc995e48829975b34634f55d0e5936e59a,410.0,0.0,0.0,67.0,32.9,21.3,4.0,251.0,67.0,0,,0,,control,,,,,,,,,,both,,,False,,,False,,,False,,,False,,,False,,,False,,,False,,,False,,,False
2019211474/DL-NASA-SOH-CNN-BILSTM-Attention,2024-11,control,5221bbfc995e48829975b34634f55d0e5936e59a,410.0,0.0,0.0,67.0,32.9,21.3,4.0,251.0,67.0,0,,0,,control,,,,,,,,,,both,,,False,,,False,,,False,,,False,,,False,,,False,,,False,,,False,,,False
2019211474/DL-NASA-SOH-CNN-BILSTM-Attention,2024-12,control,5221bbfc995e48829975b34634f55d0e5936e59a,410.0,0.0,0.0,67.0,32.9,21.3,4.0,251.0,67.0,0,,0,,control,,,,,,,,,,both,,,False,,,False,,,False,,,False,,,False,,,False,,,False,,,False,,,False
2019211474/DL-NASA-SOH-CNN-BILSTM-Attention,2025-01,control,5221bbfc995e48829975b34634f55d0e5936e59a,410.0,0.0,0.0,67.0,32.9,21.3,4.0,251.0,67.0,0,,0,,control,,,,,,,,,,both,,,False,,,False,,,False,,,False,,,False,,,False,,,False,,,False,,,False
2019211474/DL-NASA-SOH-CNN-BILSTM-Attention,2025-02,control,5221bbfc995e48829975b34634f55d0e5936e59a,410.0,0.0,0.0,67.0,32.9,21.3,4.0,251.0,67.0,0,,0,,control,,,,,,,,,,both,,,False,,,False,,,False,,,False,,,False,,,False,,,False,,,False,,,False
2019211474/DL-NASA-SOH-CNN-BILSTM-Attention,2025-03,control,2155b95284b5e4bfb02cc6aaf00914eafbdcad07,410.0,0.0,0.0,67.0,32.9,21.3,4.0,251.0,67.0,0,,0,,control,410.0,0.0,0.0,62.0,32.9,21.3,4.0,223.0,62.0,both,0.0,0.0,True,0.0,0.0,True,0.0,0.0,True,5.0,5.0,False,0.0,0.0,True,0.0,0.0,True,0.0,0.0,True,28.0,28.0,False,5.0,5.0,False
2019211474/DL-NASA-SOH-CNN-BILSTM-Attention,2025-04,control,2155b95284b5e4bfb02cc6aaf00914eafbdcad07,410.0,0.0,0.0,67.0,32.9,21.3,4.0,251.0,67.0,,,,,,,,,,,,,,,left_only,,,False,,,False,,,False,,,False,,,False,,,False,,,False,,,False,,,False
2019211474/DL-NASA-SOH-CNN-BILSTM-Attention,2025-05,control,2155b95284b5e4bfb02cc6aaf00914eafbdcad07,410.0,0.0,0.0,67.0,32.9,21.3,4.0,251.0,67.0,,,,,,,,,,,,,,,left_only,,,False,,,False,,,False,,,False,,,False,,,False,,,False,,,False,,,False
2019211474/DL-NASA-SOH-CNN-BILSTM-Attention,2025-06,control,2155b95284b5e4bfb02cc6aaf00914eafbdcad07,410.0,0.0,0.0,67.0,32.9,21.3,4.0,251.0,67.0,,,,,,,,,,,,,,,left_only,,,False,,,False,,,False,,,False,,,False,,,False,,,False,,,False,,,False
2019211474/DL-NASA-SOH-CNN-BILSTM-Attention,2025-07,control,2155b95284b5e4bfb02cc6aaf00914eafbdcad07,410.0,0.0,0.0,67.0,32.9,21.3,4.0,251.0,67.0,,,,,,,,,,,,,,,left_only,,,False,,,False,,,False,,,False,,,False,,,False,,,False,,,False,,,False
2019211474/DL-NASA-SOH-CNN-BILSTM-Attention,2025-08,control,2155b95284b5e4bfb02cc6aaf00914eafbdcad07,410.0,0.0,0.0,67.0,32.9,21.3,4.0,251.0,67.0,,,,,,,,,,,,,,,left_only,,,False,,,False,,,False,,,False,,,False,,,False,,,False,,,False,,,False
AkariAsai/ScholarQABench,2024-11,control,8f63e5b270ac2eac04ba06bfe42913388087f87f,1469.0,0.0,0.0,64.0,8.3,11.5,539.0,557.0,64.0,0,,0,,control,1469.0,0.0,0.0,44.0,8.3,11.5,539.0,462.0,44.0,both,0.0,0.0,True,0.0,0.0,True,0.0,0.0,True,20.0,20.0,False,0.0,0.0,True,0.0,0.0,True,0.0,0.0,True,95.0,95.0,False,20.0,20.0,False
AkariAsai/ScholarQABench,2024-12,control,8f63e5b270ac2eac04ba06bfe42913388087f87f,1469.0,0.0,0.0,64.0,8.3,11.5,539.0,557.0,64.0,0,,0,,control,1469.0,0.0,0.0,44.0,8.3,11.5,539.0,462.0,44.0,both,0.0,0.0,True,0.0,0.0,True,0.0,0.0,True,20.0,20.0,False,0.0,0.0,True,0.0,0.0,True,0.0,0.0,True,95.0,95.0,False,20.0,20.0,False
AkariAsai/ScholarQABench,2025-01,control,8f63e5b270ac2eac04ba06bfe42913388087f87f,1469.0,0.0,0.0,64.0,8.3,11.5,539.0,557.0,64.0,0,,0,,control,1469.0,0.0,0.0,44.0,8.3,11.5,539.0,462.0,44.0,both,0.0,0.0,True,0.0,0.0,True,0.0,0.0,True,20.0,20.0,False,0.0,0.0,True,0.0,0.0,True,0.0,0.0,True,95.0,95.0,False,20.0,20.0,False
AkariAsai/ScholarQABench,2025-02,control,c439fbce548b5fab5ff5304e748763e6c8b2b014,1602.0,0.0,0.0,65.0,7.5,12.5,554.0,562.0,65.0,0,,0,,control,1602.0,0.0,0.0,44.0,7.5,12.5,554.0,462.0,44.0,both,0.0,0.0,True,0.0,0.0,True,0.0,0.0,True,21.0,21.0,False,0.0,0.0,True,0.0,0.0,True,0.0,0.0,True,100.0,100.0,False,21.0,21.0,False
AkariAsai/ScholarQABench,2025-03,control,c439fbce548b5fab5ff5304e748763e6c8b2b014,1602.0,0.0,0.0,65.0,7.5,12.5,554.0,562.0,65.0,0,,0,,control,1602.0,0.0,0.0,44.0,7.5,12.5,554.0,462.0,44.0,both,0.0,0.0,True,0.0,0.0,True,0.0,0.0,True,21.0,21.0,False,0.0,0.0,True,0.0,0.0,True,0.0,0.0,True,100.0,100.0,False,21.0,21.0,False
AkariAsai/ScholarQABench,2025-04,control,05b6bc5cd46a7d4c03caceffc8fe04e91bc192fb,1602.0,0.0,0.0,65.0,7.5,12.5,554.0,562.0,65.0,0,,0,,control,1602.0,0.0,0.0,44.0,7.5,12.5,554.0,462.0,44.0,both,0.0,0.0,True,0.0,0.0,True,0.0,0.0,True,21.0,21.0,False,0.0,0.0,True,0.0,0.0,True,0.0,0.0,True,100.0,100.0,False,21.0,21.0,False
AkariAsai/ScholarQABench,2025-05,control,05b6bc5cd46a7d4c03caceffc8fe04e91bc192fb,1602.0,0.0,0.0,65.0,7.5,12.5,554.0,562.0,65.0,0,,0,,control,1602.0,0.0,0.0,44.0,7.5,12.5,554.0,462.0,44.0,both,0.0,0.0,True,0.0,0.0,True,0.0,0.0,True,21.0,21.0,False,0.0,0.0,True,0.0,0.0,True,0.0,0.0,True,100.0,100.0,False,21.0,21.0,False
AkariAsai/ScholarQABench,2025-06,control,05b6bc5cd46a7d4c03caceffc8fe04e91bc192fb,1602.0,0.0,0.0,65.0,7.5,12.5,554.0,562.0,65.0,0,,0,,control,1602.0,0.0,0.0,44.0,7.5,12.5,554.0,462.0,44.0,both,0.0,0.0,True,0.0,0.0,True,0.0,0.0,True,21.0,21.0,False,0.0,0.0,True,0.0,0.0,True,0.0,0.0,True,100.0,100.0,False,21.0,21.0,False
AkariAsai/ScholarQABench,2025-07,control,a87a5e9cf8913b1b0cab3f74c9fc51560e4a3465,1602.0,0.0,0.0,65.0,7.5,12.5,554.0,562.0,65.0,0,,0,,control,1602.0,0.0,0.0,44.0,7.5,12.5,554.0,462.0,44.0,both,0.0,0.0,True,0.0,0.0,True,0.0,0.0,True,21.0,21.0,False,0.0,0.0,True,0.0,0.0,True,0.0,0.0,True,100.0,100.0,False,21.0,21.0,False
AkariAsai/ScholarQABench,2025-08,control,95e6fc52b0a8a0ce0a74956029991e3bb00c38b9,1602.0,0.0,0.0,65.0,7.5,12.5,554.0,562.0,65.0,0,,0,,control,1602.0,0.0,0.0,44.0,7.5,12.5,554.0,462.0,44.0,both,0.0,0.0,True,0.0,0.0,True,0.0,0.0,True,21.0,21.0,False,0.0,0.0,True,0.0,0.0,True,0.0,0.0,True,100.0,100.0,False,21.0,21.0,False
ArpiarSaundersLab/annsql,2024-09,control,743f9eb70bd0a38892c47d6d7edb2598464bbd56,779.0,1.0,0.0,35.0,0.0,12.1,182.0,217.0,36.0,0,,0,,control,779.0,1.0,0.0,35.0,0.0,12.1,182.0,217.0,36.0,both,0.0,0.0,True,0.0,0.0,True,0.0,0.0,True,0.0,0.0,True,0.0,0.0,True,0.0,0.0,True,0.0,0.0,True,0.0,0.0,True,0.0,0.0,True
ArpiarSaundersLab/annsql,2024-10,control,c66fb84a7ce4a6a9b23dad2f15fd5d3812b65d17,1027.0,0.0,0.0,39.0,0.0,11.6,226.0,258.0,39.0,0,,0,,control,1027.0,0.0,0.0,38.0,0.0,11.6,226.0,253.0,38.0,both,0.0,0.0,True,0.0,0.0,True,0.0,0.0,True,1.0,1.0,False,0.0,0.0,True,0.0,0.0,True,0.0,0.0,True,5.0,5.0,False,1.0,1.0,False
ArpiarSaundersLab/annsql,2024-11,control,dd27a7d1a7b06498d0d3ead34847d6e7241105f6,1416.0,0.0,0.0,47.0,12.5,15.3,257.0,328.0,47.0,0,,0,,control,1416.0,0.0,0.0,46.0,12.5,15.3,257.0,323.0,46.0,both,0.0,0.0,True,0.0,0.0,True,0.0,0.0,True,1.0,1.0,False,0.0,0.0,True,0.0,0.0,True,0.0,0.0,True,5.0,5.0,False,1.0,1.0,False
ArpiarSaundersLab/annsql,2024-12,control,95458872d923921d3231becd2429b327a626bb6d,1416.0,0.0,0.0,47.0,12.5,15.3,257.0,328.0,47.0,0,,0,,control,1416.0,0.0,0.0,46.0,12.5,15.3,257.0,323.0,46.0,both,0.0,0.0,True,0.0,0.0,True,0.0,0.0,True,1.0,1.0,False,0.0,0.0,True,0.0,0.0,True,0.0,0.0,True,5.0,5.0,False,1.0,1.0,False
ArpiarSaundersLab/annsql,2025-01,control,ab9496863121dadc5cd7502e0c355536b24e6f36,1740.0,0.0,0.0,70.0,16.6,13.8,279.0,437.0,70.0,0,,0,,control,1740.0,0.0,0.0,69.0,16.6,13.8,279.0,432.0,69.0,both,0.0,0.0,True,0.0,0.0,True,0.0,0.0,True,1.0,1.0,False,0.0,0.0,True,0.0,0.0,True,0.0,0.0,True,5.0,5.0,False,1.0,1.0,False
ArpiarSaundersLab/annsql,2025-02,control,8349da0d1d0ce5692448c5c19e8bb83f2bdc36b1,3309.0,5.0,0.0,135.0,7.8,26.9,834.0,959.0,140.0,0,,0,,control,3309.0,5.0,0.0,134.0,7.8,26.9,834.0,954.0,139.0,both,0.0,0.0,True,0.0,0.0,True,0.0,0.0,True,1.0,1.0,False,0.0,0.0,True,0.0,0.0,True,0.0,0.0,True,5.0,5.0,False,1.0,1.0,False
ArpiarSaundersLab/annsql,2025-03,control,69f3d00daaa7ac6f185d7e8b4d5b4bed618c3cab,3626.0,4.0,0.0,150.0,9.1,25.7,882.0,1095.0,154.0,0,,0,,control,3626.0,4.0,0.0,149.0,9.1,25.7,882.0,1090.0,153.0,both,0.0,0.0,True,0.0,0.0,True,0.0,0.0,True,1.0,1.0,False,0.0,0.0,True,0.0,0.0,True,0.0,0.0,True,5.0,5.0,False,1.0,1.0,False
ArpiarSaundersLab/annsql,2025-04,control,144ef3bf441c1dc2ffc43ff3c967601f668bb4a9,3626.0,4.0,0.0,150.0,9.1,25.7,882.0,1095.0,154.0,0,,0,,control,3626.0,4.0,0.0,149.0,9.1,25.7,882.0,1090.0,153.0,both,0.0,0.0,True,0.0,0.0,True,0.0,0.0,True,1.0,1.0,False,0.0,0.0,True,0.0,0.0,True,0.0,0.0,True,5.0,5.0,False,1.0,1.0,False
ArpiarSaundersLab/annsql,2025-05,control,4d48c602f9a55fef75cd57e3db238503bf180736,3626.0,4.0,0.0,150.0,9.1,25.7,882.0,1095.0,154.0,0,,0,,control,3626.0,4.0,0.0,149.0,9.1,25.7,882.0,1090.0,153.0,both,0.0,0.0,True,0.0,0.0,True,0.0,0.0,True,1.0,1.0,False,0.0,0.0,True,0.0,0.0,True,0.0,0.0,True,5.0,5.0,False,1.0,1.0,False
ArpiarSaundersLab/annsql,2025-06,control,4d48c602f9a55fef75cd57e3db238503bf180736,3626.0,4.0,0.0,150.0,9.1,25.7,882.0,1095.0,154.0,,,,,,,,,,,,,,,left_only,,,False,,,False,,,False,,,False,,,False,,,False,,,False,,,False,,,False
ArpiarSaundersLab/annsql,2025-07,control,4d48c602f9a55fef75cd57e3db238503bf180736,3626.0,4.0,0.0,150.0,9.1,25.7,882.0,1095.0,154.0,,,,,,,,,,,,,,,left_only,,,False,,,False,,,False,,,False,,,False,,,False,,,False,,,False,,,False
ArpiarSaundersLab/annsql,2025-08,control,4d48c602f9a55fef75cd57e3db238503bf180736,3626.0,4.0,0.0,150.0,9.1,25.7,882.0,1095.0,154.0,,,,,,,,,,,,,,,left_only,,,False,,,False,,,False,,,False,,,False,,,False,,,False,,,False,,,False
BalancerMaxis/multisig-ops,2024-01,control,6ab6c1a7bd43de48366f370db059ffac768caf4a,9050.0,4.0,0.0,439.0,18.5,12.6,1546.0,2007.0,443.0,0,,0,,control,8586.0,8.0,0.0,418.0,14.8,12.9,1510.0,1983.0,426.0,both,464.0,464.0,False,-4.0,4.0,False,0.0,0.0,True,21.0,21.0,False,3.6999999999999993,3.6999999999999993,False,-0.3000000000000007,0.3000000000000007,False,36.0,36.0,False,24.0,24.0,False,17.0,17.0,False
BalancerMaxis/multisig-ops,2024-02,control,df970e8b772a5bcd3d75893a4ad23c0f9cba345c,9150.0,4.0,0.0,447.0,18.3,12.5,1601.0,2075.0,451.0,0,,0,,control,8686.0,8.0,0.0,426.0,14.6,12.9,1565.0,2051.0,434.0,both,464.0,464.0,False,-4.0,4.0,False,0.0,0.0,True,21.0,21.0,False,3.700000000000001,3.700000000000001,False,-0.40000000000000036,0.40000000000000036,False,36.0,36.0,False,24.0,24.0,False,17.0,17.0,False
BalancerMaxis/multisig-ops,2024-03,control,9d46eba7992833ffc520fed2afc4d8ec6ed5fad9,9323.0,4.0,0.0,451.0,18.0,12.5,1669.0,2130.0,455.0,0,,0,,control,8859.0,8.0,0.0,430.0,14.3,12.9,1633.0,2106.0,438.0,both,464.0,464.0,False,-4.0,4.0,False,0.0,0.0,True,21.0,21.0,False,3.6999999999999993,3.6999999999999993,False,-0.40000000000000036,0.40000000000000036,False,36.0,36.0,False,24.0,24.0,False,17.0,17.0,False
BalancerMaxis/multisig-ops,2024-04,control,293b45f01cfdbe37abab909b627f9419f8a6a0be,9706.0,4.0,0.0,456.0,17.8,12.2,1680.0,2152.0,460.0,0,,0,,control,9240.0,8.0,0.0,435.0,14.3,12.5,1644.0,2128.0,443.0,both,466.0,466.0,False,-4.0,4.0,False,0.0,0.0,True,21.0,21.0,False,3.5,3.5,False,-0.3000000000000007,0.3000000000000007,False,36.0,36.0,False,24.0,24.0,False,17.0,17.0,False
BalancerMaxis/multisig-ops,2024-05,control,11a86b0fffa84f618b236372f79ebdedd003a168,9815.0,4.0,0.0,462.0,17.6,12.2,1710.0,2208.0,466.0,0,,0,,control,9349.0,8.0,0.0,441.0,14.1,12.5,1674.0,2184.0,449.0,both,466.0,466.0,False,-4.0,4.0,False,0.0,0.0,True,21.0,21.0,False,3.5000000000000018,3.5000000000000018,False,-0.3000000000000007,0.3000000000000007,False,36.0,36.0,False,24.0,24.0,False,17.0,17.0,False
BalancerMaxis/multisig-ops,2024-06,control,b41a942c42f6608f5b31a227968894f2c2a12ff1,10067.0,3.0,0.0,468.0,17.2,12.0,1732.0,2237.0,471.0,0,,0,,control,9596.0,7.0,0.0,447.0,13.8,12.3,1696.0,2213.0,454.0,both,471.0,471.0,False,-4.0,4.0,False,0.0,0.0,True,21.0,21.0,False,3.3999999999999986,3.3999999999999986,False,-0.3000000000000007,0.3000000000000007,False,36.0,36.0,False,24.0,24.0,False,17.0,17.0,False
BalancerMaxis/multisig-ops,2024-07,control,ef51287d70e9efda0138c4589d010f62bd1b519e,10192.0,3.0,0.0,473.0,16.9,12.0,1769.0,2269.0,476.0,0,,0,,control,9726.0,7.0,0.0,452.0,13.6,12.3,1733.0,2245.0,459.0,both,466.0,466.0,False,-4.0,4.0,False,0.0,0.0,True,21.0,21.0,False,3.299999999999999,3.299999999999999,False,-0.3000000000000007,0.3000000000000007,False,36.0,36.0,False,24.0,24.0,False,17.0,17.0,False
BalancerMaxis/multisig-ops,2024-08,control,cf6f7f1782e8b6ee5ec7b47529e5b43eb3634aad,10318.0,3.0,0.0,474.0,16.7,11.9,1791.0,2281.0,477.0,0,,0,,control,9852.0,7.0,0.0,453.0,13.4,12.2,1755.0,2257.0,460.0,both,466.0,466.0,False,-4.0,4.0,False,0.0,0.0,True,21.0,21.0,False,3.299999999999999,3.299999999999999,False,-0.29999999999999893,0.29999999999999893,False,36.0,36.0,False,24.0,24.0,False,17.0,17.0,False
BalancerMaxis/multisig-ops,2024-09,control,ac6ec10c4a3b2f72ba1b9b898800280c0c6a36a0,10241.0,3.0,0.0,471.0,16.9,11.9,1787.0,2251.0,474.0,0,,0,,control,9775.0,7.0,0.0,451.0,13.5,12.2,1751.0,2228.0,458.0,both,466.0,466.0,False,-4.0,4.0,False,0.0,0.0,True,20.0,20.0,False,3.3999999999999986,3.3999999999999986,False,-0.29999999999999893,0.29999999999999893,False,36.0,36.0,False,23.0,23.0,False,16.0,16.0,False
BalancerMaxis/multisig-ops,2024-10,control,a4414862d17f1c2f1a775d2f7bef9d3b79384edb,10322.0,3.0,0.0,473.0,16.7,11.9,1793.0,2265.0,476.0,0,,0,,control,9856.0,7.0,0.0,453.0,13.4,12.2,1757.0,2242.0,460.0,both,466.0,466.0,False,-4.0,4.0,False,0.0,0.0,True,20.0,20.0,False,3.299999999999999,3.299999999999999,False,-0.29999999999999893,0.29999999999999893,False,36.0,36.0,False,23.0,23.0,False,16.0,16.0,False
BalancerMaxis/multisig-ops,2024-11,control,a719d670957ca738f43a2e583516df488a3e9428,10502.0,3.0,0.0,476.0,16.4,11.8,1845.0,2321.0,479.0,0,,0,,control,10036.0,7.0,0.0,456.0,13.2,12.1,1809.0,2298.0,463.0,both,466.0,466.0,False,-4.0,4.0,False,0.0,0.0,True,20.0,20.0,False,3.1999999999999993,3.1999999999999993,False,-0.29999999999999893,0.29999999999999893,False,36.0,36.0,False,23.0,23.0,False,16.0,16.0,False
BalancerMaxis/multisig-ops,2024-12,control,5507c2d5eb55e27c52041c0712b6a8abe8509dcd,10553.0,3.0,0.0,478.0,16.4,11.8,1847.0,2331.0,481.0,0,,0,,control,10087.0,7.0,0.0,457.0,13.2,12.1,1811.0,2303.0,464.0,both,466.0,466.0,False,-4.0,4.0,False,0.0,0.0,True,21.0,21.0,False,3.1999999999999993,3.1999999999999993,False,-0.29999999999999893,0.29999999999999893,False,36.0,36.0,False,28.0,28.0,False,17.0,17.0,False
BalancerMaxis/multisig-ops,2025-01,control,9614e46a65df5037ab770ea4d2b21dc51c8b0018,10567.0,3.0,0.0,483.0,16.4,11.8,1855.0,2361.0,486.0,0,,0,,control,10101.0,7.0,0.0,462.0,13.1,12.1,1819.0,2333.0,469.0,both,466.0,466.0,False,-4.0,4.0,False,0.0,0.0,True,21.0,21.0,False,3.299999999999999,3.299999999999999,False,-0.29999999999999893,0.29999999999999893,False,36.0,36.0,False,28.0,28.0,False,17.0,17.0,False
BalancerMaxis/multisig-ops,2025-02,control,707332fe68a8b569c7fe20e020300a86a882f90c,10759.0,3.0,0.0,489.0,16.1,11.8,1903.0,2395.0,492.0,0,,0,,control,10293.0,7.0,0.0,470.0,12.9,12.0,1867.0,2373.0,477.0,both,466.0,466.0,False,-4.0,4.0,False,0.0,0.0,True,19.0,19.0,False,3.200000000000001,3.200000000000001,False,-0.1999999999999993,0.1999999999999993,False,36.0,36.0,False,22.0,22.0,False,15.0,15.0,False
BalancerMaxis/multisig-ops,2025-03,control,ee129356940cfa41c62e1bbda188aaa1bd7f25fe,11149.0,3.0,0.0,492.0,16.2,11.6,2118.0,2445.0,495.0,0,,0,,control,10683.0,8.0,0.0,474.0,13.1,11.8,2082.0,2456.0,482.0,both,466.0,466.0,False,-5.0,5.0,False,0.0,0.0,True,18.0,18.0,False,3.0999999999999996,3.0999999999999996,False,-0.20000000000000107,0.20000000000000107,False,36.0,36.0,False,-11.0,11.0,False,13.0,13.0,False
BalancerMaxis/multisig-ops,2025-04,control,b660d124f15401d6aa523fe33731f99bf0e4e6aa,11197.0,3.0,0.0,493.0,16.2,11.5,2152.0,2473.0,496.0,0,,0,,control,10729.0,8.0,0.0,474.0,13.1,11.8,2116.0,2487.0,482.0,both,468.0,468.0,False,-5.0,5.0,False,0.0,0.0,True,19.0,19.0,False,3.0999999999999996,3.0999999999999996,False,-0.3000000000000007,0.3000000000000007,False,36.0,36.0,False,-14.0,14.0,False,14.0,14.0,False
BalancerMaxis/multisig-ops,2025-05,control,fd38e66687763b0ff3795de0978304eeed41ec45,11333.0,4.0,0.0,502.0,16.0,11.5,2223.0,2569.0,506.0,0,,0,,control,10867.0,8.0,0.0,483.0,12.9,11.7,2187.0,2583.0,491.0,both,466.0,466.0,False,-4.0,4.0,False,0.0,0.0,True,19.0,19.0,False,3.0999999999999996,3.0999999999999996,False,-0.1999999999999993,0.1999999999999993,False,36.0,36.0,False,-14.0,14.0,False,15.0,15.0,False
BalancerMaxis/multisig-ops,2025-06,control,7f89042c4e35b1e75c5e987c3bac3a2faf98dbef,11383.0,3.0,0.0,509.0,15.9,11.5,2218.0,2572.0,512.0,0,,0,,control,10917.0,8.0,0.0,490.0,12.9,11.8,2182.0,2586.0,498.0,both,466.0,466.0,False,-5.0,5.0,False,0.0,0.0,True,19.0,19.0,False,3.0,3.0,False,-0.3000000000000007,0.3000000000000007,False,36.0,36.0,False,-14.0,14.0,False,14.0,14.0,False
BalancerMaxis/multisig-ops,2025-07,control,bfb22ac38e1c315d7ca2087ce4d8d2d81981e0cc,11503.0,3.0,0.0,481.0,15.9,12.1,2155.0,2339.0,484.0,0,,0,,control,11037.0,9.0,0.0,467.0,13.0,12.4,2119.0,2398.0,476.0,both,466.0,466.0,False,-6.0,6.0,False,0.0,0.0,True,14.0,14.0,False,2.9000000000000004,2.9000000000000004,False,-0.3000000000000007,0.3000000000000007,False,36.0,36.0,False,-59.0,59.0,False,8.0,8.0,False
BalancerMaxis/multisig-ops,2025-08,control,5483a5ab2c8ec21b205d21bfb3d3b7b96a737fe9,11718.0,3.0,0.0,481.0,15.6,11.9,2226.0,2411.0,484.0,0,,0,,control,11252.0,7.0,0.0,467.0,12.7,12.1,2190.0,2475.0,474.0,both,466.0,466.0,False,-4.0,4.0,False,0.0,0.0,True,14.0,14.0,False,2.9000000000000004,2.9000000000000004,False,-0.1999999999999993,0.1999999999999993,False,36.0,36.0,False,-64.0,64.0,False,10.0,10.0,False
Benzauber/convert-commander,2024-11,control,0daf3fb2c5f7ea7f15b45b2b78959f7c0ac495cc,796.0,18.0,4.0,52.0,0.0,9.5,79.0,329.0,74.0,0,,0,,control,786.0,18.0,0.0,44.0,0.0,9.7,79.0,292.0,62.0,both,10.0,10.0,False,0.0,0.0,True,4.0,4.0,False,8.0,8.0,False,0.0,0.0,True,-0.1999999999999993,0.1999999999999993,False,0.0,0.0,True,37.0,37.0,False,12.0,12.0,False
Benzauber/convert-commander,2024-12,control,c6af5ce2dd031d22e63cb2cfe906d4d7eaf8cd29,796.0,18.0,4.0,52.0,0.0,9.5,79.0,329.0,74.0,0,,0,,control,786.0,18.0,0.0,44.0,0.0,9.7,79.0,292.0,62.0,both,10.0,10.0,False,0.0,0.0,True,4.0,4.0,False,8.0,8.0,False,0.0,0.0,True,-0.1999999999999993,0.1999999999999993,False,0.0,0.0,True,37.0,37.0,False,12.0,12.0,False
Benzauber/convert-commander,2025-01,control,799f1b779024bb90c5bca1df44b23a9ec13ee5c3,1257.0,72.0,4.0,202.0,7.7,8.6,195.0,1471.0,278.0,0,,0,,control,1246.0,72.0,0.0,196.0,7.7,8.7,195.0,1444.0,268.0,both,11.0,11.0,False,0.0,0.0,True,4.0,4.0,False,6.0,6.0,False,0.0,0.0,True,-0.09999999999999964,0.09999999999999964,False,0.0,0.0,True,27.0,27.0,False,10.0,10.0,False
Benzauber/convert-commander,2025-02,control,799f1b779024bb90c5bca1df44b23a9ec13ee5c3,1257.0,72.0,4.0,202.0,7.7,8.6,195.0,1471.0,278.0,0,,0,,control,1246.0,72.0,0.0,196.0,7.7,8.7,195.0,1444.0,268.0,both,11.0,11.0,False,0.0,0.0,True,4.0,4.0,False,6.0,6.0,False,0.0,0.0,True,-0.09999999999999964,0.09999999999999964,False,0.0,0.0,True,27.0,27.0,False,10.0,10.0,False
Benzauber/convert-commander,2025-03,control,47516bf205985b3e69a7bac2e1cd36540053803a,1365.0,74.0,4.0,205.0,7.2,8.1,204.0,1492.0,283.0,0,,0,,control,1351.0,72.0,0.0,199.0,7.2,8.2,204.0,1455.0,271.0,both,14.0,14.0,False,2.0,2.0,False,4.0,4.0,False,6.0,6.0,False,0.0,0.0,True,-0.09999999999999964,0.09999999999999964,False,0.0,0.0,True,37.0,37.0,False,12.0,12.0,False
Benzauber/convert-commander,2025-04,control,47516bf205985b3e69a7bac2e1cd36540053803a,1365.0,74.0,4.0,205.0,7.2,8.1,204.0,1492.0,283.0,0,,0,,control,1351.0,72.0,0.0,199.0,7.2,8.2,204.0,1455.0,271.0,both,14.0,14.0,False,2.0,2.0,False,4.0,4.0,False,6.0,6.0,False,0.0,0.0,True,-0.09999999999999964,0.09999999999999964,False,0.0,0.0,True,37.0,37.0,False,12.0,12.0,False
Benzauber/convert-commander,2025-05,control,f0d8e7aaa90f855e27ba3f7347c100a2b0f578bb,1319.0,74.0,4.0,205.0,4.2,8.5,205.0,1492.0,283.0,0,,0,,control,1305.0,72.0,0.0,198.0,4.2,8.5,205.0,1450.0,270.0,both,14.0,14.0,False,2.0,2.0,False,4.0,4.0,False,7.0,7.0,False,0.0,0.0,True,0.0,0.0,True,0.0,0.0,True,42.0,42.0,False,13.0,13.0,False
Benzauber/convert-commander,2025-06,control,094aeaeeb494ad5b7f5ada26f3ca0a3df3ffa55d,1353.0,74.0,4.0,209.0,4.1,9.5,230.0,1522.0,287.0,0,,0,,control,1339.0,72.0,0.0,199.0,4.1,9.6,230.0,1465.0,271.0,both,14.0,14.0,False,2.0,2.0,False,4.0,4.0,False,10.0,10.0,False,0.0,0.0,True,-0.09999999999999964,0.09999999999999964,False,0.0,0.0,True,57.0,57.0,False,16.0,16.0,False
Benzauber/convert-commander,2025-07,control,48a6e6b7605a540c6fe4f1a5f4f2ceb4e31d59a5,1353.0,74.0,4.0,209.0,4.1,9.5,230.0,1522.0,287.0,0,,0,,control,1339.0,72.0,0.0,199.0,4.1,9.6,230.0,1465.0,271.0,both,14.0,14.0,False,2.0,2.0,False,4.0,4.0,False,10.0,10.0,False,0.0,0.0,True,-0.09999999999999964,0.09999999999999964,False,0.0,0.0,True,57.0,57.0,False,16.0,16.0,False
Benzauber/convert-commander,2025-08,control,91e35d37877657be0089732cd8e4fd0c81c1822a,1742.0,74.0,4.0,212.0,3.2,9.8,354.0,1588.0,290.0,0,,0,,control,1728.0,73.0,0.0,201.0,3.2,9.9,354.0,1531.0,274.0,both,14.0,14.0,False,1.0,1.0,False,4.0,4.0,False,11.0,11.0,False,0.0,0.0,True,-0.09999999999999964,0.09999999999999964,False,0.0,0.0,True,57.0,57.0,False,16.0,16.0,False
BiancoChiu/iOSRealRun-cli-18,2024-02,control,cecde43510d4ecee001f9ca20ef342409ef8fd54,303.0,0.0,0.0,9.0,0.0,6.8,43.0,44.0,9.0,0,,0,,control,303.0,0.0,0.0,9.0,0.0,6.8,43.0,44.0,9.0,both,0.0,0.0,True,0.0,0.0,True,0.0,0.0,True,0.0,0.0,True,0.0,0.0,True,0.0,0.0,True,0.0,0.0,True,0.0,0.0,True,0.0,0.0,True
BiancoChiu/iOSRealRun-cli-18,2024-03,control,083f8ec6ddfe558edb48f054222f109673a2f0e6,303.0,0.0,0.0,9.0,0.0,6.8,53.0,44.0,9.0,0,,0,,control,303.0,0.0,0.0,9.0,0.0,6.8,53.0,44.0,9.0,both,0.0,0.0,True,0.0,0.0,True,0.0,0.0,True,0.0,0.0,True,0.0,0.0,True,0.0,0.0,True,0.0,0.0,True,0.0,0.0,True,0.0,0.0,True
BiancoChiu/iOSRealRun-cli-18,2024-04,control,083f8ec6ddfe558edb48f054222f109673a2f0e6,303.0,0.0,0.0,9.0,0.0,6.8,53.0,44.0,9.0,0,,0,,control,303.0,0.0,0.0,9.0,0.0,6.8,53.0,44.0,9.0,both,0.0,0.0,True,0.0,0.0,True,0.0,0.0,True,0.0,0.0,True,0.0,0.0,True,0.0,0.0,True,0.0,0.0,True,0.0,0.0,True,0.0,0.0,True
BiancoChiu/iOSRealRun-cli-18,2024-05,control,083f8ec6ddfe558edb48f054222f109673a2f0e6,303.0,0.0,0.0,9.0,0.0,6.8,53.0,44.0,9.0,0,,0,,control,303.0,0.0,0.0,9.0,0.0,6.8,53.0,44.0,9.0,both,0.0,0.0,True,0.0,0.0,True,0.0,0.0,True,0.0,0.0,True,0.0,0.0,True,0.0,0.0,True,0.0,0.0,True,0.0,0.0,True,0.0,0.0,True
BiancoChiu/iOSRealRun-cli-18,2024-06,control,083f8ec6ddfe558edb48f054222f109673a2f0e6,303.0,0.0,0.0,9.0,0.0,6.8,53.0,44.0,9.0,0,,0,,control,303.0,0.0,0.0,9.0,0.0,6.8,53.0,44.0,9.0,both,0.0,0.0,True,0.0,0.0,True,0.0,0.0,True,0.0,0.0,True,0.0,0.0,True,0.0,0.0,True,0.0,0.0,True,0.0,0.0,True,0.0,0.0,True
BiancoChiu/iOSRealRun-cli-18,2024-07,control,083f8ec6ddfe558edb48f054222f109673a2f0e6,303.0,0.0,0.0,9.0,0.0,6.8,53.0,44.0,9.0,0,,0,,control,303.0,0.0,0.0,9.0,0.0,6.8,53.0,44.0,9.0,both,0.0,0.0,True,0.0,0.0,True,0.0,0.0,True,0.0,0.0,True,0.0,0.0,True,0.0,0.0,True,0.0,0.0,True,0.0,0.0,True,0.0,0.0,True
BiancoChiu/iOSRealRun-cli-18,2024-08,control,083f8ec6ddfe558edb48f054222f109673a2f0e6,303.0,0.0,0.0,9.0,0.0,6.8,53.0,44.0,9.0,0,,0,,control,303.0,0.0,0.0,9.0,0.0,6.8,53.0,44.0,9.0,both,0.0,0.0,True,0.0,0.0,True,0.0,0.0,True,0.0,0.0,True,0.0,0.0,True,0.0,0.0,True,0.0,0.0,True,0.0,0.0,True,0.0,0.0,True
BiancoChiu/iOSRealRun-cli-18,2024-09,control,083f8ec6ddfe558edb48f054222f109673a2f0e6,303.0,0.0,0.0,9.0,0.0,6.8,53.0,44.0,9.0,0,,0,,control,303.0,0.0,0.0,9.0,0.0,6.8,53.0,44.0,9.0,both,0.0,0.0,True,0.0,0.0,True,0.0,0.0,True,0.0,0.0,True,0.0,0.0,True,0.0,0.0,True,0.0,0.0,True,0.0,0.0,True,0.0,0.0,True
BiancoChiu/iOSRealRun-cli-18,2024-10,control,083f8ec6ddfe558edb48f054222f109673a2f0e6,303.0,0.0,0.0,9.0,0.0,6.8,53.0,44.0,9.0,0,,0,,control,303.0,0.0,0.0,9.0,0.0,6.8,53.0,44.0,9.0,both,0.0,0.0,True,0.0,0.0,True,0.0,0.0,True,0.0,0.0,True,0.0,0.0,True,0.0,0.0,True,0.0,0.0,True,0.0,0.0,True,0.0,0.0,True
BiancoChiu/iOSRealRun-cli-18,2024-11,control,083f8ec6ddfe558edb48f054222f109673a2f0e6,303.0,0.0,0.0,9.0,0.0,6.8,53.0,44.0,9.0,0,,0,,control,303.0,0.0,0.0,9.0,0.0,6.8,53.0,44.0,9.0,both,0.0,0.0,True,0.0,0.0,True,0.0,0.0,True,0.0,0.0,True,0.0,0.0,True,0.0,0.0,True,0.0,0.0,True,0.0,0.0,True,0.0,0.0,True
BiancoChiu/iOSRealRun-cli-18,2024-12,control,083f8ec6ddfe558edb48f054222f109673a2f0e6,303.0,0.0,0.0,9.0,0.0,6.8,53.0,44.0,9.0,0,,0,,control,303.0,0.0,0.0,9.0,0.0,6.8,53.0,44.0,9.0,both,0.0,0.0,True,0.0,0.0,True,0.0,0.0,True,0.0,0.0,True,0.0,0.0,True,0.0,0.0,True,0.0,0.0,True,0.0,0.0,True,0.0,0.0,True
BiancoChiu/iOSRealRun-cli-18,2025-01,control,083f8ec6ddfe558edb48f054222f109673a2f0e6,303.0,0.0,0.0,9.0,0.0,6.8,53.0,44.0,9.0,0,,0,,control,303.0,0.0,0.0,9.0,0.0,6.8,53.0,44.0,9.0,both,0.0,0.0,True,0.0,0.0,True,0.0,0.0,True,0.0,0.0,True,0.0,0.0,True,0.0,0.0,True,0.0,0.0,True,0.0,0.0,True,0.0,0.0,True
BiancoChiu/iOSRealRun-cli-18,2025-02,control,0ba61c949e12360c704691ccbff79de8c60c4241,326.0,0.0,0.0,12.0,0.0,5.8,61.0,59.0,12.0,0,,0,,control,326.0,0.0,0.0,11.0,0.0,5.8,61.0,54.0,11.0,both,0.0,0.0,True,0.0,0.0,True,0.0,0.0,True,1.0,1.0,False,0.0,0.0,True,0.0,0.0,True,0.0,0.0,True,5.0,5.0,False,1.0,1.0,False
BiancoChiu/iOSRealRun-cli-18,2025-03,control,ad628f18ae71a3032893fac49a120a6c2dba0866,326.0,0.0,0.0,10.0,0.0,4.1,61.0,49.0,10.0,0,,0,,control,326.0,0.0,0.0,9.0,0.0,4.1,61.0,44.0,9.0,both,0.0,0.0,True,0.0,0.0,True,0.0,0.0,True,1.0,1.0,False,0.0,0.0,True,0.0,0.0,True,0.0,0.0,True,5.0,5.0,False,1.0,1.0,False
BiancoChiu/iOSRealRun-cli-18,2025-04,control,ad628f18ae71a3032893fac49a120a6c2dba0866,326.0,0.0,0.0,10.0,0.0,4.1,61.0,49.0,10.0,0,,0,,control,326.0,0.0,0.0,9.0,0.0,4.1,61.0,44.0,9.0,both,0.0,0.0,True,0.0,0.0,True,0.0,0.0,True,1.0,1.0,False,0.0,0.0,True,0.0,0.0,True,0.0,0.0,True,5.0,5.0,False,1.0,1.0,False
BiancoChiu/iOSRealRun-cli-18,2025-05,control,cbae4f82e572aaa30402dd48b620095af563b68c,326.0,0.0,0.0,10.0,0.0,4.1,61.0,49.0,10.0,0,,0,,control,326.0,0.0,0.0,9.0,0.0,4.1,61.0,44.0,9.0,both,0.0,0.0,True,0.0,0.0,True,0.0,0.0,True,1.0,1.0,False,0.0,0.0,True,0.0,0.0,True,0.0,0.0,True,5.0,5.0,False,1.0,1.0,False
BiancoChiu/iOSRealRun-cli-18,2025-06,control,87c1f190c78839acead294e745990692fed6d80d,326.0,0.0,0.0,10.0,0.0,4.1,61.0,49.0,10.0,0,,0,,control,326.0,0.0,0.0,9.0,0.0,4.1,61.0,44.0,9.0,both,0.0,0.0,True,0.0,0.0,True,0.0,0.0,True,1.0,1.0,False,0.0,0.0,True,0.0,0.0,True,0.0,0.0,True,5.0,5.0,False,1.0,1.0,False
BiancoChiu/iOSRealRun-cli-18,2025-07,control,87c1f190c78839acead294e745990692fed6d80d,326.0,0.0,0.0,10.0,0.0,4.1,61.0,49.0,10.0,,,,,,,,,,,,,,,left_only,,,False,,,False,,,False,,,False,,,False,,,False,,,False,,,False,,,False
BiancoChiu/iOSRealRun-cli-18,2025-08,control,87c1f190c78839acead294e745990692fed6d80d,326.0,0.0,0.0,10.0,0.0,4.1,61.0,49.0,10.0,,,,,,,,,,,,,,,left_only,,,False,,,False,,,False,,,False,,,False,,,False,,,False,,,False,,,False
C4NU/Paddie,2024-01,control,af78d9ca13262dfd0eb4a863bd582284ea452fab,1432.0,1.0,0.0,74.0,0.0,8.0,315.0,312.0,75.0,0,,0,,control,1432.0,1.0,0.0,72.0,0.0,8.0,315.0,302.0,73.0,both,0.0,0.0,True,0.0,0.0,True,0.0,0.0,True,2.0,2.0,False,0.0,0.0,True,0.0,0.0,True,0.0,0.0,True,10.0,10.0,False,2.0,2.0,False
C4NU/Paddie,2024-02,control,d3420b46f68925d6f95c5353d0a4a279ae49d00f,1456.0,1.0,0.0,78.0,0.0,7.9,329.0,339.0,79.0,0,,0,,control,1456.0,1.0,0.0,76.0,0.0,7.9,329.0,329.0,77.0,both,0.0,0.0,True,0.0,0.0,True,0.0,0.0,True,2.0,2.0,False,0.0,0.0,True,0.0,0.0,True,0.0,0.0,True,10.0,10.0,False,2.0,2.0,False
C4NU/Paddie,2024-03,control,46fe27201a0aaf26672fd5deec435ff61c53e8b7,1455.0,1.0,0.0,78.0,0.0,7.9,329.0,339.0,79.0,0,,0,,control,1455.0,1.0,0.0,76.0,0.0,7.9,329.0,329.0,77.0,both,0.0,0.0,True,0.0,0.0,True,0.0,0.0,True,2.0,2.0,False,0.0,0.0,True,0.0,0.0,True,0.0,0.0,True,10.0,10.0,False,2.0,2.0,False
C4NU/Paddie,2024-04,control,1a14eff63d31b1ad0ab3a0691bfb5aa0df680cae,1476.0,1.0,0.0,78.0,0.0,8.3,331.0,339.0,79.0,0,,0,,control,1476.0,1.0,0.0,76.0,0.0,8.3,331.0,329.0,77.0,both,0.0,0.0,True,0.0,0.0,True,0.0,0.0,True,2.0,2.0,False,0.0,0.0,True,0.0,0.0,True,0.0,0.0,True,10.0,10.0,False,2.0,2.0,False
C4NU/Paddie,2024-05,control,1a14eff63d31b1ad0ab3a0691bfb5aa0df680cae,1476.0,1.0,0.0,78.0,0.0,8.3,331.0,339.0,79.0,0,,0,,control,1476.0,1.0,0.0,76.0,0.0,8.3,331.0,329.0,77.0,both,0.0,0.0,True,0.0,0.0,True,0.0,0.0,True,2.0,2.0,False,0.0,0.0,True,0.0,0.0,True,0.0,0.0,True,10.0,10.0,False,2.0,2.0,False
C4NU/Paddie,2024-06,control,1a14eff63d31b1ad0ab3a0691bfb5aa0df680cae,1476.0,1.0,0.0,78.0,0.0,8.3,331.0,339.0,79.0,0,,0,,control,1476.0,1.0,0.0,76.0,0.0,8.3,331.0,329.0,77.0,both,0.0,0.0,True,0.0,0.0,True,0.0,0.0,True,2.0,2.0,False,0.0,0.0,True,0.0,0.0,True,0.0,0.0,True,10.0,10.0,False,2.0,2.0,False
C4NU/Paddie,2024-07,control,1a14eff63d31b1ad0ab3a0691bfb5aa0df680cae,1476.0,1.0,0.0,78.0,0.0,8.3,331.0,339.0,79.0,0,,0,,control,1476.0,1.0,0.0,76.0,0.0,8.3,331.0,329.0,77.0,both,0.0,0.0,True,0.0,0.0,True,0.0,0.0,True,2.0,2.0,False,0.0,0.0,True,0.0,0.0,True,0.0,0.0,True,10.0,10.0,False,2.0,2.0,False
C4NU/Paddie,2024-08,control,1a14eff63d31b1ad0ab3a0691bfb5aa0df680cae,1476.0,1.0,0.0,78.0,0.0,8.3,331.0,339.0,79.0,0,,0,,control,1476.0,1.0,0.0,76.0,0.0,8.3,331.0,329.0,77.0,both,0.0,0.0,True,0.0,0.0,True,0.0,0.0,True,2.0,2.0,False,0.0,0.0,True,0.0,0.0,True,0.0,0.0,True,10.0,10.0,False,2.0,2.0,False
C4NU/Paddie,2024-09,control,1a14eff63d31b1ad0ab3a0691bfb5aa0df680cae,1476.0,1.0,0.0,78.0,0.0,8.3,331.0,339.0,79.0,0,,0,,control,1476.0,1.0,0.0,76.0,0.0,8.3,331.0,329.0,77.0,both,0.0,0.0,True,0.0,0.0,True,0.0,0.0,True,2.0,2.0,False,0.0,0.0,True,0.0,0.0,True,0.0,0.0,True,10.0,10.0,False,2.0,2.0,False
C4NU/Paddie,2024-10,control,1a14eff63d31b1ad0ab3a0691bfb5aa0df680cae,1476.0,1.0,0.0,78.0,0.0,8.3,331.0,339.0,79.0,0,,0,,control,1476.0,1.0,0.0,76.0,0.0,8.3,331.0,329.0,77.0,both,0.0,0.0,True,0.0,0.0,True,0.0,0.0,True,2.0,2.0,False,0.0,0.0,True,0.0,0.0,True,0.0,0.0,True,10.0,10.0,False,2.0,2.0,False
C4NU/Paddie,2024-11,control,1a14eff63d31b1ad0ab3a0691bfb5aa0df680cae,1476.0,1.0,0.0,78.0,0.0,8.3,331.0,339.0,79.0,0,,0,,control,1476.0,1.0,0.0,76.0,0.0,8.3,331.0,329.0,77.0,both,0.0,0.0,True,0.0,0.0,True,0.0,0.0,True,2.0,2.0,False,0.0,0.0,True,0.0,0.0,True,0.0,0.0,True,10.0,10.0,False,2.0,2.0,False
C4NU/Paddie,2024-12,control,1a14eff63d31b1ad0ab3a0691bfb5aa0df680cae,1476.0,1.0,0.0,78.0,0.0,8.3,331.0,339.0,79.0,0,,0,,control,1476.0,1.0,0.0,76.0,0.0,8.3,331.0,329.0,77.0,both,0.0,0.0,True,0.0,0.0,True,0.0,0.0,True,2.0,2.0,False,0.0,0.0,True,0.0,0.0,True,0.0,0.0,True,10.0,10.0,False,2.0,2.0,False
C4NU/Paddie,2025-01,control,1a14eff63d31b1ad0ab3a0691bfb5aa0df680cae,1476.0,1.0,0.0,78.0,0.0,8.3,331.0,339.0,79.0,0,,0,,control,1476.0,1.0,0.0,76.0,0.0,8.3,331.0,329.0,77.0,both,0.0,0.0,True,0.0,0.0,True,0.0,0.0,True,2.0,2.0,False,0.0,0.0,True,0.0,0.0,True,0.0,0.0,True,10.0,10.0,False,2.0,2.0,False
C4NU/Paddie,2025-02,control,1a14eff63d31b1ad0ab3a0691bfb5aa0df680cae,1476.0,1.0,0.0,78.0,0.0,8.3,331.0,339.0,79.0,0,,0,,control,1476.0,1.0,0.0,76.0,0.0,8.3,331.0,329.0,77.0,both,0.0,0.0,True,0.0,0.0,True,0.0,0.0,True,2.0,2.0,False,0.0,0.0,True,0.0,0.0,True,0.0,0.0,True,10.0,10.0,False,2.0,2.0,False
C4NU/Paddie,2025-03,control,7d588668b42aaceddaff6f2d555702cc0f621a54,1806.0,1.0,0.0,62.0,0.0,10.3,363.0,242.0,63.0,0,,0,,control,1614.0,1.0,0.0,60.0,0.0,9.7,340.0,232.0,61.0,both,192.0,192.0,False,0.0,0.0,True,0.0,0.0,True,2.0,2.0,False,0.0,0.0,True,0.6000000000000014,0.6000000000000014,False,23.0,23.0,False,10.0,10.0,False,2.0,2.0,False
C4NU/Paddie,2025-04,control,7d588668b42aaceddaff6f2d555702cc0f621a54,1806.0,1.0,0.0,62.0,0.0,10.3,363.0,242.0,63.0,,,,,,,,,,,,,,,left_only,,,False,,,False,,,False,,,False,,,False,,,False,,,False,,,False,,,False
C4NU/Paddie,2025-05,control,7d588668b42aaceddaff6f2d555702cc0f621a54,1806.0,1.0,0.0,62.0,0.0,10.3,363.0,242.0,63.0,,,,,,,,,,,,,,,left_only,,,False,,,False,,,False,,,False,,,False,,,False,,,False,,,False,,,False
C4NU/Paddie,2025-06,control,7d588668b42aaceddaff6f2d555702cc0f621a54,1806.0,1.0,0.0,62.0,0.0,10.3,363.0,242.0,63.0,,,,,,,,,,,,,,,left_only,,,False,,,False,,,False,,,False,,,False,,,False,,,False,,,False,,,False
C4NU/Paddie,2025-07,control,7d588668b42aaceddaff6f2d555702cc0f621a54,1806.0,1.0,0.0,62.0,0.0,10.3,363.0,242.0,63.0,,,,,,,,,,,,,,,left_only,,,False,,,False,,,False,,,False,,,False,,,False,,,False,,,False,,,False
C4NU/Paddie,2025-08,control,7d588668b42aaceddaff6f2d555702cc0f621a54,1806.0,1.0,0.0,62.0,0.0,10.3,363.0,242.0,63.0,,,,,,,,,,,,,,,left_only,,,False,,,False,,,False,,,False,,,False,,,False,,,False,,,False,,,False
DakeQQ/YOLO-Depth-Estimation-for-Android,2024-05,control,2e475ab5a9f5e652f78775462a0266e1fae0b0c3,1501.0,1.0,0.0,206.0,41.9,3.8,181.0,1524.0,207.0,0,,0,,control,1501.0,1.0,0.0,245.0,41.9,3.8,181.0,1563.0,246.0,both,0.0,0.0,True,0.0,0.0,True,0.0,0.0,True,-39.0,39.0,False,0.0,0.0,True,0.0,0.0,True,0.0,0.0,True,-39.0,39.0,False,-39.0,39.0,False
DakeQQ/YOLO-Depth-Estimation-for-Android,2024-06,control,84ee3ace472147df2b22afd8d948484ef2d4c6f4,1501.0,1.0,0.0,206.0,41.9,3.8,181.0,1524.0,207.0,0,,0,,control,1501.0,1.0,0.0,245.0,41.9,3.8,181.0,1563.0,246.0,both,0.0,0.0,True,0.0,0.0,True,0.0,0.0,True,-39.0,39.0,False,0.0,0.0,True,0.0,0.0,True,0.0,0.0,True,-39.0,39.0,False,-39.0,39.0,False
DakeQQ/YOLO-Depth-Estimation-for-Android,2024-07,control,082dcef82b88940afa60985c64c398429d547f7f,6044.0,4.0,3.0,367.0,20.1,17.7,1022.0,2519.0,374.0,0,,0,,control,6044.0,2.0,0.0,401.0,20.1,17.7,1022.0,2417.0,403.0,both,0.0,0.0,True,2.0,2.0,False,3.0,3.0,False,-34.0,34.0,False,0.0,0.0,True,0.0,0.0,True,0.0,0.0,True,102.0,102.0,False,-29.0,29.0,False
DakeQQ/YOLO-Depth-Estimation-for-Android,2024-08,control,a2cf0eff16041de6c7dd1d55ed8fe389491a8558,6349.0,4.0,3.0,367.0,22.6,19.6,1028.0,2519.0,374.0,0,,0,,control,6349.0,2.0,0.0,401.0,22.6,19.6,1028.0,2417.0,403.0,both,0.0,0.0,True,2.0,2.0,False,3.0,3.0,False,-34.0,34.0,False,0.0,0.0,True,0.0,0.0,True,0.0,0.0,True,102.0,102.0,False,-29.0,29.0,False
DakeQQ/YOLO-Depth-Estimation-for-Android,2024-09,control,2ad3fe85e7d446edaf80cd78f6d8db36654b8d08,6778.0,4.0,3.0,367.0,27.5,19.5,1081.0,2519.0,374.0,0,,0,,control,6778.0,2.0,0.0,401.0,27.5,19.5,1081.0,2417.0,403.0,both,0.0,0.0,True,2.0,2.0,False,3.0,3.0,False,-34.0,34.0,False,0.0,0.0,True,0.0,0.0,True,0.0,0.0,True,102.0,102.0,False,-29.0,29.0,False
DakeQQ/YOLO-Depth-Estimation-for-Android,2024-10,control,fcc15fef88fd0cd4f154b584f2e0fa082da10bfc,7312.0,7.0,4.0,379.0,27.7,20.5,1172.0,2482.0,390.0,0,,0,,control,7312.0,2.0,0.0,413.0,27.7,20.5,1172.0,2380.0,415.0,both,0.0,0.0,True,5.0,5.0,False,4.0,4.0,False,-34.0,34.0,False,0.0,0.0,True,0.0,0.0,True,0.0,0.0,True,102.0,102.0,False,-25.0,25.0,False
DakeQQ/YOLO-Depth-Estimation-for-Android,2024-11,control,de2f651b9e4429956f6a8aa8845c55648db1079b,7306.0,7.0,4.0,379.0,27.7,20.5,1172.0,2482.0,390.0,0,,0,,control,7306.0,2.0,0.0,413.0,27.7,20.5,1172.0,2380.0,415.0,both,0.0,0.0,True,5.0,5.0,False,4.0,4.0,False,-34.0,34.0,False,0.0,0.0,True,0.0,0.0,True,0.0,0.0,True,102.0,102.0,False,-25.0,25.0,False
DakeQQ/YOLO-Depth-Estimation-for-Android,2024-12,control,875f91c8c138c8b47e7e31292530ce72a1cabcc9,7306.0,7.0,4.0,379.0,27.7,20.5,1172.0,2482.0,390.0,0,,0,,control,7306.0,2.0,0.0,413.0,27.7,20.5,1172.0,2380.0,415.0,both,0.0,0.0,True,5.0,5.0,False,4.0,4.0,False,-34.0,34.0,False,0.0,0.0,True,0.0,0.0,True,0.0,0.0,True,102.0,102.0,False,-25.0,25.0,False
DakeQQ/YOLO-Depth-Estimation-for-Android,2025-01,control,688729a935875ae3334b09ab9bfb1d2bc35697cf,7294.0,7.0,4.0,365.0,27.6,20.5,1163.0,2457.0,376.0,0,,0,,control,7294.0,2.0,0.0,399.0,27.6,20.5,1163.0,2355.0,401.0,both,0.0,0.0,True,5.0,5.0,False,4.0,4.0,False,-34.0,34.0,False,0.0,0.0,True,0.0,0.0,True,0.0,0.0,True,102.0,102.0,False,-25.0,25.0,False
DakeQQ/YOLO-Depth-Estimation-for-Android,2025-02,control,b9ab794a306ef3542a62c8773d05fecad4457598,7180.0,7.0,4.0,366.0,26.7,19.9,1141.0,2463.0,377.0,0,,0,,control,7180.0,2.0,0.0,400.0,26.7,19.9,1141.0,2361.0,402.0,both,0.0,0.0,True,5.0,5.0,False,4.0,4.0,False,-34.0,34.0,False,0.0,0.0,True,0.0,0.0,True,0.0,0.0,True,102.0,102.0,False,-25.0,25.0,False
DakeQQ/YOLO-Depth-Estimation-for-Android,2025-03,control,3ff413961e0ff4684127c19850df1c2843338daf,7328.0,7.0,4.0,344.0,22.4,21.7,1218.0,2537.0,355.0,0,,0,,control,7328.0,2.0,0.0,376.0,22.4,21.7,1218.0,2429.0,378.0,both,0.0,0.0,True,5.0,5.0,False,4.0,4.0,False,-32.0,32.0,False,0.0,0.0,True,0.0,0.0,True,0.0,0.0,True,108.0,108.0,False,-23.0,23.0,False
DakeQQ/YOLO-Depth-Estimation-for-Android,2025-04,control,cc5b3daa4ca5be8a55a19a0b764b05f9796832d1,7347.0,7.0,4.0,343.0,22.2,21.5,1218.0,2532.0,354.0,0,,0,,control,7347.0,2.0,0.0,375.0,22.2,21.5,1218.0,2424.0,377.0,both,0.0,0.0,True,5.0,5.0,False,4.0,4.0,False,-32.0,32.0,False,0.0,0.0,True,0.0,0.0,True,0.0,0.0,True,108.0,108.0,False,-23.0,23.0,False
DakeQQ/YOLO-Depth-Estimation-for-Android,2025-05,control,c731ca0e47b709258690e58819cec510094b9b19,7347.0,7.0,4.0,343.0,22.2,21.5,1218.0,2532.0,354.0,0,,0,,control,7347.0,2.0,0.0,375.0,22.2,21.5,1218.0,2424.0,377.0,both,0.0,0.0,True,5.0,5.0,False,4.0,4.0,False,-32.0,32.0,False,0.0,0.0,True,0.0,0.0,True,0.0,0.0,True,108.0,108.0,False,-23.0,23.0,False
DakeQQ/YOLO-Depth-Estimation-for-Android,2025-06,control,c731ca0e47b709258690e58819cec510094b9b19,7347.0,7.0,4.0,343.0,22.2,21.5,1218.0,2532.0,354.0,0,,0,,control,7347.0,2.0,0.0,375.0,22.2,21.5,1218.0,2424.0,377.0,both,0.0,0.0,True,5.0,5.0,False,4.0,4.0,False,-32.0,32.0,False,0.0,0.0,True,0.0,0.0,True,0.0,0.0,True,108.0,108.0,False,-23.0,23.0,False
DakeQQ/YOLO-Depth-Estimation-for-Android,2025-07,control,c731ca0e47b709258690e58819cec510094b9b19,7347.0,7.0,4.0,343.0,22.2,21.5,1218.0,2532.0,354.0,0,,0,,control,7347.0,2.0,0.0,375.0,22.2,21.5,1218.0,2424.0,377.0,both,0.0,0.0,True,5.0,5.0,False,4.0,4.0,False,-32.0,32.0,False,0.0,0.0,True,0.0,0.0,True,0.0,0.0,True,108.0,108.0,False,-23.0,23.0,False
DakeQQ/YOLO-Depth-Estimation-for-Android,2025-08,control,d864f4791aae2fc41a1761941eb2a1a424d14d9c,7598.0,7.0,1.0,354.0,20.4,26.9,1287.0,2544.0,362.0,0,,0,,control,7598.0,2.0,0.0,377.0,20.4,26.9,1287.0,2383.0,379.0,both,0.0,0.0,True,5.0,5.0,False,1.0,1.0,False,-23.0,23.0,False,0.0,0.0,True,0.0,0.0,True,0.0,0.0,True,161.0,161.0,False,-17.0,17.0,False
Drchip61/Dual_SAM,2024-03,control,3efdae9483742dd2e2d63331ebdf67972492c9c7,3357.0,2.0,1.0,191.0,4.5,22.8,300.0,890.0,194.0,0,,0,,control,3357.0,10.0,0.0,197.0,4.5,22.8,300.0,905.0,207.0,both,0.0,0.0,True,-8.0,8.0,False,1.0,1.0,False,-6.0,6.0,False,0.0,0.0,True,0.0,0.0,True,0.0,0.0,True,-15.0,15.0,False,-13.0,13.0,False
Drchip61/Dual_SAM,2024-04,control,cf57ce7726f1d40206e0793cb096c1fc48f73425,3357.0,2.0,1.0,191.0,4.5,22.8,300.0,890.0,194.0,0,,0,,control,3357.0,10.0,0.0,197.0,4.5,22.8,300.0,905.0,207.0,both,0.0,0.0,True,-8.0,8.0,False,1.0,1.0,False,-6.0,6.0,False,0.0,0.0,True,0.0,0.0,True,0.0,0.0,True,-15.0,15.0,False,-13.0,13.0,False
Drchip61/Dual_SAM,2024-05,control,cf57ce7726f1d40206e0793cb096c1fc48f73425,3357.0,2.0,1.0,191.0,4.5,22.8,300.0,890.0,194.0,0,,0,,control,3357.0,10.0,0.0,197.0,4.5,22.8,300.0,905.0,207.0,both,0.0,0.0,True,-8.0,8.0,False,1.0,1.0,False,-6.0,6.0,False,0.0,0.0,True,0.0,0.0,True,0.0,0.0,True,-15.0,15.0,False,-13.0,13.0,False
Drchip61/Dual_SAM,2024-06,control,cf57ce7726f1d40206e0793cb096c1fc48f73425,3357.0,2.0,1.0,191.0,4.5,22.8,300.0,890.0,194.0,0,,0,,control,3357.0,10.0,0.0,197.0,4.5,22.8,300.0,905.0,207.0,both,0.0,0.0,True,-8.0,8.0,False,1.0,1.0,False,-6.0,6.0,False,0.0,0.0,True,0.0,0.0,True,0.0,0.0,True,-15.0,15.0,False,-13.0,13.0,False
Drchip61/Dual_SAM,2024-07,control,cf57ce7726f1d40206e0793cb096c1fc48f73425,3357.0,2.0,1.0,191.0,4.5,22.8,300.0,890.0,194.0,0,,0,,control,3357.0,10.0,0.0,197.0,4.5,22.8,300.0,905.0,207.0,both,0.0,0.0,True,-8.0,8.0,False,1.0,1.0,False,-6.0,6.0,False,0.0,0.0,True,0.0,0.0,True,0.0,0.0,True,-15.0,15.0,False,-13.0,13.0,False
Drchip61/Dual_SAM,2024-08,control,cf57ce7726f1d40206e0793cb096c1fc48f73425,3357.0,2.0,1.0,191.0,4.5,22.8,300.0,890.0,194.0,0,,0,,control,3357.0,10.0,0.0,197.0,4.5,22.8,300.0,905.0,207.0,both,0.0,0.0,True,-8.0,8.0,False,1.0,1.0,False,-6.0,6.0,False,0.0,0.0,True,0.0,0.0,True,0.0,0.0,True,-15.0,15.0,False,-13.0,13.0,False
Drchip61/Dual_SAM,2024-09,control,cf57ce7726f1d40206e0793cb096c1fc48f73425,3357.0,2.0,1.0,191.0,4.5,22.8,300.0,890.0,194.0,0,,0,,control,3357.0,10.0,0.0,197.0,4.5,22.8,300.0,905.0,207.0,both,0.0,0.0,True,-8.0,8.0,False,1.0,1.0,False,-6.0,6.0,False,0.0,0.0,True,0.0,0.0,True,0.0,0.0,True,-15.0,15.0,False,-13.0,13.0,False
Drchip61/Dual_SAM,2024-10,control,cf57ce7726f1d40206e0793cb096c1fc48f73425,3357.0,2.0,1.0,191.0,4.5,22.8,300.0,890.0,194.0,0,,0,,control,3357.0,10.0,0.0,197.0,4.5,22.8,300.0,905.0,207.0,both,0.0,0.0,True,-8.0,8.0,False,1.0,1.0,False,-6.0,6.0,False,0.0,0.0,True,0.0,0.0,True,0.0,0.0,True,-15.0,15.0,False,-13.0,13.0,False
Drchip61/Dual_SAM,2024-11,control,cf57ce7726f1d40206e0793cb096c1fc48f73425,3357.0,2.0,1.0,191.0,4.5,22.8,300.0,890.0,194.0,0,,0,,control,3357.0,10.0,0.0,197.0,4.5,22.8,300.0,905.0,207.0,both,0.0,0.0,True,-8.0,8.0,False,1.0,1.0,False,-6.0,6.0,False,0.0,0.0,True,0.0,0.0,True,0.0,0.0,True,-15.0,15.0,False,-13.0,13.0,False
Drchip61/Dual_SAM,2024-12,control,5f38d57c5ccaa4e16693d0b77f09c984901ac5b9,3357.0,2.0,1.0,191.0,4.5,22.8,300.0,890.0,194.0,0,,0,,control,3357.0,10.0,0.0,197.0,4.5,22.8,300.0,905.0,207.0,both,0.0,0.0,True,-8.0,8.0,False,1.0,1.0,False,-6.0,6.0,False,0.0,0.0,True,0.0,0.0,True,0.0,0.0,True,-15.0,15.0,False,-13.0,13.0,False
Drchip61/Dual_SAM,2025-01,control,5f38d57c5ccaa4e16693d0b77f09c984901ac5b9,3357.0,2.0,1.0,191.0,4.5,22.8,300.0,890.0,194.0,,,,,,,,,,,,,,,left_only,,,False,,,False,,,False,,,False,,,False,,,False,,,False,,,False,,,False
Drchip61/Dual_SAM,2025-02,control,5f38d57c5ccaa4e16693d0b77f09c984901ac5b9,3357.0,2.0,1.0,191.0,4.5,22.8,300.0,890.0,194.0,,,,,,,,,,,,,,,left_only,,,False,,,False,,,False,,,False,,,False,,,False,,,False,,,False,,,False
Drchip61/Dual_SAM,2025-03,control,5f38d57c5ccaa4e16693d0b77f09c984901ac5b9,3357.0,2.0,1.0,191.0,4.5,22.8,300.0,890.0,194.0,,,,,,,,,,,,,,,left_only,,,False,,,False,,,False,,,False,,,False,,,False,,,False,,,False,,,False
Drchip61/Dual_SAM,2025-04,control,5f38d57c5ccaa4e16693d0b77f09c984901ac5b9,3357.0,2.0,1.0,191.0,4.5,22.8,300.0,890.0,194.0,,,,,,,,,,,,,,,left_only,,,False,,,False,,,False,,,False,,,False,,,False,,,False,,,False,,,False
Drchip61/Dual_SAM,2025-05,control,5f38d57c5ccaa4e16693d0b77f09c984901ac5b9,3357.0,2.0,1.0,191.0,4.5,22.8,300.0,890.0,194.0,,,,,,,,,,,,,,,left_only,,,False,,,False,,,False,,,False,,,False,,,False,,,False,,,False,,,False
Drchip61/Dual_SAM,2025-06,control,5f38d57c5ccaa4e16693d0b77f09c984901ac5b9,3357.0,2.0,1.0,191.0,4.5,22.8,300.0,890.0,194.0,,,,,,,,,,,,,,,left_only,,,False,,,False,,,False,,,False,,,False,,,False,,,False,,,False,,,False
Drchip61/Dual_SAM,2025-07,control,5f38d57c5ccaa4e16693d0b77f09c984901ac5b9,3357.0,2.0,1.0,191.0,4.5,22.8,300.0,890.0,194.0,,,,,,,,,,,,,,,left_only,,,False,,,False,,,False,,,False,,,False,,,False,,,False,,,False,,,False
Drchip61/Dual_SAM,2025-08,control,5f38d57c5ccaa4e16693d0b77f09c984901ac5b9,3357.0,2.0,1.0,191.0,4.5,22.8,300.0,890.0,194.0,,,,,,,,,,,,,,,left_only,,,False,,,False,,,False,,,False,,,False,,,False,,,False,,,False,,,False
EURAC-EEBgroup/brick-llm,2024-09,control,34f614a557afc5b0aae5773b9e0954122c8de30e,458.0,0.0,0.0,8.0,0.0,12.1,96.0,42.0,8.0,0,,0,,control,458.0,0.0,0.0,8.0,0.0,12.1,96.0,42.0,8.0,both,0.0,0.0,True,0.0,0.0,True,0.0,0.0,True,0.0,0.0,True,0.0,0.0,True,0.0,0.0,True,0.0,0.0,True,0.0,0.0,True,0.0,0.0,True
EURAC-EEBgroup/brick-llm,2024-10,control,324dafc988d53f922b62b6fde9921efb3320348a,1032.0,0.0,0.0,24.0,0.0,27.8,166.0,121.0,24.0,0,,0,,control,1032.0,0.0,0.0,14.0,0.0,27.8,166.0,71.0,14.0,both,0.0,0.0,True,0.0,0.0,True,0.0,0.0,True,10.0,10.0,False,0.0,0.0,True,0.0,0.0,True,0.0,0.0,True,50.0,50.0,False,10.0,10.0,False
EURAC-EEBgroup/brick-llm,2024-11,control,23c57e249931c71130ae8d1b880bee1950b1501d,1164.0,0.0,0.0,25.0,0.0,26.6,168.0,126.0,25.0,0,,0,,control,1164.0,0.0,0.0,14.0,0.0,26.6,168.0,71.0,14.0,both,0.0,0.0,True,0.0,0.0,True,0.0,0.0,True,11.0,11.0,False,0.0,0.0,True,0.0,0.0,True,0.0,0.0,True,55.0,55.0,False,11.0,11.0,False
EURAC-EEBgroup/brick-llm,2024-12,control,cf5babd71b703f4df2764b7e410524923df8253b,1212.0,0.0,0.0,27.0,0.0,26.5,179.0,132.0,27.0,0,,0,,control,1212.0,0.0,0.0,16.0,0.0,26.5,179.0,77.0,16.0,both,0.0,0.0,True,0.0,0.0,True,0.0,0.0,True,11.0,11.0,False,0.0,0.0,True,0.0,0.0,True,0.0,0.0,True,55.0,55.0,False,11.0,11.0,False
EURAC-EEBgroup/brick-llm,2025-01,control,5d44960a73b9ef0bc4bf79ee9bb2492a821a5795,1245.0,0.0,0.0,26.0,0.0,26.3,180.0,131.0,26.0,0,,0,,control,1245.0,0.0,0.0,15.0,0.0,26.3,180.0,76.0,15.0,both,0.0,0.0,True,0.0,0.0,True,0.0,0.0,True,11.0,11.0,False,0.0,0.0,True,0.0,0.0,True,0.0,0.0,True,55.0,55.0,False,11.0,11.0,False
EURAC-EEBgroup/brick-llm,2025-02,control,5d44960a73b9ef0bc4bf79ee9bb2492a821a5795,1245.0,0.0,0.0,26.0,0.0,26.3,180.0,131.0,26.0,0,,0,,control,1245.0,0.0,0.0,15.0,0.0,26.3,180.0,76.0,15.0,both,0.0,0.0,True,0.0,0.0,True,0.0,0.0,True,11.0,11.0,False,0.0,0.0,True,0.0,0.0,True,0.0,0.0,True,55.0,55.0,False,11.0,11.0,False
EURAC-EEBgroup/brick-llm,2025-03,control,eae4dac0eb871b7859148567812caa3344dfd400,1685.0,0.0,0.0,32.0,0.0,22.7,288.0,214.0,32.0,0,,0,,control,1685.0,0.0,0.0,20.0,0.0,22.7,288.0,154.0,20.0,both,0.0,0.0,True,0.0,0.0,True,0.0,0.0,True,12.0,12.0,False,0.0,0.0,True,0.0,0.0,True,0.0,0.0,True,60.0,60.0,False,12.0,12.0,False
EURAC-EEBgroup/brick-llm,2025-04,control,eae4dac0eb871b7859148567812caa3344dfd400,1685.0,0.0,0.0,32.0,0.0,22.7,288.0,214.0,32.0,0,,0,,control,1685.0,0.0,0.0,20.0,0.0,22.7,288.0,154.0,20.0,both,0.0,0.0,True,0.0,0.0,True,0.0,0.0,True,12.0,12.0,False,0.0,0.0,True,0.0,0.0,True,0.0,0.0,True,60.0,60.0,False,12.0,12.0,False
EURAC-EEBgroup/brick-llm,2025-05,control,ac89ecd41929d3133379fda4bcf5e85927d1c4ac,1685.0,0.0,0.0,32.0,0.0,22.7,288.0,214.0,32.0,0,,0,,control,1685.0,0.0,0.0,20.0,0.0,22.7,288.0,154.0,20.0,both,0.0,0.0,True,0.0,0.0,True,0.0,0.0,True,12.0,12.0,False,0.0,0.0,True,0.0,0.0,True,0.0,0.0,True,60.0,60.0,False,12.0,12.0,False
EURAC-EEBgroup/brick-llm,2025-06,control,ac89ecd41929d3133379fda4bcf5e85927d1c4ac,1685.0,0.0,0.0,32.0,0.0,22.7,288.0,214.0,32.0,,,,,,,,,,,,,,,left_only,,,False,,,False,,,False,,,False,,,False,,,False,,,False,,,False,,,False
EURAC-EEBgroup/brick-llm,2025-07,control,ac89ecd41929d3133379fda4bcf5e85927d1c4ac,1685.0,0.0,0.0,32.0,0.0,22.7,288.0,214.0,32.0,,,,,,,,,,,,,,,left_only,,,False,,,False,,,False,,,False,,,False,,,False,,,False,,,False,,,False
EURAC-EEBgroup/brick-llm,2025-08,control,ac89ecd41929d3133379fda4bcf5e85927d1c4ac,1685.0,0.0,0.0,32.0,0.0,22.7,288.0,214.0,32.0,,,,,,,,,,,,,,,left_only,,,False,,,False,,,False,,,False,,,False,,,False,,,False,,,False,,,False
Envious-Data/Env-KB,2024-01,control,e9f0ea380e5344ecc131da5c96ecf387425c7e7f,58.0,0.0,0.0,1.0,0.0,7.9,3.0,20.0,1.0,0,,0,,control,,,,,,,,,,both,,,False,,,False,,,False,,,False,,,False,,,False,,,False,,,False,,,False
Envious-Data/Env-KB,2024-02,control,e9f0ea380e5344ecc131da5c96ecf387425c7e7f,58.0,0.0,0.0,1.0,0.0,7.9,3.0,20.0,1.0,0,,0,,control,,,,,,,,,,both,,,False,,,False,,,False,,,False,,,False,,,False,,,False,,,False,,,False
Envious-Data/Env-KB,2024-03,control,e9f0ea380e5344ecc131da5c96ecf387425c7e7f,58.0,0.0,0.0,1.0,0.0,7.9,3.0,20.0,1.0,0,,0,,control,,,,,,,,,,both,,,False,,,False,,,False,,,False,,,False,,,False,,,False,,,False,,,False
Envious-Data/Env-KB,2024-04,control,1e0873a8409cca1332537cb4934c04b54ce33a7a,58.0,0.0,0.0,1.0,0.0,7.9,3.0,20.0,1.0,0,,0,,control,58.0,0.0,0.0,1.0,0.0,7.9,3.0,20.0,1.0,both,0.0,0.0,True,0.0,0.0,True,0.0,0.0,True,0.0,0.0,True,0.0,0.0,True,0.0,0.0,True,0.0,0.0,True,0.0,0.0,True,0.0,0.0,True
Envious-Data/Env-KB,2024-05,control,1e0873a8409cca1332537cb4934c04b54ce33a7a,58.0,0.0,0.0,1.0,0.0,7.9,3.0,20.0,1.0,,,,,,,,,,,,,,,left_only,,,False,,,False,,,False,,,False,,,False,,,False,,,False,,,False,,,False
Envious-Data/Env-KB,2024-06,control,1e0873a8409cca1332537cb4934c04b54ce33a7a,58.0,0.0,0.0,1.0,0.0,7.9,3.0,20.0,1.0,,,,,,,,,,,,,,,left_only,,,False,,,False,,,False,,,False,,,False,,,False,,,False,,,False,,,False
Envious-Data/Env-KB,2024-07,control,1e0873a8409cca1332537cb4934c04b54ce33a7a,58.0,0.0,0.0,1.0,0.0,7.9,3.0,20.0,1.0,,,,,,,,,,,,,,,left_only,,,False,,,False,,,False,,,False,,,False,,,False,,,False,,,False,,,False
Envious-Data/Env-KB,2024-08,control,1e0873a8409cca1332537cb4934c04b54ce33a7a,58.0,0.0,0.0,1.0,0.0,7.9,3.0,20.0,1.0,,,,,,,,,,,,,,,left_only,,,False,,,False,,,False,,,False,,,False,,,False,,,False,,,False,,,False
Envious-Data/Env-KB,2024-09,control,1e0873a8409cca1332537cb4934c04b54ce33a7a,58.0,0.0,0.0,1.0,0.0,7.9,3.0,20.0,1.0,,,,,,,,,,,,,,,left_only,,,False,,,False,,,False,,,False,,,False,,,False,,,False,,,False,,,False
Envious-Data/Env-KB,2024-10,control,1e0873a8409cca1332537cb4934c04b54ce33a7a,58.0,0.0,0.0,1.0,0.0,7.9,3.0,20.0,1.0,,,,,,,,,,,,,,,left_only,,,False,,,False,,,False,,,False,,,False,,,False,,,False,,,False,,,False
Envious-Data/Env-KB,2024-11,control,1e0873a8409cca1332537cb4934c04b54ce33a7a,58.0,0.0,0.0,1.0,0.0,7.9,3.0,20.0,1.0,,,,,,,,,,,,,,,left_only,,,False,,,False,,,False,,,False,,,False,,,False,,,False,,,False,,,False
Envious-Data/Env-KB,2024-12,control,1e0873a8409cca1332537cb4934c04b54ce33a7a,58.0,0.0,0.0,1.0,0.0,7.9,3.0,20.0,1.0,,,,,,,,,,,,,,,left_only,,,False,,,False,,,False,,,False,,,False,,,False,,,False,,,False,,,False
Envious-Data/Env-KB,2025-01,control,1e0873a8409cca1332537cb4934c04b54ce33a7a,58.0,0.0,0.0,1.0,0.0,7.9,3.0,20.0,1.0,,,,,,,,,,,,,,,left_only,,,False,,,False,,,False,,,False,,,False,,,False,,,False,,,False,,,False
Envious-Data/Env-KB,2025-02,control,1e0873a8409cca1332537cb4934c04b54ce33a7a,58.0,0.0,0.0,1.0,0.0,7.9,3.0,20.0,1.0,,,,,,,,,,,,,,,left_only,,,False,,,False,,,False,,,False,,,False,,,False,,,False,,,False,,,False
Envious-Data/Env-KB,2025-03,control,1e0873a8409cca1332537cb4934c04b54ce33a7a,58.0,0.0,0.0,1.0,0.0,7.9,3.0,20.0,1.0,,,,,,,,,,,,,,,left_only,,,False,,,False,,,False,,,False,,,False,,,False,,,False,,,False,,,False
Envious-Data/Env-KB,2025-04,control,1e0873a8409cca1332537cb4934c04b54ce33a7a,58.0,0.0,0.0,1.0,0.0,7.9,3.0,20.0,1.0,,,,,,,,,,,,,,,left_only,,,False,,,False,,,False,,,False,,,False,,,False,,,False,,,False,,,False
Envious-Data/Env-KB,2025-05,control,1e0873a8409cca1332537cb4934c04b54ce33a7a,58.0,0.0,0.0,1.0,0.0,7.9,3.0,20.0,1.0,,,,,,,,,,,,,,,left_only,,,False,,,False,,,False,,,False,,,False,,,False,,,False,,,False,,,False
Envious-Data/Env-KB,2025-06,control,1e0873a8409cca1332537cb4934c04b54ce33a7a,58.0,0.0,0.0,1.0,0.0,7.9,3.0,20.0,1.0,,,,,,,,,,,,,,,left_only,,,False,,,False,,,False,,,False,,,False,,,False,,,False,,,False,,,False
Envious-Data/Env-KB,2025-07,control,1e0873a8409cca1332537cb4934c04b54ce33a7a,58.0,0.0,0.0,1.0,0.0,7.9,3.0,20.0,1.0,,,,,,,,,,,,,,,left_only,,,False,,,False,,,False,,,False,,,False,,,False,,,False,,,False,,,False
Envious-Data/Env-KB,2025-08,control,1e0873a8409cca1332537cb4934c04b54ce33a7a,58.0,0.0,0.0,1.0,0.0,7.9,3.0,20.0,1.0,,,,,,,,,,,,,,,left_only,,,False,,,False,,,False,,,False,,,False,,,False,,,False,,,False,,,False
Event-AHU/OpenEvDET,2024-06,control,9445d9825b622f47cb581339ad6322d28c1f0609,,0.0,0.0,0.0,,,,0.0,0.0,0,,0,,control,,0.0,0.0,0.0,,,,0.0,0.0,both,,,False,0.0,0.0,True,0.0,0.0,True,0.0,0.0,True,,,False,,,False,,,False,0.0,0.0,True,0.0,0.0,True
Event-AHU/OpenEvDET,2024-07,control,ef3b6902aabe5fcbb4bcbe52f0d7c160db58811b,,0.0,0.0,0.0,,,,0.0,0.0,0,,0,,control,,0.0,0.0,0.0,,,,0.0,0.0,both,,,False,0.0,0.0,True,0.0,0.0,True,0.0,0.0,True,,,False,,,False,,,False,0.0,0.0,True,0.0,0.0,True
Event-AHU/OpenEvDET,2024-08,control,fe248bc731b4b3bcfe7716459dd97b020d56379a,,0.0,0.0,0.0,,,,0.0,0.0,0,,0,,control,,0.0,0.0,0.0,,,,0.0,0.0,both,,,False,0.0,0.0,True,0.0,0.0,True,0.0,0.0,True,,,False,,,False,,,False,0.0,0.0,True,0.0,0.0,True
Event-AHU/OpenEvDET,2024-09,control,b18ae742fd121615f5acaef3748206b4905e0314,,0.0,0.0,0.0,,,,0.0,0.0,0,,0,,control,,0.0,0.0,0.0,,,,0.0,0.0,both,,,False,0.0,0.0,True,0.0,0.0,True,0.0,0.0,True,,,False,,,False,,,False,0.0,0.0,True,0.0,0.0,True
Event-AHU/OpenEvDET,2024-10,control,b18ae742fd121615f5acaef3748206b4905e0314,,0.0,0.0,0.0,,,,0.0,0.0,0,,0,,control,,0.0,0.0,0.0,,,,0.0,0.0,both,,,False,0.0,0.0,True,0.0,0.0,True,0.0,0.0,True,,,False,,,False,,,False,0.0,0.0,True,0.0,0.0,True
Event-AHU/OpenEvDET,2024-11,control,070bdea99e2bdc41c69d0c7e883b3b2ca19069ab,,0.0,0.0,0.0,,,,0.0,0.0,0,,0,,control,,0.0,0.0,0.0,,,,0.0,0.0,both,,,False,0.0,0.0,True,0.0,0.0,True,0.0,0.0,True,,,False,,,False,,,False,0.0,0.0,True,0.0,0.0,True
Event-AHU/OpenEvDET,2024-12,control,7bee63b33fe810ff1c51382f567cfa9fb7b1a745,,0.0,0.0,0.0,,,,0.0,0.0,0,,0,,control,,0.0,0.0,0.0,,,,0.0,0.0,both,,,False,0.0,0.0,True,0.0,0.0,True,0.0,0.0,True,,,False,,,False,,,False,0.0,0.0,True,0.0,0.0,True
Event-AHU/OpenEvDET,2025-01,control,bd38079458e2d14cce522f1135b3fde0066ab432,,0.0,0.0,0.0,,,,0.0,0.0,0,,0,,control,,0.0,0.0,0.0,,,,0.0,0.0,both,,,False,0.0,0.0,True,0.0,0.0,True,0.0,0.0,True,,,False,,,False,,,False,0.0,0.0,True,0.0,0.0,True
Event-AHU/OpenEvDET,2025-02,control,dfc518d6227f891592be57dc9f0bdfccdbc1fc2a,5020.0,8.0,4.0,174.0,16.9,17.2,949.0,891.0,186.0,0,,0,,control,5020.0,4.0,0.0,162.0,16.9,17.2,949.0,831.0,166.0,both,0.0,0.0,True,4.0,4.0,False,4.0,4.0,False,12.0,12.0,False,0.0,0.0,True,0.0,0.0,True,0.0,0.0,True,60.0,60.0,False,20.0,20.0,False
Event-AHU/OpenEvDET,2025-03,control,a9dff9f1f657e3218e08ef2de59d3b0049764adc,5020.0,8.0,4.0,174.0,16.9,17.2,949.0,891.0,186.0,0,,0,,control,5020.0,4.0,0.0,162.0,16.9,17.2,949.0,831.0,166.0,both,0.0,0.0,True,4.0,4.0,False,4.0,4.0,False,12.0,12.0,False,0.0,0.0,True,0.0,0.0,True,0.0,0.0,True,60.0,60.0,False,20.0,20.0,False
Event-AHU/OpenEvDET,2025-04,control,43a3a8aa71be7b2caad23f0b2e75ecdb43f38763,5020.0,8.0,4.0,174.0,16.9,17.2,949.0,891.0,186.0,0,,0,,control,5020.0,4.0,0.0,162.0,16.9,17.2,949.0,831.0,166.0,both,0.0,0.0,True,4.0,4.0,False,4.0,4.0,False,12.0,12.0,False,0.0,0.0,True,0.0,0.0,True,0.0,0.0,True,60.0,60.0,False,20.0,20.0,False
Event-AHU/OpenEvDET,2025-05,control,c3089ba55502bb47ab6689d56bed4bd44236c126,10829.0,17.0,8.0,408.0,87.2,17.3,2109.0,2116.0,433.0,0,,0,,control,10829.0,9.0,0.0,383.0,87.2,17.3,2109.0,1991.0,392.0,both,0.0,0.0,True,8.0,8.0,False,8.0,8.0,False,25.0,25.0,False,0.0,0.0,True,0.0,0.0,True,0.0,0.0,True,125.0,125.0,False,41.0,41.0,False
Event-AHU/OpenEvDET,2025-06,control,c3089ba55502bb47ab6689d56bed4bd44236c126,10829.0,17.0,8.0,408.0,87.2,17.3,2109.0,2116.0,433.0,0,,0,,control,10829.0,9.0,0.0,383.0,87.2,17.3,2109.0,1991.0,392.0,both,0.0,0.0,True,8.0,8.0,False,8.0,8.0,False,25.0,25.0,False,0.0,0.0,True,0.0,0.0,True,0.0,0.0,True,125.0,125.0,False,41.0,41.0,False
Event-AHU/OpenEvDET,2025-07,control,0387128430648126abe7ef71016a4ff6a1f03f20,10829.0,17.0,8.0,408.0,87.2,17.3,2109.0,2116.0,433.0,0,,0,,control,10829.0,9.0,0.0,383.0,87.2,17.3,2109.0,1991.0,392.0,both,0.0,0.0,True,8.0,8.0,False,8.0,8.0,False,25.0,25.0,False,0.0,0.0,True,0.0,0.0,True,0.0,0.0,True,125.0,125.0,False,41.0,41.0,False
Event-AHU/OpenEvDET,2025-08,control,77a31ac8d522bafc38fbe2569df8020ffc6d11ff,10791.0,16.0,8.0,405.0,87.5,17.3,2106.0,2101.0,429.0,0,,0,,control,10791.0,8.0,0.0,380.0,87.5,17.3,2106.0,1976.0,388.0,both,0.0,0.0,True,8.0,8.0,False,8.0,8.0,False,25.0,25.0,False,0.0,0.0,True,0.0,0.0,True,0.0,0.0,True,125.0,125.0,False,41.0,41.0,False
FFY0/AdaKV,2024-06,control,e0124ae9f61cd26dda2a84bbfa56f01ed51b8978,1247.0,4.0,2.0,58.0,22.8,12.2,355.0,413.0,64.0,0,,0,,control,1247.0,4.0,0.0,61.0,22.8,12.2,355.0,428.0,65.0,both,0.0,0.0,True,0.0,0.0,True,2.0,2.0,False,-3.0,3.0,False,0.0,0.0,True,0.0,0.0,True,0.0,0.0,True,-15.0,15.0,False,-1.0,1.0,False
FFY0/AdaKV,2024-07,control,759b5dff12c4aa8c8285454fd00ee16ad4c85a36,1407.0,4.0,0.0,63.0,21.7,13.0,375.0,408.0,67.0,0,,0,,control,1407.0,4.0,0.0,66.0,21.7,13.0,375.0,423.0,70.0,both,0.0,0.0,True,0.0,0.0,True,0.0,0.0,True,-3.0,3.0,False,0.0,0.0,True,0.0,0.0,True,0.0,0.0,True,-15.0,15.0,False,-3.0,3.0,False
FFY0/AdaKV,2024-08,control,83ec65b6e25e99ac0918f752a8c71bf49b1e31c9,2031.0,3.0,0.0,71.0,49.9,11.2,599.0,558.0,74.0,0,,0,,control,2031.0,3.0,0.0,71.0,49.9,11.2,599.0,558.0,74.0,both,0.0,0.0,True,0.0,0.0,True,0.0,0.0,True,0.0,0.0,True,0.0,0.0,True,0.0,0.0,True,0.0,0.0,True,0.0,0.0,True,0.0,0.0,True
FFY0/AdaKV,2024-09,control,83ec65b6e25e99ac0918f752a8c71bf49b1e31c9,2031.0,3.0,0.0,71.0,49.9,11.2,599.0,558.0,74.0,0,,0,,control,2031.0,3.0,0.0,71.0,49.9,11.2,599.0,558.0,74.0,both,0.0,0.0,True,0.0,0.0,True,0.0,0.0,True,0.0,0.0,True,0.0,0.0,True,0.0,0.0,True,0.0,0.0,True,0.0,0.0,True,0.0,0.0,True
FFY0/AdaKV,2024-10,control,83ec65b6e25e99ac0918f752a8c71bf49b1e31c9,2031.0,3.0,0.0,71.0,49.9,11.2,599.0,558.0,74.0,0,,0,,control,2031.0,3.0,0.0,71.0,49.9,11.2,599.0,558.0,74.0,both,0.0,0.0,True,0.0,0.0,True,0.0,0.0,True,0.0,0.0,True,0.0,0.0,True,0.0,0.0,True,0.0,0.0,True,0.0,0.0,True,0.0,0.0,True
FFY0/AdaKV,2024-11,control,88bddcd2ecd01e94f153ed7b38834330913dba8a,2209.0,3.0,0.0,80.0,44.6,13.7,658.0,607.0,83.0,0,,0,,control,2209.0,3.0,0.0,82.0,44.6,13.7,658.0,617.0,85.0,both,0.0,0.0,True,0.0,0.0,True,0.0,0.0,True,-2.0,2.0,False,0.0,0.0,True,0.0,0.0,True,0.0,0.0,True,-10.0,10.0,False,-2.0,2.0,False
FFY0/AdaKV,2024-12,control,d2252fa9870a2eb233b8512ce67242187dbed987,2209.0,3.0,0.0,80.0,44.6,13.7,658.0,607.0,83.0,0,,0,,control,2209.0,3.0,0.0,82.0,44.6,13.7,658.0,617.0,85.0,both,0.0,0.0,True,0.0,0.0,True,0.0,0.0,True,-2.0,2.0,False,0.0,0.0,True,0.0,0.0,True,0.0,0.0,True,-10.0,10.0,False,-2.0,2.0,False
FFY0/AdaKV,2025-01,control,66b95be2d9e3c5e113874ee6d5370086838c2e16,2678.0,7.0,0.0,85.0,50.4,11.2,643.0,559.0,92.0,0,,0,,control,2678.0,7.0,0.0,88.0,50.4,11.2,643.0,574.0,95.0,both,0.0,0.0,True,0.0,0.0,True,0.0,0.0,True,-3.0,3.0,False,0.0,0.0,True,0.0,0.0,True,0.0,0.0,True,-15.0,15.0,False,-3.0,3.0,False
FFY0/AdaKV,2025-02,control,66b95be2d9e3c5e113874ee6d5370086838c2e16,2678.0,7.0,0.0,85.0,50.4,11.2,643.0,559.0,92.0,0,,0,,control,2678.0,7.0,0.0,88.0,50.4,11.2,643.0,574.0,95.0,both,0.0,0.0,True,0.0,0.0,True,0.0,0.0,True,-3.0,3.0,False,0.0,0.0,True,0.0,0.0,True,0.0,0.0,True,-15.0,15.0,False,-3.0,3.0,False
FFY0/AdaKV,2025-03,control,66b95be2d9e3c5e113874ee6d5370086838c2e16,2678.0,7.0,0.0,85.0,50.4,11.2,643.0,559.0,92.0,0,,0,,control,2678.0,7.0,0.0,88.0,50.4,11.2,643.0,574.0,95.0,both,0.0,0.0,True,0.0,0.0,True,0.0,0.0,True,-3.0,3.0,False,0.0,0.0,True,0.0,0.0,True,0.0,0.0,True,-15.0,15.0,False,-3.0,3.0,False
FFY0/AdaKV,2025-04,control,66b95be2d9e3c5e113874ee6d5370086838c2e16,2678.0,7.0,0.0,85.0,50.4,11.2,643.0,559.0,92.0,0,,0,,control,2678.0,7.0,0.0,88.0,50.4,11.2,643.0,574.0,95.0,both,0.0,0.0,True,0.0,0.0,True,0.0,0.0,True,-3.0,3.0,False,0.0,0.0,True,0.0,0.0,True,0.0,0.0,True,-15.0,15.0,False,-3.0,3.0,False
FFY0/AdaKV,2025-05,control,66b95be2d9e3c5e113874ee6d5370086838c2e16,2678.0,7.0,0.0,85.0,50.4,11.2,643.0,559.0,92.0,0,,0,,control,2678.0,7.0,0.0,88.0,50.4,11.2,643.0,574.0,95.0,both,0.0,0.0,True,0.0,0.0,True,0.0,0.0,True,-3.0,3.0,False,0.0,0.0,True,0.0,0.0,True,0.0,0.0,True,-15.0,15.0,False,-3.0,3.0,False
FFY0/AdaKV,2025-06,control,67a0fc2729800c3d902225f359e0b50f9202556b,2678.0,7.0,0.0,85.0,50.4,11.2,643.0,559.0,92.0,0,,0,,control,2678.0,7.0,0.0,88.0,50.4,11.2,643.0,574.0,95.0,both,0.0,0.0,True,0.0,0.0,True,0.0,0.0,True,-3.0,3.0,False,0.0,0.0,True,0.0,0.0,True,0.0,0.0,True,-15.0,15.0,False,-3.0,3.0,False
FFY0/AdaKV,2025-07,control,67a0fc2729800c3d902225f359e0b50f9202556b,2678.0,7.0,0.0,85.0,50.4,11.2,643.0,559.0,92.0,,,,,,,,,,,,,,,left_only,,,False,,,False,,,False,,,False,,,False,,,False,,,False,,,False,,,False
FFY0/AdaKV,2025-08,control,67a0fc2729800c3d902225f359e0b50f9202556b,2678.0,7.0,0.0,85.0,50.4,11.2,643.0,559.0,92.0,,,,,,,,,,,,,,,left_only,,,False,,,False,,,False,,,False,,,False,,,False,,,False,,,False,,,False
FMInference/FlexiGen,2024-01,control,d34f7b4b43ed87a374f394b0535ed685af66197b,661431.0,218.0,142.0,9656.0,30.4,19.7,102528.0,81211.0,10016.0,0,,0,,control,,,,,,,,,,both,,,False,,,False,,,False,,,False,,,False,,,False,,,False,,,False,,,False
FMInference/FlexiGen,2024-02,control,d34f7b4b43ed87a374f394b0535ed685af66197b,661431.0,218.0,142.0,9656.0,30.4,19.7,102528.0,81211.0,10016.0,0,,0,,control,,,,,,,,,,both,,,False,,,False,,,False,,,False,,,False,,,False,,,False,,,False,,,False
FMInference/FlexiGen,2024-03,control,d34f7b4b43ed87a374f394b0535ed685af66197b,661431.0,218.0,142.0,9656.0,30.4,19.7,102528.0,81211.0,10016.0,0,,0,,control,,,,,,,,,,both,,,False,,,False,,,False,,,False,,,False,,,False,,,False,,,False,,,False
FMInference/FlexiGen,2024-04,control,19753bc062d47cc34e73efb27824e97ff5216a68,661582.0,218.0,142.0,9658.0,30.4,19.7,102553.0,81221.0,10018.0,0,,0,,control,661619.0,278.0,5.0,8641.0,30.4,19.7,102553.0,78233.0,8924.0,both,-37.0,37.0,False,-60.0,60.0,False,137.0,137.0,False,1017.0,1017.0,False,0.0,0.0,True,0.0,0.0,True,0.0,0.0,True,2988.0,2988.0,False,1094.0,1094.0,False
FMInference/FlexiGen,2024-05,control,19753bc062d47cc34e73efb27824e97ff5216a68,661582.0,218.0,142.0,9658.0,30.4,19.7,102553.0,81221.0,10018.0,0,,0,,control,661619.0,278.0,5.0,8641.0,30.4,19.7,102553.0,78233.0,8924.0,both,-37.0,37.0,False,-60.0,60.0,False,137.0,137.0,False,1017.0,1017.0,False,0.0,0.0,True,0.0,0.0,True,0.0,0.0,True,2988.0,2988.0,False,1094.0,1094.0,False
FMInference/FlexiGen,2024-06,control,19753bc062d47cc34e73efb27824e97ff5216a68,661582.0,218.0,142.0,9658.0,30.4,19.7,102553.0,81221.0,10018.0,0,,0,,control,661619.0,278.0,5.0,8641.0,30.4,19.7,102553.0,78233.0,8924.0,both,-37.0,37.0,False,-60.0,60.0,False,137.0,137.0,False,1017.0,1017.0,False,0.0,0.0,True,0.0,0.0,True,0.0,0.0,True,2988.0,2988.0,False,1094.0,1094.0,False
FMInference/FlexiGen,2024-07,control,19753bc062d47cc34e73efb27824e97ff5216a68,661582.0,218.0,142.0,9658.0,30.4,19.7,102553.0,81221.0,10018.0,0,,0,,control,661619.0,278.0,5.0,8641.0,30.4,19.7,102553.0,78233.0,8924.0,both,-37.0,37.0,False,-60.0,60.0,False,137.0,137.0,False,1017.0,1017.0,False,0.0,0.0,True,0.0,0.0,True,0.0,0.0,True,2988.0,2988.0,False,1094.0,1094.0,False
FMInference/FlexiGen,2024-08,control,19753bc062d47cc34e73efb27824e97ff5216a68,661582.0,218.0,142.0,9658.0,30.4,19.7,102553.0,81221.0,10018.0,0,,0,,control,661619.0,278.0,5.0,8641.0,30.4,19.7,102553.0,78233.0,8924.0,both,-37.0,37.0,False,-60.0,60.0,False,137.0,137.0,False,1017.0,1017.0,False,0.0,0.0,True,0.0,0.0,True,0.0,0.0,True,2988.0,2988.0,False,1094.0,1094.0,False
FMInference/FlexiGen,2024-09,control,ab55510b0e19b0dcdb274e7ef5421827d0c237d0,661582.0,218.0,142.0,9658.0,30.4,19.7,102553.0,81221.0,10018.0,0,,0,,control,661619.0,278.0,5.0,8641.0,30.4,19.7,102553.0,78233.0,8924.0,both,-37.0,37.0,False,-60.0,60.0,False,137.0,137.0,False,1017.0,1017.0,False,0.0,0.0,True,0.0,0.0,True,0.0,0.0,True,2988.0,2988.0,False,1094.0,1094.0,False
FMInference/FlexiGen,2024-10,control,004ffef82b46e8dc8685c55d0cdda650bdaf1269,661594.0,218.0,142.0,9660.0,30.4,19.7,102557.0,81228.0,10020.0,0,,0,,control,661631.0,278.0,5.0,8642.0,30.4,19.7,102557.0,78238.0,8925.0,both,-37.0,37.0,False,-60.0,60.0,False,137.0,137.0,False,1018.0,1018.0,False,0.0,0.0,True,0.0,0.0,True,0.0,0.0,True,2990.0,2990.0,False,1095.0,1095.0,False
FMInference/FlexiGen,2024-11,control,004ffef82b46e8dc8685c55d0cdda650bdaf1269,661594.0,218.0,142.0,9660.0,30.4,19.7,102557.0,81228.0,10020.0,,,,,,,,,,,,,,,left_only,,,False,,,False,,,False,,,False,,,False,,,False,,,False,,,False,,,False
FMInference/FlexiGen,2024-12,control,004ffef82b46e8dc8685c55d0cdda650bdaf1269,661594.0,218.0,142.0,9660.0,30.4,19.7,102557.0,81228.0,10020.0,,,,,,,,,,,,,,,left_only,,,False,,,False,,,False,,,False,,,False,,,False,,,False,,,False,,,False
FMInference/FlexiGen,2025-01,control,004ffef82b46e8dc8685c55d0cdda650bdaf1269,661594.0,218.0,142.0,9660.0,30.4,19.7,102557.0,81228.0,10020.0,,,,,,,,,,,,,,,left_only,,,False,,,False,,,False,,,False,,,False,,,False,,,False,,,False,,,False
FMInference/FlexiGen,2025-02,control,004ffef82b46e8dc8685c55d0cdda650bdaf1269,661594.0,218.0,142.0,9660.0,30.4,19.7,102557.0,81228.0,10020.0,,,,,,,,,,,,,,,left_only,,,False,,,False,,,False,,,False,,,False,,,False,,,False,,,False,,,False
FMInference/FlexiGen,2025-03,control,004ffef82b46e8dc8685c55d0cdda650bdaf1269,661594.0,218.0,142.0,9660.0,30.4,19.7,102557.0,81228.0,10020.0,,,,,,,,,,,,,,,left_only,,,False,,,False,,,False,,,False,,,False,,,False,,,False,,,False,,,False
FMInference/FlexiGen,2025-04,control,004ffef82b46e8dc8685c55d0cdda650bdaf1269,661594.0,218.0,142.0,9660.0,30.4,19.7,102557.0,81228.0,10020.0,,,,,,,,,,,,,,,left_only,,,False,,,False,,,False,,,False,,,False,,,False,,,False,,,False,,,False
FMInference/FlexiGen,2025-05,control,004ffef82b46e8dc8685c55d0cdda650bdaf1269,661594.0,218.0,142.0,9660.0,30.4,19.7,102557.0,81228.0,10020.0,,,,,,,,,,,,,,,left_only,,,False,,,False,,,False,,,False,,,False,,,False,,,False,,,False,,,False
FMInference/FlexiGen,2025-06,control,004ffef82b46e8dc8685c55d0cdda650bdaf1269,661594.0,218.0,142.0,9660.0,30.4,19.7,102557.0,81228.0,10020.0,,,,,,,,,,,,,,,left_only,,,False,,,False,,,False,,,False,,,False,,,False,,,False,,,False,,,False
FMInference/FlexiGen,2025-07,control,004ffef82b46e8dc8685c55d0cdda650bdaf1269,661594.0,218.0,142.0,9660.0,30.4,19.7,102557.0,81228.0,10020.0,,,,,,,,,,,,,,,left_only,,,False,,,False,,,False,,,False,,,False,,,False,,,False,,,False,,,False
FMInference/FlexiGen,2025-08,control,004ffef82b46e8dc8685c55d0cdda650bdaf1269,661594.0,218.0,142.0,9660.0,30.4,19.7,102557.0,81228.0,10020.0,,,,,,,,,,,,,,,left_only,,,False,,,False,,,False,,,False,,,False,,,False,,,False,,,False,,,False
FaceAdapter/Face-Adapter,2024-05,control,6e313885188e05740a7c40e12c1b9015c748bf08,2500.0,2.0,14.0,132.0,26.2,19.4,398.0,761.0,148.0,0,,0,,control,2500.0,2.0,0.0,105.0,26.2,19.4,398.0,632.0,107.0,both,0.0,0.0,True,0.0,0.0,True,14.0,14.0,False,27.0,27.0,False,0.0,0.0,True,0.0,0.0,True,0.0,0.0,True,129.0,129.0,False,41.0,41.0,False
FaceAdapter/Face-Adapter,2024-06,control,6e313885188e05740a7c40e12c1b9015c748bf08,2500.0,2.0,14.0,132.0,26.2,19.4,398.0,761.0,148.0,,,,,,,,,,,,,,,left_only,,,False,,,False,,,False,,,False,,,False,,,False,,,False,,,False,,,False
FaceAdapter/Face-Adapter,2024-07,control,6e313885188e05740a7c40e12c1b9015c748bf08,2500.0,2.0,14.0,132.0,26.2,19.4,398.0,761.0,148.0,,,,,,,,,,,,,,,left_only,,,False,,,False,,,False,,,False,,,False,,,False,,,False,,,False,,,False
FaceAdapter/Face-Adapter,2024-08,control,6e313885188e05740a7c40e12c1b9015c748bf08,2500.0,2.0,14.0,132.0,26.2,19.4,398.0,761.0,148.0,,,,,,,,,,,,,,,left_only,,,False,,,False,,,False,,,False,,,False,,,False,,,False,,,False,,,False
FaceAdapter/Face-Adapter,2024-09,control,6e313885188e05740a7c40e12c1b9015c748bf08,2500.0,2.0,14.0,132.0,26.2,19.4,398.0,761.0,148.0,,,,,,,,,,,,,,,left_only,,,False,,,False,,,False,,,False,,,False,,,False,,,False,,,False,,,False
FaceAdapter/Face-Adapter,2024-10,control,6e313885188e05740a7c40e12c1b9015c748bf08,2500.0,2.0,14.0,132.0,26.2,19.4,398.0,761.0,148.0,,,,,,,,,,,,,,,left_only,,,False,,,False,,,False,,,False,,,False,,,False,,,False,,,False,,,False
FaceAdapter/Face-Adapter,2024-11,control,6e313885188e05740a7c40e12c1b9015c748bf08,2500.0,2.0,14.0,132.0,26.2,19.4,398.0,761.0,148.0,,,,,,,,,,,,,,,left_only,,,False,,,False,,,False,,,False,,,False,,,False,,,False,,,False,,,False
FaceAdapter/Face-Adapter,2024-12,control,6e313885188e05740a7c40e12c1b9015c748bf08,2500.0,2.0,14.0,132.0,26.2,19.4,398.0,761.0,148.0,,,,,,,,,,,,,,,left_only,,,False,,,False,,,False,,,False,,,False,,,False,,,False,,,False,,,False
FaceAdapter/Face-Adapter,2025-01,control,6e313885188e05740a7c40e12c1b9015c748bf08,2500.0,2.0,14.0,132.0,26.2,19.4,398.0,761.0,148.0,,,,,,,,,,,,,,,left_only,,,False,,,False,,,False,,,False,,,False,,,False,,,False,,,False,,,False
FaceAdapter/Face-Adapter,2025-02,control,6e313885188e05740a7c40e12c1b9015c748bf08,2500.0,2.0,14.0,132.0,26.2,19.4,398.0,761.0,148.0,,,,,,,,,,,,,,,left_only,,,False,,,False,,,False,,,False,,,False,,,False,,,False,,,False,,,False
FaceAdapter/Face-Adapter,2025-03,control,6e313885188e05740a7c40e12c1b9015c748bf08,2500.0,2.0,14.0,132.0,26.2,19.4,398.0,761.0,148.0,,,,,,,,,,,,,,,left_only,,,False,,,False,,,False,,,False,,,False,,,False,,,False,,,False,,,False
FaceAdapter/Face-Adapter,2025-04,control,6e313885188e05740a7c40e12c1b9015c748bf08,2500.0,2.0,14.0,132.0,26.2,19.4,398.0,761.0,148.0,,,,,,,,,,,,,,,left_only,,,False,,,False,,,False,,,False,,,False,,,False,,,False,,,False,,,False
FaceAdapter/Face-Adapter,2025-05,control,6e313885188e05740a7c40e12c1b9015c748bf08,2500.0,2.0,14.0,132.0,26.2,19.4,398.0,761.0,148.0,,,,,,,,,,,,,,,left_only,,,False,,,False,,,False,,,False,,,False,,,False,,,False,,,False,,,False
FaceAdapter/Face-Adapter,2025-06,control,6e313885188e05740a7c40e12c1b9015c748bf08,2500.0,2.0,14.0,132.0,26.2,19.4,398.0,761.0,148.0,,,,,,,,,,,,,,,left_only,,,False,,,False,,,False,,,False,,,False,,,False,,,False,,,False,,,False
FaceAdapter/Face-Adapter,2025-07,control,6e313885188e05740a7c40e12c1b9015c748bf08,2500.0,2.0,14.0,132.0,26.2,19.4,398.0,761.0,148.0,,,,,,,,,,,,,,,left_only,,,False,,,False,,,False,,,False,,,False,,,False,,,False,,,False,,,False
FaceAdapter/Face-Adapter,2025-08,control,6e313885188e05740a7c40e12c1b9015c748bf08,2500.0,2.0,14.0,132.0,26.2,19.4,398.0,761.0,148.0,,,,,,,,,,,,,,,left_only,,,False,,,False,,,False,,,False,,,False,,,False,,,False,,,False,,,False
FlipperPA/peregrine,2024-01,control,dcdecaab9fccbab895f3a369c52046c47162191e,1427.0,5.0,0.0,7.0,11.2,5.2,8.0,35.0,12.0,0,,0,,control,,,,,,,,,,both,,,False,,,False,,,False,,,False,,,False,,,False,,,False,,,False,,,False
FlipperPA/peregrine,2024-02,control,dcdecaab9fccbab895f3a369c52046c47162191e,1427.0,5.0,0.0,7.0,11.2,5.2,8.0,35.0,12.0,0,,0,,control,,,,,,,,,,both,,,False,,,False,,,False,,,False,,,False,,,False,,,False,,,False,,,False
FlipperPA/peregrine,2024-03,control,dcdecaab9fccbab895f3a369c52046c47162191e,1427.0,5.0,0.0,7.0,11.2,5.2,8.0,35.0,12.0,0,,0,,control,,,,,,,,,,both,,,False,,,False,,,False,,,False,,,False,,,False,,,False,,,False,,,False
FlipperPA/peregrine,2024-04,control,dcdecaab9fccbab895f3a369c52046c47162191e,1427.0,5.0,0.0,7.0,11.2,5.2,8.0,35.0,12.0,0,,0,,control,,,,,,,,,,both,,,False,,,False,,,False,,,False,,,False,,,False,,,False,,,False,,,False
FlipperPA/peregrine,2024-05,control,dcdecaab9fccbab895f3a369c52046c47162191e,1427.0,5.0,0.0,7.0,11.2,5.2,8.0,35.0,12.0,0,,0,,control,,,,,,,,,,both,,,False,,,False,,,False,,,False,,,False,,,False,,,False,,,False,,,False
FlipperPA/peregrine,2024-06,control,dcdecaab9fccbab895f3a369c52046c47162191e,1427.0,5.0,0.0,7.0,11.2,5.2,8.0,35.0,12.0,0,,0,,control,,,,,,,,,,both,,,False,,,False,,,False,,,False,,,False,,,False,,,False,,,False,,,False
FlipperPA/peregrine,2024-07,control,dcdecaab9fccbab895f3a369c52046c47162191e,1427.0,5.0,0.0,7.0,11.2,5.2,8.0,35.0,12.0,0,,0,,control,,,,,,,,,,both,,,False,,,False,,,False,,,False,,,False,,,False,,,False,,,False,,,False
FlipperPA/peregrine,2024-08,control,dcdecaab9fccbab895f3a369c52046c47162191e,1427.0,5.0,0.0,7.0,11.2,5.2,8.0,35.0,12.0,0,,0,,control,,,,,,,,,,both,,,False,,,False,,,False,,,False,,,False,,,False,,,False,,,False,,,False
FlipperPA/peregrine,2024-09,control,dcdecaab9fccbab895f3a369c52046c47162191e,1427.0,5.0,0.0,7.0,11.2,5.2,8.0,35.0,12.0,0,,0,,control,,,,,,,,,,both,,,False,,,False,,,False,,,False,,,False,,,False,,,False,,,False,,,False
FlipperPA/peregrine,2024-10,control,dcdecaab9fccbab895f3a369c52046c47162191e,1427.0,5.0,0.0,7.0,11.2,5.2,8.0,35.0,12.0,0,,0,,control,,,,,,,,,,both,,,False,,,False,,,False,,,False,,,False,,,False,,,False,,,False,,,False
FlipperPA/peregrine,2024-11,control,dcdecaab9fccbab895f3a369c52046c47162191e,1427.0,5.0,0.0,7.0,11.2,5.2,8.0,35.0,12.0,0,,0,,control,,,,,,,,,,both,,,False,,,False,,,False,,,False,,,False,,,False,,,False,,,False,,,False
FlipperPA/peregrine,2024-12,control,59cf20bdffc1b4fabcefcd84041ae7e6f63ca221,1427.0,5.0,0.0,7.0,11.2,5.2,8.0,35.0,12.0,0,,0,,control,1427.0,5.0,0.0,7.0,11.2,5.2,8.0,35.0,12.0,both,0.0,0.0,True,0.0,0.0,True,0.0,0.0,True,0.0,0.0,True,0.0,0.0,True,0.0,0.0,True,0.0,0.0,True,0.0,0.0,True,0.0,0.0,True
FlipperPA/peregrine,2025-01,control,59cf20bdffc1b4fabcefcd84041ae7e6f63ca221,1427.0,5.0,0.0,7.0,11.2,5.2,8.0,35.0,12.0,,,,,,,,,,,,,,,left_only,,,False,,,False,,,False,,,False,,,False,,,False,,,False,,,False,,,False
FlipperPA/peregrine,2025-02,control,59cf20bdffc1b4fabcefcd84041ae7e6f63ca221,1427.0,5.0,0.0,7.0,11.2,5.2,8.0,35.0,12.0,,,,,,,,,,,,,,,left_only,,,False,,,False,,,False,,,False,,,False,,,False,,,False,,,False,,,False
FlipperPA/peregrine,2025-03,control,59cf20bdffc1b4fabcefcd84041ae7e6f63ca221,1427.0,5.0,0.0,7.0,11.2,5.2,8.0,35.0,12.0,,,,,,,,,,,,,,,left_only,,,False,,,False,,,False,,,False,,,False,,,False,,,False,,,False,,,False
FlipperPA/peregrine,2025-04,control,59cf20bdffc1b4fabcefcd84041ae7e6f63ca221,1427.0,5.0,0.0,7.0,11.2,5.2,8.0,35.0,12.0,,,,,,,,,,,,,,,left_only,,,False,,,False,,,False,,,False,,,False,,,False,,,False,,,False,,,False
FlipperPA/peregrine,2025-05,control,59cf20bdffc1b4fabcefcd84041ae7e6f63ca221,1427.0,5.0,0.0,7.0,11.2,5.2,8.0,35.0,12.0,,,,,,,,,,,,,,,left_only,,,False,,,False,,,False,,,False,,,False,,,False,,,False,,,False,,,False
FlipperPA/peregrine,2025-06,control,59cf20bdffc1b4fabcefcd84041ae7e6f63ca221,1427.0,5.0,0.0,7.0,11.2,5.2,8.0,35.0,12.0,,,,,,,,,,,,,,,left_only,,,False,,,False,,,False,,,False,,,False,,,False,,,False,,,False,,,False
FlipperPA/peregrine,2025-07,control,59cf20bdffc1b4fabcefcd84041ae7e6f63ca221,1427.0,5.0,0.0,7.0,11.2,5.2,8.0,35.0,12.0,,,,,,,,,,,,,,,left_only,,,False,,,False,,,False,,,False,,,False,,,False,,,False,,,False,,,False
FlipperPA/peregrine,2025-08,control,59cf20bdffc1b4fabcefcd84041ae7e6f63ca221,1427.0,5.0,0.0,7.0,11.2,5.2,8.0,35.0,12.0,,,,,,,,,,,,,,,left_only,,,False,,,False,,,False,,,False,,,False,,,False,,,False,,,False,,,False
FolhaSP/mosaico,2024-11,control,671279ed06a708df03f6b96283c4b2e4e752944d,4869.0,0.0,0.0,10.0,2.8,22.8,364.0,63.0,10.0,0,,0,,control,4869.0,22.0,0.0,16.0,2.8,22.8,364.0,123.0,38.0,both,0.0,0.0,True,-22.0,22.0,False,0.0,0.0,True,-6.0,6.0,False,0.0,0.0,True,0.0,0.0,True,0.0,0.0,True,-60.0,60.0,False,-28.0,28.0,False
FolhaSP/mosaico,2024-12,control,89e8405cb37b43228bf09fb2cbcad41fe0c63f50,4969.0,1.0,0.0,10.0,2.8,22.9,372.0,63.0,11.0,0,,0,,control,4969.0,22.0,0.0,16.0,2.8,22.9,372.0,123.0,38.0,both,0.0,0.0,True,-21.0,21.0,False,0.0,0.0,True,-6.0,6.0,False,0.0,0.0,True,0.0,0.0,True,0.0,0.0,True,-60.0,60.0,False,-27.0,27.0,False
FolhaSP/mosaico,2025-01,control,9f54b7e292c074c054d5d53b7e6f5cf92d2ef3d4,5054.0,1.0,0.0,10.0,2.7,22.8,377.0,63.0,11.0,0,,0,,control,5054.0,22.0,0.0,16.0,2.7,22.8,377.0,123.0,38.0,both,0.0,0.0,True,-21.0,21.0,False,0.0,0.0,True,-6.0,6.0,False,0.0,0.0,True,0.0,0.0,True,0.0,0.0,True,-60.0,60.0,False,-27.0,27.0,False
FolhaSP/mosaico,2025-02,control,7ee2ad4944d0c431f69e11953c8db270548cab29,5157.0,1.0,0.0,7.0,2.7,23.2,385.0,46.0,8.0,0,,0,,control,5157.0,22.0,0.0,12.0,2.7,23.2,385.0,71.0,34.0,both,0.0,0.0,True,-21.0,21.0,False,0.0,0.0,True,-5.0,5.0,False,0.0,0.0,True,0.0,0.0,True,0.0,0.0,True,-25.0,25.0,False,-26.0,26.0,False
FolhaSP/mosaico,2025-03,control,8c825203557e4cc983b6a36d53edbe646f367988,6083.0,1.0,0.0,10.0,2.3,22.0,520.0,130.0,11.0,0,,0,,control,6083.0,44.0,0.0,15.0,2.3,22.0,520.0,155.0,59.0,both,0.0,0.0,True,-43.0,43.0,False,0.0,0.0,True,-5.0,5.0,False,0.0,0.0,True,0.0,0.0,True,0.0,0.0,True,-25.0,25.0,False,-48.0,48.0,False
FolhaSP/mosaico,2025-04,control,8c825203557e4cc983b6a36d53edbe646f367988,6083.0,1.0,0.0,10.0,2.3,22.0,520.0,130.0,11.0,0,,0,,control,6083.0,44.0,0.0,15.0,2.3,22.0,520.0,155.0,59.0,both,0.0,0.0,True,-43.0,43.0,False,0.0,0.0,True,-5.0,5.0,False,0.0,0.0,True,0.0,0.0,True,0.0,0.0,True,-25.0,25.0,False,-48.0,48.0,False
FolhaSP/mosaico,2025-05,control,c9ad0020d5857a46eb6749c4ef6df883ef0b1e9e,6173.0,1.0,0.0,10.0,2.3,21.9,530.0,130.0,11.0,0,,0,,control,6173.0,44.0,0.0,15.0,2.3,21.9,530.0,155.0,59.0,both,0.0,0.0,True,-43.0,43.0,False,0.0,0.0,True,-5.0,5.0,False,0.0,0.0,True,0.0,0.0,True,0.0,0.0,True,-25.0,25.0,False,-48.0,48.0,False
FolhaSP/mosaico,2025-06,control,c9ad0020d5857a46eb6749c4ef6df883ef0b1e9e,6173.0,1.0,0.0,10.0,2.3,21.9,530.0,130.0,11.0,0,,0,,control,6173.0,44.0,0.0,15.0,2.3,21.9,530.0,155.0,59.0,both,0.0,0.0,True,-43.0,43.0,False,0.0,0.0,True,-5.0,5.0,False,0.0,0.0,True,0.0,0.0,True,0.0,0.0,True,-25.0,25.0,False,-48.0,48.0,False
FolhaSP/mosaico,2025-07,control,b3c2a5e6ed21ebdabf955c519d66a458c2bd08e4,6585.0,1.0,0.0,12.0,2.1,22.0,571.0,139.0,13.0,0,,0,,control,6585.0,48.0,0.0,17.0,2.1,22.0,571.0,164.0,65.0,both,0.0,0.0,True,-47.0,47.0,False,0.0,0.0,True,-5.0,5.0,False,0.0,0.0,True,0.0,0.0,True,0.0,0.0,True,-25.0,25.0,False,-52.0,52.0,False
FolhaSP/mosaico,2025-08,control,b3c2a5e6ed21ebdabf955c519d66a458c2bd08e4,6585.0,1.0,0.0,12.0,2.1,22.0,571.0,139.0,13.0,,,,,,,,,,,,,,,left_only,,,False,,,False,,,False,,,False,,,False,,,False,,,False,,,False,,,False
GispoCoding/qgis-venv-creator,2024-02,control,af2c34bcade10ce184f9b4c89a6b5011f4636b05,513.0,0.0,0.0,1.0,0.0,11.4,66.0,8.0,1.0,0,,0,,control,513.0,0.0,0.0,4.0,0.0,11.4,66.0,23.0,4.0,both,0.0,0.0,True,0.0,0.0,True,0.0,0.0,True,-3.0,3.0,False,0.0,0.0,True,0.0,0.0,True,0.0,0.0,True,-15.0,15.0,False,-3.0,3.0,False
GispoCoding/qgis-venv-creator,2024-03,control,da97781d79749fa683611204606b94966dfbc799,513.0,0.0,0.0,1.0,0.0,11.4,66.0,8.0,1.0,0,,0,,control,513.0,0.0,0.0,4.0,0.0,11.4,66.0,23.0,4.0,both,0.0,0.0,True,0.0,0.0,True,0.0,0.0,True,-3.0,3.0,False,0.0,0.0,True,0.0,0.0,True,0.0,0.0,True,-15.0,15.0,False,-3.0,3.0,False
GispoCoding/qgis-venv-creator,2024-04,control,da97781d79749fa683611204606b94966dfbc799,513.0,0.0,0.0,1.0,0.0,11.4,66.0,8.0,1.0,,,,,,,,,,,,,,,left_only,,,False,,,False,,,False,,,False,,,False,,,False,,,False,,,False,,,False
GispoCoding/qgis-venv-creator,2024-05,control,da97781d79749fa683611204606b94966dfbc799,513.0,0.0,0.0,1.0,0.0,11.4,66.0,8.0,1.0,,,,,,,,,,,,,,,left_only,,,False,,,False,,,False,,,False,,,False,,,False,,,False,,,False,,,False
GispoCoding/qgis-venv-creator,2024-06,control,da97781d79749fa683611204606b94966dfbc799,513.0,0.0,0.0,1.0,0.0,11.4,66.0,8.0,1.0,,,,,,,,,,,,,,,left_only,,,False,,,False,,,False,,,False,,,False,,,False,,,False,,,False,,,False
GispoCoding/qgis-venv-creator,2024-07,control,da97781d79749fa683611204606b94966dfbc799,513.0,0.0,0.0,1.0,0.0,11.4,66.0,8.0,1.0,,,,,,,,,,,,,,,left_only,,,False,,,False,,,False,,,False,,,False,,,False,,,False,,,False,,,False
GispoCoding/qgis-venv-creator,2024-08,control,da97781d79749fa683611204606b94966dfbc799,513.0,0.0,0.0,1.0,0.0,11.4,66.0,8.0,1.0,,,,,,,,,,,,,,,left_only,,,False,,,False,,,False,,,False,,,False,,,False,,,False,,,False,,,False
GispoCoding/qgis-venv-creator,2024-09,control,da97781d79749fa683611204606b94966dfbc799,513.0,0.0,0.0,1.0,0.0,11.4,66.0,8.0,1.0,,,,,,,,,,,,,,,left_only,,,False,,,False,,,False,,,False,,,False,,,False,,,False,,,False,,,False
GispoCoding/qgis-venv-creator,2024-10,control,da97781d79749fa683611204606b94966dfbc799,513.0,0.0,0.0,1.0,0.0,11.4,66.0,8.0,1.0,,,,,,,,,,,,,,,left_only,,,False,,,False,,,False,,,False,,,False,,,False,,,False,,,False,,,False
GispoCoding/qgis-venv-creator,2024-11,control,da97781d79749fa683611204606b94966dfbc799,513.0,0.0,0.0,1.0,0.0,11.4,66.0,8.0,1.0,,,,,,,,,,,,,,,left_only,,,False,,,False,,,False,,,False,,,False,,,False,,,False,,,False,,,False
GispoCoding/qgis-venv-creator,2024-12,control,da97781d79749fa683611204606b94966dfbc799,513.0,0.0,0.0,1.0,0.0,11.4,66.0,8.0,1.0,,,,,,,,,,,,,,,left_only,,,False,,,False,,,False,,,False,,,False,,,False,,,False,,,False,,,False
GispoCoding/qgis-venv-creator,2025-01,control,da97781d79749fa683611204606b94966dfbc799,513.0,0.0,0.0,1.0,0.0,11.4,66.0,8.0,1.0,,,,,,,,,,,,,,,left_only,,,False,,,False,,,False,,,False,,,False,,,False,,,False,,,False,,,False
GispoCoding/qgis-venv-creator,2025-02,control,da97781d79749fa683611204606b94966dfbc799,513.0,0.0,0.0,1.0,0.0,11.4,66.0,8.0,1.0,,,,,,,,,,,,,,,left_only,,,False,,,False,,,False,,,False,,,False,,,False,,,False,,,False,,,False
GispoCoding/qgis-venv-creator,2025-03,control,da97781d79749fa683611204606b94966dfbc799,513.0,0.0,0.0,1.0,0.0,11.4,66.0,8.0,1.0,,,,,,,,,,,,,,,left_only,,,False,,,False,,,False,,,False,,,False,,,False,,,False,,,False,,,False
GispoCoding/qgis-venv-creator,2025-04,control,da97781d79749fa683611204606b94966dfbc799,513.0,0.0,0.0,1.0,0.0,11.4,66.0,8.0,1.0,,,,,,,,,,,,,,,left_only,,,False,,,False,,,False,,,False,,,False,,,False,,,False,,,False,,,False
GispoCoding/qgis-venv-creator,2025-05,control,da97781d79749fa683611204606b94966dfbc799,513.0,0.0,0.0,1.0,0.0,11.4,66.0,8.0,1.0,,,,,,,,,,,,,,,left_only,,,False,,,False,,,False,,,False,,,False,,,False,,,False,,,False,,,False
GispoCoding/qgis-venv-creator,2025-06,control,da97781d79749fa683611204606b94966dfbc799,513.0,0.0,0.0,1.0,0.0,11.4,66.0,8.0,1.0,,,,,,,,,,,,,,,left_only,,,False,,,False,,,False,,,False,,,False,,,False,,,False,,,False,,,False
GispoCoding/qgis-venv-creator,2025-07,control,da97781d79749fa683611204606b94966dfbc799,513.0,0.0,0.0,1.0,0.0,11.4,66.0,8.0,1.0,,,,,,,,,,,,,,,left_only,,,False,,,False,,,False,,,False,,,False,,,False,,,False,,,False,,,False
GispoCoding/qgis-venv-creator,2025-08,control,da97781d79749fa683611204606b94966dfbc799,513.0,0.0,0.0,1.0,0.0,11.4,66.0,8.0,1.0,,,,,,,,,,,,,,,left_only,,,False,,,False,,,False,,,False,,,False,,,False,,,False,,,False,,,False
Hack-a-Day/2024-Supercon-8-Add-On-Badge,2024-09,control,4d2a96feb531d47bbe11bba02b77f9b9b9aadae9,,0.0,0.0,0.0,,,,0.0,0.0,0,,0,,control,,0.0,0.0,0.0,,,,0.0,0.0,both,,,False,0.0,0.0,True,0.0,0.0,True,0.0,0.0,True,,,False,,,False,,,False,0.0,0.0,True,0.0,0.0,True
Hack-a-Day/2024-Supercon-8-Add-On-Badge,2024-10,control,fa2d8d0fc9c69b610d8eebca14d9d54e6a23475d,520.0,0.0,0.0,18.0,0.0,24.0,95.0,79.0,18.0,0,,0,,control,520.0,0.0,0.0,18.0,0.0,24.0,95.0,79.0,18.0,both,0.0,0.0,True,0.0,0.0,True,0.0,0.0,True,0.0,0.0,True,0.0,0.0,True,0.0,0.0,True,0.0,0.0,True,0.0,0.0,True,0.0,0.0,True
Hack-a-Day/2024-Supercon-8-Add-On-Badge,2024-11,control,b44bb4a046a71d2d7abc0734260b4ada87c0628c,847.0,0.0,0.0,19.0,0.0,23.8,135.0,96.0,19.0,0,,0,,control,847.0,0.0,0.0,19.0,0.0,23.8,135.0,96.0,19.0,both,0.0,0.0,True,0.0,0.0,True,0.0,0.0,True,0.0,0.0,True,0.0,0.0,True,0.0,0.0,True,0.0,0.0,True,0.0,0.0,True,0.0,0.0,True
Hack-a-Day/2024-Supercon-8-Add-On-Badge,2024-12,control,b44bb4a046a71d2d7abc0734260b4ada87c0628c,847.0,0.0,0.0,19.0,0.0,23.8,135.0,96.0,19.0,0,,0,,control,847.0,0.0,0.0,19.0,0.0,23.8,135.0,96.0,19.0,both,0.0,0.0,True,0.0,0.0,True,0.0,0.0,True,0.0,0.0,True,0.0,0.0,True,0.0,0.0,True,0.0,0.0,True,0.0,0.0,True,0.0,0.0,True
Hack-a-Day/2024-Supercon-8-Add-On-Badge,2025-01,control,b44bb4a046a71d2d7abc0734260b4ada87c0628c,847.0,0.0,0.0,19.0,0.0,23.8,135.0,96.0,19.0,0,,0,,control,847.0,0.0,0.0,19.0,0.0,23.8,135.0,96.0,19.0,both,0.0,0.0,True,0.0,0.0,True,0.0,0.0,True,0.0,0.0,True,0.0,0.0,True,0.0,0.0,True,0.0,0.0,True,0.0,0.0,True,0.0,0.0,True
Hack-a-Day/2024-Supercon-8-Add-On-Badge,2025-02,control,b44bb4a046a71d2d7abc0734260b4ada87c0628c,847.0,0.0,0.0,19.0,0.0,23.8,135.0,96.0,19.0,0,,0,,control,847.0,0.0,0.0,19.0,0.0,23.8,135.0,96.0,19.0,both,0.0,0.0,True,0.0,0.0,True,0.0,0.0,True,0.0,0.0,True,0.0,0.0,True,0.0,0.0,True,0.0,0.0,True,0.0,0.0,True,0.0,0.0,True
Hack-a-Day/2024-Supercon-8-Add-On-Badge,2025-03,control,67e7825535fd093466c771318341bcd40be55e13,851.0,0.0,0.0,19.0,0.0,24.2,138.0,96.0,19.0,0,,0,,control,851.0,0.0,0.0,19.0,0.0,24.2,138.0,96.0,19.0,both,0.0,0.0,True,0.0,0.0,True,0.0,0.0,True,0.0,0.0,True,0.0,0.0,True,0.0,0.0,True,0.0,0.0,True,0.0,0.0,True,0.0,0.0,True
Hack-a-Day/2024-Supercon-8-Add-On-Badge,2025-04,control,67e7825535fd093466c771318341bcd40be55e13,851.0,0.0,0.0,19.0,0.0,24.2,138.0,96.0,19.0,,,,,,,,,,,,,,,left_only,,,False,,,False,,,False,,,False,,,False,,,False,,,False,,,False,,,False
Hack-a-Day/2024-Supercon-8-Add-On-Badge,2025-05,control,67e7825535fd093466c771318341bcd40be55e13,851.0,0.0,0.0,19.0,0.0,24.2,138.0,96.0,19.0,,,,,,,,,,,,,,,left_only,,,False,,,False,,,False,,,False,,,False,,,False,,,False,,,False,,,False
Hack-a-Day/2024-Supercon-8-Add-On-Badge,2025-06,control,67e7825535fd093466c771318341bcd40be55e13,851.0,0.0,0.0,19.0,0.0,24.2,138.0,96.0,19.0,,,,,,,,,,,,,,,left_only,,,False,,,False,,,False,,,False,,,False,,,False,,,False,,,False,,,False
Hack-a-Day/2024-Supercon-8-Add-On-Badge,2025-07,control,67e7825535fd093466c771318341bcd40be55e13,851.0,0.0,0.0,19.0,0.0,24.2,138.0,96.0,19.0,,,,,,,,,,,,,,,left_only,,,False,,,False,,,False,,,False,,,False,,,False,,,False,,,False,,,False
Hack-a-Day/2024-Supercon-8-Add-On-Badge,2025-08,control,67e7825535fd093466c771318341bcd40be55e13,851.0,0.0,0.0,19.0,0.0,24.2,138.0,96.0,19.0,,,,,,,,,,,,,,,left_only,,,False,,,False,,,False,,,False,,,False,,,False,,,False,,,False,,,False
HelpingAI/Webscout,2024-02,control,6d6af387dbfd19f8a70b0e0bdf956cb4bc1fc6d8,1488.0,0.0,0.0,25.0,1.2,15.5,372.0,310.0,25.0,0,,0,,control,1488.0,0.0,0.0,23.0,1.2,15.5,372.0,300.0,23.0,both,0.0,0.0,True,0.0,0.0,True,0.0,0.0,True,2.0,2.0,False,0.0,0.0,True,0.0,0.0,True,0.0,0.0,True,10.0,10.0,False,2.0,2.0,False
HelpingAI/Webscout,2024-03,control,7c52f6bfcb0d91ae93a496dc9b356de23a9e568c,3833.0,3.0,0.0,89.0,7.9,18.0,691.0,759.0,92.0,0,,0,,control,3833.0,1.0,0.0,74.0,7.9,18.0,691.0,687.0,75.0,both,0.0,0.0,True,2.0,2.0,False,0.0,0.0,True,15.0,15.0,False,0.0,0.0,True,0.0,0.0,True,0.0,0.0,True,72.0,72.0,False,17.0,17.0,False
HelpingAI/Webscout,2024-04,control,43365b64ad799c81f65d9ca8fda0fe0d95978f59,7566.0,5.0,0.0,183.0,14.4,17.3,1266.0,1967.0,188.0,0,,0,,control,7566.0,3.0,0.0,146.0,14.4,17.3,1266.0,1790.0,149.0,both,0.0,0.0,True,2.0,2.0,False,0.0,0.0,True,37.0,37.0,False,0.0,0.0,True,0.0,0.0,True,0.0,0.0,True,177.0,177.0,False,39.0,39.0,False
HelpingAI/Webscout,2024-05,control,05438617e1535333cdf976bf8843553e5b85addc,13446.0,7.0,0.0,412.0,21.5,20.6,2248.0,4131.0,419.0,0,,0,,control,13446.0,4.0,0.0,308.0,21.5,20.6,2248.0,3624.0,312.0,both,0.0,0.0,True,3.0,3.0,False,0.0,0.0,True,104.0,104.0,False,0.0,0.0,True,0.0,0.0,True,0.0,0.0,True,507.0,507.0,False,107.0,107.0,False
HelpingAI/Webscout,2024-06,control,a253e29f8b069a62ce5780563fc5285a9d150a78,16366.0,8.0,2.0,508.0,30.1,20.7,2710.0,5111.0,518.0,0,,0,,control,16366.0,5.0,0.0,390.0,30.1,20.7,2710.0,4531.0,395.0,both,0.0,0.0,True,3.0,3.0,False,2.0,2.0,False,118.0,118.0,False,0.0,0.0,True,0.0,0.0,True,0.0,0.0,True,580.0,580.0,False,123.0,123.0,False
HelpingAI/Webscout,2024-07,control,8f1fa236c636b57605c2d0bcb3e74605a6789796,18159.0,10.0,4.0,554.0,28.5,20.5,3107.0,5564.0,568.0,0,,0,,control,18159.0,7.0,2.0,427.0,28.5,20.5,3107.0,4939.0,436.0,both,0.0,0.0,True,3.0,3.0,False,2.0,2.0,False,127.0,127.0,False,0.0,0.0,True,0.0,0.0,True,0.0,0.0,True,625.0,625.0,False,132.0,132.0,False
HelpingAI/Webscout,2024-08,control,146ee41132650aac4ee6e171c7f136e47de7312f,20532.0,9.0,2.0,583.0,25.7,19.3,3883.0,6213.0,594.0,0,,0,,control,20532.0,6.0,0.0,420.0,25.7,19.3,3883.0,5414.0,426.0,both,0.0,0.0,True,3.0,3.0,False,2.0,2.0,False,163.0,163.0,False,0.0,0.0,True,0.0,0.0,True,0.0,0.0,True,799.0,799.0,False,168.0,168.0,False
HelpingAI/Webscout,2024-09,control,b2042728b5aa9a57cce3073ad525f0c796c2d62c,24498.0,13.0,7.0,700.0,23.9,20.4,4972.0,7806.0,720.0,0,,0,,control,24498.0,10.0,2.0,500.0,23.9,20.4,4972.0,6819.0,512.0,both,0.0,0.0,True,3.0,3.0,False,5.0,5.0,False,200.0,200.0,False,0.0,0.0,True,0.0,0.0,True,0.0,0.0,True,987.0,987.0,False,208.0,208.0,False
HelpingAI/Webscout,2024-10,control,84c373137c8baf7bdbc6682ca7ad4d542581a2da,24983.0,18.0,8.0,675.0,17.5,19.7,5094.0,7714.0,701.0,0,,0,,control,25011.0,15.0,2.0,481.0,18.1,19.7,5094.0,6756.0,498.0,both,-28.0,28.0,False,3.0,3.0,False,6.0,6.0,False,194.0,194.0,False,-0.6000000000000014,0.6000000000000014,False,0.0,0.0,True,0.0,0.0,True,958.0,958.0,False,203.0,203.0,False
HelpingAI/Webscout,2024-11,control,869c452971ae0632e92e356dc01ff0d495c8f215,26500.0,18.0,6.0,694.0,16.8,19.3,5453.0,7913.0,718.0,0,,0,,control,26528.0,15.0,2.0,488.0,17.4,19.3,5453.0,6895.0,505.0,both,-28.0,28.0,False,3.0,3.0,False,4.0,4.0,False,206.0,206.0,False,-0.5999999999999979,0.5999999999999979,False,0.0,0.0,True,0.0,0.0,True,1018.0,1018.0,False,213.0,213.0,False
HelpingAI/Webscout,2024-12,control,fb95c558e62402c5fadce0497435cbc6929a844e,30342.0,20.0,4.0,738.0,18.3,25.7,7073.0,8242.0,762.0,0,,0,,control,30370.0,14.0,1.0,559.0,18.8,25.7,7073.0,7394.0,574.0,both,-28.0,28.0,False,6.0,6.0,False,3.0,3.0,False,179.0,179.0,False,-0.5,0.5,False,0.0,0.0,True,0.0,0.0,True,848.0,848.0,False,188.0,188.0,False
HelpingAI/Webscout,2025-01,control,7423f6c0925f5eea34ec0895a00576c2fec0f6b3,29704.0,18.0,5.0,685.0,18.0,26.0,6955.0,8007.0,708.0,0,,0,,control,29732.0,12.0,2.0,514.0,18.5,25.9,6955.0,7199.0,528.0,both,-28.0,28.0,False,6.0,6.0,False,3.0,3.0,False,171.0,171.0,False,-0.5,0.5,False,0.10000000000000142,0.10000000000000142,False,0.0,0.0,True,808.0,808.0,False,180.0,180.0,False
HelpingAI/Webscout,2025-02,control,4c820e90fdd17cc18aede76e0648000e71ce9a4c,32910.0,20.0,6.0,731.0,16.1,24.2,8206.0,9067.0,757.0,0,,0,,control,32938.0,13.0,2.0,545.0,16.5,24.2,8206.0,8179.0,560.0,both,-28.0,28.0,False,7.0,7.0,False,4.0,4.0,False,186.0,186.0,False,-0.3999999999999986,0.3999999999999986,False,0.0,0.0,True,0.0,0.0,True,888.0,888.0,False,197.0,197.0,False
HelpingAI/Webscout,2025-03,control,0d6ff18a9799de1f2bbe637431e363e4c49006e7,36354.0,34.0,11.0,977.0,18.8,24.8,9891.0,11413.0,1022.0,0,,0,,control,36354.0,24.0,10.0,689.0,18.8,24.8,9891.0,10026.0,723.0,both,0.0,0.0,True,10.0,10.0,False,1.0,1.0,False,288.0,288.0,False,0.0,0.0,True,0.0,0.0,True,0.0,0.0,True,1387.0,1387.0,False,299.0,299.0,False
HelpingAI/Webscout,2025-04,control,e37241c7865adb0ad181fb6a1fd42fd7d29a8572,50465.0,30.0,10.0,1238.0,16.3,26.1,13541.0,14724.0,1278.0,0,,0,,control,49428.0,27.0,10.0,853.0,18.5,24.5,12924.0,12395.0,890.0,both,1037.0,1037.0,False,3.0,3.0,False,0.0,0.0,True,385.0,385.0,False,-2.1999999999999993,2.1999999999999993,False,1.6000000000000014,1.6000000000000014,False,617.0,617.0,False,2329.0,2329.0,False,388.0,388.0,False
HelpingAI/Webscout,2025-05,control,44f4fd7a04771e30dac59705566949b590386208,53711.0,15.0,10.0,1497.0,14.6,23.7,14110.0,17449.0,1522.0,0,,0,,control,53708.0,10.0,9.0,1109.0,14.6,23.7,14110.0,15562.0,1128.0,both,3.0,3.0,False,5.0,5.0,False,1.0,1.0,False,388.0,388.0,False,0.0,0.0,True,0.0,0.0,True,0.0,0.0,True,1887.0,1887.0,False,394.0,394.0,False
HelpingAI/Webscout,2025-06,control,e3ea673b30db1067ffcd26fd13362697f4ef56f7,60727.0,23.0,21.0,1702.0,14.8,22.5,16330.0,19724.0,1746.0,0,,0,,control,60724.0,18.0,9.0,1243.0,14.8,22.5,16330.0,17467.0,1270.0,both,3.0,3.0,False,5.0,5.0,False,12.0,12.0,False,459.0,459.0,False,0.0,0.0,True,0.0,0.0,True,0.0,0.0,True,2257.0,2257.0,False,476.0,476.0,False
HelpingAI/Webscout,2025-07,control,3c0f40c7caa64697c58cc209b70672171dd541a9,61503.0,24.0,21.0,1682.0,15.0,22.4,16564.0,19214.0,1727.0,0,,0,,control,61500.0,19.0,9.0,1197.0,15.0,22.4,16564.0,16827.0,1225.0,both,3.0,3.0,False,5.0,5.0,False,12.0,12.0,False,485.0,485.0,False,0.0,0.0,True,0.0,0.0,True,0.0,0.0,True,2387.0,2387.0,False,502.0,502.0,False
HelpingAI/Webscout,2025-08,control,259c469b1785b81094ce71312991307ad5c14d58,62634.0,27.0,20.0,1603.0,14.9,22.4,16786.0,18946.0,1650.0,0,,0,,control,62631.0,20.0,8.0,1115.0,14.9,22.4,16786.0,16539.0,1143.0,both,3.0,3.0,False,7.0,7.0,False,12.0,12.0,False,488.0,488.0,False,0.0,0.0,True,0.0,0.0,True,0.0,0.0,True,2407.0,2407.0,False,507.0,507.0,False
IBM/mt-rag-benchmark,2024-12,control,255a13a965fd931051d4067b2321cdad99ece4d2,81.0,0.0,0.0,0.0,0.0,13.8,43.0,0.0,0.0,0,,0,,control,81.0,0.0,0.0,0.0,0.0,13.8,43.0,0.0,0.0,both,0.0,0.0,True,0.0,0.0,True,0.0,0.0,True,0.0,0.0,True,0.0,0.0,True,0.0,0.0,True,0.0,0.0,True,0.0,0.0,True,0.0,0.0,True
IBM/mt-rag-benchmark,2025-01,control,a12e25a33a76f3461768a1ed8f0be16d8c9340a9,81.0,0.0,0.0,0.0,0.0,13.8,43.0,0.0,0.0,0,,0,,control,81.0,0.0,0.0,0.0,0.0,13.8,43.0,0.0,0.0,both,0.0,0.0,True,0.0,0.0,True,0.0,0.0,True,0.0,0.0,True,0.0,0.0,True,0.0,0.0,True,0.0,0.0,True,0.0,0.0,True,0.0,0.0,True
IBM/mt-rag-benchmark,2025-02,control,a12e25a33a76f3461768a1ed8f0be16d8c9340a9,81.0,0.0,0.0,0.0,0.0,13.8,43.0,0.0,0.0,0,,0,,control,81.0,0.0,0.0,0.0,0.0,13.8,43.0,0.0,0.0,both,0.0,0.0,True,0.0,0.0,True,0.0,0.0,True,0.0,0.0,True,0.0,0.0,True,0.0,0.0,True,0.0,0.0,True,0.0,0.0,True,0.0,0.0,True
IBM/mt-rag-benchmark,2025-03,control,a12e25a33a76f3461768a1ed8f0be16d8c9340a9,81.0,0.0,0.0,0.0,0.0,13.8,43.0,0.0,0.0,0,,0,,control,81.0,0.0,0.0,0.0,0.0,13.8,43.0,0.0,0.0,both,0.0,0.0,True,0.0,0.0,True,0.0,0.0,True,0.0,0.0,True,0.0,0.0,True,0.0,0.0,True,0.0,0.0,True,0.0,0.0,True,0.0,0.0,True
IBM/mt-rag-benchmark,2025-04,control,c60072e6cb1b08213c7178ef1364f9958a940e3d,81.0,0.0,0.0,0.0,0.0,13.8,43.0,0.0,0.0,0,,0,,control,81.0,0.0,0.0,0.0,0.0,13.8,43.0,0.0,0.0,both,0.0,0.0,True,0.0,0.0,True,0.0,0.0,True,0.0,0.0,True,0.0,0.0,True,0.0,0.0,True,0.0,0.0,True,0.0,0.0,True,0.0,0.0,True
IBM/mt-rag-benchmark,2025-05,control,c60072e6cb1b08213c7178ef1364f9958a940e3d,81.0,0.0,0.0,0.0,0.0,13.8,43.0,0.0,0.0,,,,,,,,,,,,,,,left_only,,,False,,,False,,,False,,,False,,,False,,,False,,,False,,,False,,,False
IBM/mt-rag-benchmark,2025-06,control,c60072e6cb1b08213c7178ef1364f9958a940e3d,81.0,0.0,0.0,0.0,0.0,13.8,43.0,0.0,0.0,,,,,,,,,,,,,,,left_only,,,False,,,False,,,False,,,False,,,False,,,False,,,False,,,False,,,False
IBM/mt-rag-benchmark,2025-07,control,c60072e6cb1b08213c7178ef1364f9958a940e3d,81.0,0.0,0.0,0.0,0.0,13.8,43.0,0.0,0.0,,,,,,,,,,,,,,,left_only,,,False,,,False,,,False,,,False,,,False,,,False,,,False,,,False,,,False
IBM/mt-rag-benchmark,2025-08,control,c60072e6cb1b08213c7178ef1364f9958a940e3d,81.0,0.0,0.0,0.0,0.0,13.8,43.0,0.0,0.0,,,,,,,,,,,,,,,left_only,,,False,,,False,,,False,,,False,,,False,,,False,,,False,,,False,,,False
ITSpecialist111/ai_automation_suggester,2024-10,control,6655ee3ccea170555d9d968db3a1f0c4b761bdda,273.0,0.0,0.0,5.0,0.0,14.4,29.0,25.0,5.0,0,,0,,control,273.0,0.0,0.0,1.0,0.0,14.4,29.0,5.0,1.0,both,0.0,0.0,True,0.0,0.0,True,0.0,0.0,True,4.0,4.0,False,0.0,0.0,True,0.0,0.0,True,0.0,0.0,True,20.0,20.0,False,4.0,4.0,False
ITSpecialist111/ai_automation_suggester,2024-11,control,f2e54127e5ea100cd7038be63b5067d7ec9e3203,1436.0,0.0,0.0,34.0,2.0,7.7,180.0,189.0,34.0,0,,0,,control,1436.0,0.0,0.0,8.0,2.0,7.7,180.0,59.0,8.0,both,0.0,0.0,True,0.0,0.0,True,0.0,0.0,True,26.0,26.0,False,0.0,0.0,True,0.0,0.0,True,0.0,0.0,True,130.0,130.0,False,26.0,26.0,False
ITSpecialist111/ai_automation_suggester,2024-12,control,a3a4bbbd2a0f8b15b360891c627b4be2cef2d0db,1523.0,0.0,0.0,36.0,1.9,6.7,229.0,233.0,36.0,0,,0,,control,1523.0,0.0,0.0,10.0,1.9,6.7,229.0,103.0,10.0,both,0.0,0.0,True,0.0,0.0,True,0.0,0.0,True,26.0,26.0,False,0.0,0.0,True,0.0,0.0,True,0.0,0.0,True,130.0,130.0,False,26.0,26.0,False
ITSpecialist111/ai_automation_suggester,2025-01,control,80e4702607a60ea1a7e99dfc49b38e2b6dcc37ed,1533.0,0.0,0.0,36.0,1.9,7.3,233.0,233.0,36.0,0,,0,,control,1533.0,0.0,0.0,10.0,1.9,7.3,233.0,103.0,10.0,both,0.0,0.0,True,0.0,0.0,True,0.0,0.0,True,26.0,26.0,False,0.0,0.0,True,0.0,0.0,True,0.0,0.0,True,130.0,130.0,False,26.0,26.0,False
ITSpecialist111/ai_automation_suggester,2025-02,control,a8af04fb1e696943110ac824705b1cc41cf677e9,1533.0,0.0,0.0,36.0,1.9,7.3,233.0,233.0,36.0,0,,0,,control,1533.0,0.0,0.0,10.0,1.9,7.3,233.0,103.0,10.0,both,0.0,0.0,True,0.0,0.0,True,0.0,0.0,True,26.0,26.0,False,0.0,0.0,True,0.0,0.0,True,0.0,0.0,True,130.0,130.0,False,26.0,26.0,False
ITSpecialist111/ai_automation_suggester,2025-03,control,5dfe854ad555719dfa71d2fecdfe403754fc9832,1475.0,3.0,0.0,38.0,1.5,5.9,233.0,246.0,41.0,0,,0,,control,1475.0,3.0,0.0,12.0,1.5,5.9,233.0,116.0,15.0,both,0.0,0.0,True,0.0,0.0,True,0.0,0.0,True,26.0,26.0,False,0.0,0.0,True,0.0,0.0,True,0.0,0.0,True,130.0,130.0,False,26.0,26.0,False
ITSpecialist111/ai_automation_suggester,2025-04,control,b2a018afeec2a56847d31897e1224b6dfccd30c7,1341.0,3.0,0.0,31.0,2.0,7.5,164.0,204.0,34.0,0,,0,,control,1341.0,3.0,0.0,15.0,1.5,7.8,165.0,127.0,18.0,both,0.0,0.0,True,0.0,0.0,True,0.0,0.0,True,16.0,16.0,False,0.5,0.5,False,-0.2999999999999998,0.2999999999999998,False,-1.0,1.0,False,77.0,77.0,False,16.0,16.0,False
ITSpecialist111/ai_automation_suggester,2025-05,control,3e11672356d188a604f807609fe99a04fb80bb7b,1919.0,3.0,0.0,22.0,6.6,7.2,275.0,168.0,25.0,0,,0,,control,1919.0,3.0,0.0,14.0,6.6,7.2,275.0,128.0,17.0,both,0.0,0.0,True,0.0,0.0,True,0.0,0.0,True,8.0,8.0,False,0.0,0.0,True,0.0,0.0,True,0.0,0.0,True,40.0,40.0,False,8.0,8.0,False
ITSpecialist111/ai_automation_suggester,2025-06,control,f680b185d5d86a7ab56291f7940d2b66541b7f58,2070.0,3.0,0.0,27.0,9.4,7.2,316.0,209.0,30.0,0,,0,,control,2070.0,3.0,0.0,15.0,7.1,7.3,293.0,140.0,18.0,both,0.0,0.0,True,0.0,0.0,True,0.0,0.0,True,12.0,12.0,False,2.3000000000000007,2.3000000000000007,False,-0.09999999999999964,0.09999999999999964,False,23.0,23.0,False,69.0,69.0,False,12.0,12.0,False
ITSpecialist111/ai_automation_suggester,2025-07,control,f680b185d5d86a7ab56291f7940d2b66541b7f58,2070.0,3.0,0.0,27.0,9.4,7.2,316.0,209.0,30.0,,,,,,,,,,,,,,,left_only,,,False,,,False,,,False,,,False,,,False,,,False,,,False,,,False,,,False
ITSpecialist111/ai_automation_suggester,2025-08,control,f680b185d5d86a7ab56291f7940d2b66541b7f58,2070.0,3.0,0.0,27.0,9.4,7.2,316.0,209.0,30.0,,,,,,,,,,,,,,,left_only,,,False,,,False,,,False,,,False,,,False,,,False,,,False,,,False,,,False
Jieqianyu/SGN,2024-01,control,a65798174a839bde9c0d2c72dee3848a67bb05ab,6146.0,15.0,2.0,388.0,28.3,17.4,814.0,1946.0,405.0,0,,0,,control,6146.0,15.0,0.0,197.0,28.3,17.4,814.0,986.0,212.0,both,0.0,0.0,True,0.0,0.0,True,2.0,2.0,False,191.0,191.0,False,0.0,0.0,True,0.0,0.0,True,0.0,0.0,True,960.0,960.0,False,193.0,193.0,False
Jieqianyu/SGN,2024-02,control,a65798174a839bde9c0d2c72dee3848a67bb05ab,6146.0,15.0,2.0,388.0,28.3,17.4,814.0,1946.0,405.0,0,,0,,control,6146.0,15.0,0.0,197.0,28.3,17.4,814.0,986.0,212.0,both,0.0,0.0,True,0.0,0.0,True,2.0,2.0,False,191.0,191.0,False,0.0,0.0,True,0.0,0.0,True,0.0,0.0,True,960.0,960.0,False,193.0,193.0,False
Jieqianyu/SGN,2024-03,control,a65798174a839bde9c0d2c72dee3848a67bb05ab,6146.0,15.0,2.0,388.0,28.3,17.4,814.0,1946.0,405.0,0,,0,,control,6146.0,15.0,0.0,197.0,28.3,17.4,814.0,986.0,212.0,both,0.0,0.0,True,0.0,0.0,True,2.0,2.0,False,191.0,191.0,False,0.0,0.0,True,0.0,0.0,True,0.0,0.0,True,960.0,960.0,False,193.0,193.0,False
Jieqianyu/SGN,2024-04,control,a65798174a839bde9c0d2c72dee3848a67bb05ab,6146.0,15.0,2.0,388.0,28.3,17.4,814.0,1946.0,405.0,0,,0,,control,6146.0,15.0,0.0,197.0,28.3,17.4,814.0,986.0,212.0,both,0.0,0.0,True,0.0,0.0,True,2.0,2.0,False,191.0,191.0,False,0.0,0.0,True,0.0,0.0,True,0.0,0.0,True,960.0,960.0,False,193.0,193.0,False
Jieqianyu/SGN,2024-05,control,a65798174a839bde9c0d2c72dee3848a67bb05ab,6146.0,15.0,2.0,388.0,28.3,17.4,814.0,1946.0,405.0,0,,0,,control,6146.0,15.0,0.0,197.0,28.3,17.4,814.0,986.0,212.0,both,0.0,0.0,True,0.0,0.0,True,2.0,2.0,False,191.0,191.0,False,0.0,0.0,True,0.0,0.0,True,0.0,0.0,True,960.0,960.0,False,193.0,193.0,False
Jieqianyu/SGN,2024-06,control,a65798174a839bde9c0d2c72dee3848a67bb05ab,6146.0,15.0,2.0,388.0,28.3,17.4,814.0,1946.0,405.0,0,,0,,control,6146.0,15.0,0.0,197.0,28.3,17.4,814.0,986.0,212.0,both,0.0,0.0,True,0.0,0.0,True,2.0,2.0,False,191.0,191.0,False,0.0,0.0,True,0.0,0.0,True,0.0,0.0,True,960.0,960.0,False,193.0,193.0,False
Jieqianyu/SGN,2024-07,control,a65798174a839bde9c0d2c72dee3848a67bb05ab,6146.0,15.0,2.0,388.0,28.3,17.4,814.0,1946.0,405.0,0,,0,,control,6146.0,15.0,0.0,197.0,28.3,17.4,814.0,986.0,212.0,both,0.0,0.0,True,0.0,0.0,True,2.0,2.0,False,191.0,191.0,False,0.0,0.0,True,0.0,0.0,True,0.0,0.0,True,960.0,960.0,False,193.0,193.0,False
Jieqianyu/SGN,2024-08,control,a65798174a839bde9c0d2c72dee3848a67bb05ab,6146.0,15.0,2.0,388.0,28.3,17.4,814.0,1946.0,405.0,0,,0,,control,6146.0,15.0,0.0,197.0,28.3,17.4,814.0,986.0,212.0,both,0.0,0.0,True,0.0,0.0,True,2.0,2.0,False,191.0,191.0,False,0.0,0.0,True,0.0,0.0,True,0.0,0.0,True,960.0,960.0,False,193.0,193.0,False
Jieqianyu/SGN,2024-09,control,b519871f45a2751d7e9cf4798c90fbff3e410a51,6146.0,15.0,2.0,388.0,28.3,17.4,814.0,1946.0,405.0,0,,0,,control,6146.0,15.0,0.0,197.0,28.3,17.4,814.0,986.0,212.0,both,0.0,0.0,True,0.0,0.0,True,2.0,2.0,False,191.0,191.0,False,0.0,0.0,True,0.0,0.0,True,0.0,0.0,True,960.0,960.0,False,193.0,193.0,False
Jieqianyu/SGN,2024-10,control,b519871f45a2751d7e9cf4798c90fbff3e410a51,6146.0,15.0,2.0,388.0,28.3,17.4,814.0,1946.0,405.0,,,,,,,,,,,,,,,left_only,,,False,,,False,,,False,,,False,,,False,,,False,,,False,,,False,,,False
Jieqianyu/SGN,2024-11,control,b519871f45a2751d7e9cf4798c90fbff3e410a51,6146.0,15.0,2.0,388.0,28.3,17.4,814.0,1946.0,405.0,,,,,,,,,,,,,,,left_only,,,False,,,False,,,False,,,False,,,False,,,False,,,False,,,False,,,False
Jieqianyu/SGN,2024-12,control,b519871f45a2751d7e9cf4798c90fbff3e410a51,6146.0,15.0,2.0,388.0,28.3,17.4,814.0,1946.0,405.0,,,,,,,,,,,,,,,left_only,,,False,,,False,,,False,,,False,,,False,,,False,,,False,,,False,,,False
Jieqianyu/SGN,2025-01,control,b519871f45a2751d7e9cf4798c90fbff3e410a51,6146.0,15.0,2.0,388.0,28.3,17.4,814.0,1946.0,405.0,,,,,,,,,,,,,,,left_only,,,False,,,False,,,False,,,False,,,False,,,False,,,False,,,False,,,False
Jieqianyu/SGN,2025-02,control,b519871f45a2751d7e9cf4798c90fbff3e410a51,6146.0,15.0,2.0,388.0,28.3,17.4,814.0,1946.0,405.0,,,,,,,,,,,,,,,left_only,,,False,,,False,,,False,,,False,,,False,,,False,,,False,,,False,,,False
Jieqianyu/SGN,2025-03,control,b519871f45a2751d7e9cf4798c90fbff3e410a51,6146.0,15.0,2.0,388.0,28.3,17.4,814.0,1946.0,405.0,,,,,,,,,,,,,,,left_only,,,False,,,False,,,False,,,False,,,False,,,False,,,False,,,False,,,False
Jieqianyu/SGN,2025-04,control,b519871f45a2751d7e9cf4798c90fbff3e410a51,6146.0,15.0,2.0,388.0,28.3,17.4,814.0,1946.0,405.0,,,,,,,,,,,,,,,left_only,,,False,,,False,,,False,,,False,,,False,,,False,,,False,,,False,,,False
Jieqianyu/SGN,2025-05,control,b519871f45a2751d7e9cf4798c90fbff3e410a51,6146.0,15.0,2.0,388.0,28.3,17.4,814.0,1946.0,405.0,,,,,,,,,,,,,,,left_only,,,False,,,False,,,False,,,False,,,False,,,False,,,False,,,False,,,False
Jieqianyu/SGN,2025-06,control,b519871f45a2751d7e9cf4798c90fbff3e410a51,6146.0,15.0,2.0,388.0,28.3,17.4,814.0,1946.0,405.0,,,,,,,,,,,,,,,left_only,,,False,,,False,,,False,,,False,,,False,,,False,,,False,,,False,,,False
Jieqianyu/SGN,2025-07,control,b519871f45a2751d7e9cf4798c90fbff3e410a51,6146.0,15.0,2.0,388.0,28.3,17.4,814.0,1946.0,405.0,,,,,,,,,,,,,,,left_only,,,False,,,False,,,False,,,False,,,False,,,False,,,False,,,False,,,False
Jieqianyu/SGN,2025-08,control,b519871f45a2751d7e9cf4798c90fbff3e410a51,6146.0,15.0,2.0,388.0,28.3,17.4,814.0,1946.0,405.0,,,,,,,,,,,,,,,left_only,,,False,,,False,,,False,,,False,,,False,,,False,,,False,,,False,,,False
JustinSparrrow/IOOI-EmotionEgg,2025-03,control,4593f10a974865bf903ca3576ac4b617a693978d,1538.0,0.0,10.0,17.0,0.0,7.1,72.0,33.0,27.0,,,,,,,,,,,,,,,left_only,,,False,,,False,,,False,,,False,,,False,,,False,,,False,,,False,,,False
JustinSparrrow/IOOI-EmotionEgg,2025-04,control,eb145035b7c60abf42b353ccdc47a3a31a233e82,1887.0,0.0,12.0,34.0,0.0,8.4,101.0,88.0,46.0,,,,,,,,,,,,,,,left_only,,,False,,,False,,,False,,,False,,,False,,,False,,,False,,,False,,,False
JustinSparrrow/IOOI-EmotionEgg,2025-05,control,eb145035b7c60abf42b353ccdc47a3a31a233e82,1887.0,0.0,12.0,34.0,0.0,8.4,101.0,88.0,46.0,,,,,,,,,,,,,,,left_only,,,False,,,False,,,False,,,False,,,False,,,False,,,False,,,False,,,False
JustinSparrrow/IOOI-EmotionEgg,2025-06,control,eb145035b7c60abf42b353ccdc47a3a31a233e82,1887.0,0.0,12.0,34.0,0.0,8.4,101.0,88.0,46.0,,,,,,,,,,,,,,,left_only,,,False,,,False,,,False,,,False,,,False,,,False,,,False,,,False,,,False
JustinSparrrow/IOOI-EmotionEgg,2025-07,control,eb145035b7c60abf42b353ccdc47a3a31a233e82,1887.0,0.0,12.0,34.0,0.0,8.4,101.0,88.0,46.0,,,,,,,,,,,,,,,left_only,,,False,,,False,,,False,,,False,,,False,,,False,,,False,,,False,,,False
JustinSparrrow/IOOI-EmotionEgg,2025-08,control,eb145035b7c60abf42b353ccdc47a3a31a233e82,1887.0,0.0,12.0,34.0,0.0,8.4,101.0,88.0,46.0,,,,,,,,,,,,,,,left_only,,,False,,,False,,,False,,,False,,,False,,,False,,,False,,,False,,,False
LGro/PyAPSI,2024-01,control,44f07dd2be7371f810474635c27c71e5baaf45ea,413.0,0.0,0.0,5.0,0.0,32.4,34.0,30.0,5.0,0,,0,,control,,,,,,,,,,both,,,False,,,False,,,False,,,False,,,False,,,False,,,False,,,False,,,False
LGro/PyAPSI,2024-02,control,44f07dd2be7371f810474635c27c71e5baaf45ea,413.0,0.0,0.0,5.0,0.0,32.4,34.0,30.0,5.0,0,,0,,control,,,,,,,,,,both,,,False,,,False,,,False,,,False,,,False,,,False,,,False,,,False,,,False
LGro/PyAPSI,2024-03,control,44f07dd2be7371f810474635c27c71e5baaf45ea,413.0,0.0,0.0,5.0,0.0,32.4,34.0,30.0,5.0,0,,0,,control,,,,,,,,,,both,,,False,,,False,,,False,,,False,,,False,,,False,,,False,,,False,,,False
LGro/PyAPSI,2024-04,control,c9fab4a6d79da320e3f810b477284cefd1419b7e,413.0,0.0,0.0,5.0,0.0,32.4,34.0,30.0,5.0,0,,0,,control,413.0,0.0,0.0,13.0,0.0,32.4,34.0,70.0,13.0,both,0.0,0.0,True,0.0,0.0,True,0.0,0.0,True,-8.0,8.0,False,0.0,0.0,True,0.0,0.0,True,0.0,0.0,True,-40.0,40.0,False,-8.0,8.0,False
LGro/PyAPSI,2024-05,control,c9fab4a6d79da320e3f810b477284cefd1419b7e,413.0,0.0,0.0,5.0,0.0,32.4,34.0,30.0,5.0,,,,,,,,,,,,,,,left_only,,,False,,,False,,,False,,,False,,,False,,,False,,,False,,,False,,,False
LGro/PyAPSI,2024-06,control,c9fab4a6d79da320e3f810b477284cefd1419b7e,413.0,0.0,0.0,5.0,0.0,32.4,34.0,30.0,5.0,,,,,,,,,,,,,,,left_only,,,False,,,False,,,False,,,False,,,False,,,False,,,False,,,False,,,False
LGro/PyAPSI,2024-07,control,c9fab4a6d79da320e3f810b477284cefd1419b7e,413.0,0.0,0.0,5.0,0.0,32.4,34.0,30.0,5.0,,,,,,,,,,,,,,,left_only,,,False,,,False,,,False,,,False,,,False,,,False,,,False,,,False,,,False
LGro/PyAPSI,2024-08,control,c9fab4a6d79da320e3f810b477284cefd1419b7e,413.0,0.0,0.0,5.0,0.0,32.4,34.0,30.0,5.0,,,,,,,,,,,,,,,left_only,,,False,,,False,,,False,,,False,,,False,,,False,,,False,,,False,,,False
LGro/PyAPSI,2024-09,control,c9fab4a6d79da320e3f810b477284cefd1419b7e,413.0,0.0,0.0,5.0,0.0,32.4,34.0,30.0,5.0,,,,,,,,,,,,,,,left_only,,,False,,,False,,,False,,,False,,,False,,,False,,,False,,,False,,,False
LGro/PyAPSI,2024-10,control,c9fab4a6d79da320e3f810b477284cefd1419b7e,413.0,0.0,0.0,5.0,0.0,32.4,34.0,30.0,5.0,,,,,,,,,,,,,,,left_only,,,False,,,False,,,False,,,False,,,False,,,False,,,False,,,False,,,False
LGro/PyAPSI,2024-11,control,c9fab4a6d79da320e3f810b477284cefd1419b7e,413.0,0.0,0.0,5.0,0.0,32.4,34.0,30.0,5.0,,,,,,,,,,,,,,,left_only,,,False,,,False,,,False,,,False,,,False,,,False,,,False,,,False,,,False
LGro/PyAPSI,2024-12,control,c9fab4a6d79da320e3f810b477284cefd1419b7e,413.0,0.0,0.0,5.0,0.0,32.4,34.0,30.0,5.0,,,,,,,,,,,,,,,left_only,,,False,,,False,,,False,,,False,,,False,,,False,,,False,,,False,,,False
LGro/PyAPSI,2025-01,control,c9fab4a6d79da320e3f810b477284cefd1419b7e,413.0,0.0,0.0,5.0,0.0,32.4,34.0,30.0,5.0,,,,,,,,,,,,,,,left_only,,,False,,,False,,,False,,,False,,,False,,,False,,,False,,,False,,,False
LGro/PyAPSI,2025-02,control,c9fab4a6d79da320e3f810b477284cefd1419b7e,413.0,0.0,0.0,5.0,0.0,32.4,34.0,30.0,5.0,,,,,,,,,,,,,,,left_only,,,False,,,False,,,False,,,False,,,False,,,False,,,False,,,False,,,False
LGro/PyAPSI,2025-03,control,c9fab4a6d79da320e3f810b477284cefd1419b7e,413.0,0.0,0.0,5.0,0.0,32.4,34.0,30.0,5.0,,,,,,,,,,,,,,,left_only,,,False,,,False,,,False,,,False,,,False,,,False,,,False,,,False,,,False
LGro/PyAPSI,2025-04,control,c9fab4a6d79da320e3f810b477284cefd1419b7e,413.0,0.0,0.0,5.0,0.0,32.4,34.0,30.0,5.0,,,,,,,,,,,,,,,left_only,,,False,,,False,,,False,,,False,,,False,,,False,,,False,,,False,,,False
LGro/PyAPSI,2025-05,control,c9fab4a6d79da320e3f810b477284cefd1419b7e,413.0,0.0,0.0,5.0,0.0,32.4,34.0,30.0,5.0,,,,,,,,,,,,,,,left_only,,,False,,,False,,,False,,,False,,,False,,,False,,,False,,,False,,,False
LGro/PyAPSI,2025-06,control,c9fab4a6d79da320e3f810b477284cefd1419b7e,413.0,0.0,0.0,5.0,0.0,32.4,34.0,30.0,5.0,,,,,,,,,,,,,,,left_only,,,False,,,False,,,False,,,False,,,False,,,False,,,False,,,False,,,False
LGro/PyAPSI,2025-07,control,c9fab4a6d79da320e3f810b477284cefd1419b7e,413.0,0.0,0.0,5.0,0.0,32.4,34.0,30.0,5.0,,,,,,,,,,,,,,,left_only,,,False,,,False,,,False,,,False,,,False,,,False,,,False,,,False,,,False
LGro/PyAPSI,2025-08,control,c9fab4a6d79da320e3f810b477284cefd1419b7e,413.0,0.0,0.0,5.0,0.0,32.4,34.0,30.0,5.0,,,,,,,,,,,,,,,left_only,,,False,,,False,,,False,,,False,,,False,,,False,,,False,,,False,,,False
LuneMods/KCD2-Blender-Toolkit,2025-02,control,9bbb606215b45b26e20f214ef65359d3a0d561f3,7495.0,18.0,0.0,272.0,5.7,6.4,1912.0,1783.0,290.0,0,,0,,control,7495.0,18.0,0.0,266.0,5.7,6.4,1912.0,1753.0,284.0,both,0.0,0.0,True,0.0,0.0,True,0.0,0.0,True,6.0,6.0,False,0.0,0.0,True,0.0,0.0,True,0.0,0.0,True,30.0,30.0,False,6.0,6.0,False
LuneMods/KCD2-Blender-Toolkit,2025-03,control,c335231561e1327a43f7aac66357232fa83ee545,7632.0,18.0,0.0,278.0,5.6,6.4,1959.0,1835.0,296.0,0,,0,,control,7632.0,18.0,0.0,272.0,5.6,6.4,1959.0,1805.0,290.0,both,0.0,0.0,True,0.0,0.0,True,0.0,0.0,True,6.0,6.0,False,0.0,0.0,True,0.0,0.0,True,0.0,0.0,True,30.0,30.0,False,6.0,6.0,False
LuneMods/KCD2-Blender-Toolkit,2025-04,control,c335231561e1327a43f7aac66357232fa83ee545,7632.0,18.0,0.0,278.0,5.6,6.4,1959.0,1835.0,296.0,,,,,,,,,,,,,,,left_only,,,False,,,False,,,False,,,False,,,False,,,False,,,False,,,False,,,False
LuneMods/KCD2-Blender-Toolkit,2025-05,control,c335231561e1327a43f7aac66357232fa83ee545,7632.0,18.0,0.0,278.0,5.6,6.4,1959.0,1835.0,296.0,,,,,,,,,,,,,,,left_only,,,False,,,False,,,False,,,False,,,False,,,False,,,False,,,False,,,False
LuneMods/KCD2-Blender-Toolkit,2025-06,control,c335231561e1327a43f7aac66357232fa83ee545,7632.0,18.0,0.0,278.0,5.6,6.4,1959.0,1835.0,296.0,,,,,,,,,,,,,,,left_only,,,False,,,False,,,False,,,False,,,False,,,False,,,False,,,False,,,False
LuneMods/KCD2-Blender-Toolkit,2025-07,control,c335231561e1327a43f7aac66357232fa83ee545,7632.0,18.0,0.0,278.0,5.6,6.4,1959.0,1835.0,296.0,,,,,,,,,,,,,,,left_only,,,False,,,False,,,False,,,False,,,False,,,False,,,False,,,False,,,False
LuneMods/KCD2-Blender-Toolkit,2025-08,control,c335231561e1327a43f7aac66357232fa83ee545,7632.0,18.0,0.0,278.0,5.6,6.4,1959.0,1835.0,296.0,,,,,,,,,,,,,,,left_only,,,False,,,False,,,False,,,False,,,False,,,False,,,False,,,False,,,False
MIT-Emerging-Talent/ET6-edXtras,2025-02,control,ae3c1e35770536349214505cccbfba4bc11d895c,2964.0,27.0,0.0,75.0,27.1,40.9,641.0,786.0,102.0,0,,0,,control,2964.0,27.0,0.0,75.0,27.1,40.9,641.0,781.0,102.0,both,0.0,0.0,True,0.0,0.0,True,0.0,0.0,True,0.0,0.0,True,0.0,0.0,True,0.0,0.0,True,0.0,0.0,True,5.0,5.0,False,0.0,0.0,True
MIT-Emerging-Talent/ET6-edXtras,2025-03,control,4bf71d024e75d12903ebfc79157120e477643dac,4809.0,28.0,0.0,98.0,26.8,36.0,1343.0,1310.0,126.0,0,,0,,control,4809.0,28.0,0.0,98.0,26.8,36.0,1343.0,1305.0,126.0,both,0.0,0.0,True,0.0,0.0,True,0.0,0.0,True,0.0,0.0,True,0.0,0.0,True,0.0,0.0,True,0.0,0.0,True,5.0,5.0,False,0.0,0.0,True
MIT-Emerging-Talent/ET6-edXtras,2025-04,control,298895297e3070065b1d3a8f8b0ad1e0b80e2dfa,4809.0,28.0,0.0,98.0,26.8,36.0,1343.0,1310.0,126.0,0,,0,,control,4809.0,28.0,0.0,98.0,26.8,36.0,1343.0,1305.0,126.0,both,0.0,0.0,True,0.0,0.0,True,0.0,0.0,True,0.0,0.0,True,0.0,0.0,True,0.0,0.0,True,0.0,0.0,True,5.0,5.0,False,0.0,0.0,True
MIT-Emerging-Talent/ET6-edXtras,2025-05,control,298895297e3070065b1d3a8f8b0ad1e0b80e2dfa,4809.0,28.0,0.0,98.0,26.8,36.0,1343.0,1310.0,126.0,,,,,,,,,,,,,,,left_only,,,False,,,False,,,False,,,False,,,False,,,False,,,False,,,False,,,False
MIT-Emerging-Talent/ET6-edXtras,2025-06,control,298895297e3070065b1d3a8f8b0ad1e0b80e2dfa,4809.0,28.0,0.0,98.0,26.8,36.0,1343.0,1310.0,126.0,,,,,,,,,,,,,,,left_only,,,False,,,False,,,False,,,False,,,False,,,False,,,False,,,False,,,False
MIT-Emerging-Talent/ET6-edXtras,2025-07,control,298895297e3070065b1d3a8f8b0ad1e0b80e2dfa,4809.0,28.0,0.0,98.0,26.8,36.0,1343.0,1310.0,126.0,,,,,,,,,,,,,,,left_only,,,False,,,False,,,False,,,False,,,False,,,False,,,False,,,False,,,False
MIT-Emerging-Talent/ET6-edXtras,2025-08,control,298895297e3070065b1d3a8f8b0ad1e0b80e2dfa,4809.0,28.0,0.0,98.0,26.8,36.0,1343.0,1310.0,126.0,,,,,,,,,,,,,,,left_only,,,False,,,False,,,False,,,False,,,False,,,False,,,False,,,False,,,False
Makopolo/megascan_houdini20.0_USD_plugin,2024-04,control,51c95912cbed07c846baba016831fcec1978d6ce,2496.0,0.0,0.0,795.0,19.0,6.1,566.0,2338.0,795.0,0,,0,,control,2496.0,0.0,0.0,794.0,19.0,6.1,566.0,2336.0,794.0,both,0.0,0.0,True,0.0,0.0,True,0.0,0.0,True,1.0,1.0,False,0.0,0.0,True,0.0,0.0,True,0.0,0.0,True,2.0,2.0,False,1.0,1.0,False
Makopolo/megascan_houdini20.0_USD_plugin,2024-05,control,51c95912cbed07c846baba016831fcec1978d6ce,2496.0,0.0,0.0,795.0,19.0,6.1,566.0,2338.0,795.0,0,,0,,control,2496.0,0.0,0.0,794.0,19.0,6.1,566.0,2336.0,794.0,both,0.0,0.0,True,0.0,0.0,True,0.0,0.0,True,1.0,1.0,False,0.0,0.0,True,0.0,0.0,True,0.0,0.0,True,2.0,2.0,False,1.0,1.0,False
Makopolo/megascan_houdini20.0_USD_plugin,2024-06,control,9ea78b3706bd91ffc45b5d286e05d9d48caefd27,2495.0,0.0,0.0,795.0,19.3,6.2,566.0,2338.0,795.0,0,,0,,control,2495.0,0.0,0.0,794.0,19.3,6.2,566.0,2336.0,794.0,both,0.0,0.0,True,0.0,0.0,True,0.0,0.0,True,1.0,1.0,False,0.0,0.0,True,0.0,0.0,True,0.0,0.0,True,2.0,2.0,False,1.0,1.0,False
Makopolo/megascan_houdini20.0_USD_plugin,2024-07,control,8136e2577c68bb305b707dba182a17b247d1f842,2497.0,0.0,0.0,795.0,19.3,6.2,566.0,2338.0,795.0,0,,0,,control,2497.0,0.0,0.0,794.0,19.3,6.2,566.0,2336.0,794.0,both,0.0,0.0,True,0.0,0.0,True,0.0,0.0,True,1.0,1.0,False,0.0,0.0,True,0.0,0.0,True,0.0,0.0,True,2.0,2.0,False,1.0,1.0,False
Makopolo/megascan_houdini20.0_USD_plugin,2024-08,control,8136e2577c68bb305b707dba182a17b247d1f842,2497.0,0.0,0.0,795.0,19.3,6.2,566.0,2338.0,795.0,,,,,,,,,,,,,,,left_only,,,False,,,False,,,False,,,False,,,False,,,False,,,False,,,False,,,False
Makopolo/megascan_houdini20.0_USD_plugin,2024-09,control,8136e2577c68bb305b707dba182a17b247d1f842,2497.0,0.0,0.0,795.0,19.3,6.2,566.0,2338.0,795.0,,,,,,,,,,,,,,,left_only,,,False,,,False,,,False,,,False,,,False,,,False,,,False,,,False,,,False
Makopolo/megascan_houdini20.0_USD_plugin,2024-10,control,8136e2577c68bb305b707dba182a17b247d1f842,2497.0,0.0,0.0,795.0,19.3,6.2,566.0,2338.0,795.0,,,,,,,,,,,,,,,left_only,,,False,,,False,,,False,,,False,,,False,,,False,,,False,,,False,,,False
Makopolo/megascan_houdini20.0_USD_plugin,2024-11,control,8136e2577c68bb305b707dba182a17b247d1f842,2497.0,0.0,0.0,795.0,19.3,6.2,566.0,2338.0,795.0,,,,,,,,,,,,,,,left_only,,,False,,,False,,,False,,,False,,,False,,,False,,,False,,,False,,,False
Makopolo/megascan_houdini20.0_USD_plugin,2024-12,control,8136e2577c68bb305b707dba182a17b247d1f842,2497.0,0.0,0.0,795.0,19.3,6.2,566.0,2338.0,795.0,,,,,,,,,,,,,,,left_only,,,False,,,False,,,False,,,False,,,False,,,False,,,False,,,False,,,False
Makopolo/megascan_houdini20.0_USD_plugin,2025-01,control,8136e2577c68bb305b707dba182a17b247d1f842,2497.0,0.0,0.0,795.0,19.3,6.2,566.0,2338.0,795.0,,,,,,,,,,,,,,,left_only,,,False,,,False,,,False,,,False,,,False,,,False,,,False,,,False,,,False
Makopolo/megascan_houdini20.0_USD_plugin,2025-02,control,8136e2577c68bb305b707dba182a17b247d1f842,2497.0,0.0,0.0,795.0,19.3,6.2,566.0,2338.0,795.0,,,,,,,,,,,,,,,left_only,,,False,,,False,,,False,,,False,,,False,,,False,,,False,,,False,,,False
Makopolo/megascan_houdini20.0_USD_plugin,2025-03,control,8136e2577c68bb305b707dba182a17b247d1f842,2497.0,0.0,0.0,795.0,19.3,6.2,566.0,2338.0,795.0,,,,,,,,,,,,,,,left_only,,,False,,,False,,,False,,,False,,,False,,,False,,,False,,,False,,,False
Makopolo/megascan_houdini20.0_USD_plugin,2025-04,control,8136e2577c68bb305b707dba182a17b247d1f842,2497.0,0.0,0.0,795.0,19.3,6.2,566.0,2338.0,795.0,,,,,,,,,,,,,,,left_only,,,False,,,False,,,False,,,False,,,False,,,False,,,False,,,False,,,False
Makopolo/megascan_houdini20.0_USD_plugin,2025-05,control,8136e2577c68bb305b707dba182a17b247d1f842,2497.0,0.0,0.0,795.0,19.3,6.2,566.0,2338.0,795.0,,,,,,,,,,,,,,,left_only,,,False,,,False,,,False,,,False,,,False,,,False,,,False,,,False,,,False
Makopolo/megascan_houdini20.0_USD_plugin,2025-06,control,8136e2577c68bb305b707dba182a17b247d1f842,2497.0,0.0,0.0,795.0,19.3,6.2,566.0,2338.0,795.0,,,,,,,,,,,,,,,left_only,,,False,,,False,,,False,,,False,,,False,,,False,,,False,,,False,,,False
Makopolo/megascan_houdini20.0_USD_plugin,2025-07,control,8136e2577c68bb305b707dba182a17b247d1f842,2497.0,0.0,0.0,795.0,19.3,6.2,566.0,2338.0,795.0,,,,,,,,,,,,,,,left_only,,,False,,,False,,,False,,,False,,,False,,,False,,,False,,,False,,,False
Makopolo/megascan_houdini20.0_USD_plugin,2025-08,control,8136e2577c68bb305b707dba182a17b247d1f842,2497.0,0.0,0.0,795.0,19.3,6.2,566.0,2338.0,795.0,,,,,,,,,,,,,,,left_only,,,False,,,False,,,False,,,False,,,False,,,False,,,False,,,False,,,False
MalevichAI/malevich,2024-01,control,63716964c10436377f3ac5e6413ce729bd48fe73,7434.0,7.0,2.0,211.0,1.2,24.2,1268.0,1824.0,220.0,0,,0,,control,7434.0,12.0,0.0,204.0,1.2,24.2,1268.0,1814.0,216.0,both,0.0,0.0,True,-5.0,5.0,False,2.0,2.0,False,7.0,7.0,False,0.0,0.0,True,0.0,0.0,True,0.0,0.0,True,10.0,10.0,False,4.0,4.0,False
MalevichAI/malevich,2024-02,control,8d00a09bdea9ad1093cd060c310fc3c8d88fbc93,8265.0,8.0,2.0,238.0,1.1,23.5,1413.0,2124.0,248.0,0,,0,,control,8265.0,13.0,0.0,231.0,1.1,23.5,1413.0,2114.0,244.0,both,0.0,0.0,True,-5.0,5.0,False,2.0,2.0,False,7.0,7.0,False,0.0,0.0,True,0.0,0.0,True,0.0,0.0,True,10.0,10.0,False,4.0,4.0,False
MalevichAI/malevich,2024-03,control,fa65da712ea11d1a3573737dc4356ca5050928d3,10357.0,12.0,2.0,262.0,1.9,20.4,1673.0,2404.0,276.0,0,,0,,control,10357.0,24.0,0.0,258.0,1.9,20.4,1673.0,2441.0,282.0,both,0.0,0.0,True,-12.0,12.0,False,2.0,2.0,False,4.0,4.0,False,0.0,0.0,True,0.0,0.0,True,0.0,0.0,True,-37.0,37.0,False,-6.0,6.0,False
MalevichAI/malevich,2024-04,control,64bf75a1e73d6975b39e06dcbec1c88e4e875218,10507.0,10.0,2.0,284.0,1.4,20.0,1764.0,2539.0,296.0,0,,0,,control,10640.0,22.0,0.0,281.0,1.4,19.9,1785.0,2604.0,303.0,both,-133.0,133.0,False,-12.0,12.0,False,2.0,2.0,False,3.0,3.0,False,0.0,0.0,True,0.10000000000000142,0.10000000000000142,False,-21.0,21.0,False,-65.0,65.0,False,-7.0,7.0,False
MalevichAI/malevich,2024-05,control,f4ab75e0e691308c1dadbcec259d0e6a2b820da8,10557.0,10.0,2.0,284.0,1.4,20.0,1771.0,2539.0,296.0,0,,0,,control,10689.0,22.0,0.0,282.0,1.4,19.8,1792.0,2607.0,304.0,both,-132.0,132.0,False,-12.0,12.0,False,2.0,2.0,False,2.0,2.0,False,0.0,0.0,True,0.1999999999999993,0.1999999999999993,False,-21.0,21.0,False,-68.0,68.0,False,-8.0,8.0,False
MalevichAI/malevich,2024-06,control,4a6051c717fabc9321c4f5abc8b9d024a4a0255d,12502.0,9.0,2.0,313.0,6.2,19.6,2188.0,3022.0,324.0,0,,0,,control,12634.0,21.0,0.0,310.0,6.1,19.5,2209.0,3077.0,331.0,both,-132.0,132.0,False,-12.0,12.0,False,2.0,2.0,False,3.0,3.0,False,0.10000000000000053,0.10000000000000053,False,0.10000000000000142,0.10000000000000142,False,-21.0,21.0,False,-55.0,55.0,False,-7.0,7.0,False
MalevichAI/malevich,2024-07,control,13324dbffc516f909d4d880974c49c261f29e2ad,13888.0,7.0,2.0,366.0,5.9,20.6,2452.0,3564.0,375.0,0,,0,,control,14019.0,20.0,0.0,337.0,5.8,20.4,2473.0,3489.0,357.0,both,-131.0,131.0,False,-13.0,13.0,False,2.0,2.0,False,29.0,29.0,False,0.10000000000000053,0.10000000000000053,False,0.20000000000000284,0.20000000000000284,False,-21.0,21.0,False,75.0,75.0,False,18.0,18.0,False
MalevichAI/malevich,2024-08,control,b14b7869cf9cf411357168cf062b5c0539aeaa2c,13984.0,9.0,2.0,347.0,3.0,16.4,2708.0,3352.0,358.0,0,,0,,control,14115.0,22.0,0.0,329.0,3.0,16.3,2729.0,3342.0,351.0,both,-131.0,131.0,False,-13.0,13.0,False,2.0,2.0,False,18.0,18.0,False,0.0,0.0,True,0.09999999999999787,0.09999999999999787,False,-21.0,21.0,False,10.0,10.0,False,7.0,7.0,False
MalevichAI/malevich,2024-09,control,e5326dda025f274046cbc18492e7c358fc334c9a,14839.0,8.0,2.0,361.0,3.6,15.4,2758.0,3384.0,371.0,0,,0,,control,14970.0,21.0,0.0,344.0,3.5,15.3,2779.0,3379.0,365.0,both,-131.0,131.0,False,-13.0,13.0,False,2.0,2.0,False,17.0,17.0,False,0.10000000000000009,0.10000000000000009,False,0.09999999999999964,0.09999999999999964,False,-21.0,21.0,False,5.0,5.0,False,6.0,6.0,False
MalevichAI/malevich,2024-10,control,c0f8f29bf6ef0806c596d44e5dc12732be371dd7,14927.0,8.0,2.0,340.0,3.5,15.4,2787.0,3252.0,350.0,0,,0,,control,15058.0,21.0,0.0,345.0,3.5,15.3,2808.0,3402.0,366.0,both,-131.0,131.0,False,-13.0,13.0,False,2.0,2.0,False,-5.0,5.0,False,0.0,0.0,True,0.09999999999999964,0.09999999999999964,False,-21.0,21.0,False,-150.0,150.0,False,-16.0,16.0,False
MalevichAI/malevich,2024-11,control,18e8b19a7506c7b51453be5726f3ad733279f7fe,14927.0,8.0,2.0,340.0,3.5,15.4,2787.0,3252.0,350.0,0,,0,,control,15058.0,21.0,0.0,345.0,3.5,15.3,2808.0,3402.0,366.0,both,-131.0,131.0,False,-13.0,13.0,False,2.0,2.0,False,-5.0,5.0,False,0.0,0.0,True,0.09999999999999964,0.09999999999999964,False,-21.0,21.0,False,-150.0,150.0,False,-16.0,16.0,False
MalevichAI/malevich,2024-12,control,18e8b19a7506c7b51453be5726f3ad733279f7fe,14927.0,8.0,2.0,340.0,3.5,15.4,2787.0,3252.0,350.0,,,,,,,,,,,,,,,left_only,,,False,,,False,,,False,,,False,,,False,,,False,,,False,,,False,,,False
MalevichAI/malevich,2025-01,control,18e8b19a7506c7b51453be5726f3ad733279f7fe,14927.0,8.0,2.0,340.0,3.5,15.4,2787.0,3252.0,350.0,,,,,,,,,,,,,,,left_only,,,False,,,False,,,False,,,False,,,False,,,False,,,False,,,False,,,False
MalevichAI/malevich,2025-02,control,18e8b19a7506c7b51453be5726f3ad733279f7fe,14927.0,8.0,2.0,340.0,3.5,15.4,2787.0,3252.0,350.0,,,,,,,,,,,,,,,left_only,,,False,,,False,,,False,,,False,,,False,,,False,,,False,,,False,,,False
MalevichAI/malevich,2025-03,control,18e8b19a7506c7b51453be5726f3ad733279f7fe,14927.0,8.0,2.0,340.0,3.5,15.4,2787.0,3252.0,350.0,,,,,,,,,,,,,,,left_only,,,False,,,False,,,False,,,False,,,False,,,False,,,False,,,False,,,False
MalevichAI/malevich,2025-04,control,18e8b19a7506c7b51453be5726f3ad733279f7fe,14927.0,8.0,2.0,340.0,3.5,15.4,2787.0,3252.0,350.0,,,,,,,,,,,,,,,left_only,,,False,,,False,,,False,,,False,,,False,,,False,,,False,,,False,,,False
MalevichAI/malevich,2025-05,control,18e8b19a7506c7b51453be5726f3ad733279f7fe,14927.0,8.0,2.0,340.0,3.5,15.4,2787.0,3252.0,350.0,,,,,,,,,,,,,,,left_only,,,False,,,False,,,False,,,False,,,False,,,False,,,False,,,False,,,False
MalevichAI/malevich,2025-06,control,18e8b19a7506c7b51453be5726f3ad733279f7fe,14927.0,8.0,2.0,340.0,3.5,15.4,2787.0,3252.0,350.0,,,,,,,,,,,,,,,left_only,,,False,,,False,,,False,,,False,,,False,,,False,,,False,,,False,,,False
MalevichAI/malevich,2025-07,control,18e8b19a7506c7b51453be5726f3ad733279f7fe,14927.0,8.0,2.0,340.0,3.5,15.4,2787.0,3252.0,350.0,,,,,,,,,,,,,,,left_only,,,False,,,False,,,False,,,False,,,False,,,False,,,False,,,False,,,False
MalevichAI/malevich,2025-08,control,18e8b19a7506c7b51453be5726f3ad733279f7fe,14927.0,8.0,2.0,340.0,3.5,15.4,2787.0,3252.0,350.0,,,,,,,,,,,,,,,left_only,,,False,,,False,,,False,,,False,,,False,,,False,,,False,,,False,,,False
MingSun-Tse/LightAvatar-TensorFlow,2024-09,control,d2bb41c27f14024821c7819d5f958c3ee4adb9d4,1566.0,2.0,3.0,46.0,0.5,24.6,237.0,336.0,51.0,0,,0,,control,1566.0,2.0,0.0,45.0,1.2,24.6,237.0,334.0,47.0,both,0.0,0.0,True,0.0,0.0,True,3.0,3.0,False,1.0,1.0,False,-0.7,0.7,False,0.0,0.0,True,0.0,0.0,True,2.0,2.0,False,4.0,4.0,False
MingSun-Tse/LightAvatar-TensorFlow,2024-10,control,19865a5adcb07c7dd9edd981ff0fe6335edaca62,2147.0,2.0,3.0,58.0,7.7,28.1,299.0,403.0,63.0,0,,0,,control,2147.0,2.0,0.0,57.0,14.2,28.1,299.0,401.0,59.0,both,0.0,0.0,True,0.0,0.0,True,3.0,3.0,False,1.0,1.0,False,-6.499999999999999,6.499999999999999,False,0.0,0.0,True,0.0,0.0,True,2.0,2.0,False,4.0,4.0,False
MingSun-Tse/LightAvatar-TensorFlow,2024-11,control,3994bf5aa77460a57e943805ace5ca2d2d0b287f,2147.0,2.0,3.0,58.0,7.7,28.1,299.0,403.0,63.0,0,,0,,control,2147.0,2.0,0.0,57.0,14.2,28.1,299.0,401.0,59.0,both,0.0,0.0,True,0.0,0.0,True,3.0,3.0,False,1.0,1.0,False,-6.499999999999999,6.499999999999999,False,0.0,0.0,True,0.0,0.0,True,2.0,2.0,False,4.0,4.0,False
MingSun-Tse/LightAvatar-TensorFlow,2024-12,control,3994bf5aa77460a57e943805ace5ca2d2d0b287f,2147.0,2.0,3.0,58.0,7.7,28.1,299.0,403.0,63.0,,,,,,,,,,,,,,,left_only,,,False,,,False,,,False,,,False,,,False,,,False,,,False,,,False,,,False
MingSun-Tse/LightAvatar-TensorFlow,2025-01,control,3994bf5aa77460a57e943805ace5ca2d2d0b287f,2147.0,2.0,3.0,58.0,7.7,28.1,299.0,403.0,63.0,,,,,,,,,,,,,,,left_only,,,False,,,False,,,False,,,False,,,False,,,False,,,False,,,False,,,False
MingSun-Tse/LightAvatar-TensorFlow,2025-02,control,3994bf5aa77460a57e943805ace5ca2d2d0b287f,2147.0,2.0,3.0,58.0,7.7,28.1,299.0,403.0,63.0,,,,,,,,,,,,,,,left_only,,,False,,,False,,,False,,,False,,,False,,,False,,,False,,,False,,,False
MingSun-Tse/LightAvatar-TensorFlow,2025-03,control,3994bf5aa77460a57e943805ace5ca2d2d0b287f,2147.0,2.0,3.0,58.0,7.7,28.1,299.0,403.0,63.0,,,,,,,,,,,,,,,left_only,,,False,,,False,,,False,,,False,,,False,,,False,,,False,,,False,,,False
MingSun-Tse/LightAvatar-TensorFlow,2025-04,control,3994bf5aa77460a57e943805ace5ca2d2d0b287f,2147.0,2.0,3.0,58.0,7.7,28.1,299.0,403.0,63.0,,,,,,,,,,,,,,,left_only,,,False,,,False,,,False,,,False,,,False,,,False,,,False,,,False,,,False
MingSun-Tse/LightAvatar-TensorFlow,2025-05,control,3994bf5aa77460a57e943805ace5ca2d2d0b287f,2147.0,2.0,3.0,58.0,7.7,28.1,299.0,403.0,63.0,,,,,,,,,,,,,,,left_only,,,False,,,False,,,False,,,False,,,False,,,False,,,False,,,False,,,False
MingSun-Tse/LightAvatar-TensorFlow,2025-06,control,3994bf5aa77460a57e943805ace5ca2d2d0b287f,2147.0,2.0,3.0,58.0,7.7,28.1,299.0,403.0,63.0,,,,,,,,,,,,,,,left_only,,,False,,,False,,,False,,,False,,,False,,,False,,,False,,,False,,,False
MingSun-Tse/LightAvatar-TensorFlow,2025-07,control,3994bf5aa77460a57e943805ace5ca2d2d0b287f,2147.0,2.0,3.0,58.0,7.7,28.1,299.0,403.0,63.0,,,,,,,,,,,,,,,left_only,,,False,,,False,,,False,,,False,,,False,,,False,,,False,,,False,,,False
MingSun-Tse/LightAvatar-TensorFlow,2025-08,control,3994bf5aa77460a57e943805ace5ca2d2d0b287f,2147.0,2.0,3.0,58.0,7.7,28.1,299.0,403.0,63.0,,,,,,,,,,,,,,,left_only,,,False,,,False,,,False,,,False,,,False,,,False,,,False,,,False,,,False
MrTimonM/Arichain-Bot,2025-01,control,cafdbd057dca6e6a29a6079472ea502b67e6a9af,186.0,0.0,0.0,1.0,0.0,0.0,57.0,5.0,1.0,0,,0,,control,186.0,0.0,0.0,1.0,0.0,0.0,57.0,5.0,1.0,both,0.0,0.0,True,0.0,0.0,True,0.0,0.0,True,0.0,0.0,True,0.0,0.0,True,0.0,0.0,True,0.0,0.0,True,0.0,0.0,True,0.0,0.0,True
MrTimonM/Arichain-Bot,2025-02,control,cafdbd057dca6e6a29a6079472ea502b67e6a9af,186.0,0.0,0.0,1.0,0.0,0.0,57.0,5.0,1.0,,,,,,,,,,,,,,,left_only,,,False,,,False,,,False,,,False,,,False,,,False,,,False,,,False,,,False
MrTimonM/Arichain-Bot,2025-03,control,cafdbd057dca6e6a29a6079472ea502b67e6a9af,186.0,0.0,0.0,1.0,0.0,0.0,57.0,5.0,1.0,,,,,,,,,,,,,,,left_only,,,False,,,False,,,False,,,False,,,False,,,False,,,False,,,False,,,False
MrTimonM/Arichain-Bot,2025-04,control,cafdbd057dca6e6a29a6079472ea502b67e6a9af,186.0,0.0,0.0,1.0,0.0,0.0,57.0,5.0,1.0,,,,,,,,,,,,,,,left_only,,,False,,,False,,,False,,,False,,,False,,,False,,,False,,,False,,,False
MrTimonM/Arichain-Bot,2025-05,control,cafdbd057dca6e6a29a6079472ea502b67e6a9af,186.0,0.0,0.0,1.0,0.0,0.0,57.0,5.0,1.0,,,,,,,,,,,,,,,left_only,,,False,,,False,,,False,,,False,,,False,,,False,,,False,,,False,,,False
MrTimonM/Arichain-Bot,2025-06,control,cafdbd057dca6e6a29a6079472ea502b67e6a9af,186.0,0.0,0.0,1.0,0.0,0.0,57.0,5.0,1.0,,,,,,,,,,,,,,,left_only,,,False,,,False,,,False,,,False,,,False,,,False,,,False,,,False,,,False
MrTimonM/Arichain-Bot,2025-07,control,cafdbd057dca6e6a29a6079472ea502b67e6a9af,186.0,0.0,0.0,1.0,0.0,0.0,57.0,5.0,1.0,,,,,,,,,,,,,,,left_only,,,False,,,False,,,False,,,False,,,False,,,False,,,False,,,False,,,False
MrTimonM/Arichain-Bot,2025-08,control,cafdbd057dca6e6a29a6079472ea502b67e6a9af,186.0,0.0,0.0,1.0,0.0,0.0,57.0,5.0,1.0,,,,,,,,,,,,,,,left_only,,,False,,,False,,,False,,,False,,,False,,,False,,,False,,,False,,,False
NVIDIA/cuEquivariance,2024-11,control,f4b52be1a6b7e4666978a6a8499a21e5ee29ecd6,10362.0,14.0,0.0,275.0,1.1,27.7,1866.0,1795.0,289.0,0,,0,,control,10362.0,15.0,0.0,270.0,1.1,27.7,1866.0,1877.0,285.0,both,0.0,0.0,True,-1.0,1.0,False,0.0,0.0,True,5.0,5.0,False,0.0,0.0,True,0.0,0.0,True,0.0,0.0,True,-82.0,82.0,False,4.0,4.0,False
NVIDIA/cuEquivariance,2024-12,control,163f5f15fbe422cd37bf57923d89761ac8f45185,10997.0,16.0,0.0,227.0,1.0,27.8,1998.0,1591.0,243.0,0,,0,,control,10997.0,17.0,0.0,228.0,1.0,27.8,1998.0,1732.0,245.0,both,0.0,0.0,True,-1.0,1.0,False,0.0,0.0,True,-1.0,1.0,False,0.0,0.0,True,0.0,0.0,True,0.0,0.0,True,-141.0,141.0,False,-2.0,2.0,False
NVIDIA/cuEquivariance,2025-01,control,07e715cf2762e67fb2a0fbc109a5d24a94fc5117,11414.0,16.0,0.0,225.0,0.7,27.2,2024.0,1554.0,241.0,0,,0,,control,11414.0,17.0,0.0,239.0,0.7,27.2,2024.0,1885.0,256.0,both,0.0,0.0,True,-1.0,1.0,False,0.0,0.0,True,-14.0,14.0,False,0.0,0.0,True,0.0,0.0,True,0.0,0.0,True,-331.0,331.0,False,-15.0,15.0,False
NVIDIA/cuEquivariance,2025-02,control,f5a67a583e60162fb1db47d954c916c845ad4d2f,11515.0,16.0,0.0,227.0,0.7,27.3,2061.0,1553.0,243.0,0,,0,,control,11515.0,17.0,0.0,232.0,0.7,27.3,2061.0,1774.0,249.0,both,0.0,0.0,True,-1.0,1.0,False,0.0,0.0,True,-5.0,5.0,False,0.0,0.0,True,0.0,0.0,True,0.0,0.0,True,-221.0,221.0,False,-6.0,6.0,False
NVIDIA/cuEquivariance,2025-03,control,cd297d02978484ce75135f9104f0015f3f598159,11515.0,16.0,0.0,227.0,0.7,27.3,2061.0,1553.0,243.0,0,,0,,control,11515.0,17.0,0.0,232.0,0.7,27.3,2061.0,1774.0,249.0,both,0.0,0.0,True,-1.0,1.0,False,0.0,0.0,True,-5.0,5.0,False,0.0,0.0,True,0.0,0.0,True,0.0,0.0,True,-221.0,221.0,False,-6.0,6.0,False
NVIDIA/cuEquivariance,2025-04,control,63765206185021ff123b68ffaa3f37053ec68906,13968.0,16.0,0.0,240.0,0.6,27.0,2352.0,1646.0,256.0,0,,0,,control,13960.0,21.0,0.0,262.0,0.6,27.0,2351.0,1999.0,283.0,both,8.0,8.0,False,-5.0,5.0,False,0.0,0.0,True,-22.0,22.0,False,0.0,0.0,True,0.0,0.0,True,1.0,1.0,False,-353.0,353.0,False,-27.0,27.0,False
NVIDIA/cuEquivariance,2025-05,control,6a78b3f56d1ea7387465b152c12ed09e083cc4b9,14619.0,16.0,0.0,248.0,0.9,26.8,2402.0,1703.0,264.0,0,,0,,control,14619.0,21.0,0.0,270.0,0.9,26.8,2402.0,2056.0,291.0,both,0.0,0.0,True,-5.0,5.0,False,0.0,0.0,True,-22.0,22.0,False,0.0,0.0,True,0.0,0.0,True,0.0,0.0,True,-353.0,353.0,False,-27.0,27.0,False
NVIDIA/cuEquivariance,2025-06,control,9cc03d657ce7124cd7998d2c66f6901783f29979,14698.0,15.0,0.0,248.0,0.9,27.3,2408.0,1703.0,263.0,0,,0,,control,14698.0,20.0,0.0,270.0,0.9,27.3,2408.0,2056.0,290.0,both,0.0,0.0,True,-5.0,5.0,False,0.0,0.0,True,-22.0,22.0,False,0.0,0.0,True,0.0,0.0,True,0.0,0.0,True,-353.0,353.0,False,-27.0,27.0,False
NVIDIA/cuEquivariance,2025-07,control,5fbf607f5361e40352d0f9b49ed60260a48ad91c,19156.0,15.0,0.0,311.0,3.0,26.8,3105.0,2315.0,326.0,0,,0,,control,19156.0,20.0,0.0,360.0,3.0,26.8,3105.0,2768.0,380.0,both,0.0,0.0,True,-5.0,5.0,False,0.0,0.0,True,-49.0,49.0,False,0.0,0.0,True,0.0,0.0,True,0.0,0.0,True,-453.0,453.0,False,-54.0,54.0,False
NVIDIA/cuEquivariance,2025-08,control,5942dd5c8783949e83c462f012060bb767c6154e,19894.0,15.0,0.0,316.0,3.1,27.1,3164.0,2349.0,331.0,0,,0,,control,19894.0,20.0,0.0,368.0,3.1,27.1,3164.0,2817.0,388.0,both,0.0,0.0,True,-5.0,5.0,False,0.0,0.0,True,-52.0,52.0,False,0.0,0.0,True,0.0,0.0,True,0.0,0.0,True,-468.0,468.0,False,-57.0,57.0,False
NiceRingNode/LGGPT,2025-01,control,ee2d46bb8d20bd894f56c7db278640f524d8068a,,0.0,0.0,0.0,,,,0.0,0.0,0,,0,,control,,0.0,0.0,0.0,,,,0.0,0.0,both,,,False,0.0,0.0,True,0.0,0.0,True,0.0,0.0,True,,,False,,,False,,,False,0.0,0.0,True,0.0,0.0,True
NiceRingNode/LGGPT,2025-02,control,338bbb4dcd894e5f7111e9ea141f16d1e7af7249,1878.0,2.0,4.0,120.0,6.6,10.7,440.0,635.0,126.0,0,,0,,control,1878.0,2.0,0.0,110.0,6.6,10.7,440.0,589.0,112.0,both,0.0,0.0,True,0.0,0.0,True,4.0,4.0,False,10.0,10.0,False,0.0,0.0,True,0.0,0.0,True,0.0,0.0,True,46.0,46.0,False,14.0,14.0,False
NiceRingNode/LGGPT,2025-03,control,df47d02d98a642ad71b559b599bdae41893b248d,1878.0,2.0,4.0,120.0,6.6,10.7,440.0,635.0,126.0,0,,0,,control,1878.0,2.0,0.0,110.0,6.6,10.7,440.0,589.0,112.0,both,0.0,0.0,True,0.0,0.0,True,4.0,4.0,False,10.0,10.0,False,0.0,0.0,True,0.0,0.0,True,0.0,0.0,True,46.0,46.0,False,14.0,14.0,False
NiceRingNode/LGGPT,2025-04,control,df47d02d98a642ad71b559b599bdae41893b248d,1878.0,2.0,4.0,120.0,6.6,10.7,440.0,635.0,126.0,0,,0,,control,1878.0,2.0,0.0,110.0,6.6,10.7,440.0,589.0,112.0,both,0.0,0.0,True,0.0,0.0,True,4.0,4.0,False,10.0,10.0,False,0.0,0.0,True,0.0,0.0,True,0.0,0.0,True,46.0,46.0,False,14.0,14.0,False
NiceRingNode/LGGPT,2025-05,control,df47d02d98a642ad71b559b599bdae41893b248d,1878.0,2.0,4.0,120.0,6.6,10.7,440.0,635.0,126.0,0,,0,,control,1878.0,2.0,0.0,110.0,6.6,10.7,440.0,589.0,112.0,both,0.0,0.0,True,0.0,0.0,True,4.0,4.0,False,10.0,10.0,False,0.0,0.0,True,0.0,0.0,True,0.0,0.0,True,46.0,46.0,False,14.0,14.0,False
NiceRingNode/LGGPT,2025-06,control,16ea2d98f990a675ec0473fe5c85beeddf9552d5,1878.0,2.0,4.0,120.0,6.6,10.7,440.0,635.0,126.0,0,,0,,control,1878.0,2.0,0.0,110.0,6.6,10.7,440.0,589.0,112.0,both,0.0,0.0,True,0.0,0.0,True,4.0,4.0,False,10.0,10.0,False,0.0,0.0,True,0.0,0.0,True,0.0,0.0,True,46.0,46.0,False,14.0,14.0,False
NiceRingNode/LGGPT,2025-07,control,16ea2d98f990a675ec0473fe5c85beeddf9552d5,1878.0,2.0,4.0,120.0,6.6,10.7,440.0,635.0,126.0,0,,0,,control,1878.0,2.0,0.0,110.0,6.6,10.7,440.0,589.0,112.0,both,0.0,0.0,True,0.0,0.0,True,4.0,4.0,False,10.0,10.0,False,0.0,0.0,True,0.0,0.0,True,0.0,0.0,True,46.0,46.0,False,14.0,14.0,False
NiceRingNode/LGGPT,2025-08,control,ce5d480380c407d687cb5bab0701cb1c33fe4238,1878.0,2.0,4.0,120.0,6.6,10.7,440.0,635.0,126.0,0,,0,,control,1878.0,2.0,0.0,110.0,6.6,10.7,440.0,589.0,112.0,both,0.0,0.0,True,0.0,0.0,True,4.0,4.0,False,10.0,10.0,False,0.0,0.0,True,0.0,0.0,True,0.0,0.0,True,46.0,46.0,False,14.0,14.0,False
OSU-NLP-Group/HippoRAG,2024-05,control,9b784993c54e63a3d9610ba322a864e8bddd04a6,3039.0,3.0,0.0,79.0,4.8,7.7,1031.0,484.0,82.0,0,,0,,control,3039.0,3.0,0.0,57.0,4.8,7.7,1031.0,390.0,60.0,both,0.0,0.0,True,0.0,0.0,True,0.0,0.0,True,22.0,22.0,False,0.0,0.0,True,0.0,0.0,True,0.0,0.0,True,94.0,94.0,False,22.0,22.0,False
OSU-NLP-Group/HippoRAG,2024-06,control,cfbe01eef0766757a5d329216245d254d96f4ca7,3490.0,3.0,0.0,92.0,3.3,9.2,1222.0,732.0,95.0,0,,0,,control,3490.0,3.0,0.0,69.0,3.3,9.2,1222.0,648.0,72.0,both,0.0,0.0,True,0.0,0.0,True,0.0,0.0,True,23.0,23.0,False,0.0,0.0,True,0.0,0.0,True,0.0,0.0,True,84.0,84.0,False,23.0,23.0,False
OSU-NLP-Group/HippoRAG,2024-07,control,5ddedf0f516c7bbed777ba54da680c8bb8fb8f84,3502.0,3.0,0.0,94.0,3.3,9.3,1224.0,737.0,97.0,0,,0,,control,3502.0,3.0,0.0,70.0,3.3,9.3,1224.0,653.0,73.0,both,0.0,0.0,True,0.0,0.0,True,0.0,0.0,True,24.0,24.0,False,0.0,0.0,True,0.0,0.0,True,0.0,0.0,True,84.0,84.0,False,24.0,24.0,False
OSU-NLP-Group/HippoRAG,2024-08,control,5ddedf0f516c7bbed777ba54da680c8bb8fb8f84,3502.0,3.0,0.0,94.0,3.3,9.3,1224.0,737.0,97.0,0,,0,,control,3502.0,3.0,0.0,70.0,3.3,9.3,1224.0,653.0,73.0,both,0.0,0.0,True,0.0,0.0,True,0.0,0.0,True,24.0,24.0,False,0.0,0.0,True,0.0,0.0,True,0.0,0.0,True,84.0,84.0,False,24.0,24.0,False
OSU-NLP-Group/HippoRAG,2024-09,control,5ddedf0f516c7bbed777ba54da680c8bb8fb8f84,3502.0,3.0,0.0,94.0,3.3,9.3,1224.0,737.0,97.0,0,,0,,control,3502.0,3.0,0.0,70.0,3.3,9.3,1224.0,653.0,73.0,both,0.0,0.0,True,0.0,0.0,True,0.0,0.0,True,24.0,24.0,False,0.0,0.0,True,0.0,0.0,True,0.0,0.0,True,84.0,84.0,False,24.0,24.0,False
OSU-NLP-Group/HippoRAG,2024-10,control,5ddedf0f516c7bbed777ba54da680c8bb8fb8f84,3502.0,3.0,0.0,94.0,3.3,9.3,1224.0,737.0,97.0,0,,0,,control,3502.0,3.0,0.0,70.0,3.3,9.3,1224.0,653.0,73.0,both,0.0,0.0,True,0.0,0.0,True,0.0,0.0,True,24.0,24.0,False,0.0,0.0,True,0.0,0.0,True,0.0,0.0,True,84.0,84.0,False,24.0,24.0,False
OSU-NLP-Group/HippoRAG,2024-11,control,5ddedf0f516c7bbed777ba54da680c8bb8fb8f84,3502.0,3.0,0.0,94.0,3.3,9.3,1224.0,737.0,97.0,0,,0,,control,3502.0,3.0,0.0,70.0,3.3,9.3,1224.0,653.0,73.0,both,0.0,0.0,True,0.0,0.0,True,0.0,0.0,True,24.0,24.0,False,0.0,0.0,True,0.0,0.0,True,0.0,0.0,True,84.0,84.0,False,24.0,24.0,False
OSU-NLP-Group/HippoRAG,2024-12,control,5ddedf0f516c7bbed777ba54da680c8bb8fb8f84,3502.0,3.0,0.0,94.0,3.3,9.3,1224.0,737.0,97.0,0,,0,,control,3502.0,3.0,0.0,70.0,3.3,9.3,1224.0,653.0,73.0,both,0.0,0.0,True,0.0,0.0,True,0.0,0.0,True,24.0,24.0,False,0.0,0.0,True,0.0,0.0,True,0.0,0.0,True,84.0,84.0,False,24.0,24.0,False
OSU-NLP-Group/HippoRAG,2025-01,control,b04488d54c4c325dcbdfff6013c7e1ba117874fa,3502.0,3.0,0.0,94.0,3.3,9.3,1224.0,737.0,97.0,0,,0,,control,3502.0,3.0,0.0,70.0,3.3,9.3,1224.0,653.0,73.0,both,0.0,0.0,True,0.0,0.0,True,0.0,0.0,True,24.0,24.0,False,0.0,0.0,True,0.0,0.0,True,0.0,0.0,True,84.0,84.0,False,24.0,24.0,False
OSU-NLP-Group/HippoRAG,2025-02,control,7fd48f3734c664d1ec69be65413b9dde4af44bf3,2789.0,0.0,0.0,82.0,3.5,26.5,483.0,449.0,82.0,0,,0,,control,2789.0,0.0,0.0,62.0,3.5,26.5,483.0,344.0,62.0,both,0.0,0.0,True,0.0,0.0,True,0.0,0.0,True,20.0,20.0,False,0.0,0.0,True,0.0,0.0,True,0.0,0.0,True,105.0,105.0,False,20.0,20.0,False
OSU-NLP-Group/HippoRAG,2025-03,control,e455c5d67f2b3e59b7940382e5556e303cccf55b,2883.0,0.0,0.0,83.0,3.4,26.6,498.0,454.0,83.0,0,,0,,control,2883.0,0.0,0.0,63.0,3.4,26.6,498.0,349.0,63.0,both,0.0,0.0,True,0.0,0.0,True,0.0,0.0,True,20.0,20.0,False,0.0,0.0,True,0.0,0.0,True,0.0,0.0,True,105.0,105.0,False,20.0,20.0,False
OSU-NLP-Group/HippoRAG,2025-04,control,c0a8b6e27f340d7703d83c48c671d2cb5223d712,4062.0,0.0,0.0,117.0,19.5,24.5,713.0,657.0,117.0,0,,0,,control,3991.0,0.0,0.0,83.0,20.0,24.6,679.0,460.0,83.0,both,71.0,71.0,False,0.0,0.0,True,0.0,0.0,True,34.0,34.0,False,-0.5,0.5,False,-0.10000000000000142,0.10000000000000142,False,34.0,34.0,False,197.0,197.0,False,34.0,34.0,False
OSU-NLP-Group/HippoRAG,2025-05,control,19bb2e434f470440f100a1dad0341f15849641e2,4062.0,0.0,0.0,117.0,19.5,24.5,713.0,657.0,117.0,0,,0,,control,4062.0,0.0,0.0,84.0,19.5,24.5,713.0,477.0,84.0,both,0.0,0.0,True,0.0,0.0,True,0.0,0.0,True,33.0,33.0,False,0.0,0.0,True,0.0,0.0,True,0.0,0.0,True,180.0,180.0,False,33.0,33.0,False
OSU-NLP-Group/HippoRAG,2025-06,control,242abfbefa03d6fce7a5c107e10ec24f22945b1f,4274.0,1.0,0.0,120.0,18.7,23.8,733.0,687.0,121.0,0,,0,,control,4274.0,0.0,0.0,86.0,18.7,23.8,733.0,502.0,86.0,both,0.0,0.0,True,1.0,1.0,False,0.0,0.0,True,34.0,34.0,False,0.0,0.0,True,0.0,0.0,True,0.0,0.0,True,185.0,185.0,False,35.0,35.0,False
OSU-NLP-Group/HippoRAG,2025-07,control,5f7ffa7ffaf9ed2d7b963826c61edc356516bdae,4396.0,1.0,0.0,122.0,18.2,23.5,748.0,697.0,123.0,0,,0,,control,4396.0,0.0,0.0,88.0,18.2,23.5,748.0,512.0,88.0,both,0.0,0.0,True,1.0,1.0,False,0.0,0.0,True,34.0,34.0,False,0.0,0.0,True,0.0,0.0,True,0.0,0.0,True,185.0,185.0,False,35.0,35.0,False
OSU-NLP-Group/HippoRAG,2025-08,control,e0452e323bfcf5e2eb755ec45c1a597ec843a578,4703.0,2.0,0.0,134.0,19.2,23.3,775.0,772.0,136.0,0,,0,,control,4703.0,0.0,0.0,95.0,19.2,23.3,775.0,562.0,95.0,both,0.0,0.0,True,2.0,2.0,False,0.0,0.0,True,39.0,39.0,False,0.0,0.0,True,0.0,0.0,True,0.0,0.0,True,210.0,210.0,False,41.0,41.0,False
PennyLaneAI/catalyst,2024-01,control,96a8d1eb8531937461a9449da5af3354a7322675,20376.0,7.0,0.0,147.0,6.2,24.1,1579.0,808.0,154.0,0,,0,,control,20338.0,21.0,0.0,269.0,6.3,24.1,1579.0,1660.0,290.0,both,38.0,38.0,False,-14.0,14.0,False,0.0,0.0,True,-122.0,122.0,False,-0.09999999999999964,0.09999999999999964,False,0.0,0.0,True,0.0,0.0,True,-852.0,852.0,False,-136.0,136.0,False
PennyLaneAI/catalyst,2024-02,control,2689a354b64ab9e15859dc3155414b1e0f28b127,23156.0,7.0,0.0,183.0,5.9,25.1,1699.0,904.0,190.0,0,,0,,control,23118.0,24.0,0.0,319.0,5.9,25.1,1699.0,1813.0,343.0,both,38.0,38.0,False,-17.0,17.0,False,0.0,0.0,True,-136.0,136.0,False,0.0,0.0,True,0.0,0.0,True,0.0,0.0,True,-909.0,909.0,False,-153.0,153.0,False
PennyLaneAI/catalyst,2024-03,control,72698d8120bd691e7c197bb7c852e1228a261db4,24977.0,7.0,0.0,202.0,5.6,25.2,1890.0,969.0,209.0,0,,0,,control,24939.0,24.0,0.0,339.0,5.6,25.2,1890.0,1883.0,363.0,both,38.0,38.0,False,-17.0,17.0,False,0.0,0.0,True,-137.0,137.0,False,0.0,0.0,True,0.0,0.0,True,0.0,0.0,True,-914.0,914.0,False,-154.0,154.0,False
PennyLaneAI/catalyst,2024-04,control,bd4766f85314aa110a202991d38338ac969fc846,25727.0,7.0,0.0,205.0,5.5,25.8,1983.0,980.0,212.0,0,,0,,control,25689.0,24.0,0.0,346.0,5.5,25.8,1983.0,1898.0,370.0,both,38.0,38.0,False,-17.0,17.0,False,0.0,0.0,True,-141.0,141.0,False,0.0,0.0,True,0.0,0.0,True,0.0,0.0,True,-918.0,918.0,False,-158.0,158.0,False
PennyLaneAI/catalyst,2024-05,control,de712cfd803d1a535a009a4a7edb38c898c7aa54,26793.0,7.0,0.0,204.0,5.0,26.5,2013.0,961.0,211.0,0,,0,,control,26755.0,33.0,0.0,346.0,5.0,26.5,2013.0,1904.0,379.0,both,38.0,38.0,False,-26.0,26.0,False,0.0,0.0,True,-142.0,142.0,False,0.0,0.0,True,0.0,0.0,True,0.0,0.0,True,-943.0,943.0,False,-168.0,168.0,False
PennyLaneAI/catalyst,2024-06,control,48948061e2d6a9d4ef1fbceb9f0503d2848958fd,32407.0,7.0,0.0,224.0,4.6,25.0,2430.0,1098.0,231.0,0,,0,,control,32369.0,33.0,0.0,414.0,4.6,25.0,2430.0,2203.0,447.0,both,38.0,38.0,False,-26.0,26.0,False,0.0,0.0,True,-190.0,190.0,False,0.0,0.0,True,0.0,0.0,True,0.0,0.0,True,-1105.0,1105.0,False,-216.0,216.0,False
PennyLaneAI/catalyst,2024-07,control,9f8c66353f0240787a394ac725e7ffd239f5a448,34150.0,9.0,0.0,264.0,4.4,25.1,2597.0,1405.0,273.0,0,,0,,control,34112.0,37.0,0.0,459.0,4.4,25.1,2597.0,2522.0,496.0,both,38.0,38.0,False,-28.0,28.0,False,0.0,0.0,True,-195.0,195.0,False,0.0,0.0,True,0.0,0.0,True,0.0,0.0,True,-1117.0,1117.0,False,-223.0,223.0,False
PennyLaneAI/catalyst,2024-08,control,00e67fd1a70931be2b7175bd200269561d6ec6f7,36262.0,9.0,0.0,269.0,4.3,25.5,2720.0,1439.0,278.0,0,,0,,control,36224.0,39.0,0.0,485.0,4.3,25.5,2720.0,2724.0,524.0,both,38.0,38.0,False,-30.0,30.0,False,0.0,0.0,True,-216.0,216.0,False,0.0,0.0,True,0.0,0.0,True,0.0,0.0,True,-1285.0,1285.0,False,-246.0,246.0,False
PennyLaneAI/catalyst,2024-09,control,50635c76e940677a89e4055307c9eb1083a36600,37987.0,9.0,0.0,279.0,4.6,26.1,2881.0,1498.0,288.0,0,,0,,control,37949.0,40.0,0.0,590.0,4.6,26.1,2881.0,2974.0,630.0,both,38.0,38.0,False,-31.0,31.0,False,0.0,0.0,True,-311.0,311.0,False,0.0,0.0,True,0.0,0.0,True,0.0,0.0,True,-1476.0,1476.0,False,-342.0,342.0,False
PennyLaneAI/catalyst,2024-10,control,0e1c24d7ef626f18800978df9cd34e5177da042d,38438.0,9.0,0.0,284.0,4.6,26.4,2929.0,1518.0,293.0,0,,0,,control,38400.0,40.0,0.0,593.0,4.6,26.4,2929.0,2989.0,633.0,both,38.0,38.0,False,-31.0,31.0,False,0.0,0.0,True,-309.0,309.0,False,0.0,0.0,True,0.0,0.0,True,0.0,0.0,True,-1471.0,1471.0,False,-340.0,340.0,False
PennyLaneAI/catalyst,2024-11,control,61c06b1ba294325392f65f93ab7b9292e9fe1800,39054.0,9.0,0.0,277.0,4.4,26.3,2895.0,1459.0,286.0,0,,0,,control,39016.0,45.0,0.0,592.0,4.4,26.3,2895.0,2940.0,637.0,both,38.0,38.0,False,-36.0,36.0,False,0.0,0.0,True,-315.0,315.0,False,0.0,0.0,True,0.0,0.0,True,0.0,0.0,True,-1481.0,1481.0,False,-351.0,351.0,False
PennyLaneAI/catalyst,2024-12,control,4ab437d35491088597bb6f2e4261bab3c3cedc2b,40016.0,9.0,0.0,297.0,4.4,26.5,2990.0,1576.0,306.0,0,,0,,control,40016.0,45.0,0.0,619.0,4.4,26.5,2990.0,3035.0,664.0,both,0.0,0.0,True,-36.0,36.0,False,0.0,0.0,True,-322.0,322.0,False,0.0,0.0,True,0.0,0.0,True,0.0,0.0,True,-1459.0,1459.0,False,-358.0,358.0,False
PennyLaneAI/catalyst,2025-01,control,d7391b2a18820e80af59095204f668f1758e2278,39677.0,9.0,0.0,275.0,4.4,26.7,2932.0,1465.0,284.0,0,,0,,control,39677.0,45.0,0.0,597.0,4.4,26.7,2932.0,2972.0,642.0,both,0.0,0.0,True,-36.0,36.0,False,0.0,0.0,True,-322.0,322.0,False,0.0,0.0,True,0.0,0.0,True,0.0,0.0,True,-1507.0,1507.0,False,-358.0,358.0,False
PennyLaneAI/catalyst,2025-02,control,f4f4105451484b80b4fb3f71dc41ff395c188cce,40151.0,9.0,0.0,278.0,4.5,26.7,2949.0,1480.0,287.0,0,,0,,control,40151.0,45.0,0.0,600.0,4.5,26.7,2949.0,3018.0,645.0,both,0.0,0.0,True,-36.0,36.0,False,0.0,0.0,True,-322.0,322.0,False,0.0,0.0,True,0.0,0.0,True,0.0,0.0,True,-1538.0,1538.0,False,-358.0,358.0,False
PennyLaneAI/catalyst,2025-03,control,d5329df09ed618392f858c17160e1d7833a2588c,41010.0,9.0,0.0,283.0,4.4,26.9,3019.0,1498.0,292.0,0,,0,,control,41010.0,45.0,0.0,610.0,4.4,26.9,3019.0,3046.0,655.0,both,0.0,0.0,True,-36.0,36.0,False,0.0,0.0,True,-327.0,327.0,False,0.0,0.0,True,0.0,0.0,True,0.0,0.0,True,-1548.0,1548.0,False,-363.0,363.0,False
PennyLaneAI/catalyst,2025-04,control,6b142ed845381abc56f14054aa2abaec7e34b6c7,42074.0,9.0,0.0,287.0,4.2,26.9,3143.0,1544.0,296.0,0,,0,,control,42048.0,45.0,0.0,623.0,4.2,26.9,3139.0,3116.0,668.0,both,26.0,26.0,False,-36.0,36.0,False,0.0,0.0,True,-336.0,336.0,False,0.0,0.0,True,0.0,0.0,True,4.0,4.0,False,-1572.0,1572.0,False,-372.0,372.0,False
PennyLaneAI/catalyst,2025-05,control,06db0834814629bbac4bea9188101898cc4b0a91,43141.0,9.0,0.0,288.0,4.2,27.3,3177.0,1561.0,297.0,0,,0,,control,43141.0,45.0,0.0,631.0,4.2,27.3,3177.0,3162.0,676.0,both,0.0,0.0,True,-36.0,36.0,False,0.0,0.0,True,-343.0,343.0,False,0.0,0.0,True,0.0,0.0,True,0.0,0.0,True,-1601.0,1601.0,False,-379.0,379.0,False
PennyLaneAI/catalyst,2025-06,control,f43af48a983a734ca863a04362b99176d506bcb8,44274.0,9.0,0.0,295.0,4.1,27.8,3232.0,1614.0,304.0,0,,0,,control,44274.0,47.0,0.0,656.0,4.1,27.8,3232.0,3381.0,703.0,both,0.0,0.0,True,-38.0,38.0,False,0.0,0.0,True,-361.0,361.0,False,0.0,0.0,True,0.0,0.0,True,0.0,0.0,True,-1767.0,1767.0,False,-399.0,399.0,False
PennyLaneAI/catalyst,2025-07,control,4f4b01a142d5224279c4d0fcd6b944fcc80b343b,45560.0,9.0,0.0,293.0,4.0,27.9,3330.0,1612.0,302.0,0,,0,,control,45560.0,47.0,0.0,655.0,4.0,27.9,3330.0,3398.0,702.0,both,0.0,0.0,True,-38.0,38.0,False,0.0,0.0,True,-362.0,362.0,False,0.0,0.0,True,0.0,0.0,True,0.0,0.0,True,-1786.0,1786.0,False,-400.0,400.0,False
PennyLaneAI/catalyst,2025-08,control,0150699ff9adda89142bf65e2600619d61f6d55a,46368.0,9.0,0.0,291.0,3.9,27.8,3457.0,1599.0,300.0,0,,0,,control,46368.0,50.0,0.0,665.0,3.9,27.8,3457.0,3447.0,715.0,both,0.0,0.0,True,-41.0,41.0,False,0.0,0.0,True,-374.0,374.0,False,0.0,0.0,True,0.0,0.0,True,0.0,0.0,True,-1848.0,1848.0,False,-415.0,415.0,False
PhilNad/robot-arm-kinematic-calibration,2024-07,control,671867f97e17625062bf0eab24d1381369e59ea7,374.0,0.0,0.0,12.0,0.0,45.5,63.0,41.0,12.0,0,,0,,control,374.0,0.0,0.0,12.0,0.0,45.5,63.0,41.0,12.0,both,0.0,0.0,True,0.0,0.0,True,0.0,0.0,True,0.0,0.0,True,0.0,0.0,True,0.0,0.0,True,0.0,0.0,True,0.0,0.0,True,0.0,0.0,True
PhilNad/robot-arm-kinematic-calibration,2024-08,control,6e0292a27caedfd3a205502115d243868fafc00d,386.0,0.0,0.0,14.0,0.0,46.1,63.0,45.0,14.0,0,,0,,control,386.0,0.0,0.0,14.0,0.0,46.1,63.0,45.0,14.0,both,0.0,0.0,True,0.0,0.0,True,0.0,0.0,True,0.0,0.0,True,0.0,0.0,True,0.0,0.0,True,0.0,0.0,True,0.0,0.0,True,0.0,0.0,True
PhilNad/robot-arm-kinematic-calibration,2024-09,control,6e0292a27caedfd3a205502115d243868fafc00d,386.0,0.0,0.0,14.0,0.0,46.1,63.0,45.0,14.0,0,,0,,control,386.0,0.0,0.0,14.0,0.0,46.1,63.0,45.0,14.0,both,0.0,0.0,True,0.0,0.0,True,0.0,0.0,True,0.0,0.0,True,0.0,0.0,True,0.0,0.0,True,0.0,0.0,True,0.0,0.0,True,0.0,0.0,True
PhilNad/robot-arm-kinematic-calibration,2024-10,control,6e0292a27caedfd3a205502115d243868fafc00d,386.0,0.0,0.0,14.0,0.0,46.1,63.0,45.0,14.0,0,,0,,control,386.0,0.0,0.0,14.0,0.0,46.1,63.0,45.0,14.0,both,0.0,0.0,True,0.0,0.0,True,0.0,0.0,True,0.0,0.0,True,0.0,0.0,True,0.0,0.0,True,0.0,0.0,True,0.0,0.0,True,0.0,0.0,True
PhilNad/robot-arm-kinematic-calibration,2024-11,control,6e0292a27caedfd3a205502115d243868fafc00d,386.0,0.0,0.0,14.0,0.0,46.1,63.0,45.0,14.0,0,,0,,control,386.0,0.0,0.0,14.0,0.0,46.1,63.0,45.0,14.0,both,0.0,0.0,True,0.0,0.0,True,0.0,0.0,True,0.0,0.0,True,0.0,0.0,True,0.0,0.0,True,0.0,0.0,True,0.0,0.0,True,0.0,0.0,True
PhilNad/robot-arm-kinematic-calibration,2024-12,control,6e0292a27caedfd3a205502115d243868fafc00d,386.0,0.0,0.0,14.0,0.0,46.1,63.0,45.0,14.0,0,,0,,control,386.0,0.0,0.0,14.0,0.0,46.1,63.0,45.0,14.0,both,0.0,0.0,True,0.0,0.0,True,0.0,0.0,True,0.0,0.0,True,0.0,0.0,True,0.0,0.0,True,0.0,0.0,True,0.0,0.0,True,0.0,0.0,True
PhilNad/robot-arm-kinematic-calibration,2025-01,control,2ff9410285bb9cc5ae3fb2f4bfa716df4714ef82,384.0,0.0,0.0,14.0,0.0,46.2,63.0,45.0,14.0,0,,0,,control,384.0,0.0,0.0,14.0,0.0,46.2,63.0,45.0,14.0,both,0.0,0.0,True,0.0,0.0,True,0.0,0.0,True,0.0,0.0,True,0.0,0.0,True,0.0,0.0,True,0.0,0.0,True,0.0,0.0,True,0.0,0.0,True
PhilNad/robot-arm-kinematic-calibration,2025-02,control,2ff9410285bb9cc5ae3fb2f4bfa716df4714ef82,384.0,0.0,0.0,14.0,0.0,46.2,63.0,45.0,14.0,0,,0,,control,384.0,0.0,0.0,14.0,0.0,46.2,63.0,45.0,14.0,both,0.0,0.0,True,0.0,0.0,True,0.0,0.0,True,0.0,0.0,True,0.0,0.0,True,0.0,0.0,True,0.0,0.0,True,0.0,0.0,True,0.0,0.0,True
PhilNad/robot-arm-kinematic-calibration,2025-03,control,0f26b06be69ce3d41d97d259aef577831d7fc741,567.0,0.0,0.0,39.0,2.5,42.4,116.0,160.0,39.0,0,,0,,control,567.0,0.0,0.0,36.0,2.5,42.4,116.0,154.0,36.0,both,0.0,0.0,True,0.0,0.0,True,0.0,0.0,True,3.0,3.0,False,0.0,0.0,True,0.0,0.0,True,0.0,0.0,True,6.0,6.0,False,3.0,3.0,False
PhilNad/robot-arm-kinematic-calibration,2025-04,control,0f26b06be69ce3d41d97d259aef577831d7fc741,567.0,0.0,0.0,39.0,2.5,42.4,116.0,160.0,39.0,,,,,,,,,,,,,,,left_only,,,False,,,False,,,False,,,False,,,False,,,False,,,False,,,False,,,False
PhilNad/robot-arm-kinematic-calibration,2025-05,control,0f26b06be69ce3d41d97d259aef577831d7fc741,567.0,0.0,0.0,39.0,2.5,42.4,116.0,160.0,39.0,,,,,,,,,,,,,,,left_only,,,False,,,False,,,False,,,False,,,False,,,False,,,False,,,False,,,False
PhilNad/robot-arm-kinematic-calibration,2025-06,control,0f26b06be69ce3d41d97d259aef577831d7fc741,567.0,0.0,0.0,39.0,2.5,42.4,116.0,160.0,39.0,,,,,,,,,,,,,,,left_only,,,False,,,False,,,False,,,False,,,False,,,False,,,False,,,False,,,False
PhilNad/robot-arm-kinematic-calibration,2025-07,control,0f26b06be69ce3d41d97d259aef577831d7fc741,567.0,0.0,0.0,39.0,2.5,42.4,116.0,160.0,39.0,,,,,,,,,,,,,,,left_only,,,False,,,False,,,False,,,False,,,False,,,False,,,False,,,False,,,False
PhilNad/robot-arm-kinematic-calibration,2025-08,control,0f26b06be69ce3d41d97d259aef577831d7fc741,567.0,0.0,0.0,39.0,2.5,42.4,116.0,160.0,39.0,,,,,,,,,,,,,,,left_only,,,False,,,False,,,False,,,False,,,False,,,False,,,False,,,False,,,False
PiotrMachowski/Home-Assistant-custom-components-TGE,2024-08,control,b41e7abb05f44358d79a837ad75bd52c5111cf30,472.0,0.0,0.0,8.0,0.0,1.9,28.0,24.0,8.0,0,,0,,control,472.0,0.0,0.0,4.0,0.0,1.9,28.0,4.0,4.0,both,0.0,0.0,True,0.0,0.0,True,0.0,0.0,True,4.0,4.0,False,0.0,0.0,True,0.0,0.0,True,0.0,0.0,True,20.0,20.0,False,4.0,4.0,False
PiotrMachowski/Home-Assistant-custom-components-TGE,2024-09,control,b41e7abb05f44358d79a837ad75bd52c5111cf30,472.0,0.0,0.0,8.0,0.0,1.9,28.0,24.0,8.0,0,,0,,control,472.0,0.0,0.0,4.0,0.0,1.9,28.0,4.0,4.0,both,0.0,0.0,True,0.0,0.0,True,0.0,0.0,True,4.0,4.0,False,0.0,0.0,True,0.0,0.0,True,0.0,0.0,True,20.0,20.0,False,4.0,4.0,False
PiotrMachowski/Home-Assistant-custom-components-TGE,2024-10,control,491258091d67efcaabb8a07b243761d431720f19,611.0,0.0,0.0,10.0,0.0,1.6,47.0,34.0,10.0,0,,0,,control,611.0,0.0,0.0,5.0,0.0,1.6,47.0,9.0,5.0,both,0.0,0.0,True,0.0,0.0,True,0.0,0.0,True,5.0,5.0,False,0.0,0.0,True,0.0,0.0,True,0.0,0.0,True,25.0,25.0,False,5.0,5.0,False
PiotrMachowski/Home-Assistant-custom-components-TGE,2024-11,control,d4c725c5d719a446ed11b0ad1e33a6776980aa68,619.0,0.0,0.0,10.0,0.0,1.6,50.0,34.0,10.0,0,,0,,control,619.0,0.0,0.0,5.0,0.0,1.6,50.0,9.0,5.0,both,0.0,0.0,True,0.0,0.0,True,0.0,0.0,True,5.0,5.0,False,0.0,0.0,True,0.0,0.0,True,0.0,0.0,True,25.0,25.0,False,5.0,5.0,False
PiotrMachowski/Home-Assistant-custom-components-TGE,2024-12,control,406613917b744b0432f8fdaa6e366e1861e7b973,619.0,0.0,0.0,10.0,0.0,1.6,50.0,34.0,10.0,0,,0,,control,619.0,0.0,0.0,5.0,0.0,1.6,50.0,9.0,5.0,both,0.0,0.0,True,0.0,0.0,True,0.0,0.0,True,5.0,5.0,False,0.0,0.0,True,0.0,0.0,True,0.0,0.0,True,25.0,25.0,False,5.0,5.0,False
PiotrMachowski/Home-Assistant-custom-components-TGE,2025-01,control,113a30a33770fc1166a276de61a9dd6d08fcebb2,633.0,0.0,0.0,11.0,0.0,1.6,52.0,35.0,11.0,0,,0,,control,633.0,0.0,0.0,6.0,0.0,1.6,52.0,10.0,6.0,both,0.0,0.0,True,0.0,0.0,True,0.0,0.0,True,5.0,5.0,False,0.0,0.0,True,0.0,0.0,True,0.0,0.0,True,25.0,25.0,False,5.0,5.0,False
PiotrMachowski/Home-Assistant-custom-components-TGE,2025-02,control,113a30a33770fc1166a276de61a9dd6d08fcebb2,633.0,0.0,0.0,11.0,0.0,1.6,52.0,35.0,11.0,0,,0,,control,633.0,0.0,0.0,6.0,0.0,1.6,52.0,10.0,6.0,both,0.0,0.0,True,0.0,0.0,True,0.0,0.0,True,5.0,5.0,False,0.0,0.0,True,0.0,0.0,True,0.0,0.0,True,25.0,25.0,False,5.0,5.0,False
PiotrMachowski/Home-Assistant-custom-components-TGE,2025-03,control,113a30a33770fc1166a276de61a9dd6d08fcebb2,633.0,0.0,0.0,11.0,0.0,1.6,52.0,35.0,11.0,0,,0,,control,633.0,0.0,0.0,6.0,0.0,1.6,52.0,10.0,6.0,both,0.0,0.0,True,0.0,0.0,True,0.0,0.0,True,5.0,5.0,False,0.0,0.0,True,0.0,0.0,True,0.0,0.0,True,25.0,25.0,False,5.0,5.0,False
PiotrMachowski/Home-Assistant-custom-components-TGE,2025-04,control,2f4f5562fdac037052a12d34976b1b2bcf691a6f,633.0,0.0,0.0,11.0,0.0,1.6,52.0,35.0,11.0,0,,0,,control,633.0,0.0,0.0,6.0,0.0,1.6,52.0,10.0,6.0,both,0.0,0.0,True,0.0,0.0,True,0.0,0.0,True,5.0,5.0,False,0.0,0.0,True,0.0,0.0,True,0.0,0.0,True,25.0,25.0,False,5.0,5.0,False
PiotrMachowski/Home-Assistant-custom-components-TGE,2025-05,control,2f4f5562fdac037052a12d34976b1b2bcf691a6f,633.0,0.0,0.0,11.0,0.0,1.6,52.0,35.0,11.0,0,,0,,control,633.0,0.0,0.0,6.0,0.0,1.6,52.0,10.0,6.0,both,0.0,0.0,True,0.0,0.0,True,0.0,0.0,True,5.0,5.0,False,0.0,0.0,True,0.0,0.0,True,0.0,0.0,True,25.0,25.0,False,5.0,5.0,False
PiotrMachowski/Home-Assistant-custom-components-TGE,2025-06,control,2f4f5562fdac037052a12d34976b1b2bcf691a6f,633.0,0.0,0.0,11.0,0.0,1.6,52.0,35.0,11.0,0,,0,,control,633.0,0.0,0.0,6.0,0.0,1.6,52.0,10.0,6.0,both,0.0,0.0,True,0.0,0.0,True,0.0,0.0,True,5.0,5.0,False,0.0,0.0,True,0.0,0.0,True,0.0,0.0,True,25.0,25.0,False,5.0,5.0,False
PiotrMachowski/Home-Assistant-custom-components-TGE,2025-07,control,2f4f5562fdac037052a12d34976b1b2bcf691a6f,633.0,0.0,0.0,11.0,0.0,1.6,52.0,35.0,11.0,0,,0,,control,633.0,0.0,0.0,6.0,0.0,1.6,52.0,10.0,6.0,both,0.0,0.0,True,0.0,0.0,True,0.0,0.0,True,5.0,5.0,False,0.0,0.0,True,0.0,0.0,True,0.0,0.0,True,25.0,25.0,False,5.0,5.0,False
PiotrMachowski/Home-Assistant-custom-components-TGE,2025-08,control,b6b8f353c03bd5af9d5de6b9c78f1285a8767f45,644.0,0.0,0.0,13.0,0.0,1.5,53.0,45.0,13.0,0,,0,,control,644.0,0.0,0.0,6.0,0.0,1.5,53.0,10.0,6.0,both,0.0,0.0,True,0.0,0.0,True,0.0,0.0,True,7.0,7.0,False,0.0,0.0,True,0.0,0.0,True,0.0,0.0,True,35.0,35.0,False,7.0,7.0,False
PromtEngineer/localGPT,2024-01,control,1fca83aff1ebdc1ecb1fd057c7466753a7737bc6,46140.0,3.0,1.0,158.0,0.0,2.1,792.0,657.0,162.0,0,,0,,control,41654.0,0.0,1.0,81.0,0.0,2.3,792.0,376.0,82.0,both,4486.0,4486.0,False,3.0,3.0,False,0.0,0.0,True,77.0,77.0,False,0.0,0.0,True,-0.19999999999999973,0.19999999999999973,False,0.0,0.0,True,281.0,281.0,False,80.0,80.0,False
PromtEngineer/localGPT,2024-02,control,e997a8a09545b655990dea641b548aeac9abcca5,46162.0,3.0,2.0,144.0,0.0,2.2,795.0,591.0,149.0,0,,0,,control,41676.0,0.0,1.0,86.0,0.0,2.5,795.0,405.0,87.0,both,4486.0,4486.0,False,3.0,3.0,False,1.0,1.0,False,58.0,58.0,False,0.0,0.0,True,-0.2999999999999998,0.2999999999999998,False,0.0,0.0,True,186.0,186.0,False,62.0,62.0,False
PromtEngineer/localGPT,2024-03,control,e997a8a09545b655990dea641b548aeac9abcca5,46162.0,3.0,2.0,144.0,0.0,2.2,795.0,591.0,149.0,0,,0,,control,41676.0,0.0,1.0,86.0,0.0,2.5,795.0,405.0,87.0,both,4486.0,4486.0,False,3.0,3.0,False,1.0,1.0,False,58.0,58.0,False,0.0,0.0,True,-0.2999999999999998,0.2999999999999998,False,0.0,0.0,True,186.0,186.0,False,62.0,62.0,False
PromtEngineer/localGPT,2024-04,control,e997a8a09545b655990dea641b548aeac9abcca5,46162.0,3.0,2.0,144.0,0.0,2.2,795.0,591.0,149.0,0,,0,,control,41676.0,0.0,1.0,86.0,0.0,2.5,795.0,405.0,87.0,both,4486.0,4486.0,False,3.0,3.0,False,1.0,1.0,False,58.0,58.0,False,0.0,0.0,True,-0.2999999999999998,0.2999999999999998,False,0.0,0.0,True,186.0,186.0,False,62.0,62.0,False
PromtEngineer/localGPT,2024-05,control,a1dea3becb8b1ae28a87369b1636c4c4a4501c27,46183.0,3.0,2.0,148.0,0.0,2.2,799.0,612.0,153.0,0,,0,,control,41697.0,0.0,1.0,90.0,0.0,2.5,799.0,426.0,91.0,both,4486.0,4486.0,False,3.0,3.0,False,1.0,1.0,False,58.0,58.0,False,0.0,0.0,True,-0.2999999999999998,0.2999999999999998,False,0.0,0.0,True,186.0,186.0,False,62.0,62.0,False
PromtEngineer/localGPT,2024-06,control,a1dea3becb8b1ae28a87369b1636c4c4a4501c27,46183.0,3.0,2.0,148.0,0.0,2.2,799.0,612.0,153.0,0,,0,,control,41697.0,0.0,1.0,90.0,0.0,2.5,799.0,426.0,91.0,both,4486.0,4486.0,False,3.0,3.0,False,1.0,1.0,False,58.0,58.0,False,0.0,0.0,True,-0.2999999999999998,0.2999999999999998,False,0.0,0.0,True,186.0,186.0,False,62.0,62.0,False
PromtEngineer/localGPT,2024-07,control,a1dea3becb8b1ae28a87369b1636c4c4a4501c27,46183.0,3.0,2.0,148.0,0.0,2.2,799.0,612.0,153.0,0,,0,,control,41697.0,0.0,1.0,90.0,0.0,2.5,799.0,426.0,91.0,both,4486.0,4486.0,False,3.0,3.0,False,1.0,1.0,False,58.0,58.0,False,0.0,0.0,True,-0.2999999999999998,0.2999999999999998,False,0.0,0.0,True,186.0,186.0,False,62.0,62.0,False
PromtEngineer/localGPT,2024-08,control,b4322d4805a4712033021fa2eb64c296f2c94220,46183.0,3.0,2.0,148.0,0.0,2.2,799.0,612.0,153.0,0,,0,,control,41697.0,0.0,1.0,90.0,0.0,2.5,799.0,426.0,91.0,both,4486.0,4486.0,False,3.0,3.0,False,1.0,1.0,False,58.0,58.0,False,0.0,0.0,True,-0.2999999999999998,0.2999999999999998,False,0.0,0.0,True,186.0,186.0,False,62.0,62.0,False
PromtEngineer/localGPT,2024-09,control,b654a59976053b5cbb55cdc5de26058309007f3f,46183.0,3.0,2.0,148.0,0.0,2.2,799.0,612.0,153.0,0,,0,,control,41697.0,0.0,1.0,90.0,0.0,2.5,799.0,426.0,91.0,both,4486.0,4486.0,False,3.0,3.0,False,1.0,1.0,False,58.0,58.0,False,0.0,0.0,True,-0.2999999999999998,0.2999999999999998,False,0.0,0.0,True,186.0,186.0,False,62.0,62.0,False
PromtEngineer/localGPT,2024-10,control,c3620d972b020cafc5fef0604566577d75894d00,46375.0,3.0,2.0,151.0,0.0,2.3,826.0,627.0,156.0,0,,0,,control,41851.0,0.0,1.0,91.0,0.0,2.6,826.0,431.0,92.0,both,4524.0,4524.0,False,3.0,3.0,False,1.0,1.0,False,60.0,60.0,False,0.0,0.0,True,-0.30000000000000027,0.30000000000000027,False,0.0,0.0,True,196.0,196.0,False,64.0,64.0,False
PromtEngineer/localGPT,2024-11,control,732c57d32698901b1d64ee120b98aa2de5e2536b,46375.0,3.0,2.0,151.0,0.0,2.3,826.0,627.0,156.0,0,,0,,control,41851.0,0.0,1.0,91.0,0.0,2.6,826.0,431.0,92.0,both,4524.0,4524.0,False,3.0,3.0,False,1.0,1.0,False,60.0,60.0,False,0.0,0.0,True,-0.30000000000000027,0.30000000000000027,False,0.0,0.0,True,196.0,196.0,False,64.0,64.0,False
PromtEngineer/localGPT,2024-12,control,732c57d32698901b1d64ee120b98aa2de5e2536b,46375.0,3.0,2.0,151.0,0.0,2.3,826.0,627.0,156.0,0,,0,,control,41851.0,0.0,1.0,91.0,0.0,2.6,826.0,431.0,92.0,both,4524.0,4524.0,False,3.0,3.0,False,1.0,1.0,False,60.0,60.0,False,0.0,0.0,True,-0.30000000000000027,0.30000000000000027,False,0.0,0.0,True,196.0,196.0,False,64.0,64.0,False
PromtEngineer/localGPT,2025-01,control,732c57d32698901b1d64ee120b98aa2de5e2536b,46375.0,3.0,2.0,151.0,0.0,2.3,826.0,627.0,156.0,0,,0,,control,41851.0,0.0,1.0,91.0,0.0,2.6,826.0,431.0,92.0,both,4524.0,4524.0,False,3.0,3.0,False,1.0,1.0,False,60.0,60.0,False,0.0,0.0,True,-0.30000000000000027,0.30000000000000027,False,0.0,0.0,True,196.0,196.0,False,64.0,64.0,False
PromtEngineer/localGPT,2025-02,control,deb7369fc37e4315d76735cafe7ddd0a509e1432,46375.0,3.0,2.0,151.0,0.0,2.3,826.0,627.0,156.0,0,,0,,control,41851.0,0.0,1.0,91.0,0.0,2.6,826.0,431.0,92.0,both,4524.0,4524.0,False,3.0,3.0,False,1.0,1.0,False,60.0,60.0,False,0.0,0.0,True,-0.30000000000000027,0.30000000000000027,False,0.0,0.0,True,196.0,196.0,False,64.0,64.0,False
PromtEngineer/localGPT,2025-03,control,4e0d9e75e9340fbd9d8f7d75cfdb7c5c9fbb0df4,46375.0,3.0,2.0,151.0,0.0,2.3,826.0,627.0,156.0,0,,0,,control,41851.0,0.0,1.0,91.0,0.0,2.6,826.0,431.0,92.0,both,4524.0,4524.0,False,3.0,3.0,False,1.0,1.0,False,60.0,60.0,False,0.0,0.0,True,-0.30000000000000027,0.30000000000000027,False,0.0,0.0,True,196.0,196.0,False,64.0,64.0,False
PromtEngineer/localGPT,2025-04,control,4e0d9e75e9340fbd9d8f7d75cfdb7c5c9fbb0df4,46375.0,3.0,2.0,151.0,0.0,2.3,826.0,627.0,156.0,0,,0,,control,41851.0,0.0,1.0,91.0,0.0,2.6,826.0,431.0,92.0,both,4524.0,4524.0,False,3.0,3.0,False,1.0,1.0,False,60.0,60.0,False,0.0,0.0,True,-0.30000000000000027,0.30000000000000027,False,0.0,0.0,True,196.0,196.0,False,64.0,64.0,False
PromtEngineer/localGPT,2025-05,control,4e0d9e75e9340fbd9d8f7d75cfdb7c5c9fbb0df4,46375.0,3.0,2.0,151.0,0.0,2.3,826.0,627.0,156.0,0,,0,,control,41851.0,0.0,1.0,91.0,0.0,2.6,826.0,431.0,92.0,both,4524.0,4524.0,False,3.0,3.0,False,1.0,1.0,False,60.0,60.0,False,0.0,0.0,True,-0.30000000000000027,0.30000000000000027,False,0.0,0.0,True,196.0,196.0,False,64.0,64.0,False
PromtEngineer/localGPT,2025-06,control,4e0d9e75e9340fbd9d8f7d75cfdb7c5c9fbb0df4,46375.0,3.0,2.0,151.0,0.0,2.3,826.0,627.0,156.0,0,,0,,control,41851.0,0.0,1.0,91.0,0.0,2.6,826.0,431.0,92.0,both,4524.0,4524.0,False,3.0,3.0,False,1.0,1.0,False,60.0,60.0,False,0.0,0.0,True,-0.30000000000000027,0.30000000000000027,False,0.0,0.0,True,196.0,196.0,False,64.0,64.0,False
PromtEngineer/localGPT,2025-07,control,47e59d29fc39b495aa7c5db0bc7b24a2d50eac31,12420.0,2.0,0.0,215.0,3.7,11.6,2731.0,1726.0,217.0,0,,0,,control,12420.0,4.0,0.0,198.0,3.7,11.6,2731.0,1674.0,202.0,both,0.0,0.0,True,-2.0,2.0,False,0.0,0.0,True,17.0,17.0,False,0.0,0.0,True,0.0,0.0,True,0.0,0.0,True,52.0,52.0,False,15.0,15.0,False
PromtEngineer/localGPT,2025-08,control,47e59d29fc39b495aa7c5db0bc7b24a2d50eac31,12420.0,2.0,0.0,215.0,3.7,11.6,2731.0,1726.0,217.0,,,,,,,,,,,,,,,left_only,,,False,,,False,,,False,,,False,,,False,,,False,,,False,,,False,,,False
R0uter/ss.conf-for-surge,2024-01,control,1b34dbb5be92aeec104591dad35623b17f715ef1,231.0,0.0,0.0,15.0,0.0,6.5,32.0,73.0,15.0,0,,0,,control,,,,,,,,,,both,,,False,,,False,,,False,,,False,,,False,,,False,,,False,,,False,,,False
R0uter/ss.conf-for-surge,2024-02,control,1b34dbb5be92aeec104591dad35623b17f715ef1,231.0,0.0,0.0,15.0,0.0,6.5,32.0,73.0,15.0,0,,0,,control,,,,,,,,,,both,,,False,,,False,,,False,,,False,,,False,,,False,,,False,,,False,,,False
R0uter/ss.conf-for-surge,2024-03,control,1b34dbb5be92aeec104591dad35623b17f715ef1,231.0,0.0,0.0,15.0,0.0,6.5,32.0,73.0,15.0,0,,0,,control,,,,,,,,,,both,,,False,,,False,,,False,,,False,,,False,,,False,,,False,,,False,,,False
R0uter/ss.conf-for-surge,2024-04,control,1b34dbb5be92aeec104591dad35623b17f715ef1,231.0,0.0,0.0,15.0,0.0,6.5,32.0,73.0,15.0,0,,0,,control,,,,,,,,,,both,,,False,,,False,,,False,,,False,,,False,,,False,,,False,,,False,,,False
R0uter/ss.conf-for-surge,2024-05,control,1b34dbb5be92aeec104591dad35623b17f715ef1,231.0,0.0,0.0,15.0,0.0,6.5,32.0,73.0,15.0,0,,0,,control,,,,,,,,,,both,,,False,,,False,,,False,,,False,,,False,,,False,,,False,,,False,,,False
R0uter/ss.conf-for-surge,2024-06,control,1b34dbb5be92aeec104591dad35623b17f715ef1,231.0,0.0,0.0,15.0,0.0,6.5,32.0,73.0,15.0,0,,0,,control,,,,,,,,,,both,,,False,,,False,,,False,,,False,,,False,,,False,,,False,,,False,,,False
R0uter/ss.conf-for-surge,2024-07,control,d9469ef5b524d25b6a93c130fad76a5f721b8656,231.0,0.0,0.0,13.0,0.0,6.5,29.0,63.0,13.0,0,,0,,control,231.0,0.0,0.0,13.0,0.0,6.5,29.0,63.0,13.0,both,0.0,0.0,True,0.0,0.0,True,0.0,0.0,True,0.0,0.0,True,0.0,0.0,True,0.0,0.0,True,0.0,0.0,True,0.0,0.0,True,0.0,0.0,True
R0uter/ss.conf-for-surge,2024-08,control,d9469ef5b524d25b6a93c130fad76a5f721b8656,231.0,0.0,0.0,13.0,0.0,6.5,29.0,63.0,13.0,,,,,,,,,,,,,,,left_only,,,False,,,False,,,False,,,False,,,False,,,False,,,False,,,False,,,False
R0uter/ss.conf-for-surge,2024-09,control,d9469ef5b524d25b6a93c130fad76a5f721b8656,231.0,0.0,0.0,13.0,0.0,6.5,29.0,63.0,13.0,,,,,,,,,,,,,,,left_only,,,False,,,False,,,False,,,False,,,False,,,False,,,False,,,False,,,False
R0uter/ss.conf-for-surge,2024-10,control,d9469ef5b524d25b6a93c130fad76a5f721b8656,231.0,0.0,0.0,13.0,0.0,6.5,29.0,63.0,13.0,,,,,,,,,,,,,,,left_only,,,False,,,False,,,False,,,False,,,False,,,False,,,False,,,False,,,False
R0uter/ss.conf-for-surge,2024-11,control,d9469ef5b524d25b6a93c130fad76a5f721b8656,231.0,0.0,0.0,13.0,0.0,6.5,29.0,63.0,13.0,,,,,,,,,,,,,,,left_only,,,False,,,False,,,False,,,False,,,False,,,False,,,False,,,False,,,False
R0uter/ss.conf-for-surge,2024-12,control,d9469ef5b524d25b6a93c130fad76a5f721b8656,231.0,0.0,0.0,13.0,0.0,6.5,29.0,63.0,13.0,,,,,,,,,,,,,,,left_only,,,False,,,False,,,False,,,False,,,False,,,False,,,False,,,False,,,False
R0uter/ss.conf-for-surge,2025-01,control,d9469ef5b524d25b6a93c130fad76a5f721b8656,231.0,0.0,0.0,13.0,0.0,6.5,29.0,63.0,13.0,,,,,,,,,,,,,,,left_only,,,False,,,False,,,False,,,False,,,False,,,False,,,False,,,False,,,False
R0uter/ss.conf-for-surge,2025-02,control,d9469ef5b524d25b6a93c130fad76a5f721b8656,231.0,0.0,0.0,13.0,0.0,6.5,29.0,63.0,13.0,,,,,,,,,,,,,,,left_only,,,False,,,False,,,False,,,False,,,False,,,False,,,False,,,False,,,False
R0uter/ss.conf-for-surge,2025-03,control,d9469ef5b524d25b6a93c130fad76a5f721b8656,231.0,0.0,0.0,13.0,0.0,6.5,29.0,63.0,13.0,,,,,,,,,,,,,,,left_only,,,False,,,False,,,False,,,False,,,False,,,False,,,False,,,False,,,False
R0uter/ss.conf-for-surge,2025-04,control,d9469ef5b524d25b6a93c130fad76a5f721b8656,231.0,0.0,0.0,13.0,0.0,6.5,29.0,63.0,13.0,,,,,,,,,,,,,,,left_only,,,False,,,False,,,False,,,False,,,False,,,False,,,False,,,False,,,False
R0uter/ss.conf-for-surge,2025-05,control,d9469ef5b524d25b6a93c130fad76a5f721b8656,231.0,0.0,0.0,13.0,0.0,6.5,29.0,63.0,13.0,,,,,,,,,,,,,,,left_only,,,False,,,False,,,False,,,False,,,False,,,False,,,False,,,False,,,False
R0uter/ss.conf-for-surge,2025-06,control,d9469ef5b524d25b6a93c130fad76a5f721b8656,231.0,0.0,0.0,13.0,0.0,6.5,29.0,63.0,13.0,,,,,,,,,,,,,,,left_only,,,False,,,False,,,False,,,False,,,False,,,False,,,False,,,False,,,False
R0uter/ss.conf-for-surge,2025-07,control,d9469ef5b524d25b6a93c130fad76a5f721b8656,231.0,0.0,0.0,13.0,0.0,6.5,29.0,63.0,13.0,,,,,,,,,,,,,,,left_only,,,False,,,False,,,False,,,False,,,False,,,False,,,False,,,False,,,False
R0uter/ss.conf-for-surge,2025-08,control,d9469ef5b524d25b6a93c130fad76a5f721b8656,231.0,0.0,0.0,13.0,0.0,6.5,29.0,63.0,13.0,,,,,,,,,,,,,,,left_only,,,False,,,False,,,False,,,False,,,False,,,False,,,False,,,False,,,False
Retmon403/cs2_cheats_for_python,2024-01,control,5faa2e69fc99b9728245067896f5d52fe7b5f1d7,4203.0,6.0,0.0,3134.0,0.0,42.8,206.0,7158.0,3140.0,0,,0,,control,,,,,,,,,,both,,,False,,,False,,,False,,,False,,,False,,,False,,,False,,,False,,,False
Retmon403/cs2_cheats_for_python,2024-02,control,777c1af08b2489f91e735a93fca2cf4f0f0e0b10,4235.0,6.0,0.0,3210.0,0.0,43.3,307.0,7373.0,3216.0,0,,0,,control,4235.0,6.0,0.0,3208.0,0.0,43.3,307.0,7369.0,3214.0,both,0.0,0.0,True,0.0,0.0,True,0.0,0.0,True,2.0,2.0,False,0.0,0.0,True,0.0,0.0,True,0.0,0.0,True,4.0,4.0,False,2.0,2.0,False
Retmon403/cs2_cheats_for_python,2024-03,control,da0af66b555ac0c0dc0811d1f4d9abd24d9b6dc3,4239.0,6.0,0.0,3210.0,0.0,43.3,307.0,7373.0,3216.0,0,,0,,control,4239.0,6.0,0.0,3208.0,0.0,43.3,307.0,7369.0,3214.0,both,0.0,0.0,True,0.0,0.0,True,0.0,0.0,True,2.0,2.0,False,0.0,0.0,True,0.0,0.0,True,0.0,0.0,True,4.0,4.0,False,2.0,2.0,False
Retmon403/cs2_cheats_for_python,2024-04,control,da0af66b555ac0c0dc0811d1f4d9abd24d9b6dc3,4239.0,6.0,0.0,3210.0,0.0,43.3,307.0,7373.0,3216.0,0,,0,,control,4239.0,6.0,0.0,3208.0,0.0,43.3,307.0,7369.0,3214.0,both,0.0,0.0,True,0.0,0.0,True,0.0,0.0,True,2.0,2.0,False,0.0,0.0,True,0.0,0.0,True,0.0,0.0,True,4.0,4.0,False,2.0,2.0,False
Retmon403/cs2_cheats_for_python,2024-05,control,da0af66b555ac0c0dc0811d1f4d9abd24d9b6dc3,4239.0,6.0,0.0,3210.0,0.0,43.3,307.0,7373.0,3216.0,0,,0,,control,4239.0,6.0,0.0,3208.0,0.0,43.3,307.0,7369.0,3214.0,both,0.0,0.0,True,0.0,0.0,True,0.0,0.0,True,2.0,2.0,False,0.0,0.0,True,0.0,0.0,True,0.0,0.0,True,4.0,4.0,False,2.0,2.0,False
Retmon403/cs2_cheats_for_python,2024-06,control,da0af66b555ac0c0dc0811d1f4d9abd24d9b6dc3,4239.0,6.0,0.0,3210.0,0.0,43.3,307.0,7373.0,3216.0,0,,0,,control,4239.0,6.0,0.0,3208.0,0.0,43.3,307.0,7369.0,3214.0,both,0.0,0.0,True,0.0,0.0,True,0.0,0.0,True,2.0,2.0,False,0.0,0.0,True,0.0,0.0,True,0.0,0.0,True,4.0,4.0,False,2.0,2.0,False
Retmon403/cs2_cheats_for_python,2024-07,control,da0af66b555ac0c0dc0811d1f4d9abd24d9b6dc3,4239.0,6.0,0.0,3210.0,0.0,43.3,307.0,7373.0,3216.0,0,,0,,control,4239.0,6.0,0.0,3208.0,0.0,43.3,307.0,7369.0,3214.0,both,0.0,0.0,True,0.0,0.0,True,0.0,0.0,True,2.0,2.0,False,0.0,0.0,True,0.0,0.0,True,0.0,0.0,True,4.0,4.0,False,2.0,2.0,False
Retmon403/cs2_cheats_for_python,2024-08,control,1732104c3490e152e94b4c7b528a72bc4fd21d79,1007.0,6.0,0.0,93.0,0.0,4.6,321.0,550.0,99.0,0,,0,,control,1007.0,6.0,0.0,91.0,0.0,4.6,321.0,546.0,97.0,both,0.0,0.0,True,0.0,0.0,True,0.0,0.0,True,2.0,2.0,False,0.0,0.0,True,0.0,0.0,True,0.0,0.0,True,4.0,4.0,False,2.0,2.0,False
Retmon403/cs2_cheats_for_python,2024-09,control,1732104c3490e152e94b4c7b528a72bc4fd21d79,1007.0,6.0,0.0,93.0,0.0,4.6,321.0,550.0,99.0,0,,0,,control,1007.0,6.0,0.0,91.0,0.0,4.6,321.0,546.0,97.0,both,0.0,0.0,True,0.0,0.0,True,0.0,0.0,True,2.0,2.0,False,0.0,0.0,True,0.0,0.0,True,0.0,0.0,True,4.0,4.0,False,2.0,2.0,False
Retmon403/cs2_cheats_for_python,2024-10,control,1732104c3490e152e94b4c7b528a72bc4fd21d79,1007.0,6.0,0.0,93.0,0.0,4.6,321.0,550.0,99.0,0,,0,,control,1007.0,6.0,0.0,91.0,0.0,4.6,321.0,546.0,97.0,both,0.0,0.0,True,0.0,0.0,True,0.0,0.0,True,2.0,2.0,False,0.0,0.0,True,0.0,0.0,True,0.0,0.0,True,4.0,4.0,False,2.0,2.0,False
Retmon403/cs2_cheats_for_python,2024-11,control,1732104c3490e152e94b4c7b528a72bc4fd21d79,1007.0,6.0,0.0,93.0,0.0,4.6,321.0,550.0,99.0,0,,0,,control,1007.0,6.0,0.0,91.0,0.0,4.6,321.0,546.0,97.0,both,0.0,0.0,True,0.0,0.0,True,0.0,0.0,True,2.0,2.0,False,0.0,0.0,True,0.0,0.0,True,0.0,0.0,True,4.0,4.0,False,2.0,2.0,False
Retmon403/cs2_cheats_for_python,2024-12,control,1732104c3490e152e94b4c7b528a72bc4fd21d79,1007.0,6.0,0.0,93.0,0.0,4.6,321.0,550.0,99.0,0,,0,,control,1007.0,6.0,0.0,91.0,0.0,4.6,321.0,546.0,97.0,both,0.0,0.0,True,0.0,0.0,True,0.0,0.0,True,2.0,2.0,False,0.0,0.0,True,0.0,0.0,True,0.0,0.0,True,4.0,4.0,False,2.0,2.0,False
Retmon403/cs2_cheats_for_python,2025-01,control,1732104c3490e152e94b4c7b528a72bc4fd21d79,1007.0,6.0,0.0,93.0,0.0,4.6,321.0,550.0,99.0,0,,0,,control,1007.0,6.0,0.0,91.0,0.0,4.6,321.0,546.0,97.0,both,0.0,0.0,True,0.0,0.0,True,0.0,0.0,True,2.0,2.0,False,0.0,0.0,True,0.0,0.0,True,0.0,0.0,True,4.0,4.0,False,2.0,2.0,False
Retmon403/cs2_cheats_for_python,2025-02,control,1732104c3490e152e94b4c7b528a72bc4fd21d79,1007.0,6.0,0.0,93.0,0.0,4.6,321.0,550.0,99.0,0,,0,,control,1007.0,6.0,0.0,91.0,0.0,4.6,321.0,546.0,97.0,both,0.0,0.0,True,0.0,0.0,True,0.0,0.0,True,2.0,2.0,False,0.0,0.0,True,0.0,0.0,True,0.0,0.0,True,4.0,4.0,False,2.0,2.0,False
Retmon403/cs2_cheats_for_python,2025-03,control,a5b73bc8014e3bf68867c4fb0a48f2609678349b,1007.0,6.0,0.0,93.0,0.0,4.6,321.0,550.0,99.0,0,,0,,control,1007.0,6.0,0.0,91.0,0.0,4.6,321.0,546.0,97.0,both,0.0,0.0,True,0.0,0.0,True,0.0,0.0,True,2.0,2.0,False,0.0,0.0,True,0.0,0.0,True,0.0,0.0,True,4.0,4.0,False,2.0,2.0,False
Retmon403/cs2_cheats_for_python,2025-04,control,a5b73bc8014e3bf68867c4fb0a48f2609678349b,1007.0,6.0,0.0,93.0,0.0,4.6,321.0,550.0,99.0,,,,,,,,,,,,,,,left_only,,,False,,,False,,,False,,,False,,,False,,,False,,,False,,,False,,,False
Retmon403/cs2_cheats_for_python,2025-05,control,a5b73bc8014e3bf68867c4fb0a48f2609678349b,1007.0,6.0,0.0,93.0,0.0,4.6,321.0,550.0,99.0,,,,,,,,,,,,,,,left_only,,,False,,,False,,,False,,,False,,,False,,,False,,,False,,,False,,,False
Retmon403/cs2_cheats_for_python,2025-06,control,a5b73bc8014e3bf68867c4fb0a48f2609678349b,1007.0,6.0,0.0,93.0,0.0,4.6,321.0,550.0,99.0,,,,,,,,,,,,,,,left_only,,,False,,,False,,,False,,,False,,,False,,,False,,,False,,,False,,,False
Retmon403/cs2_cheats_for_python,2025-07,control,a5b73bc8014e3bf68867c4fb0a48f2609678349b,1007.0,6.0,0.0,93.0,0.0,4.6,321.0,550.0,99.0,,,,,,,,,,,,,,,left_only,,,False,,,False,,,False,,,False,,,False,,,False,,,False,,,False,,,False
Retmon403/cs2_cheats_for_python,2025-08,control,a5b73bc8014e3bf68867c4fb0a48f2609678349b,1007.0,6.0,0.0,93.0,0.0,4.6,321.0,550.0,99.0,,,,,,,,,,,,,,,left_only,,,False,,,False,,,False,,,False,,,False,,,False,,,False,,,False,,,False
RobinWu218/ToST,2024-12,control,aa501aac276809d30d749b54dc299abef6267d23,,0.0,0.0,0.0,,,,0.0,0.0,0,,0,,control,,0.0,0.0,0.0,,,,0.0,0.0,both,,,False,0.0,0.0,True,0.0,0.0,True,0.0,0.0,True,,,False,,,False,,,False,0.0,0.0,True,0.0,0.0,True
RobinWu218/ToST,2025-01,control,556d812dc1fe318dc5d75c0aa689e532a66240fe,,0.0,0.0,0.0,,,,0.0,0.0,0,,0,,control,,0.0,0.0,0.0,,,,0.0,0.0,both,,,False,0.0,0.0,True,0.0,0.0,True,0.0,0.0,True,,,False,,,False,,,False,0.0,0.0,True,0.0,0.0,True
RobinWu218/ToST,2025-02,control,071ea98ffc84b4e4eb4f0c1167eae90b2bd11dd9,3568.0,2.0,10.0,154.0,17.4,20.7,612.0,862.0,166.0,0,,0,,control,3568.0,2.0,0.0,117.0,17.4,20.7,612.0,699.0,119.0,both,0.0,0.0,True,0.0,0.0,True,10.0,10.0,False,37.0,37.0,False,0.0,0.0,True,0.0,0.0,True,0.0,0.0,True,163.0,163.0,False,47.0,47.0,False
RobinWu218/ToST,2025-03,control,071ea98ffc84b4e4eb4f0c1167eae90b2bd11dd9,3568.0,2.0,10.0,154.0,17.4,20.7,612.0,862.0,166.0,,,,,,,,,,,,,,,left_only,,,False,,,False,,,False,,,False,,,False,,,False,,,False,,,False,,,False
RobinWu218/ToST,2025-04,control,071ea98ffc84b4e4eb4f0c1167eae90b2bd11dd9,3568.0,2.0,10.0,154.0,17.4,20.7,612.0,862.0,166.0,,,,,,,,,,,,,,,left_only,,,False,,,False,,,False,,,False,,,False,,,False,,,False,,,False,,,False
RobinWu218/ToST,2025-05,control,071ea98ffc84b4e4eb4f0c1167eae90b2bd11dd9,3568.0,2.0,10.0,154.0,17.4,20.7,612.0,862.0,166.0,,,,,,,,,,,,,,,left_only,,,False,,,False,,,False,,,False,,,False,,,False,,,False,,,False,,,False
RobinWu218/ToST,2025-06,control,071ea98ffc84b4e4eb4f0c1167eae90b2bd11dd9,3568.0,2.0,10.0,154.0,17.4,20.7,612.0,862.0,166.0,,,,,,,,,,,,,,,left_only,,,False,,,False,,,False,,,False,,,False,,,False,,,False,,,False,,,False
RobinWu218/ToST,2025-07,control,071ea98ffc84b4e4eb4f0c1167eae90b2bd11dd9,3568.0,2.0,10.0,154.0,17.4,20.7,612.0,862.0,166.0,,,,,,,,,,,,,,,left_only,,,False,,,False,,,False,,,False,,,False,,,False,,,False,,,False,,,False
RobinWu218/ToST,2025-08,control,071ea98ffc84b4e4eb4f0c1167eae90b2bd11dd9,3568.0,2.0,10.0,154.0,17.4,20.7,612.0,862.0,166.0,,,,,,,,,,,,,,,left_only,,,False,,,False,,,False,,,False,,,False,,,False,,,False,,,False,,,False
SEU-ProactiveSecurity-Group/LLM-PD,2024-12,control,366e021b9b2d93ce08ed5488e524686a3bd61d63,,0.0,0.0,0.0,,,,0.0,0.0,0,,0,,control,,0.0,0.0,0.0,,,,0.0,0.0,both,,,False,0.0,0.0,True,0.0,0.0,True,0.0,0.0,True,,,False,,,False,,,False,0.0,0.0,True,0.0,0.0,True
SEU-ProactiveSecurity-Group/LLM-PD,2025-01,control,b5bef9ca0b7f04b7ad8a39073612ea5356c72db9,1463.0,0.0,0.0,32.0,4.4,6.3,353.0,355.0,32.0,0,,0,,control,1463.0,0.0,0.0,32.0,4.4,6.3,353.0,355.0,32.0,both,0.0,0.0,True,0.0,0.0,True,0.0,0.0,True,0.0,0.0,True,0.0,0.0,True,0.0,0.0,True,0.0,0.0,True,0.0,0.0,True,0.0,0.0,True
SEU-ProactiveSecurity-Group/LLM-PD,2025-02,control,b5bef9ca0b7f04b7ad8a39073612ea5356c72db9,1463.0,0.0,0.0,32.0,4.4,6.3,353.0,355.0,32.0,0,,0,,control,1463.0,0.0,0.0,32.0,4.4,6.3,353.0,355.0,32.0,both,0.0,0.0,True,0.0,0.0,True,0.0,0.0,True,0.0,0.0,True,0.0,0.0,True,0.0,0.0,True,0.0,0.0,True,0.0,0.0,True,0.0,0.0,True
SEU-ProactiveSecurity-Group/LLM-PD,2025-03,control,b5bef9ca0b7f04b7ad8a39073612ea5356c72db9,1463.0,0.0,0.0,32.0,4.4,6.3,353.0,355.0,32.0,0,,0,,control,1463.0,0.0,0.0,32.0,4.4,6.3,353.0,355.0,32.0,both,0.0,0.0,True,0.0,0.0,True,0.0,0.0,True,0.0,0.0,True,0.0,0.0,True,0.0,0.0,True,0.0,0.0,True,0.0,0.0,True,0.0,0.0,True
SEU-ProactiveSecurity-Group/LLM-PD,2025-04,control,fb34fb8051c2f0b2c1dc05a5cd73d5ebb516846b,1463.0,0.0,0.0,32.0,4.4,6.3,353.0,355.0,32.0,0,,0,,control,1463.0,0.0,0.0,32.0,4.4,6.3,353.0,355.0,32.0,both,0.0,0.0,True,0.0,0.0,True,0.0,0.0,True,0.0,0.0,True,0.0,0.0,True,0.0,0.0,True,0.0,0.0,True,0.0,0.0,True,0.0,0.0,True
SEU-ProactiveSecurity-Group/LLM-PD,2025-05,control,fb34fb8051c2f0b2c1dc05a5cd73d5ebb516846b,1463.0,0.0,0.0,32.0,4.4,6.3,353.0,355.0,32.0,,,,,,,,,,,,,,,left_only,,,False,,,False,,,False,,,False,,,False,,,False,,,False,,,False,,,False
SEU-ProactiveSecurity-Group/LLM-PD,2025-06,control,fb34fb8051c2f0b2c1dc05a5cd73d5ebb516846b,1463.0,0.0,0.0,32.0,4.4,6.3,353.0,355.0,32.0,,,,,,,,,,,,,,,left_only,,,False,,,False,,,False,,,False,,,False,,,False,,,False,,,False,,,False
SEU-ProactiveSecurity-Group/LLM-PD,2025-07,control,fb34fb8051c2f0b2c1dc05a5cd73d5ebb516846b,1463.0,0.0,0.0,32.0,4.4,6.3,353.0,355.0,32.0,,,,,,,,,,,,,,,left_only,,,False,,,False,,,False,,,False,,,False,,,False,,,False,,,False,,,False
SEU-ProactiveSecurity-Group/LLM-PD,2025-08,control,fb34fb8051c2f0b2c1dc05a5cd73d5ebb516846b,1463.0,0.0,0.0,32.0,4.4,6.3,353.0,355.0,32.0,,,,,,,,,,,,,,,left_only,,,False,,,False,,,False,,,False,,,False,,,False,,,False,,,False,,,False
Simatwa/free-proxies,2024-05,control,d578b673ff9807fc6bdcab76e576cd3535b55416,362.0,1.0,0.0,8.0,0.0,7.9,61.0,45.0,9.0,0,,0,,control,362.0,0.0,0.0,1.0,0.0,7.9,61.0,10.0,1.0,both,0.0,0.0,True,1.0,1.0,False,0.0,0.0,True,7.0,7.0,False,0.0,0.0,True,0.0,0.0,True,0.0,0.0,True,35.0,35.0,False,8.0,8.0,False
Simatwa/free-proxies,2024-06,control,fdd490af05ae58201c34e1286a8e898419460735,362.0,1.0,0.0,8.0,0.0,7.9,61.0,45.0,9.0,,,,,,,,,,,,,,,left_only,,,False,,,False,,,False,,,False,,,False,,,False,,,False,,,False,,,False
Simatwa/free-proxies,2024-07,control,86281d7ab10e8570d615c16f36e4819213635a54,362.0,1.0,0.0,8.0,0.0,7.9,61.0,45.0,9.0,,,,,,,,,,,,,,,left_only,,,False,,,False,,,False,,,False,,,False,,,False,,,False,,,False,,,False
Simatwa/free-proxies,2024-08,control,69c3789c3ed2e77c43456bbff38f6f16eeb4b5a6,362.0,1.0,0.0,8.0,0.0,7.9,61.0,45.0,9.0,,,,,,,,,,,,,,,left_only,,,False,,,False,,,False,,,False,,,False,,,False,,,False,,,False,,,False
Simatwa/free-proxies,2024-09,control,80dc746a3c27bd5403b8df7b6231e764fde12bab,362.0,1.0,0.0,8.0,0.0,7.9,61.0,45.0,9.0,,,,,,,,,,,,,,,left_only,,,False,,,False,,,False,,,False,,,False,,,False,,,False,,,False,,,False
Simatwa/free-proxies,2024-10,control,07fe5d4f43bdfb7ca19ddb75da73d6d71fd0d84d,362.0,1.0,0.0,8.0,0.0,7.9,61.0,45.0,9.0,,,,,,,,,,,,,,,left_only,,,False,,,False,,,False,,,False,,,False,,,False,,,False,,,False,,,False
Simatwa/free-proxies,2024-11,control,d683920794eb6f7e81f847cb7c28075b40449cab,362.0,1.0,0.0,8.0,0.0,7.9,61.0,45.0,9.0,,,,,,,,,,,,,,,left_only,,,False,,,False,,,False,,,False,,,False,,,False,,,False,,,False,,,False
Simatwa/free-proxies,2024-12,control,d683920794eb6f7e81f847cb7c28075b40449cab,362.0,1.0,0.0,8.0,0.0,7.9,61.0,45.0,9.0,,,,,,,,,,,,,,,left_only,,,False,,,False,,,False,,,False,,,False,,,False,,,False,,,False,,,False
Simatwa/free-proxies,2025-01,control,d683920794eb6f7e81f847cb7c28075b40449cab,362.0,1.0,0.0,8.0,0.0,7.9,61.0,45.0,9.0,,,,,,,,,,,,,,,left_only,,,False,,,False,,,False,,,False,,,False,,,False,,,False,,,False,,,False
Simatwa/free-proxies,2025-02,control,d683920794eb6f7e81f847cb7c28075b40449cab,362.0,1.0,0.0,8.0,0.0,7.9,61.0,45.0,9.0,,,,,,,,,,,,,,,left_only,,,False,,,False,,,False,,,False,,,False,,,False,,,False,,,False,,,False
Simatwa/free-proxies,2025-03,control,d683920794eb6f7e81f847cb7c28075b40449cab,362.0,1.0,0.0,8.0,0.0,7.9,61.0,45.0,9.0,,,,,,,,,,,,,,,left_only,,,False,,,False,,,False,,,False,,,False,,,False,,,False,,,False,,,False
Simatwa/free-proxies,2025-04,control,d683920794eb6f7e81f847cb7c28075b40449cab,362.0,1.0,0.0,8.0,0.0,7.9,61.0,45.0,9.0,,,,,,,,,,,,,,,left_only,,,False,,,False,,,False,,,False,,,False,,,False,,,False,,,False,,,False
Simatwa/free-proxies,2025-05,control,d683920794eb6f7e81f847cb7c28075b40449cab,362.0,1.0,0.0,8.0,0.0,7.9,61.0,45.0,9.0,,,,,,,,,,,,,,,left_only,,,False,,,False,,,False,,,False,,,False,,,False,,,False,,,False,,,False
Simatwa/free-proxies,2025-06,control,d683920794eb6f7e81f847cb7c28075b40449cab,362.0,1.0,0.0,8.0,0.0,7.9,61.0,45.0,9.0,,,,,,,,,,,,,,,left_only,,,False,,,False,,,False,,,False,,,False,,,False,,,False,,,False,,,False
Simatwa/free-proxies,2025-07,control,d683920794eb6f7e81f847cb7c28075b40449cab,362.0,1.0,0.0,8.0,0.0,7.9,61.0,45.0,9.0,,,,,,,,,,,,,,,left_only,,,False,,,False,,,False,,,False,,,False,,,False,,,False,,,False,,,False
Simatwa/free-proxies,2025-08,control,49b89c45aacf743c617b06a52d39a9df47812aec,362.0,1.0,0.0,8.0,0.0,7.9,61.0,45.0,9.0,,,,,,,,,,,,,,,left_only,,,False,,,False,,,False,,,False,,,False,,,False,,,False,,,False,,,False
The-WhiteRabbit/dnfm_server,2024-08,control,27aef2893d5aafe85066fdc682f9ef1bc5fce2d6,924.0,6.0,0.0,33.0,28.3,21.4,212.0,330.0,39.0,0,,0,,control,924.0,6.0,0.0,33.0,28.3,21.4,212.0,330.0,39.0,both,0.0,0.0,True,0.0,0.0,True,0.0,0.0,True,0.0,0.0,True,0.0,0.0,True,0.0,0.0,True,0.0,0.0,True,0.0,0.0,True,0.0,0.0,True
The-WhiteRabbit/dnfm_server,2024-09,control,27aef2893d5aafe85066fdc682f9ef1bc5fce2d6,924.0,6.0,0.0,33.0,28.3,21.4,212.0,330.0,39.0,,,,,,,,,,,,,,,left_only,,,False,,,False,,,False,,,False,,,False,,,False,,,False,,,False,,,False
The-WhiteRabbit/dnfm_server,2024-10,control,27aef2893d5aafe85066fdc682f9ef1bc5fce2d6,924.0,6.0,0.0,33.0,28.3,21.4,212.0,330.0,39.0,,,,,,,,,,,,,,,left_only,,,False,,,False,,,False,,,False,,,False,,,False,,,False,,,False,,,False
The-WhiteRabbit/dnfm_server,2024-11,control,27aef2893d5aafe85066fdc682f9ef1bc5fce2d6,924.0,6.0,0.0,33.0,28.3,21.4,212.0,330.0,39.0,,,,,,,,,,,,,,,left_only,,,False,,,False,,,False,,,False,,,False,,,False,,,False,,,False,,,False
The-WhiteRabbit/dnfm_server,2024-12,control,27aef2893d5aafe85066fdc682f9ef1bc5fce2d6,924.0,6.0,0.0,33.0,28.3,21.4,212.0,330.0,39.0,,,,,,,,,,,,,,,left_only,,,False,,,False,,,False,,,False,,,False,,,False,,,False,,,False,,,False
The-WhiteRabbit/dnfm_server,2025-01,control,27aef2893d5aafe85066fdc682f9ef1bc5fce2d6,924.0,6.0,0.0,33.0,28.3,21.4,212.0,330.0,39.0,,,,,,,,,,,,,,,left_only,,,False,,,False,,,False,,,False,,,False,,,False,,,False,,,False,,,False
The-WhiteRabbit/dnfm_server,2025-02,control,27aef2893d5aafe85066fdc682f9ef1bc5fce2d6,924.0,6.0,0.0,33.0,28.3,21.4,212.0,330.0,39.0,,,,,,,,,,,,,,,left_only,,,False,,,False,,,False,,,False,,,False,,,False,,,False,,,False,,,False
The-WhiteRabbit/dnfm_server,2025-03,control,27aef2893d5aafe85066fdc682f9ef1bc5fce2d6,924.0,6.0,0.0,33.0,28.3,21.4,212.0,330.0,39.0,,,,,,,,,,,,,,,left_only,,,False,,,False,,,False,,,False,,,False,,,False,,,False,,,False,,,False
The-WhiteRabbit/dnfm_server,2025-04,control,27aef2893d5aafe85066fdc682f9ef1bc5fce2d6,924.0,6.0,0.0,33.0,28.3,21.4,212.0,330.0,39.0,,,,,,,,,,,,,,,left_only,,,False,,,False,,,False,,,False,,,False,,,False,,,False,,,False,,,False
The-WhiteRabbit/dnfm_server,2025-05,control,27aef2893d5aafe85066fdc682f9ef1bc5fce2d6,924.0,6.0,0.0,33.0,28.3,21.4,212.0,330.0,39.0,,,,,,,,,,,,,,,left_only,,,False,,,False,,,False,,,False,,,False,,,False,,,False,,,False,,,False
The-WhiteRabbit/dnfm_server,2025-06,control,27aef2893d5aafe85066fdc682f9ef1bc5fce2d6,924.0,6.0,0.0,33.0,28.3,21.4,212.0,330.0,39.0,,,,,,,,,,,,,,,left_only,,,False,,,False,,,False,,,False,,,False,,,False,,,False,,,False,,,False
The-WhiteRabbit/dnfm_server,2025-07,control,27aef2893d5aafe85066fdc682f9ef1bc5fce2d6,924.0,6.0,0.0,33.0,28.3,21.4,212.0,330.0,39.0,,,,,,,,,,,,,,,left_only,,,False,,,False,,,False,,,False,,,False,,,False,,,False,,,False,,,False
The-WhiteRabbit/dnfm_server,2025-08,control,27aef2893d5aafe85066fdc682f9ef1bc5fce2d6,924.0,6.0,0.0,33.0,28.3,21.4,212.0,330.0,39.0,,,,,,,,,,,,,,,left_only,,,False,,,False,,,False,,,False,,,False,,,False,,,False,,,False,,,False
TheFocusedCoder/api-agent,2024-08,control,f8ffde215c91238ab844dc60531b179d6067a211,67.0,0.0,0.0,1.0,0.0,8.2,1.0,5.0,1.0,0,,0,,control,67.0,0.0,0.0,0.0,0.0,8.2,1.0,0.0,0.0,both,0.0,0.0,True,0.0,0.0,True,0.0,0.0,True,1.0,1.0,False,0.0,0.0,True,0.0,0.0,True,0.0,0.0,True,5.0,5.0,False,1.0,1.0,False
TheFocusedCoder/api-agent,2024-09,control,f8ffde215c91238ab844dc60531b179d6067a211,67.0,0.0,0.0,1.0,0.0,8.2,1.0,5.0,1.0,,,,,,,,,,,,,,,left_only,,,False,,,False,,,False,,,False,,,False,,,False,,,False,,,False,,,False
TheFocusedCoder/api-agent,2024-10,control,f8ffde215c91238ab844dc60531b179d6067a211,67.0,0.0,0.0,1.0,0.0,8.2,1.0,5.0,1.0,,,,,,,,,,,,,,,left_only,,,False,,,False,,,False,,,False,,,False,,,False,,,False,,,False,,,False
TheFocusedCoder/api-agent,2024-11,control,f8ffde215c91238ab844dc60531b179d6067a211,67.0,0.0,0.0,1.0,0.0,8.2,1.0,5.0,1.0,,,,,,,,,,,,,,,left_only,,,False,,,False,,,False,,,False,,,False,,,False,,,False,,,False,,,False
TheFocusedCoder/api-agent,2024-12,control,f8ffde215c91238ab844dc60531b179d6067a211,67.0,0.0,0.0,1.0,0.0,8.2,1.0,5.0,1.0,,,,,,,,,,,,,,,left_only,,,False,,,False,,,False,,,False,,,False,,,False,,,False,,,False,,,False
TheFocusedCoder/api-agent,2025-01,control,f8ffde215c91238ab844dc60531b179d6067a211,67.0,0.0,0.0,1.0,0.0,8.2,1.0,5.0,1.0,,,,,,,,,,,,,,,left_only,,,False,,,False,,,False,,,False,,,False,,,False,,,False,,,False,,,False
TheFocusedCoder/api-agent,2025-02,control,f8ffde215c91238ab844dc60531b179d6067a211,67.0,0.0,0.0,1.0,0.0,8.2,1.0,5.0,1.0,,,,,,,,,,,,,,,left_only,,,False,,,False,,,False,,,False,,,False,,,False,,,False,,,False,,,False
TheFocusedCoder/api-agent,2025-03,control,f8ffde215c91238ab844dc60531b179d6067a211,67.0,0.0,0.0,1.0,0.0,8.2,1.0,5.0,1.0,,,,,,,,,,,,,,,left_only,,,False,,,False,,,False,,,False,,,False,,,False,,,False,,,False,,,False
TheFocusedCoder/api-agent,2025-04,control,f8ffde215c91238ab844dc60531b179d6067a211,67.0,0.0,0.0,1.0,0.0,8.2,1.0,5.0,1.0,,,,,,,,,,,,,,,left_only,,,False,,,False,,,False,,,False,,,False,,,False,,,False,,,False,,,False
TheFocusedCoder/api-agent,2025-05,control,f8ffde215c91238ab844dc60531b179d6067a211,67.0,0.0,0.0,1.0,0.0,8.2,1.0,5.0,1.0,,,,,,,,,,,,,,,left_only,,,False,,,False,,,False,,,False,,,False,,,False,,,False,,,False,,,False
TheFocusedCoder/api-agent,2025-06,control,f8ffde215c91238ab844dc60531b179d6067a211,67.0,0.0,0.0,1.0,0.0,8.2,1.0,5.0,1.0,,,,,,,,,,,,,,,left_only,,,False,,,False,,,False,,,False,,,False,,,False,,,False,,,False,,,False
TheFocusedCoder/api-agent,2025-07,control,f8ffde215c91238ab844dc60531b179d6067a211,67.0,0.0,0.0,1.0,0.0,8.2,1.0,5.0,1.0,,,,,,,,,,,,,,,left_only,,,False,,,False,,,False,,,False,,,False,,,False,,,False,,,False,,,False
TheFocusedCoder/api-agent,2025-08,control,f8ffde215c91238ab844dc60531b179d6067a211,67.0,0.0,0.0,1.0,0.0,8.2,1.0,5.0,1.0,,,,,,,,,,,,,,,left_only,,,False,,,False,,,False,,,False,,,False,,,False,,,False,,,False,,,False
TianxingChen/RoboTwin,2025-06,control,8f0222543082deaa21e09a1f5c68e43544cf3309,,0.0,0.0,0.0,,,,0.0,0.0,0,,0,,control,,0.0,0.0,0.0,,,,0.0,0.0,both,,,False,0.0,0.0,True,0.0,0.0,True,0.0,0.0,True,,,False,,,False,,,False,0.0,0.0,True,0.0,0.0,True
TianxingChen/RoboTwin,2025-07,control,8f0222543082deaa21e09a1f5c68e43544cf3309,,0.0,0.0,0.0,,,,0.0,0.0,,,,,,,,,,,,,,,left_only,,,False,,,False,,,False,,,False,,,False,,,False,,,False,,,False,,,False
TianxingChen/RoboTwin,2025-08,control,8f0222543082deaa21e09a1f5c68e43544cf3309,,0.0,0.0,0.0,,,,0.0,0.0,,,,,,,,,,,,,,,left_only,,,False,,,False,,,False,,,False,,,False,,,False,,,False,,,False,,,False
VirtualFlow/VFVS,2024-01,control,408299a0f106a08fa1792c63b3699453329cc2d6,1112.0,2.0,1.0,35.0,0.0,15.1,344.0,370.0,38.0,0,,0,,control,8129.0,21.0,0.0,379.0,5.7,9.7,2524.0,3560.0,400.0,both,-7017.0,7017.0,False,-19.0,19.0,False,1.0,1.0,False,-344.0,344.0,False,-5.7,5.7,False,5.4,5.4,False,-2180.0,2180.0,False,-3190.0,3190.0,False,-362.0,362.0,False
VirtualFlow/VFVS,2024-02,control,408299a0f106a08fa1792c63b3699453329cc2d6,1112.0,2.0,1.0,35.0,0.0,15.1,344.0,370.0,38.0,0,,0,,control,8129.0,21.0,0.0,379.0,5.7,9.7,2524.0,3560.0,400.0,both,-7017.0,7017.0,False,-19.0,19.0,False,1.0,1.0,False,-344.0,344.0,False,-5.7,5.7,False,5.4,5.4,False,-2180.0,2180.0,False,-3190.0,3190.0,False,-362.0,362.0,False
VirtualFlow/VFVS,2024-03,control,408299a0f106a08fa1792c63b3699453329cc2d6,1112.0,2.0,1.0,35.0,0.0,15.1,344.0,370.0,38.0,0,,0,,control,8129.0,21.0,0.0,379.0,5.7,9.7,2524.0,3560.0,400.0,both,-7017.0,7017.0,False,-19.0,19.0,False,1.0,1.0,False,-344.0,344.0,False,-5.7,5.7,False,5.4,5.4,False,-2180.0,2180.0,False,-3190.0,3190.0,False,-362.0,362.0,False
VirtualFlow/VFVS,2024-04,control,408299a0f106a08fa1792c63b3699453329cc2d6,1112.0,2.0,1.0,35.0,0.0,15.1,344.0,370.0,38.0,0,,0,,control,8129.0,21.0,0.0,379.0,5.7,9.7,2524.0,3560.0,400.0,both,-7017.0,7017.0,False,-19.0,19.0,False,1.0,1.0,False,-344.0,344.0,False,-5.7,5.7,False,5.4,5.4,False,-2180.0,2180.0,False,-3190.0,3190.0,False,-362.0,362.0,False
VirtualFlow/VFVS,2024-05,control,408299a0f106a08fa1792c63b3699453329cc2d6,1112.0,2.0,1.0,35.0,0.0,15.1,344.0,370.0,38.0,0,,0,,control,8129.0,21.0,0.0,379.0,5.7,9.7,2524.0,3560.0,400.0,both,-7017.0,7017.0,False,-19.0,19.0,False,1.0,1.0,False,-344.0,344.0,False,-5.7,5.7,False,5.4,5.4,False,-2180.0,2180.0,False,-3190.0,3190.0,False,-362.0,362.0,False
VirtualFlow/VFVS,2024-06,control,408299a0f106a08fa1792c63b3699453329cc2d6,1112.0,2.0,1.0,35.0,0.0,15.1,344.0,370.0,38.0,0,,0,,control,8129.0,21.0,0.0,379.0,5.7,9.7,2524.0,3560.0,400.0,both,-7017.0,7017.0,False,-19.0,19.0,False,1.0,1.0,False,-344.0,344.0,False,-5.7,5.7,False,5.4,5.4,False,-2180.0,2180.0,False,-3190.0,3190.0,False,-362.0,362.0,False
VirtualFlow/VFVS,2024-07,control,408299a0f106a08fa1792c63b3699453329cc2d6,1112.0,2.0,1.0,35.0,0.0,15.1,344.0,370.0,38.0,0,,0,,control,8129.0,21.0,0.0,379.0,5.7,9.7,2524.0,3560.0,400.0,both,-7017.0,7017.0,False,-19.0,19.0,False,1.0,1.0,False,-344.0,344.0,False,-5.7,5.7,False,5.4,5.4,False,-2180.0,2180.0,False,-3190.0,3190.0,False,-362.0,362.0,False
VirtualFlow/VFVS,2024-08,control,408299a0f106a08fa1792c63b3699453329cc2d6,1112.0,2.0,1.0,35.0,0.0,15.1,344.0,370.0,38.0,0,,0,,control,8129.0,21.0,0.0,379.0,5.7,9.7,2524.0,3560.0,400.0,both,-7017.0,7017.0,False,-19.0,19.0,False,1.0,1.0,False,-344.0,344.0,False,-5.7,5.7,False,5.4,5.4,False,-2180.0,2180.0,False,-3190.0,3190.0,False,-362.0,362.0,False
VirtualFlow/VFVS,2024-09,control,408299a0f106a08fa1792c63b3699453329cc2d6,1112.0,2.0,1.0,35.0,0.0,15.1,344.0,370.0,38.0,0,,0,,control,8129.0,21.0,0.0,379.0,5.7,9.7,2524.0,3560.0,400.0,both,-7017.0,7017.0,False,-19.0,19.0,False,1.0,1.0,False,-344.0,344.0,False,-5.7,5.7,False,5.4,5.4,False,-2180.0,2180.0,False,-3190.0,3190.0,False,-362.0,362.0,False
VirtualFlow/VFVS,2024-10,control,408299a0f106a08fa1792c63b3699453329cc2d6,1112.0,2.0,1.0,35.0,0.0,15.1,344.0,370.0,38.0,0,,0,,control,8129.0,21.0,0.0,379.0,5.7,9.7,2524.0,3560.0,400.0,both,-7017.0,7017.0,False,-19.0,19.0,False,1.0,1.0,False,-344.0,344.0,False,-5.7,5.7,False,5.4,5.4,False,-2180.0,2180.0,False,-3190.0,3190.0,False,-362.0,362.0,False
VirtualFlow/VFVS,2024-11,control,408299a0f106a08fa1792c63b3699453329cc2d6,1112.0,2.0,1.0,35.0,0.0,15.1,344.0,370.0,38.0,0,,0,,control,8129.0,21.0,0.0,379.0,5.7,9.7,2524.0,3560.0,400.0,both,-7017.0,7017.0,False,-19.0,19.0,False,1.0,1.0,False,-344.0,344.0,False,-5.7,5.7,False,5.4,5.4,False,-2180.0,2180.0,False,-3190.0,3190.0,False,-362.0,362.0,False
VirtualFlow/VFVS,2024-12,control,408299a0f106a08fa1792c63b3699453329cc2d6,1112.0,2.0,1.0,35.0,0.0,15.1,344.0,370.0,38.0,0,,0,,control,8129.0,21.0,0.0,379.0,5.7,9.7,2524.0,3560.0,400.0,both,-7017.0,7017.0,False,-19.0,19.0,False,1.0,1.0,False,-344.0,344.0,False,-5.7,5.7,False,5.4,5.4,False,-2180.0,2180.0,False,-3190.0,3190.0,False,-362.0,362.0,False
VirtualFlow/VFVS,2025-01,control,408299a0f106a08fa1792c63b3699453329cc2d6,1112.0,2.0,1.0,35.0,0.0,15.1,344.0,370.0,38.0,0,,0,,control,8129.0,21.0,0.0,379.0,5.7,9.7,2524.0,3560.0,400.0,both,-7017.0,7017.0,False,-19.0,19.0,False,1.0,1.0,False,-344.0,344.0,False,-5.7,5.7,False,5.4,5.4,False,-2180.0,2180.0,False,-3190.0,3190.0,False,-362.0,362.0,False
VirtualFlow/VFVS,2025-02,control,408299a0f106a08fa1792c63b3699453329cc2d6,1112.0,2.0,1.0,35.0,0.0,15.1,344.0,370.0,38.0,0,,0,,control,8129.0,21.0,0.0,379.0,5.7,9.7,2524.0,3560.0,400.0,both,-7017.0,7017.0,False,-19.0,19.0,False,1.0,1.0,False,-344.0,344.0,False,-5.7,5.7,False,5.4,5.4,False,-2180.0,2180.0,False,-3190.0,3190.0,False,-362.0,362.0,False
VirtualFlow/VFVS,2025-03,control,408299a0f106a08fa1792c63b3699453329cc2d6,1112.0,2.0,1.0,35.0,0.0,15.1,344.0,370.0,38.0,0,,0,,control,8129.0,21.0,0.0,379.0,5.7,9.7,2524.0,3560.0,400.0,both,-7017.0,7017.0,False,-19.0,19.0,False,1.0,1.0,False,-344.0,344.0,False,-5.7,5.7,False,5.4,5.4,False,-2180.0,2180.0,False,-3190.0,3190.0,False,-362.0,362.0,False
VirtualFlow/VFVS,2025-04,control,408299a0f106a08fa1792c63b3699453329cc2d6,1112.0,2.0,1.0,35.0,0.0,15.1,344.0,370.0,38.0,0,,0,,control,8129.0,21.0,0.0,379.0,5.7,9.7,2524.0,3560.0,400.0,both,-7017.0,7017.0,False,-19.0,19.0,False,1.0,1.0,False,-344.0,344.0,False,-5.7,5.7,False,5.4,5.4,False,-2180.0,2180.0,False,-3190.0,3190.0,False,-362.0,362.0,False
VirtualFlow/VFVS,2025-05,control,408299a0f106a08fa1792c63b3699453329cc2d6,1112.0,2.0,1.0,35.0,0.0,15.1,344.0,370.0,38.0,0,,0,,control,8129.0,21.0,0.0,379.0,5.7,9.7,2524.0,3560.0,400.0,both,-7017.0,7017.0,False,-19.0,19.0,False,1.0,1.0,False,-344.0,344.0,False,-5.7,5.7,False,5.4,5.4,False,-2180.0,2180.0,False,-3190.0,3190.0,False,-362.0,362.0,False
VirtualFlow/VFVS,2025-06,control,408299a0f106a08fa1792c63b3699453329cc2d6,1112.0,2.0,1.0,35.0,0.0,15.1,344.0,370.0,38.0,0,,0,,control,8129.0,21.0,0.0,379.0,5.7,9.7,2524.0,3560.0,400.0,both,-7017.0,7017.0,False,-19.0,19.0,False,1.0,1.0,False,-344.0,344.0,False,-5.7,5.7,False,5.4,5.4,False,-2180.0,2180.0,False,-3190.0,3190.0,False,-362.0,362.0,False
VirtualFlow/VFVS,2025-07,control,408299a0f106a08fa1792c63b3699453329cc2d6,1112.0,2.0,1.0,35.0,0.0,15.1,344.0,370.0,38.0,0,,0,,control,8129.0,21.0,0.0,379.0,5.7,9.7,2524.0,3560.0,400.0,both,-7017.0,7017.0,False,-19.0,19.0,False,1.0,1.0,False,-344.0,344.0,False,-5.7,5.7,False,5.4,5.4,False,-2180.0,2180.0,False,-3190.0,3190.0,False,-362.0,362.0,False
VirtualFlow/VFVS,2025-08,control,1b9eb391aaf36f2d58c1ea8e184e9d5d8c44018d,1112.0,2.0,1.0,35.0,0.0,15.1,344.0,370.0,38.0,0,,0,,control,1112.0,2.0,0.0,28.0,0.0,15.1,344.0,335.0,30.0,both,0.0,0.0,True,0.0,0.0,True,1.0,1.0,False,7.0,7.0,False,0.0,0.0,True,0.0,0.0,True,0.0,0.0,True,35.0,35.0,False,8.0,8.0,False
Wang-ML-Lab/unified-continual-learning,2024-01,control,ece69da47b40a18cd53cd89a4517c9b4c0ce29b5,3650.0,2.0,2.0,107.0,9.0,18.8,402.0,492.0,111.0,0,,0,,control,,,,,,,,,,both,,,False,,,False,,,False,,,False,,,False,,,False,,,False,,,False,,,False
Wang-ML-Lab/unified-continual-learning,2024-02,control,ece69da47b40a18cd53cd89a4517c9b4c0ce29b5,3650.0,2.0,2.0,107.0,9.0,18.8,402.0,492.0,111.0,0,,0,,control,,,,,,,,,,both,,,False,,,False,,,False,,,False,,,False,,,False,,,False,,,False,,,False
Wang-ML-Lab/unified-continual-learning,2024-03,control,ece69da47b40a18cd53cd89a4517c9b4c0ce29b5,3650.0,2.0,2.0,107.0,9.0,18.8,402.0,492.0,111.0,0,,0,,control,,,,,,,,,,both,,,False,,,False,,,False,,,False,,,False,,,False,,,False,,,False,,,False
Wang-ML-Lab/unified-continual-learning,2024-04,control,ece69da47b40a18cd53cd89a4517c9b4c0ce29b5,3650.0,2.0,2.0,107.0,9.0,18.8,402.0,492.0,111.0,0,,0,,control,,,,,,,,,,both,,,False,,,False,,,False,,,False,,,False,,,False,,,False,,,False,,,False
Wang-ML-Lab/unified-continual-learning,2024-05,control,ece69da47b40a18cd53cd89a4517c9b4c0ce29b5,3650.0,2.0,2.0,107.0,9.0,18.8,402.0,492.0,111.0,0,,0,,control,,,,,,,,,,both,,,False,,,False,,,False,,,False,,,False,,,False,,,False,,,False,,,False
Wang-ML-Lab/unified-continual-learning,2024-06,control,ece69da47b40a18cd53cd89a4517c9b4c0ce29b5,3650.0,2.0,2.0,107.0,9.0,18.8,402.0,492.0,111.0,0,,0,,control,,,,,,,,,,both,,,False,,,False,,,False,,,False,,,False,,,False,,,False,,,False,,,False
Wang-ML-Lab/unified-continual-learning,2024-07,control,ece69da47b40a18cd53cd89a4517c9b4c0ce29b5,3650.0,2.0,2.0,107.0,9.0,18.8,402.0,492.0,111.0,0,,0,,control,,,,,,,,,,both,,,False,,,False,,,False,,,False,,,False,,,False,,,False,,,False,,,False
Wang-ML-Lab/unified-continual-learning,2024-08,control,ece69da47b40a18cd53cd89a4517c9b4c0ce29b5,3650.0,2.0,2.0,107.0,9.0,18.8,402.0,492.0,111.0,0,,0,,control,,,,,,,,,,both,,,False,,,False,,,False,,,False,,,False,,,False,,,False,,,False,,,False
Wang-ML-Lab/unified-continual-learning,2024-09,control,ece69da47b40a18cd53cd89a4517c9b4c0ce29b5,3650.0,2.0,2.0,107.0,9.0,18.8,402.0,492.0,111.0,0,,0,,control,,,,,,,,,,both,,,False,,,False,,,False,,,False,,,False,,,False,,,False,,,False,,,False
Wang-ML-Lab/unified-continual-learning,2024-10,control,ece69da47b40a18cd53cd89a4517c9b4c0ce29b5,3650.0,2.0,2.0,107.0,9.0,18.8,402.0,492.0,111.0,0,,0,,control,,,,,,,,,,both,,,False,,,False,,,False,,,False,,,False,,,False,,,False,,,False,,,False
Wang-ML-Lab/unified-continual-learning,2024-11,control,ece69da47b40a18cd53cd89a4517c9b4c0ce29b5,3650.0,2.0,2.0,107.0,9.0,18.8,402.0,492.0,111.0,0,,0,,control,,,,,,,,,,both,,,False,,,False,,,False,,,False,,,False,,,False,,,False,,,False,,,False
Wang-ML-Lab/unified-continual-learning,2024-12,control,ece69da47b40a18cd53cd89a4517c9b4c0ce29b5,3650.0,2.0,2.0,107.0,9.0,18.8,402.0,492.0,111.0,0,,0,,control,,,,,,,,,,both,,,False,,,False,,,False,,,False,,,False,,,False,,,False,,,False,,,False
Wang-ML-Lab/unified-continual-learning,2025-01,control,b631651a1bc8e408cbf4d94bb3f4abb494c7b953,3650.0,2.0,2.0,107.0,9.0,18.8,402.0,492.0,111.0,0,,0,,control,3650.0,2.0,0.0,102.0,9.0,18.8,402.0,507.0,104.0,both,0.0,0.0,True,0.0,0.0,True,2.0,2.0,False,5.0,5.0,False,0.0,0.0,True,0.0,0.0,True,0.0,0.0,True,-15.0,15.0,False,7.0,7.0,False
Wang-ML-Lab/unified-continual-learning,2025-02,control,b631651a1bc8e408cbf4d94bb3f4abb494c7b953,3650.0,2.0,2.0,107.0,9.0,18.8,402.0,492.0,111.0,,,,,,,,,,,,,,,left_only,,,False,,,False,,,False,,,False,,,False,,,False,,,False,,,False,,,False
Wang-ML-Lab/unified-continual-learning,2025-03,control,b631651a1bc8e408cbf4d94bb3f4abb494c7b953,3650.0,2.0,2.0,107.0,9.0,18.8,402.0,492.0,111.0,,,,,,,,,,,,,,,left_only,,,False,,,False,,,False,,,False,,,False,,,False,,,False,,,False,,,False
Wang-ML-Lab/unified-continual-learning,2025-04,control,b631651a1bc8e408cbf4d94bb3f4abb494c7b953,3650.0,2.0,2.0,107.0,9.0,18.8,402.0,492.0,111.0,,,,,,,,,,,,,,,left_only,,,False,,,False,,,False,,,False,,,False,,,False,,,False,,,False,,,False
Wang-ML-Lab/unified-continual-learning,2025-05,control,b631651a1bc8e408cbf4d94bb3f4abb494c7b953,3650.0,2.0,2.0,107.0,9.0,18.8,402.0,492.0,111.0,,,,,,,,,,,,,,,left_only,,,False,,,False,,,False,,,False,,,False,,,False,,,False,,,False,,,False
Wang-ML-Lab/unified-continual-learning,2025-06,control,b631651a1bc8e408cbf4d94bb3f4abb494c7b953,3650.0,2.0,2.0,107.0,9.0,18.8,402.0,492.0,111.0,,,,,,,,,,,,,,,left_only,,,False,,,False,,,False,,,False,,,False,,,False,,,False,,,False,,,False
Wang-ML-Lab/unified-continual-learning,2025-07,control,b631651a1bc8e408cbf4d94bb3f4abb494c7b953,3650.0,2.0,2.0,107.0,9.0,18.8,402.0,492.0,111.0,,,,,,,,,,,,,,,left_only,,,False,,,False,,,False,,,False,,,False,,,False,,,False,,,False,,,False
Wang-ML-Lab/unified-continual-learning,2025-08,control,b631651a1bc8e408cbf4d94bb3f4abb494c7b953,3650.0,2.0,2.0,107.0,9.0,18.8,402.0,492.0,111.0,,,,,,,,,,,,,,,left_only,,,False,,,False,,,False,,,False,,,False,,,False,,,False,,,False,,,False
adelatour11/androidtvbackground,2024-04,control,9d6dbd6cba861bff31a2d39c2acfd4f71f2010e7,433.0,0.0,0.0,18.0,0.0,25.5,111.0,118.0,18.0,0,,0,,control,433.0,0.0,0.0,16.0,0.0,25.5,111.0,114.0,16.0,both,0.0,0.0,True,0.0,0.0,True,0.0,0.0,True,2.0,2.0,False,0.0,0.0,True,0.0,0.0,True,0.0,0.0,True,4.0,4.0,False,2.0,2.0,False
adelatour11/androidtvbackground,2024-05,control,643fc587f6a4462f0c0402be899059877cbf3df9,435.0,0.0,0.0,17.0,0.0,25.8,113.0,115.0,17.0,0,,0,,control,435.0,0.0,0.0,15.0,0.0,25.8,113.0,111.0,15.0,both,0.0,0.0,True,0.0,0.0,True,0.0,0.0,True,2.0,2.0,False,0.0,0.0,True,0.0,0.0,True,0.0,0.0,True,4.0,4.0,False,2.0,2.0,False
adelatour11/androidtvbackground,2024-06,control,ff3845ffb8172920c0c224052b77fa81708c463e,605.0,0.0,0.0,20.0,0.0,22.6,176.0,163.0,20.0,0,,0,,control,605.0,0.0,0.0,18.0,0.0,22.6,176.0,159.0,18.0,both,0.0,0.0,True,0.0,0.0,True,0.0,0.0,True,2.0,2.0,False,0.0,0.0,True,0.0,0.0,True,0.0,0.0,True,4.0,4.0,False,2.0,2.0,False
adelatour11/androidtvbackground,2024-07,control,ff3845ffb8172920c0c224052b77fa81708c463e,605.0,0.0,0.0,20.0,0.0,22.6,176.0,163.0,20.0,0,,0,,control,605.0,0.0,0.0,18.0,0.0,22.6,176.0,159.0,18.0,both,0.0,0.0,True,0.0,0.0,True,0.0,0.0,True,2.0,2.0,False,0.0,0.0,True,0.0,0.0,True,0.0,0.0,True,4.0,4.0,False,2.0,2.0,False
adelatour11/androidtvbackground,2024-08,control,ff3845ffb8172920c0c224052b77fa81708c463e,605.0,0.0,0.0,20.0,0.0,22.6,176.0,163.0,20.0,0,,0,,control,605.0,0.0,0.0,18.0,0.0,22.6,176.0,159.0,18.0,both,0.0,0.0,True,0.0,0.0,True,0.0,0.0,True,2.0,2.0,False,0.0,0.0,True,0.0,0.0,True,0.0,0.0,True,4.0,4.0,False,2.0,2.0,False
adelatour11/androidtvbackground,2024-09,control,ff3845ffb8172920c0c224052b77fa81708c463e,605.0,0.0,0.0,20.0,0.0,22.6,176.0,163.0,20.0,0,,0,,control,605.0,0.0,0.0,18.0,0.0,22.6,176.0,159.0,18.0,both,0.0,0.0,True,0.0,0.0,True,0.0,0.0,True,2.0,2.0,False,0.0,0.0,True,0.0,0.0,True,0.0,0.0,True,4.0,4.0,False,2.0,2.0,False
adelatour11/androidtvbackground,2024-10,control,ff3845ffb8172920c0c224052b77fa81708c463e,605.0,0.0,0.0,20.0,0.0,22.6,176.0,163.0,20.0,0,,0,,control,605.0,0.0,0.0,18.0,0.0,22.6,176.0,159.0,18.0,both,0.0,0.0,True,0.0,0.0,True,0.0,0.0,True,2.0,2.0,False,0.0,0.0,True,0.0,0.0,True,0.0,0.0,True,4.0,4.0,False,2.0,2.0,False
adelatour11/androidtvbackground,2024-11,control,ff3845ffb8172920c0c224052b77fa81708c463e,605.0,0.0,0.0,20.0,0.0,22.6,176.0,163.0,20.0,0,,0,,control,605.0,0.0,0.0,18.0,0.0,22.6,176.0,159.0,18.0,both,0.0,0.0,True,0.0,0.0,True,0.0,0.0,True,2.0,2.0,False,0.0,0.0,True,0.0,0.0,True,0.0,0.0,True,4.0,4.0,False,2.0,2.0,False
adelatour11/androidtvbackground,2024-12,control,ff3845ffb8172920c0c224052b77fa81708c463e,605.0,0.0,0.0,20.0,0.0,22.6,176.0,163.0,20.0,0,,0,,control,605.0,0.0,0.0,18.0,0.0,22.6,176.0,159.0,18.0,both,0.0,0.0,True,0.0,0.0,True,0.0,0.0,True,2.0,2.0,False,0.0,0.0,True,0.0,0.0,True,0.0,0.0,True,4.0,4.0,False,2.0,2.0,False
adelatour11/androidtvbackground,2025-01,control,0128ef8112e8071c63f30f2aca9fde7831f5e213,618.0,0.0,0.0,8.0,0.0,17.3,220.0,131.0,8.0,0,,0,,control,618.0,0.0,0.0,8.0,0.0,17.3,220.0,131.0,8.0,both,0.0,0.0,True,0.0,0.0,True,0.0,0.0,True,0.0,0.0,True,0.0,0.0,True,0.0,0.0,True,0.0,0.0,True,0.0,0.0,True,0.0,0.0,True
adelatour11/androidtvbackground,2025-02,control,3887a623b0ad32405826237c132fec2625f83bbf,810.0,0.0,0.0,13.0,11.9,15.3,290.0,186.0,13.0,0,,0,,control,810.0,0.0,0.0,13.0,11.9,15.3,290.0,186.0,13.0,both,0.0,0.0,True,0.0,0.0,True,0.0,0.0,True,0.0,0.0,True,0.0,0.0,True,0.0,0.0,True,0.0,0.0,True,0.0,0.0,True,0.0,0.0,True
adelatour11/androidtvbackground,2025-03,control,3887a623b0ad32405826237c132fec2625f83bbf,810.0,0.0,0.0,13.0,11.9,15.3,290.0,186.0,13.0,0,,0,,control,810.0,0.0,0.0,13.0,11.9,15.3,290.0,186.0,13.0,both,0.0,0.0,True,0.0,0.0,True,0.0,0.0,True,0.0,0.0,True,0.0,0.0,True,0.0,0.0,True,0.0,0.0,True,0.0,0.0,True,0.0,0.0,True
adelatour11/androidtvbackground,2025-04,control,3887a623b0ad32405826237c132fec2625f83bbf,810.0,0.0,0.0,13.0,11.9,15.3,290.0,186.0,13.0,0,,0,,control,810.0,0.0,0.0,13.0,11.9,15.3,290.0,186.0,13.0,both,0.0,0.0,True,0.0,0.0,True,0.0,0.0,True,0.0,0.0,True,0.0,0.0,True,0.0,0.0,True,0.0,0.0,True,0.0,0.0,True,0.0,0.0,True
adelatour11/androidtvbackground,2025-05,control,3887a623b0ad32405826237c132fec2625f83bbf,810.0,0.0,0.0,13.0,11.9,15.3,290.0,186.0,13.0,0,,0,,control,810.0,0.0,0.0,13.0,11.9,15.3,290.0,186.0,13.0,both,0.0,0.0,True,0.0,0.0,True,0.0,0.0,True,0.0,0.0,True,0.0,0.0,True,0.0,0.0,True,0.0,0.0,True,0.0,0.0,True,0.0,0.0,True
adelatour11/androidtvbackground,2025-06,control,aff8e8fe4c7de868cd845610797d2c4fe47deb05,1188.0,0.0,0.0,19.0,0.0,25.4,428.0,237.0,19.0,0,,0,,control,1188.0,0.0,0.0,19.0,0.0,25.4,428.0,237.0,19.0,both,0.0,0.0,True,0.0,0.0,True,0.0,0.0,True,0.0,0.0,True,0.0,0.0,True,0.0,0.0,True,0.0,0.0,True,0.0,0.0,True,0.0,0.0,True
adelatour11/androidtvbackground,2025-07,control,4d2dd2139cb7a32df68d24494631373a4b5b1807,1382.0,0.0,0.0,28.0,0.0,21.5,519.0,288.0,28.0,0,,0,,control,1382.0,0.0,0.0,28.0,0.0,21.5,519.0,288.0,28.0,both,0.0,0.0,True,0.0,0.0,True,0.0,0.0,True,0.0,0.0,True,0.0,0.0,True,0.0,0.0,True,0.0,0.0,True,0.0,0.0,True,0.0,0.0,True
adelatour11/androidtvbackground,2025-08,control,4d82c578f6308417109ba352bffef004e4901c76,1714.0,0.0,0.0,33.0,0.0,21.6,622.0,322.0,33.0,0,,0,,control,1714.0,0.0,0.0,33.0,0.0,21.6,622.0,322.0,33.0,both,0.0,0.0,True,0.0,0.0,True,0.0,0.0,True,0.0,0.0,True,0.0,0.0,True,0.0,0.0,True,0.0,0.0,True,0.0,0.0,True,0.0,0.0,True
aio-libs/aiohttp,2024-01,control,fa2bb5d2594043ab7ebc6153f2c6ef3a728c328a,45535.0,12.0,3.0,338.0,2.4,6.7,4170.0,2660.0,353.0,0,,0,,control,45535.0,15.0,0.0,582.0,2.4,6.7,4170.0,4111.0,597.0,both,0.0,0.0,True,-3.0,3.0,False,3.0,3.0,False,-244.0,244.0,False,0.0,0.0,True,0.0,0.0,True,0.0,0.0,True,-1451.0,1451.0,False,-244.0,244.0,False
aio-libs/aiohttp,2024-02,control,a75ed655d7200102bb0129445469a6f5b6fc7f45,45879.0,13.0,3.0,357.0,2.4,6.7,4215.0,2836.0,373.0,0,,0,,control,45879.0,19.0,0.0,603.0,2.4,6.7,4215.0,4346.0,622.0,both,0.0,0.0,True,-6.0,6.0,False,3.0,3.0,False,-246.0,246.0,False,0.0,0.0,True,0.0,0.0,True,0.0,0.0,True,-1510.0,1510.0,False,-249.0,249.0,False
aio-libs/aiohttp,2024-03,control,1542348fb93fabac142833d267c22210644c0b5e,46012.0,12.0,3.0,343.0,2.4,6.7,4187.0,2671.0,358.0,0,,0,,control,46012.0,15.0,0.0,589.0,2.4,6.7,4187.0,4152.0,604.0,both,0.0,0.0,True,-3.0,3.0,False,3.0,3.0,False,-246.0,246.0,False,0.0,0.0,True,0.0,0.0,True,0.0,0.0,True,-1481.0,1481.0,False,-246.0,246.0,False
aio-libs/aiohttp,2024-04,control,c215e56dc175e9da545e73b00531f743833e0de8,46293.0,12.0,3.0,358.0,2.4,6.8,4261.0,2839.0,373.0,0,,0,,control,46293.0,19.0,0.0,599.0,2.4,6.8,4261.0,4320.0,618.0,both,0.0,0.0,True,-7.0,7.0,False,3.0,3.0,False,-241.0,241.0,False,0.0,0.0,True,0.0,0.0,True,0.0,0.0,True,-1481.0,1481.0,False,-245.0,245.0,False
aio-libs/aiohttp,2024-05,control,25e3e41ad0012381f214886ff437b924a4fda2f2,46294.0,12.0,3.0,359.0,2.4,6.8,4261.0,2844.0,374.0,0,,0,,control,46294.0,19.0,0.0,599.0,2.4,6.8,4261.0,4320.0,618.0,both,0.0,0.0,True,-7.0,7.0,False,3.0,3.0,False,-240.0,240.0,False,0.0,0.0,True,0.0,0.0,True,0.0,0.0,True,-1476.0,1476.0,False,-244.0,244.0,False
aio-libs/aiohttp,2024-06,control,10e3940aff0945180b71193a45cedf927b4d448d,46294.0,12.0,3.0,359.0,2.4,6.8,4261.0,2844.0,374.0,0,,0,,control,46294.0,19.0,0.0,599.0,2.4,6.8,4261.0,4320.0,618.0,both,0.0,0.0,True,-7.0,7.0,False,3.0,3.0,False,-240.0,240.0,False,0.0,0.0,True,0.0,0.0,True,0.0,0.0,True,-1476.0,1476.0,False,-244.0,244.0,False
aio-libs/aiohttp,2024-07,control,4c81115c0318aa2c7975cb92eeb8fcde9fc84f8f,46795.0,12.0,3.0,375.0,2.5,6.8,4287.0,2930.0,390.0,0,,0,,control,46795.0,20.0,0.0,599.0,2.6,6.8,4287.0,4326.0,619.0,both,0.0,0.0,True,-8.0,8.0,False,3.0,3.0,False,-224.0,224.0,False,-0.10000000000000009,0.10000000000000009,False,0.0,0.0,True,0.0,0.0,True,-1396.0,1396.0,False,-229.0,229.0,False
aio-libs/aiohttp,2024-08,control,b73a4c170c64e2691331542d30133df3d54032c0,47830.0,12.0,3.0,377.0,2.6,6.8,4343.0,2928.0,392.0,0,,0,,control,47830.0,20.0,0.0,606.0,2.6,6.8,4343.0,4360.0,626.0,both,0.0,0.0,True,-8.0,8.0,False,3.0,3.0,False,-229.0,229.0,False,0.0,0.0,True,0.0,0.0,True,0.0,0.0,True,-1432.0,1432.0,False,-234.0,234.0,False
aio-libs/aiohttp,2024-09,control,22a12cc2e2ef289d9e96fd87dfc17272177e52ac,48828.0,8.0,3.0,346.0,2.6,6.9,4444.0,2906.0,357.0,0,,0,,control,48828.0,21.0,0.0,528.0,2.6,6.9,4444.0,4400.0,549.0,both,0.0,0.0,True,-13.0,13.0,False,3.0,3.0,False,-182.0,182.0,False,0.0,0.0,True,0.0,0.0,True,0.0,0.0,True,-1494.0,1494.0,False,-192.0,192.0,False
aio-libs/aiohttp,2024-10,control,e86b72f663ab1918e588853bf5fe5f458f72dbf2,49800.0,7.0,3.0,345.0,3.9,7.1,4608.0,3013.0,355.0,0,,0,,control,49521.0,21.0,0.0,528.0,2.8,7.0,4471.0,4413.0,549.0,both,279.0,279.0,False,-14.0,14.0,False,3.0,3.0,False,-183.0,183.0,False,1.1,1.1,False,0.09999999999999964,0.09999999999999964,False,137.0,137.0,False,-1400.0,1400.0,False,-194.0,194.0,False
aio-libs/aiohttp,2024-11,control,a37c4f28b7e3a4d19de283b36133abf9f4cb73cc,52310.0,7.0,3.0,354.0,4.7,7.2,4739.0,3015.0,364.0,0,,0,,control,51946.0,27.0,0.0,533.0,3.4,7.2,4574.0,4387.0,560.0,both,364.0,364.0,False,-20.0,20.0,False,3.0,3.0,False,-179.0,179.0,False,1.3000000000000003,1.3000000000000003,False,0.0,0.0,True,165.0,165.0,False,-1372.0,1372.0,False,-196.0,196.0,False
aio-libs/aiohttp,2024-12,control,b103bbca6b753e5b5357367cbaed10c7eade5a44,52545.0,7.0,4.0,358.0,4.6,7.2,4775.0,3025.0,369.0,0,,0,,control,52181.0,27.0,1.0,533.0,3.3,7.2,4610.0,4377.0,561.0,both,364.0,364.0,False,-20.0,20.0,False,3.0,3.0,False,-175.0,175.0,False,1.2999999999999998,1.2999999999999998,False,0.0,0.0,True,165.0,165.0,False,-1352.0,1352.0,False,-192.0,192.0,False
aio-libs/aiohttp,2025-01,control,3ef5f00f4cb4b4f7b2d6080485b399207c6a525f,52581.0,7.0,4.0,356.0,4.6,7.2,4779.0,3000.0,367.0,0,,0,,control,52217.0,27.0,1.0,532.0,3.3,7.2,4614.0,4357.0,560.0,both,364.0,364.0,False,-20.0,20.0,False,3.0,3.0,False,-176.0,176.0,False,1.2999999999999998,1.2999999999999998,False,0.0,0.0,True,165.0,165.0,False,-1357.0,1357.0,False,-193.0,193.0,False
aio-libs/aiohttp,2025-02,control,a5f520552d95fd0b348c9183cd51b38869a49334,53955.0,4.0,4.0,365.0,5.5,7.4,4641.0,2912.0,373.0,0,,0,,control,53584.0,21.0,1.0,478.0,4.2,7.4,4476.0,3854.0,500.0,both,371.0,371.0,False,-17.0,17.0,False,3.0,3.0,False,-113.0,113.0,False,1.2999999999999998,1.2999999999999998,False,0.0,0.0,True,165.0,165.0,False,-942.0,942.0,False,-127.0,127.0,False
aio-libs/aiohttp,2025-03,control,d2d3621211348aecb3d568e634ba0abb016b6009,52980.0,6.0,4.0,356.0,4.7,7.3,4816.0,2995.0,366.0,0,,0,,control,52617.0,27.0,1.0,539.0,3.4,7.3,4651.0,4407.0,567.0,both,363.0,363.0,False,-21.0,21.0,False,3.0,3.0,False,-183.0,183.0,False,1.3000000000000003,1.3000000000000003,False,0.0,0.0,True,165.0,165.0,False,-1412.0,1412.0,False,-201.0,201.0,False
aio-libs/aiohttp,2025-04,control,299fe00a2b7b1f5def7daa98260263a61bc9772d,53727.0,6.0,4.0,366.0,4.8,7.3,4837.0,3018.0,376.0,0,,0,,control,54488.0,22.0,1.0,489.0,4.4,7.5,4536.0,3910.0,512.0,both,-761.0,761.0,False,-16.0,16.0,False,3.0,3.0,False,-123.0,123.0,False,0.39999999999999947,0.39999999999999947,False,-0.20000000000000018,0.20000000000000018,False,301.0,301.0,False,-892.0,892.0,False,-136.0,136.0,False
aio-libs/aiohttp,2025-05,control,1710f059dd6c63fcac1efbfd041b1e1cdda9f474,59836.0,6.0,5.0,411.0,4.6,9.8,5311.0,3321.0,422.0,0,,0,,control,59471.0,35.0,1.0,572.0,3.5,9.8,5161.0,4657.0,608.0,both,365.0,365.0,False,-29.0,29.0,False,4.0,4.0,False,-161.0,161.0,False,1.0999999999999996,1.0999999999999996,False,0.0,0.0,True,150.0,150.0,False,-1336.0,1336.0,False,-186.0,186.0,False
aio-libs/aiohttp,2025-06,control,84a2bf121836b29cdf8b2a9aa3308cb6dcc9fb35,62596.0,6.0,5.0,418.0,4.5,10.6,5514.0,3423.0,429.0,0,,0,,control,62231.0,38.0,4.0,578.0,3.5,10.6,5364.0,4754.0,620.0,both,365.0,365.0,False,-32.0,32.0,False,1.0,1.0,False,-160.0,160.0,False,1.0,1.0,False,0.0,0.0,True,150.0,150.0,False,-1331.0,1331.0,False,-191.0,191.0,False
aio-libs/aiohttp,2025-07,control,f6941e738fd5f8b3b110dcf7d1e63ee41de86a70,63720.0,4.0,5.0,424.0,5.2,10.8,5362.0,3322.0,433.0,0,,0,,control,63345.0,33.0,4.0,520.0,4.1,10.8,5212.0,4224.0,557.0,both,375.0,375.0,False,-29.0,29.0,False,1.0,1.0,False,-96.0,96.0,False,1.1000000000000005,1.1000000000000005,False,0.0,0.0,True,150.0,150.0,False,-902.0,902.0,False,-124.0,124.0,False
aio-libs/aiohttp,2025-08,control,acfc2e6e34e36c5afadc665ac3a6ffb5c1e00234,63724.0,4.0,5.0,424.0,5.2,10.8,5364.0,3322.0,433.0,0,,0,,control,63349.0,33.0,4.0,520.0,4.1,10.8,5214.0,4224.0,557.0,both,375.0,375.0,False,-29.0,29.0,False,1.0,1.0,False,-96.0,96.0,False,1.1000000000000005,1.1000000000000005,False,0.0,0.0,True,150.0,150.0,False,-902.0,902.0,False,-124.0,124.0,False
aj47/100x-orchestrator,2024-11,control,2c394810aace9b232637e95c1281dd07f8caba67,1615.0,0.0,4.0,50.0,0.0,8.2,159.0,274.0,54.0,0,,0,,control,1615.0,0.0,0.0,13.0,0.0,8.2,159.0,107.0,13.0,both,0.0,0.0,True,0.0,0.0,True,4.0,4.0,False,37.0,37.0,False,0.0,0.0,True,0.0,0.0,True,0.0,0.0,True,167.0,167.0,False,41.0,41.0,False
aj47/100x-orchestrator,2024-12,control,ac9f1d7177edc0d733edd023c5ba631b61d6bbf3,2650.0,0.0,9.0,82.0,1.8,9.0,489.0,566.0,91.0,0,,0,,control,2650.0,0.0,0.0,54.0,1.8,9.0,489.0,463.0,54.0,both,0.0,0.0,True,0.0,0.0,True,9.0,9.0,False,28.0,28.0,False,0.0,0.0,True,0.0,0.0,True,0.0,0.0,True,103.0,103.0,False,37.0,37.0,False
aj47/100x-orchestrator,2025-01,control,c0f903e0768d211838793febb3ea3cc78ea325ef,3670.0,0.0,9.0,85.0,0.0,10.8,527.0,608.0,94.0,0,,0,,control,3670.0,0.0,0.0,55.0,0.0,10.8,527.0,513.0,55.0,both,0.0,0.0,True,0.0,0.0,True,9.0,9.0,False,30.0,30.0,False,0.0,0.0,True,0.0,0.0,True,0.0,0.0,True,95.0,95.0,False,39.0,39.0,False
aj47/100x-orchestrator,2025-02,control,4fede5d1be8abff710a702ee2ee324e4aa329ba3,3670.0,0.0,9.0,85.0,0.0,10.8,527.0,608.0,94.0,0,,0,,control,3670.0,0.0,0.0,55.0,0.0,10.8,527.0,513.0,55.0,both,0.0,0.0,True,0.0,0.0,True,9.0,9.0,False,30.0,30.0,False,0.0,0.0,True,0.0,0.0,True,0.0,0.0,True,95.0,95.0,False,39.0,39.0,False
aj47/100x-orchestrator,2025-03,control,4fede5d1be8abff710a702ee2ee324e4aa329ba3,3670.0,0.0,9.0,85.0,0.0,10.8,527.0,608.0,94.0,,,,,,,,,,,,,,,left_only,,,False,,,False,,,False,,,False,,,False,,,False,,,False,,,False,,,False
aj47/100x-orchestrator,2025-04,control,4fede5d1be8abff710a702ee2ee324e4aa329ba3,3670.0,0.0,9.0,85.0,0.0,10.8,527.0,608.0,94.0,,,,,,,,,,,,,,,left_only,,,False,,,False,,,False,,,False,,,False,,,False,,,False,,,False,,,False
aj47/100x-orchestrator,2025-05,control,4fede5d1be8abff710a702ee2ee324e4aa329ba3,3670.0,0.0,9.0,85.0,0.0,10.8,527.0,608.0,94.0,,,,,,,,,,,,,,,left_only,,,False,,,False,,,False,,,False,,,False,,,False,,,False,,,False,,,False
aj47/100x-orchestrator,2025-06,control,4fede5d1be8abff710a702ee2ee324e4aa329ba3,3670.0,0.0,9.0,85.0,0.0,10.8,527.0,608.0,94.0,,,,,,,,,,,,,,,left_only,,,False,,,False,,,False,,,False,,,False,,,False,,,False,,,False,,,False
aj47/100x-orchestrator,2025-07,control,4fede5d1be8abff710a702ee2ee324e4aa329ba3,3670.0,0.0,9.0,85.0,0.0,10.8,527.0,608.0,94.0,,,,,,,,,,,,,,,left_only,,,False,,,False,,,False,,,False,,,False,,,False,,,False,,,False,,,False
aj47/100x-orchestrator,2025-08,control,4fede5d1be8abff710a702ee2ee324e4aa329ba3,3670.0,0.0,9.0,85.0,0.0,10.8,527.0,608.0,94.0,,,,,,,,,,,,,,,left_only,,,False,,,False,,,False,,,False,,,False,,,False,,,False,,,False,,,False
ali-bahrainian/RAG_best_practices,2024-12,control,7e6218cb7260e337747c807bc28f60516fa7b760,673.0,0.0,0.0,15.0,0.0,37.4,161.0,75.0,15.0,0,,0,,control,673.0,0.0,0.0,15.0,0.0,37.4,161.0,75.0,15.0,both,0.0,0.0,True,0.0,0.0,True,0.0,0.0,True,0.0,0.0,True,0.0,0.0,True,0.0,0.0,True,0.0,0.0,True,0.0,0.0,True,0.0,0.0,True
ali-bahrainian/RAG_best_practices,2025-01,control,735049f4a408786566fbd3823ef8cb9ba461f341,669.0,0.0,0.0,15.0,0.0,37.5,161.0,75.0,15.0,0,,0,,control,669.0,0.0,0.0,15.0,0.0,37.5,161.0,75.0,15.0,both,0.0,0.0,True,0.0,0.0,True,0.0,0.0,True,0.0,0.0,True,0.0,0.0,True,0.0,0.0,True,0.0,0.0,True,0.0,0.0,True,0.0,0.0,True
ali-bahrainian/RAG_best_practices,2025-02,control,735049f4a408786566fbd3823ef8cb9ba461f341,669.0,0.0,0.0,15.0,0.0,37.5,161.0,75.0,15.0,0,,0,,control,669.0,0.0,0.0,15.0,0.0,37.5,161.0,75.0,15.0,both,0.0,0.0,True,0.0,0.0,True,0.0,0.0,True,0.0,0.0,True,0.0,0.0,True,0.0,0.0,True,0.0,0.0,True,0.0,0.0,True,0.0,0.0,True
ali-bahrainian/RAG_best_practices,2025-03,control,be7e7ac3532da61f47c1931c68b52f647267c608,669.0,0.0,0.0,15.0,0.0,37.5,161.0,75.0,15.0,0,,0,,control,669.0,0.0,0.0,15.0,0.0,37.5,161.0,75.0,15.0,both,0.0,0.0,True,0.0,0.0,True,0.0,0.0,True,0.0,0.0,True,0.0,0.0,True,0.0,0.0,True,0.0,0.0,True,0.0,0.0,True,0.0,0.0,True
ali-bahrainian/RAG_best_practices,2025-04,control,be7e7ac3532da61f47c1931c68b52f647267c608,669.0,0.0,0.0,15.0,0.0,37.5,161.0,75.0,15.0,,,,,,,,,,,,,,,left_only,,,False,,,False,,,False,,,False,,,False,,,False,,,False,,,False,,,False
ali-bahrainian/RAG_best_practices,2025-05,control,be7e7ac3532da61f47c1931c68b52f647267c608,669.0,0.0,0.0,15.0,0.0,37.5,161.0,75.0,15.0,,,,,,,,,,,,,,,left_only,,,False,,,False,,,False,,,False,,,False,,,False,,,False,,,False,,,False
ali-bahrainian/RAG_best_practices,2025-06,control,be7e7ac3532da61f47c1931c68b52f647267c608,669.0,0.0,0.0,15.0,0.0,37.5,161.0,75.0,15.0,,,,,,,,,,,,,,,left_only,,,False,,,False,,,False,,,False,,,False,,,False,,,False,,,False,,,False
ali-bahrainian/RAG_best_practices,2025-07,control,be7e7ac3532da61f47c1931c68b52f647267c608,669.0,0.0,0.0,15.0,0.0,37.5,161.0,75.0,15.0,,,,,,,,,,,,,,,left_only,,,False,,,False,,,False,,,False,,,False,,,False,,,False,,,False,,,False
ali-bahrainian/RAG_best_practices,2025-08,control,be7e7ac3532da61f47c1931c68b52f647267c608,669.0,0.0,0.0,15.0,0.0,37.5,161.0,75.0,15.0,,,,,,,,,,,,,,,left_only,,,False,,,False,,,False,,,False,,,False,,,False,,,False,,,False,,,False
aws-samples/aws-dms-cdc-data-pipeline,2024-01,control,a356ba6970f7d550a30ea4f6a83d2307573a2d81,746.0,0.0,7.0,7.0,0.0,11.4,20.0,32.0,14.0,0,,0,,control,746.0,0.0,1.0,6.0,0.0,11.4,20.0,32.0,7.0,both,0.0,0.0,True,0.0,0.0,True,6.0,6.0,False,1.0,1.0,False,0.0,0.0,True,0.0,0.0,True,0.0,0.0,True,0.0,0.0,True,7.0,7.0,False
aws-samples/aws-dms-cdc-data-pipeline,2024-02,control,6b8f482a2d290a9cd9b2e25199439567462214cf,765.0,0.0,7.0,7.0,0.0,11.1,20.0,32.0,14.0,0,,0,,control,765.0,0.0,1.0,6.0,0.0,11.1,20.0,32.0,7.0,both,0.0,0.0,True,0.0,0.0,True,6.0,6.0,False,1.0,1.0,False,0.0,0.0,True,0.0,0.0,True,0.0,0.0,True,0.0,0.0,True,7.0,7.0,False
aws-samples/aws-dms-cdc-data-pipeline,2024-03,control,1e3520d9c580cde0227bb5c971dac2be8b5e1635,771.0,0.0,7.0,7.0,0.0,12.2,20.0,32.0,14.0,0,,0,,control,771.0,0.0,1.0,6.0,0.0,12.2,20.0,32.0,7.0,both,0.0,0.0,True,0.0,0.0,True,6.0,6.0,False,1.0,1.0,False,0.0,0.0,True,0.0,0.0,True,0.0,0.0,True,0.0,0.0,True,7.0,7.0,False
aws-samples/aws-dms-cdc-data-pipeline,2024-04,control,1e3520d9c580cde0227bb5c971dac2be8b5e1635,771.0,0.0,7.0,7.0,0.0,12.2,20.0,32.0,14.0,0,,0,,control,771.0,0.0,1.0,6.0,0.0,12.2,20.0,32.0,7.0,both,0.0,0.0,True,0.0,0.0,True,6.0,6.0,False,1.0,1.0,False,0.0,0.0,True,0.0,0.0,True,0.0,0.0,True,0.0,0.0,True,7.0,7.0,False
aws-samples/aws-dms-cdc-data-pipeline,2024-05,control,7a248bbbe3b3ccc58fec30fdabcdeffc4992491f,771.0,0.0,7.0,7.0,0.0,12.2,20.0,32.0,14.0,0,,0,,control,771.0,0.0,1.0,6.0,0.0,12.2,20.0,32.0,7.0,both,0.0,0.0,True,0.0,0.0,True,6.0,6.0,False,1.0,1.0,False,0.0,0.0,True,0.0,0.0,True,0.0,0.0,True,0.0,0.0,True,7.0,7.0,False
aws-samples/aws-dms-cdc-data-pipeline,2024-06,control,7a248bbbe3b3ccc58fec30fdabcdeffc4992491f,771.0,0.0,7.0,7.0,0.0,12.2,20.0,32.0,14.0,0,,0,,control,771.0,0.0,1.0,6.0,0.0,12.2,20.0,32.0,7.0,both,0.0,0.0,True,0.0,0.0,True,6.0,6.0,False,1.0,1.0,False,0.0,0.0,True,0.0,0.0,True,0.0,0.0,True,0.0,0.0,True,7.0,7.0,False
aws-samples/aws-dms-cdc-data-pipeline,2024-07,control,d15a811b3328a4cec14534f724cbd8b6399360f0,771.0,0.0,7.0,7.0,0.0,12.2,20.0,32.0,14.0,0,,0,,control,771.0,0.0,1.0,6.0,0.0,12.2,20.0,32.0,7.0,both,0.0,0.0,True,0.0,0.0,True,6.0,6.0,False,1.0,1.0,False,0.0,0.0,True,0.0,0.0,True,0.0,0.0,True,0.0,0.0,True,7.0,7.0,False
aws-samples/aws-dms-cdc-data-pipeline,2024-08,control,543f8daf3483b4730bdd27e419a6cd2e5926b6e4,771.0,0.0,7.0,7.0,0.0,12.2,20.0,32.0,14.0,0,,0,,control,771.0,0.0,1.0,6.0,0.0,12.2,20.0,32.0,7.0,both,0.0,0.0,True,0.0,0.0,True,6.0,6.0,False,1.0,1.0,False,0.0,0.0,True,0.0,0.0,True,0.0,0.0,True,0.0,0.0,True,7.0,7.0,False
aws-samples/aws-dms-cdc-data-pipeline,2024-09,control,543f8daf3483b4730bdd27e419a6cd2e5926b6e4,771.0,0.0,7.0,7.0,0.0,12.2,20.0,32.0,14.0,0,,0,,control,771.0,0.0,1.0,6.0,0.0,12.2,20.0,32.0,7.0,both,0.0,0.0,True,0.0,0.0,True,6.0,6.0,False,1.0,1.0,False,0.0,0.0,True,0.0,0.0,True,0.0,0.0,True,0.0,0.0,True,7.0,7.0,False
aws-samples/aws-dms-cdc-data-pipeline,2024-10,control,543f8daf3483b4730bdd27e419a6cd2e5926b6e4,771.0,0.0,7.0,7.0,0.0,12.2,20.0,32.0,14.0,0,,0,,control,771.0,0.0,1.0,6.0,0.0,12.2,20.0,32.0,7.0,both,0.0,0.0,True,0.0,0.0,True,6.0,6.0,False,1.0,1.0,False,0.0,0.0,True,0.0,0.0,True,0.0,0.0,True,0.0,0.0,True,7.0,7.0,False
aws-samples/aws-dms-cdc-data-pipeline,2024-11,control,543f8daf3483b4730bdd27e419a6cd2e5926b6e4,771.0,0.0,7.0,7.0,0.0,12.2,20.0,32.0,14.0,0,,0,,control,771.0,0.0,1.0,6.0,0.0,12.2,20.0,32.0,7.0,both,0.0,0.0,True,0.0,0.0,True,6.0,6.0,False,1.0,1.0,False,0.0,0.0,True,0.0,0.0,True,0.0,0.0,True,0.0,0.0,True,7.0,7.0,False
aws-samples/aws-dms-cdc-data-pipeline,2024-12,control,543f8daf3483b4730bdd27e419a6cd2e5926b6e4,771.0,0.0,7.0,7.0,0.0,12.2,20.0,32.0,14.0,0,,0,,control,771.0,0.0,1.0,6.0,0.0,12.2,20.0,32.0,7.0,both,0.0,0.0,True,0.0,0.0,True,6.0,6.0,False,1.0,1.0,False,0.0,0.0,True,0.0,0.0,True,0.0,0.0,True,0.0,0.0,True,7.0,7.0,False
aws-samples/aws-dms-cdc-data-pipeline,2025-01,control,4196a7c2072cee21b71315957f0007c61907d932,771.0,0.0,7.0,7.0,0.0,12.2,20.0,32.0,14.0,0,,0,,control,771.0,0.0,1.0,6.0,0.0,12.2,20.0,32.0,7.0,both,0.0,0.0,True,0.0,0.0,True,6.0,6.0,False,1.0,1.0,False,0.0,0.0,True,0.0,0.0,True,0.0,0.0,True,0.0,0.0,True,7.0,7.0,False
aws-samples/aws-dms-cdc-data-pipeline,2025-02,control,4196a7c2072cee21b71315957f0007c61907d932,771.0,0.0,7.0,7.0,0.0,12.2,20.0,32.0,14.0,,,,,,,,,,,,,,,left_only,,,False,,,False,,,False,,,False,,,False,,,False,,,False,,,False,,,False
aws-samples/aws-dms-cdc-data-pipeline,2025-03,control,4196a7c2072cee21b71315957f0007c61907d932,771.0,0.0,7.0,7.0,0.0,12.2,20.0,32.0,14.0,,,,,,,,,,,,,,,left_only,,,False,,,False,,,False,,,False,,,False,,,False,,,False,,,False,,,False
aws-samples/aws-dms-cdc-data-pipeline,2025-04,control,4196a7c2072cee21b71315957f0007c61907d932,771.0,0.0,7.0,7.0,0.0,12.2,20.0,32.0,14.0,,,,,,,,,,,,,,,left_only,,,False,,,False,,,False,,,False,,,False,,,False,,,False,,,False,,,False
aws-samples/aws-dms-cdc-data-pipeline,2025-05,control,4196a7c2072cee21b71315957f0007c61907d932,771.0,0.0,7.0,7.0,0.0,12.2,20.0,32.0,14.0,,,,,,,,,,,,,,,left_only,,,False,,,False,,,False,,,False,,,False,,,False,,,False,,,False,,,False
aws-samples/aws-dms-cdc-data-pipeline,2025-06,control,4196a7c2072cee21b71315957f0007c61907d932,771.0,0.0,7.0,7.0,0.0,12.2,20.0,32.0,14.0,,,,,,,,,,,,,,,left_only,,,False,,,False,,,False,,,False,,,False,,,False,,,False,,,False,,,False
aws-samples/aws-dms-cdc-data-pipeline,2025-07,control,4196a7c2072cee21b71315957f0007c61907d932,771.0,0.0,7.0,7.0,0.0,12.2,20.0,32.0,14.0,,,,,,,,,,,,,,,left_only,,,False,,,False,,,False,,,False,,,False,,,False,,,False,,,False,,,False
aws-samples/aws-dms-cdc-data-pipeline,2025-08,control,4196a7c2072cee21b71315957f0007c61907d932,771.0,0.0,7.0,7.0,0.0,12.2,20.0,32.0,14.0,,,,,,,,,,,,,,,left_only,,,False,,,False,,,False,,,False,,,False,,,False,,,False,,,False,,,False
aws/nova-act,2025-03,control,0166b77440414fa4722ba2a00bd4efb53b8b0284,1740.0,0.0,0.0,22.0,0.0,26.8,296.0,147.0,22.0,0,,0,,control,1740.0,0.0,0.0,16.0,0.0,26.8,296.0,117.0,16.0,both,0.0,0.0,True,0.0,0.0,True,0.0,0.0,True,6.0,6.0,False,0.0,0.0,True,0.0,0.0,True,0.0,0.0,True,30.0,30.0,False,6.0,6.0,False
aws/nova-act,2025-04,control,d13683ac30876df8004b7eaeb6ed9db10607a419,2013.0,0.0,0.0,22.0,0.0,25.0,353.0,162.0,22.0,0,,0,,control,1999.0,0.0,0.0,14.0,0.0,25.0,349.0,122.0,14.0,both,14.0,14.0,False,0.0,0.0,True,0.0,0.0,True,8.0,8.0,False,0.0,0.0,True,0.0,0.0,True,4.0,4.0,False,40.0,40.0,False,8.0,8.0,False
aws/nova-act,2025-05,control,9fdf998b06aa849cefeec00490a3429837f584f2,2109.0,0.0,0.0,24.0,0.0,26.1,373.0,172.0,24.0,0,,0,,control,2109.0,0.0,0.0,16.0,0.0,26.1,373.0,132.0,16.0,both,0.0,0.0,True,0.0,0.0,True,0.0,0.0,True,8.0,8.0,False,0.0,0.0,True,0.0,0.0,True,0.0,0.0,True,40.0,40.0,False,8.0,8.0,False
aws/nova-act,2025-06,control,ec2a9086644b1fc68c0c39ed362360e2843800eb,3726.0,0.0,0.0,40.0,0.9,28.5,623.0,328.0,40.0,0,,0,,control,3726.0,0.0,0.0,32.0,1.2,28.5,623.0,285.0,32.0,both,0.0,0.0,True,0.0,0.0,True,0.0,0.0,True,8.0,8.0,False,-0.29999999999999993,0.29999999999999993,False,0.0,0.0,True,0.0,0.0,True,43.0,43.0,False,8.0,8.0,False
aws/nova-act,2025-07,control,0c34f761c63a37dc23f400ea6257163f2009b0d5,4232.0,0.0,0.0,42.0,0.8,30.1,730.0,324.0,42.0,0,,0,,control,4232.0,2.0,0.0,33.0,1.0,30.1,730.0,276.0,35.0,both,0.0,0.0,True,-2.0,2.0,False,0.0,0.0,True,9.0,9.0,False,-0.19999999999999996,0.19999999999999996,False,0.0,0.0,True,0.0,0.0,True,48.0,48.0,False,7.0,7.0,False
aws/nova-act,2025-08,control,03bf255e76814a50b7ed1cd4e9961d8d6b9dc01d,5231.0,1.0,0.0,48.0,0.7,30.0,901.0,383.0,49.0,0,,0,,control,5231.0,4.0,0.0,38.0,0.8,30.0,901.0,332.0,42.0,both,0.0,0.0,True,-3.0,3.0,False,0.0,0.0,True,10.0,10.0,False,-0.10000000000000009,0.10000000000000009,False,0.0,0.0,True,0.0,0.0,True,51.0,51.0,False,7.0,7.0,False
baaivision/EVE,2024-06,control,3bdde8cf07d29c43fde3477471803c45293f601d,6530.0,3.0,7.0,130.0,14.6,10.2,1585.0,1094.0,140.0,0,,0,,control,6530.0,3.0,0.0,103.0,14.6,10.2,1585.0,967.0,106.0,both,0.0,0.0,True,0.0,0.0,True,7.0,7.0,False,27.0,27.0,False,0.0,0.0,True,0.0,0.0,True,0.0,0.0,True,127.0,127.0,False,34.0,34.0,False
baaivision/EVE,2024-07,control,4460bd68c7279f64fa31e54c33fdc666af484b0b,6530.0,3.0,7.0,130.0,14.6,10.2,1585.0,1094.0,140.0,0,,0,,control,6530.0,3.0,0.0,103.0,14.6,10.2,1585.0,967.0,106.0,both,0.0,0.0,True,0.0,0.0,True,7.0,7.0,False,27.0,27.0,False,0.0,0.0,True,0.0,0.0,True,0.0,0.0,True,127.0,127.0,False,34.0,34.0,False
baaivision/EVE,2024-08,control,4460bd68c7279f64fa31e54c33fdc666af484b0b,6530.0,3.0,7.0,130.0,14.6,10.2,1585.0,1094.0,140.0,0,,0,,control,6530.0,3.0,0.0,103.0,14.6,10.2,1585.0,967.0,106.0,both,0.0,0.0,True,0.0,0.0,True,7.0,7.0,False,27.0,27.0,False,0.0,0.0,True,0.0,0.0,True,0.0,0.0,True,127.0,127.0,False,34.0,34.0,False
baaivision/EVE,2024-09,control,4460bd68c7279f64fa31e54c33fdc666af484b0b,6530.0,3.0,7.0,130.0,14.6,10.2,1585.0,1094.0,140.0,0,,0,,control,6530.0,3.0,0.0,103.0,14.6,10.2,1585.0,967.0,106.0,both,0.0,0.0,True,0.0,0.0,True,7.0,7.0,False,27.0,27.0,False,0.0,0.0,True,0.0,0.0,True,0.0,0.0,True,127.0,127.0,False,34.0,34.0,False
baaivision/EVE,2024-10,control,c5bd77dfa8aaf19beb22257094dede0fc487b846,6530.0,3.0,7.0,130.0,14.6,10.2,1585.0,1094.0,140.0,0,,0,,control,6530.0,3.0,0.0,103.0,14.6,10.2,1585.0,967.0,106.0,both,0.0,0.0,True,0.0,0.0,True,7.0,7.0,False,27.0,27.0,False,0.0,0.0,True,0.0,0.0,True,0.0,0.0,True,127.0,127.0,False,34.0,34.0,False
baaivision/EVE,2024-11,control,c5bd77dfa8aaf19beb22257094dede0fc487b846,6530.0,3.0,7.0,130.0,14.6,10.2,1585.0,1094.0,140.0,0,,0,,control,6530.0,3.0,0.0,103.0,14.6,10.2,1585.0,967.0,106.0,both,0.0,0.0,True,0.0,0.0,True,7.0,7.0,False,27.0,27.0,False,0.0,0.0,True,0.0,0.0,True,0.0,0.0,True,127.0,127.0,False,34.0,34.0,False
baaivision/EVE,2024-12,control,c5bd77dfa8aaf19beb22257094dede0fc487b846,6530.0,3.0,7.0,130.0,14.6,10.2,1585.0,1094.0,140.0,0,,0,,control,6530.0,3.0,0.0,103.0,14.6,10.2,1585.0,967.0,106.0,both,0.0,0.0,True,0.0,0.0,True,7.0,7.0,False,27.0,27.0,False,0.0,0.0,True,0.0,0.0,True,0.0,0.0,True,127.0,127.0,False,34.0,34.0,False
baaivision/EVE,2025-01,control,c5bd77dfa8aaf19beb22257094dede0fc487b846,6530.0,3.0,7.0,130.0,14.6,10.2,1585.0,1094.0,140.0,0,,0,,control,6530.0,3.0,0.0,103.0,14.6,10.2,1585.0,967.0,106.0,both,0.0,0.0,True,0.0,0.0,True,7.0,7.0,False,27.0,27.0,False,0.0,0.0,True,0.0,0.0,True,0.0,0.0,True,127.0,127.0,False,34.0,34.0,False
baaivision/EVE,2025-02,control,c42d6f4946b397d19a07e04a6536813684764ce8,13865.0,6.0,8.0,274.0,41.1,13.1,3157.0,2088.0,288.0,0,,0,,control,13865.0,12.0,0.0,221.0,41.1,13.1,3157.0,1828.0,233.0,both,0.0,0.0,True,-6.0,6.0,False,8.0,8.0,False,53.0,53.0,False,0.0,0.0,True,0.0,0.0,True,0.0,0.0,True,260.0,260.0,False,55.0,55.0,False
baaivision/EVE,2025-03,control,c42d6f4946b397d19a07e04a6536813684764ce8,13865.0,6.0,8.0,274.0,41.1,13.1,3157.0,2088.0,288.0,0,,0,,control,13865.0,12.0,0.0,221.0,41.1,13.1,3157.0,1828.0,233.0,both,0.0,0.0,True,-6.0,6.0,False,8.0,8.0,False,53.0,53.0,False,0.0,0.0,True,0.0,0.0,True,0.0,0.0,True,260.0,260.0,False,55.0,55.0,False
baaivision/EVE,2025-04,control,c42d6f4946b397d19a07e04a6536813684764ce8,13865.0,6.0,8.0,274.0,41.1,13.1,3157.0,2088.0,288.0,0,,0,,control,13865.0,12.0,0.0,221.0,41.1,13.1,3157.0,1828.0,233.0,both,0.0,0.0,True,-6.0,6.0,False,8.0,8.0,False,53.0,53.0,False,0.0,0.0,True,0.0,0.0,True,0.0,0.0,True,260.0,260.0,False,55.0,55.0,False
baaivision/EVE,2025-05,control,c42d6f4946b397d19a07e04a6536813684764ce8,13865.0,6.0,8.0,274.0,41.1,13.1,3157.0,2088.0,288.0,0,,0,,control,13865.0,12.0,0.0,221.0,41.1,13.1,3157.0,1828.0,233.0,both,0.0,0.0,True,-6.0,6.0,False,8.0,8.0,False,53.0,53.0,False,0.0,0.0,True,0.0,0.0,True,0.0,0.0,True,260.0,260.0,False,55.0,55.0,False
baaivision/EVE,2025-06,control,c42d6f4946b397d19a07e04a6536813684764ce8,13865.0,6.0,8.0,274.0,41.1,13.1,3157.0,2088.0,288.0,0,,0,,control,13865.0,12.0,0.0,221.0,41.1,13.1,3157.0,1828.0,233.0,both,0.0,0.0,True,-6.0,6.0,False,8.0,8.0,False,53.0,53.0,False,0.0,0.0,True,0.0,0.0,True,0.0,0.0,True,260.0,260.0,False,55.0,55.0,False
baaivision/EVE,2025-07,control,cc63ec74d9e5eb7f476c2e083eac087b2882f285,13865.0,6.0,8.0,274.0,41.1,13.1,3157.0,2088.0,288.0,0,,0,,control,13865.0,12.0,0.0,221.0,41.1,13.1,3157.0,1828.0,233.0,both,0.0,0.0,True,-6.0,6.0,False,8.0,8.0,False,53.0,53.0,False,0.0,0.0,True,0.0,0.0,True,0.0,0.0,True,260.0,260.0,False,55.0,55.0,False
baaivision/EVE,2025-08,control,cc63ec74d9e5eb7f476c2e083eac087b2882f285,13865.0,6.0,8.0,274.0,41.1,13.1,3157.0,2088.0,288.0,,,,,,,,,,,,,,,left_only,,,False,,,False,,,False,,,False,,,False,,,False,,,False,,,False,,,False
believethehype/nostrdvm,2024-01,control,d38a7cf1833f29ff1d16d392e0ac45bcca3c94cd,11213.0,8.0,2.0,371.0,10.9,5.9,3062.0,3483.0,381.0,0,,0,,control,11214.0,7.0,2.0,386.0,10.9,5.9,3062.0,3278.0,395.0,both,-1.0,1.0,False,1.0,1.0,False,0.0,0.0,True,-15.0,15.0,False,0.0,0.0,True,0.0,0.0,True,0.0,0.0,True,205.0,205.0,False,-14.0,14.0,False
believethehype/nostrdvm,2024-02,control,1fd708e9565070c5f488dd84b4cdb1f035b62c2c,13243.0,10.0,2.0,514.0,13.1,5.7,3565.0,4267.0,526.0,0,,0,,control,13244.0,9.0,2.0,530.0,13.1,5.7,3565.0,3942.0,541.0,both,-1.0,1.0,False,1.0,1.0,False,0.0,0.0,True,-16.0,16.0,False,0.0,0.0,True,0.0,0.0,True,0.0,0.0,True,325.0,325.0,False,-15.0,15.0,False
believethehype/nostrdvm,2024-03,control,1f4f7cd5ac26006cdd339cf14028c89f2fd5df00,16370.0,9.0,2.0,665.0,11.9,6.0,4462.0,5662.0,676.0,0,,0,,control,16371.0,28.0,2.0,666.0,11.9,6.0,4462.0,5185.0,696.0,both,-1.0,1.0,False,-19.0,19.0,False,0.0,0.0,True,-1.0,1.0,False,0.0,0.0,True,0.0,0.0,True,0.0,0.0,True,477.0,477.0,False,-20.0,20.0,False
believethehype/nostrdvm,2024-04,control,6a264f7edd6a7acb7ca49da1b587316bc6ede852,18349.0,14.0,2.0,781.0,17.3,6.0,5038.0,6562.0,797.0,0,,0,,control,18350.0,28.0,2.0,757.0,17.3,6.0,5038.0,5860.0,787.0,both,-1.0,1.0,False,-14.0,14.0,False,0.0,0.0,True,24.0,24.0,False,0.0,0.0,True,0.0,0.0,True,0.0,0.0,True,702.0,702.0,False,10.0,10.0,False
believethehype/nostrdvm,2024-05,control,9509d49186f1adcd4220db22611c7860ea7a9cd9,19443.0,15.0,2.0,796.0,18.3,6.3,5310.0,6599.0,813.0,0,,0,,control,19444.0,28.0,2.0,785.0,18.3,6.3,5310.0,6065.0,815.0,both,-1.0,1.0,False,-13.0,13.0,False,0.0,0.0,True,11.0,11.0,False,0.0,0.0,True,0.0,0.0,True,0.0,0.0,True,534.0,534.0,False,-2.0,2.0,False
believethehype/nostrdvm,2024-06,control,365e7de6aac45ddd03d91587d6566b53704d8a0c,21372.0,37.0,2.0,880.0,18.7,6.8,5701.0,7015.0,919.0,0,,0,,control,21373.0,33.0,2.0,898.0,18.7,6.8,5701.0,6637.0,933.0,both,-1.0,1.0,False,4.0,4.0,False,0.0,0.0,True,-18.0,18.0,False,0.0,0.0,True,0.0,0.0,True,0.0,0.0,True,378.0,378.0,False,-14.0,14.0,False
believethehype/nostrdvm,2024-07,control,728db264af2b01dafe19e7352d4f6b55c5ff0ccb,23458.0,36.0,2.0,970.0,21.1,8.2,6069.0,7412.0,1008.0,0,,0,,control,23459.0,32.0,2.0,1035.0,21.1,8.2,6069.0,7275.0,1069.0,both,-1.0,1.0,False,4.0,4.0,False,0.0,0.0,True,-65.0,65.0,False,0.0,0.0,True,0.0,0.0,True,0.0,0.0,True,137.0,137.0,False,-61.0,61.0,False
believethehype/nostrdvm,2024-08,control,8785288c9792a28f5aca7b34d63951113ed0ba70,26267.0,42.0,2.0,1042.0,24.2,8.4,6699.0,8094.0,1086.0,0,,0,,control,26268.0,35.0,2.0,1180.0,24.2,8.4,6699.0,8350.0,1217.0,both,-1.0,1.0,False,7.0,7.0,False,0.0,0.0,True,-138.0,138.0,False,0.0,0.0,True,0.0,0.0,True,0.0,0.0,True,-256.0,256.0,False,-131.0,131.0,False
believethehype/nostrdvm,2024-09,control,9a17d966d31a71d931ba83375444e30a12525fcd,27394.0,42.0,2.0,1233.0,23.5,8.4,7023.0,9046.0,1277.0,0,,0,,control,27395.0,39.0,2.0,1384.0,23.5,8.4,7023.0,9356.0,1425.0,both,-1.0,1.0,False,3.0,3.0,False,0.0,0.0,True,-151.0,151.0,False,0.0,0.0,True,0.0,0.0,True,0.0,0.0,True,-310.0,310.0,False,-148.0,148.0,False
believethehype/nostrdvm,2024-10,control,25dfaa5d9d8d6f1953316fc9c07bb9236c842e40,27451.0,42.0,2.0,1237.0,24.1,8.7,7017.0,9155.0,1281.0,0,,0,,control,27452.0,37.0,2.0,1379.0,24.1,8.7,7017.0,9425.0,1418.0,both,-1.0,1.0,False,5.0,5.0,False,0.0,0.0,True,-142.0,142.0,False,0.0,0.0,True,0.0,0.0,True,0.0,0.0,True,-270.0,270.0,False,-137.0,137.0,False
believethehype/nostrdvm,2024-11,control,8dedff5b20dcbaa64f40672faadb34c93b5111d2,28509.0,46.0,2.0,1115.0,23.2,8.7,7187.0,9375.0,1163.0,0,,0,,control,28510.0,38.0,2.0,1251.0,23.2,8.7,7187.0,9481.0,1291.0,both,-1.0,1.0,False,8.0,8.0,False,0.0,0.0,True,-136.0,136.0,False,0.0,0.0,True,0.0,0.0,True,0.0,0.0,True,-106.0,106.0,False,-128.0,128.0,False
believethehype/nostrdvm,2024-12,control,09873fd990809b06cc4218215f48575c41c969e3,29653.0,48.0,2.0,1142.0,23.8,8.8,7409.0,9643.0,1192.0,0,,0,,control,29654.0,36.0,2.0,1277.0,23.8,8.8,7409.0,9695.0,1315.0,both,-1.0,1.0,False,12.0,12.0,False,0.0,0.0,True,-135.0,135.0,False,0.0,0.0,True,0.0,0.0,True,0.0,0.0,True,-52.0,52.0,False,-123.0,123.0,False
believethehype/nostrdvm,2025-01,control,86d96a4772f8f217bb372c7d811277420b6cc930,30088.0,49.0,2.0,1156.0,23.8,8.5,7463.0,9767.0,1207.0,0,,0,,control,30089.0,39.0,2.0,1295.0,23.8,8.5,7463.0,9803.0,1336.0,both,-1.0,1.0,False,10.0,10.0,False,0.0,0.0,True,-139.0,139.0,False,0.0,0.0,True,0.0,0.0,True,0.0,0.0,True,-36.0,36.0,False,-129.0,129.0,False
believethehype/nostrdvm,2025-02,control,963c39ee31b67106336fa28dd56c73d065349a3d,32116.0,57.0,2.0,1187.0,22.3,8.9,7882.0,10049.0,1246.0,0,,0,,control,32117.0,39.0,2.0,1333.0,22.3,8.9,7882.0,10145.0,1374.0,both,-1.0,1.0,False,18.0,18.0,False,0.0,0.0,True,-146.0,146.0,False,0.0,0.0,True,0.0,0.0,True,0.0,0.0,True,-96.0,96.0,False,-128.0,128.0,False
believethehype/nostrdvm,2025-03,control,12d618e1897f5aeebbb669573f95b24b865bcf83,32116.0,57.0,2.0,1187.0,22.3,8.9,7882.0,10049.0,1246.0,0,,0,,control,32117.0,39.0,2.0,1333.0,22.3,8.9,7882.0,10145.0,1374.0,both,-1.0,1.0,False,18.0,18.0,False,0.0,0.0,True,-146.0,146.0,False,0.0,0.0,True,0.0,0.0,True,0.0,0.0,True,-96.0,96.0,False,-128.0,128.0,False
believethehype/nostrdvm,2025-04,control,f793b498e47e0ce9e9944d4d54e215b8c88d40f7,32120.0,57.0,2.0,1187.0,22.2,8.9,7882.0,10049.0,1246.0,0,,0,,control,32121.0,39.0,2.0,1333.0,22.2,8.9,7882.0,10145.0,1374.0,both,-1.0,1.0,False,18.0,18.0,False,0.0,0.0,True,-146.0,146.0,False,0.0,0.0,True,0.0,0.0,True,0.0,0.0,True,-96.0,96.0,False,-128.0,128.0,False
believethehype/nostrdvm,2025-05,control,80314c16683b64155db66144dfd93f4e3179e0aa,32221.0,57.0,2.0,1189.0,22.3,8.9,7900.0,10064.0,1248.0,0,,0,,control,32222.0,39.0,2.0,1335.0,22.3,8.9,7900.0,10160.0,1376.0,both,-1.0,1.0,False,18.0,18.0,False,0.0,0.0,True,-146.0,146.0,False,0.0,0.0,True,0.0,0.0,True,0.0,0.0,True,-96.0,96.0,False,-128.0,128.0,False
believethehype/nostrdvm,2025-06,control,80314c16683b64155db66144dfd93f4e3179e0aa,32221.0,57.0,2.0,1189.0,22.3,8.9,7900.0,10064.0,1248.0,0,,0,,control,32222.0,39.0,2.0,1335.0,22.3,8.9,7900.0,10160.0,1376.0,both,-1.0,1.0,False,18.0,18.0,False,0.0,0.0,True,-146.0,146.0,False,0.0,0.0,True,0.0,0.0,True,0.0,0.0,True,-96.0,96.0,False,-128.0,128.0,False
believethehype/nostrdvm,2025-07,control,80314c16683b64155db66144dfd93f4e3179e0aa,32221.0,57.0,2.0,1189.0,22.3,8.9,7900.0,10064.0,1248.0,0,,0,,control,32222.0,39.0,2.0,1335.0,22.3,8.9,7900.0,10160.0,1376.0,both,-1.0,1.0,False,18.0,18.0,False,0.0,0.0,True,-146.0,146.0,False,0.0,0.0,True,0.0,0.0,True,0.0,0.0,True,-96.0,96.0,False,-128.0,128.0,False
believethehype/nostrdvm,2025-08,control,e48dfe7e7ae497453383502f9de26ed22b0fc7e8,32258.0,57.0,2.0,1193.0,22.1,8.9,7919.0,10105.0,1252.0,0,,0,,control,32259.0,38.0,2.0,1339.0,22.1,8.9,7919.0,10201.0,1379.0,both,-1.0,1.0,False,19.0,19.0,False,0.0,0.0,True,-146.0,146.0,False,0.0,0.0,True,0.0,0.0,True,0.0,0.0,True,-96.0,96.0,False,-127.0,127.0,False
bobokun/actualtap-py,2024-07,control,a5fcb921ad47b516b36cca41ecfe36142cb0fcd0,258.0,0.0,0.0,4.0,0.0,14.9,22.0,20.0,4.0,0,,0,,control,258.0,0.0,0.0,1.0,0.0,14.9,22.0,5.0,1.0,both,0.0,0.0,True,0.0,0.0,True,0.0,0.0,True,3.0,3.0,False,0.0,0.0,True,0.0,0.0,True,0.0,0.0,True,15.0,15.0,False,3.0,3.0,False
bobokun/actualtap-py,2024-08,control,45a1dfead973828b1e14187cc7c95496522eb0ba,265.0,0.0,0.0,4.0,0.0,15.6,22.0,20.0,4.0,0,,0,,control,265.0,0.0,0.0,1.0,0.0,15.6,22.0,5.0,1.0,both,0.0,0.0,True,0.0,0.0,True,0.0,0.0,True,3.0,3.0,False,0.0,0.0,True,0.0,0.0,True,0.0,0.0,True,15.0,15.0,False,3.0,3.0,False
bobokun/actualtap-py,2024-09,control,a26e3c46adf6f1fab7f983a855d535a043c9d0f1,265.0,0.0,0.0,4.0,0.0,15.6,22.0,20.0,4.0,0,,0,,control,265.0,0.0,0.0,1.0,0.0,15.6,22.0,5.0,1.0,both,0.0,0.0,True,0.0,0.0,True,0.0,0.0,True,3.0,3.0,False,0.0,0.0,True,0.0,0.0,True,0.0,0.0,True,15.0,15.0,False,3.0,3.0,False
bobokun/actualtap-py,2024-10,control,0a0b9f8b3074166a662f745379a4eaec7e2286c4,301.0,0.0,0.0,4.0,0.0,14.5,24.0,20.0,4.0,0,,0,,control,301.0,0.0,0.0,1.0,0.0,14.5,24.0,5.0,1.0,both,0.0,0.0,True,0.0,0.0,True,0.0,0.0,True,3.0,3.0,False,0.0,0.0,True,0.0,0.0,True,0.0,0.0,True,15.0,15.0,False,3.0,3.0,False
bobokun/actualtap-py,2024-11,control,f18a4b2af590b5fcdc9fbfb576acba83448f4a7e,343.0,0.0,0.0,6.0,0.0,15.3,38.0,26.0,6.0,0,,0,,control,343.0,0.0,0.0,2.0,0.0,15.3,38.0,6.0,2.0,both,0.0,0.0,True,0.0,0.0,True,0.0,0.0,True,4.0,4.0,False,0.0,0.0,True,0.0,0.0,True,0.0,0.0,True,20.0,20.0,False,4.0,4.0,False
bobokun/actualtap-py,2024-12,control,9a1766dde5ccaec881ea3622d317c24075657f3c,347.0,0.0,0.0,6.0,0.0,15.4,38.0,26.0,6.0,0,,0,,control,347.0,0.0,0.0,2.0,0.0,15.4,38.0,6.0,2.0,both,0.0,0.0,True,0.0,0.0,True,0.0,0.0,True,4.0,4.0,False,0.0,0.0,True,0.0,0.0,True,0.0,0.0,True,20.0,20.0,False,4.0,4.0,False
bobokun/actualtap-py,2025-01,control,8aff825b3c669e457f84a2a319c45c17ebc1c3d9,348.0,0.0,0.0,6.0,0.0,15.3,38.0,26.0,6.0,0,,0,,control,348.0,0.0,0.0,2.0,0.0,15.3,38.0,6.0,2.0,both,0.0,0.0,True,0.0,0.0,True,0.0,0.0,True,4.0,4.0,False,0.0,0.0,True,0.0,0.0,True,0.0,0.0,True,20.0,20.0,False,4.0,4.0,False
bobokun/actualtap-py,2025-02,control,91d4301414af6c64524a732f970daf5cad50ff1b,348.0,0.0,0.0,6.0,0.0,15.3,38.0,26.0,6.0,0,,0,,control,348.0,0.0,0.0,2.0,0.0,15.3,38.0,6.0,2.0,both,0.0,0.0,True,0.0,0.0,True,0.0,0.0,True,4.0,4.0,False,0.0,0.0,True,0.0,0.0,True,0.0,0.0,True,20.0,20.0,False,4.0,4.0,False
bobokun/actualtap-py,2025-03,control,594fc8def9e8fc43de05b1c60d6d6c1328418b2d,348.0,0.0,0.0,6.0,0.0,15.3,38.0,26.0,6.0,0,,0,,control,348.0,0.0,0.0,2.0,0.0,15.3,38.0,6.0,2.0,both,0.0,0.0,True,0.0,0.0,True,0.0,0.0,True,4.0,4.0,False,0.0,0.0,True,0.0,0.0,True,0.0,0.0,True,20.0,20.0,False,4.0,4.0,False
bobokun/actualtap-py,2025-04,control,5da960399e0af62f7fe967931cd7ab754bc166f8,348.0,0.0,0.0,6.0,0.0,15.3,38.0,26.0,6.0,0,,0,,control,348.0,0.0,0.0,2.0,0.0,15.3,38.0,6.0,2.0,both,0.0,0.0,True,0.0,0.0,True,0.0,0.0,True,4.0,4.0,False,0.0,0.0,True,0.0,0.0,True,0.0,0.0,True,20.0,20.0,False,4.0,4.0,False
bobokun/actualtap-py,2025-05,control,cb10f3fb24b0bd412ef6f86b7d3c20701e38a163,348.0,0.0,0.0,6.0,0.0,15.3,38.0,26.0,6.0,0,,0,,control,348.0,0.0,0.0,2.0,0.0,15.3,38.0,6.0,2.0,both,0.0,0.0,True,0.0,0.0,True,0.0,0.0,True,4.0,4.0,False,0.0,0.0,True,0.0,0.0,True,0.0,0.0,True,20.0,20.0,False,4.0,4.0,False
bobokun/actualtap-py,2025-06,control,995bef727f592aa9edd92801e9d1f401b760c67f,348.0,0.0,0.0,6.0,0.0,15.3,38.0,26.0,6.0,0,,0,,control,348.0,0.0,0.0,2.0,0.0,15.3,38.0,6.0,2.0,both,0.0,0.0,True,0.0,0.0,True,0.0,0.0,True,4.0,4.0,False,0.0,0.0,True,0.0,0.0,True,0.0,0.0,True,20.0,20.0,False,4.0,4.0,False
bobokun/actualtap-py,2025-07,control,eb7fac7e0328535a7df8956bee346324bc5045d8,959.0,0.0,0.0,6.0,0.0,19.7,51.0,30.0,6.0,0,,0,,control,959.0,0.0,0.0,2.0,0.0,19.7,51.0,25.0,2.0,both,0.0,0.0,True,0.0,0.0,True,0.0,0.0,True,4.0,4.0,False,0.0,0.0,True,0.0,0.0,True,0.0,0.0,True,5.0,5.0,False,4.0,4.0,False
bobokun/actualtap-py,2025-08,control,ed5e4f556aa1a459c8cca67343262d890a2f8cbf,959.0,0.0,0.0,6.0,0.0,19.7,51.0,30.0,6.0,0,,0,,control,959.0,0.0,0.0,2.0,0.0,19.7,51.0,25.0,2.0,both,0.0,0.0,True,0.0,0.0,True,0.0,0.0,True,4.0,4.0,False,0.0,0.0,True,0.0,0.0,True,0.0,0.0,True,5.0,5.0,False,4.0,4.0,False
bropines/chrome-lens-py,2024-08,control,ad8d9902f2c9a302c532c005da8b86b7da25858a,352.0,0.0,0.0,2.0,0.0,8.6,94.0,23.0,2.0,0,,0,,control,352.0,0.0,0.0,2.0,0.0,8.6,94.0,23.0,2.0,both,0.0,0.0,True,0.0,0.0,True,0.0,0.0,True,0.0,0.0,True,0.0,0.0,True,0.0,0.0,True,0.0,0.0,True,0.0,0.0,True,0.0,0.0,True
bropines/chrome-lens-py,2024-09,control,84922f3da6764564f118d381dbd9ee84b09681b6,547.0,0.0,0.0,3.0,0.0,9.7,135.0,28.0,3.0,0,,0,,control,547.0,0.0,0.0,3.0,0.0,9.7,135.0,28.0,3.0,both,0.0,0.0,True,0.0,0.0,True,0.0,0.0,True,0.0,0.0,True,0.0,0.0,True,0.0,0.0,True,0.0,0.0,True,0.0,0.0,True,0.0,0.0,True
bropines/chrome-lens-py,2024-10,control,fd01ef9d479704ebf3b40ed2d84e650d14fa385f,606.0,0.0,0.0,9.0,0.0,9.3,162.0,67.0,9.0,0,,0,,control,606.0,0.0,0.0,6.0,0.0,9.3,162.0,52.0,6.0,both,0.0,0.0,True,0.0,0.0,True,0.0,0.0,True,3.0,3.0,False,0.0,0.0,True,0.0,0.0,True,0.0,0.0,True,15.0,15.0,False,3.0,3.0,False
bropines/chrome-lens-py,2024-11,control,e37629473f98a73ca5118f0f3970855c19e4789d,903.0,0.0,0.0,23.0,0.0,9.4,298.0,206.0,23.0,0,,0,,control,903.0,0.0,0.0,9.0,0.0,9.4,298.0,136.0,9.0,both,0.0,0.0,True,0.0,0.0,True,0.0,0.0,True,14.0,14.0,False,0.0,0.0,True,0.0,0.0,True,0.0,0.0,True,70.0,70.0,False,14.0,14.0,False
bropines/chrome-lens-py,2024-12,control,cc867b581a07a1c4dae60fc5963017d18393ee8c,976.0,0.0,0.0,23.0,0.0,9.5,303.0,209.0,23.0,0,,0,,control,976.0,0.0,0.0,9.0,0.0,9.5,303.0,139.0,9.0,both,0.0,0.0,True,0.0,0.0,True,0.0,0.0,True,14.0,14.0,False,0.0,0.0,True,0.0,0.0,True,0.0,0.0,True,70.0,70.0,False,14.0,14.0,False
bropines/chrome-lens-py,2025-01,control,9fe53b7726defcbb4189829ff8808d17c80f482d,985.0,0.0,0.0,24.0,0.0,11.2,304.0,214.0,24.0,0,,0,,control,985.0,0.0,0.0,10.0,0.0,11.2,304.0,144.0,10.0,both,0.0,0.0,True,0.0,0.0,True,0.0,0.0,True,14.0,14.0,False,0.0,0.0,True,0.0,0.0,True,0.0,0.0,True,70.0,70.0,False,14.0,14.0,False
bropines/chrome-lens-py,2025-02,control,01ca4c0bdf4c77e9cd0ace4c24e5a63df29a37ba,1107.0,4.0,0.0,26.0,4.2,11.6,331.0,243.0,30.0,0,,0,,control,1107.0,0.0,0.0,11.0,4.2,11.6,331.0,168.0,11.0,both,0.0,0.0,True,4.0,4.0,False,0.0,0.0,True,15.0,15.0,False,0.0,0.0,True,0.0,0.0,True,0.0,0.0,True,75.0,75.0,False,19.0,19.0,False
bropines/chrome-lens-py,2025-03,control,e06a26cc2df7b9f475b163cd147c2d892ae69a7b,2461.0,8.0,0.0,83.0,2.7,15.5,659.0,678.0,91.0,0,,0,,control,2461.0,0.0,0.0,24.0,2.7,15.5,659.0,383.0,24.0,both,0.0,0.0,True,8.0,8.0,False,0.0,0.0,True,59.0,59.0,False,0.0,0.0,True,0.0,0.0,True,0.0,0.0,True,295.0,295.0,False,67.0,67.0,False
bropines/chrome-lens-py,2025-04,control,e06a26cc2df7b9f475b163cd147c2d892ae69a7b,2461.0,8.0,0.0,83.0,2.7,15.5,659.0,678.0,91.0,0,,0,,control,2461.0,0.0,0.0,24.0,2.7,15.5,659.0,383.0,24.0,both,0.0,0.0,True,8.0,8.0,False,0.0,0.0,True,59.0,59.0,False,0.0,0.0,True,0.0,0.0,True,0.0,0.0,True,295.0,295.0,False,67.0,67.0,False
bropines/chrome-lens-py,2025-05,control,e06a26cc2df7b9f475b163cd147c2d892ae69a7b,2461.0,8.0,0.0,83.0,2.7,15.5,659.0,678.0,91.0,0,,0,,control,2461.0,0.0,0.0,24.0,2.7,15.5,659.0,383.0,24.0,both,0.0,0.0,True,8.0,8.0,False,0.0,0.0,True,59.0,59.0,False,0.0,0.0,True,0.0,0.0,True,0.0,0.0,True,295.0,295.0,False,67.0,67.0,False
bropines/chrome-lens-py,2025-06,control,4f1620431d6867b4088acf5de8a05f55c8a89244,3222.0,9.0,1.0,64.0,1.9,6.4,569.0,529.0,74.0,0,,0,,control,3222.0,3.0,1.0,22.0,1.9,6.4,569.0,319.0,26.0,both,0.0,0.0,True,6.0,6.0,False,0.0,0.0,True,42.0,42.0,False,0.0,0.0,True,0.0,0.0,True,0.0,0.0,True,210.0,210.0,False,48.0,48.0,False
bropines/chrome-lens-py,2025-07,control,4f1620431d6867b4088acf5de8a05f55c8a89244,3222.0,9.0,1.0,64.0,1.9,6.4,569.0,529.0,74.0,0,,0,,control,3222.0,3.0,1.0,22.0,1.9,6.4,569.0,319.0,26.0,both,0.0,0.0,True,6.0,6.0,False,0.0,0.0,True,42.0,42.0,False,0.0,0.0,True,0.0,0.0,True,0.0,0.0,True,210.0,210.0,False,48.0,48.0,False
bropines/chrome-lens-py,2025-08,control,f0ba9bc2757176ac16104b265c8003212d822a3c,3308.0,10.0,1.0,64.0,1.8,6.4,621.0,579.0,75.0,0,,0,,control,3308.0,4.0,1.0,22.0,1.8,6.4,621.0,369.0,27.0,both,0.0,0.0,True,6.0,6.0,False,0.0,0.0,True,42.0,42.0,False,0.0,0.0,True,0.0,0.0,True,0.0,0.0,True,210.0,210.0,False,48.0,48.0,False
caffeinedoom/reconthing,2024-11,control,63f6a888dcf040f261ad37f46356ce5dba6ec853,1688.0,3.0,1.0,48.0,2.1,6.1,243.0,259.0,52.0,0,,0,,control,1688.0,0.0,0.0,7.0,2.1,6.1,243.0,54.0,7.0,both,0.0,0.0,True,3.0,3.0,False,1.0,1.0,False,41.0,41.0,False,0.0,0.0,True,0.0,0.0,True,0.0,0.0,True,205.0,205.0,False,45.0,45.0,False
caffeinedoom/reconthing,2024-12,control,63f6a888dcf040f261ad37f46356ce5dba6ec853,1688.0,3.0,1.0,48.0,2.1,6.1,243.0,259.0,52.0,,,,,,,,,,,,,,,left_only,,,False,,,False,,,False,,,False,,,False,,,False,,,False,,,False,,,False
caffeinedoom/reconthing,2025-01,control,63f6a888dcf040f261ad37f46356ce5dba6ec853,1688.0,3.0,1.0,48.0,2.1,6.1,243.0,259.0,52.0,,,,,,,,,,,,,,,left_only,,,False,,,False,,,False,,,False,,,False,,,False,,,False,,,False,,,False
caffeinedoom/reconthing,2025-02,control,63f6a888dcf040f261ad37f46356ce5dba6ec853,1688.0,3.0,1.0,48.0,2.1,6.1,243.0,259.0,52.0,,,,,,,,,,,,,,,left_only,,,False,,,False,,,False,,,False,,,False,,,False,,,False,,,False,,,False
caffeinedoom/reconthing,2025-03,control,63f6a888dcf040f261ad37f46356ce5dba6ec853,1688.0,3.0,1.0,48.0,2.1,6.1,243.0,259.0,52.0,,,,,,,,,,,,,,,left_only,,,False,,,False,,,False,,,False,,,False,,,False,,,False,,,False,,,False
caffeinedoom/reconthing,2025-04,control,63f6a888dcf040f261ad37f46356ce5dba6ec853,1688.0,3.0,1.0,48.0,2.1,6.1,243.0,259.0,52.0,,,,,,,,,,,,,,,left_only,,,False,,,False,,,False,,,False,,,False,,,False,,,False,,,False,,,False
caffeinedoom/reconthing,2025-05,control,63f6a888dcf040f261ad37f46356ce5dba6ec853,1688.0,3.0,1.0,48.0,2.1,6.1,243.0,259.0,52.0,,,,,,,,,,,,,,,left_only,,,False,,,False,,,False,,,False,,,False,,,False,,,False,,,False,,,False
caffeinedoom/reconthing,2025-06,control,63f6a888dcf040f261ad37f46356ce5dba6ec853,1688.0,3.0,1.0,48.0,2.1,6.1,243.0,259.0,52.0,,,,,,,,,,,,,,,left_only,,,False,,,False,,,False,,,False,,,False,,,False,,,False,,,False,,,False
caffeinedoom/reconthing,2025-07,control,63f6a888dcf040f261ad37f46356ce5dba6ec853,1688.0,3.0,1.0,48.0,2.1,6.1,243.0,259.0,52.0,,,,,,,,,,,,,,,left_only,,,False,,,False,,,False,,,False,,,False,,,False,,,False,,,False,,,False
caffeinedoom/reconthing,2025-08,control,63f6a888dcf040f261ad37f46356ce5dba6ec853,1688.0,3.0,1.0,48.0,2.1,6.1,243.0,259.0,52.0,,,,,,,,,,,,,,,left_only,,,False,,,False,,,False,,,False,,,False,,,False,,,False,,,False,,,False
cyb3rfortr3ss/ByDeF,2025-03,control,d7b3e3870708b397ed5abbf846b77d5f1159a5a8,7.0,0.0,0.0,0.0,0.0,12.5,0.0,0.0,0.0,0,,0,,control,7.0,0.0,0.0,0.0,0.0,12.5,0.0,0.0,0.0,both,0.0,0.0,True,0.0,0.0,True,0.0,0.0,True,0.0,0.0,True,0.0,0.0,True,0.0,0.0,True,0.0,0.0,True,0.0,0.0,True,0.0,0.0,True
cyb3rfortr3ss/ByDeF,2025-04,control,d7b3e3870708b397ed5abbf846b77d5f1159a5a8,7.0,0.0,0.0,0.0,0.0,12.5,0.0,0.0,0.0,0,,0,,control,7.0,0.0,0.0,0.0,0.0,12.5,0.0,0.0,0.0,both,0.0,0.0,True,0.0,0.0,True,0.0,0.0,True,0.0,0.0,True,0.0,0.0,True,0.0,0.0,True,0.0,0.0,True,0.0,0.0,True,0.0,0.0,True
cyb3rfortr3ss/ByDeF,2025-05,control,af0b596ed25048c90b6bdee88900c8fad8fcda6c,317.0,1.0,0.0,6.0,0.0,9.9,55.0,71.0,7.0,0,,0,,control,317.0,1.0,0.0,6.0,0.0,9.9,55.0,71.0,7.0,both,0.0,0.0,True,0.0,0.0,True,0.0,0.0,True,0.0,0.0,True,0.0,0.0,True,0.0,0.0,True,0.0,0.0,True,0.0,0.0,True,0.0,0.0,True
cyb3rfortr3ss/ByDeF,2025-06,control,af0b596ed25048c90b6bdee88900c8fad8fcda6c,317.0,1.0,0.0,6.0,0.0,9.9,55.0,71.0,7.0,,,,,,,,,,,,,,,left_only,,,False,,,False,,,False,,,False,,,False,,,False,,,False,,,False,,,False
cyb3rfortr3ss/ByDeF,2025-07,control,af0b596ed25048c90b6bdee88900c8fad8fcda6c,317.0,1.0,0.0,6.0,0.0,9.9,55.0,71.0,7.0,,,,,,,,,,,,,,,left_only,,,False,,,False,,,False,,,False,,,False,,,False,,,False,,,False,,,False
cyb3rfortr3ss/ByDeF,2025-08,control,af0b596ed25048c90b6bdee88900c8fad8fcda6c,317.0,1.0,0.0,6.0,0.0,9.9,55.0,71.0,7.0,,,,,,,,,,,,,,,left_only,,,False,,,False,,,False,,,False,,,False,,,False,,,False,,,False,,,False
davidhandsome86/LLM_RAG,2024-02,control,57f27f2529bbadf6c72f236c4f10140984d2dfdd,101.0,0.0,0.0,0.0,0.0,17.9,11.0,0.0,0.0,0,,0,,control,101.0,0.0,0.0,0.0,0.0,17.9,11.0,0.0,0.0,both,0.0,0.0,True,0.0,0.0,True,0.0,0.0,True,0.0,0.0,True,0.0,0.0,True,0.0,0.0,True,0.0,0.0,True,0.0,0.0,True,0.0,0.0,True
davidhandsome86/LLM_RAG,2024-03,control,87dcfc0ac2aedc2c0b4591d96a8c049af730d1cb,101.0,0.0,0.0,0.0,0.0,17.9,11.0,0.0,0.0,0,,0,,control,101.0,0.0,0.0,0.0,0.0,17.9,11.0,0.0,0.0,both,0.0,0.0,True,0.0,0.0,True,0.0,0.0,True,0.0,0.0,True,0.0,0.0,True,0.0,0.0,True,0.0,0.0,True,0.0,0.0,True,0.0,0.0,True
davidhandsome86/LLM_RAG,2024-04,control,87dcfc0ac2aedc2c0b4591d96a8c049af730d1cb,101.0,0.0,0.0,0.0,0.0,17.9,11.0,0.0,0.0,,,,,,,,,,,,,,,left_only,,,False,,,False,,,False,,,False,,,False,,,False,,,False,,,False,,,False
davidhandsome86/LLM_RAG,2024-05,control,87dcfc0ac2aedc2c0b4591d96a8c049af730d1cb,101.0,0.0,0.0,0.0,0.0,17.9,11.0,0.0,0.0,,,,,,,,,,,,,,,left_only,,,False,,,False,,,False,,,False,,,False,,,False,,,False,,,False,,,False
davidhandsome86/LLM_RAG,2024-06,control,87dcfc0ac2aedc2c0b4591d96a8c049af730d1cb,101.0,0.0,0.0,0.0,0.0,17.9,11.0,0.0,0.0,,,,,,,,,,,,,,,left_only,,,False,,,False,,,False,,,False,,,False,,,False,,,False,,,False,,,False
davidhandsome86/LLM_RAG,2024-07,control,87dcfc0ac2aedc2c0b4591d96a8c049af730d1cb,101.0,0.0,0.0,0.0,0.0,17.9,11.0,0.0,0.0,,,,,,,,,,,,,,,left_only,,,False,,,False,,,False,,,False,,,False,,,False,,,False,,,False,,,False
davidhandsome86/LLM_RAG,2024-08,control,87dcfc0ac2aedc2c0b4591d96a8c049af730d1cb,101.0,0.0,0.0,0.0,0.0,17.9,11.0,0.0,0.0,,,,,,,,,,,,,,,left_only,,,False,,,False,,,False,,,False,,,False,,,False,,,False,,,False,,,False
davidhandsome86/LLM_RAG,2024-09,control,87dcfc0ac2aedc2c0b4591d96a8c049af730d1cb,101.0,0.0,0.0,0.0,0.0,17.9,11.0,0.0,0.0,,,,,,,,,,,,,,,left_only,,,False,,,False,,,False,,,False,,,False,,,False,,,False,,,False,,,False
davidhandsome86/LLM_RAG,2024-10,control,87dcfc0ac2aedc2c0b4591d96a8c049af730d1cb,101.0,0.0,0.0,0.0,0.0,17.9,11.0,0.0,0.0,,,,,,,,,,,,,,,left_only,,,False,,,False,,,False,,,False,,,False,,,False,,,False,,,False,,,False
davidhandsome86/LLM_RAG,2024-11,control,87dcfc0ac2aedc2c0b4591d96a8c049af730d1cb,101.0,0.0,0.0,0.0,0.0,17.9,11.0,0.0,0.0,,,,,,,,,,,,,,,left_only,,,False,,,False,,,False,,,False,,,False,,,False,,,False,,,False,,,False
davidhandsome86/LLM_RAG,2024-12,control,87dcfc0ac2aedc2c0b4591d96a8c049af730d1cb,101.0,0.0,0.0,0.0,0.0,17.9,11.0,0.0,0.0,,,,,,,,,,,,,,,left_only,,,False,,,False,,,False,,,False,,,False,,,False,,,False,,,False,,,False
davidhandsome86/LLM_RAG,2025-01,control,87dcfc0ac2aedc2c0b4591d96a8c049af730d1cb,101.0,0.0,0.0,0.0,0.0,17.9,11.0,0.0,0.0,,,,,,,,,,,,,,,left_only,,,False,,,False,,,False,,,False,,,False,,,False,,,False,,,False,,,False
davidhandsome86/LLM_RAG,2025-02,control,87dcfc0ac2aedc2c0b4591d96a8c049af730d1cb,101.0,0.0,0.0,0.0,0.0,17.9,11.0,0.0,0.0,,,,,,,,,,,,,,,left_only,,,False,,,False,,,False,,,False,,,False,,,False,,,False,,,False,,,False
davidhandsome86/LLM_RAG,2025-03,control,87dcfc0ac2aedc2c0b4591d96a8c049af730d1cb,101.0,0.0,0.0,0.0,0.0,17.9,11.0,0.0,0.0,,,,,,,,,,,,,,,left_only,,,False,,,False,,,False,,,False,,,False,,,False,,,False,,,False,,,False
davidhandsome86/LLM_RAG,2025-04,control,87dcfc0ac2aedc2c0b4591d96a8c049af730d1cb,101.0,0.0,0.0,0.0,0.0,17.9,11.0,0.0,0.0,,,,,,,,,,,,,,,left_only,,,False,,,False,,,False,,,False,,,False,,,False,,,False,,,False,,,False
davidhandsome86/LLM_RAG,2025-05,control,87dcfc0ac2aedc2c0b4591d96a8c049af730d1cb,101.0,0.0,0.0,0.0,0.0,17.9,11.0,0.0,0.0,,,,,,,,,,,,,,,left_only,,,False,,,False,,,False,,,False,,,False,,,False,,,False,,,False,,,False
davidhandsome86/LLM_RAG,2025-06,control,87dcfc0ac2aedc2c0b4591d96a8c049af730d1cb,101.0,0.0,0.0,0.0,0.0,17.9,11.0,0.0,0.0,,,,,,,,,,,,,,,left_only,,,False,,,False,,,False,,,False,,,False,,,False,,,False,,,False,,,False
davidhandsome86/LLM_RAG,2025-07,control,87dcfc0ac2aedc2c0b4591d96a8c049af730d1cb,101.0,0.0,0.0,0.0,0.0,17.9,11.0,0.0,0.0,,,,,,,,,,,,,,,left_only,,,False,,,False,,,False,,,False,,,False,,,False,,,False,,,False,,,False
davidhandsome86/LLM_RAG,2025-08,control,87dcfc0ac2aedc2c0b4591d96a8c049af730d1cb,101.0,0.0,0.0,0.0,0.0,17.9,11.0,0.0,0.0,,,,,,,,,,,,,,,left_only,,,False,,,False,,,False,,,False,,,False,,,False,,,False,,,False,,,False
daxa-ai/pebblo,2024-01,control,dd0f7f3c16db9f483fb4eabe74a13953fe69d2bf,1842.0,2.0,1.0,66.0,3.1,9.6,76.0,264.0,69.0,0,,0,,control,1843.0,2.0,0.0,36.0,3.1,9.6,76.0,114.0,38.0,both,-1.0,1.0,False,0.0,0.0,True,1.0,1.0,False,30.0,30.0,False,0.0,0.0,True,0.0,0.0,True,0.0,0.0,True,150.0,150.0,False,31.0,31.0,False
daxa-ai/pebblo,2024-02,control,fb68cbd371dea2703a715eef83e5ba8d8efb19e6,6751.0,4.0,2.0,122.0,0.9,8.4,277.0,524.0,128.0,0,,0,,control,6755.0,5.0,2.0,56.0,0.9,8.4,277.0,223.0,63.0,both,-4.0,4.0,False,-1.0,1.0,False,0.0,0.0,True,66.0,66.0,False,0.0,0.0,True,0.0,0.0,True,0.0,0.0,True,301.0,301.0,False,65.0,65.0,False
daxa-ai/pebblo,2024-03,control,8bb53c3f1461b23ebb349dd49be75ba338a87cd2,8411.0,5.0,2.0,116.0,1.3,9.5,366.0,534.0,123.0,0,,0,,control,8418.0,7.0,2.0,36.0,1.3,9.5,366.0,166.0,45.0,both,-7.0,7.0,False,-2.0,2.0,False,0.0,0.0,True,80.0,80.0,False,0.0,0.0,True,0.0,0.0,True,0.0,0.0,True,368.0,368.0,False,78.0,78.0,False
daxa-ai/pebblo,2024-04,control,c2dafbad2de48d2901b4f1b4e1abbdbfb3059e13,9814.0,6.0,5.0,151.0,3.5,9.2,468.0,743.0,162.0,0,,0,,control,9821.0,8.0,5.0,54.0,3.5,9.2,468.0,290.0,67.0,both,-7.0,7.0,False,-2.0,2.0,False,0.0,0.0,True,97.0,97.0,False,0.0,0.0,True,0.0,0.0,True,0.0,0.0,True,453.0,453.0,False,95.0,95.0,False
daxa-ai/pebblo,2024-05,control,d7943987a7eb9b40c4cf1f957a49b9109201b974,11432.0,8.0,5.0,214.0,3.1,9.3,627.0,945.0,227.0,0,,0,,control,11439.0,10.0,5.0,81.0,3.1,9.3,627.0,367.0,96.0,both,-7.0,7.0,False,-2.0,2.0,False,0.0,0.0,True,133.0,133.0,False,0.0,0.0,True,0.0,0.0,True,0.0,0.0,True,578.0,578.0,False,131.0,131.0,False
daxa-ai/pebblo,2024-06,control,c1c7567f6e9820dd1994ae08b2846b1f4b26fed9,11754.0,8.0,5.0,216.0,4.8,9.5,678.0,955.0,229.0,0,,0,,control,11761.0,10.0,5.0,84.0,4.8,9.5,678.0,377.0,99.0,both,-7.0,7.0,False,-2.0,2.0,False,0.0,0.0,True,132.0,132.0,False,0.0,0.0,True,0.0,0.0,True,0.0,0.0,True,578.0,578.0,False,130.0,130.0,False
daxa-ai/pebblo,2024-07,control,111ebf49220edbf177d96e09f6eb1852448c11ce,12850.0,11.0,6.0,232.0,5.7,9.7,768.0,1065.0,249.0,0,,0,,control,12857.0,12.0,5.0,94.0,5.7,9.7,768.0,456.0,111.0,both,-7.0,7.0,False,-1.0,1.0,False,1.0,1.0,False,138.0,138.0,False,0.0,0.0,True,0.0,0.0,True,0.0,0.0,True,609.0,609.0,False,138.0,138.0,False
daxa-ai/pebblo,2024-08,control,59a9834cf52b9f1aa69b06626702def7a1ea46ba,15726.0,11.0,6.0,221.0,6.4,9.7,1201.0,1144.0,238.0,0,,0,,control,15733.0,12.0,5.0,129.0,6.4,9.7,1201.0,765.0,146.0,both,-7.0,7.0,False,-1.0,1.0,False,1.0,1.0,False,92.0,92.0,False,0.0,0.0,True,0.0,0.0,True,0.0,0.0,True,379.0,379.0,False,92.0,92.0,False
daxa-ai/pebblo,2024-09,control,c68f56e1092764a2e0205dfb3019811d411b7e94,17253.0,13.0,6.0,229.0,7.0,9.9,1341.0,1235.0,248.0,0,,0,,control,17260.0,14.0,5.0,132.0,7.0,9.9,1341.0,839.0,151.0,both,-7.0,7.0,False,-1.0,1.0,False,1.0,1.0,False,97.0,97.0,False,0.0,0.0,True,0.0,0.0,True,0.0,0.0,True,396.0,396.0,False,97.0,97.0,False
daxa-ai/pebblo,2024-10,control,efcc3fbdfe4fd4619aea93d5b3a09e5f4c764715,17576.0,13.0,6.0,230.0,6.8,9.9,1343.0,1236.0,249.0,0,,0,,control,17583.0,14.0,5.0,133.0,6.8,9.9,1343.0,840.0,152.0,both,-7.0,7.0,False,-1.0,1.0,False,1.0,1.0,False,97.0,97.0,False,0.0,0.0,True,0.0,0.0,True,0.0,0.0,True,396.0,396.0,False,97.0,97.0,False
daxa-ai/pebblo,2024-11,control,e67b01121b7140ae6448941fb10c2f257515d1b0,17821.0,13.0,6.0,233.0,7.4,10.1,1370.0,1247.0,252.0,0,,0,,control,17828.0,18.0,5.0,135.0,7.4,10.1,1370.0,846.0,158.0,both,-7.0,7.0,False,-5.0,5.0,False,1.0,1.0,False,98.0,98.0,False,0.0,0.0,True,0.0,0.0,True,0.0,0.0,True,401.0,401.0,False,94.0,94.0,False
daxa-ai/pebblo,2024-12,control,e67b01121b7140ae6448941fb10c2f257515d1b0,17821.0,13.0,6.0,233.0,7.4,10.1,1370.0,1247.0,252.0,0,,0,,control,17828.0,18.0,5.0,135.0,7.4,10.1,1370.0,846.0,158.0,both,-7.0,7.0,False,-5.0,5.0,False,1.0,1.0,False,98.0,98.0,False,0.0,0.0,True,0.0,0.0,True,0.0,0.0,True,401.0,401.0,False,94.0,94.0,False
daxa-ai/pebblo,2025-01,control,e67b01121b7140ae6448941fb10c2f257515d1b0,17821.0,13.0,6.0,233.0,7.4,10.1,1370.0,1247.0,252.0,0,,0,,control,17828.0,18.0,5.0,135.0,7.4,10.1,1370.0,846.0,158.0,both,-7.0,7.0,False,-5.0,5.0,False,1.0,1.0,False,98.0,98.0,False,0.0,0.0,True,0.0,0.0,True,0.0,0.0,True,401.0,401.0,False,94.0,94.0,False
daxa-ai/pebblo,2025-02,control,3a962db74dc6a2ace27cbd53802b8574df503dd3,19204.0,14.0,6.0,263.0,6.8,10.7,1596.0,1475.0,283.0,0,,0,,control,19211.0,17.0,5.0,158.0,6.8,10.7,1596.0,1047.0,180.0,both,-7.0,7.0,False,-3.0,3.0,False,1.0,1.0,False,105.0,105.0,False,0.0,0.0,True,0.0,0.0,True,0.0,0.0,True,428.0,428.0,False,103.0,103.0,False
daxa-ai/pebblo,2025-03,control,3a962db74dc6a2ace27cbd53802b8574df503dd3,19204.0,14.0,6.0,263.0,6.8,10.7,1596.0,1475.0,283.0,0,,0,,control,19211.0,17.0,5.0,158.0,6.8,10.7,1596.0,1047.0,180.0,both,-7.0,7.0,False,-3.0,3.0,False,1.0,1.0,False,105.0,105.0,False,0.0,0.0,True,0.0,0.0,True,0.0,0.0,True,428.0,428.0,False,103.0,103.0,False
daxa-ai/pebblo,2025-04,control,3a962db74dc6a2ace27cbd53802b8574df503dd3,19204.0,14.0,6.0,263.0,6.8,10.7,1596.0,1475.0,283.0,0,,0,,control,19211.0,17.0,5.0,158.0,6.8,10.7,1596.0,1047.0,180.0,both,-7.0,7.0,False,-3.0,3.0,False,1.0,1.0,False,105.0,105.0,False,0.0,0.0,True,0.0,0.0,True,0.0,0.0,True,428.0,428.0,False,103.0,103.0,False
daxa-ai/pebblo,2025-05,control,3a962db74dc6a2ace27cbd53802b8574df503dd3,19204.0,14.0,6.0,263.0,6.8,10.7,1596.0,1475.0,283.0,0,,0,,control,19211.0,17.0,5.0,158.0,6.8,10.7,1596.0,1047.0,180.0,both,-7.0,7.0,False,-3.0,3.0,False,1.0,1.0,False,105.0,105.0,False,0.0,0.0,True,0.0,0.0,True,0.0,0.0,True,428.0,428.0,False,103.0,103.0,False
daxa-ai/pebblo,2025-06,control,0ecabf60c19de7cb4cefe66ee10940575860d193,19470.0,14.0,6.0,264.0,7.1,11.0,1620.0,1480.0,284.0,0,,0,,control,19477.0,19.0,5.0,158.0,7.1,11.0,1620.0,1047.0,182.0,both,-7.0,7.0,False,-5.0,5.0,False,1.0,1.0,False,106.0,106.0,False,0.0,0.0,True,0.0,0.0,True,0.0,0.0,True,433.0,433.0,False,102.0,102.0,False
daxa-ai/pebblo,2025-07,control,0ecabf60c19de7cb4cefe66ee10940575860d193,19470.0,14.0,6.0,264.0,7.1,11.0,1620.0,1480.0,284.0,,,,,,,,,,,,,,,left_only,,,False,,,False,,,False,,,False,,,False,,,False,,,False,,,False,,,False
daxa-ai/pebblo,2025-08,control,0ecabf60c19de7cb4cefe66ee10940575860d193,19470.0,14.0,6.0,264.0,7.1,11.0,1620.0,1480.0,284.0,,,,,,,,,,,,,,,left_only,,,False,,,False,,,False,,,False,,,False,,,False,,,False,,,False,,,False
dimatura/pypcd,2024-01,control,940c36b375038ba19de8c1d6b3d292ddff8c0bd4,2447.0,3.0,0.0,86.0,0.0,24.6,566.0,436.0,89.0,0,,0,,control,,,,,,,,,,both,,,False,,,False,,,False,,,False,,,False,,,False,,,False,,,False,,,False
dimatura/pypcd,2024-02,control,940c36b375038ba19de8c1d6b3d292ddff8c0bd4,2447.0,3.0,0.0,86.0,0.0,24.6,566.0,436.0,89.0,0,,0,,control,,,,,,,,,,both,,,False,,,False,,,False,,,False,,,False,,,False,,,False,,,False,,,False
dimatura/pypcd,2024-03,control,940c36b375038ba19de8c1d6b3d292ddff8c0bd4,2447.0,3.0,0.0,86.0,0.0,24.6,566.0,436.0,89.0,0,,0,,control,,,,,,,,,,both,,,False,,,False,,,False,,,False,,,False,,,False,,,False,,,False,,,False
dimatura/pypcd,2024-04,control,940c36b375038ba19de8c1d6b3d292ddff8c0bd4,2447.0,3.0,0.0,86.0,0.0,24.6,566.0,436.0,89.0,0,,0,,control,,,,,,,,,,both,,,False,,,False,,,False,,,False,,,False,,,False,,,False,,,False,,,False
dimatura/pypcd,2024-05,control,940c36b375038ba19de8c1d6b3d292ddff8c0bd4,2447.0,3.0,0.0,86.0,0.0,24.6,566.0,436.0,89.0,0,,0,,control,,,,,,,,,,both,,,False,,,False,,,False,,,False,,,False,,,False,,,False,,,False,,,False
dimatura/pypcd,2024-06,control,b8ce5f2af38b16e549ccadbe54459501761933ab,2447.0,3.0,0.0,86.0,0.0,24.6,566.0,436.0,89.0,0,,0,,control,2447.0,3.0,0.0,79.0,0.0,24.6,566.0,401.0,82.0,both,0.0,0.0,True,0.0,0.0,True,0.0,0.0,True,7.0,7.0,False,0.0,0.0,True,0.0,0.0,True,0.0,0.0,True,35.0,35.0,False,7.0,7.0,False
dimatura/pypcd,2024-07,control,6321080f704d3fa331b6b244daf55a6d774212f8,2447.0,3.0,0.0,86.0,0.0,24.6,566.0,436.0,89.0,0,,0,,control,2447.0,3.0,0.0,79.0,0.0,24.6,566.0,401.0,82.0,both,0.0,0.0,True,0.0,0.0,True,0.0,0.0,True,7.0,7.0,False,0.0,0.0,True,0.0,0.0,True,0.0,0.0,True,35.0,35.0,False,7.0,7.0,False
dimatura/pypcd,2024-08,control,6321080f704d3fa331b6b244daf55a6d774212f8,2447.0,3.0,0.0,86.0,0.0,24.6,566.0,436.0,89.0,,,,,,,,,,,,,,,left_only,,,False,,,False,,,False,,,False,,,False,,,False,,,False,,,False,,,False
dimatura/pypcd,2024-09,control,6321080f704d3fa331b6b244daf55a6d774212f8,2447.0,3.0,0.0,86.0,0.0,24.6,566.0,436.0,89.0,,,,,,,,,,,,,,,left_only,,,False,,,False,,,False,,,False,,,False,,,False,,,False,,,False,,,False
dimatura/pypcd,2024-10,control,6321080f704d3fa331b6b244daf55a6d774212f8,2447.0,3.0,0.0,86.0,0.0,24.6,566.0,436.0,89.0,,,,,,,,,,,,,,,left_only,,,False,,,False,,,False,,,False,,,False,,,False,,,False,,,False,,,False
dimatura/pypcd,2024-11,control,6321080f704d3fa331b6b244daf55a6d774212f8,2447.0,3.0,0.0,86.0,0.0,24.6,566.0,436.0,89.0,,,,,,,,,,,,,,,left_only,,,False,,,False,,,False,,,False,,,False,,,False,,,False,,,False,,,False
dimatura/pypcd,2024-12,control,6321080f704d3fa331b6b244daf55a6d774212f8,2447.0,3.0,0.0,86.0,0.0,24.6,566.0,436.0,89.0,,,,,,,,,,,,,,,left_only,,,False,,,False,,,False,,,False,,,False,,,False,,,False,,,False,,,False
dimatura/pypcd,2025-01,control,6321080f704d3fa331b6b244daf55a6d774212f8,2447.0,3.0,0.0,86.0,0.0,24.6,566.0,436.0,89.0,,,,,,,,,,,,,,,left_only,,,False,,,False,,,False,,,False,,,False,,,False,,,False,,,False,,,False
dimatura/pypcd,2025-02,control,6321080f704d3fa331b6b244daf55a6d774212f8,2447.0,3.0,0.0,86.0,0.0,24.6,566.0,436.0,89.0,,,,,,,,,,,,,,,left_only,,,False,,,False,,,False,,,False,,,False,,,False,,,False,,,False,,,False
dimatura/pypcd,2025-03,control,6321080f704d3fa331b6b244daf55a6d774212f8,2447.0,3.0,0.0,86.0,0.0,24.6,566.0,436.0,89.0,,,,,,,,,,,,,,,left_only,,,False,,,False,,,False,,,False,,,False,,,False,,,False,,,False,,,False
dimatura/pypcd,2025-04,control,6321080f704d3fa331b6b244daf55a6d774212f8,2447.0,3.0,0.0,86.0,0.0,24.6,566.0,436.0,89.0,,,,,,,,,,,,,,,left_only,,,False,,,False,,,False,,,False,,,False,,,False,,,False,,,False,,,False
dimatura/pypcd,2025-05,control,6321080f704d3fa331b6b244daf55a6d774212f8,2447.0,3.0,0.0,86.0,0.0,24.6,566.0,436.0,89.0,,,,,,,,,,,,,,,left_only,,,False,,,False,,,False,,,False,,,False,,,False,,,False,,,False,,,False
dimatura/pypcd,2025-06,control,6321080f704d3fa331b6b244daf55a6d774212f8,2447.0,3.0,0.0,86.0,0.0,24.6,566.0,436.0,89.0,,,,,,,,,,,,,,,left_only,,,False,,,False,,,False,,,False,,,False,,,False,,,False,,,False,,,False
dimatura/pypcd,2025-07,control,6321080f704d3fa331b6b244daf55a6d774212f8,2447.0,3.0,0.0,86.0,0.0,24.6,566.0,436.0,89.0,,,,,,,,,,,,,,,left_only,,,False,,,False,,,False,,,False,,,False,,,False,,,False,,,False,,,False
dimatura/pypcd,2025-08,control,6321080f704d3fa331b6b244daf55a6d774212f8,2447.0,3.0,0.0,86.0,0.0,24.6,566.0,436.0,89.0,,,,,,,,,,,,,,,left_only,,,False,,,False,,,False,,,False,,,False,,,False,,,False,,,False,,,False
djeada/Kurs-Podstaw-Pythona,2024-01,control,28db5fdf224bfcf3916266630a5d2cc0e6908b06,2989.0,4.0,0.0,90.0,5.9,10.3,643.0,599.0,94.0,0,,0,,control,,,,,,,,,,both,,,False,,,False,,,False,,,False,,,False,,,False,,,False,,,False,,,False
djeada/Kurs-Podstaw-Pythona,2024-02,control,28db5fdf224bfcf3916266630a5d2cc0e6908b06,2989.0,4.0,0.0,90.0,5.9,10.3,643.0,599.0,94.0,0,,0,,control,,,,,,,,,,both,,,False,,,False,,,False,,,False,,,False,,,False,,,False,,,False,,,False
djeada/Kurs-Podstaw-Pythona,2024-03,control,9607373ba86b30cf636052dd9b55498064b3c8f8,2989.0,4.0,0.0,90.0,5.9,10.3,643.0,599.0,94.0,0,,0,,control,2989.0,4.0,0.0,87.0,5.9,10.3,643.0,584.0,91.0,both,0.0,0.0,True,0.0,0.0,True,0.0,0.0,True,3.0,3.0,False,0.0,0.0,True,0.0,0.0,True,0.0,0.0,True,15.0,15.0,False,3.0,3.0,False
djeada/Kurs-Podstaw-Pythona,2024-04,control,8d0e9de1f09397589f384c78867e9595e1ef56f1,2989.0,4.0,0.0,90.0,5.9,10.3,643.0,599.0,94.0,0,,0,,control,2989.0,4.0,0.0,87.0,5.9,10.3,643.0,584.0,91.0,both,0.0,0.0,True,0.0,0.0,True,0.0,0.0,True,3.0,3.0,False,0.0,0.0,True,0.0,0.0,True,0.0,0.0,True,15.0,15.0,False,3.0,3.0,False
djeada/Kurs-Podstaw-Pythona,2024-05,control,da69156ef45034b6c2915d452d409370b56a64b1,2989.0,4.0,0.0,90.0,5.9,10.3,643.0,599.0,94.0,0,,0,,control,2989.0,4.0,0.0,87.0,5.9,10.3,643.0,584.0,91.0,both,0.0,0.0,True,0.0,0.0,True,0.0,0.0,True,3.0,3.0,False,0.0,0.0,True,0.0,0.0,True,0.0,0.0,True,15.0,15.0,False,3.0,3.0,False
djeada/Kurs-Podstaw-Pythona,2024-06,control,d0ac209a9a3c79873be165cc068315b6ed9d8af8,3015.0,4.0,0.0,91.0,5.9,10.3,645.0,601.0,95.0,0,,0,,control,3015.0,4.0,0.0,88.0,5.9,10.3,645.0,586.0,92.0,both,0.0,0.0,True,0.0,0.0,True,0.0,0.0,True,3.0,3.0,False,0.0,0.0,True,0.0,0.0,True,0.0,0.0,True,15.0,15.0,False,3.0,3.0,False
djeada/Kurs-Podstaw-Pythona,2024-07,control,de9119d575258c086ce84309850295f498da46cd,3015.0,4.0,0.0,91.0,5.9,10.3,645.0,601.0,95.0,0,,0,,control,3015.0,4.0,0.0,88.0,5.9,10.3,645.0,586.0,92.0,both,0.0,0.0,True,0.0,0.0,True,0.0,0.0,True,3.0,3.0,False,0.0,0.0,True,0.0,0.0,True,0.0,0.0,True,15.0,15.0,False,3.0,3.0,False
djeada/Kurs-Podstaw-Pythona,2024-08,control,a95e0316c23821dad349a60a0bbc6effa22738dc,3015.0,4.0,0.0,91.0,5.9,10.3,645.0,601.0,95.0,0,,0,,control,3015.0,4.0,0.0,88.0,5.9,10.3,645.0,586.0,92.0,both,0.0,0.0,True,0.0,0.0,True,0.0,0.0,True,3.0,3.0,False,0.0,0.0,True,0.0,0.0,True,0.0,0.0,True,15.0,15.0,False,3.0,3.0,False
djeada/Kurs-Podstaw-Pythona,2024-09,control,827fc8be3749d84001b16eed3fd87f16444aafa9,3015.0,4.0,0.0,91.0,5.9,10.3,645.0,601.0,95.0,0,,0,,control,3015.0,4.0,0.0,88.0,5.9,10.3,645.0,586.0,92.0,both,0.0,0.0,True,0.0,0.0,True,0.0,0.0,True,3.0,3.0,False,0.0,0.0,True,0.0,0.0,True,0.0,0.0,True,15.0,15.0,False,3.0,3.0,False
djeada/Kurs-Podstaw-Pythona,2024-10,control,b4d61b22c3462726f3be93901abb607b95201578,3015.0,4.0,0.0,91.0,5.9,10.3,645.0,601.0,95.0,0,,0,,control,3015.0,4.0,0.0,88.0,5.9,10.3,645.0,586.0,92.0,both,0.0,0.0,True,0.0,0.0,True,0.0,0.0,True,3.0,3.0,False,0.0,0.0,True,0.0,0.0,True,0.0,0.0,True,15.0,15.0,False,3.0,3.0,False
djeada/Kurs-Podstaw-Pythona,2024-11,control,379390701baddbf36fa5be1cde3dc979fc3bcd7a,3015.0,4.0,0.0,91.0,5.9,10.3,645.0,601.0,95.0,0,,0,,control,3015.0,4.0,0.0,88.0,5.9,10.3,645.0,586.0,92.0,both,0.0,0.0,True,0.0,0.0,True,0.0,0.0,True,3.0,3.0,False,0.0,0.0,True,0.0,0.0,True,0.0,0.0,True,15.0,15.0,False,3.0,3.0,False
djeada/Kurs-Podstaw-Pythona,2024-12,control,09b1533f92ef06b3bfbf03137e462fcb1db1dd9b,3015.0,4.0,0.0,91.0,5.9,10.3,645.0,601.0,95.0,0,,0,,control,3015.0,4.0,0.0,88.0,5.9,10.3,645.0,586.0,92.0,both,0.0,0.0,True,0.0,0.0,True,0.0,0.0,True,3.0,3.0,False,0.0,0.0,True,0.0,0.0,True,0.0,0.0,True,15.0,15.0,False,3.0,3.0,False
djeada/Kurs-Podstaw-Pythona,2025-01,control,f8c8f45ea09e9fe28d91c9841108a04ee267bd31,3015.0,4.0,0.0,91.0,5.9,10.3,645.0,601.0,95.0,0,,0,,control,3015.0,4.0,0.0,88.0,5.9,10.3,645.0,586.0,92.0,both,0.0,0.0,True,0.0,0.0,True,0.0,0.0,True,3.0,3.0,False,0.0,0.0,True,0.0,0.0,True,0.0,0.0,True,15.0,15.0,False,3.0,3.0,False
djeada/Kurs-Podstaw-Pythona,2025-02,control,f8c8f45ea09e9fe28d91c9841108a04ee267bd31,3015.0,4.0,0.0,91.0,5.9,10.3,645.0,601.0,95.0,0,,0,,control,3015.0,4.0,0.0,88.0,5.9,10.3,645.0,586.0,92.0,both,0.0,0.0,True,0.0,0.0,True,0.0,0.0,True,3.0,3.0,False,0.0,0.0,True,0.0,0.0,True,0.0,0.0,True,15.0,15.0,False,3.0,3.0,False
djeada/Kurs-Podstaw-Pythona,2025-03,control,f8c8f45ea09e9fe28d91c9841108a04ee267bd31,3015.0,4.0,0.0,91.0,5.9,10.3,645.0,601.0,95.0,0,,0,,control,3015.0,4.0,0.0,88.0,5.9,10.3,645.0,586.0,92.0,both,0.0,0.0,True,0.0,0.0,True,0.0,0.0,True,3.0,3.0,False,0.0,0.0,True,0.0,0.0,True,0.0,0.0,True,15.0,15.0,False,3.0,3.0,False
djeada/Kurs-Podstaw-Pythona,2025-04,control,f8c8f45ea09e9fe28d91c9841108a04ee267bd31,3015.0,4.0,0.0,91.0,5.9,10.3,645.0,601.0,95.0,0,,0,,control,3015.0,4.0,0.0,88.0,5.9,10.3,645.0,586.0,92.0,both,0.0,0.0,True,0.0,0.0,True,0.0,0.0,True,3.0,3.0,False,0.0,0.0,True,0.0,0.0,True,0.0,0.0,True,15.0,15.0,False,3.0,3.0,False
djeada/Kurs-Podstaw-Pythona,2025-05,control,3f1204f499a377135708d6d85a82de2caf1b297a,3015.0,4.0,0.0,91.0,5.9,10.3,645.0,601.0,95.0,0,,0,,control,3015.0,4.0,0.0,88.0,5.9,10.3,645.0,586.0,92.0,both,0.0,0.0,True,0.0,0.0,True,0.0,0.0,True,3.0,3.0,False,0.0,0.0,True,0.0,0.0,True,0.0,0.0,True,15.0,15.0,False,3.0,3.0,False
djeada/Kurs-Podstaw-Pythona,2025-06,control,3f1204f499a377135708d6d85a82de2caf1b297a,3015.0,4.0,0.0,91.0,5.9,10.3,645.0,601.0,95.0,,,,,,,,,,,,,,,left_only,,,False,,,False,,,False,,,False,,,False,,,False,,,False,,,False,,,False
djeada/Kurs-Podstaw-Pythona,2025-07,control,3f1204f499a377135708d6d85a82de2caf1b297a,3015.0,4.0,0.0,91.0,5.9,10.3,645.0,601.0,95.0,,,,,,,,,,,,,,,left_only,,,False,,,False,,,False,,,False,,,False,,,False,,,False,,,False,,,False
djeada/Kurs-Podstaw-Pythona,2025-08,control,3f1204f499a377135708d6d85a82de2caf1b297a,3015.0,4.0,0.0,91.0,5.9,10.3,645.0,601.0,95.0,,,,,,,,,,,,,,,left_only,,,False,,,False,,,False,,,False,,,False,,,False,,,False,,,False,,,False
dottxt-ai/prompts,2024-07,control,b47c9ba122b0bf40291637b678da62a6ce029eaf,264.0,0.0,0.0,2.0,0.0,43.9,4.0,20.0,2.0,0,,0,,control,264.0,0.0,0.0,3.0,0.0,43.9,4.0,25.0,3.0,both,0.0,0.0,True,0.0,0.0,True,0.0,0.0,True,-1.0,1.0,False,0.0,0.0,True,0.0,0.0,True,0.0,0.0,True,-5.0,5.0,False,-1.0,1.0,False
dottxt-ai/prompts,2024-08,control,1ce5258495a41ebf87c1ef2e8e1fed90baefe001,264.0,0.0,0.0,2.0,0.0,43.9,4.0,20.0,2.0,0,,0,,control,264.0,0.0,0.0,3.0,0.0,43.9,4.0,25.0,3.0,both,0.0,0.0,True,0.0,0.0,True,0.0,0.0,True,-1.0,1.0,False,0.0,0.0,True,0.0,0.0,True,0.0,0.0,True,-5.0,5.0,False,-1.0,1.0,False
dottxt-ai/prompts,2024-09,control,3d2689ad7c388af3ab603aa374a51ca66d9eb915,229.0,0.0,0.0,0.0,0.0,47.7,2.0,0.0,0.0,0,,0,,control,229.0,0.0,0.0,0.0,0.0,47.7,2.0,0.0,0.0,both,0.0,0.0,True,0.0,0.0,True,0.0,0.0,True,0.0,0.0,True,0.0,0.0,True,0.0,0.0,True,0.0,0.0,True,0.0,0.0,True,0.0,0.0,True
dottxt-ai/prompts,2024-10,control,3d2689ad7c388af3ab603aa374a51ca66d9eb915,229.0,0.0,0.0,0.0,0.0,47.7,2.0,0.0,0.0,0,,0,,control,229.0,0.0,0.0,0.0,0.0,47.7,2.0,0.0,0.0,both,0.0,0.0,True,0.0,0.0,True,0.0,0.0,True,0.0,0.0,True,0.0,0.0,True,0.0,0.0,True,0.0,0.0,True,0.0,0.0,True,0.0,0.0,True
dottxt-ai/prompts,2024-11,control,3d2689ad7c388af3ab603aa374a51ca66d9eb915,229.0,0.0,0.0,0.0,0.0,47.7,2.0,0.0,0.0,0,,0,,control,229.0,0.0,0.0,0.0,0.0,47.7,2.0,0.0,0.0,both,0.0,0.0,True,0.0,0.0,True,0.0,0.0,True,0.0,0.0,True,0.0,0.0,True,0.0,0.0,True,0.0,0.0,True,0.0,0.0,True,0.0,0.0,True
dottxt-ai/prompts,2024-12,control,3d2689ad7c388af3ab603aa374a51ca66d9eb915,229.0,0.0,0.0,0.0,0.0,47.7,2.0,0.0,0.0,0,,0,,control,229.0,0.0,0.0,0.0,0.0,47.7,2.0,0.0,0.0,both,0.0,0.0,True,0.0,0.0,True,0.0,0.0,True,0.0,0.0,True,0.0,0.0,True,0.0,0.0,True,0.0,0.0,True,0.0,0.0,True,0.0,0.0,True
dottxt-ai/prompts,2025-01,control,3d2689ad7c388af3ab603aa374a51ca66d9eb915,229.0,0.0,0.0,0.0,0.0,47.7,2.0,0.0,0.0,0,,0,,control,229.0,0.0,0.0,0.0,0.0,47.7,2.0,0.0,0.0,both,0.0,0.0,True,0.0,0.0,True,0.0,0.0,True,0.0,0.0,True,0.0,0.0,True,0.0,0.0,True,0.0,0.0,True,0.0,0.0,True,0.0,0.0,True
dottxt-ai/prompts,2025-02,control,3d2689ad7c388af3ab603aa374a51ca66d9eb915,229.0,0.0,0.0,0.0,0.0,47.7,2.0,0.0,0.0,0,,0,,control,229.0,0.0,0.0,0.0,0.0,47.7,2.0,0.0,0.0,both,0.0,0.0,True,0.0,0.0,True,0.0,0.0,True,0.0,0.0,True,0.0,0.0,True,0.0,0.0,True,0.0,0.0,True,0.0,0.0,True,0.0,0.0,True
dottxt-ai/prompts,2025-03,control,3d2689ad7c388af3ab603aa374a51ca66d9eb915,229.0,0.0,0.0,0.0,0.0,47.7,2.0,0.0,0.0,0,,0,,control,229.0,0.0,0.0,0.0,0.0,47.7,2.0,0.0,0.0,both,0.0,0.0,True,0.0,0.0,True,0.0,0.0,True,0.0,0.0,True,0.0,0.0,True,0.0,0.0,True,0.0,0.0,True,0.0,0.0,True,0.0,0.0,True
dottxt-ai/prompts,2025-04,control,3d2689ad7c388af3ab603aa374a51ca66d9eb915,229.0,0.0,0.0,0.0,0.0,47.7,2.0,0.0,0.0,0,,0,,control,229.0,0.0,0.0,0.0,0.0,47.7,2.0,0.0,0.0,both,0.0,0.0,True,0.0,0.0,True,0.0,0.0,True,0.0,0.0,True,0.0,0.0,True,0.0,0.0,True,0.0,0.0,True,0.0,0.0,True,0.0,0.0,True
dottxt-ai/prompts,2025-05,control,3d2689ad7c388af3ab603aa374a51ca66d9eb915,229.0,0.0,0.0,0.0,0.0,47.7,2.0,0.0,0.0,0,,0,,control,229.0,0.0,0.0,0.0,0.0,47.7,2.0,0.0,0.0,both,0.0,0.0,True,0.0,0.0,True,0.0,0.0,True,0.0,0.0,True,0.0,0.0,True,0.0,0.0,True,0.0,0.0,True,0.0,0.0,True,0.0,0.0,True
dottxt-ai/prompts,2025-06,control,3d2689ad7c388af3ab603aa374a51ca66d9eb915,229.0,0.0,0.0,0.0,0.0,47.7,2.0,0.0,0.0,0,,0,,control,229.0,0.0,0.0,0.0,0.0,47.7,2.0,0.0,0.0,both,0.0,0.0,True,0.0,0.0,True,0.0,0.0,True,0.0,0.0,True,0.0,0.0,True,0.0,0.0,True,0.0,0.0,True,0.0,0.0,True,0.0,0.0,True
dottxt-ai/prompts,2025-07,control,d386a43d3e735a56bcbf616c484ffe7fa8ed9f22,229.0,0.0,0.0,0.0,0.0,47.7,2.0,0.0,0.0,0,,0,,control,229.0,0.0,0.0,0.0,0.0,47.7,2.0,0.0,0.0,both,0.0,0.0,True,0.0,0.0,True,0.0,0.0,True,0.0,0.0,True,0.0,0.0,True,0.0,0.0,True,0.0,0.0,True,0.0,0.0,True,0.0,0.0,True
dottxt-ai/prompts,2025-08,control,d386a43d3e735a56bcbf616c484ffe7fa8ed9f22,229.0,0.0,0.0,0.0,0.0,47.7,2.0,0.0,0.0,,,,,,,,,,,,,,,left_only,,,False,,,False,,,False,,,False,,,False,,,False,,,False,,,False,,,False
dromara/domain-admin,2024-01,control,018861d9645ed015717a1875fdf446c30289f51a,8888.0,15.0,18.0,324.0,3.8,30.3,897.0,1371.0,357.0,0,,0,,control,8888.0,16.0,1.0,322.0,3.8,30.3,897.0,1370.0,339.0,both,0.0,0.0,True,-1.0,1.0,False,17.0,17.0,False,2.0,2.0,False,0.0,0.0,True,0.0,0.0,True,0.0,0.0,True,1.0,1.0,False,18.0,18.0,False
dromara/domain-admin,2024-02,control,8dd2085555021afc38b116a50c912d7595936d55,9410.0,15.0,18.0,344.0,3.8,30.0,939.0,1450.0,377.0,0,,0,,control,9410.0,16.0,1.0,345.0,3.8,30.0,939.0,1452.0,362.0,both,0.0,0.0,True,-1.0,1.0,False,17.0,17.0,False,-1.0,1.0,False,0.0,0.0,True,0.0,0.0,True,0.0,0.0,True,-2.0,2.0,False,15.0,15.0,False
dromara/domain-admin,2024-03,control,6406f470292889443bef67d6221e6ad49e0bb67c,9750.0,16.0,18.0,351.0,3.7,30.0,959.0,1481.0,385.0,0,,0,,control,9750.0,17.0,1.0,352.0,3.7,30.0,959.0,1483.0,370.0,both,0.0,0.0,True,-1.0,1.0,False,17.0,17.0,False,-1.0,1.0,False,0.0,0.0,True,0.0,0.0,True,0.0,0.0,True,-2.0,2.0,False,15.0,15.0,False
dromara/domain-admin,2024-04,control,57c9f93d9e57006343ab869f23b00f8fd0425962,9846.0,16.0,18.0,371.0,3.6,30.1,970.0,1524.0,405.0,0,,0,,control,9846.0,17.0,1.0,373.0,3.6,30.1,970.0,1529.0,391.0,both,0.0,0.0,True,-1.0,1.0,False,17.0,17.0,False,-2.0,2.0,False,0.0,0.0,True,0.0,0.0,True,0.0,0.0,True,-5.0,5.0,False,14.0,14.0,False
dromara/domain-admin,2024-05,control,dc857fc8d3efa99d3ec1586209a9aa6fb442be4f,10099.0,21.0,18.0,373.0,5.0,29.7,976.0,1531.0,412.0,0,,0,,control,10099.0,22.0,1.0,375.0,5.0,29.7,976.0,1536.0,398.0,both,0.0,0.0,True,-1.0,1.0,False,17.0,17.0,False,-2.0,2.0,False,0.0,0.0,True,0.0,0.0,True,0.0,0.0,True,-5.0,5.0,False,14.0,14.0,False
dromara/domain-admin,2024-06,control,0fbc2225825252b1e0fbe1ec1deb4450d734da38,10541.0,21.0,4.0,381.0,4.8,30.0,1020.0,1566.0,406.0,0,,0,,control,10541.0,22.0,1.0,385.0,4.8,30.0,1020.0,1578.0,408.0,both,0.0,0.0,True,-1.0,1.0,False,3.0,3.0,False,-4.0,4.0,False,0.0,0.0,True,0.0,0.0,True,0.0,0.0,True,-12.0,12.0,False,-2.0,2.0,False
dromara/domain-admin,2024-07,control,330b1299e9a82b01c31ec84a33cef2610b3bca55,11611.0,22.0,4.0,361.0,4.4,29.4,1135.0,1463.0,387.0,0,,0,,control,11611.0,23.0,1.0,368.0,4.4,29.4,1135.0,1499.0,392.0,both,0.0,0.0,True,-1.0,1.0,False,3.0,3.0,False,-7.0,7.0,False,0.0,0.0,True,0.0,0.0,True,0.0,0.0,True,-36.0,36.0,False,-5.0,5.0,False
dromara/domain-admin,2024-08,control,f47953389ad7a0ea5ca4440b58a4c6c21868df7f,11929.0,22.0,4.0,375.0,4.2,29.8,1171.0,1515.0,401.0,0,,0,,control,11929.0,23.0,1.0,383.0,4.2,29.8,1171.0,1556.0,407.0,both,0.0,0.0,True,-1.0,1.0,False,3.0,3.0,False,-8.0,8.0,False,0.0,0.0,True,0.0,0.0,True,0.0,0.0,True,-41.0,41.0,False,-6.0,6.0,False
dromara/domain-admin,2024-09,control,b1d376b3c3e250f0a89c127e3e0af736bea59d83,12221.0,26.0,4.0,374.0,5.1,29.3,1191.0,1510.0,404.0,0,,0,,control,12221.0,27.0,1.0,382.0,5.1,29.3,1191.0,1551.0,410.0,both,0.0,0.0,True,-1.0,1.0,False,3.0,3.0,False,-8.0,8.0,False,0.0,0.0,True,0.0,0.0,True,0.0,0.0,True,-41.0,41.0,False,-6.0,6.0,False
dromara/domain-admin,2024-10,control,00fa6785486975f2e5c8cdff3375d1cb31ee3f53,12468.0,26.0,4.0,379.0,5.0,29.2,1213.0,1520.0,409.0,0,,0,,control,12468.0,27.0,1.0,386.0,5.0,29.2,1213.0,1556.0,414.0,both,0.0,0.0,True,-1.0,1.0,False,3.0,3.0,False,-7.0,7.0,False,0.0,0.0,True,0.0,0.0,True,0.0,0.0,True,-36.0,36.0,False,-5.0,5.0,False
dromara/domain-admin,2024-11,control,f1db25e8d01f10f13644afc47a0d8684de3d66ad,12602.0,26.0,4.0,396.0,4.9,29.1,1220.0,1566.0,426.0,0,,0,,control,12602.0,27.0,1.0,399.0,4.9,29.1,1220.0,1582.0,427.0,both,0.0,0.0,True,-1.0,1.0,False,3.0,3.0,False,-3.0,3.0,False,0.0,0.0,True,0.0,0.0,True,0.0,0.0,True,-16.0,16.0,False,-1.0,1.0,False
dromara/domain-admin,2024-12,control,f184fef939ce2392a3b0c423daa1775993fada71,12601.0,26.0,4.0,396.0,4.9,29.1,1220.0,1566.0,426.0,0,,0,,control,12601.0,27.0,1.0,399.0,4.9,29.1,1220.0,1582.0,427.0,both,0.0,0.0,True,-1.0,1.0,False,3.0,3.0,False,-3.0,3.0,False,0.0,0.0,True,0.0,0.0,True,0.0,0.0,True,-16.0,16.0,False,-1.0,1.0,False
dromara/domain-admin,2025-01,control,f184fef939ce2392a3b0c423daa1775993fada71,12601.0,26.0,4.0,396.0,4.9,29.1,1220.0,1566.0,426.0,0,,0,,control,12601.0,27.0,1.0,399.0,4.9,29.1,1220.0,1582.0,427.0,both,0.0,0.0,True,-1.0,1.0,False,3.0,3.0,False,-3.0,3.0,False,0.0,0.0,True,0.0,0.0,True,0.0,0.0,True,-16.0,16.0,False,-1.0,1.0,False
dromara/domain-admin,2025-02,control,15e8af88c2d0c17be14d35b573fa7ec70d4479b0,12603.0,26.0,4.0,396.0,4.9,29.1,1222.0,1566.0,426.0,0,,0,,control,12603.0,27.0,1.0,399.0,4.9,29.1,1222.0,1582.0,427.0,both,0.0,0.0,True,-1.0,1.0,False,3.0,3.0,False,-3.0,3.0,False,0.0,0.0,True,0.0,0.0,True,0.0,0.0,True,-16.0,16.0,False,-1.0,1.0,False
dromara/domain-admin,2025-03,control,9e29e6935996b3d9c6b099b1e64ade2e4789bca8,12633.0,26.0,4.0,396.0,4.9,29.1,1231.0,1566.0,426.0,0,,0,,control,12633.0,27.0,1.0,399.0,4.9,29.1,1231.0,1582.0,427.0,both,0.0,0.0,True,-1.0,1.0,False,3.0,3.0,False,-3.0,3.0,False,0.0,0.0,True,0.0,0.0,True,0.0,0.0,True,-16.0,16.0,False,-1.0,1.0,False
dromara/domain-admin,2025-04,control,560c637c93b13ccec631e0fb7a22953d380e5ca9,12714.0,26.0,5.0,401.0,5.2,29.2,1252.0,1606.0,432.0,0,,0,,control,12714.0,27.0,2.0,404.0,5.2,29.2,1252.0,1622.0,433.0,both,0.0,0.0,True,-1.0,1.0,False,3.0,3.0,False,-3.0,3.0,False,0.0,0.0,True,0.0,0.0,True,0.0,0.0,True,-16.0,16.0,False,-1.0,1.0,False
dromara/domain-admin,2025-05,control,560c637c93b13ccec631e0fb7a22953d380e5ca9,12714.0,26.0,5.0,401.0,5.2,29.2,1252.0,1606.0,432.0,0,,0,,control,12714.0,27.0,2.0,404.0,5.2,29.2,1252.0,1622.0,433.0,both,0.0,0.0,True,-1.0,1.0,False,3.0,3.0,False,-3.0,3.0,False,0.0,0.0,True,0.0,0.0,True,0.0,0.0,True,-16.0,16.0,False,-1.0,1.0,False
dromara/domain-admin,2025-06,control,4824c6239ec2dcd136144d1b9558cc628a43a0fa,12801.0,26.0,5.0,402.0,5.2,29.1,1259.0,1607.0,433.0,0,,0,,control,12801.0,27.0,2.0,405.0,5.2,29.1,1259.0,1623.0,434.0,both,0.0,0.0,True,-1.0,1.0,False,3.0,3.0,False,-3.0,3.0,False,0.0,0.0,True,0.0,0.0,True,0.0,0.0,True,-16.0,16.0,False,-1.0,1.0,False
dromara/domain-admin,2025-07,control,a2aae1b9d2eea4eda91f6e48b67d9def52ed11e1,12828.0,26.0,5.0,404.0,5.2,29.1,1261.0,1617.0,435.0,0,,0,,control,12828.0,27.0,2.0,407.0,5.2,29.1,1261.0,1633.0,436.0,both,0.0,0.0,True,-1.0,1.0,False,3.0,3.0,False,-3.0,3.0,False,0.0,0.0,True,0.0,0.0,True,0.0,0.0,True,-16.0,16.0,False,-1.0,1.0,False
dromara/domain-admin,2025-08,control,f688a8c8f852f140a3ace1c44c1006b32e2319a7,12885.0,26.0,5.0,417.0,5.1,29.0,1261.0,1643.0,448.0,0,,0,,control,12885.0,27.0,2.0,420.0,5.1,29.0,1261.0,1659.0,449.0,both,0.0,0.0,True,-1.0,1.0,False,3.0,3.0,False,-3.0,3.0,False,0.0,0.0,True,0.0,0.0,True,0.0,0.0,True,-16.0,16.0,False,-1.0,1.0,False
dymmond/edgy,2024-01,control,0bea047b50cc5f4c227e8c44eee1ad7ba0382b2d,18358.0,7.0,4.0,159.0,31.7,10.4,1097.0,958.0,170.0,0,,0,,control,18358.0,15.0,0.0,115.0,31.7,10.4,1097.0,791.0,130.0,both,0.0,0.0,True,-8.0,8.0,False,4.0,4.0,False,44.0,44.0,False,0.0,0.0,True,0.0,0.0,True,0.0,0.0,True,167.0,167.0,False,40.0,40.0,False
dymmond/edgy,2024-02,control,10115d3429844344d86a9f8146871f8a991c6573,18358.0,7.0,4.0,159.0,31.7,10.4,1097.0,958.0,170.0,0,,0,,control,18358.0,15.0,0.0,115.0,31.7,10.4,1097.0,791.0,130.0,both,0.0,0.0,True,-8.0,8.0,False,4.0,4.0,False,44.0,44.0,False,0.0,0.0,True,0.0,0.0,True,0.0,0.0,True,167.0,167.0,False,40.0,40.0,False
dymmond/edgy,2024-03,control,10115d3429844344d86a9f8146871f8a991c6573,18358.0,7.0,4.0,159.0,31.7,10.4,1097.0,958.0,170.0,0,,0,,control,18358.0,15.0,0.0,115.0,31.7,10.4,1097.0,791.0,130.0,both,0.0,0.0,True,-8.0,8.0,False,4.0,4.0,False,44.0,44.0,False,0.0,0.0,True,0.0,0.0,True,0.0,0.0,True,167.0,167.0,False,40.0,40.0,False
dymmond/edgy,2024-04,control,85a5aa0dcacec8c82bab372772ae25c87c9042f6,18554.0,7.0,4.0,164.0,32.1,10.4,1115.0,979.0,175.0,0,,0,,control,18554.0,15.0,0.0,117.0,32.1,10.4,1115.0,801.0,132.0,both,0.0,0.0,True,-8.0,8.0,False,4.0,4.0,False,47.0,47.0,False,0.0,0.0,True,0.0,0.0,True,0.0,0.0,True,178.0,178.0,False,43.0,43.0,False
dymmond/edgy,2024-05,control,acf009ef9736b17a062320fe62d422fd5db759e3,20849.0,8.0,4.0,181.0,34.0,9.8,1337.0,1114.0,193.0,0,,0,,control,20849.0,16.0,0.0,134.0,34.0,9.8,1337.0,941.0,150.0,both,0.0,0.0,True,-8.0,8.0,False,4.0,4.0,False,47.0,47.0,False,0.0,0.0,True,0.0,0.0,True,0.0,0.0,True,173.0,173.0,False,43.0,43.0,False
dymmond/edgy,2024-06,control,8fc8c3322bcc9c522c6b7798cf3d3409afd2d253,23338.0,11.0,4.0,225.0,36.3,9.4,1852.0,1536.0,240.0,0,,0,,control,23338.0,19.0,0.0,170.0,36.3,9.4,1852.0,1362.0,189.0,both,0.0,0.0,True,-8.0,8.0,False,4.0,4.0,False,55.0,55.0,False,0.0,0.0,True,0.0,0.0,True,0.0,0.0,True,174.0,174.0,False,51.0,51.0,False
dymmond/edgy,2024-07,control,b8caa8fe87da4fa572c092051de74aea8724f143,23338.0,11.0,4.0,225.0,36.3,9.4,1852.0,1536.0,240.0,0,,0,,control,23338.0,19.0,0.0,170.0,36.3,9.4,1852.0,1362.0,189.0,both,0.0,0.0,True,-8.0,8.0,False,4.0,4.0,False,55.0,55.0,False,0.0,0.0,True,0.0,0.0,True,0.0,0.0,True,174.0,174.0,False,51.0,51.0,False
dymmond/edgy,2024-08,control,449d22c3a3191248096ab44ed1391749111d0c0c,24580.0,10.0,4.0,221.0,33.6,9.2,1946.0,1441.0,235.0,0,,0,,control,24580.0,18.0,0.0,155.0,33.6,9.2,1946.0,1212.0,173.0,both,0.0,0.0,True,-8.0,8.0,False,4.0,4.0,False,66.0,66.0,False,0.0,0.0,True,0.0,0.0,True,0.0,0.0,True,229.0,229.0,False,62.0,62.0,False
dymmond/edgy,2024-09,control,80f019ccf8587cec7d73e07f0c8b2cca70f5a923,29482.0,10.0,4.0,333.0,31.1,9.8,2788.0,2098.0,347.0,0,,0,,control,29482.0,18.0,0.0,197.0,31.1,9.8,2788.0,1512.0,215.0,both,0.0,0.0,True,-8.0,8.0,False,4.0,4.0,False,136.0,136.0,False,0.0,0.0,True,0.0,0.0,True,0.0,0.0,True,586.0,586.0,False,132.0,132.0,False
dymmond/edgy,2024-10,control,35e2fe2ce7936f3eda666eb083c6f64d11610d29,31836.0,10.0,4.0,370.0,29.4,9.4,3180.0,2492.0,384.0,0,,0,,control,31836.0,18.0,1.0,214.0,29.5,9.4,3180.0,1806.0,233.0,both,0.0,0.0,True,-8.0,8.0,False,3.0,3.0,False,156.0,156.0,False,-0.10000000000000142,0.10000000000000142,False,0.0,0.0,True,0.0,0.0,True,686.0,686.0,False,151.0,151.0,False
dymmond/edgy,2024-11,control,b3793603d969de4bf76397961da57910c1e7a6ca,32016.0,7.0,4.0,384.0,28.6,9.2,3216.0,2592.0,395.0,0,,0,,control,32016.0,15.0,1.0,224.0,28.6,9.2,3216.0,1874.0,240.0,both,0.0,0.0,True,-8.0,8.0,False,3.0,3.0,False,160.0,160.0,False,0.0,0.0,True,0.0,0.0,True,0.0,0.0,True,718.0,718.0,False,155.0,155.0,False
dymmond/edgy,2024-12,control,d1021f76b8fd28b0b0dca17c69da71a3bdc9025e,32854.0,7.0,4.0,395.0,29.2,9.3,3407.0,2659.0,406.0,0,,0,,control,32854.0,16.0,1.0,245.0,29.2,9.3,3407.0,1936.0,262.0,both,0.0,0.0,True,-9.0,9.0,False,3.0,3.0,False,150.0,150.0,False,0.0,0.0,True,0.0,0.0,True,0.0,0.0,True,723.0,723.0,False,144.0,144.0,False
dymmond/edgy,2025-01,control,103f66b137d03005ff6baaf5e4b40133d048625d,36338.0,6.0,4.0,417.0,27.6,9.0,3897.0,2992.0,427.0,0,,0,,control,36338.0,15.0,1.0,298.0,27.6,9.0,3897.0,2424.0,314.0,both,0.0,0.0,True,-9.0,9.0,False,3.0,3.0,False,119.0,119.0,False,0.0,0.0,True,0.0,0.0,True,0.0,0.0,True,568.0,568.0,False,113.0,113.0,False
dymmond/edgy,2025-02,control,6beec111e957f1ef9fadfd39bf88a4617f574a9d,37886.0,6.0,4.0,434.0,27.8,9.0,4076.0,3178.0,444.0,0,,0,,control,37886.0,21.0,1.0,305.0,27.8,9.0,4076.0,2560.0,327.0,both,0.0,0.0,True,-15.0,15.0,False,3.0,3.0,False,129.0,129.0,False,0.0,0.0,True,0.0,0.0,True,0.0,0.0,True,618.0,618.0,False,117.0,117.0,False
dymmond/edgy,2025-03,control,19f8913f2cb1586714752dda0ec21eb5fae3045d,40340.0,5.0,4.0,443.0,27.0,8.7,4366.0,3372.0,452.0,0,,0,,control,40340.0,28.0,1.0,342.0,27.0,8.7,4366.0,2739.0,371.0,both,0.0,0.0,True,-23.0,23.0,False,3.0,3.0,False,101.0,101.0,False,0.0,0.0,True,0.0,0.0,True,0.0,0.0,True,633.0,633.0,False,81.0,81.0,False
dymmond/edgy,2025-04,control,7f016710cc7c1c3bf04146776df7af8f00894e97,41332.0,7.0,4.0,455.0,26.5,9.1,4459.0,3430.0,466.0,0,,0,,control,41282.0,30.0,1.0,339.0,26.6,9.1,4459.0,2731.0,370.0,both,50.0,50.0,False,-23.0,23.0,False,3.0,3.0,False,116.0,116.0,False,-0.10000000000000142,0.10000000000000142,False,0.0,0.0,True,0.0,0.0,True,699.0,699.0,False,96.0,96.0,False
dymmond/edgy,2025-05,control,e9c3ec3948d50eecc353884feac6b45abb753578,42689.0,8.0,8.0,200.0,25.4,9.5,4574.0,2169.0,216.0,0,,0,,control,42689.0,31.0,1.0,344.0,25.4,9.5,4574.0,2757.0,376.0,both,0.0,0.0,True,-23.0,23.0,False,7.0,7.0,False,-144.0,144.0,False,0.0,0.0,True,0.0,0.0,True,0.0,0.0,True,-588.0,588.0,False,-160.0,160.0,False
dymmond/edgy,2025-06,control,296c59535df2ac0485f1bcb2616e23cfe596db99,43469.0,8.0,8.0,200.0,25.3,9.4,4622.0,2172.0,216.0,0,,0,,control,43469.0,31.0,1.0,343.0,25.3,9.4,4622.0,2755.0,375.0,both,0.0,0.0,True,-23.0,23.0,False,7.0,7.0,False,-143.0,143.0,False,0.0,0.0,True,0.0,0.0,True,0.0,0.0,True,-583.0,583.0,False,-159.0,159.0,False
dymmond/edgy,2025-07,control,2539500a350d0adbcb0486ba4525a8862ac753dd,44979.0,10.0,8.0,179.0,20.0,29.0,4766.0,2080.0,197.0,0,,0,,control,44979.0,33.0,1.0,342.0,20.0,29.0,4766.0,2724.0,376.0,both,0.0,0.0,True,-23.0,23.0,False,7.0,7.0,False,-163.0,163.0,False,0.0,0.0,True,0.0,0.0,True,0.0,0.0,True,-644.0,644.0,False,-179.0,179.0,False
dymmond/edgy,2025-08,control,2539500a350d0adbcb0486ba4525a8862ac753dd,44979.0,10.0,8.0,179.0,20.0,29.0,4766.0,2080.0,197.0,0,,0,,control,44979.0,33.0,1.0,342.0,20.0,29.0,4766.0,2724.0,376.0,both,0.0,0.0,True,-23.0,23.0,False,7.0,7.0,False,-163.0,163.0,False,0.0,0.0,True,0.0,0.0,True,0.0,0.0,True,-644.0,644.0,False,-179.0,179.0,False
emresen20/Pau-Bilgisayar-nots,2024-03,control,ea20069c80a8f9d2c11529b8dedbc2e0d1be9388,,0.0,0.0,0.0,,,,0.0,0.0,0,,0,,control,,0.0,0.0,0.0,,,,0.0,0.0,both,,,False,0.0,0.0,True,0.0,0.0,True,0.0,0.0,True,,,False,,,False,,,False,0.0,0.0,True,0.0,0.0,True
emresen20/Pau-Bilgisayar-nots,2024-04,control,945236bcbb739b31135487d4dbe93cc35c0b1780,,0.0,0.0,0.0,,,,0.0,0.0,0,,0,,control,,0.0,0.0,0.0,,,,0.0,0.0,both,,,False,0.0,0.0,True,0.0,0.0,True,0.0,0.0,True,,,False,,,False,,,False,0.0,0.0,True,0.0,0.0,True
emresen20/Pau-Bilgisayar-nots,2024-05,control,0706a69627b488a931cc12b1d61ce0cce4c3b6e9,,0.0,0.0,0.0,,,,0.0,0.0,0,,0,,control,,0.0,0.0,0.0,,,,0.0,0.0,both,,,False,0.0,0.0,True,0.0,0.0,True,0.0,0.0,True,,,False,,,False,,,False,0.0,0.0,True,0.0,0.0,True
emresen20/Pau-Bilgisayar-nots,2024-06,control,f6c2f06e9b5cc301872ac527102717438aef1d76,204.0,0.0,0.0,8.0,33.0,9.7,28.0,60.0,8.0,0,,0,,control,204.0,0.0,0.0,8.0,33.0,9.7,28.0,60.0,8.0,both,0.0,0.0,True,0.0,0.0,True,0.0,0.0,True,0.0,0.0,True,0.0,0.0,True,0.0,0.0,True,0.0,0.0,True,0.0,0.0,True,0.0,0.0,True
emresen20/Pau-Bilgisayar-nots,2024-07,control,a11fab8cee55848a09a0faba3b4c33de525e276a,204.0,0.0,0.0,8.0,33.0,9.7,28.0,60.0,8.0,0,,0,,control,204.0,0.0,0.0,8.0,33.0,9.7,28.0,60.0,8.0,both,0.0,0.0,True,0.0,0.0,True,0.0,0.0,True,0.0,0.0,True,0.0,0.0,True,0.0,0.0,True,0.0,0.0,True,0.0,0.0,True,0.0,0.0,True
emresen20/Pau-Bilgisayar-nots,2024-08,control,a11fab8cee55848a09a0faba3b4c33de525e276a,204.0,0.0,0.0,8.0,33.0,9.7,28.0,60.0,8.0,0,,0,,control,204.0,0.0,0.0,8.0,33.0,9.7,28.0,60.0,8.0,both,0.0,0.0,True,0.0,0.0,True,0.0,0.0,True,0.0,0.0,True,0.0,0.0,True,0.0,0.0,True,0.0,0.0,True,0.0,0.0,True,0.0,0.0,True
emresen20/Pau-Bilgisayar-nots,2024-09,control,a11fab8cee55848a09a0faba3b4c33de525e276a,204.0,0.0,0.0,8.0,33.0,9.7,28.0,60.0,8.0,0,,0,,control,204.0,0.0,0.0,8.0,33.0,9.7,28.0,60.0,8.0,both,0.0,0.0,True,0.0,0.0,True,0.0,0.0,True,0.0,0.0,True,0.0,0.0,True,0.0,0.0,True,0.0,0.0,True,0.0,0.0,True,0.0,0.0,True
emresen20/Pau-Bilgisayar-nots,2024-10,control,a11fab8cee55848a09a0faba3b4c33de525e276a,204.0,0.0,0.0,8.0,33.0,9.7,28.0,60.0,8.0,0,,0,,control,204.0,0.0,0.0,8.0,33.0,9.7,28.0,60.0,8.0,both,0.0,0.0,True,0.0,0.0,True,0.0,0.0,True,0.0,0.0,True,0.0,0.0,True,0.0,0.0,True,0.0,0.0,True,0.0,0.0,True,0.0,0.0,True
emresen20/Pau-Bilgisayar-nots,2024-11,control,a11fab8cee55848a09a0faba3b4c33de525e276a,204.0,0.0,0.0,8.0,33.0,9.7,28.0,60.0,8.0,0,,0,,control,204.0,0.0,0.0,8.0,33.0,9.7,28.0,60.0,8.0,both,0.0,0.0,True,0.0,0.0,True,0.0,0.0,True,0.0,0.0,True,0.0,0.0,True,0.0,0.0,True,0.0,0.0,True,0.0,0.0,True,0.0,0.0,True
emresen20/Pau-Bilgisayar-nots,2024-12,control,7f9b04eea476f6db0ef2c6249d975eff5cb64fcf,452.0,0.0,0.0,27.0,30.3,12.2,103.0,143.0,27.0,0,,0,,control,452.0,0.0,0.0,27.0,30.3,12.2,103.0,143.0,27.0,both,0.0,0.0,True,0.0,0.0,True,0.0,0.0,True,0.0,0.0,True,0.0,0.0,True,0.0,0.0,True,0.0,0.0,True,0.0,0.0,True,0.0,0.0,True
emresen20/Pau-Bilgisayar-nots,2025-01,control,7f9b04eea476f6db0ef2c6249d975eff5cb64fcf,452.0,0.0,0.0,27.0,30.3,12.2,103.0,143.0,27.0,,,,,,,,,,,,,,,left_only,,,False,,,False,,,False,,,False,,,False,,,False,,,False,,,False,,,False
emresen20/Pau-Bilgisayar-nots,2025-02,control,7f9b04eea476f6db0ef2c6249d975eff5cb64fcf,452.0,0.0,0.0,27.0,30.3,12.2,103.0,143.0,27.0,,,,,,,,,,,,,,,left_only,,,False,,,False,,,False,,,False,,,False,,,False,,,False,,,False,,,False
emresen20/Pau-Bilgisayar-nots,2025-03,control,7f9b04eea476f6db0ef2c6249d975eff5cb64fcf,452.0,0.0,0.0,27.0,30.3,12.2,103.0,143.0,27.0,,,,,,,,,,,,,,,left_only,,,False,,,False,,,False,,,False,,,False,,,False,,,False,,,False,,,False
emresen20/Pau-Bilgisayar-nots,2025-04,control,7f9b04eea476f6db0ef2c6249d975eff5cb64fcf,452.0,0.0,0.0,27.0,30.3,12.2,103.0,143.0,27.0,,,,,,,,,,,,,,,left_only,,,False,,,False,,,False,,,False,,,False,,,False,,,False,,,False,,,False
emresen20/Pau-Bilgisayar-nots,2025-05,control,7f9b04eea476f6db0ef2c6249d975eff5cb64fcf,452.0,0.0,0.0,27.0,30.3,12.2,103.0,143.0,27.0,,,,,,,,,,,,,,,left_only,,,False,,,False,,,False,,,False,,,False,,,False,,,False,,,False,,,False
emresen20/Pau-Bilgisayar-nots,2025-06,control,7f9b04eea476f6db0ef2c6249d975eff5cb64fcf,452.0,0.0,0.0,27.0,30.3,12.2,103.0,143.0,27.0,,,,,,,,,,,,,,,left_only,,,False,,,False,,,False,,,False,,,False,,,False,,,False,,,False,,,False
emresen20/Pau-Bilgisayar-nots,2025-07,control,7f9b04eea476f6db0ef2c6249d975eff5cb64fcf,452.0,0.0,0.0,27.0,30.3,12.2,103.0,143.0,27.0,,,,,,,,,,,,,,,left_only,,,False,,,False,,,False,,,False,,,False,,,False,,,False,,,False,,,False
emresen20/Pau-Bilgisayar-nots,2025-08,control,7f9b04eea476f6db0ef2c6249d975eff5cb64fcf,452.0,0.0,0.0,27.0,30.3,12.2,103.0,143.0,27.0,,,,,,,,,,,,,,,left_only,,,False,,,False,,,False,,,False,,,False,,,False,,,False,,,False,,,False
evermoving/SystemCaptioner,2024-10,control,c5762086616c0245b93b8cac9116bd65b0f26aae,838.0,0.0,0.0,7.0,0.0,17.7,143.0,37.0,7.0,0,,0,,control,838.0,0.0,0.0,3.0,0.0,17.7,143.0,17.0,3.0,both,0.0,0.0,True,0.0,0.0,True,0.0,0.0,True,4.0,4.0,False,0.0,0.0,True,0.0,0.0,True,0.0,0.0,True,20.0,20.0,False,4.0,4.0,False
evermoving/SystemCaptioner,2024-11,control,98a629b7776ba2a9e1b0d136d6844544f4b7a24d,851.0,0.0,0.0,8.0,0.0,18.0,147.0,44.0,8.0,0,,0,,control,851.0,0.0,0.0,4.0,0.0,18.0,147.0,24.0,4.0,both,0.0,0.0,True,0.0,0.0,True,0.0,0.0,True,4.0,4.0,False,0.0,0.0,True,0.0,0.0,True,0.0,0.0,True,20.0,20.0,False,4.0,4.0,False
evermoving/SystemCaptioner,2024-12,control,18f1e1f14cd8e24fa0460992e4a6a202590a0248,851.0,0.0,0.0,8.0,0.0,18.0,147.0,44.0,8.0,0,,0,,control,851.0,0.0,0.0,4.0,0.0,18.0,147.0,24.0,4.0,both,0.0,0.0,True,0.0,0.0,True,0.0,0.0,True,4.0,4.0,False,0.0,0.0,True,0.0,0.0,True,0.0,0.0,True,20.0,20.0,False,4.0,4.0,False
evermoving/SystemCaptioner,2025-01,control,18f1e1f14cd8e24fa0460992e4a6a202590a0248,851.0,0.0,0.0,8.0,0.0,18.0,147.0,44.0,8.0,0,,0,,control,851.0,0.0,0.0,4.0,0.0,18.0,147.0,24.0,4.0,both,0.0,0.0,True,0.0,0.0,True,0.0,0.0,True,4.0,4.0,False,0.0,0.0,True,0.0,0.0,True,0.0,0.0,True,20.0,20.0,False,4.0,4.0,False
evermoving/SystemCaptioner,2025-02,control,18f1e1f14cd8e24fa0460992e4a6a202590a0248,851.0,0.0,0.0,8.0,0.0,18.0,147.0,44.0,8.0,0,,0,,control,851.0,0.0,0.0,4.0,0.0,18.0,147.0,24.0,4.0,both,0.0,0.0,True,0.0,0.0,True,0.0,0.0,True,4.0,4.0,False,0.0,0.0,True,0.0,0.0,True,0.0,0.0,True,20.0,20.0,False,4.0,4.0,False
evermoving/SystemCaptioner,2025-03,control,18f1e1f14cd8e24fa0460992e4a6a202590a0248,851.0,0.0,0.0,8.0,0.0,18.0,147.0,44.0,8.0,0,,0,,control,851.0,0.0,0.0,4.0,0.0,18.0,147.0,24.0,4.0,both,0.0,0.0,True,0.0,0.0,True,0.0,0.0,True,4.0,4.0,False,0.0,0.0,True,0.0,0.0,True,0.0,0.0,True,20.0,20.0,False,4.0,4.0,False
evermoving/SystemCaptioner,2025-04,control,18f1e1f14cd8e24fa0460992e4a6a202590a0248,851.0,0.0,0.0,8.0,0.0,18.0,147.0,44.0,8.0,0,,0,,control,851.0,0.0,0.0,4.0,0.0,18.0,147.0,24.0,4.0,both,0.0,0.0,True,0.0,0.0,True,0.0,0.0,True,4.0,4.0,False,0.0,0.0,True,0.0,0.0,True,0.0,0.0,True,20.0,20.0,False,4.0,4.0,False
evermoving/SystemCaptioner,2025-05,control,18f1e1f14cd8e24fa0460992e4a6a202590a0248,851.0,0.0,0.0,8.0,0.0,18.0,147.0,44.0,8.0,0,,0,,control,851.0,0.0,0.0,4.0,0.0,18.0,147.0,24.0,4.0,both,0.0,0.0,True,0.0,0.0,True,0.0,0.0,True,4.0,4.0,False,0.0,0.0,True,0.0,0.0,True,0.0,0.0,True,20.0,20.0,False,4.0,4.0,False
evermoving/SystemCaptioner,2025-06,control,18f1e1f14cd8e24fa0460992e4a6a202590a0248,851.0,0.0,0.0,8.0,0.0,18.0,147.0,44.0,8.0,0,,0,,control,851.0,0.0,0.0,4.0,0.0,18.0,147.0,24.0,4.0,both,0.0,0.0,True,0.0,0.0,True,0.0,0.0,True,4.0,4.0,False,0.0,0.0,True,0.0,0.0,True,0.0,0.0,True,20.0,20.0,False,4.0,4.0,False
evermoving/SystemCaptioner,2025-07,control,18f1e1f14cd8e24fa0460992e4a6a202590a0248,851.0,0.0,0.0,8.0,0.0,18.0,147.0,44.0,8.0,0,,0,,control,851.0,0.0,0.0,4.0,0.0,18.0,147.0,24.0,4.0,both,0.0,0.0,True,0.0,0.0,True,0.0,0.0,True,4.0,4.0,False,0.0,0.0,True,0.0,0.0,True,0.0,0.0,True,20.0,20.0,False,4.0,4.0,False
evermoving/SystemCaptioner,2025-08,control,716ddee7066c125ca3bc3193d7eee37bd0eef006,851.0,0.0,0.0,8.0,0.0,18.0,147.0,44.0,8.0,0,,0,,control,851.0,0.0,0.0,4.0,0.0,18.0,147.0,24.0,4.0,both,0.0,0.0,True,0.0,0.0,True,0.0,0.0,True,4.0,4.0,False,0.0,0.0,True,0.0,0.0,True,0.0,0.0,True,20.0,20.0,False,4.0,4.0,False
golemfoundation/octant,2024-01,control,ba23e7b1c57e0acc44920f7bff14ea22cd986e0b,49079.0,25.0,6.0,376.0,5.2,3.0,1822.0,1594.0,407.0,0,,0,,control,49073.0,31.0,0.0,261.0,5.2,3.0,1822.0,1359.0,292.0,both,6.0,6.0,False,-6.0,6.0,False,6.0,6.0,False,115.0,115.0,False,0.0,0.0,True,0.0,0.0,True,0.0,0.0,True,235.0,235.0,False,115.0,115.0,False
golemfoundation/octant,2024-02,control,dcc1b2c3e18458991c3150adfb08f0fc2a7a7b50,51498.0,26.0,6.0,401.0,5.4,3.0,1979.0,1862.0,433.0,0,,0,,control,51498.0,32.0,0.0,280.0,5.4,3.0,1979.0,1479.0,312.0,both,0.0,0.0,True,-6.0,6.0,False,6.0,6.0,False,121.0,121.0,False,0.0,0.0,True,0.0,0.0,True,0.0,0.0,True,383.0,383.0,False,121.0,121.0,False
golemfoundation/octant,2024-03,control,ca11d35b99742f88518a811b3bbfcb10a72541c4,53809.0,26.0,7.0,422.0,5.0,2.9,1984.0,2090.0,455.0,0,,0,,control,53797.0,33.0,0.0,292.0,5.0,2.9,1984.0,1691.0,325.0,both,12.0,12.0,False,-7.0,7.0,False,7.0,7.0,False,130.0,130.0,False,0.0,0.0,True,0.0,0.0,True,0.0,0.0,True,399.0,399.0,False,130.0,130.0,False
golemfoundation/octant,2024-04,control,a20fdc66acfd7b6d2b85a0c04205a598f9dac7fd,57589.0,27.0,7.0,452.0,5.2,3.0,2156.0,2032.0,486.0,0,,0,,control,57578.0,34.0,0.0,344.0,5.2,3.0,2156.0,2077.0,378.0,both,11.0,11.0,False,-7.0,7.0,False,7.0,7.0,False,108.0,108.0,False,0.0,0.0,True,0.0,0.0,True,0.0,0.0,True,-45.0,45.0,False,108.0,108.0,False
golemfoundation/octant,2024-05,control,f12b98eb59f61afba270c777c6569d646cb61264,60509.0,28.0,7.0,470.0,5.2,3.2,2266.0,2146.0,505.0,0,,0,,control,60499.0,39.0,0.0,361.0,5.2,3.2,2266.0,2153.0,400.0,both,10.0,10.0,False,-11.0,11.0,False,7.0,7.0,False,109.0,109.0,False,0.0,0.0,True,0.0,0.0,True,0.0,0.0,True,-7.0,7.0,False,105.0,105.0,False
golemfoundation/octant,2024-06,control,dee94e265471b7b38cd2def55b0151f25b73c5b9,63215.0,28.0,7.0,484.0,5.5,3.3,2413.0,2218.0,519.0,0,,0,,control,63204.0,42.0,0.0,379.0,5.5,3.3,2413.0,2273.0,421.0,both,11.0,11.0,False,-14.0,14.0,False,7.0,7.0,False,105.0,105.0,False,0.0,0.0,True,0.0,0.0,True,0.0,0.0,True,-55.0,55.0,False,98.0,98.0,False
golemfoundation/octant,2024-07,control,1cd0657091e99cde49318444daed80dcc83a7d9c,67730.0,32.0,7.0,525.0,6.2,3.2,2608.0,2386.0,564.0,0,,0,,control,67722.0,49.0,0.0,430.0,6.2,3.2,2608.0,2465.0,479.0,both,8.0,8.0,False,-17.0,17.0,False,7.0,7.0,False,95.0,95.0,False,0.0,0.0,True,0.0,0.0,True,0.0,0.0,True,-79.0,79.0,False,85.0,85.0,False
golemfoundation/octant,2024-08,control,615f52127829ab201c3269763e78107ff8f42a06,70389.0,34.0,7.0,563.0,8.1,3.4,2767.0,2501.0,604.0,0,,0,,control,70379.0,51.0,0.0,472.0,8.1,3.4,2767.0,2612.0,523.0,both,10.0,10.0,False,-17.0,17.0,False,7.0,7.0,False,91.0,91.0,False,0.0,0.0,True,0.0,0.0,True,0.0,0.0,True,-111.0,111.0,False,81.0,81.0,False
golemfoundation/octant,2024-09,control,7dd673283492144e8b89ea706c3588adc352d4b7,69536.0,35.0,7.0,552.0,5.3,3.3,2805.0,2458.0,594.0,0,,0,,control,69537.0,54.0,0.0,452.0,5.3,3.3,2805.0,2430.0,506.0,both,-1.0,1.0,False,-19.0,19.0,False,7.0,7.0,False,100.0,100.0,False,0.0,0.0,True,0.0,0.0,True,0.0,0.0,True,28.0,28.0,False,88.0,88.0,False
golemfoundation/octant,2024-10,control,9fec97b78de26227101be5afb98312b0bd0f19f7,74629.0,37.0,7.0,611.0,4.8,3.6,2965.0,2774.0,655.0,0,,0,,control,74640.0,54.0,0.0,486.0,4.8,3.6,2965.0,2253.0,540.0,both,-11.0,11.0,False,-17.0,17.0,False,7.0,7.0,False,125.0,125.0,False,0.0,0.0,True,0.0,0.0,True,0.0,0.0,True,521.0,521.0,False,115.0,115.0,False
golemfoundation/octant,2024-11,control,a835dc236ebc9cb41f98f6043b920f1c6759302a,76395.0,39.0,7.0,645.0,5.0,3.5,3077.0,2908.0,691.0,0,,0,,control,76404.0,56.0,0.0,522.0,5.0,3.5,3077.0,2838.0,578.0,both,-9.0,9.0,False,-17.0,17.0,False,7.0,7.0,False,123.0,123.0,False,0.0,0.0,True,0.0,0.0,True,0.0,0.0,True,70.0,70.0,False,113.0,113.0,False
golemfoundation/octant,2024-12,control,4357dfa79dd3e5e800847782e4e86d055d3a0614,79836.0,39.0,7.0,684.0,5.4,3.7,3320.0,3022.0,730.0,0,,0,,control,79845.0,59.0,0.0,552.0,5.4,3.7,3320.0,3143.0,611.0,both,-9.0,9.0,False,-20.0,20.0,False,7.0,7.0,False,132.0,132.0,False,0.0,0.0,True,0.0,0.0,True,0.0,0.0,True,-121.0,121.0,False,119.0,119.0,False
golemfoundation/octant,2025-01,control,418e7384ca9695cf53f541d4c8d3085fde4cac22,82903.0,38.0,7.0,698.0,7.4,3.8,3488.0,3087.0,743.0,0,,0,,control,82911.0,58.0,0.0,552.0,7.4,3.8,3488.0,3238.0,610.0,both,-8.0,8.0,False,-20.0,20.0,False,7.0,7.0,False,146.0,146.0,False,0.0,0.0,True,0.0,0.0,True,0.0,0.0,True,-151.0,151.0,False,133.0,133.0,False
golemfoundation/octant,2025-02,control,a7013bf99bd75d707a3d2587fb9b8b4a4d941666,86353.0,38.0,7.0,703.0,7.1,4.2,3629.0,3084.0,748.0,0,,0,,control,86361.0,60.0,0.0,550.0,7.1,4.2,3629.0,3206.0,610.0,both,-8.0,8.0,False,-22.0,22.0,False,7.0,7.0,False,153.0,153.0,False,0.0,0.0,True,0.0,0.0,True,0.0,0.0,True,-122.0,122.0,False,138.0,138.0,False
golemfoundation/octant,2025-03,control,35ca8290646f0441f9854fc1b931d9346f1b4852,88777.0,39.0,7.0,708.0,7.1,4.4,3702.0,3094.0,754.0,0,,0,,control,86850.0,60.0,0.0,553.0,7.0,4.1,3649.0,3221.0,613.0,both,1927.0,1927.0,False,-21.0,21.0,False,7.0,7.0,False,155.0,155.0,False,0.09999999999999964,0.09999999999999964,False,0.3000000000000007,0.3000000000000007,False,53.0,53.0,False,-127.0,127.0,False,141.0,141.0,False
golemfoundation/octant,2025-04,control,6aeb520dfb7eb4b1cd82d93ecd6bc5d2d3315b73,92044.0,38.0,7.0,723.0,5.5,4.4,3833.0,3166.0,768.0,0,,0,,control,92052.0,63.0,0.0,568.0,5.5,4.4,3833.0,3298.0,631.0,both,-8.0,8.0,False,-25.0,25.0,False,7.0,7.0,False,155.0,155.0,False,0.0,0.0,True,0.0,0.0,True,0.0,0.0,True,-132.0,132.0,False,137.0,137.0,False
golemfoundation/octant,2025-05,control,5c0dc4136764469a7c0534259de19149432d7902,94956.0,38.0,7.0,728.0,5.8,4.8,3899.0,3191.0,773.0,0,,0,,control,94964.0,63.0,0.0,568.0,5.8,4.8,3899.0,3298.0,631.0,both,-8.0,8.0,False,-25.0,25.0,False,7.0,7.0,False,160.0,160.0,False,0.0,0.0,True,0.0,0.0,True,0.0,0.0,True,-107.0,107.0,False,142.0,142.0,False
golemfoundation/octant,2025-06,control,8bf82677329ba82b25e1326cf8d2178179666c31,96059.0,36.0,7.0,724.0,5.6,7.0,3935.0,3181.0,767.0,0,,0,,control,96067.0,61.0,0.0,563.0,5.6,7.0,3935.0,3283.0,624.0,both,-8.0,8.0,False,-25.0,25.0,False,7.0,7.0,False,161.0,161.0,False,0.0,0.0,True,0.0,0.0,True,0.0,0.0,True,-102.0,102.0,False,143.0,143.0,False
golemfoundation/octant,2025-07,control,e6d9f38d8706053686580270c078572970854771,95212.0,36.0,7.0,728.0,5.7,7.1,3939.0,3190.0,771.0,0,,0,,control,95220.0,61.0,0.0,566.0,5.7,7.1,3939.0,3290.0,627.0,both,-8.0,8.0,False,-25.0,25.0,False,7.0,7.0,False,162.0,162.0,False,0.0,0.0,True,0.0,0.0,True,0.0,0.0,True,-100.0,100.0,False,144.0,144.0,False
golemfoundation/octant,2025-08,control,83e83843f1216240b3d08482bb0ceb9f0e7af3cc,95238.0,36.0,7.0,728.0,5.7,7.1,3939.0,3190.0,771.0,0,,0,,control,95246.0,61.0,0.0,566.0,5.7,7.1,3939.0,3290.0,627.0,both,-8.0,8.0,False,-25.0,25.0,False,7.0,7.0,False,162.0,162.0,False,0.0,0.0,True,0.0,0.0,True,0.0,0.0,True,-100.0,100.0,False,144.0,144.0,False
infected4098/Wave-U-Mamba,2024-09,control,cc4e824d893a2efff44332e3c45444b929aa3eb2,1072.0,0.0,3.0,66.0,5.6,8.5,167.0,346.0,69.0,0,,0,,control,1072.0,0.0,0.0,62.0,5.6,8.5,167.0,329.0,62.0,both,0.0,0.0,True,0.0,0.0,True,3.0,3.0,False,4.0,4.0,False,0.0,0.0,True,0.0,0.0,True,0.0,0.0,True,17.0,17.0,False,7.0,7.0,False
infected4098/Wave-U-Mamba,2024-10,control,72a274301a3db93ea802a55fb57cb8b1fc795977,1072.0,0.0,3.0,66.0,5.6,8.5,167.0,346.0,69.0,0,,0,,control,1072.0,0.0,0.0,62.0,5.6,8.5,167.0,329.0,62.0,both,0.0,0.0,True,0.0,0.0,True,3.0,3.0,False,4.0,4.0,False,0.0,0.0,True,0.0,0.0,True,0.0,0.0,True,17.0,17.0,False,7.0,7.0,False
infected4098/Wave-U-Mamba,2024-11,control,72a274301a3db93ea802a55fb57cb8b1fc795977,1072.0,0.0,3.0,66.0,5.6,8.5,167.0,346.0,69.0,0,,0,,control,1072.0,0.0,0.0,62.0,5.6,8.5,167.0,329.0,62.0,both,0.0,0.0,True,0.0,0.0,True,3.0,3.0,False,4.0,4.0,False,0.0,0.0,True,0.0,0.0,True,0.0,0.0,True,17.0,17.0,False,7.0,7.0,False
infected4098/Wave-U-Mamba,2024-12,control,ab4c34a5d55064c3c3a39690d04ddf667156eb18,1072.0,0.0,3.0,66.0,5.6,8.5,167.0,346.0,69.0,0,,0,,control,1072.0,0.0,0.0,62.0,5.6,8.5,167.0,329.0,62.0,both,0.0,0.0,True,0.0,0.0,True,3.0,3.0,False,4.0,4.0,False,0.0,0.0,True,0.0,0.0,True,0.0,0.0,True,17.0,17.0,False,7.0,7.0,False
infected4098/Wave-U-Mamba,2025-01,control,ab4c34a5d55064c3c3a39690d04ddf667156eb18,1072.0,0.0,3.0,66.0,5.6,8.5,167.0,346.0,69.0,0,,0,,control,1072.0,0.0,0.0,62.0,5.6,8.5,167.0,329.0,62.0,both,0.0,0.0,True,0.0,0.0,True,3.0,3.0,False,4.0,4.0,False,0.0,0.0,True,0.0,0.0,True,0.0,0.0,True,17.0,17.0,False,7.0,7.0,False
infected4098/Wave-U-Mamba,2025-02,control,7e34edb139b94658fa0f48826fd4675671c178c8,1072.0,0.0,3.0,66.0,5.6,8.5,167.0,346.0,69.0,0,,0,,control,1072.0,0.0,0.0,62.0,5.6,8.5,167.0,329.0,62.0,both,0.0,0.0,True,0.0,0.0,True,3.0,3.0,False,4.0,4.0,False,0.0,0.0,True,0.0,0.0,True,0.0,0.0,True,17.0,17.0,False,7.0,7.0,False
infected4098/Wave-U-Mamba,2025-03,control,7e34edb139b94658fa0f48826fd4675671c178c8,1072.0,0.0,3.0,66.0,5.6,8.5,167.0,346.0,69.0,0,,0,,control,1072.0,0.0,0.0,62.0,5.6,8.5,167.0,329.0,62.0,both,0.0,0.0,True,0.0,0.0,True,3.0,3.0,False,4.0,4.0,False,0.0,0.0,True,0.0,0.0,True,0.0,0.0,True,17.0,17.0,False,7.0,7.0,False
infected4098/Wave-U-Mamba,2025-04,control,7e34edb139b94658fa0f48826fd4675671c178c8,1072.0,0.0,3.0,66.0,5.6,8.5,167.0,346.0,69.0,0,,0,,control,1072.0,0.0,0.0,62.0,5.6,8.5,167.0,329.0,62.0,both,0.0,0.0,True,0.0,0.0,True,3.0,3.0,False,4.0,4.0,False,0.0,0.0,True,0.0,0.0,True,0.0,0.0,True,17.0,17.0,False,7.0,7.0,False
infected4098/Wave-U-Mamba,2025-05,control,b46278aba1466033350f5c08a90a729dc86f5fd6,1072.0,0.0,3.0,66.0,5.6,8.5,167.0,346.0,69.0,0,,0,,control,1072.0,0.0,0.0,62.0,5.6,8.5,167.0,329.0,62.0,both,0.0,0.0,True,0.0,0.0,True,3.0,3.0,False,4.0,4.0,False,0.0,0.0,True,0.0,0.0,True,0.0,0.0,True,17.0,17.0,False,7.0,7.0,False
infected4098/Wave-U-Mamba,2025-06,control,46ef1bca128877f71d6f45272f3e4c3ffe6c7c1d,1072.0,0.0,3.0,66.0,5.6,8.5,167.0,346.0,69.0,0,,0,,control,1072.0,0.0,0.0,62.0,5.6,8.5,167.0,329.0,62.0,both,0.0,0.0,True,0.0,0.0,True,3.0,3.0,False,4.0,4.0,False,0.0,0.0,True,0.0,0.0,True,0.0,0.0,True,17.0,17.0,False,7.0,7.0,False
infected4098/Wave-U-Mamba,2025-07,control,46ef1bca128877f71d6f45272f3e4c3ffe6c7c1d,1072.0,0.0,3.0,66.0,5.6,8.5,167.0,346.0,69.0,0,,0,,control,1072.0,0.0,0.0,62.0,5.6,8.5,167.0,329.0,62.0,both,0.0,0.0,True,0.0,0.0,True,3.0,3.0,False,4.0,4.0,False,0.0,0.0,True,0.0,0.0,True,0.0,0.0,True,17.0,17.0,False,7.0,7.0,False
infected4098/Wave-U-Mamba,2025-08,control,aad5111d1c0a6825c5749aab2553388646a9acb1,1337.0,6.0,3.0,66.0,6.3,7.5,183.0,346.0,75.0,0,,0,,control,1337.0,6.0,0.0,62.0,6.3,7.5,183.0,329.0,68.0,both,0.0,0.0,True,0.0,0.0,True,3.0,3.0,False,4.0,4.0,False,0.0,0.0,True,0.0,0.0,True,0.0,0.0,True,17.0,17.0,False,7.0,7.0,False
itsKayWat/MindfulShift-2025,2024-12,control,62580ae5a421715874056e57a2b88ccf349dc137,709.0,1.0,0.0,3.0,0.0,7.2,22.0,17.0,4.0,0,,0,,control,709.0,1.0,0.0,3.0,0.0,7.2,22.0,17.0,4.0,both,0.0,0.0,True,0.0,0.0,True,0.0,0.0,True,0.0,0.0,True,0.0,0.0,True,0.0,0.0,True,0.0,0.0,True,0.0,0.0,True,0.0,0.0,True
itsKayWat/MindfulShift-2025,2025-01,control,62580ae5a421715874056e57a2b88ccf349dc137,709.0,1.0,0.0,3.0,0.0,7.2,22.0,17.0,4.0,,,,,,,,,,,,,,,left_only,,,False,,,False,,,False,,,False,,,False,,,False,,,False,,,False,,,False
itsKayWat/MindfulShift-2025,2025-02,control,62580ae5a421715874056e57a2b88ccf349dc137,709.0,1.0,0.0,3.0,0.0,7.2,22.0,17.0,4.0,,,,,,,,,,,,,,,left_only,,,False,,,False,,,False,,,False,,,False,,,False,,,False,,,False,,,False
itsKayWat/MindfulShift-2025,2025-03,control,62580ae5a421715874056e57a2b88ccf349dc137,709.0,1.0,0.0,3.0,0.0,7.2,22.0,17.0,4.0,,,,,,,,,,,,,,,left_only,,,False,,,False,,,False,,,False,,,False,,,False,,,False,,,False,,,False
itsKayWat/MindfulShift-2025,2025-04,control,62580ae5a421715874056e57a2b88ccf349dc137,709.0,1.0,0.0,3.0,0.0,7.2,22.0,17.0,4.0,,,,,,,,,,,,,,,left_only,,,False,,,False,,,False,,,False,,,False,,,False,,,False,,,False,,,False
itsKayWat/MindfulShift-2025,2025-05,control,62580ae5a421715874056e57a2b88ccf349dc137,709.0,1.0,0.0,3.0,0.0,7.2,22.0,17.0,4.0,,,,,,,,,,,,,,,left_only,,,False,,,False,,,False,,,False,,,False,,,False,,,False,,,False,,,False
itsKayWat/MindfulShift-2025,2025-06,control,62580ae5a421715874056e57a2b88ccf349dc137,709.0,1.0,0.0,3.0,0.0,7.2,22.0,17.0,4.0,,,,,,,,,,,,,,,left_only,,,False,,,False,,,False,,,False,,,False,,,False,,,False,,,False,,,False
itsKayWat/MindfulShift-2025,2025-07,control,62580ae5a421715874056e57a2b88ccf349dc137,709.0,1.0,0.0,3.0,0.0,7.2,22.0,17.0,4.0,,,,,,,,,,,,,,,left_only,,,False,,,False,,,False,,,False,,,False,,,False,,,False,,,False,,,False
itsKayWat/MindfulShift-2025,2025-08,control,62580ae5a421715874056e57a2b88ccf349dc137,709.0,1.0,0.0,3.0,0.0,7.2,22.0,17.0,4.0,,,,,,,,,,,,,,,left_only,,,False,,,False,,,False,,,False,,,False,,,False,,,False,,,False,,,False
jacebrowning/datafiles,2024-01,control,47ae5be927e7c079ca0b9a6b01b811bf9ffcf9bd,4451.0,2.0,0.0,41.0,0.0,4.1,453.0,279.0,43.0,0,,0,,control,4451.0,338.0,0.0,257.0,0.0,4.1,453.0,1364.0,595.0,both,0.0,0.0,True,-336.0,336.0,False,0.0,0.0,True,-216.0,216.0,False,0.0,0.0,True,0.0,0.0,True,0.0,0.0,True,-1085.0,1085.0,False,-552.0,552.0,False
jacebrowning/datafiles,2024-02,control,47ae5be927e7c079ca0b9a6b01b811bf9ffcf9bd,4451.0,2.0,0.0,41.0,0.0,4.1,453.0,279.0,43.0,0,,0,,control,4451.0,338.0,0.0,257.0,0.0,4.1,453.0,1364.0,595.0,both,0.0,0.0,True,-336.0,336.0,False,0.0,0.0,True,-216.0,216.0,False,0.0,0.0,True,0.0,0.0,True,0.0,0.0,True,-1085.0,1085.0,False,-552.0,552.0,False
jacebrowning/datafiles,2024-03,control,fc623e81f9e7476938a04e191b471aa90dc11d76,4451.0,2.0,0.0,41.0,0.0,4.1,453.0,279.0,43.0,0,,0,,control,4451.0,338.0,0.0,257.0,0.0,4.1,453.0,1364.0,595.0,both,0.0,0.0,True,-336.0,336.0,False,0.0,0.0,True,-216.0,216.0,False,0.0,0.0,True,0.0,0.0,True,0.0,0.0,True,-1085.0,1085.0,False,-552.0,552.0,False
jacebrowning/datafiles,2024-04,control,fc623e81f9e7476938a04e191b471aa90dc11d76,4451.0,2.0,0.0,41.0,0.0,4.1,453.0,279.0,43.0,0,,0,,control,4451.0,338.0,0.0,257.0,0.0,4.1,453.0,1364.0,595.0,both,0.0,0.0,True,-336.0,336.0,False,0.0,0.0,True,-216.0,216.0,False,0.0,0.0,True,0.0,0.0,True,0.0,0.0,True,-1085.0,1085.0,False,-552.0,552.0,False
jacebrowning/datafiles,2024-05,control,59566a650f2624f2fc214bd9d8b3c5e7d825da57,4465.0,2.0,0.0,41.0,0.0,4.1,453.0,279.0,43.0,0,,0,,control,4465.0,339.0,0.0,258.0,0.0,4.1,453.0,1369.0,597.0,both,0.0,0.0,True,-337.0,337.0,False,0.0,0.0,True,-217.0,217.0,False,0.0,0.0,True,0.0,0.0,True,0.0,0.0,True,-1090.0,1090.0,False,-554.0,554.0,False
jacebrowning/datafiles,2024-06,control,59566a650f2624f2fc214bd9d8b3c5e7d825da57,4465.0,2.0,0.0,41.0,0.0,4.1,453.0,279.0,43.0,0,,0,,control,4465.0,339.0,0.0,258.0,0.0,4.1,453.0,1369.0,597.0,both,0.0,0.0,True,-337.0,337.0,False,0.0,0.0,True,-217.0,217.0,False,0.0,0.0,True,0.0,0.0,True,0.0,0.0,True,-1090.0,1090.0,False,-554.0,554.0,False
jacebrowning/datafiles,2024-07,control,8840d02caab67fec49efe08a7912d1f39949a100,4465.0,2.0,0.0,41.0,0.0,4.1,453.0,279.0,43.0,0,,0,,control,4465.0,339.0,0.0,258.0,0.0,4.1,453.0,1369.0,597.0,both,0.0,0.0,True,-337.0,337.0,False,0.0,0.0,True,-217.0,217.0,False,0.0,0.0,True,0.0,0.0,True,0.0,0.0,True,-1090.0,1090.0,False,-554.0,554.0,False
jacebrowning/datafiles,2024-08,control,03281501945c2ae93ad35c5a618178d65bb2d0d8,4465.0,2.0,0.0,41.0,0.0,4.1,453.0,279.0,43.0,0,,0,,control,4465.0,339.0,0.0,258.0,0.0,4.1,453.0,1369.0,597.0,both,0.0,0.0,True,-337.0,337.0,False,0.0,0.0,True,-217.0,217.0,False,0.0,0.0,True,0.0,0.0,True,0.0,0.0,True,-1090.0,1090.0,False,-554.0,554.0,False
jacebrowning/datafiles,2024-09,control,03281501945c2ae93ad35c5a618178d65bb2d0d8,4465.0,2.0,0.0,41.0,0.0,4.1,453.0,279.0,43.0,0,,0,,control,4465.0,339.0,0.0,258.0,0.0,4.1,453.0,1369.0,597.0,both,0.0,0.0,True,-337.0,337.0,False,0.0,0.0,True,-217.0,217.0,False,0.0,0.0,True,0.0,0.0,True,0.0,0.0,True,-1090.0,1090.0,False,-554.0,554.0,False
jacebrowning/datafiles,2024-10,control,46280de29975a61a5d4cd09f36c806a2fb7db769,4487.0,2.0,0.0,41.0,0.0,4.1,453.0,279.0,43.0,0,,0,,control,4487.0,340.0,0.0,260.0,0.0,4.1,453.0,1379.0,600.0,both,0.0,0.0,True,-338.0,338.0,False,0.0,0.0,True,-219.0,219.0,False,0.0,0.0,True,0.0,0.0,True,0.0,0.0,True,-1100.0,1100.0,False,-557.0,557.0,False
jacebrowning/datafiles,2024-11,control,51ad26394a2b99ed8dfab0bd1538abfca73db233,4487.0,2.0,0.0,41.0,0.0,4.1,453.0,279.0,43.0,0,,0,,control,4487.0,340.0,0.0,260.0,0.0,4.1,453.0,1379.0,600.0,both,0.0,0.0,True,-338.0,338.0,False,0.0,0.0,True,-219.0,219.0,False,0.0,0.0,True,0.0,0.0,True,0.0,0.0,True,-1100.0,1100.0,False,-557.0,557.0,False
jacebrowning/datafiles,2024-12,control,51ad26394a2b99ed8dfab0bd1538abfca73db233,4487.0,2.0,0.0,41.0,0.0,4.1,453.0,279.0,43.0,0,,0,,control,4487.0,340.0,0.0,260.0,0.0,4.1,453.0,1379.0,600.0,both,0.0,0.0,True,-338.0,338.0,False,0.0,0.0,True,-219.0,219.0,False,0.0,0.0,True,0.0,0.0,True,0.0,0.0,True,-1100.0,1100.0,False,-557.0,557.0,False
jacebrowning/datafiles,2025-01,control,51ad26394a2b99ed8dfab0bd1538abfca73db233,4487.0,2.0,0.0,41.0,0.0,4.1,453.0,279.0,43.0,0,,0,,control,4487.0,340.0,0.0,260.0,0.0,4.1,453.0,1379.0,600.0,both,0.0,0.0,True,-338.0,338.0,False,0.0,0.0,True,-219.0,219.0,False,0.0,0.0,True,0.0,0.0,True,0.0,0.0,True,-1100.0,1100.0,False,-557.0,557.0,False
jacebrowning/datafiles,2025-02,control,4c2b99a126d0f7ad8d13f5c55e098b07c3f51045,4471.0,2.0,0.0,41.0,0.0,4.1,444.0,279.0,43.0,0,,0,,control,4471.0,340.0,0.0,259.0,0.0,4.1,444.0,1374.0,599.0,both,0.0,0.0,True,-338.0,338.0,False,0.0,0.0,True,-218.0,218.0,False,0.0,0.0,True,0.0,0.0,True,0.0,0.0,True,-1095.0,1095.0,False,-556.0,556.0,False
jacebrowning/datafiles,2025-03,control,4c2b99a126d0f7ad8d13f5c55e098b07c3f51045,4471.0,2.0,0.0,41.0,0.0,4.1,444.0,279.0,43.0,0,,0,,control,4471.0,340.0,0.0,259.0,0.0,4.1,444.0,1374.0,599.0,both,0.0,0.0,True,-338.0,338.0,False,0.0,0.0,True,-218.0,218.0,False,0.0,0.0,True,0.0,0.0,True,0.0,0.0,True,-1095.0,1095.0,False,-556.0,556.0,False
jacebrowning/datafiles,2025-04,control,e07b38ed8d6e89f0887aa5ec6712934467742b36,4471.0,2.0,0.0,41.0,0.0,4.1,444.0,279.0,43.0,0,,0,,control,4471.0,340.0,0.0,259.0,0.0,4.1,444.0,1374.0,599.0,both,0.0,0.0,True,-338.0,338.0,False,0.0,0.0,True,-218.0,218.0,False,0.0,0.0,True,0.0,0.0,True,0.0,0.0,True,-1095.0,1095.0,False,-556.0,556.0,False
jacebrowning/datafiles,2025-05,control,7516af8388fd968e6b7abbfb0df7d51d658142d2,4471.0,2.0,0.0,41.0,0.0,4.1,444.0,279.0,43.0,0,,0,,control,4471.0,340.0,0.0,259.0,0.0,4.1,444.0,1374.0,599.0,both,0.0,0.0,True,-338.0,338.0,False,0.0,0.0,True,-218.0,218.0,False,0.0,0.0,True,0.0,0.0,True,0.0,0.0,True,-1095.0,1095.0,False,-556.0,556.0,False
jacebrowning/datafiles,2025-06,control,cb3628112394669d5a93a5804f4d6e23cf161eba,4471.0,2.0,0.0,41.0,0.0,4.1,444.0,279.0,43.0,0,,0,,control,4471.0,340.0,0.0,259.0,0.0,4.1,444.0,1374.0,599.0,both,0.0,0.0,True,-338.0,338.0,False,0.0,0.0,True,-218.0,218.0,False,0.0,0.0,True,0.0,0.0,True,0.0,0.0,True,-1095.0,1095.0,False,-556.0,556.0,False
jacebrowning/datafiles,2025-07,control,a7737126dae693f755013f0fcd11df7867274df6,4471.0,2.0,0.0,41.0,0.0,4.1,444.0,279.0,43.0,0,,0,,control,4471.0,340.0,0.0,259.0,0.0,4.1,444.0,1374.0,599.0,both,0.0,0.0,True,-338.0,338.0,False,0.0,0.0,True,-218.0,218.0,False,0.0,0.0,True,0.0,0.0,True,0.0,0.0,True,-1095.0,1095.0,False,-556.0,556.0,False
jacebrowning/datafiles,2025-08,control,a7737126dae693f755013f0fcd11df7867274df6,4471.0,2.0,0.0,41.0,0.0,4.1,444.0,279.0,43.0,,,,,,,,,,,,,,,left_only,,,False,,,False,,,False,,,False,,,False,,,False,,,False,,,False,,,False
jfcrenshaw/pzflow,2024-01,control,268a52b8ef3e38d3e1a4f1364a0430a8148eed22,2965.0,2.0,0.0,81.0,0.4,35.3,256.0,490.0,83.0,0,,0,,control,,,,,,,,,,both,,,False,,,False,,,False,,,False,,,False,,,False,,,False,,,False,,,False
jfcrenshaw/pzflow,2024-02,control,f306c4b563b9027317660ea2f4b18f986c7da23f,2970.0,2.0,0.0,81.0,0.4,35.3,256.0,490.0,83.0,0,,0,,control,2970.0,0.0,0.0,109.0,0.4,35.3,256.0,588.0,109.0,both,0.0,0.0,True,2.0,2.0,False,0.0,0.0,True,-28.0,28.0,False,0.0,0.0,True,0.0,0.0,True,0.0,0.0,True,-98.0,98.0,False,-26.0,26.0,False
jfcrenshaw/pzflow,2024-03,control,f306c4b563b9027317660ea2f4b18f986c7da23f,2970.0,2.0,0.0,81.0,0.4,35.3,256.0,490.0,83.0,0,,0,,control,2970.0,0.0,0.0,109.0,0.4,35.3,256.0,588.0,109.0,both,0.0,0.0,True,2.0,2.0,False,0.0,0.0,True,-28.0,28.0,False,0.0,0.0,True,0.0,0.0,True,0.0,0.0,True,-98.0,98.0,False,-26.0,26.0,False
jfcrenshaw/pzflow,2024-04,control,f306c4b563b9027317660ea2f4b18f986c7da23f,2970.0,2.0,0.0,81.0,0.4,35.3,256.0,490.0,83.0,0,,0,,control,2970.0,0.0,0.0,109.0,0.4,35.3,256.0,588.0,109.0,both,0.0,0.0,True,2.0,2.0,False,0.0,0.0,True,-28.0,28.0,False,0.0,0.0,True,0.0,0.0,True,0.0,0.0,True,-98.0,98.0,False,-26.0,26.0,False
jfcrenshaw/pzflow,2024-05,control,2e6bdfe6862225c05e0372c8080d0f9cc5afdf84,2970.0,2.0,0.0,81.0,0.4,35.3,256.0,490.0,83.0,0,,0,,control,2970.0,0.0,0.0,109.0,0.4,35.3,256.0,588.0,109.0,both,0.0,0.0,True,2.0,2.0,False,0.0,0.0,True,-28.0,28.0,False,0.0,0.0,True,0.0,0.0,True,0.0,0.0,True,-98.0,98.0,False,-26.0,26.0,False
jfcrenshaw/pzflow,2024-06,control,2e6bdfe6862225c05e0372c8080d0f9cc5afdf84,2970.0,2.0,0.0,81.0,0.4,35.3,256.0,490.0,83.0,0,,0,,control,2970.0,0.0,0.0,109.0,0.4,35.3,256.0,588.0,109.0,both,0.0,0.0,True,2.0,2.0,False,0.0,0.0,True,-28.0,28.0,False,0.0,0.0,True,0.0,0.0,True,0.0,0.0,True,-98.0,98.0,False,-26.0,26.0,False
jfcrenshaw/pzflow,2024-07,control,2e6bdfe6862225c05e0372c8080d0f9cc5afdf84,2970.0,2.0,0.0,81.0,0.4,35.3,256.0,490.0,83.0,0,,0,,control,2970.0,0.0,0.0,109.0,0.4,35.3,256.0,588.0,109.0,both,0.0,0.0,True,2.0,2.0,False,0.0,0.0,True,-28.0,28.0,False,0.0,0.0,True,0.0,0.0,True,0.0,0.0,True,-98.0,98.0,False,-26.0,26.0,False
jfcrenshaw/pzflow,2024-08,control,2e6bdfe6862225c05e0372c8080d0f9cc5afdf84,2970.0,2.0,0.0,81.0,0.4,35.3,256.0,490.0,83.0,0,,0,,control,2970.0,0.0,0.0,109.0,0.4,35.3,256.0,588.0,109.0,both,0.0,0.0,True,2.0,2.0,False,0.0,0.0,True,-28.0,28.0,False,0.0,0.0,True,0.0,0.0,True,0.0,0.0,True,-98.0,98.0,False,-26.0,26.0,False
jfcrenshaw/pzflow,2024-09,control,2e6bdfe6862225c05e0372c8080d0f9cc5afdf84,2970.0,2.0,0.0,81.0,0.4,35.3,256.0,490.0,83.0,0,,0,,control,2970.0,0.0,0.0,109.0,0.4,35.3,256.0,588.0,109.0,both,0.0,0.0,True,2.0,2.0,False,0.0,0.0,True,-28.0,28.0,False,0.0,0.0,True,0.0,0.0,True,0.0,0.0,True,-98.0,98.0,False,-26.0,26.0,False
jfcrenshaw/pzflow,2024-10,control,2e6bdfe6862225c05e0372c8080d0f9cc5afdf84,2970.0,2.0,0.0,81.0,0.4,35.3,256.0,490.0,83.0,0,,0,,control,2970.0,0.0,0.0,109.0,0.4,35.3,256.0,588.0,109.0,both,0.0,0.0,True,2.0,2.0,False,0.0,0.0,True,-28.0,28.0,False,0.0,0.0,True,0.0,0.0,True,0.0,0.0,True,-98.0,98.0,False,-26.0,26.0,False
jfcrenshaw/pzflow,2024-11,control,2e6bdfe6862225c05e0372c8080d0f9cc5afdf84,2970.0,2.0,0.0,81.0,0.4,35.3,256.0,490.0,83.0,0,,0,,control,2970.0,0.0,0.0,109.0,0.4,35.3,256.0,588.0,109.0,both,0.0,0.0,True,2.0,2.0,False,0.0,0.0,True,-28.0,28.0,False,0.0,0.0,True,0.0,0.0,True,0.0,0.0,True,-98.0,98.0,False,-26.0,26.0,False
jfcrenshaw/pzflow,2024-12,control,2e6bdfe6862225c05e0372c8080d0f9cc5afdf84,2970.0,2.0,0.0,81.0,0.4,35.3,256.0,490.0,83.0,0,,0,,control,2970.0,0.0,0.0,109.0,0.4,35.3,256.0,588.0,109.0,both,0.0,0.0,True,2.0,2.0,False,0.0,0.0,True,-28.0,28.0,False,0.0,0.0,True,0.0,0.0,True,0.0,0.0,True,-98.0,98.0,False,-26.0,26.0,False
jfcrenshaw/pzflow,2025-01,control,2e6bdfe6862225c05e0372c8080d0f9cc5afdf84,2970.0,2.0,0.0,81.0,0.4,35.3,256.0,490.0,83.0,0,,0,,control,2970.0,0.0,0.0,109.0,0.4,35.3,256.0,588.0,109.0,both,0.0,0.0,True,2.0,2.0,False,0.0,0.0,True,-28.0,28.0,False,0.0,0.0,True,0.0,0.0,True,0.0,0.0,True,-98.0,98.0,False,-26.0,26.0,False
jfcrenshaw/pzflow,2025-02,control,3c8fb336ba897d68f1cf21923b8f5ecf5d488dce,2970.0,2.0,0.0,81.0,0.4,35.3,256.0,490.0,83.0,0,,0,,control,2970.0,0.0,0.0,109.0,0.4,35.3,256.0,588.0,109.0,both,0.0,0.0,True,2.0,2.0,False,0.0,0.0,True,-28.0,28.0,False,0.0,0.0,True,0.0,0.0,True,0.0,0.0,True,-98.0,98.0,False,-26.0,26.0,False
jfcrenshaw/pzflow,2025-03,control,b3fb837cff6d758a28063c4cd82489d9607ab086,3053.0,2.0,0.0,84.0,0.3,34.9,265.0,541.0,86.0,0,,0,,control,3053.0,0.0,0.0,112.0,0.3,34.9,265.0,639.0,112.0,both,0.0,0.0,True,2.0,2.0,False,0.0,0.0,True,-28.0,28.0,False,0.0,0.0,True,0.0,0.0,True,0.0,0.0,True,-98.0,98.0,False,-26.0,26.0,False
jfcrenshaw/pzflow,2025-04,control,b3fb837cff6d758a28063c4cd82489d9607ab086,3053.0,2.0,0.0,84.0,0.3,34.9,265.0,541.0,86.0,,,,,,,,,,,,,,,left_only,,,False,,,False,,,False,,,False,,,False,,,False,,,False,,,False,,,False
jfcrenshaw/pzflow,2025-05,control,b3fb837cff6d758a28063c4cd82489d9607ab086,3053.0,2.0,0.0,84.0,0.3,34.9,265.0,541.0,86.0,,,,,,,,,,,,,,,left_only,,,False,,,False,,,False,,,False,,,False,,,False,,,False,,,False,,,False
jfcrenshaw/pzflow,2025-06,control,b3fb837cff6d758a28063c4cd82489d9607ab086,3053.0,2.0,0.0,84.0,0.3,34.9,265.0,541.0,86.0,,,,,,,,,,,,,,,left_only,,,False,,,False,,,False,,,False,,,False,,,False,,,False,,,False,,,False
jfcrenshaw/pzflow,2025-07,control,b3fb837cff6d758a28063c4cd82489d9607ab086,3053.0,2.0,0.0,84.0,0.3,34.9,265.0,541.0,86.0,,,,,,,,,,,,,,,left_only,,,False,,,False,,,False,,,False,,,False,,,False,,,False,,,False,,,False
jfcrenshaw/pzflow,2025-08,control,b3fb837cff6d758a28063c4cd82489d9607ab086,3053.0,2.0,0.0,84.0,0.3,34.9,265.0,541.0,86.0,,,,,,,,,,,,,,,left_only,,,False,,,False,,,False,,,False,,,False,,,False,,,False,,,False,,,False
jinli99/iShapEditing,2024-03,control,34a919a6d560de57cc53e0f6ac2fc1ab4ad221b4,6683.0,19.0,3.0,221.0,32.1,16.5,1232.0,1568.0,243.0,0,,0,,control,6683.0,19.0,0.0,207.0,32.1,16.5,1232.0,1498.0,226.0,both,0.0,0.0,True,0.0,0.0,True,3.0,3.0,False,14.0,14.0,False,0.0,0.0,True,0.0,0.0,True,0.0,0.0,True,70.0,70.0,False,17.0,17.0,False
jinli99/iShapEditing,2024-04,control,34a919a6d560de57cc53e0f6ac2fc1ab4ad221b4,6683.0,19.0,3.0,221.0,32.1,16.5,1232.0,1568.0,243.0,0,,0,,control,6683.0,19.0,0.0,207.0,32.1,16.5,1232.0,1498.0,226.0,both,0.0,0.0,True,0.0,0.0,True,3.0,3.0,False,14.0,14.0,False,0.0,0.0,True,0.0,0.0,True,0.0,0.0,True,70.0,70.0,False,17.0,17.0,False
jinli99/iShapEditing,2024-05,control,34a919a6d560de57cc53e0f6ac2fc1ab4ad221b4,6683.0,19.0,3.0,221.0,32.1,16.5,1232.0,1568.0,243.0,0,,0,,control,6683.0,19.0,0.0,207.0,32.1,16.5,1232.0,1498.0,226.0,both,0.0,0.0,True,0.0,0.0,True,3.0,3.0,False,14.0,14.0,False,0.0,0.0,True,0.0,0.0,True,0.0,0.0,True,70.0,70.0,False,17.0,17.0,False
jinli99/iShapEditing,2024-06,control,34a919a6d560de57cc53e0f6ac2fc1ab4ad221b4,6683.0,19.0,3.0,221.0,32.1,16.5,1232.0,1568.0,243.0,0,,0,,control,6683.0,19.0,0.0,207.0,32.1,16.5,1232.0,1498.0,226.0,both,0.0,0.0,True,0.0,0.0,True,3.0,3.0,False,14.0,14.0,False,0.0,0.0,True,0.0,0.0,True,0.0,0.0,True,70.0,70.0,False,17.0,17.0,False
jinli99/iShapEditing,2024-07,control,34a919a6d560de57cc53e0f6ac2fc1ab4ad221b4,6683.0,19.0,3.0,221.0,32.1,16.5,1232.0,1568.0,243.0,0,,0,,control,6683.0,19.0,0.0,207.0,32.1,16.5,1232.0,1498.0,226.0,both,0.0,0.0,True,0.0,0.0,True,3.0,3.0,False,14.0,14.0,False,0.0,0.0,True,0.0,0.0,True,0.0,0.0,True,70.0,70.0,False,17.0,17.0,False
jinli99/iShapEditing,2024-08,control,34a919a6d560de57cc53e0f6ac2fc1ab4ad221b4,6683.0,19.0,3.0,221.0,32.1,16.5,1232.0,1568.0,243.0,0,,0,,control,6683.0,19.0,0.0,207.0,32.1,16.5,1232.0,1498.0,226.0,both,0.0,0.0,True,0.0,0.0,True,3.0,3.0,False,14.0,14.0,False,0.0,0.0,True,0.0,0.0,True,0.0,0.0,True,70.0,70.0,False,17.0,17.0,False
jinli99/iShapEditing,2024-09,control,34a919a6d560de57cc53e0f6ac2fc1ab4ad221b4,6683.0,19.0,3.0,221.0,32.1,16.5,1232.0,1568.0,243.0,0,,0,,control,6683.0,19.0,0.0,207.0,32.1,16.5,1232.0,1498.0,226.0,both,0.0,0.0,True,0.0,0.0,True,3.0,3.0,False,14.0,14.0,False,0.0,0.0,True,0.0,0.0,True,0.0,0.0,True,70.0,70.0,False,17.0,17.0,False
jinli99/iShapEditing,2024-10,control,34a919a6d560de57cc53e0f6ac2fc1ab4ad221b4,6683.0,19.0,3.0,221.0,32.1,16.5,1232.0,1568.0,243.0,0,,0,,control,6683.0,19.0,0.0,207.0,32.1,16.5,1232.0,1498.0,226.0,both,0.0,0.0,True,0.0,0.0,True,3.0,3.0,False,14.0,14.0,False,0.0,0.0,True,0.0,0.0,True,0.0,0.0,True,70.0,70.0,False,17.0,17.0,False
jinli99/iShapEditing,2024-11,control,f54cef1642f690584743e334719c29057c5021c5,4966.0,11.0,5.0,149.0,4.6,16.3,724.0,878.0,165.0,0,,0,,control,4966.0,11.0,0.0,137.0,6.5,16.3,724.0,827.0,148.0,both,0.0,0.0,True,0.0,0.0,True,5.0,5.0,False,12.0,12.0,False,-1.9000000000000004,1.9000000000000004,False,0.0,0.0,True,0.0,0.0,True,51.0,51.0,False,17.0,17.0,False
jinli99/iShapEditing,2024-12,control,f54cef1642f690584743e334719c29057c5021c5,4966.0,11.0,5.0,149.0,4.6,16.3,724.0,878.0,165.0,0,,0,,control,4966.0,11.0,0.0,137.0,6.5,16.3,724.0,827.0,148.0,both,0.0,0.0,True,0.0,0.0,True,5.0,5.0,False,12.0,12.0,False,-1.9000000000000004,1.9000000000000004,False,0.0,0.0,True,0.0,0.0,True,51.0,51.0,False,17.0,17.0,False
jinli99/iShapEditing,2025-01,control,f54cef1642f690584743e334719c29057c5021c5,4966.0,11.0,5.0,149.0,4.6,16.3,724.0,878.0,165.0,0,,0,,control,4966.0,11.0,0.0,137.0,6.5,16.3,724.0,827.0,148.0,both,0.0,0.0,True,0.0,0.0,True,5.0,5.0,False,12.0,12.0,False,-1.9000000000000004,1.9000000000000004,False,0.0,0.0,True,0.0,0.0,True,51.0,51.0,False,17.0,17.0,False
jinli99/iShapEditing,2025-02,control,f54cef1642f690584743e334719c29057c5021c5,4966.0,11.0,5.0,149.0,4.6,16.3,724.0,878.0,165.0,0,,0,,control,4966.0,11.0,0.0,137.0,6.5,16.3,724.0,827.0,148.0,both,0.0,0.0,True,0.0,0.0,True,5.0,5.0,False,12.0,12.0,False,-1.9000000000000004,1.9000000000000004,False,0.0,0.0,True,0.0,0.0,True,51.0,51.0,False,17.0,17.0,False
jinli99/iShapEditing,2025-03,control,15b20e3aa435cee574a8737406274fad79684f46,4958.0,11.0,5.0,156.0,4.6,16.5,724.0,913.0,172.0,0,,0,,control,4958.0,11.0,0.0,144.0,6.5,16.5,724.0,862.0,155.0,both,0.0,0.0,True,0.0,0.0,True,5.0,5.0,False,12.0,12.0,False,-1.9000000000000004,1.9000000000000004,False,0.0,0.0,True,0.0,0.0,True,51.0,51.0,False,17.0,17.0,False
jinli99/iShapEditing,2025-04,control,15b20e3aa435cee574a8737406274fad79684f46,4958.0,11.0,5.0,156.0,4.6,16.5,724.0,913.0,172.0,,,,,,,,,,,,,,,left_only,,,False,,,False,,,False,,,False,,,False,,,False,,,False,,,False,,,False
jinli99/iShapEditing,2025-05,control,15b20e3aa435cee574a8737406274fad79684f46,4958.0,11.0,5.0,156.0,4.6,16.5,724.0,913.0,172.0,,,,,,,,,,,,,,,left_only,,,False,,,False,,,False,,,False,,,False,,,False,,,False,,,False,,,False
jinli99/iShapEditing,2025-06,control,15b20e3aa435cee574a8737406274fad79684f46,4958.0,11.0,5.0,156.0,4.6,16.5,724.0,913.0,172.0,,,,,,,,,,,,,,,left_only,,,False,,,False,,,False,,,False,,,False,,,False,,,False,,,False,,,False
jinli99/iShapEditing,2025-07,control,15b20e3aa435cee574a8737406274fad79684f46,4958.0,11.0,5.0,156.0,4.6,16.5,724.0,913.0,172.0,,,,,,,,,,,,,,,left_only,,,False,,,False,,,False,,,False,,,False,,,False,,,False,,,False,,,False
jinli99/iShapEditing,2025-08,control,15b20e3aa435cee574a8737406274fad79684f46,4958.0,11.0,5.0,156.0,4.6,16.5,724.0,913.0,172.0,,,,,,,,,,,,,,,left_only,,,False,,,False,,,False,,,False,,,False,,,False,,,False,,,False,,,False
jrowellfx/lsseq,2024-01,control,89ee591fd9198af2cf19b4e2c03c66a54cef901d,1228.0,0.0,0.0,108.0,4.6,23.6,708.0,958.0,108.0,0,,0,,control,,,,,,,,,,both,,,False,,,False,,,False,,,False,,,False,,,False,,,False,,,False,,,False
jrowellfx/lsseq,2024-02,control,89ee591fd9198af2cf19b4e2c03c66a54cef901d,1228.0,0.0,0.0,108.0,4.6,23.6,708.0,958.0,108.0,0,,0,,control,,,,,,,,,,both,,,False,,,False,,,False,,,False,,,False,,,False,,,False,,,False,,,False
jrowellfx/lsseq,2024-03,control,89ee591fd9198af2cf19b4e2c03c66a54cef901d,1228.0,0.0,0.0,108.0,4.6,23.6,708.0,958.0,108.0,0,,0,,control,,,,,,,,,,both,,,False,,,False,,,False,,,False,,,False,,,False,,,False,,,False,,,False
jrowellfx/lsseq,2024-04,control,89ee591fd9198af2cf19b4e2c03c66a54cef901d,1228.0,0.0,0.0,108.0,4.6,23.6,708.0,958.0,108.0,0,,0,,control,,,,,,,,,,both,,,False,,,False,,,False,,,False,,,False,,,False,,,False,,,False,,,False
jrowellfx/lsseq,2024-05,control,89ee591fd9198af2cf19b4e2c03c66a54cef901d,1228.0,0.0,0.0,108.0,4.6,23.6,708.0,958.0,108.0,0,,0,,control,,,,,,,,,,both,,,False,,,False,,,False,,,False,,,False,,,False,,,False,,,False,,,False
jrowellfx/lsseq,2024-06,control,89ee591fd9198af2cf19b4e2c03c66a54cef901d,1228.0,0.0,0.0,108.0,4.6,23.6,708.0,958.0,108.0,0,,0,,control,,,,,,,,,,both,,,False,,,False,,,False,,,False,,,False,,,False,,,False,,,False,,,False
jrowellfx/lsseq,2024-07,control,89ee591fd9198af2cf19b4e2c03c66a54cef901d,1228.0,0.0,0.0,108.0,4.6,23.6,708.0,958.0,108.0,0,,0,,control,,,,,,,,,,both,,,False,,,False,,,False,,,False,,,False,,,False,,,False,,,False,,,False
jrowellfx/lsseq,2024-08,control,bc8ffb55c8daa8f20b7e7a8719fa2b76ccfe66b2,1229.0,0.0,0.0,108.0,4.6,23.6,708.0,958.0,108.0,0,,0,,control,1229.0,0.0,0.0,110.0,4.6,23.6,708.0,970.0,110.0,both,0.0,0.0,True,0.0,0.0,True,0.0,0.0,True,-2.0,2.0,False,0.0,0.0,True,0.0,0.0,True,0.0,0.0,True,-12.0,12.0,False,-2.0,2.0,False
jrowellfx/lsseq,2024-09,control,96360c8bfaa7ed89f2c960ad4a29e8ef7db897b1,1237.0,0.0,0.0,109.0,4.6,23.5,721.0,973.0,109.0,0,,0,,control,1237.0,0.0,0.0,111.0,4.6,23.5,721.0,985.0,111.0,both,0.0,0.0,True,0.0,0.0,True,0.0,0.0,True,-2.0,2.0,False,0.0,0.0,True,0.0,0.0,True,0.0,0.0,True,-12.0,12.0,False,-2.0,2.0,False
jrowellfx/lsseq,2024-10,control,96360c8bfaa7ed89f2c960ad4a29e8ef7db897b1,1237.0,0.0,0.0,109.0,4.6,23.5,721.0,973.0,109.0,0,,0,,control,1237.0,0.0,0.0,111.0,4.6,23.5,721.0,985.0,111.0,both,0.0,0.0,True,0.0,0.0,True,0.0,0.0,True,-2.0,2.0,False,0.0,0.0,True,0.0,0.0,True,0.0,0.0,True,-12.0,12.0,False,-2.0,2.0,False
jrowellfx/lsseq,2024-11,control,96360c8bfaa7ed89f2c960ad4a29e8ef7db897b1,1237.0,0.0,0.0,109.0,4.6,23.5,721.0,973.0,109.0,0,,0,,control,1237.0,0.0,0.0,111.0,4.6,23.5,721.0,985.0,111.0,both,0.0,0.0,True,0.0,0.0,True,0.0,0.0,True,-2.0,2.0,False,0.0,0.0,True,0.0,0.0,True,0.0,0.0,True,-12.0,12.0,False,-2.0,2.0,False
jrowellfx/lsseq,2024-12,control,96360c8bfaa7ed89f2c960ad4a29e8ef7db897b1,1237.0,0.0,0.0,109.0,4.6,23.5,721.0,973.0,109.0,0,,0,,control,1237.0,0.0,0.0,111.0,4.6,23.5,721.0,985.0,111.0,both,0.0,0.0,True,0.0,0.0,True,0.0,0.0,True,-2.0,2.0,False,0.0,0.0,True,0.0,0.0,True,0.0,0.0,True,-12.0,12.0,False,-2.0,2.0,False
jrowellfx/lsseq,2025-01,control,33fdeb75f45ce68886426ea75834ff8665dfe997,1237.0,0.0,0.0,109.0,4.6,23.5,723.0,975.0,109.0,0,,0,,control,1237.0,0.0,0.0,111.0,4.6,23.5,723.0,987.0,111.0,both,0.0,0.0,True,0.0,0.0,True,0.0,0.0,True,-2.0,2.0,False,0.0,0.0,True,0.0,0.0,True,0.0,0.0,True,-12.0,12.0,False,-2.0,2.0,False
jrowellfx/lsseq,2025-02,control,67c18e755dfa7d4a4dd13d42d2220decd4c14003,1163.0,0.0,0.0,109.0,4.9,24.0,719.0,975.0,109.0,0,,0,,control,1163.0,0.0,0.0,106.0,4.9,24.0,719.0,960.0,106.0,both,0.0,0.0,True,0.0,0.0,True,0.0,0.0,True,3.0,3.0,False,0.0,0.0,True,0.0,0.0,True,0.0,0.0,True,15.0,15.0,False,3.0,3.0,False
jrowellfx/lsseq,2025-03,control,abeb578da7493eab66fb57a4838c9964215eff09,1163.0,0.0,0.0,109.0,4.9,24.0,719.0,975.0,109.0,0,,0,,control,1163.0,0.0,0.0,106.0,4.9,24.0,719.0,960.0,106.0,both,0.0,0.0,True,0.0,0.0,True,0.0,0.0,True,3.0,3.0,False,0.0,0.0,True,0.0,0.0,True,0.0,0.0,True,15.0,15.0,False,3.0,3.0,False
jrowellfx/lsseq,2025-04,control,abeb578da7493eab66fb57a4838c9964215eff09,1163.0,0.0,0.0,109.0,4.9,24.0,719.0,975.0,109.0,0,,0,,control,1163.0,0.0,0.0,106.0,4.9,24.0,719.0,960.0,106.0,both,0.0,0.0,True,0.0,0.0,True,0.0,0.0,True,3.0,3.0,False,0.0,0.0,True,0.0,0.0,True,0.0,0.0,True,15.0,15.0,False,3.0,3.0,False
jrowellfx/lsseq,2025-05,control,aa7bae917c7d060107eae29b3c6917cd9395781a,1163.0,0.0,0.0,109.0,4.9,24.0,719.0,975.0,109.0,0,,0,,control,1163.0,0.0,0.0,106.0,4.9,24.0,719.0,960.0,106.0,both,0.0,0.0,True,0.0,0.0,True,0.0,0.0,True,3.0,3.0,False,0.0,0.0,True,0.0,0.0,True,0.0,0.0,True,15.0,15.0,False,3.0,3.0,False
jrowellfx/lsseq,2025-06,control,51a5dda0792e4fef5cf285a40c1fdc82632c7392,1177.0,0.0,0.0,109.0,4.9,23.9,722.0,978.0,109.0,0,,0,,control,1177.0,0.0,0.0,106.0,4.9,23.9,722.0,963.0,106.0,both,0.0,0.0,True,0.0,0.0,True,0.0,0.0,True,3.0,3.0,False,0.0,0.0,True,0.0,0.0,True,0.0,0.0,True,15.0,15.0,False,3.0,3.0,False
jrowellfx/lsseq,2025-07,control,b7c7717552b933edf0f4ce3874b7070178240964,1273.0,0.0,0.0,131.0,4.4,25.1,789.0,1090.0,131.0,0,,0,,control,1273.0,0.0,0.0,128.0,4.4,25.1,789.0,1075.0,128.0,both,0.0,0.0,True,0.0,0.0,True,0.0,0.0,True,3.0,3.0,False,0.0,0.0,True,0.0,0.0,True,0.0,0.0,True,15.0,15.0,False,3.0,3.0,False
jrowellfx/lsseq,2025-08,control,b7c7717552b933edf0f4ce3874b7070178240964,1273.0,0.0,0.0,131.0,4.4,25.1,789.0,1090.0,131.0,,,,,,,,,,,,,,,left_only,,,False,,,False,,,False,,,False,,,False,,,False,,,False,,,False,,,False
kangtegong/pyftrace,2024-10,control,fab1b1bf2ae24ff71f8b1040b28b88e48e3d6d8b,442.0,0.0,0.0,11.0,0.0,4.7,198.0,130.0,11.0,0,,0,,control,442.0,0.0,0.0,11.0,0.0,4.7,198.0,130.0,11.0,both,0.0,0.0,True,0.0,0.0,True,0.0,0.0,True,0.0,0.0,True,0.0,0.0,True,0.0,0.0,True,0.0,0.0,True,0.0,0.0,True,0.0,0.0,True
kangtegong/pyftrace,2024-11,control,373230846a173df3e9578cd397331871ffb8a0ce,1128.0,0.0,0.0,22.0,2.4,14.7,493.0,377.0,22.0,0,,0,,control,1128.0,0.0,0.0,23.0,2.4,14.7,493.0,382.0,23.0,both,0.0,0.0,True,0.0,0.0,True,0.0,0.0,True,-1.0,1.0,False,0.0,0.0,True,0.0,0.0,True,0.0,0.0,True,-5.0,5.0,False,-1.0,1.0,False
kangtegong/pyftrace,2024-12,control,d7ec34c5d81f03d7960a7bac1c2cbc57f3c5e9a3,1187.0,0.0,0.0,20.0,3.5,15.6,576.0,444.0,20.0,0,,0,,control,1187.0,0.0,0.0,21.0,3.5,15.6,576.0,449.0,21.0,both,0.0,0.0,True,0.0,0.0,True,0.0,0.0,True,-1.0,1.0,False,0.0,0.0,True,0.0,0.0,True,0.0,0.0,True,-5.0,5.0,False,-1.0,1.0,False
kangtegong/pyftrace,2025-01,control,d7ec34c5d81f03d7960a7bac1c2cbc57f3c5e9a3,1187.0,0.0,0.0,20.0,3.5,15.6,576.0,444.0,20.0,0,,0,,control,1187.0,0.0,0.0,21.0,3.5,15.6,576.0,449.0,21.0,both,0.0,0.0,True,0.0,0.0,True,0.0,0.0,True,-1.0,1.0,False,0.0,0.0,True,0.0,0.0,True,0.0,0.0,True,-5.0,5.0,False,-1.0,1.0,False
kangtegong/pyftrace,2025-02,control,d7ec34c5d81f03d7960a7bac1c2cbc57f3c5e9a3,1187.0,0.0,0.0,20.0,3.5,15.6,576.0,444.0,20.0,0,,0,,control,1187.0,0.0,0.0,21.0,3.5,15.6,576.0,449.0,21.0,both,0.0,0.0,True,0.0,0.0,True,0.0,0.0,True,-1.0,1.0,False,0.0,0.0,True,0.0,0.0,True,0.0,0.0,True,-5.0,5.0,False,-1.0,1.0,False
kangtegong/pyftrace,2025-03,control,185f4b470dd7c599d532b2d4a78583c765b7374d,1248.0,0.0,0.0,18.0,1.8,14.9,614.0,478.0,18.0,0,,0,,control,1248.0,0.0,0.0,19.0,1.8,14.9,614.0,483.0,19.0,both,0.0,0.0,True,0.0,0.0,True,0.0,0.0,True,-1.0,1.0,False,0.0,0.0,True,0.0,0.0,True,0.0,0.0,True,-5.0,5.0,False,-1.0,1.0,False
kangtegong/pyftrace,2025-04,control,185f4b470dd7c599d532b2d4a78583c765b7374d,1248.0,0.0,0.0,18.0,1.8,14.9,614.0,478.0,18.0,,,,,,,,,,,,,,,left_only,,,False,,,False,,,False,,,False,,,False,,,False,,,False,,,False,,,False
kangtegong/pyftrace,2025-05,control,185f4b470dd7c599d532b2d4a78583c765b7374d,1248.0,0.0,0.0,18.0,1.8,14.9,614.0,478.0,18.0,,,,,,,,,,,,,,,left_only,,,False,,,False,,,False,,,False,,,False,,,False,,,False,,,False,,,False
kangtegong/pyftrace,2025-06,control,185f4b470dd7c599d532b2d4a78583c765b7374d,1248.0,0.0,0.0,18.0,1.8,14.9,614.0,478.0,18.0,,,,,,,,,,,,,,,left_only,,,False,,,False,,,False,,,False,,,False,,,False,,,False,,,False,,,False
kangtegong/pyftrace,2025-07,control,185f4b470dd7c599d532b2d4a78583c765b7374d,1248.0,0.0,0.0,18.0,1.8,14.9,614.0,478.0,18.0,,,,,,,,,,,,,,,left_only,,,False,,,False,,,False,,,False,,,False,,,False,,,False,,,False,,,False
kangtegong/pyftrace,2025-08,control,185f4b470dd7c599d532b2d4a78583c765b7374d,1248.0,0.0,0.0,18.0,1.8,14.9,614.0,478.0,18.0,,,,,,,,,,,,,,,left_only,,,False,,,False,,,False,,,False,,,False,,,False,,,False,,,False,,,False
kuleshov-group/caduceus,2024-02,control,33506e2b22e844736de3ab5a2fd6ad3a8dd71053,5281.0,6.0,1.0,121.0,5.6,19.6,1043.0,705.0,128.0,0,,0,,control,5281.0,6.0,0.0,99.0,5.6,19.6,1043.0,599.0,105.0,both,0.0,0.0,True,0.0,0.0,True,1.0,1.0,False,22.0,22.0,False,0.0,0.0,True,0.0,0.0,True,0.0,0.0,True,106.0,106.0,False,23.0,23.0,False
kuleshov-group/caduceus,2024-03,control,0efeae802dbdb52c904f5c49052419a526dfaa8f,5286.0,6.0,1.0,121.0,5.6,19.7,1045.0,705.0,128.0,0,,0,,control,5286.0,6.0,0.0,99.0,5.6,19.7,1045.0,599.0,105.0,both,0.0,0.0,True,0.0,0.0,True,1.0,1.0,False,22.0,22.0,False,0.0,0.0,True,0.0,0.0,True,0.0,0.0,True,106.0,106.0,False,23.0,23.0,False
kuleshov-group/caduceus,2024-04,control,17452f8c4066f5d562fdcfb3e4f28534cdc31015,5861.0,6.0,4.0,139.0,5.0,19.3,1171.0,824.0,149.0,0,,0,,control,5861.0,6.0,0.0,107.0,5.0,19.3,1171.0,668.0,113.0,both,0.0,0.0,True,0.0,0.0,True,4.0,4.0,False,32.0,32.0,False,0.0,0.0,True,0.0,0.0,True,0.0,0.0,True,156.0,156.0,False,36.0,36.0,False
kuleshov-group/caduceus,2024-05,control,901884f6a6c9ad82ae36cbfdb056b272d9a4c64a,5861.0,6.0,4.0,139.0,5.0,19.3,1171.0,824.0,149.0,0,,0,,control,5861.0,6.0,0.0,107.0,5.0,19.3,1171.0,668.0,113.0,both,0.0,0.0,True,0.0,0.0,True,4.0,4.0,False,32.0,32.0,False,0.0,0.0,True,0.0,0.0,True,0.0,0.0,True,156.0,156.0,False,36.0,36.0,False
kuleshov-group/caduceus,2024-06,control,8f04348b51de01a80e6d3e6dadc9a61f39438cc6,5866.0,6.0,4.0,139.0,5.0,19.2,1172.0,824.0,149.0,0,,0,,control,5866.0,6.0,0.0,107.0,5.0,19.2,1172.0,668.0,113.0,both,0.0,0.0,True,0.0,0.0,True,4.0,4.0,False,32.0,32.0,False,0.0,0.0,True,0.0,0.0,True,0.0,0.0,True,156.0,156.0,False,36.0,36.0,False
kuleshov-group/caduceus,2024-07,control,8f04348b51de01a80e6d3e6dadc9a61f39438cc6,5866.0,6.0,4.0,139.0,5.0,19.2,1172.0,824.0,149.0,0,,0,,control,5866.0,6.0,0.0,107.0,5.0,19.2,1172.0,668.0,113.0,both,0.0,0.0,True,0.0,0.0,True,4.0,4.0,False,32.0,32.0,False,0.0,0.0,True,0.0,0.0,True,0.0,0.0,True,156.0,156.0,False,36.0,36.0,False
kuleshov-group/caduceus,2024-08,control,6b451a8b1a8e5d55b76b4e68565ed551fc53de64,5866.0,6.0,4.0,139.0,5.0,19.2,1172.0,824.0,149.0,0,,0,,control,5866.0,6.0,0.0,107.0,5.0,19.2,1172.0,668.0,113.0,both,0.0,0.0,True,0.0,0.0,True,4.0,4.0,False,32.0,32.0,False,0.0,0.0,True,0.0,0.0,True,0.0,0.0,True,156.0,156.0,False,36.0,36.0,False
kuleshov-group/caduceus,2024-09,control,6b451a8b1a8e5d55b76b4e68565ed551fc53de64,5866.0,6.0,4.0,139.0,5.0,19.2,1172.0,824.0,149.0,0,,0,,control,5866.0,6.0,0.0,107.0,5.0,19.2,1172.0,668.0,113.0,both,0.0,0.0,True,0.0,0.0,True,4.0,4.0,False,32.0,32.0,False,0.0,0.0,True,0.0,0.0,True,0.0,0.0,True,156.0,156.0,False,36.0,36.0,False
kuleshov-group/caduceus,2024-10,control,2593c807ebfc0aede05e7a991474b1a0e60fdc93,5887.0,6.0,4.0,139.0,5.0,19.3,1179.0,824.0,149.0,0,,0,,control,5887.0,6.0,0.0,107.0,5.0,19.3,1179.0,668.0,113.0,both,0.0,0.0,True,0.0,0.0,True,4.0,4.0,False,32.0,32.0,False,0.0,0.0,True,0.0,0.0,True,0.0,0.0,True,156.0,156.0,False,36.0,36.0,False
kuleshov-group/caduceus,2024-11,control,2593c807ebfc0aede05e7a991474b1a0e60fdc93,5887.0,6.0,4.0,139.0,5.0,19.3,1179.0,824.0,149.0,0,,0,,control,5887.0,6.0,0.0,107.0,5.0,19.3,1179.0,668.0,113.0,both,0.0,0.0,True,0.0,0.0,True,4.0,4.0,False,32.0,32.0,False,0.0,0.0,True,0.0,0.0,True,0.0,0.0,True,156.0,156.0,False,36.0,36.0,False
kuleshov-group/caduceus,2024-12,control,2593c807ebfc0aede05e7a991474b1a0e60fdc93,5887.0,6.0,4.0,139.0,5.0,19.3,1179.0,824.0,149.0,0,,0,,control,5887.0,6.0,0.0,107.0,5.0,19.3,1179.0,668.0,113.0,both,0.0,0.0,True,0.0,0.0,True,4.0,4.0,False,32.0,32.0,False,0.0,0.0,True,0.0,0.0,True,0.0,0.0,True,156.0,156.0,False,36.0,36.0,False
kuleshov-group/caduceus,2025-01,control,49e3204dfba5bd36b9c6405bca6b0396e04ab9d2,5887.0,6.0,4.0,139.0,5.0,19.3,1179.0,824.0,149.0,0,,0,,control,5887.0,6.0,0.0,107.0,5.0,19.3,1179.0,668.0,113.0,both,0.0,0.0,True,0.0,0.0,True,4.0,4.0,False,32.0,32.0,False,0.0,0.0,True,0.0,0.0,True,0.0,0.0,True,156.0,156.0,False,36.0,36.0,False
kuleshov-group/caduceus,2025-02,control,49e3204dfba5bd36b9c6405bca6b0396e04ab9d2,5887.0,6.0,4.0,139.0,5.0,19.3,1179.0,824.0,149.0,0,,0,,control,5887.0,6.0,0.0,107.0,5.0,19.3,1179.0,668.0,113.0,both,0.0,0.0,True,0.0,0.0,True,4.0,4.0,False,32.0,32.0,False,0.0,0.0,True,0.0,0.0,True,0.0,0.0,True,156.0,156.0,False,36.0,36.0,False
kuleshov-group/caduceus,2025-03,control,49e3204dfba5bd36b9c6405bca6b0396e04ab9d2,5887.0,6.0,4.0,139.0,5.0,19.3,1179.0,824.0,149.0,0,,0,,control,5887.0,6.0,0.0,107.0,5.0,19.3,1179.0,668.0,113.0,both,0.0,0.0,True,0.0,0.0,True,4.0,4.0,False,32.0,32.0,False,0.0,0.0,True,0.0,0.0,True,0.0,0.0,True,156.0,156.0,False,36.0,36.0,False
kuleshov-group/caduceus,2025-04,control,49e3204dfba5bd36b9c6405bca6b0396e04ab9d2,5887.0,6.0,4.0,139.0,5.0,19.3,1179.0,824.0,149.0,0,,0,,control,5887.0,6.0,0.0,107.0,5.0,19.3,1179.0,668.0,113.0,both,0.0,0.0,True,0.0,0.0,True,4.0,4.0,False,32.0,32.0,False,0.0,0.0,True,0.0,0.0,True,0.0,0.0,True,156.0,156.0,False,36.0,36.0,False
kuleshov-group/caduceus,2025-05,control,b3824a02dc97960b6301c5b5a0ef4e9c67c3c5cf,5899.0,6.0,4.0,139.0,5.0,19.3,1184.0,824.0,149.0,0,,0,,control,5899.0,6.0,0.0,107.0,5.0,19.3,1184.0,668.0,113.0,both,0.0,0.0,True,0.0,0.0,True,4.0,4.0,False,32.0,32.0,False,0.0,0.0,True,0.0,0.0,True,0.0,0.0,True,156.0,156.0,False,36.0,36.0,False
kuleshov-group/caduceus,2025-06,control,0060a6d8079b6a040fc55d505e15972a327b70a6,5899.0,6.0,4.0,139.0,5.0,19.3,1184.0,824.0,149.0,0,,0,,control,5899.0,6.0,0.0,107.0,5.0,19.3,1184.0,668.0,113.0,both,0.0,0.0,True,0.0,0.0,True,4.0,4.0,False,32.0,32.0,False,0.0,0.0,True,0.0,0.0,True,0.0,0.0,True,156.0,156.0,False,36.0,36.0,False
kuleshov-group/caduceus,2025-07,control,0060a6d8079b6a040fc55d505e15972a327b70a6,5899.0,6.0,4.0,139.0,5.0,19.3,1184.0,824.0,149.0,,,,,,,,,,,,,,,left_only,,,False,,,False,,,False,,,False,,,False,,,False,,,False,,,False,,,False
kuleshov-group/caduceus,2025-08,control,0060a6d8079b6a040fc55d505e15972a327b70a6,5899.0,6.0,4.0,139.0,5.0,19.3,1184.0,824.0,149.0,,,,,,,,,,,,,,,left_only,,,False,,,False,,,False,,,False,,,False,,,False,,,False,,,False,,,False
lancedb/lancedb,2024-01,control,a26c8f3316591a1a6385c482bc9078597d8d34c0,7646.0,3.0,6.0,118.0,1.3,26.2,633.0,528.0,127.0,0,,0,,control,,,,,,,,,,both,,,False,,,False,,,False,,,False,,,False,,,False,,,False,,,False,,,False
lancedb/lancedb,2024-02,control,a26c8f3316591a1a6385c482bc9078597d8d34c0,7646.0,3.0,6.0,118.0,1.3,26.2,633.0,528.0,127.0,0,,0,,control,,,,,,,,,,both,,,False,,,False,,,False,,,False,,,False,,,False,,,False,,,False,,,False
lancedb/lancedb,2024-03,control,a26c8f3316591a1a6385c482bc9078597d8d34c0,7646.0,3.0,6.0,118.0,1.3,26.2,633.0,528.0,127.0,0,,0,,control,,,,,,,,,,both,,,False,,,False,,,False,,,False,,,False,,,False,,,False,,,False,,,False
lancedb/lancedb,2024-04,control,6603414885be64132ee3a1018d5a5d6d7a4191ea,23347.0,5.0,6.0,424.0,3.5,28.5,1846.0,2286.0,435.0,0,,0,,control,15470.0,9.0,0.0,216.0,4.3,33.0,1421.0,1243.0,225.0,both,7877.0,7877.0,False,-4.0,4.0,False,6.0,6.0,False,208.0,208.0,False,-0.7999999999999998,0.7999999999999998,False,-4.5,4.5,False,425.0,425.0,False,1043.0,1043.0,False,210.0,210.0,False
lancedb/lancedb,2024-05,control,56b4fd2bd9c5c3077c1c7f6048780aecfbc577e3,27319.0,4.0,6.0,456.0,2.6,26.6,2060.0,2381.0,466.0,0,,0,,control,17029.0,8.0,0.0,239.0,3.1,31.7,1549.0,1352.0,247.0,both,10290.0,10290.0,False,-4.0,4.0,False,6.0,6.0,False,217.0,217.0,False,-0.5,0.5,False,-5.099999999999998,5.099999999999998,False,511.0,511.0,False,1029.0,1029.0,False,219.0,219.0,False
lancedb/lancedb,2024-06,control,865ed998814a5f8666d588b277f3cfa7fa14ce48,29231.0,4.0,6.0,506.0,3.0,25.8,2158.0,2568.0,516.0,0,,0,,control,18589.0,8.0,0.0,271.0,2.6,30.4,1633.0,1466.0,279.0,both,10642.0,10642.0,False,-4.0,4.0,False,6.0,6.0,False,235.0,235.0,False,0.3999999999999999,0.3999999999999999,False,-4.599999999999998,4.599999999999998,False,525.0,525.0,False,1102.0,1102.0,False,237.0,237.0,False
lancedb/lancedb,2024-07,control,6af69b57ad24f5ea313a98f4b388f68c81a75bc1,31252.0,5.0,15.0,562.0,3.1,25.2,2319.0,2683.0,582.0,0,,0,,control,20083.0,10.0,0.0,290.0,2.4,29.6,1790.0,1445.0,300.0,both,11169.0,11169.0,False,-5.0,5.0,False,15.0,15.0,False,272.0,272.0,False,0.7000000000000002,0.7000000000000002,False,-4.400000000000002,4.400000000000002,False,529.0,529.0,False,1238.0,1238.0,False,282.0,282.0,False
lancedb/lancedb,2024-08,control,51966a84f582476566daf289589318e9cc2cd0a1,32162.0,5.0,9.0,582.0,3.4,25.3,2390.0,2807.0,596.0,0,,0,,control,20546.0,10.0,0.0,295.0,2.6,29.9,1848.0,1484.0,305.0,both,11616.0,11616.0,False,-5.0,5.0,False,9.0,9.0,False,287.0,287.0,False,0.7999999999999998,0.7999999999999998,False,-4.599999999999998,4.599999999999998,False,542.0,542.0,False,1323.0,1323.0,False,291.0,291.0,False
lancedb/lancedb,2024-09,control,d6b505477886b48b4868a56481373e2a29a72fcd,34763.0,5.0,9.0,601.0,3.4,25.0,2550.0,2912.0,615.0,0,,0,,control,21675.0,9.0,0.0,296.0,2.6,30.2,1917.0,1502.0,305.0,both,13088.0,13088.0,False,-4.0,4.0,False,9.0,9.0,False,305.0,305.0,False,0.7999999999999998,0.7999999999999998,False,-5.199999999999999,5.199999999999999,False,633.0,633.0,False,1410.0,1410.0,False,310.0,310.0,False
lancedb/lancedb,2024-10,control,f3fc339ef650517674a22995d81f9ae21e7bae5a,35585.0,6.0,9.0,587.0,3.1,25.1,2579.0,2923.0,602.0,0,,0,,control,21682.0,9.0,0.0,279.0,2.5,30.6,1902.0,1502.0,288.0,both,13903.0,13903.0,False,-3.0,3.0,False,9.0,9.0,False,308.0,308.0,False,0.6000000000000001,0.6000000000000001,False,-5.5,5.5,False,677.0,677.0,False,1421.0,1421.0,False,314.0,314.0,False
lancedb/lancedb,2024-11,control,83e26a231e487673ce6f92dc32e7fe7d8c6d16d0,37497.0,7.0,2.0,603.0,3.4,24.5,2686.0,2993.0,612.0,0,,0,,control,22522.0,10.0,0.0,282.0,2.7,30.3,1959.0,1530.0,292.0,both,14975.0,14975.0,False,-3.0,3.0,False,2.0,2.0,False,321.0,321.0,False,0.6999999999999997,0.6999999999999997,False,-5.800000000000001,5.800000000000001,False,727.0,727.0,False,1463.0,1463.0,False,320.0,320.0,False
lancedb/lancedb,2024-12,control,92d845fa725cd044db1a10299046031c201febd0,39898.0,7.0,2.0,625.0,3.2,24.4,2782.0,3186.0,634.0,0,,0,,control,23524.0,10.0,0.0,303.0,2.8,30.6,2008.0,1717.0,313.0,both,16374.0,16374.0,False,-3.0,3.0,False,2.0,2.0,False,322.0,322.0,False,0.40000000000000036,0.40000000000000036,False,-6.200000000000003,6.200000000000003,False,774.0,774.0,False,1469.0,1469.0,False,321.0,321.0,False
lancedb/lancedb,2025-01,control,5e98b7f4c0cf16cdbab10d945c086a5f9ea4be6c,42438.0,5.0,2.0,629.0,3.3,23.5,2875.0,3192.0,636.0,0,,0,,control,25744.0,8.0,0.0,372.0,2.8,29.6,2101.0,1931.0,380.0,both,16694.0,16694.0,False,-3.0,3.0,False,2.0,2.0,False,257.0,257.0,False,0.5,0.5,False,-6.100000000000001,6.100000000000001,False,774.0,774.0,False,1261.0,1261.0,False,256.0,256.0,False
lancedb/lancedb,2025-02,control,dfe4ba8dad580232e4450903a5d1b239b19f8173,44605.0,7.0,2.0,658.0,2.9,23.0,3141.0,3403.0,667.0,0,,0,,control,26921.0,11.0,0.0,392.0,2.5,29.0,2328.0,2088.0,403.0,both,17684.0,17684.0,False,-4.0,4.0,False,2.0,2.0,False,266.0,266.0,False,0.3999999999999999,0.3999999999999999,False,-6.0,6.0,False,813.0,813.0,False,1315.0,1315.0,False,264.0,264.0,False
lancedb/lancedb,2025-03,control,e59f9382a0de2f70b931373b29a11a27824bf639,47274.0,6.0,2.0,670.0,3.1,22.7,3282.0,3459.0,678.0,0,,0,,control,28068.0,10.0,0.0,398.0,2.6,28.9,2411.0,2120.0,408.0,both,19206.0,19206.0,False,-4.0,4.0,False,2.0,2.0,False,272.0,272.0,False,0.5,0.5,False,-6.199999999999999,6.199999999999999,False,871.0,871.0,False,1339.0,1339.0,False,270.0,270.0,False
lancedb/lancedb,2025-04,control,3cc670ac3860bb9990d89f61d9b1644b0e4c658f,50737.0,6.0,2.0,695.0,3.0,22.4,3484.0,3583.0,703.0,0,,0,,control,29375.0,10.0,0.0,398.0,2.6,28.7,2506.0,2143.0,408.0,both,21362.0,21362.0,False,-4.0,4.0,False,2.0,2.0,False,297.0,297.0,False,0.3999999999999999,0.3999999999999999,False,-6.300000000000001,6.300000000000001,False,978.0,978.0,False,1440.0,1440.0,False,295.0,295.0,False
lancedb/lancedb,2025-05,control,0525c055fcc6b25297084bdaddc072d206345df1,51641.0,5.0,2.0,698.0,3.0,22.4,3572.0,3598.0,705.0,0,,0,,control,30103.0,16.0,0.0,400.0,2.6,29.0,2529.0,2155.0,416.0,both,21538.0,21538.0,False,-11.0,11.0,False,2.0,2.0,False,298.0,298.0,False,0.3999999999999999,0.3999999999999999,False,-6.600000000000001,6.600000000000001,False,1043.0,1043.0,False,1443.0,1443.0,False,289.0,289.0,False
lancedb/lancedb,2025-06,control,1dadb2aefa8c7e20098f8bdd4fad45383a8ebab7,52330.0,5.0,2.0,699.0,2.9,22.4,3647.0,3631.0,706.0,0,,0,,control,30612.0,16.0,0.0,402.0,2.5,29.0,2575.0,2193.0,418.0,both,21718.0,21718.0,False,-11.0,11.0,False,2.0,2.0,False,297.0,297.0,False,0.3999999999999999,0.3999999999999999,False,-6.600000000000001,6.600000000000001,False,1072.0,1072.0,False,1438.0,1438.0,False,288.0,288.0,False
lancedb/lancedb,2025-07,control,c7afa724ddf1a3a5ff0633edc75c93570b9a5689,53434.0,5.0,2.0,712.0,2.9,22.4,3684.0,3683.0,719.0,0,,0,,control,31373.0,16.0,0.0,412.0,2.5,28.8,2618.0,2200.0,428.0,both,22061.0,22061.0,False,-11.0,11.0,False,2.0,2.0,False,300.0,300.0,False,0.3999999999999999,0.3999999999999999,False,-6.400000000000002,6.400000000000002,False,1066.0,1066.0,False,1483.0,1483.0,False,291.0,291.0,False
lancedb/lancedb,2025-08,control,47747287b616d4a2f1dd14f811f218e3caee7f8d,51090.0,4.0,2.0,568.0,3.2,23.3,3463.0,2863.0,574.0,0,,0,,control,28931.0,15.0,0.0,368.0,2.6,30.3,2432.0,1879.0,383.0,both,22159.0,22159.0,False,-11.0,11.0,False,2.0,2.0,False,200.0,200.0,False,0.6000000000000001,0.6000000000000001,False,-7.0,7.0,False,1031.0,1031.0,False,984.0,984.0,False,191.0,191.0,False
loml13yyy/AtlassianConfluence-RCE,2024-10,control,8797c797dcc297faedda1f621fa6ccbec7353409,52.0,0.0,1.0,1.0,0.0,10.3,12.0,5.0,2.0,0,,0,,control,52.0,0.0,1.0,1.0,0.0,10.3,12.0,5.0,2.0,both,0.0,0.0,True,0.0,0.0,True,0.0,0.0,True,0.0,0.0,True,0.0,0.0,True,0.0,0.0,True,0.0,0.0,True,0.0,0.0,True,0.0,0.0,True
loml13yyy/AtlassianConfluence-RCE,2024-11,control,8797c797dcc297faedda1f621fa6ccbec7353409,52.0,0.0,1.0,1.0,0.0,10.3,12.0,5.0,2.0,,,,,,,,,,,,,,,left_only,,,False,,,False,,,False,,,False,,,False,,,False,,,False,,,False,,,False
loml13yyy/AtlassianConfluence-RCE,2024-12,control,8797c797dcc297faedda1f621fa6ccbec7353409,52.0,0.0,1.0,1.0,0.0,10.3,12.0,5.0,2.0,,,,,,,,,,,,,,,left_only,,,False,,,False,,,False,,,False,,,False,,,False,,,False,,,False,,,False
loml13yyy/AtlassianConfluence-RCE,2025-01,control,8797c797dcc297faedda1f621fa6ccbec7353409,52.0,0.0,1.0,1.0,0.0,10.3,12.0,5.0,2.0,,,,,,,,,,,,,,,left_only,,,False,,,False,,,False,,,False,,,False,,,False,,,False,,,False,,,False
loml13yyy/AtlassianConfluence-RCE,2025-02,control,8797c797dcc297faedda1f621fa6ccbec7353409,52.0,0.0,1.0,1.0,0.0,10.3,12.0,5.0,2.0,,,,,,,,,,,,,,,left_only,,,False,,,False,,,False,,,False,,,False,,,False,,,False,,,False,,,False
loml13yyy/AtlassianConfluence-RCE,2025-03,control,8797c797dcc297faedda1f621fa6ccbec7353409,52.0,0.0,1.0,1.0,0.0,10.3,12.0,5.0,2.0,,,,,,,,,,,,,,,left_only,,,False,,,False,,,False,,,False,,,False,,,False,,,False,,,False,,,False
loml13yyy/AtlassianConfluence-RCE,2025-04,control,8797c797dcc297faedda1f621fa6ccbec7353409,52.0,0.0,1.0,1.0,0.0,10.3,12.0,5.0,2.0,,,,,,,,,,,,,,,left_only,,,False,,,False,,,False,,,False,,,False,,,False,,,False,,,False,,,False
loml13yyy/AtlassianConfluence-RCE,2025-05,control,8797c797dcc297faedda1f621fa6ccbec7353409,52.0,0.0,1.0,1.0,0.0,10.3,12.0,5.0,2.0,,,,,,,,,,,,,,,left_only,,,False,,,False,,,False,,,False,,,False,,,False,,,False,,,False,,,False
loml13yyy/AtlassianConfluence-RCE,2025-06,control,8797c797dcc297faedda1f621fa6ccbec7353409,52.0,0.0,1.0,1.0,0.0,10.3,12.0,5.0,2.0,,,,,,,,,,,,,,,left_only,,,False,,,False,,,False,,,False,,,False,,,False,,,False,,,False,,,False
loml13yyy/AtlassianConfluence-RCE,2025-07,control,8797c797dcc297faedda1f621fa6ccbec7353409,52.0,0.0,1.0,1.0,0.0,10.3,12.0,5.0,2.0,,,,,,,,,,,,,,,left_only,,,False,,,False,,,False,,,False,,,False,,,False,,,False,,,False,,,False
loml13yyy/AtlassianConfluence-RCE,2025-08,control,8797c797dcc297faedda1f621fa6ccbec7353409,52.0,0.0,1.0,1.0,0.0,10.3,12.0,5.0,2.0,,,,,,,,,,,,,,,left_only,,,False,,,False,,,False,,,False,,,False,,,False,,,False,,,False,,,False
loml13yyy/yyGRPU8,2024-10,control,077ec2e2c3514c462932606ac3f94ebeb0efeabb,50.0,0.0,2.0,1.0,0.0,10.7,12.0,5.0,3.0,0,,0,,control,50.0,0.0,2.0,1.0,0.0,10.7,12.0,5.0,3.0,both,0.0,0.0,True,0.0,0.0,True,0.0,0.0,True,0.0,0.0,True,0.0,0.0,True,0.0,0.0,True,0.0,0.0,True,0.0,0.0,True,0.0,0.0,True
loml13yyy/yyGRPU8,2024-11,control,077ec2e2c3514c462932606ac3f94ebeb0efeabb,50.0,0.0,2.0,1.0,0.0,10.7,12.0,5.0,3.0,,,,,,,,,,,,,,,left_only,,,False,,,False,,,False,,,False,,,False,,,False,,,False,,,False,,,False
loml13yyy/yyGRPU8,2024-12,control,077ec2e2c3514c462932606ac3f94ebeb0efeabb,50.0,0.0,2.0,1.0,0.0,10.7,12.0,5.0,3.0,,,,,,,,,,,,,,,left_only,,,False,,,False,,,False,,,False,,,False,,,False,,,False,,,False,,,False
loml13yyy/yyGRPU8,2025-01,control,077ec2e2c3514c462932606ac3f94ebeb0efeabb,50.0,0.0,2.0,1.0,0.0,10.7,12.0,5.0,3.0,,,,,,,,,,,,,,,left_only,,,False,,,False,,,False,,,False,,,False,,,False,,,False,,,False,,,False
loml13yyy/yyGRPU8,2025-02,control,077ec2e2c3514c462932606ac3f94ebeb0efeabb,50.0,0.0,2.0,1.0,0.0,10.7,12.0,5.0,3.0,,,,,,,,,,,,,,,left_only,,,False,,,False,,,False,,,False,,,False,,,False,,,False,,,False,,,False
loml13yyy/yyGRPU8,2025-03,control,077ec2e2c3514c462932606ac3f94ebeb0efeabb,50.0,0.0,2.0,1.0,0.0,10.7,12.0,5.0,3.0,,,,,,,,,,,,,,,left_only,,,False,,,False,,,False,,,False,,,False,,,False,,,False,,,False,,,False
loml13yyy/yyGRPU8,2025-04,control,077ec2e2c3514c462932606ac3f94ebeb0efeabb,50.0,0.0,2.0,1.0,0.0,10.7,12.0,5.0,3.0,,,,,,,,,,,,,,,left_only,,,False,,,False,,,False,,,False,,,False,,,False,,,False,,,False,,,False
loml13yyy/yyGRPU8,2025-05,control,077ec2e2c3514c462932606ac3f94ebeb0efeabb,50.0,0.0,2.0,1.0,0.0,10.7,12.0,5.0,3.0,,,,,,,,,,,,,,,left_only,,,False,,,False,,,False,,,False,,,False,,,False,,,False,,,False,,,False
loml13yyy/yyGRPU8,2025-06,control,077ec2e2c3514c462932606ac3f94ebeb0efeabb,50.0,0.0,2.0,1.0,0.0,10.7,12.0,5.0,3.0,,,,,,,,,,,,,,,left_only,,,False,,,False,,,False,,,False,,,False,,,False,,,False,,,False,,,False
loml13yyy/yyGRPU8,2025-07,control,077ec2e2c3514c462932606ac3f94ebeb0efeabb,50.0,0.0,2.0,1.0,0.0,10.7,12.0,5.0,3.0,,,,,,,,,,,,,,,left_only,,,False,,,False,,,False,,,False,,,False,,,False,,,False,,,False,,,False
loml13yyy/yyGRPU8,2025-08,control,077ec2e2c3514c462932606ac3f94ebeb0efeabb,50.0,0.0,2.0,1.0,0.0,10.7,12.0,5.0,3.0,,,,,,,,,,,,,,,left_only,,,False,,,False,,,False,,,False,,,False,,,False,,,False,,,False,,,False
markmelnic/stealthenium,2024-08,control,8c4385c84ea10efb27698a37fcbc9bdeab400405,2204.0,24.0,0.0,169.0,2.0,16.3,363.0,1386.0,193.0,0,,0,,control,2204.0,24.0,0.0,124.0,2.5,16.3,363.0,1102.0,148.0,both,0.0,0.0,True,0.0,0.0,True,0.0,0.0,True,45.0,45.0,False,-0.5,0.5,False,0.0,0.0,True,0.0,0.0,True,284.0,284.0,False,45.0,45.0,False
markmelnic/stealthenium,2024-09,control,8c4385c84ea10efb27698a37fcbc9bdeab400405,2204.0,24.0,0.0,169.0,2.0,16.3,363.0,1386.0,193.0,0,,0,,control,2204.0,24.0,0.0,124.0,2.5,16.3,363.0,1102.0,148.0,both,0.0,0.0,True,0.0,0.0,True,0.0,0.0,True,45.0,45.0,False,-0.5,0.5,False,0.0,0.0,True,0.0,0.0,True,284.0,284.0,False,45.0,45.0,False
markmelnic/stealthenium,2024-10,control,8c2d8f30fc48c12382cd8f007922022621d9a3e0,2204.0,24.0,0.0,169.0,2.0,16.3,363.0,1386.0,193.0,0,,0,,control,2204.0,24.0,0.0,124.0,2.5,16.3,363.0,1102.0,148.0,both,0.0,0.0,True,0.0,0.0,True,0.0,0.0,True,45.0,45.0,False,-0.5,0.5,False,0.0,0.0,True,0.0,0.0,True,284.0,284.0,False,45.0,45.0,False
markmelnic/stealthenium,2024-11,control,8c2d8f30fc48c12382cd8f007922022621d9a3e0,2204.0,24.0,0.0,169.0,2.0,16.3,363.0,1386.0,193.0,0,,0,,control,2204.0,24.0,0.0,124.0,2.5,16.3,363.0,1102.0,148.0,both,0.0,0.0,True,0.0,0.0,True,0.0,0.0,True,45.0,45.0,False,-0.5,0.5,False,0.0,0.0,True,0.0,0.0,True,284.0,284.0,False,45.0,45.0,False
markmelnic/stealthenium,2024-12,control,8c2d8f30fc48c12382cd8f007922022621d9a3e0,2204.0,24.0,0.0,169.0,2.0,16.3,363.0,1386.0,193.0,0,,0,,control,2204.0,24.0,0.0,124.0,2.5,16.3,363.0,1102.0,148.0,both,0.0,0.0,True,0.0,0.0,True,0.0,0.0,True,45.0,45.0,False,-0.5,0.5,False,0.0,0.0,True,0.0,0.0,True,284.0,284.0,False,45.0,45.0,False
markmelnic/stealthenium,2025-01,control,8c2d8f30fc48c12382cd8f007922022621d9a3e0,2204.0,24.0,0.0,169.0,2.0,16.3,363.0,1386.0,193.0,0,,0,,control,2204.0,24.0,0.0,124.0,2.5,16.3,363.0,1102.0,148.0,both,0.0,0.0,True,0.0,0.0,True,0.0,0.0,True,45.0,45.0,False,-0.5,0.5,False,0.0,0.0,True,0.0,0.0,True,284.0,284.0,False,45.0,45.0,False
markmelnic/stealthenium,2025-02,control,339208d8978d3d15f971f0e4460097553071dfb2,2208.0,24.0,0.0,169.0,2.0,16.3,365.0,1386.0,193.0,0,,0,,control,2208.0,24.0,0.0,124.0,2.5,16.3,365.0,1102.0,148.0,both,0.0,0.0,True,0.0,0.0,True,0.0,0.0,True,45.0,45.0,False,-0.5,0.5,False,0.0,0.0,True,0.0,0.0,True,284.0,284.0,False,45.0,45.0,False
markmelnic/stealthenium,2025-03,control,339208d8978d3d15f971f0e4460097553071dfb2,2208.0,24.0,0.0,169.0,2.0,16.3,365.0,1386.0,193.0,,,,,,,,,,,,,,,left_only,,,False,,,False,,,False,,,False,,,False,,,False,,,False,,,False,,,False
markmelnic/stealthenium,2025-04,control,339208d8978d3d15f971f0e4460097553071dfb2,2208.0,24.0,0.0,169.0,2.0,16.3,365.0,1386.0,193.0,,,,,,,,,,,,,,,left_only,,,False,,,False,,,False,,,False,,,False,,,False,,,False,,,False,,,False
markmelnic/stealthenium,2025-05,control,339208d8978d3d15f971f0e4460097553071dfb2,2208.0,24.0,0.0,169.0,2.0,16.3,365.0,1386.0,193.0,,,,,,,,,,,,,,,left_only,,,False,,,False,,,False,,,False,,,False,,,False,,,False,,,False,,,False
markmelnic/stealthenium,2025-06,control,339208d8978d3d15f971f0e4460097553071dfb2,2208.0,24.0,0.0,169.0,2.0,16.3,365.0,1386.0,193.0,,,,,,,,,,,,,,,left_only,,,False,,,False,,,False,,,False,,,False,,,False,,,False,,,False,,,False
markmelnic/stealthenium,2025-07,control,339208d8978d3d15f971f0e4460097553071dfb2,2208.0,24.0,0.0,169.0,2.0,16.3,365.0,1386.0,193.0,,,,,,,,,,,,,,,left_only,,,False,,,False,,,False,,,False,,,False,,,False,,,False,,,False,,,False
markmelnic/stealthenium,2025-08,control,339208d8978d3d15f971f0e4460097553071dfb2,2208.0,24.0,0.0,169.0,2.0,16.3,365.0,1386.0,193.0,,,,,,,,,,,,,,,left_only,,,False,,,False,,,False,,,False,,,False,,,False,,,False,,,False,,,False
microsoft/AzureTRE,2024-01,control,31960894e15266f6ae76a4b7c1028cf9cc6bc459,40094.0,107.0,12.0,776.0,1.1,4.5,2186.0,4197.0,895.0,0,,0,,control,40025.0,73.0,5.0,508.0,1.1,4.5,2186.0,4055.0,586.0,both,69.0,69.0,False,34.0,34.0,False,7.0,7.0,False,268.0,268.0,False,0.0,0.0,True,0.0,0.0,True,0.0,0.0,True,142.0,142.0,False,309.0,309.0,False
microsoft/AzureTRE,2024-02,control,b2caab3b6e18e696abe751d3d7606677b968dc5f,40127.0,107.0,12.0,776.0,1.1,4.5,2185.0,4197.0,895.0,0,,0,,control,40058.0,73.0,5.0,508.0,1.1,4.5,2185.0,4055.0,586.0,both,69.0,69.0,False,34.0,34.0,False,7.0,7.0,False,268.0,268.0,False,0.0,0.0,True,0.0,0.0,True,0.0,0.0,True,142.0,142.0,False,309.0,309.0,False
microsoft/AzureTRE,2024-03,control,ddddbf6e3e8d13db477f70dc2ca8048dd12c563a,40133.0,107.0,12.0,776.0,1.1,4.5,2187.0,4197.0,895.0,0,,0,,control,40064.0,73.0,5.0,508.0,1.1,4.5,2187.0,4055.0,586.0,both,69.0,69.0,False,34.0,34.0,False,7.0,7.0,False,268.0,268.0,False,0.0,0.0,True,0.0,0.0,True,0.0,0.0,True,142.0,142.0,False,309.0,309.0,False
microsoft/AzureTRE,2024-04,control,cb59c99233575b096207e6afc288af9da7ee0256,40162.0,107.0,12.0,776.0,1.1,4.5,2187.0,4197.0,895.0,0,,0,,control,40093.0,73.0,5.0,508.0,1.1,4.5,2187.0,4055.0,586.0,both,69.0,69.0,False,34.0,34.0,False,7.0,7.0,False,268.0,268.0,False,0.0,0.0,True,0.0,0.0,True,0.0,0.0,True,142.0,142.0,False,309.0,309.0,False
microsoft/AzureTRE,2024-05,control,1ffb09baf37f4599adfd65b4259fdda7564da408,40212.0,107.0,12.0,776.0,1.1,4.5,2187.0,4197.0,895.0,0,,0,,control,40143.0,73.0,5.0,508.0,1.1,4.5,2187.0,4055.0,586.0,both,69.0,69.0,False,34.0,34.0,False,7.0,7.0,False,268.0,268.0,False,0.0,0.0,True,0.0,0.0,True,0.0,0.0,True,142.0,142.0,False,309.0,309.0,False
microsoft/AzureTRE,2024-06,control,9e49ed69d1ca074f7cae54647bd16001e59644a8,40262.0,107.0,12.0,776.0,1.1,4.5,2187.0,4197.0,895.0,0,,0,,control,40193.0,73.0,5.0,508.0,1.1,4.5,2187.0,4055.0,586.0,both,69.0,69.0,False,34.0,34.0,False,7.0,7.0,False,268.0,268.0,False,0.0,0.0,True,0.0,0.0,True,0.0,0.0,True,142.0,142.0,False,309.0,309.0,False
microsoft/AzureTRE,2024-07,control,6d51acec45c4ae60a66bbfdf0d35d8b1c9158ff9,40454.0,107.0,12.0,777.0,1.1,4.5,2187.0,4199.0,896.0,0,,0,,control,40385.0,73.0,5.0,509.0,1.1,4.5,2187.0,4057.0,587.0,both,69.0,69.0,False,34.0,34.0,False,7.0,7.0,False,268.0,268.0,False,0.0,0.0,True,0.0,0.0,True,0.0,0.0,True,142.0,142.0,False,309.0,309.0,False
microsoft/AzureTRE,2024-08,control,c3e4c8db9b8e548c2d498e34a6aa4a5796852401,40487.0,107.0,12.0,776.0,1.1,4.5,2190.0,4194.0,895.0,0,,0,,control,40418.0,73.0,5.0,508.0,1.1,4.5,2190.0,4052.0,586.0,both,69.0,69.0,False,34.0,34.0,False,7.0,7.0,False,268.0,268.0,False,0.0,0.0,True,0.0,0.0,True,0.0,0.0,True,142.0,142.0,False,309.0,309.0,False
microsoft/AzureTRE,2024-09,control,93e9a375c1ed7b2132bb470ae16c12130c183a8a,40676.0,107.0,12.0,777.0,1.1,4.5,2190.0,4196.0,896.0,0,,0,,control,40607.0,73.0,5.0,509.0,1.1,4.5,2190.0,4054.0,587.0,both,69.0,69.0,False,34.0,34.0,False,7.0,7.0,False,268.0,268.0,False,0.0,0.0,True,0.0,0.0,True,0.0,0.0,True,142.0,142.0,False,309.0,309.0,False
microsoft/AzureTRE,2024-10,control,8d27d595498ccf4c2cd45a9af859bc435061a61e,40860.0,108.0,12.0,782.0,1.1,4.4,2206.0,4222.0,902.0,0,,0,,control,40791.0,73.0,5.0,512.0,1.1,4.4,2206.0,4073.0,590.0,both,69.0,69.0,False,35.0,35.0,False,7.0,7.0,False,270.0,270.0,False,0.0,0.0,True,0.0,0.0,True,0.0,0.0,True,149.0,149.0,False,312.0,312.0,False
microsoft/AzureTRE,2024-11,control,90274e55ab850d156c5983ced2175977ef3f0158,40649.0,108.0,11.0,770.0,1.1,4.5,2209.0,4195.0,889.0,0,,0,,control,40580.0,73.0,5.0,498.0,1.1,4.5,2209.0,4036.0,576.0,both,69.0,69.0,False,35.0,35.0,False,6.0,6.0,False,272.0,272.0,False,0.0,0.0,True,0.0,0.0,True,0.0,0.0,True,159.0,159.0,False,313.0,313.0,False
microsoft/AzureTRE,2024-12,control,f26ab35bba859924524e39d25fa75623bd8616a5,41308.0,108.0,11.0,758.0,1.1,4.5,2209.0,4146.0,877.0,0,,0,,control,41235.0,73.0,5.0,484.0,1.1,4.5,2209.0,3977.0,562.0,both,73.0,73.0,False,35.0,35.0,False,6.0,6.0,False,274.0,274.0,False,0.0,0.0,True,0.0,0.0,True,0.0,0.0,True,169.0,169.0,False,315.0,315.0,False
microsoft/AzureTRE,2025-01,control,7c88fe498de3dabc9adb2bfd0122d1f49f246a5b,41392.0,108.0,11.0,759.0,1.1,4.5,2212.0,4151.0,878.0,0,,0,,control,41319.0,73.0,5.0,485.0,1.1,4.5,2212.0,3982.0,563.0,both,73.0,73.0,False,35.0,35.0,False,6.0,6.0,False,274.0,274.0,False,0.0,0.0,True,0.0,0.0,True,0.0,0.0,True,169.0,169.0,False,315.0,315.0,False
microsoft/AzureTRE,2025-02,control,3fcbdf9c6df25ccd3500702bff952e95766fa6d2,44439.0,109.0,12.0,769.0,1.9,4.3,2249.0,4222.0,890.0,0,,0,,control,44420.0,74.0,5.0,493.0,1.9,4.3,2249.0,4043.0,572.0,both,19.0,19.0,False,35.0,35.0,False,7.0,7.0,False,276.0,276.0,False,0.0,0.0,True,0.0,0.0,True,0.0,0.0,True,179.0,179.0,False,318.0,318.0,False
microsoft/AzureTRE,2025-03,control,cba92f16d3d386ac2121cc45514023290f044033,44461.0,109.0,12.0,769.0,1.9,4.3,2249.0,4222.0,890.0,0,,0,,control,44442.0,74.0,5.0,493.0,1.9,4.3,2249.0,4043.0,572.0,both,19.0,19.0,False,35.0,35.0,False,7.0,7.0,False,276.0,276.0,False,0.0,0.0,True,0.0,0.0,True,0.0,0.0,True,179.0,179.0,False,318.0,318.0,False
microsoft/AzureTRE,2025-04,control,95172bd84e7770b56d22702d2e1e38d5bda4471f,45651.0,114.0,12.0,790.0,1.8,4.2,2312.0,4298.0,916.0,0,,0,,control,45569.0,75.0,5.0,499.0,1.8,4.2,2303.0,4058.0,579.0,both,82.0,82.0,False,39.0,39.0,False,7.0,7.0,False,291.0,291.0,False,0.0,0.0,True,0.0,0.0,True,9.0,9.0,False,240.0,240.0,False,337.0,337.0,False
microsoft/AzureTRE,2025-05,control,1b6f9e09e9b5ae512b6ba9ec9e1939702f731d48,45684.0,109.0,11.0,780.0,1.8,4.2,2248.0,4256.0,900.0,0,,0,,control,45665.0,70.0,5.0,496.0,1.8,4.2,2248.0,4039.0,571.0,both,19.0,19.0,False,39.0,39.0,False,6.0,6.0,False,284.0,284.0,False,0.0,0.0,True,0.0,0.0,True,0.0,0.0,True,217.0,217.0,False,329.0,329.0,False
microsoft/AzureTRE,2025-06,control,0819afd148f6ac86c55d5544dab64992729d65c5,46274.0,109.0,11.0,781.0,1.8,4.2,2254.0,4259.0,901.0,0,,0,,control,46255.0,70.0,5.0,496.0,1.8,4.2,2254.0,4041.0,571.0,both,19.0,19.0,False,39.0,39.0,False,6.0,6.0,False,285.0,285.0,False,0.0,0.0,True,0.0,0.0,True,0.0,0.0,True,218.0,218.0,False,330.0,330.0,False
microsoft/AzureTRE,2025-07,control,34186de64f16e3bd0ee122bd84d107626b168cea,47051.0,111.0,11.0,806.0,1.8,4.2,2293.0,4333.0,928.0,0,,0,,control,47032.0,70.0,5.0,517.0,1.8,4.2,2293.0,4116.0,592.0,both,19.0,19.0,False,41.0,41.0,False,6.0,6.0,False,289.0,289.0,False,0.0,0.0,True,0.0,0.0,True,0.0,0.0,True,217.0,217.0,False,336.0,336.0,False
microsoft/AzureTRE,2025-08,control,34186de64f16e3bd0ee122bd84d107626b168cea,47051.0,111.0,11.0,806.0,1.8,4.2,2293.0,4333.0,928.0,0,,0,,control,47032.0,70.0,5.0,517.0,1.8,4.2,2293.0,4116.0,592.0,both,19.0,19.0,False,41.0,41.0,False,6.0,6.0,False,289.0,289.0,False,0.0,0.0,True,0.0,0.0,True,0.0,0.0,True,217.0,217.0,False,336.0,336.0,False
microsoft/semantic-link-labs,2024-05,control,1c01a9e709f2a7fa2371f91b24f281353de3b36b,6960.0,2.0,0.0,1278.0,1.2,14.0,2182.0,6482.0,1280.0,0,,0,,control,6791.0,2.0,0.0,1272.0,1.2,14.3,2131.0,6459.0,1274.0,both,169.0,169.0,False,0.0,0.0,True,0.0,0.0,True,6.0,6.0,False,0.0,0.0,True,-0.3000000000000007,0.3000000000000007,False,51.0,51.0,False,23.0,23.0,False,6.0,6.0,False
microsoft/semantic-link-labs,2024-06,control,6c76ccb5d8ce76b36dd9930ea5d8285975ab5dee,10769.0,3.0,0.0,1196.0,2.2,25.8,2128.0,6068.0,1199.0,0,,0,,control,10600.0,3.0,0.0,1168.0,2.2,26.1,2077.0,5930.0,1171.0,both,169.0,169.0,False,0.0,0.0,True,0.0,0.0,True,28.0,28.0,False,0.0,0.0,True,-0.3000000000000007,0.3000000000000007,False,51.0,51.0,False,138.0,138.0,False,28.0,28.0,False
microsoft/semantic-link-labs,2024-07,control,c4a849f59f7818b8f9a04b86f63eea7fcd3a1754,11524.0,5.0,0.0,1061.0,2.1,26.1,2136.0,5207.0,1066.0,0,,0,,control,11333.0,5.0,0.0,1033.0,2.1,26.4,2083.0,5069.0,1038.0,both,191.0,191.0,False,0.0,0.0,True,0.0,0.0,True,28.0,28.0,False,0.0,0.0,True,-0.29999999999999716,0.29999999999999716,False,53.0,53.0,False,138.0,138.0,False,28.0,28.0,False
microsoft/semantic-link-labs,2024-08,control,7c15bce2bc4c68dce4c528a7d1d5f7e40f9601c3,12836.0,5.0,0.0,1109.0,2.3,25.3,2339.0,5448.0,1114.0,0,,0,,control,12648.0,5.0,0.0,1082.0,2.3,25.6,2286.0,5310.0,1087.0,both,188.0,188.0,False,0.0,0.0,True,0.0,0.0,True,27.0,27.0,False,0.0,0.0,True,-0.3000000000000007,0.3000000000000007,False,53.0,53.0,False,138.0,138.0,False,27.0,27.0,False
microsoft/semantic-link-labs,2024-09,control,5cb77410f124034dd353ace32e3e9ce6e82ecd5d,18118.0,7.0,0.0,1352.0,2.6,23.9,3108.0,7356.0,1359.0,0,,0,,control,17660.0,7.0,0.0,1309.0,2.6,24.4,3052.0,7135.0,1316.0,both,458.0,458.0,False,0.0,0.0,True,0.0,0.0,True,43.0,43.0,False,0.0,0.0,True,-0.5,0.5,False,56.0,56.0,False,221.0,221.0,False,43.0,43.0,False
microsoft/semantic-link-labs,2024-10,control,bf1631b9fa801987b0e3a10e0bbe8c9b55f6d090,19753.0,6.0,0.0,1367.0,2.3,25.1,3355.0,7600.0,1373.0,0,,0,,control,19274.0,6.0,0.0,1326.0,2.3,25.6,3299.0,7400.0,1332.0,both,479.0,479.0,False,0.0,0.0,True,0.0,0.0,True,41.0,41.0,False,0.0,0.0,True,-0.5,0.5,False,56.0,56.0,False,200.0,200.0,False,41.0,41.0,False
microsoft/semantic-link-labs,2024-11,control,f7a524b25e8a23f4430eaf86af63312f3be98c30,21010.0,10.0,0.0,1382.0,2.1,26.1,3586.0,7698.0,1392.0,0,,0,,control,20530.0,10.0,0.0,1341.0,2.1,26.5,3530.0,7503.0,1351.0,both,480.0,480.0,False,0.0,0.0,True,0.0,0.0,True,41.0,41.0,False,0.0,0.0,True,-0.3999999999999986,0.3999999999999986,False,56.0,56.0,False,195.0,195.0,False,41.0,41.0,False
microsoft/semantic-link-labs,2024-12,control,3192a7a1f81874217a19fe51cf5faf6b89c4dfd1,21541.0,7.0,0.0,1377.0,2.1,26.2,3576.0,7674.0,1384.0,0,,0,,control,21064.0,7.0,0.0,1336.0,2.1,26.6,3520.0,7479.0,1343.0,both,477.0,477.0,False,0.0,0.0,True,0.0,0.0,True,41.0,41.0,False,0.0,0.0,True,-0.40000000000000213,0.40000000000000213,False,56.0,56.0,False,195.0,195.0,False,41.0,41.0,False
microsoft/semantic-link-labs,2025-01,control,776b52d48d9371c46adf6d76c0a65cbc2f9f56eb,22867.0,15.0,0.0,1337.0,2.0,26.3,3594.0,7524.0,1352.0,0,,0,,control,22352.0,11.0,0.0,1297.0,2.0,26.6,3536.0,7334.0,1308.0,both,515.0,515.0,False,4.0,4.0,False,0.0,0.0,True,40.0,40.0,False,0.0,0.0,True,-0.3000000000000007,0.3000000000000007,False,58.0,58.0,False,190.0,190.0,False,44.0,44.0,False
microsoft/semantic-link-labs,2025-02,control,c782680363921e762765a71cbad3185230e1c683,24671.0,10.0,0.0,1358.0,1.9,26.7,3844.0,7857.0,1368.0,0,,0,,control,24126.0,10.0,0.0,1313.0,1.9,27.1,3785.0,7642.0,1323.0,both,545.0,545.0,False,0.0,0.0,True,0.0,0.0,True,45.0,45.0,False,0.0,0.0,True,-0.40000000000000213,0.40000000000000213,False,59.0,59.0,False,215.0,215.0,False,45.0,45.0,False
microsoft/semantic-link-labs,2025-03,control,694a1bdf88b0fefafdaaec2edcd62589d06cfb8f,25941.0,11.0,0.0,1384.0,2.3,26.9,4065.0,8057.0,1395.0,0,,0,,control,25396.0,13.0,0.0,1336.0,2.3,27.2,4006.0,7832.0,1349.0,both,545.0,545.0,False,-2.0,2.0,False,0.0,0.0,True,48.0,48.0,False,0.0,0.0,True,-0.3000000000000007,0.3000000000000007,False,59.0,59.0,False,225.0,225.0,False,46.0,46.0,False
microsoft/semantic-link-labs,2025-04,control,f387d9155c343d58eda592671427942be01377d1,26662.0,19.0,0.0,1379.0,1.7,27.0,4198.0,8136.0,1398.0,0,,0,,control,25709.0,18.0,0.0,1331.0,1.8,27.2,4110.0,7910.0,1349.0,both,953.0,953.0,False,1.0,1.0,False,0.0,0.0,True,48.0,48.0,False,-0.10000000000000009,0.10000000000000009,False,-0.1999999999999993,0.1999999999999993,False,88.0,88.0,False,226.0,226.0,False,49.0,49.0,False
microsoft/semantic-link-labs,2025-05,control,f9fb128e8e26e36ddb8bcb976dea5f8427b15ffc,27403.0,20.0,0.0,1390.0,1.7,26.8,4377.0,8263.0,1410.0,0,,0,,control,26842.0,20.0,0.0,1337.0,1.7,27.2,4316.0,8011.0,1357.0,both,561.0,561.0,False,0.0,0.0,True,0.0,0.0,True,53.0,53.0,False,0.0,0.0,True,-0.3999999999999986,0.3999999999999986,False,61.0,61.0,False,252.0,252.0,False,53.0,53.0,False
microsoft/semantic-link-labs,2025-06,control,b823ff23680672344bf5511e0423ec63925a4442,29634.0,12.0,0.0,1385.0,1.9,26.4,5004.0,8629.0,1397.0,0,,0,,control,29089.0,12.0,0.0,1325.0,1.9,26.7,4945.0,8332.0,1337.0,both,545.0,545.0,False,0.0,0.0,True,0.0,0.0,True,60.0,60.0,False,0.0,0.0,True,-0.3000000000000007,0.3000000000000007,False,59.0,59.0,False,297.0,297.0,False,60.0,60.0,False
microsoft/semantic-link-labs,2025-07,control,87f8538af6f80c30cc45470a8b419587b1de079b,30007.0,13.0,0.0,1391.0,1.8,26.3,5061.0,8675.0,1404.0,0,,0,,control,29462.0,13.0,0.0,1330.0,1.8,26.5,5002.0,8373.0,1343.0,both,545.0,545.0,False,0.0,0.0,True,0.0,0.0,True,61.0,61.0,False,0.0,0.0,True,-0.1999999999999993,0.1999999999999993,False,59.0,59.0,False,302.0,302.0,False,61.0,61.0,False
microsoft/semantic-link-labs,2025-08,control,9d837175f9447041834e5a64a72598a21b9a3ff9,30594.0,13.0,0.0,1391.0,1.6,26.7,5142.0,8605.0,1404.0,0,,0,,control,30049.0,13.0,0.0,1328.0,1.6,27.0,5083.0,8293.0,1341.0,both,545.0,545.0,False,0.0,0.0,True,0.0,0.0,True,63.0,63.0,False,0.0,0.0,True,-0.3000000000000007,0.3000000000000007,False,59.0,59.0,False,312.0,312.0,False,63.0,63.0,False
monero-project/meta,2024-01,control,37b5fc40eade3fadeae537806a5e8c8286899a78,8.0,0.0,0.0,1.0,0.0,0.0,1.0,5.0,1.0,,,,,,,,,,,,,,,left_only,,,False,,,False,,,False,,,False,,,False,,,False,,,False,,,False,,,False
monero-project/meta,2024-02,control,37b5fc40eade3fadeae537806a5e8c8286899a78,8.0,0.0,0.0,1.0,0.0,0.0,1.0,5.0,1.0,,,,,,,,,,,,,,,left_only,,,False,,,False,,,False,,,False,,,False,,,False,,,False,,,False,,,False
monero-project/meta,2024-03,control,37b5fc40eade3fadeae537806a5e8c8286899a78,8.0,0.0,0.0,1.0,0.0,0.0,1.0,5.0,1.0,,,,,,,,,,,,,,,left_only,,,False,,,False,,,False,,,False,,,False,,,False,,,False,,,False,,,False
monero-project/meta,2024-04,control,37b5fc40eade3fadeae537806a5e8c8286899a78,8.0,0.0,0.0,1.0,0.0,0.0,1.0,5.0,1.0,,,,,,,,,,,,,,,left_only,,,False,,,False,,,False,,,False,,,False,,,False,,,False,,,False,,,False
monero-project/meta,2024-05,control,37b5fc40eade3fadeae537806a5e8c8286899a78,8.0,0.0,0.0,1.0,0.0,0.0,1.0,5.0,1.0,,,,,,,,,,,,,,,left_only,,,False,,,False,,,False,,,False,,,False,,,False,,,False,,,False,,,False
monero-project/meta,2024-06,control,37b5fc40eade3fadeae537806a5e8c8286899a78,8.0,0.0,0.0,1.0,0.0,0.0,1.0,5.0,1.0,,,,,,,,,,,,,,,left_only,,,False,,,False,,,False,,,False,,,False,,,False,,,False,,,False,,,False
monero-project/meta,2024-07,control,37b5fc40eade3fadeae537806a5e8c8286899a78,8.0,0.0,0.0,1.0,0.0,0.0,1.0,5.0,1.0,,,,,,,,,,,,,,,left_only,,,False,,,False,,,False,,,False,,,False,,,False,,,False,,,False,,,False
monero-project/meta,2024-08,control,37b5fc40eade3fadeae537806a5e8c8286899a78,8.0,0.0,0.0,1.0,0.0,0.0,1.0,5.0,1.0,,,,,,,,,,,,,,,left_only,,,False,,,False,,,False,,,False,,,False,,,False,,,False,,,False,,,False
monero-project/meta,2024-09,control,37b5fc40eade3fadeae537806a5e8c8286899a78,8.0,0.0,0.0,1.0,0.0,0.0,1.0,5.0,1.0,,,,,,,,,,,,,,,left_only,,,False,,,False,,,False,,,False,,,False,,,False,,,False,,,False,,,False
monero-project/meta,2024-10,control,37b5fc40eade3fadeae537806a5e8c8286899a78,8.0,0.0,0.0,1.0,0.0,0.0,1.0,5.0,1.0,,,,,,,,,,,,,,,left_only,,,False,,,False,,,False,,,False,,,False,,,False,,,False,,,False,,,False
monero-project/meta,2024-11,control,37b5fc40eade3fadeae537806a5e8c8286899a78,8.0,0.0,0.0,1.0,0.0,0.0,1.0,5.0,1.0,,,,,,,,,,,,,,,left_only,,,False,,,False,,,False,,,False,,,False,,,False,,,False,,,False,,,False
monero-project/meta,2024-12,control,37b5fc40eade3fadeae537806a5e8c8286899a78,8.0,0.0,0.0,1.0,0.0,0.0,1.0,5.0,1.0,,,,,,,,,,,,,,,left_only,,,False,,,False,,,False,,,False,,,False,,,False,,,False,,,False,,,False
monero-project/meta,2025-01,control,37b5fc40eade3fadeae537806a5e8c8286899a78,8.0,0.0,0.0,1.0,0.0,0.0,1.0,5.0,1.0,,,,,,,,,,,,,,,left_only,,,False,,,False,,,False,,,False,,,False,,,False,,,False,,,False,,,False
monero-project/meta,2025-02,control,37b5fc40eade3fadeae537806a5e8c8286899a78,8.0,0.0,0.0,1.0,0.0,0.0,1.0,5.0,1.0,,,,,,,,,,,,,,,left_only,,,False,,,False,,,False,,,False,,,False,,,False,,,False,,,False,,,False
monero-project/meta,2025-03,control,37b5fc40eade3fadeae537806a5e8c8286899a78,8.0,0.0,0.0,1.0,0.0,0.0,1.0,5.0,1.0,,,,,,,,,,,,,,,left_only,,,False,,,False,,,False,,,False,,,False,,,False,,,False,,,False,,,False
monero-project/meta,2025-04,control,37b5fc40eade3fadeae537806a5e8c8286899a78,8.0,0.0,0.0,1.0,0.0,0.0,1.0,5.0,1.0,,,,,,,,,,,,,,,left_only,,,False,,,False,,,False,,,False,,,False,,,False,,,False,,,False,,,False
monero-project/meta,2025-05,control,9ea138331520a3424d603071c6ae1bfcdef1ae9e,8.0,0.0,0.0,1.0,0.0,0.0,1.0,5.0,1.0,,,,,,,,,,,,,,,left_only,,,False,,,False,,,False,,,False,,,False,,,False,,,False,,,False,,,False
monero-project/meta,2025-06,control,9ea138331520a3424d603071c6ae1bfcdef1ae9e,8.0,0.0,0.0,1.0,0.0,0.0,1.0,5.0,1.0,,,,,,,,,,,,,,,left_only,,,False,,,False,,,False,,,False,,,False,,,False,,,False,,,False,,,False
monero-project/meta,2025-07,control,9ea138331520a3424d603071c6ae1bfcdef1ae9e,8.0,0.0,0.0,1.0,0.0,0.0,1.0,5.0,1.0,,,,,,,,,,,,,,,left_only,,,False,,,False,,,False,,,False,,,False,,,False,,,False,,,False,,,False
monero-project/meta,2025-08,control,9ea138331520a3424d603071c6ae1bfcdef1ae9e,8.0,0.0,0.0,1.0,0.0,0.0,1.0,5.0,1.0,,,,,,,,,,,,,,,left_only,,,False,,,False,,,False,,,False,,,False,,,False,,,False,,,False,,,False
neuml/rag,2024-07,control,dca4d6b1028bfed9f57e13c6ca094ab1ba4ae9c0,278.0,0.0,0.0,4.0,0.0,41.5,95.0,29.0,4.0,0,,0,,control,276.0,0.0,0.0,3.0,0.0,41.4,95.0,24.0,3.0,both,2.0,2.0,False,0.0,0.0,True,0.0,0.0,True,1.0,1.0,False,0.0,0.0,True,0.10000000000000142,0.10000000000000142,False,0.0,0.0,True,5.0,5.0,False,1.0,1.0,False
neuml/rag,2024-08,control,c096dadd33dfa976a2c19ba63e59bf6c8f6408e0,355.0,0.0,0.0,5.0,0.0,39.8,119.0,43.0,5.0,0,,0,,control,353.0,0.0,0.0,4.0,0.0,39.8,119.0,38.0,4.0,both,2.0,2.0,False,0.0,0.0,True,0.0,0.0,True,1.0,1.0,False,0.0,0.0,True,0.0,0.0,True,0.0,0.0,True,5.0,5.0,False,1.0,1.0,False
neuml/rag,2024-09,control,112aae1e026e9f264cde8526cd130a96ac3fa0ca,355.0,0.0,0.0,5.0,0.0,39.8,119.0,43.0,5.0,0,,0,,control,353.0,0.0,0.0,4.0,0.0,39.8,119.0,38.0,4.0,both,2.0,2.0,False,0.0,0.0,True,0.0,0.0,True,1.0,1.0,False,0.0,0.0,True,0.0,0.0,True,0.0,0.0,True,5.0,5.0,False,1.0,1.0,False
neuml/rag,2024-10,control,7355bcc0b205395e89c2c923d577f22f2fdd94fc,355.0,0.0,0.0,5.0,0.0,39.8,119.0,43.0,5.0,0,,0,,control,353.0,0.0,0.0,4.0,0.0,39.8,119.0,38.0,4.0,both,2.0,2.0,False,0.0,0.0,True,0.0,0.0,True,1.0,1.0,False,0.0,0.0,True,0.0,0.0,True,0.0,0.0,True,5.0,5.0,False,1.0,1.0,False
neuml/rag,2024-11,control,f12098cfa5c70fa212246239b8160b263c443d9d,355.0,0.0,0.0,5.0,0.0,39.8,119.0,43.0,5.0,0,,0,,control,353.0,0.0,0.0,4.0,0.0,39.8,119.0,38.0,4.0,both,2.0,2.0,False,0.0,0.0,True,0.0,0.0,True,1.0,1.0,False,0.0,0.0,True,0.0,0.0,True,0.0,0.0,True,5.0,5.0,False,1.0,1.0,False
neuml/rag,2024-12,control,19f10e1953da7f4bfbd85594167070974c7336a5,360.0,0.0,0.0,5.0,0.0,39.8,120.0,43.0,5.0,0,,0,,control,358.0,0.0,0.0,4.0,0.0,39.7,120.0,38.0,4.0,both,2.0,2.0,False,0.0,0.0,True,0.0,0.0,True,1.0,1.0,False,0.0,0.0,True,0.09999999999999432,0.09999999999999432,False,0.0,0.0,True,5.0,5.0,False,1.0,1.0,False
neuml/rag,2025-01,control,19f10e1953da7f4bfbd85594167070974c7336a5,360.0,0.0,0.0,5.0,0.0,39.8,120.0,43.0,5.0,0,,0,,control,358.0,0.0,0.0,4.0,0.0,39.7,120.0,38.0,4.0,both,2.0,2.0,False,0.0,0.0,True,0.0,0.0,True,1.0,1.0,False,0.0,0.0,True,0.09999999999999432,0.09999999999999432,False,0.0,0.0,True,5.0,5.0,False,1.0,1.0,False
neuml/rag,2025-02,control,19f10e1953da7f4bfbd85594167070974c7336a5,360.0,0.0,0.0,5.0,0.0,39.8,120.0,43.0,5.0,0,,0,,control,358.0,0.0,0.0,4.0,0.0,39.7,120.0,38.0,4.0,both,2.0,2.0,False,0.0,0.0,True,0.0,0.0,True,1.0,1.0,False,0.0,0.0,True,0.09999999999999432,0.09999999999999432,False,0.0,0.0,True,5.0,5.0,False,1.0,1.0,False
neuml/rag,2025-03,control,19f10e1953da7f4bfbd85594167070974c7336a5,360.0,0.0,0.0,5.0,0.0,39.8,120.0,43.0,5.0,0,,0,,control,358.0,0.0,0.0,4.0,0.0,39.7,120.0,38.0,4.0,both,2.0,2.0,False,0.0,0.0,True,0.0,0.0,True,1.0,1.0,False,0.0,0.0,True,0.09999999999999432,0.09999999999999432,False,0.0,0.0,True,5.0,5.0,False,1.0,1.0,False
neuml/rag,2025-04,control,cb600638423fdb6f167ea588fe6c596855a3a392,362.0,0.0,0.0,5.0,0.0,39.7,120.0,43.0,5.0,0,,0,,control,360.0,0.0,0.0,4.0,0.0,39.6,120.0,38.0,4.0,both,2.0,2.0,False,0.0,0.0,True,0.0,0.0,True,1.0,1.0,False,0.0,0.0,True,0.10000000000000142,0.10000000000000142,False,0.0,0.0,True,5.0,5.0,False,1.0,1.0,False
neuml/rag,2025-05,control,6cf676d9187be225c20a1482da7d7f325925a081,364.0,0.0,0.0,5.0,0.0,39.6,120.0,43.0,5.0,0,,0,,control,362.0,0.0,0.0,4.0,0.0,39.6,120.0,38.0,4.0,both,2.0,2.0,False,0.0,0.0,True,0.0,0.0,True,1.0,1.0,False,0.0,0.0,True,0.0,0.0,True,0.0,0.0,True,5.0,5.0,False,1.0,1.0,False
neuml/rag,2025-06,control,6cf676d9187be225c20a1482da7d7f325925a081,364.0,0.0,0.0,5.0,0.0,39.6,120.0,43.0,5.0,,,,,,,,,,,,,,,left_only,,,False,,,False,,,False,,,False,,,False,,,False,,,False,,,False,,,False
neuml/rag,2025-07,control,6cf676d9187be225c20a1482da7d7f325925a081,364.0,0.0,0.0,5.0,0.0,39.6,120.0,43.0,5.0,,,,,,,,,,,,,,,left_only,,,False,,,False,,,False,,,False,,,False,,,False,,,False,,,False,,,False
neuml/rag,2025-08,control,6cf676d9187be225c20a1482da7d7f325925a081,364.0,0.0,0.0,5.0,0.0,39.6,120.0,43.0,5.0,,,,,,,,,,,,,,,left_only,,,False,,,False,,,False,,,False,,,False,,,False,,,False,,,False,,,False
nhw649/EOV-Seg,2024-06,control,4de5dcb2128e6e50f79f5ded68f7963dd95dbcf1,6422.0,1.0,0.0,84.0,7.0,15.1,688.0,519.0,85.0,0,,0,,control,6422.0,1.0,0.0,80.0,7.0,15.1,688.0,503.0,81.0,both,0.0,0.0,True,0.0,0.0,True,0.0,0.0,True,4.0,4.0,False,0.0,0.0,True,0.0,0.0,True,0.0,0.0,True,16.0,16.0,False,4.0,4.0,False
nhw649/EOV-Seg,2024-07,control,4de5dcb2128e6e50f79f5ded68f7963dd95dbcf1,6422.0,1.0,0.0,84.0,7.0,15.1,688.0,519.0,85.0,0,,0,,control,6422.0,1.0,0.0,80.0,7.0,15.1,688.0,503.0,81.0,both,0.0,0.0,True,0.0,0.0,True,0.0,0.0,True,4.0,4.0,False,0.0,0.0,True,0.0,0.0,True,0.0,0.0,True,16.0,16.0,False,4.0,4.0,False
nhw649/EOV-Seg,2024-08,control,9d764139507456d44f9d89abb838f1b569fa9b7e,6419.0,1.0,0.0,84.0,7.0,15.1,688.0,519.0,85.0,0,,0,,control,6419.0,1.0,0.0,80.0,7.0,15.1,688.0,503.0,81.0,both,0.0,0.0,True,0.0,0.0,True,0.0,0.0,True,4.0,4.0,False,0.0,0.0,True,0.0,0.0,True,0.0,0.0,True,16.0,16.0,False,4.0,4.0,False
nhw649/EOV-Seg,2024-09,control,9d764139507456d44f9d89abb838f1b569fa9b7e,6419.0,1.0,0.0,84.0,7.0,15.1,688.0,519.0,85.0,0,,0,,control,6419.0,1.0,0.0,80.0,7.0,15.1,688.0,503.0,81.0,both,0.0,0.0,True,0.0,0.0,True,0.0,0.0,True,4.0,4.0,False,0.0,0.0,True,0.0,0.0,True,0.0,0.0,True,16.0,16.0,False,4.0,4.0,False
nhw649/EOV-Seg,2024-10,control,9d764139507456d44f9d89abb838f1b569fa9b7e,6419.0,1.0,0.0,84.0,7.0,15.1,688.0,519.0,85.0,0,,0,,control,6419.0,1.0,0.0,80.0,7.0,15.1,688.0,503.0,81.0,both,0.0,0.0,True,0.0,0.0,True,0.0,0.0,True,4.0,4.0,False,0.0,0.0,True,0.0,0.0,True,0.0,0.0,True,16.0,16.0,False,4.0,4.0,False
nhw649/EOV-Seg,2024-11,control,9d764139507456d44f9d89abb838f1b569fa9b7e,6419.0,1.0,0.0,84.0,7.0,15.1,688.0,519.0,85.0,0,,0,,control,6419.0,1.0,0.0,80.0,7.0,15.1,688.0,503.0,81.0,both,0.0,0.0,True,0.0,0.0,True,0.0,0.0,True,4.0,4.0,False,0.0,0.0,True,0.0,0.0,True,0.0,0.0,True,16.0,16.0,False,4.0,4.0,False
nhw649/EOV-Seg,2024-12,control,6f5e93e9aca6ccae89fe492b24018f8530075fc4,8302.0,1.0,0.0,85.0,23.4,13.2,819.0,528.0,86.0,0,,0,,control,8302.0,1.0,0.0,81.0,23.4,13.2,819.0,512.0,82.0,both,0.0,0.0,True,0.0,0.0,True,0.0,0.0,True,4.0,4.0,False,0.0,0.0,True,0.0,0.0,True,0.0,0.0,True,16.0,16.0,False,4.0,4.0,False
nhw649/EOV-Seg,2025-01,control,6f5e93e9aca6ccae89fe492b24018f8530075fc4,8302.0,1.0,0.0,85.0,23.4,13.2,819.0,528.0,86.0,,,,,,,,,,,,,,,left_only,,,False,,,False,,,False,,,False,,,False,,,False,,,False,,,False,,,False
nhw649/EOV-Seg,2025-02,control,6f5e93e9aca6ccae89fe492b24018f8530075fc4,8302.0,1.0,0.0,85.0,23.4,13.2,819.0,528.0,86.0,,,,,,,,,,,,,,,left_only,,,False,,,False,,,False,,,False,,,False,,,False,,,False,,,False,,,False
nhw649/EOV-Seg,2025-03,control,6f5e93e9aca6ccae89fe492b24018f8530075fc4,8302.0,1.0,0.0,85.0,23.4,13.2,819.0,528.0,86.0,,,,,,,,,,,,,,,left_only,,,False,,,False,,,False,,,False,,,False,,,False,,,False,,,False,,,False
nhw649/EOV-Seg,2025-04,control,6f5e93e9aca6ccae89fe492b24018f8530075fc4,8302.0,1.0,0.0,85.0,23.4,13.2,819.0,528.0,86.0,,,,,,,,,,,,,,,left_only,,,False,,,False,,,False,,,False,,,False,,,False,,,False,,,False,,,False
nhw649/EOV-Seg,2025-05,control,6f5e93e9aca6ccae89fe492b24018f8530075fc4,8302.0,1.0,0.0,85.0,23.4,13.2,819.0,528.0,86.0,,,,,,,,,,,,,,,left_only,,,False,,,False,,,False,,,False,,,False,,,False,,,False,,,False,,,False
nhw649/EOV-Seg,2025-06,control,6f5e93e9aca6ccae89fe492b24018f8530075fc4,8302.0,1.0,0.0,85.0,23.4,13.2,819.0,528.0,86.0,,,,,,,,,,,,,,,left_only,,,False,,,False,,,False,,,False,,,False,,,False,,,False,,,False,,,False
nhw649/EOV-Seg,2025-07,control,6f5e93e9aca6ccae89fe492b24018f8530075fc4,8302.0,1.0,0.0,85.0,23.4,13.2,819.0,528.0,86.0,,,,,,,,,,,,,,,left_only,,,False,,,False,,,False,,,False,,,False,,,False,,,False,,,False,,,False
nhw649/EOV-Seg,2025-08,control,6f5e93e9aca6ccae89fe492b24018f8530075fc4,8302.0,1.0,0.0,85.0,23.4,13.2,819.0,528.0,86.0,,,,,,,,,,,,,,,left_only,,,False,,,False,,,False,,,False,,,False,,,False,,,False,,,False,,,False
ninareyes1/Simple-Digital-Clock,2025-02,control,bff2e4c50c8d83c5407270dc94ad8aa6d4fe9865,4.0,0.0,0.0,0.0,0.0,0.0,1.0,0.0,0.0,0,,0,,control,4.0,0.0,0.0,0.0,0.0,0.0,1.0,0.0,0.0,both,0.0,0.0,True,0.0,0.0,True,0.0,0.0,True,0.0,0.0,True,0.0,0.0,True,0.0,0.0,True,0.0,0.0,True,0.0,0.0,True,0.0,0.0,True
ninareyes1/Simple-Digital-Clock,2025-03,control,bff2e4c50c8d83c5407270dc94ad8aa6d4fe9865,4.0,0.0,0.0,0.0,0.0,0.0,1.0,0.0,0.0,,,,,,,,,,,,,,,left_only,,,False,,,False,,,False,,,False,,,False,,,False,,,False,,,False,,,False
ninareyes1/Simple-Digital-Clock,2025-04,control,bff2e4c50c8d83c5407270dc94ad8aa6d4fe9865,4.0,0.0,0.0,0.0,0.0,0.0,1.0,0.0,0.0,,,,,,,,,,,,,,,left_only,,,False,,,False,,,False,,,False,,,False,,,False,,,False,,,False,,,False
ninareyes1/Simple-Digital-Clock,2025-05,control,bff2e4c50c8d83c5407270dc94ad8aa6d4fe9865,4.0,0.0,0.0,0.0,0.0,0.0,1.0,0.0,0.0,,,,,,,,,,,,,,,left_only,,,False,,,False,,,False,,,False,,,False,,,False,,,False,,,False,,,False
ninareyes1/Simple-Digital-Clock,2025-06,control,bff2e4c50c8d83c5407270dc94ad8aa6d4fe9865,4.0,0.0,0.0,0.0,0.0,0.0,1.0,0.0,0.0,,,,,,,,,,,,,,,left_only,,,False,,,False,,,False,,,False,,,False,,,False,,,False,,,False,,,False
ninareyes1/Simple-Digital-Clock,2025-07,control,bff2e4c50c8d83c5407270dc94ad8aa6d4fe9865,4.0,0.0,0.0,0.0,0.0,0.0,1.0,0.0,0.0,,,,,,,,,,,,,,,left_only,,,False,,,False,,,False,,,False,,,False,,,False,,,False,,,False,,,False
ninareyes1/Simple-Digital-Clock,2025-08,control,bff2e4c50c8d83c5407270dc94ad8aa6d4fe9865,4.0,0.0,0.0,0.0,0.0,0.0,1.0,0.0,0.0,,,,,,,,,,,,,,,left_only,,,False,,,False,,,False,,,False,,,False,,,False,,,False,,,False,,,False
odoo/industry,2024-01,control,2be11cdea5a98396919f6df9c1efba60d2e53b05,4329.0,0.0,0.0,3.0,0.0,0.4,0.0,15.0,3.0,0,,0,,control,,,,,,,,,,both,,,False,,,False,,,False,,,False,,,False,,,False,,,False,,,False,,,False
odoo/industry,2024-02,control,2be11cdea5a98396919f6df9c1efba60d2e53b05,4329.0,0.0,0.0,3.0,0.0,0.4,0.0,15.0,3.0,0,,0,,control,,,,,,,,,,both,,,False,,,False,,,False,,,False,,,False,,,False,,,False,,,False,,,False
odoo/industry,2024-03,control,2be11cdea5a98396919f6df9c1efba60d2e53b05,4329.0,0.0,0.0,3.0,0.0,0.4,0.0,15.0,3.0,0,,0,,control,,,,,,,,,,both,,,False,,,False,,,False,,,False,,,False,,,False,,,False,,,False,,,False
odoo/industry,2024-04,control,2be11cdea5a98396919f6df9c1efba60d2e53b05,4329.0,0.0,0.0,3.0,0.0,0.4,0.0,15.0,3.0,0,,0,,control,,,,,,,,,,both,,,False,,,False,,,False,,,False,,,False,,,False,,,False,,,False,,,False
odoo/industry,2024-05,control,2be11cdea5a98396919f6df9c1efba60d2e53b05,4329.0,0.0,0.0,3.0,0.0,0.4,0.0,15.0,3.0,0,,0,,control,,,,,,,,,,both,,,False,,,False,,,False,,,False,,,False,,,False,,,False,,,False,,,False
odoo/industry,2024-06,control,2be11cdea5a98396919f6df9c1efba60d2e53b05,4329.0,0.0,0.0,3.0,0.0,0.4,0.0,15.0,3.0,0,,0,,control,,,,,,,,,,both,,,False,,,False,,,False,,,False,,,False,,,False,,,False,,,False,,,False
odoo/industry,2024-07,control,2be11cdea5a98396919f6df9c1efba60d2e53b05,4329.0,0.0,0.0,3.0,0.0,0.4,0.0,15.0,3.0,0,,0,,control,,,,,,,,,,both,,,False,,,False,,,False,,,False,,,False,,,False,,,False,,,False,,,False
odoo/industry,2024-08,control,2eda24fd92998c312393fee71e65c5c25fb471ea,62740.0,0.0,0.0,0.0,0.0,0.1,128.0,0.0,0.0,0,,0,,control,62740.0,1.0,0.0,1.0,0.0,0.1,128.0,21.0,2.0,both,0.0,0.0,True,-1.0,1.0,False,0.0,0.0,True,-1.0,1.0,False,0.0,0.0,True,0.0,0.0,True,0.0,0.0,True,-21.0,21.0,False,-2.0,2.0,False
odoo/industry,2024-09,control,363fb6fddebfa90b4696d652a0e31ca4e48a0eef,70067.0,23.0,0.0,2.0,0.0,0.1,144.0,10.0,25.0,0,,0,,control,79415.0,51.0,0.0,7.0,0.0,0.2,144.0,51.0,58.0,both,-9348.0,9348.0,False,-28.0,28.0,False,0.0,0.0,True,-5.0,5.0,False,0.0,0.0,True,-0.1,0.1,False,0.0,0.0,True,-41.0,41.0,False,-33.0,33.0,False
odoo/industry,2024-10,control,073b9a1e9b930690aec4826aad0d515608b3d6de,83570.0,62.0,0.0,1.0,0.0,0.1,147.0,5.0,63.0,0,,0,,control,83567.0,63.0,0.0,3.0,0.0,0.1,147.0,32.0,66.0,both,3.0,3.0,False,-1.0,1.0,False,0.0,0.0,True,-2.0,2.0,False,0.0,0.0,True,0.0,0.0,True,0.0,0.0,True,-27.0,27.0,False,-3.0,3.0,False
odoo/industry,2024-11,control,44ed3fa0802163f13d2b23ca0fdc7f50df80d267,83880.0,68.0,0.0,1.0,0.0,0.1,151.0,5.0,69.0,0,,0,,control,85458.0,78.0,0.0,3.0,0.0,0.1,152.0,32.0,81.0,both,-1578.0,1578.0,False,-10.0,10.0,False,0.0,0.0,True,-2.0,2.0,False,0.0,0.0,True,0.0,0.0,True,-1.0,1.0,False,-27.0,27.0,False,-12.0,12.0,False
odoo/industry,2024-12,control,b0c6c4833766ee9c4a6f64d2663b8b6d43b9812f,85329.0,84.0,0.0,1.0,0.0,0.1,162.0,5.0,85.0,0,,0,,control,86489.0,85.0,0.0,3.0,0.0,0.1,151.0,32.0,88.0,both,-1160.0,1160.0,False,-1.0,1.0,False,0.0,0.0,True,-2.0,2.0,False,0.0,0.0,True,0.0,0.0,True,11.0,11.0,False,-27.0,27.0,False,-3.0,3.0,False
odoo/industry,2025-01,control,283fd68724ac1ac1a2a8488549fe2321323729a8,85200.0,84.0,0.0,1.0,0.0,0.1,161.0,5.0,85.0,0,,0,,control,86509.0,85.0,0.0,3.0,0.0,0.1,150.0,32.0,88.0,both,-1309.0,1309.0,False,-1.0,1.0,False,0.0,0.0,True,-2.0,2.0,False,0.0,0.0,True,0.0,0.0,True,11.0,11.0,False,-27.0,27.0,False,-3.0,3.0,False
odoo/industry,2025-02,control,2adb3d9791673f1741ece2bd4c466bcb84eec1a9,87487.0,93.0,0.0,1.0,0.0,0.1,181.0,5.0,94.0,0,,0,,control,87947.0,94.0,0.0,3.0,0.0,0.1,181.0,51.0,97.0,both,-460.0,460.0,False,-1.0,1.0,False,0.0,0.0,True,-2.0,2.0,False,0.0,0.0,True,0.0,0.0,True,0.0,0.0,True,-46.0,46.0,False,-3.0,3.0,False
odoo/industry,2025-03,control,513152d9c44bc69b1ceb135ebebea12cf25d5475,94711.0,121.0,0.0,1.0,0.0,0.1,215.0,5.0,122.0,0,,0,,control,95138.0,122.0,0.0,5.0,0.0,0.1,215.0,68.0,127.0,both,-427.0,427.0,False,-1.0,1.0,False,0.0,0.0,True,-4.0,4.0,False,0.0,0.0,True,0.0,0.0,True,0.0,0.0,True,-63.0,63.0,False,-5.0,5.0,False
odoo/industry,2025-04,control,4e2c17503e81e773ef0ebb4f6994af6bfed3865b,102916.0,144.0,0.0,1.0,0.0,0.1,227.0,5.0,145.0,0,,0,,control,103403.0,145.0,0.0,5.0,0.0,0.1,228.0,81.0,150.0,both,-487.0,487.0,False,-1.0,1.0,False,0.0,0.0,True,-4.0,4.0,False,0.0,0.0,True,0.0,0.0,True,-1.0,1.0,False,-76.0,76.0,False,-5.0,5.0,False
odoo/industry,2025-05,control,a8a6f11f9a60fdbc90b8eebc17e06560da57185d,107255.0,161.0,0.0,0.0,0.0,0.1,236.0,0.0,161.0,0,,0,,control,107255.0,162.0,0.0,4.0,0.0,0.1,236.0,74.0,166.0,both,0.0,0.0,True,-1.0,1.0,False,0.0,0.0,True,-4.0,4.0,False,0.0,0.0,True,0.0,0.0,True,0.0,0.0,True,-74.0,74.0,False,-5.0,5.0,False
odoo/industry,2025-06,control,f1b0cfed55870ebe3545246bea18e0da184877de,117899.0,182.0,0.0,0.0,0.0,0.1,261.0,0.0,182.0,0,,0,,control,117899.0,183.0,0.0,5.0,0.0,0.1,261.0,81.0,188.0,both,0.0,0.0,True,-1.0,1.0,False,0.0,0.0,True,-5.0,5.0,False,0.0,0.0,True,0.0,0.0,True,0.0,0.0,True,-81.0,81.0,False,-6.0,6.0,False
odoo/industry,2025-07,control,38289c31553cbbc34554e08e02248dcb9eab12fc,148388.0,235.0,0.0,0.0,0.0,0.1,271.0,0.0,235.0,0,,0,,control,148388.0,236.0,0.0,7.0,0.0,0.1,271.0,85.0,243.0,both,0.0,0.0,True,-1.0,1.0,False,0.0,0.0,True,-7.0,7.0,False,0.0,0.0,True,0.0,0.0,True,0.0,0.0,True,-85.0,85.0,False,-8.0,8.0,False
odoo/industry,2025-08,control,8c7b13a863f1b195aba8b55d132ed9847409ab22,173263.0,280.0,0.0,8.0,0.0,0.1,311.0,41.0,288.0,0,,0,,control,173263.0,281.0,0.0,18.0,0.0,0.1,311.0,140.0,299.0,both,0.0,0.0,True,-1.0,1.0,False,0.0,0.0,True,-10.0,10.0,False,0.0,0.0,True,0.0,0.0,True,0.0,0.0,True,-99.0,99.0,False,-11.0,11.0,False
omkarcloud/amazon-scraper,2024-01,control,495f87429d00b88f6af66dc523d970a9c8c83dcc,256.0,0.0,0.0,16.0,0.0,8.9,60.0,62.0,16.0,0,,0,,control,256.0,0.0,0.0,14.0,0.0,8.9,60.0,52.0,14.0,both,0.0,0.0,True,0.0,0.0,True,0.0,0.0,True,2.0,2.0,False,0.0,0.0,True,0.0,0.0,True,0.0,0.0,True,10.0,10.0,False,2.0,2.0,False
omkarcloud/amazon-scraper,2024-02,control,495f87429d00b88f6af66dc523d970a9c8c83dcc,256.0,0.0,0.0,16.0,0.0,8.9,60.0,62.0,16.0,,,,,,,,,,,,,,,left_only,,,False,,,False,,,False,,,False,,,False,,,False,,,False,,,False,,,False
omkarcloud/amazon-scraper,2024-03,control,495f87429d00b88f6af66dc523d970a9c8c83dcc,256.0,0.0,0.0,16.0,0.0,8.9,60.0,62.0,16.0,,,,,,,,,,,,,,,left_only,,,False,,,False,,,False,,,False,,,False,,,False,,,False,,,False,,,False
omkarcloud/amazon-scraper,2024-04,control,495f87429d00b88f6af66dc523d970a9c8c83dcc,256.0,0.0,0.0,16.0,0.0,8.9,60.0,62.0,16.0,,,,,,,,,,,,,,,left_only,,,False,,,False,,,False,,,False,,,False,,,False,,,False,,,False,,,False
omkarcloud/amazon-scraper,2024-05,control,495f87429d00b88f6af66dc523d970a9c8c83dcc,256.0,0.0,0.0,16.0,0.0,8.9,60.0,62.0,16.0,,,,,,,,,,,,,,,left_only,,,False,,,False,,,False,,,False,,,False,,,False,,,False,,,False,,,False
omkarcloud/amazon-scraper,2024-06,control,495f87429d00b88f6af66dc523d970a9c8c83dcc,256.0,0.0,0.0,16.0,0.0,8.9,60.0,62.0,16.0,,,,,,,,,,,,,,,left_only,,,False,,,False,,,False,,,False,,,False,,,False,,,False,,,False,,,False
omkarcloud/amazon-scraper,2024-07,control,495f87429d00b88f6af66dc523d970a9c8c83dcc,256.0,0.0,0.0,16.0,0.0,8.9,60.0,62.0,16.0,,,,,,,,,,,,,,,left_only,,,False,,,False,,,False,,,False,,,False,,,False,,,False,,,False,,,False
omkarcloud/amazon-scraper,2024-08,control,495f87429d00b88f6af66dc523d970a9c8c83dcc,256.0,0.0,0.0,16.0,0.0,8.9,60.0,62.0,16.0,,,,,,,,,,,,,,,left_only,,,False,,,False,,,False,,,False,,,False,,,False,,,False,,,False,,,False
omkarcloud/amazon-scraper,2024-09,control,495f87429d00b88f6af66dc523d970a9c8c83dcc,256.0,0.0,0.0,16.0,0.0,8.9,60.0,62.0,16.0,,,,,,,,,,,,,,,left_only,,,False,,,False,,,False,,,False,,,False,,,False,,,False,,,False,,,False
omkarcloud/amazon-scraper,2024-10,control,495f87429d00b88f6af66dc523d970a9c8c83dcc,256.0,0.0,0.0,16.0,0.0,8.9,60.0,62.0,16.0,,,,,,,,,,,,,,,left_only,,,False,,,False,,,False,,,False,,,False,,,False,,,False,,,False,,,False
omkarcloud/amazon-scraper,2024-11,control,495f87429d00b88f6af66dc523d970a9c8c83dcc,256.0,0.0,0.0,16.0,0.0,8.9,60.0,62.0,16.0,,,,,,,,,,,,,,,left_only,,,False,,,False,,,False,,,False,,,False,,,False,,,False,,,False,,,False
omkarcloud/amazon-scraper,2024-12,control,495f87429d00b88f6af66dc523d970a9c8c83dcc,256.0,0.0,0.0,16.0,0.0,8.9,60.0,62.0,16.0,,,,,,,,,,,,,,,left_only,,,False,,,False,,,False,,,False,,,False,,,False,,,False,,,False,,,False
omkarcloud/amazon-scraper,2025-01,control,495f87429d00b88f6af66dc523d970a9c8c83dcc,256.0,0.0,0.0,16.0,0.0,8.9,60.0,62.0,16.0,,,,,,,,,,,,,,,left_only,,,False,,,False,,,False,,,False,,,False,,,False,,,False,,,False,,,False
omkarcloud/amazon-scraper,2025-02,control,495f87429d00b88f6af66dc523d970a9c8c83dcc,256.0,0.0,0.0,16.0,0.0,8.9,60.0,62.0,16.0,,,,,,,,,,,,,,,left_only,,,False,,,False,,,False,,,False,,,False,,,False,,,False,,,False,,,False
omkarcloud/amazon-scraper,2025-03,control,495f87429d00b88f6af66dc523d970a9c8c83dcc,256.0,0.0,0.0,16.0,0.0,8.9,60.0,62.0,16.0,,,,,,,,,,,,,,,left_only,,,False,,,False,,,False,,,False,,,False,,,False,,,False,,,False,,,False
omkarcloud/amazon-scraper,2025-04,control,495f87429d00b88f6af66dc523d970a9c8c83dcc,256.0,0.0,0.0,16.0,0.0,8.9,60.0,62.0,16.0,,,,,,,,,,,,,,,left_only,,,False,,,False,,,False,,,False,,,False,,,False,,,False,,,False,,,False
omkarcloud/amazon-scraper,2025-05,control,495f87429d00b88f6af66dc523d970a9c8c83dcc,256.0,0.0,0.0,16.0,0.0,8.9,60.0,62.0,16.0,,,,,,,,,,,,,,,left_only,,,False,,,False,,,False,,,False,,,False,,,False,,,False,,,False,,,False
omkarcloud/amazon-scraper,2025-06,control,495f87429d00b88f6af66dc523d970a9c8c83dcc,256.0,0.0,0.0,16.0,0.0,8.9,60.0,62.0,16.0,,,,,,,,,,,,,,,left_only,,,False,,,False,,,False,,,False,,,False,,,False,,,False,,,False,,,False
omkarcloud/amazon-scraper,2025-07,control,495f87429d00b88f6af66dc523d970a9c8c83dcc,256.0,0.0,0.0,16.0,0.0,8.9,60.0,62.0,16.0,,,,,,,,,,,,,,,left_only,,,False,,,False,,,False,,,False,,,False,,,False,,,False,,,False,,,False
omkarcloud/amazon-scraper,2025-08,control,495f87429d00b88f6af66dc523d970a9c8c83dcc,256.0,0.0,0.0,16.0,0.0,8.9,60.0,62.0,16.0,,,,,,,,,,,,,,,left_only,,,False,,,False,,,False,,,False,,,False,,,False,,,False,,,False,,,False
peter279k/cdc-data-mirror,2024-01,control,1ec83af03e2dea9f9fb35f14b188d8c264ab82cd,97.0,2.0,3.0,3.0,0.0,0.0,11.0,5.0,8.0,0,,0,,control,97.0,2.0,1.0,1.0,0.0,0.0,11.0,5.0,4.0,both,0.0,0.0,True,0.0,0.0,True,2.0,2.0,False,2.0,2.0,False,0.0,0.0,True,0.0,0.0,True,0.0,0.0,True,0.0,0.0,True,4.0,4.0,False
peter279k/cdc-data-mirror,2024-02,control,817e86b2efb17cf75f34cdbe453cd4e60c7223b6,97.0,2.0,3.0,3.0,0.0,0.0,11.0,5.0,8.0,0,,0,,control,97.0,2.0,1.0,1.0,0.0,0.0,11.0,5.0,4.0,both,0.0,0.0,True,0.0,0.0,True,2.0,2.0,False,2.0,2.0,False,0.0,0.0,True,0.0,0.0,True,0.0,0.0,True,0.0,0.0,True,4.0,4.0,False
peter279k/cdc-data-mirror,2024-03,control,54ab7fbca755ad1cfe91fae1478421eb6a95725a,96.0,2.0,3.0,3.0,0.0,1.0,11.0,5.0,8.0,0,,0,,control,96.0,2.0,1.0,1.0,0.0,1.0,11.0,5.0,4.0,both,0.0,0.0,True,0.0,0.0,True,2.0,2.0,False,2.0,2.0,False,0.0,0.0,True,0.0,0.0,True,0.0,0.0,True,0.0,0.0,True,4.0,4.0,False
peter279k/cdc-data-mirror,2024-04,control,fb420c4b9bd5591677e38ca7d5e490382a1d4d3a,96.0,2.0,3.0,3.0,0.0,1.0,11.0,5.0,8.0,0,,0,,control,96.0,2.0,1.0,1.0,0.0,1.0,11.0,5.0,4.0,both,0.0,0.0,True,0.0,0.0,True,2.0,2.0,False,2.0,2.0,False,0.0,0.0,True,0.0,0.0,True,0.0,0.0,True,0.0,0.0,True,4.0,4.0,False
peter279k/cdc-data-mirror,2024-05,control,4f23e48dfc500c4cf4d314811d0dc22c3136caff,96.0,2.0,3.0,3.0,0.0,1.0,11.0,5.0,8.0,0,,0,,control,96.0,2.0,1.0,1.0,0.0,1.0,11.0,5.0,4.0,both,0.0,0.0,True,0.0,0.0,True,2.0,2.0,False,2.0,2.0,False,0.0,0.0,True,0.0,0.0,True,0.0,0.0,True,0.0,0.0,True,4.0,4.0,False
peter279k/cdc-data-mirror,2024-06,control,ea3b2c22233d8fbbb2ca93572145305e59fbc931,96.0,2.0,3.0,3.0,0.0,1.0,11.0,5.0,8.0,0,,0,,control,96.0,2.0,1.0,1.0,0.0,1.0,11.0,5.0,4.0,both,0.0,0.0,True,0.0,0.0,True,2.0,2.0,False,2.0,2.0,False,0.0,0.0,True,0.0,0.0,True,0.0,0.0,True,0.0,0.0,True,4.0,4.0,False
peter279k/cdc-data-mirror,2024-07,control,14344ed41ae7dfac1bd2e9a2378c2aacb232fe42,96.0,2.0,3.0,3.0,0.0,1.0,11.0,5.0,8.0,0,,0,,control,96.0,2.0,1.0,1.0,0.0,1.0,11.0,5.0,4.0,both,0.0,0.0,True,0.0,0.0,True,2.0,2.0,False,2.0,2.0,False,0.0,0.0,True,0.0,0.0,True,0.0,0.0,True,0.0,0.0,True,4.0,4.0,False
peter279k/cdc-data-mirror,2024-08,control,2086a677b74f6c405a267868d647f392974667c0,96.0,2.0,3.0,3.0,0.0,1.0,11.0,5.0,8.0,0,,0,,control,96.0,2.0,1.0,1.0,0.0,1.0,11.0,5.0,4.0,both,0.0,0.0,True,0.0,0.0,True,2.0,2.0,False,2.0,2.0,False,0.0,0.0,True,0.0,0.0,True,0.0,0.0,True,0.0,0.0,True,4.0,4.0,False
peter279k/cdc-data-mirror,2024-09,control,dc55252a60596355d39302b70dcc7aa7753b4295,96.0,2.0,3.0,3.0,0.0,1.0,11.0,5.0,8.0,0,,0,,control,96.0,2.0,1.0,1.0,0.0,1.0,11.0,5.0,4.0,both,0.0,0.0,True,0.0,0.0,True,2.0,2.0,False,2.0,2.0,False,0.0,0.0,True,0.0,0.0,True,0.0,0.0,True,0.0,0.0,True,4.0,4.0,False
peter279k/cdc-data-mirror,2024-10,control,b64ee4d4958690ace007a8a216fe68112cfb93de,96.0,2.0,3.0,3.0,0.0,1.0,11.0,5.0,8.0,0,,0,,control,96.0,2.0,1.0,1.0,0.0,1.0,11.0,5.0,4.0,both,0.0,0.0,True,0.0,0.0,True,2.0,2.0,False,2.0,2.0,False,0.0,0.0,True,0.0,0.0,True,0.0,0.0,True,0.0,0.0,True,4.0,4.0,False
peter279k/cdc-data-mirror,2024-11,control,802150b4bc90a4f062f22397ddaaa4a0e75d411e,96.0,2.0,3.0,3.0,0.0,1.0,11.0,5.0,8.0,0,,0,,control,96.0,2.0,1.0,1.0,0.0,1.0,11.0,5.0,4.0,both,0.0,0.0,True,0.0,0.0,True,2.0,2.0,False,2.0,2.0,False,0.0,0.0,True,0.0,0.0,True,0.0,0.0,True,0.0,0.0,True,4.0,4.0,False
peter279k/cdc-data-mirror,2024-12,control,e4b0e9c54c4ad35b5f1cbeafa60f45d322045619,96.0,2.0,3.0,3.0,0.0,1.0,11.0,5.0,8.0,0,,0,,control,96.0,2.0,1.0,1.0,0.0,1.0,11.0,5.0,4.0,both,0.0,0.0,True,0.0,0.0,True,2.0,2.0,False,2.0,2.0,False,0.0,0.0,True,0.0,0.0,True,0.0,0.0,True,0.0,0.0,True,4.0,4.0,False
peter279k/cdc-data-mirror,2025-01,control,e2d8cc6cf4dbc764e160ff08fa2672e8770b79c3,96.0,2.0,3.0,3.0,0.0,1.0,11.0,5.0,8.0,0,,0,,control,96.0,2.0,1.0,1.0,0.0,1.0,11.0,5.0,4.0,both,0.0,0.0,True,0.0,0.0,True,2.0,2.0,False,2.0,2.0,False,0.0,0.0,True,0.0,0.0,True,0.0,0.0,True,0.0,0.0,True,4.0,4.0,False
peter279k/cdc-data-mirror,2025-02,control,50beb9e349a35f2a08acaf27ce7b67111ae56966,96.0,2.0,3.0,3.0,0.0,1.0,11.0,5.0,8.0,0,,0,,control,96.0,2.0,1.0,1.0,0.0,1.0,11.0,5.0,4.0,both,0.0,0.0,True,0.0,0.0,True,2.0,2.0,False,2.0,2.0,False,0.0,0.0,True,0.0,0.0,True,0.0,0.0,True,0.0,0.0,True,4.0,4.0,False
peter279k/cdc-data-mirror,2025-03,control,2d163a8262fd570b4c266f6a43b78e30b5d176fe,96.0,2.0,3.0,3.0,0.0,1.0,11.0,5.0,8.0,0,,0,,control,96.0,2.0,1.0,1.0,0.0,1.0,11.0,5.0,4.0,both,0.0,0.0,True,0.0,0.0,True,2.0,2.0,False,2.0,2.0,False,0.0,0.0,True,0.0,0.0,True,0.0,0.0,True,0.0,0.0,True,4.0,4.0,False
peter279k/cdc-data-mirror,2025-04,control,1d4bc8132fb44b2cf1bc4ab99532f1e16d6c4491,96.0,2.0,3.0,3.0,0.0,1.0,11.0,5.0,8.0,0,,0,,control,96.0,2.0,1.0,1.0,0.0,1.0,11.0,5.0,4.0,both,0.0,0.0,True,0.0,0.0,True,2.0,2.0,False,2.0,2.0,False,0.0,0.0,True,0.0,0.0,True,0.0,0.0,True,0.0,0.0,True,4.0,4.0,False
peter279k/cdc-data-mirror,2025-05,control,efb79aa8aad8fd0a21dd0686d0e527bbd6be400e,96.0,2.0,3.0,3.0,0.0,1.0,11.0,5.0,8.0,0,,0,,control,96.0,2.0,1.0,1.0,0.0,1.0,11.0,5.0,4.0,both,0.0,0.0,True,0.0,0.0,True,2.0,2.0,False,2.0,2.0,False,0.0,0.0,True,0.0,0.0,True,0.0,0.0,True,0.0,0.0,True,4.0,4.0,False
peter279k/cdc-data-mirror,2025-06,control,96b108c46e820b7e111d226b8fb3b98bffe162cf,96.0,2.0,3.0,3.0,0.0,1.0,11.0,5.0,8.0,0,,0,,control,96.0,2.0,1.0,1.0,0.0,1.0,11.0,5.0,4.0,both,0.0,0.0,True,0.0,0.0,True,2.0,2.0,False,2.0,2.0,False,0.0,0.0,True,0.0,0.0,True,0.0,0.0,True,0.0,0.0,True,4.0,4.0,False
peter279k/cdc-data-mirror,2025-07,control,c222fdc6613ae88fff6d11839203748524ef7960,96.0,2.0,3.0,3.0,0.0,1.0,11.0,5.0,8.0,0,,0,,control,96.0,2.0,1.0,1.0,0.0,1.0,11.0,5.0,4.0,both,0.0,0.0,True,0.0,0.0,True,2.0,2.0,False,2.0,2.0,False,0.0,0.0,True,0.0,0.0,True,0.0,0.0,True,0.0,0.0,True,4.0,4.0,False
peter279k/cdc-data-mirror,2025-08,control,155d25ce5d1d0186bd35369b1e942d14873d306d,96.0,2.0,3.0,3.0,0.0,1.0,11.0,5.0,8.0,0,,0,,control,96.0,2.0,1.0,1.0,0.0,1.0,11.0,5.0,4.0,both,0.0,0.0,True,0.0,0.0,True,2.0,2.0,False,2.0,2.0,False,0.0,0.0,True,0.0,0.0,True,0.0,0.0,True,0.0,0.0,True,4.0,4.0,False
pieces-app/cli-agent,2024-01,control,c9fd54d29dab444900a7e6f913cdf7a07b88f891,1009.0,0.0,0.0,54.0,0.0,21.2,253.0,303.0,54.0,0,,0,,control,1009.0,0.0,0.0,60.0,0.0,21.2,253.0,333.0,60.0,both,0.0,0.0,True,0.0,0.0,True,0.0,0.0,True,-6.0,6.0,False,0.0,0.0,True,0.0,0.0,True,0.0,0.0,True,-30.0,30.0,False,-6.0,6.0,False
pieces-app/cli-agent,2024-02,control,f3944c5fe8eb0b02d19589cf5dbaef6552468216,1093.0,0.0,0.0,45.0,0.0,17.4,271.0,245.0,45.0,0,,0,,control,1093.0,0.0,0.0,52.0,0.0,17.4,271.0,280.0,52.0,both,0.0,0.0,True,0.0,0.0,True,0.0,0.0,True,-7.0,7.0,False,0.0,0.0,True,0.0,0.0,True,0.0,0.0,True,-35.0,35.0,False,-7.0,7.0,False
pieces-app/cli-agent,2024-03,control,49446a55d9ba280328752376b643a60fad9de296,1310.0,1.0,0.0,49.0,0.0,18.1,296.0,262.0,50.0,0,,0,,control,1310.0,1.0,0.0,61.0,0.0,18.1,296.0,323.0,62.0,both,0.0,0.0,True,0.0,0.0,True,0.0,0.0,True,-12.0,12.0,False,0.0,0.0,True,0.0,0.0,True,0.0,0.0,True,-61.0,61.0,False,-12.0,12.0,False
pieces-app/cli-agent,2024-04,control,66721a70599be84d1fc77ce50df5683cd196ce80,1479.0,0.0,0.0,50.0,0.0,17.3,346.0,326.0,50.0,0,,0,,control,1479.0,0.0,0.0,61.0,0.0,17.3,346.0,372.0,61.0,both,0.0,0.0,True,0.0,0.0,True,0.0,0.0,True,-11.0,11.0,False,0.0,0.0,True,0.0,0.0,True,0.0,0.0,True,-46.0,46.0,False,-11.0,11.0,False
pieces-app/cli-agent,2024-05,control,13b62e189f5cae4f61c7e3953b8aa282839f939b,1647.0,0.0,0.0,46.0,0.0,16.7,347.0,278.0,46.0,0,,0,,control,1647.0,0.0,0.0,57.0,0.0,16.7,347.0,321.0,57.0,both,0.0,0.0,True,0.0,0.0,True,0.0,0.0,True,-11.0,11.0,False,0.0,0.0,True,0.0,0.0,True,0.0,0.0,True,-43.0,43.0,False,-11.0,11.0,False
pieces-app/cli-agent,2024-06,control,46d7542bb50910eb3b60d600581b05fd9d863fa3,1678.0,0.0,0.0,46.0,0.0,16.8,360.0,288.0,46.0,0,,0,,control,1678.0,0.0,0.0,57.0,0.0,16.8,360.0,331.0,57.0,both,0.0,0.0,True,0.0,0.0,True,0.0,0.0,True,-11.0,11.0,False,0.0,0.0,True,0.0,0.0,True,0.0,0.0,True,-43.0,43.0,False,-11.0,11.0,False
pieces-app/cli-agent,2024-07,control,29b96b9086e9a713ae96d7100c99f2d13e32ed36,2052.0,0.0,0.0,49.0,0.0,15.2,394.0,294.0,49.0,0,,0,,control,2052.0,0.0,0.0,79.0,0.0,15.2,394.0,417.0,79.0,both,0.0,0.0,True,0.0,0.0,True,0.0,0.0,True,-30.0,30.0,False,0.0,0.0,True,0.0,0.0,True,0.0,0.0,True,-123.0,123.0,False,-30.0,30.0,False
pieces-app/cli-agent,2024-08,control,4def71a34cef3f881e94999af7c0fd7295ffd9d3,2121.0,0.0,0.0,49.0,0.0,14.9,407.0,294.0,49.0,0,,0,,control,2121.0,0.0,0.0,79.0,0.0,14.9,407.0,417.0,79.0,both,0.0,0.0,True,0.0,0.0,True,0.0,0.0,True,-30.0,30.0,False,0.0,0.0,True,0.0,0.0,True,0.0,0.0,True,-123.0,123.0,False,-30.0,30.0,False
pieces-app/cli-agent,2024-09,control,7bd73c0a166c43b2770b9bfcaecc38858758c594,3177.0,0.0,0.0,49.0,0.0,29.1,555.0,272.0,49.0,0,,0,,control,3177.0,0.0,0.0,79.0,0.0,29.1,555.0,395.0,79.0,both,0.0,0.0,True,0.0,0.0,True,0.0,0.0,True,-30.0,30.0,False,0.0,0.0,True,0.0,0.0,True,0.0,0.0,True,-123.0,123.0,False,-30.0,30.0,False
pieces-app/cli-agent,2024-10,control,4d1223308f0af114f40b665a93dd43ec0872ce0f,3386.0,0.0,0.0,39.0,0.0,27.1,570.0,226.0,39.0,0,,0,,control,3386.0,0.0,0.0,50.0,0.0,27.1,570.0,304.0,50.0,both,0.0,0.0,True,0.0,0.0,True,0.0,0.0,True,-11.0,11.0,False,0.0,0.0,True,0.0,0.0,True,0.0,0.0,True,-78.0,78.0,False,-11.0,11.0,False
pieces-app/cli-agent,2024-11,control,bbbe29e1ee1f88d6b96807612e5a0dd2f26a758b,3394.0,0.0,0.0,39.0,0.0,27.1,574.0,229.0,39.0,0,,0,,control,3394.0,0.0,0.0,50.0,0.0,27.1,574.0,307.0,50.0,both,0.0,0.0,True,0.0,0.0,True,0.0,0.0,True,-11.0,11.0,False,0.0,0.0,True,0.0,0.0,True,0.0,0.0,True,-78.0,78.0,False,-11.0,11.0,False
pieces-app/cli-agent,2024-12,control,2fe2a736047e353f3cd6e43d790db6fd07bb607c,3448.0,0.0,0.0,40.0,0.0,26.9,586.0,237.0,40.0,0,,0,,control,3448.0,0.0,0.0,49.0,0.0,26.9,586.0,305.0,49.0,both,0.0,0.0,True,0.0,0.0,True,0.0,0.0,True,-9.0,9.0,False,0.0,0.0,True,0.0,0.0,True,0.0,0.0,True,-68.0,68.0,False,-9.0,9.0,False
pieces-app/cli-agent,2025-01,control,1910d3a5cd4575f6801ed1684da2442489849cff,3458.0,0.0,0.0,40.0,0.0,26.8,589.0,237.0,40.0,0,,0,,control,3458.0,0.0,0.0,49.0,0.0,26.8,589.0,305.0,49.0,both,0.0,0.0,True,0.0,0.0,True,0.0,0.0,True,-9.0,9.0,False,0.0,0.0,True,0.0,0.0,True,0.0,0.0,True,-68.0,68.0,False,-9.0,9.0,False
pieces-app/cli-agent,2025-02,control,29edd6b4654a511efc9d33759f039c7e3a0bb5ec,3764.0,0.0,0.0,41.0,0.0,25.1,611.0,248.0,41.0,0,,0,,control,3764.0,0.0,0.0,50.0,0.0,25.1,611.0,316.0,50.0,both,0.0,0.0,True,0.0,0.0,True,0.0,0.0,True,-9.0,9.0,False,0.0,0.0,True,0.0,0.0,True,0.0,0.0,True,-68.0,68.0,False,-9.0,9.0,False
pieces-app/cli-agent,2025-03,control,44c06f4ac95ac466d9171bc5f13b787055062a36,4219.0,0.0,1.0,40.0,0.0,23.2,669.0,235.0,41.0,0,,0,,control,4219.0,0.0,0.0,48.0,0.0,23.2,669.0,298.0,48.0,both,0.0,0.0,True,0.0,0.0,True,1.0,1.0,False,-8.0,8.0,False,0.0,0.0,True,0.0,0.0,True,0.0,0.0,True,-63.0,63.0,False,-7.0,7.0,False
pieces-app/cli-agent,2025-04,control,d21294b67fed97f4d1e2eec7b15cdada89e64165,5210.0,0.0,1.0,49.0,0.0,20.6,872.0,304.0,50.0,0,,0,,control,4462.0,0.0,0.0,49.0,0.0,22.2,684.0,304.0,49.0,both,748.0,748.0,False,0.0,0.0,True,1.0,1.0,False,0.0,0.0,True,0.0,0.0,True,-1.5999999999999979,1.5999999999999979,False,188.0,188.0,False,0.0,0.0,True,1.0,1.0,False
pieces-app/cli-agent,2025-05,control,8ba92648b44a8eddeae4bff61d32bef597029568,4690.0,0.0,0.0,30.0,2.7,6.3,716.0,260.0,30.0,0,,0,,control,4690.0,0.0,0.0,55.0,2.7,6.3,716.0,456.0,55.0,both,0.0,0.0,True,0.0,0.0,True,0.0,0.0,True,-25.0,25.0,False,0.0,0.0,True,0.0,0.0,True,0.0,0.0,True,-196.0,196.0,False,-25.0,25.0,False
pieces-app/cli-agent,2025-06,control,6c44181fb35136721f941a77b6be436f6926c7cb,83182.0,4.0,1.0,1462.0,10.3,43.0,10918.0,9076.0,1467.0,0,,0,,control,83182.0,3.0,0.0,1413.0,10.3,43.0,10918.0,8979.0,1416.0,both,0.0,0.0,True,1.0,1.0,False,1.0,1.0,False,49.0,49.0,False,0.0,0.0,True,0.0,0.0,True,0.0,0.0,True,97.0,97.0,False,51.0,51.0,False
pieces-app/cli-agent,2025-07,control,ff6928ee937c16312c73e3f95f2f768dd8428065,94358.0,4.0,1.0,1580.0,9.5,41.4,12402.0,9820.0,1585.0,0,,0,,control,94358.0,3.0,0.0,1531.0,9.5,41.4,12402.0,9746.0,1534.0,both,0.0,0.0,True,1.0,1.0,False,1.0,1.0,False,49.0,49.0,False,0.0,0.0,True,0.0,0.0,True,0.0,0.0,True,74.0,74.0,False,51.0,51.0,False
pieces-app/cli-agent,2025-08,control,77aac10a2531b95d9a25482cae08d56b1b2f4def,98283.0,6.0,1.0,1602.0,9.2,40.7,13007.0,9984.0,1609.0,0,,0,,control,98283.0,3.0,0.0,1547.0,9.2,40.7,13007.0,9854.0,1550.0,both,0.0,0.0,True,3.0,3.0,False,1.0,1.0,False,55.0,55.0,False,0.0,0.0,True,0.0,0.0,True,0.0,0.0,True,130.0,130.0,False,59.0,59.0,False
plurai-ai/intellagent,2024-10,control,09c0a51e086f36524a9fbe84914a9894ab74dad0,310.0,0.0,0.0,6.0,0.0,22.9,28.0,27.0,6.0,0,,0,,control,310.0,0.0,0.0,4.0,0.0,22.9,28.0,17.0,4.0,both,0.0,0.0,True,0.0,0.0,True,0.0,0.0,True,2.0,2.0,False,0.0,0.0,True,0.0,0.0,True,0.0,0.0,True,10.0,10.0,False,2.0,2.0,False
plurai-ai/intellagent,2024-11,control,f5e76f30d5bac61a4cf73e6529fbc17cbab64342,3381.0,2.0,0.0,53.0,1.7,13.8,538.0,344.0,55.0,0,,0,,control,3381.0,2.0,0.0,43.0,1.7,13.8,538.0,299.0,45.0,both,0.0,0.0,True,0.0,0.0,True,0.0,0.0,True,10.0,10.0,False,0.0,0.0,True,0.0,0.0,True,0.0,0.0,True,45.0,45.0,False,10.0,10.0,False
plurai-ai/intellagent,2024-12,control,7b4c863963d5ab6ec0e8d976e0dcd920aa1dda54,4737.0,1.0,0.0,61.0,2.1,12.1,728.0,406.0,62.0,0,,0,,control,4737.0,1.0,0.0,52.0,2.1,12.1,728.0,361.0,53.0,both,0.0,0.0,True,0.0,0.0,True,0.0,0.0,True,9.0,9.0,False,0.0,0.0,True,0.0,0.0,True,0.0,0.0,True,45.0,45.0,False,9.0,9.0,False
plurai-ai/intellagent,2025-01,control,bbc98fc3879e3da56a0ba2bc2757f083bfb46451,4916.0,1.0,0.0,73.0,4.8,12.6,827.0,476.0,74.0,0,,0,,control,4916.0,1.0,0.0,60.0,4.8,12.6,827.0,427.0,61.0,both,0.0,0.0,True,0.0,0.0,True,0.0,0.0,True,13.0,13.0,False,0.0,0.0,True,0.0,0.0,True,0.0,0.0,True,49.0,49.0,False,13.0,13.0,False
plurai-ai/intellagent,2025-02,control,bce45c3eee74738cf4b78063df606a2032eab7fb,4928.0,1.0,0.0,75.0,4.8,12.6,831.0,489.0,76.0,0,,0,,control,4928.0,1.0,0.0,62.0,4.8,12.6,831.0,440.0,63.0,both,0.0,0.0,True,0.0,0.0,True,0.0,0.0,True,13.0,13.0,False,0.0,0.0,True,0.0,0.0,True,0.0,0.0,True,49.0,49.0,False,13.0,13.0,False
plurai-ai/intellagent,2025-03,control,bce45c3eee74738cf4b78063df606a2032eab7fb,4928.0,1.0,0.0,75.0,4.8,12.6,831.0,489.0,76.0,0,,0,,control,4928.0,1.0,0.0,62.0,4.8,12.6,831.0,440.0,63.0,both,0.0,0.0,True,0.0,0.0,True,0.0,0.0,True,13.0,13.0,False,0.0,0.0,True,0.0,0.0,True,0.0,0.0,True,49.0,49.0,False,13.0,13.0,False
plurai-ai/intellagent,2025-04,control,2680da4545b87717a8dbc869738238022ca84ee4,4953.0,1.0,0.0,77.0,4.8,12.5,842.0,498.0,78.0,0,,0,,control,4953.0,1.0,0.0,64.0,4.8,12.5,842.0,449.0,65.0,both,0.0,0.0,True,0.0,0.0,True,0.0,0.0,True,13.0,13.0,False,0.0,0.0,True,0.0,0.0,True,0.0,0.0,True,49.0,49.0,False,13.0,13.0,False
plurai-ai/intellagent,2025-05,control,2680da4545b87717a8dbc869738238022ca84ee4,4953.0,1.0,0.0,77.0,4.8,12.5,842.0,498.0,78.0,,,,,,,,,,,,,,,left_only,,,False,,,False,,,False,,,False,,,False,,,False,,,False,,,False,,,False
plurai-ai/intellagent,2025-06,control,2680da4545b87717a8dbc869738238022ca84ee4,4953.0,1.0,0.0,77.0,4.8,12.5,842.0,498.0,78.0,,,,,,,,,,,,,,,left_only,,,False,,,False,,,False,,,False,,,False,,,False,,,False,,,False,,,False
plurai-ai/intellagent,2025-07,control,2680da4545b87717a8dbc869738238022ca84ee4,4953.0,1.0,0.0,77.0,4.8,12.5,842.0,498.0,78.0,,,,,,,,,,,,,,,left_only,,,False,,,False,,,False,,,False,,,False,,,False,,,False,,,False,,,False
plurai-ai/intellagent,2025-08,control,2680da4545b87717a8dbc869738238022ca84ee4,4953.0,1.0,0.0,77.0,4.8,12.5,842.0,498.0,78.0,,,,,,,,,,,,,,,left_only,,,False,,,False,,,False,,,False,,,False,,,False,,,False,,,False,,,False
popey/sbommage,2025-02,control,e608148f0a8823535eb5bc5f636ac6ab9af6d4d4,6.0,0.0,0.0,0.0,0.0,0.0,,0.0,0.0,0,,0,,control,6.0,0.0,0.0,0.0,0.0,0.0,,0.0,0.0,both,0.0,0.0,True,0.0,0.0,True,0.0,0.0,True,0.0,0.0,True,0.0,0.0,True,0.0,0.0,True,,,False,0.0,0.0,True,0.0,0.0,True
popey/sbommage,2025-03,control,e608148f0a8823535eb5bc5f636ac6ab9af6d4d4,6.0,0.0,0.0,0.0,0.0,0.0,,0.0,0.0,0,,0,,control,6.0,0.0,0.0,0.0,0.0,0.0,,0.0,0.0,both,0.0,0.0,True,0.0,0.0,True,0.0,0.0,True,0.0,0.0,True,0.0,0.0,True,0.0,0.0,True,,,False,0.0,0.0,True,0.0,0.0,True
popey/sbommage,2025-04,control,e608148f0a8823535eb5bc5f636ac6ab9af6d4d4,6.0,0.0,0.0,0.0,0.0,0.0,,0.0,0.0,0,,0,,control,6.0,0.0,0.0,0.0,0.0,0.0,,0.0,0.0,both,0.0,0.0,True,0.0,0.0,True,0.0,0.0,True,0.0,0.0,True,0.0,0.0,True,0.0,0.0,True,,,False,0.0,0.0,True,0.0,0.0,True
popey/sbommage,2025-05,control,e608148f0a8823535eb5bc5f636ac6ab9af6d4d4,6.0,0.0,0.0,0.0,0.0,0.0,,0.0,0.0,0,,0,,control,6.0,0.0,0.0,0.0,0.0,0.0,,0.0,0.0,both,0.0,0.0,True,0.0,0.0,True,0.0,0.0,True,0.0,0.0,True,0.0,0.0,True,0.0,0.0,True,,,False,0.0,0.0,True,0.0,0.0,True
popey/sbommage,2025-06,control,e608148f0a8823535eb5bc5f636ac6ab9af6d4d4,6.0,0.0,0.0,0.0,0.0,0.0,,0.0,0.0,0,,0,,control,6.0,0.0,0.0,0.0,0.0,0.0,,0.0,0.0,both,0.0,0.0,True,0.0,0.0,True,0.0,0.0,True,0.0,0.0,True,0.0,0.0,True,0.0,0.0,True,,,False,0.0,0.0,True,0.0,0.0,True
popey/sbommage,2025-07,control,e608148f0a8823535eb5bc5f636ac6ab9af6d4d4,6.0,0.0,0.0,0.0,0.0,0.0,,0.0,0.0,0,,0,,control,6.0,0.0,0.0,0.0,0.0,0.0,,0.0,0.0,both,0.0,0.0,True,0.0,0.0,True,0.0,0.0,True,0.0,0.0,True,0.0,0.0,True,0.0,0.0,True,,,False,0.0,0.0,True,0.0,0.0,True
popey/sbommage,2025-08,control,49e5c36597f33d400ef8710cdbf575fb7beca206,611.0,1.0,0.0,7.0,0.0,19.6,202.0,91.0,8.0,0,,0,,control,611.0,0.0,0.0,7.0,0.0,19.6,202.0,91.0,7.0,both,0.0,0.0,True,1.0,1.0,False,0.0,0.0,True,0.0,0.0,True,0.0,0.0,True,0.0,0.0,True,0.0,0.0,True,0.0,0.0,True,1.0,1.0,False
qiboteam/qibojit,2024-01,control,48b51665775a70dfd4ab577864f57623f15e0073,3087.0,1.0,0.0,30.0,5.7,5.5,319.0,146.0,31.0,0,,0,,control,3087.0,1.0,0.0,45.0,5.7,5.5,319.0,217.0,46.0,both,0.0,0.0,True,0.0,0.0,True,0.0,0.0,True,-15.0,15.0,False,0.0,0.0,True,0.0,0.0,True,0.0,0.0,True,-71.0,71.0,False,-15.0,15.0,False
qiboteam/qibojit,2024-02,control,524aea0aa06f5dccf8d5ee9d8db84899b7f3ac45,3987.0,1.0,0.0,61.0,4.9,5.1,351.0,478.0,62.0,0,,0,,control,3987.0,1.0,0.0,76.0,4.9,5.1,351.0,549.0,77.0,both,0.0,0.0,True,0.0,0.0,True,0.0,0.0,True,-15.0,15.0,False,0.0,0.0,True,0.0,0.0,True,0.0,0.0,True,-71.0,71.0,False,-15.0,15.0,False
qiboteam/qibojit,2024-03,control,65b3eb6677e443eac5e3658b22792b333f657930,3987.0,1.0,0.0,61.0,4.9,5.1,351.0,478.0,62.0,0,,0,,control,3987.0,1.0,0.0,76.0,4.9,5.1,351.0,549.0,77.0,both,0.0,0.0,True,0.0,0.0,True,0.0,0.0,True,-15.0,15.0,False,0.0,0.0,True,0.0,0.0,True,0.0,0.0,True,-71.0,71.0,False,-15.0,15.0,False
qiboteam/qibojit,2024-04,control,df23518a094c357c44598ab01530f4534be555ab,3979.0,1.0,0.0,62.0,4.9,5.1,353.0,479.0,63.0,0,,0,,control,3979.0,1.0,0.0,77.0,4.9,5.1,353.0,550.0,78.0,both,0.0,0.0,True,0.0,0.0,True,0.0,0.0,True,-15.0,15.0,False,0.0,0.0,True,0.0,0.0,True,0.0,0.0,True,-71.0,71.0,False,-15.0,15.0,False
qiboteam/qibojit,2024-05,control,683a19467797c8a4d7deaf1a3a1f10a1baca66ca,4014.0,1.0,0.0,66.0,4.8,5.4,359.0,495.0,67.0,0,,0,,control,4014.0,1.0,0.0,81.0,4.8,5.4,359.0,566.0,82.0,both,0.0,0.0,True,0.0,0.0,True,0.0,0.0,True,-15.0,15.0,False,0.0,0.0,True,0.0,0.0,True,0.0,0.0,True,-71.0,71.0,False,-15.0,15.0,False
qiboteam/qibojit,2024-06,control,db0bf468dbe1e8bf95eda400fe3bf51bfc0bdeb3,4017.0,1.0,0.0,66.0,4.8,5.4,359.0,495.0,67.0,0,,0,,control,4017.0,1.0,0.0,81.0,4.8,5.4,359.0,566.0,82.0,both,0.0,0.0,True,0.0,0.0,True,0.0,0.0,True,-15.0,15.0,False,0.0,0.0,True,0.0,0.0,True,0.0,0.0,True,-71.0,71.0,False,-15.0,15.0,False
qiboteam/qibojit,2024-07,control,77aeed6e2e4c2ee699c662742465daf13d924082,4014.0,1.0,0.0,66.0,4.8,5.4,359.0,495.0,67.0,0,,0,,control,4014.0,1.0,0.0,81.0,4.8,5.4,359.0,566.0,82.0,both,0.0,0.0,True,0.0,0.0,True,0.0,0.0,True,-15.0,15.0,False,0.0,0.0,True,0.0,0.0,True,0.0,0.0,True,-71.0,71.0,False,-15.0,15.0,False
qiboteam/qibojit,2024-08,control,0d9bbd2f0f3545293cdb2ac039680b8dbceaf55e,4017.0,1.0,0.0,66.0,4.8,5.4,359.0,495.0,67.0,0,,0,,control,4017.0,1.0,0.0,81.0,4.8,5.4,359.0,566.0,82.0,both,0.0,0.0,True,0.0,0.0,True,0.0,0.0,True,-15.0,15.0,False,0.0,0.0,True,0.0,0.0,True,0.0,0.0,True,-71.0,71.0,False,-15.0,15.0,False
qiboteam/qibojit,2024-09,control,51b54c299e2c5f21158022a3fd8119fffb5e6b67,4042.0,1.0,0.0,67.0,4.8,5.4,361.0,500.0,68.0,0,,0,,control,4042.0,1.0,0.0,81.0,4.8,5.4,361.0,566.0,82.0,both,0.0,0.0,True,0.0,0.0,True,0.0,0.0,True,-14.0,14.0,False,0.0,0.0,True,0.0,0.0,True,0.0,0.0,True,-66.0,66.0,False,-14.0,14.0,False
qiboteam/qibojit,2024-10,control,290b1776c2ba272f1c9eb59cba1d31964a239f2a,4050.0,1.0,0.0,67.0,4.8,5.4,365.0,500.0,68.0,0,,0,,control,4050.0,1.0,0.0,81.0,4.8,5.4,365.0,566.0,82.0,both,0.0,0.0,True,0.0,0.0,True,0.0,0.0,True,-14.0,14.0,False,0.0,0.0,True,0.0,0.0,True,0.0,0.0,True,-66.0,66.0,False,-14.0,14.0,False
qiboteam/qibojit,2024-11,control,290b1776c2ba272f1c9eb59cba1d31964a239f2a,4050.0,1.0,0.0,67.0,4.8,5.4,365.0,500.0,68.0,0,,0,,control,4050.0,1.0,0.0,81.0,4.8,5.4,365.0,566.0,82.0,both,0.0,0.0,True,0.0,0.0,True,0.0,0.0,True,-14.0,14.0,False,0.0,0.0,True,0.0,0.0,True,0.0,0.0,True,-66.0,66.0,False,-14.0,14.0,False
qiboteam/qibojit,2024-12,control,eca912d4a405ee4bf8a2bca0c0ee35d4833eb3b4,4050.0,1.0,0.0,67.0,4.8,5.4,365.0,500.0,68.0,0,,0,,control,4050.0,1.0,0.0,81.0,4.8,5.4,365.0,566.0,82.0,both,0.0,0.0,True,0.0,0.0,True,0.0,0.0,True,-14.0,14.0,False,0.0,0.0,True,0.0,0.0,True,0.0,0.0,True,-66.0,66.0,False,-14.0,14.0,False
qiboteam/qibojit,2025-01,control,11441dd31d686823b9c753ca8886bef03753e5cb,4089.0,1.0,0.0,67.0,4.7,5.5,369.0,500.0,68.0,0,,0,,control,4089.0,1.0,0.0,80.0,4.7,5.5,369.0,561.0,81.0,both,0.0,0.0,True,0.0,0.0,True,0.0,0.0,True,-13.0,13.0,False,0.0,0.0,True,0.0,0.0,True,0.0,0.0,True,-61.0,61.0,False,-13.0,13.0,False
qiboteam/qibojit,2025-02,control,5818b6dbde5b269b59ef62ec855a6e9540113a86,4800.0,1.0,0.0,75.0,4.0,5.3,402.0,540.0,76.0,0,,0,,control,4115.0,1.0,0.0,80.0,4.7,5.3,371.0,561.0,81.0,both,685.0,685.0,False,0.0,0.0,True,0.0,0.0,True,-5.0,5.0,False,-0.7000000000000002,0.7000000000000002,False,0.0,0.0,True,31.0,31.0,False,-21.0,21.0,False,-5.0,5.0,False
qiboteam/qibojit,2025-03,control,63c700d1732030c7647f653a9c76f0f52f871a91,4143.0,1.0,0.0,67.0,4.7,5.3,370.0,500.0,68.0,0,,0,,control,4143.0,1.0,0.0,81.0,4.7,5.3,370.0,563.0,82.0,both,0.0,0.0,True,0.0,0.0,True,0.0,0.0,True,-14.0,14.0,False,0.0,0.0,True,0.0,0.0,True,0.0,0.0,True,-63.0,63.0,False,-14.0,14.0,False
qiboteam/qibojit,2025-04,control,f4a8169a88b7e2e6d7af61ed932a9bbe0f7cab4d,4192.0,1.0,0.0,64.0,4.6,5.3,370.0,485.0,65.0,0,,0,,control,4147.0,1.0,0.0,81.0,4.7,5.3,372.0,563.0,82.0,both,45.0,45.0,False,0.0,0.0,True,0.0,0.0,True,-17.0,17.0,False,-0.10000000000000053,0.10000000000000053,False,0.0,0.0,True,-2.0,2.0,False,-78.0,78.0,False,-17.0,17.0,False
qiboteam/qibojit,2025-05,control,c907246d79ff0d71dbc31e79068900efaaa1b7ab,4147.0,1.0,0.0,67.0,4.7,5.3,372.0,500.0,68.0,0,,0,,control,4147.0,1.0,0.0,81.0,4.7,5.3,372.0,563.0,82.0,both,0.0,0.0,True,0.0,0.0,True,0.0,0.0,True,-14.0,14.0,False,0.0,0.0,True,0.0,0.0,True,0.0,0.0,True,-63.0,63.0,False,-14.0,14.0,False
qiboteam/qibojit,2025-06,control,8cc4350be29ef0c4b05db5ff5d25cbde446b79ba,4898.0,1.0,0.0,75.0,3.9,5.4,420.0,540.0,76.0,0,,0,,control,4205.0,1.0,0.0,78.0,4.6,5.3,373.0,548.0,79.0,both,693.0,693.0,False,0.0,0.0,True,0.0,0.0,True,-3.0,3.0,False,-0.6999999999999997,0.6999999999999997,False,0.10000000000000053,0.10000000000000053,False,47.0,47.0,False,-8.0,8.0,False,-3.0,3.0,False
qiboteam/qibojit,2025-07,control,8cc4350be29ef0c4b05db5ff5d25cbde446b79ba,4898.0,1.0,0.0,75.0,3.9,5.4,420.0,540.0,76.0,0,,0,,control,4205.0,1.0,0.0,78.0,4.6,5.3,373.0,548.0,79.0,both,693.0,693.0,False,0.0,0.0,True,0.0,0.0,True,-3.0,3.0,False,-0.6999999999999997,0.6999999999999997,False,0.10000000000000053,0.10000000000000053,False,47.0,47.0,False,-8.0,8.0,False,-3.0,3.0,False
qiboteam/qibojit,2025-08,control,d6b90bef527e8b290551a9e7cd3b5bcd14049a60,4215.0,1.0,0.0,65.0,4.6,4.9,374.0,490.0,66.0,0,,0,,control,4205.0,1.0,0.0,78.0,4.6,5.3,373.0,548.0,79.0,both,10.0,10.0,False,0.0,0.0,True,0.0,0.0,True,-13.0,13.0,False,0.0,0.0,True,-0.39999999999999947,0.39999999999999947,False,1.0,1.0,False,-58.0,58.0,False,-13.0,13.0,False
ruiqini/NTFields,2024-01,control,16b9da561fb359e3b829399315627b76dc94e356,1615.0,0.0,2.0,159.0,48.5,8.5,174.0,657.0,161.0,0,,0,,control,,,,,,,,,,both,,,False,,,False,,,False,,,False,,,False,,,False,,,False,,,False,,,False
ruiqini/NTFields,2024-02,control,16b9da561fb359e3b829399315627b76dc94e356,1615.0,0.0,2.0,159.0,48.5,8.5,174.0,657.0,161.0,0,,0,,control,,,,,,,,,,both,,,False,,,False,,,False,,,False,,,False,,,False,,,False,,,False,,,False
ruiqini/NTFields,2024-03,control,16b9da561fb359e3b829399315627b76dc94e356,1615.0,0.0,2.0,159.0,48.5,8.5,174.0,657.0,161.0,0,,0,,control,,,,,,,,,,both,,,False,,,False,,,False,,,False,,,False,,,False,,,False,,,False,,,False
ruiqini/NTFields,2024-04,control,16b9da561fb359e3b829399315627b76dc94e356,1615.0,0.0,2.0,159.0,48.5,8.5,174.0,657.0,161.0,0,,0,,control,,,,,,,,,,both,,,False,,,False,,,False,,,False,,,False,,,False,,,False,,,False,,,False
ruiqini/NTFields,2024-05,control,16b9da561fb359e3b829399315627b76dc94e356,1615.0,0.0,2.0,159.0,48.5,8.5,174.0,657.0,161.0,0,,0,,control,,,,,,,,,,both,,,False,,,False,,,False,,,False,,,False,,,False,,,False,,,False,,,False
ruiqini/NTFields,2024-06,control,16b9da561fb359e3b829399315627b76dc94e356,1615.0,0.0,2.0,159.0,48.5,8.5,174.0,657.0,161.0,0,,0,,control,,,,,,,,,,both,,,False,,,False,,,False,,,False,,,False,,,False,,,False,,,False,,,False
ruiqini/NTFields,2024-07,control,b9b6efbcf876d2641e0edcf962c68119558cddb1,1615.0,0.0,2.0,159.0,48.5,8.5,174.0,657.0,161.0,0,,0,,control,1615.0,0.0,0.0,182.0,48.5,8.5,174.0,772.0,182.0,both,0.0,0.0,True,0.0,0.0,True,2.0,2.0,False,-23.0,23.0,False,0.0,0.0,True,0.0,0.0,True,0.0,0.0,True,-115.0,115.0,False,-21.0,21.0,False
ruiqini/NTFields,2024-08,control,b9b6efbcf876d2641e0edcf962c68119558cddb1,1615.0,0.0,2.0,159.0,48.5,8.5,174.0,657.0,161.0,,,,,,,,,,,,,,,left_only,,,False,,,False,,,False,,,False,,,False,,,False,,,False,,,False,,,False
ruiqini/NTFields,2024-09,control,b9b6efbcf876d2641e0edcf962c68119558cddb1,1615.0,0.0,2.0,159.0,48.5,8.5,174.0,657.0,161.0,,,,,,,,,,,,,,,left_only,,,False,,,False,,,False,,,False,,,False,,,False,,,False,,,False,,,False
ruiqini/NTFields,2024-10,control,b9b6efbcf876d2641e0edcf962c68119558cddb1,1615.0,0.0,2.0,159.0,48.5,8.5,174.0,657.0,161.0,,,,,,,,,,,,,,,left_only,,,False,,,False,,,False,,,False,,,False,,,False,,,False,,,False,,,False
ruiqini/NTFields,2024-11,control,b9b6efbcf876d2641e0edcf962c68119558cddb1,1615.0,0.0,2.0,159.0,48.5,8.5,174.0,657.0,161.0,,,,,,,,,,,,,,,left_only,,,False,,,False,,,False,,,False,,,False,,,False,,,False,,,False,,,False
ruiqini/NTFields,2024-12,control,b9b6efbcf876d2641e0edcf962c68119558cddb1,1615.0,0.0,2.0,159.0,48.5,8.5,174.0,657.0,161.0,,,,,,,,,,,,,,,left_only,,,False,,,False,,,False,,,False,,,False,,,False,,,False,,,False,,,False
ruiqini/NTFields,2025-01,control,b9b6efbcf876d2641e0edcf962c68119558cddb1,1615.0,0.0,2.0,159.0,48.5,8.5,174.0,657.0,161.0,,,,,,,,,,,,,,,left_only,,,False,,,False,,,False,,,False,,,False,,,False,,,False,,,False,,,False
ruiqini/NTFields,2025-02,control,b9b6efbcf876d2641e0edcf962c68119558cddb1,1615.0,0.0,2.0,159.0,48.5,8.5,174.0,657.0,161.0,,,,,,,,,,,,,,,left_only,,,False,,,False,,,False,,,False,,,False,,,False,,,False,,,False,,,False
ruiqini/NTFields,2025-03,control,b9b6efbcf876d2641e0edcf962c68119558cddb1,1615.0,0.0,2.0,159.0,48.5,8.5,174.0,657.0,161.0,,,,,,,,,,,,,,,left_only,,,False,,,False,,,False,,,False,,,False,,,False,,,False,,,False,,,False
ruiqini/NTFields,2025-04,control,b9b6efbcf876d2641e0edcf962c68119558cddb1,1615.0,0.0,2.0,159.0,48.5,8.5,174.0,657.0,161.0,,,,,,,,,,,,,,,left_only,,,False,,,False,,,False,,,False,,,False,,,False,,,False,,,False,,,False
ruiqini/NTFields,2025-05,control,b9b6efbcf876d2641e0edcf962c68119558cddb1,1615.0,0.0,2.0,159.0,48.5,8.5,174.0,657.0,161.0,,,,,,,,,,,,,,,left_only,,,False,,,False,,,False,,,False,,,False,,,False,,,False,,,False,,,False
ruiqini/NTFields,2025-06,control,b9b6efbcf876d2641e0edcf962c68119558cddb1,1615.0,0.0,2.0,159.0,48.5,8.5,174.0,657.0,161.0,,,,,,,,,,,,,,,left_only,,,False,,,False,,,False,,,False,,,False,,,False,,,False,,,False,,,False
ruiqini/NTFields,2025-07,control,b9b6efbcf876d2641e0edcf962c68119558cddb1,1615.0,0.0,2.0,159.0,48.5,8.5,174.0,657.0,161.0,,,,,,,,,,,,,,,left_only,,,False,,,False,,,False,,,False,,,False,,,False,,,False,,,False,,,False
ruiqini/NTFields,2025-08,control,b9b6efbcf876d2641e0edcf962c68119558cddb1,1615.0,0.0,2.0,159.0,48.5,8.5,174.0,657.0,161.0,,,,,,,,,,,,,,,left_only,,,False,,,False,,,False,,,False,,,False,,,False,,,False,,,False,,,False
saucer-man/qq_msg_decode,2024-01,control,ee62f41bac5b3ff4550250ef11bd186f3ee7a4be,279.0,1.0,0.0,46.0,0.0,13.9,75.0,200.0,47.0,0,,0,,control,,,,,,,,,,both,,,False,,,False,,,False,,,False,,,False,,,False,,,False,,,False,,,False
saucer-man/qq_msg_decode,2024-02,control,ee62f41bac5b3ff4550250ef11bd186f3ee7a4be,279.0,1.0,0.0,46.0,0.0,13.9,75.0,200.0,47.0,0,,0,,control,,,,,,,,,,both,,,False,,,False,,,False,,,False,,,False,,,False,,,False,,,False,,,False
saucer-man/qq_msg_decode,2024-03,control,ee62f41bac5b3ff4550250ef11bd186f3ee7a4be,279.0,1.0,0.0,46.0,0.0,13.9,75.0,200.0,47.0,0,,0,,control,,,,,,,,,,both,,,False,,,False,,,False,,,False,,,False,,,False,,,False,,,False,,,False
saucer-man/qq_msg_decode,2024-04,control,ee62f41bac5b3ff4550250ef11bd186f3ee7a4be,279.0,1.0,0.0,46.0,0.0,13.9,75.0,200.0,47.0,0,,0,,control,,,,,,,,,,both,,,False,,,False,,,False,,,False,,,False,,,False,,,False,,,False,,,False
saucer-man/qq_msg_decode,2024-05,control,ee62f41bac5b3ff4550250ef11bd186f3ee7a4be,279.0,1.0,0.0,46.0,0.0,13.9,75.0,200.0,47.0,0,,0,,control,,,,,,,,,,both,,,False,,,False,,,False,,,False,,,False,,,False,,,False,,,False,,,False
saucer-man/qq_msg_decode,2024-06,control,073990b5331ccb62793a16c653b390bdea01f0cd,515.0,1.0,0.0,48.0,0.0,9.8,109.0,216.0,49.0,0,,0,,control,515.0,1.0,0.0,48.0,0.0,9.8,109.0,216.0,49.0,both,0.0,0.0,True,0.0,0.0,True,0.0,0.0,True,0.0,0.0,True,0.0,0.0,True,0.0,0.0,True,0.0,0.0,True,0.0,0.0,True,0.0,0.0,True
saucer-man/qq_msg_decode,2024-07,control,073990b5331ccb62793a16c653b390bdea01f0cd,515.0,1.0,0.0,48.0,0.0,9.8,109.0,216.0,49.0,,,,,,,,,,,,,,,left_only,,,False,,,False,,,False,,,False,,,False,,,False,,,False,,,False,,,False
saucer-man/qq_msg_decode,2024-08,control,073990b5331ccb62793a16c653b390bdea01f0cd,515.0,1.0,0.0,48.0,0.0,9.8,109.0,216.0,49.0,,,,,,,,,,,,,,,left_only,,,False,,,False,,,False,,,False,,,False,,,False,,,False,,,False,,,False
saucer-man/qq_msg_decode,2024-09,control,073990b5331ccb62793a16c653b390bdea01f0cd,515.0,1.0,0.0,48.0,0.0,9.8,109.0,216.0,49.0,,,,,,,,,,,,,,,left_only,,,False,,,False,,,False,,,False,,,False,,,False,,,False,,,False,,,False
saucer-man/qq_msg_decode,2024-10,control,073990b5331ccb62793a16c653b390bdea01f0cd,515.0,1.0,0.0,48.0,0.0,9.8,109.0,216.0,49.0,,,,,,,,,,,,,,,left_only,,,False,,,False,,,False,,,False,,,False,,,False,,,False,,,False,,,False
saucer-man/qq_msg_decode,2024-11,control,073990b5331ccb62793a16c653b390bdea01f0cd,515.0,1.0,0.0,48.0,0.0,9.8,109.0,216.0,49.0,,,,,,,,,,,,,,,left_only,,,False,,,False,,,False,,,False,,,False,,,False,,,False,,,False,,,False
saucer-man/qq_msg_decode,2024-12,control,073990b5331ccb62793a16c653b390bdea01f0cd,515.0,1.0,0.0,48.0,0.0,9.8,109.0,216.0,49.0,,,,,,,,,,,,,,,left_only,,,False,,,False,,,False,,,False,,,False,,,False,,,False,,,False,,,False
saucer-man/qq_msg_decode,2025-01,control,073990b5331ccb62793a16c653b390bdea01f0cd,515.0,1.0,0.0,48.0,0.0,9.8,109.0,216.0,49.0,,,,,,,,,,,,,,,left_only,,,False,,,False,,,False,,,False,,,False,,,False,,,False,,,False,,,False
saucer-man/qq_msg_decode,2025-02,control,073990b5331ccb62793a16c653b390bdea01f0cd,515.0,1.0,0.0,48.0,0.0,9.8,109.0,216.0,49.0,,,,,,,,,,,,,,,left_only,,,False,,,False,,,False,,,False,,,False,,,False,,,False,,,False,,,False
saucer-man/qq_msg_decode,2025-03,control,073990b5331ccb62793a16c653b390bdea01f0cd,515.0,1.0,0.0,48.0,0.0,9.8,109.0,216.0,49.0,,,,,,,,,,,,,,,left_only,,,False,,,False,,,False,,,False,,,False,,,False,,,False,,,False,,,False
saucer-man/qq_msg_decode,2025-04,control,073990b5331ccb62793a16c653b390bdea01f0cd,515.0,1.0,0.0,48.0,0.0,9.8,109.0,216.0,49.0,,,,,,,,,,,,,,,left_only,,,False,,,False,,,False,,,False,,,False,,,False,,,False,,,False,,,False
saucer-man/qq_msg_decode,2025-05,control,073990b5331ccb62793a16c653b390bdea01f0cd,515.0,1.0,0.0,48.0,0.0,9.8,109.0,216.0,49.0,,,,,,,,,,,,,,,left_only,,,False,,,False,,,False,,,False,,,False,,,False,,,False,,,False,,,False
saucer-man/qq_msg_decode,2025-06,control,073990b5331ccb62793a16c653b390bdea01f0cd,515.0,1.0,0.0,48.0,0.0,9.8,109.0,216.0,49.0,,,,,,,,,,,,,,,left_only,,,False,,,False,,,False,,,False,,,False,,,False,,,False,,,False,,,False
saucer-man/qq_msg_decode,2025-07,control,073990b5331ccb62793a16c653b390bdea01f0cd,515.0,1.0,0.0,48.0,0.0,9.8,109.0,216.0,49.0,,,,,,,,,,,,,,,left_only,,,False,,,False,,,False,,,False,,,False,,,False,,,False,,,False,,,False
saucer-man/qq_msg_decode,2025-08,control,073990b5331ccb62793a16c653b390bdea01f0cd,515.0,1.0,0.0,48.0,0.0,9.8,109.0,216.0,49.0,,,,,,,,,,,,,,,left_only,,,False,,,False,,,False,,,False,,,False,,,False,,,False,,,False,,,False
slopp/30_days_of_dagster,2024-11,control,effb6b4d19242e3e0c5937ac28cc42fa2a2691e2,210.0,0.0,0.0,2.0,29.2,4.5,2.0,21.0,2.0,0,,0,,control,210.0,0.0,0.0,2.0,29.2,4.5,2.0,21.0,2.0,both,0.0,0.0,True,0.0,0.0,True,0.0,0.0,True,0.0,0.0,True,0.0,0.0,True,0.0,0.0,True,0.0,0.0,True,0.0,0.0,True,0.0,0.0,True
slopp/30_days_of_dagster,2024-12,control,2d9ff7930c6475370fd66f264931bb5924ac3060,1557.0,1.0,0.0,27.0,47.1,10.2,42.0,100.0,28.0,0,,0,,control,1557.0,1.0,0.0,27.0,47.1,10.2,42.0,100.0,28.0,both,0.0,0.0,True,0.0,0.0,True,0.0,0.0,True,0.0,0.0,True,0.0,0.0,True,0.0,0.0,True,0.0,0.0,True,0.0,0.0,True,0.0,0.0,True
slopp/30_days_of_dagster,2025-01,control,2d9ff7930c6475370fd66f264931bb5924ac3060,1557.0,1.0,0.0,27.0,47.1,10.2,42.0,100.0,28.0,,,,,,,,,,,,,,,left_only,,,False,,,False,,,False,,,False,,,False,,,False,,,False,,,False,,,False
slopp/30_days_of_dagster,2025-02,control,2d9ff7930c6475370fd66f264931bb5924ac3060,1557.0,1.0,0.0,27.0,47.1,10.2,42.0,100.0,28.0,,,,,,,,,,,,,,,left_only,,,False,,,False,,,False,,,False,,,False,,,False,,,False,,,False,,,False
slopp/30_days_of_dagster,2025-03,control,2d9ff7930c6475370fd66f264931bb5924ac3060,1557.0,1.0,0.0,27.0,47.1,10.2,42.0,100.0,28.0,,,,,,,,,,,,,,,left_only,,,False,,,False,,,False,,,False,,,False,,,False,,,False,,,False,,,False
slopp/30_days_of_dagster,2025-04,control,2d9ff7930c6475370fd66f264931bb5924ac3060,1557.0,1.0,0.0,27.0,47.1,10.2,42.0,100.0,28.0,,,,,,,,,,,,,,,left_only,,,False,,,False,,,False,,,False,,,False,,,False,,,False,,,False,,,False
slopp/30_days_of_dagster,2025-05,control,2d9ff7930c6475370fd66f264931bb5924ac3060,1557.0,1.0,0.0,27.0,47.1,10.2,42.0,100.0,28.0,,,,,,,,,,,,,,,left_only,,,False,,,False,,,False,,,False,,,False,,,False,,,False,,,False,,,False
slopp/30_days_of_dagster,2025-06,control,2d9ff7930c6475370fd66f264931bb5924ac3060,1557.0,1.0,0.0,27.0,47.1,10.2,42.0,100.0,28.0,,,,,,,,,,,,,,,left_only,,,False,,,False,,,False,,,False,,,False,,,False,,,False,,,False,,,False
slopp/30_days_of_dagster,2025-07,control,2d9ff7930c6475370fd66f264931bb5924ac3060,1557.0,1.0,0.0,27.0,47.1,10.2,42.0,100.0,28.0,,,,,,,,,,,,,,,left_only,,,False,,,False,,,False,,,False,,,False,,,False,,,False,,,False,,,False
slopp/30_days_of_dagster,2025-08,control,2d9ff7930c6475370fd66f264931bb5924ac3060,1557.0,1.0,0.0,27.0,47.1,10.2,42.0,100.0,28.0,,,,,,,,,,,,,,,left_only,,,False,,,False,,,False,,,False,,,False,,,False,,,False,,,False,,,False
stakewise/v3-operator,2024-01,control,320337c3de75b67b3f99a54728885cb7d8173d4a,6905.0,3.0,0.0,37.0,0.4,4.6,538.0,187.0,40.0,0,,0,,control,6905.0,0.0,1.0,27.0,0.4,4.6,538.0,145.0,28.0,both,0.0,0.0,True,3.0,3.0,False,-1.0,1.0,False,10.0,10.0,False,0.0,0.0,True,0.0,0.0,True,0.0,0.0,True,42.0,42.0,False,12.0,12.0,False
stakewise/v3-operator,2024-02,control,642c2b5b4a8272f5dcfa81247637330de99fabec,6922.0,3.0,0.0,37.0,0.4,4.6,538.0,187.0,40.0,0,,0,,control,6922.0,0.0,1.0,27.0,0.4,4.6,538.0,145.0,28.0,both,0.0,0.0,True,3.0,3.0,False,-1.0,1.0,False,10.0,10.0,False,0.0,0.0,True,0.0,0.0,True,0.0,0.0,True,42.0,42.0,False,12.0,12.0,False
stakewise/v3-operator,2024-03,control,0139700cf0b051a0421b5f48da3a06bb092ab4a0,7259.0,6.0,0.0,44.0,2.9,4.8,543.0,227.0,50.0,0,,0,,control,7259.0,0.0,1.0,34.0,2.9,4.8,543.0,185.0,35.0,both,0.0,0.0,True,6.0,6.0,False,-1.0,1.0,False,10.0,10.0,False,0.0,0.0,True,0.0,0.0,True,0.0,0.0,True,42.0,42.0,False,15.0,15.0,False
stakewise/v3-operator,2024-04,control,4cd830bed06a646088da8e3248c9909b13daf99a,7376.0,6.0,0.0,45.0,2.9,4.8,552.0,237.0,51.0,0,,0,,control,7376.0,0.0,1.0,35.0,2.9,4.8,552.0,195.0,36.0,both,0.0,0.0,True,6.0,6.0,False,-1.0,1.0,False,10.0,10.0,False,0.0,0.0,True,0.0,0.0,True,0.0,0.0,True,42.0,42.0,False,15.0,15.0,False
stakewise/v3-operator,2024-05,control,6dcda1e58bdcd159e49af92f7fc3469c57d06eb5,7629.0,7.0,0.0,46.0,2.8,4.7,568.0,243.0,53.0,0,,0,,control,7629.0,0.0,1.0,36.0,2.8,4.7,568.0,201.0,37.0,both,0.0,0.0,True,7.0,7.0,False,-1.0,1.0,False,10.0,10.0,False,0.0,0.0,True,0.0,0.0,True,0.0,0.0,True,42.0,42.0,False,16.0,16.0,False
stakewise/v3-operator,2024-06,control,35d81e7803d5173dcff73f00317928f4ced751dd,7660.0,7.0,0.0,46.0,2.8,4.7,581.0,245.0,53.0,0,,0,,control,7660.0,0.0,1.0,36.0,2.8,4.7,581.0,203.0,37.0,both,0.0,0.0,True,7.0,7.0,False,-1.0,1.0,False,10.0,10.0,False,0.0,0.0,True,0.0,0.0,True,0.0,0.0,True,42.0,42.0,False,16.0,16.0,False
stakewise/v3-operator,2024-07,control,331aa84ba7dd62b49bc3164d0f9ae0a2154d74e9,7755.0,5.0,0.0,44.0,2.7,4.6,585.0,247.0,49.0,0,,0,,control,7755.0,0.0,1.0,35.0,2.7,4.6,585.0,210.0,36.0,both,0.0,0.0,True,5.0,5.0,False,-1.0,1.0,False,9.0,9.0,False,0.0,0.0,True,0.0,0.0,True,0.0,0.0,True,37.0,37.0,False,13.0,13.0,False
stakewise/v3-operator,2024-08,control,bb211b10d2c24fc04093be980c1b44abb1b87d37,8106.0,5.0,0.0,46.0,2.6,4.8,623.0,276.0,51.0,0,,0,,control,8106.0,0.0,1.0,36.0,2.6,4.8,623.0,234.0,37.0,both,0.0,0.0,True,5.0,5.0,False,-1.0,1.0,False,10.0,10.0,False,0.0,0.0,True,0.0,0.0,True,0.0,0.0,True,42.0,42.0,False,14.0,14.0,False
stakewise/v3-operator,2024-09,control,e87654bb4ba5cc93958f0edaef7d9d958bca9e73,8169.0,5.0,0.0,46.0,2.6,4.8,629.0,276.0,51.0,0,,0,,control,8169.0,0.0,1.0,36.0,2.6,4.8,629.0,234.0,37.0,both,0.0,0.0,True,5.0,5.0,False,-1.0,1.0,False,10.0,10.0,False,0.0,0.0,True,0.0,0.0,True,0.0,0.0,True,42.0,42.0,False,14.0,14.0,False
stakewise/v3-operator,2024-10,control,f0690d71ab8cc5ceacac5cb4c55a5c06405fe7d5,8207.0,5.0,0.0,45.0,2.6,4.9,639.0,278.0,50.0,0,,0,,control,8207.0,0.0,1.0,35.0,2.6,4.9,639.0,236.0,36.0,both,0.0,0.0,True,5.0,5.0,False,-1.0,1.0,False,10.0,10.0,False,0.0,0.0,True,0.0,0.0,True,0.0,0.0,True,42.0,42.0,False,14.0,14.0,False
stakewise/v3-operator,2024-11,control,32e54286551a01b18586259e416bf722f5603a35,8116.0,5.0,0.0,43.0,2.6,5.0,646.0,268.0,48.0,0,,0,,control,8116.0,0.0,1.0,33.0,2.6,5.0,646.0,226.0,34.0,both,0.0,0.0,True,5.0,5.0,False,-1.0,1.0,False,10.0,10.0,False,0.0,0.0,True,0.0,0.0,True,0.0,0.0,True,42.0,42.0,False,14.0,14.0,False
stakewise/v3-operator,2024-12,control,6a1cf53f43973ee7fd4698ff44e45fedfeee46d1,8390.0,5.0,0.0,46.0,2.5,5.2,659.0,274.0,51.0,0,,0,,control,8390.0,0.0,1.0,34.0,2.5,5.2,659.0,232.0,35.0,both,0.0,0.0,True,5.0,5.0,False,-1.0,1.0,False,12.0,12.0,False,0.0,0.0,True,0.0,0.0,True,0.0,0.0,True,42.0,42.0,False,16.0,16.0,False
stakewise/v3-operator,2025-01,control,a399272f42cc9274f9652834ff9f56d7bc43fa32,8388.0,5.0,0.0,45.0,2.5,4.9,665.0,268.0,50.0,0,,0,,control,8388.0,0.0,1.0,34.0,2.5,4.9,665.0,226.0,35.0,both,0.0,0.0,True,5.0,5.0,False,-1.0,1.0,False,11.0,11.0,False,0.0,0.0,True,0.0,0.0,True,0.0,0.0,True,42.0,42.0,False,15.0,15.0,False
stakewise/v3-operator,2025-02,control,eb02dd26d2337d39072f924386a3e97a16852a16,8396.0,5.0,0.0,45.0,2.5,4.8,662.0,268.0,50.0,0,,0,,control,8396.0,0.0,1.0,34.0,2.5,4.8,662.0,226.0,35.0,both,0.0,0.0,True,5.0,5.0,False,-1.0,1.0,False,11.0,11.0,False,0.0,0.0,True,0.0,0.0,True,0.0,0.0,True,42.0,42.0,False,15.0,15.0,False
stakewise/v3-operator,2025-03,control,eb02dd26d2337d39072f924386a3e97a16852a16,8396.0,5.0,0.0,45.0,2.5,4.8,662.0,268.0,50.0,0,,0,,control,8396.0,0.0,1.0,34.0,2.5,4.8,662.0,226.0,35.0,both,0.0,0.0,True,5.0,5.0,False,-1.0,1.0,False,11.0,11.0,False,0.0,0.0,True,0.0,0.0,True,0.0,0.0,True,42.0,42.0,False,15.0,15.0,False
stakewise/v3-operator,2025-04,control,e490963118f067e36252c267be03c306aa474801,8394.0,5.0,0.0,45.0,2.5,4.8,662.0,268.0,50.0,0,,0,,control,8394.0,0.0,1.0,34.0,2.5,4.8,662.0,226.0,35.0,both,0.0,0.0,True,5.0,5.0,False,-1.0,1.0,False,11.0,11.0,False,0.0,0.0,True,0.0,0.0,True,0.0,0.0,True,42.0,42.0,False,15.0,15.0,False
stakewise/v3-operator,2025-05,control,0d67cf01b4e483c311aeb7ae9bf79cb8d9967aa1,8424.0,5.0,0.0,45.0,2.5,4.9,678.0,268.0,50.0,0,,0,,control,8424.0,0.0,1.0,34.0,2.5,4.9,678.0,226.0,35.0,both,0.0,0.0,True,5.0,5.0,False,-1.0,1.0,False,11.0,11.0,False,0.0,0.0,True,0.0,0.0,True,0.0,0.0,True,42.0,42.0,False,15.0,15.0,False
stakewise/v3-operator,2025-06,control,18b8e71b39a917eadec2fa2edbd94f0a23150efd,8426.0,5.0,0.0,45.0,2.5,4.9,678.0,268.0,50.0,0,,0,,control,8426.0,0.0,1.0,34.0,2.5,4.9,678.0,226.0,35.0,both,0.0,0.0,True,5.0,5.0,False,-1.0,1.0,False,11.0,11.0,False,0.0,0.0,True,0.0,0.0,True,0.0,0.0,True,42.0,42.0,False,15.0,15.0,False
stakewise/v3-operator,2025-07,control,a41faa769bac914ea1518942a2348889f23ab871,8378.0,5.0,0.0,45.0,2.5,4.7,674.0,266.0,50.0,0,,0,,control,8378.0,0.0,1.0,34.0,2.5,4.7,674.0,224.0,35.0,both,0.0,0.0,True,5.0,5.0,False,-1.0,1.0,False,11.0,11.0,False,0.0,0.0,True,0.0,0.0,True,0.0,0.0,True,42.0,42.0,False,15.0,15.0,False
stakewise/v3-operator,2025-08,control,44f69fe8beee0abb5ab4570df353aab421bc8100,8378.0,5.0,0.0,45.0,2.5,4.7,674.0,266.0,50.0,0,,0,,control,8378.0,0.0,1.0,34.0,2.5,4.7,674.0,224.0,35.0,both,0.0,0.0,True,5.0,5.0,False,-1.0,1.0,False,11.0,11.0,False,0.0,0.0,True,0.0,0.0,True,0.0,0.0,True,42.0,42.0,False,15.0,15.0,False
taylorwilsdon/open-webui-tools,2025-02,control,8e47bf8a6ae007fa8706931251f2c0c521911bf9,612.0,0.0,0.0,3.0,0.0,14.8,85.0,22.0,3.0,0,,0,,control,612.0,0.0,0.0,3.0,0.0,14.8,85.0,22.0,3.0,both,0.0,0.0,True,0.0,0.0,True,0.0,0.0,True,0.0,0.0,True,0.0,0.0,True,0.0,0.0,True,0.0,0.0,True,0.0,0.0,True,0.0,0.0,True
taylorwilsdon/open-webui-tools,2025-03,control,510cbf0c66b775568e31bb2ce595435915c1f2f0,767.0,0.0,0.0,12.0,0.0,11.3,165.0,84.0,12.0,0,,0,,control,767.0,0.0,0.0,9.0,0.0,11.3,165.0,69.0,9.0,both,0.0,0.0,True,0.0,0.0,True,0.0,0.0,True,3.0,3.0,False,0.0,0.0,True,0.0,0.0,True,0.0,0.0,True,15.0,15.0,False,3.0,3.0,False
taylorwilsdon/open-webui-tools,2025-04,control,d1d0c14c125b858ce3191bcbde2231dfd8cfa02c,998.0,0.0,0.0,17.0,0.0,12.2,222.0,128.0,17.0,0,,0,,control,767.0,0.0,0.0,9.0,0.0,11.3,165.0,69.0,9.0,both,231.0,231.0,False,0.0,0.0,True,0.0,0.0,True,8.0,8.0,False,0.0,0.0,True,0.8999999999999986,0.8999999999999986,False,57.0,57.0,False,59.0,59.0,False,8.0,8.0,False
taylorwilsdon/open-webui-tools,2025-05,control,53921eb17c310df70a46d641564b60453f053a23,1029.0,0.0,0.0,17.0,0.0,11.9,222.0,128.0,17.0,0,,0,,control,1029.0,0.0,0.0,13.0,0.0,11.9,222.0,108.0,13.0,both,0.0,0.0,True,0.0,0.0,True,0.0,0.0,True,4.0,4.0,False,0.0,0.0,True,0.0,0.0,True,0.0,0.0,True,20.0,20.0,False,4.0,4.0,False
taylorwilsdon/open-webui-tools,2025-06,control,53921eb17c310df70a46d641564b60453f053a23,1029.0,0.0,0.0,17.0,0.0,11.9,222.0,128.0,17.0,,,,,,,,,,,,,,,left_only,,,False,,,False,,,False,,,False,,,False,,,False,,,False,,,False,,,False
taylorwilsdon/open-webui-tools,2025-07,control,53921eb17c310df70a46d641564b60453f053a23,1029.0,0.0,0.0,17.0,0.0,11.9,222.0,128.0,17.0,,,,,,,,,,,,,,,left_only,,,False,,,False,,,False,,,False,,,False,,,False,,,False,,,False,,,False
taylorwilsdon/open-webui-tools,2025-08,control,53921eb17c310df70a46d641564b60453f053a23,1029.0,0.0,0.0,17.0,0.0,11.9,222.0,128.0,17.0,,,,,,,,,,,,,,,left_only,,,False,,,False,,,False,,,False,,,False,,,False,,,False,,,False,,,False
thefatedefeater/V2ray-Config,2024-06,control,849e5260fa8fd115a9c4eb02aaf52b1d5caf9c22,580.0,0.0,0.0,4.0,59.0,3.8,43.0,16.0,4.0,0,,0,,control,580.0,0.0,0.0,2.0,59.0,3.8,43.0,16.0,2.0,both,0.0,0.0,True,0.0,0.0,True,0.0,0.0,True,2.0,2.0,False,0.0,0.0,True,0.0,0.0,True,0.0,0.0,True,0.0,0.0,True,2.0,2.0,False
thefatedefeater/V2ray-Config,2024-07,control,7cd5f783b40053673bfb09d45f023558373395e4,580.0,0.0,0.0,4.0,59.0,3.8,43.0,16.0,4.0,0,,0,,control,580.0,0.0,0.0,2.0,59.0,3.8,43.0,16.0,2.0,both,0.0,0.0,True,0.0,0.0,True,0.0,0.0,True,2.0,2.0,False,0.0,0.0,True,0.0,0.0,True,0.0,0.0,True,0.0,0.0,True,2.0,2.0,False
thefatedefeater/V2ray-Config,2024-08,control,e9dd2c850775f49050f71fad152907956ae98b46,580.0,0.0,0.0,4.0,59.0,3.8,43.0,16.0,4.0,0,,0,,control,580.0,0.0,0.0,2.0,59.0,3.8,43.0,16.0,2.0,both,0.0,0.0,True,0.0,0.0,True,0.0,0.0,True,2.0,2.0,False,0.0,0.0,True,0.0,0.0,True,0.0,0.0,True,0.0,0.0,True,2.0,2.0,False
thefatedefeater/V2ray-Config,2024-09,control,52b97d71955840f071426e07fb1da4f58a875b7b,580.0,0.0,0.0,4.0,59.0,3.8,43.0,16.0,4.0,0,,0,,control,580.0,0.0,0.0,2.0,59.0,3.8,43.0,16.0,2.0,both,0.0,0.0,True,0.0,0.0,True,0.0,0.0,True,2.0,2.0,False,0.0,0.0,True,0.0,0.0,True,0.0,0.0,True,0.0,0.0,True,2.0,2.0,False
thefatedefeater/V2ray-Config,2024-10,control,84a348b938534446f7dc2ad04cb8a5808a39d137,580.0,0.0,0.0,4.0,59.0,3.8,43.0,16.0,4.0,0,,0,,control,580.0,0.0,0.0,2.0,59.0,3.8,43.0,16.0,2.0,both,0.0,0.0,True,0.0,0.0,True,0.0,0.0,True,2.0,2.0,False,0.0,0.0,True,0.0,0.0,True,0.0,0.0,True,0.0,0.0,True,2.0,2.0,False
thefatedefeater/V2ray-Config,2024-11,control,62c1d0c1a3be28d377cf22ccae7c43a03789b5fb,580.0,0.0,0.0,4.0,59.0,3.8,43.0,16.0,4.0,0,,0,,control,580.0,0.0,0.0,2.0,59.0,3.8,43.0,16.0,2.0,both,0.0,0.0,True,0.0,0.0,True,0.0,0.0,True,2.0,2.0,False,0.0,0.0,True,0.0,0.0,True,0.0,0.0,True,0.0,0.0,True,2.0,2.0,False
thefatedefeater/V2ray-Config,2024-12,control,9240083e6eebd43801cab3836c84a236683f3e41,580.0,0.0,0.0,4.0,59.0,3.8,43.0,16.0,4.0,0,,0,,control,580.0,0.0,0.0,2.0,59.0,3.8,43.0,16.0,2.0,both,0.0,0.0,True,0.0,0.0,True,0.0,0.0,True,2.0,2.0,False,0.0,0.0,True,0.0,0.0,True,0.0,0.0,True,0.0,0.0,True,2.0,2.0,False
thefatedefeater/V2ray-Config,2025-01,control,515eecbef7ca8e50b7439d0910bc3a697f0d389c,580.0,0.0,0.0,4.0,59.0,3.8,43.0,16.0,4.0,0,,0,,control,580.0,0.0,0.0,2.0,59.0,3.8,43.0,16.0,2.0,both,0.0,0.0,True,0.0,0.0,True,0.0,0.0,True,2.0,2.0,False,0.0,0.0,True,0.0,0.0,True,0.0,0.0,True,0.0,0.0,True,2.0,2.0,False
thefatedefeater/V2ray-Config,2025-02,control,515eecbef7ca8e50b7439d0910bc3a697f0d389c,580.0,0.0,0.0,4.0,59.0,3.8,43.0,16.0,4.0,,,,,,,,,,,,,,,left_only,,,False,,,False,,,False,,,False,,,False,,,False,,,False,,,False,,,False
thefatedefeater/V2ray-Config,2025-03,control,515eecbef7ca8e50b7439d0910bc3a697f0d389c,580.0,0.0,0.0,4.0,59.0,3.8,43.0,16.0,4.0,,,,,,,,,,,,,,,left_only,,,False,,,False,,,False,,,False,,,False,,,False,,,False,,,False,,,False
thefatedefeater/V2ray-Config,2025-04,control,515eecbef7ca8e50b7439d0910bc3a697f0d389c,580.0,0.0,0.0,4.0,59.0,3.8,43.0,16.0,4.0,,,,,,,,,,,,,,,left_only,,,False,,,False,,,False,,,False,,,False,,,False,,,False,,,False,,,False
thefatedefeater/V2ray-Config,2025-05,control,515eecbef7ca8e50b7439d0910bc3a697f0d389c,580.0,0.0,0.0,4.0,59.0,3.8,43.0,16.0,4.0,,,,,,,,,,,,,,,left_only,,,False,,,False,,,False,,,False,,,False,,,False,,,False,,,False,,,False
thefatedefeater/V2ray-Config,2025-06,control,515eecbef7ca8e50b7439d0910bc3a697f0d389c,580.0,0.0,0.0,4.0,59.0,3.8,43.0,16.0,4.0,,,,,,,,,,,,,,,left_only,,,False,,,False,,,False,,,False,,,False,,,False,,,False,,,False,,,False
thefatedefeater/V2ray-Config,2025-07,control,515eecbef7ca8e50b7439d0910bc3a697f0d389c,580.0,0.0,0.0,4.0,59.0,3.8,43.0,16.0,4.0,,,,,,,,,,,,,,,left_only,,,False,,,False,,,False,,,False,,,False,,,False,,,False,,,False,,,False
thefatedefeater/V2ray-Config,2025-08,control,515eecbef7ca8e50b7439d0910bc3a697f0d389c,580.0,0.0,0.0,4.0,59.0,3.8,43.0,16.0,4.0,,,,,,,,,,,,,,,left_only,,,False,,,False,,,False,,,False,,,False,,,False,,,False,,,False,,,False
thegreenwebfoundation/admin-portal,2024-01,control,3f7024818667473e5325ab23cc5eb36ff2ac5ca6,22947.0,19.0,12.0,276.0,3.2,18.1,1066.0,1286.0,307.0,0,,0,,control,22966.0,32.0,0.0,311.0,3.2,18.1,1066.0,1411.0,343.0,both,-19.0,19.0,False,-13.0,13.0,False,12.0,12.0,False,-35.0,35.0,False,0.0,0.0,True,0.0,0.0,True,0.0,0.0,True,-125.0,125.0,False,-36.0,36.0,False
thegreenwebfoundation/admin-portal,2024-02,control,db0477a64f9482fdb458c20de2489850a302fa22,23059.0,19.0,13.0,286.0,3.2,18.1,1071.0,1316.0,318.0,0,,0,,control,23078.0,32.0,0.0,317.0,3.2,18.1,1071.0,1432.0,349.0,both,-19.0,19.0,False,-13.0,13.0,False,13.0,13.0,False,-31.0,31.0,False,0.0,0.0,True,0.0,0.0,True,0.0,0.0,True,-116.0,116.0,False,-31.0,31.0,False
thegreenwebfoundation/admin-portal,2024-03,control,829150a9e88324b778045a5e7f7dc76ffc4b7105,23419.0,19.0,14.0,284.0,3.4,18.2,1092.0,1296.0,317.0,0,,0,,control,23438.0,32.0,0.0,311.0,3.4,18.2,1092.0,1404.0,343.0,both,-19.0,19.0,False,-13.0,13.0,False,14.0,14.0,False,-27.0,27.0,False,0.0,0.0,True,0.0,0.0,True,0.0,0.0,True,-108.0,108.0,False,-26.0,26.0,False
thegreenwebfoundation/admin-portal,2024-04,control,03f1a8bd936d34695ff659b5f22a1b07bc1363e3,23523.0,19.0,14.0,284.0,3.4,18.3,1097.0,1300.0,317.0,0,,0,,control,23542.0,30.0,0.0,307.0,3.4,18.3,1097.0,1388.0,337.0,both,-19.0,19.0,False,-11.0,11.0,False,14.0,14.0,False,-23.0,23.0,False,0.0,0.0,True,0.0,0.0,True,0.0,0.0,True,-88.0,88.0,False,-20.0,20.0,False
thegreenwebfoundation/admin-portal,2024-05,control,24fc007a31fcf07642121bfd1f19a5cb320f5c6d,24001.0,19.0,15.0,284.0,2.2,18.2,1110.0,1302.0,318.0,0,,0,,control,24008.0,30.0,1.0,311.0,3.3,18.2,1110.0,1413.0,342.0,both,-7.0,7.0,False,-11.0,11.0,False,14.0,14.0,False,-27.0,27.0,False,-1.0999999999999996,1.0999999999999996,False,0.0,0.0,True,0.0,0.0,True,-111.0,111.0,False,-24.0,24.0,False
thegreenwebfoundation/admin-portal,2024-06,control,47e468a4a49661d984580fa1c4d08c826651b96e,24011.0,19.0,15.0,284.0,2.2,18.2,1110.0,1302.0,318.0,0,,0,,control,24020.0,30.0,1.0,311.0,3.3,18.2,1110.0,1413.0,342.0,both,-9.0,9.0,False,-11.0,11.0,False,14.0,14.0,False,-27.0,27.0,False,-1.0999999999999996,1.0999999999999996,False,0.0,0.0,True,0.0,0.0,True,-111.0,111.0,False,-24.0,24.0,False
thegreenwebfoundation/admin-portal,2024-07,control,1cb016e30ae9cd555340fcf651b11eb825fd288a,23967.0,19.0,15.0,284.0,2.2,18.3,1109.0,1302.0,318.0,0,,0,,control,23976.0,30.0,1.0,311.0,3.3,18.2,1109.0,1413.0,342.0,both,-9.0,9.0,False,-11.0,11.0,False,14.0,14.0,False,-27.0,27.0,False,-1.0999999999999996,1.0999999999999996,False,0.10000000000000142,0.10000000000000142,False,0.0,0.0,True,-111.0,111.0,False,-24.0,24.0,False
thegreenwebfoundation/admin-portal,2024-08,control,5a578329f796563dd747a83a2938d4c17d213ea2,23973.0,19.0,15.0,284.0,2.2,18.3,1109.0,1302.0,318.0,0,,0,,control,23979.0,30.0,1.0,311.0,3.3,18.2,1109.0,1413.0,342.0,both,-6.0,6.0,False,-11.0,11.0,False,14.0,14.0,False,-27.0,27.0,False,-1.0999999999999996,1.0999999999999996,False,0.10000000000000142,0.10000000000000142,False,0.0,0.0,True,-111.0,111.0,False,-24.0,24.0,False
thegreenwebfoundation/admin-portal,2024-09,control,88fc821580c365bf1525d6979a0516702e80b0ca,23975.0,19.0,15.0,284.0,2.2,18.3,1109.0,1302.0,318.0,0,,0,,control,23984.0,30.0,1.0,311.0,3.3,18.2,1109.0,1413.0,342.0,both,-9.0,9.0,False,-11.0,11.0,False,14.0,14.0,False,-27.0,27.0,False,-1.0999999999999996,1.0999999999999996,False,0.10000000000000142,0.10000000000000142,False,0.0,0.0,True,-111.0,111.0,False,-24.0,24.0,False
thegreenwebfoundation/admin-portal,2024-10,control,18bb827f43e082a126036dce422f94a517812ade,24033.0,19.0,15.0,284.0,2.2,18.3,1115.0,1302.0,318.0,0,,0,,control,24042.0,30.0,1.0,312.0,3.3,18.3,1115.0,1418.0,343.0,both,-9.0,9.0,False,-11.0,11.0,False,14.0,14.0,False,-28.0,28.0,False,-1.0999999999999996,1.0999999999999996,False,0.0,0.0,True,0.0,0.0,True,-116.0,116.0,False,-25.0,25.0,False
thegreenwebfoundation/admin-portal,2024-11,control,7b214080ee1e605a2a0c7f226db1a5deff4dbdb5,22649.0,19.0,15.0,274.0,2.1,18.3,1055.0,1251.0,308.0,0,,0,,control,22657.0,30.0,1.0,285.0,3.3,18.3,1055.0,1280.0,316.0,both,-8.0,8.0,False,-11.0,11.0,False,14.0,14.0,False,-11.0,11.0,False,-1.1999999999999997,1.1999999999999997,False,0.0,0.0,True,0.0,0.0,True,-29.0,29.0,False,-8.0,8.0,False
thegreenwebfoundation/admin-portal,2024-12,control,19708ee0930db97b48e270a0c3852f6ce994baf1,22659.0,19.0,15.0,274.0,2.1,18.3,1055.0,1251.0,308.0,0,,0,,control,22667.0,30.0,1.0,285.0,3.3,18.3,1055.0,1280.0,316.0,both,-8.0,8.0,False,-11.0,11.0,False,14.0,14.0,False,-11.0,11.0,False,-1.1999999999999997,1.1999999999999997,False,0.0,0.0,True,0.0,0.0,True,-29.0,29.0,False,-8.0,8.0,False
thegreenwebfoundation/admin-portal,2025-01,control,00c3015eb551e13815070f43155bd07e8fdfba38,22659.0,19.0,15.0,274.0,2.1,18.3,1055.0,1251.0,308.0,0,,0,,control,22667.0,30.0,1.0,285.0,3.3,18.3,1055.0,1280.0,316.0,both,-8.0,8.0,False,-11.0,11.0,False,14.0,14.0,False,-11.0,11.0,False,-1.1999999999999997,1.1999999999999997,False,0.0,0.0,True,0.0,0.0,True,-29.0,29.0,False,-8.0,8.0,False
thegreenwebfoundation/admin-portal,2025-02,control,a240fff0a8b566172bf18d0f12042890a001ab58,22659.0,19.0,15.0,274.0,2.1,18.3,1055.0,1251.0,308.0,0,,0,,control,22667.0,30.0,1.0,285.0,3.3,18.3,1055.0,1280.0,316.0,both,-8.0,8.0,False,-11.0,11.0,False,14.0,14.0,False,-11.0,11.0,False,-1.1999999999999997,1.1999999999999997,False,0.0,0.0,True,0.0,0.0,True,-29.0,29.0,False,-8.0,8.0,False
thegreenwebfoundation/admin-portal,2025-03,control,e2c6f08d060a9c1c2ebc7a48f0367e12d18f31bb,23130.0,19.0,18.0,277.0,2.1,18.6,1109.0,1255.0,314.0,0,,0,,control,23154.0,30.0,1.0,292.0,3.2,18.6,1109.0,1304.0,323.0,both,-24.0,24.0,False,-11.0,11.0,False,17.0,17.0,False,-15.0,15.0,False,-1.1,1.1,False,0.0,0.0,True,0.0,0.0,True,-49.0,49.0,False,-9.0,9.0,False
thegreenwebfoundation/admin-portal,2025-04,control,47daa0242c26c2d67f81f4c8046ea53e8fa11432,23218.0,19.0,19.0,276.0,2.1,18.6,1109.0,1250.0,314.0,0,,0,,control,23240.0,30.0,1.0,291.0,3.2,18.6,1109.0,1299.0,322.0,both,-22.0,22.0,False,-11.0,11.0,False,18.0,18.0,False,-15.0,15.0,False,-1.1,1.1,False,0.0,0.0,True,0.0,0.0,True,-49.0,49.0,False,-8.0,8.0,False
thegreenwebfoundation/admin-portal,2025-05,control,df3a26f382f9ce4c86a50c31cc88889f44595c23,23643.0,19.0,19.0,282.0,2.1,18.6,1124.0,1279.0,320.0,0,,0,,control,23667.0,30.0,1.0,298.0,3.3,18.5,1124.0,1321.0,329.0,both,-24.0,24.0,False,-11.0,11.0,False,18.0,18.0,False,-16.0,16.0,False,-1.1999999999999997,1.1999999999999997,False,0.10000000000000142,0.10000000000000142,False,0.0,0.0,True,-42.0,42.0,False,-9.0,9.0,False
thegreenwebfoundation/admin-portal,2025-06,control,5d16690807095abeb8ba80f4476a286e53863eb4,23321.0,19.0,19.0,262.0,2.1,17.6,985.0,1212.0,300.0,0,,0,,control,23345.0,30.0,1.0,284.0,3.2,17.6,985.0,1264.0,315.0,both,-24.0,24.0,False,-11.0,11.0,False,18.0,18.0,False,-22.0,22.0,False,-1.1,1.1,False,0.0,0.0,True,0.0,0.0,True,-52.0,52.0,False,-15.0,15.0,False
thegreenwebfoundation/admin-portal,2025-07,control,8b32e3b61b1026c69a637a78e774309d5dfd5ca2,23488.0,19.0,19.0,251.0,2.0,17.6,1004.0,1158.0,289.0,0,,0,,control,23512.0,30.0,1.0,272.0,3.1,17.6,1004.0,1205.0,303.0,both,-24.0,24.0,False,-11.0,11.0,False,18.0,18.0,False,-21.0,21.0,False,-1.1,1.1,False,0.0,0.0,True,0.0,0.0,True,-47.0,47.0,False,-14.0,14.0,False
thegreenwebfoundation/admin-portal,2025-08,control,9378531058d32483021fb8735ab67343d1c46769,23533.0,19.0,19.0,251.0,2.0,17.6,1009.0,1158.0,289.0,0,,0,,control,23557.0,30.0,1.0,272.0,3.1,17.6,1009.0,1205.0,303.0,both,-24.0,24.0,False,-11.0,11.0,False,18.0,18.0,False,-21.0,21.0,False,-1.1,1.1,False,0.0,0.0,True,0.0,0.0,True,-47.0,47.0,False,-14.0,14.0,False
tusgino/llm-code-reviewer,2024-11,control,9478906fc312df80334a5f609f09a344183725da,585.0,0.0,0.0,3.0,9.8,22.2,91.0,27.0,3.0,0,,0,,control,585.0,0.0,0.0,3.0,9.8,22.2,91.0,27.0,3.0,both,0.0,0.0,True,0.0,0.0,True,0.0,0.0,True,0.0,0.0,True,0.0,0.0,True,0.0,0.0,True,0.0,0.0,True,0.0,0.0,True,0.0,0.0,True
tusgino/llm-code-reviewer,2024-12,control,9478906fc312df80334a5f609f09a344183725da,585.0,0.0,0.0,3.0,9.8,22.2,91.0,27.0,3.0,,,,,,,,,,,,,,,left_only,,,False,,,False,,,False,,,False,,,False,,,False,,,False,,,False,,,False
tusgino/llm-code-reviewer,2025-01,control,9478906fc312df80334a5f609f09a344183725da,585.0,0.0,0.0,3.0,9.8,22.2,91.0,27.0,3.0,,,,,,,,,,,,,,,left_only,,,False,,,False,,,False,,,False,,,False,,,False,,,False,,,False,,,False
tusgino/llm-code-reviewer,2025-02,control,9478906fc312df80334a5f609f09a344183725da,585.0,0.0,0.0,3.0,9.8,22.2,91.0,27.0,3.0,,,,,,,,,,,,,,,left_only,,,False,,,False,,,False,,,False,,,False,,,False,,,False,,,False,,,False
tusgino/llm-code-reviewer,2025-03,control,9478906fc312df80334a5f609f09a344183725da,585.0,0.0,0.0,3.0,9.8,22.2,91.0,27.0,3.0,,,,,,,,,,,,,,,left_only,,,False,,,False,,,False,,,False,,,False,,,False,,,False,,,False,,,False
tusgino/llm-code-reviewer,2025-04,control,9478906fc312df80334a5f609f09a344183725da,585.0,0.0,0.0,3.0,9.8,22.2,91.0,27.0,3.0,,,,,,,,,,,,,,,left_only,,,False,,,False,,,False,,,False,,,False,,,False,,,False,,,False,,,False
tusgino/llm-code-reviewer,2025-05,control,9478906fc312df80334a5f609f09a344183725da,585.0,0.0,0.0,3.0,9.8,22.2,91.0,27.0,3.0,,,,,,,,,,,,,,,left_only,,,False,,,False,,,False,,,False,,,False,,,False,,,False,,,False,,,False
tusgino/llm-code-reviewer,2025-06,control,9478906fc312df80334a5f609f09a344183725da,585.0,0.0,0.0,3.0,9.8,22.2,91.0,27.0,3.0,,,,,,,,,,,,,,,left_only,,,False,,,False,,,False,,,False,,,False,,,False,,,False,,,False,,,False
tusgino/llm-code-reviewer,2025-07,control,9478906fc312df80334a5f609f09a344183725da,585.0,0.0,0.0,3.0,9.8,22.2,91.0,27.0,3.0,,,,,,,,,,,,,,,left_only,,,False,,,False,,,False,,,False,,,False,,,False,,,False,,,False,,,False
tusgino/llm-code-reviewer,2025-08,control,9478906fc312df80334a5f609f09a344183725da,585.0,0.0,0.0,3.0,9.8,22.2,91.0,27.0,3.0,,,,,,,,,,,,,,,left_only,,,False,,,False,,,False,,,False,,,False,,,False,,,False,,,False,,,False
viktoriasemaan/sa-ai-agent,2024-08,control,56f53e459710190f3ccff4add4deabd2f1703904,436.0,0.0,7.0,9.0,0.0,23.5,15.0,48.0,16.0,0,,0,,control,436.0,0.0,0.0,5.0,0.0,23.5,15.0,28.0,5.0,both,0.0,0.0,True,0.0,0.0,True,7.0,7.0,False,4.0,4.0,False,0.0,0.0,True,0.0,0.0,True,0.0,0.0,True,20.0,20.0,False,11.0,11.0,False
viktoriasemaan/sa-ai-agent,2024-09,control,56f53e459710190f3ccff4add4deabd2f1703904,436.0,0.0,7.0,9.0,0.0,23.5,15.0,48.0,16.0,0,,0,,control,436.0,0.0,0.0,5.0,0.0,23.5,15.0,28.0,5.0,both,0.0,0.0,True,0.0,0.0,True,7.0,7.0,False,4.0,4.0,False,0.0,0.0,True,0.0,0.0,True,0.0,0.0,True,20.0,20.0,False,11.0,11.0,False
viktoriasemaan/sa-ai-agent,2024-10,control,0940e9cb6507fec46df6502f341dc81a103a6aa7,402.0,0.0,7.0,5.0,0.0,17.1,8.0,25.0,12.0,0,,0,,control,402.0,0.0,0.0,1.0,0.0,17.1,8.0,5.0,1.0,both,0.0,0.0,True,0.0,0.0,True,7.0,7.0,False,4.0,4.0,False,0.0,0.0,True,0.0,0.0,True,0.0,0.0,True,20.0,20.0,False,11.0,11.0,False
viktoriasemaan/sa-ai-agent,2024-11,control,0940e9cb6507fec46df6502f341dc81a103a6aa7,402.0,0.0,7.0,5.0,0.0,17.1,8.0,25.0,12.0,,,,,,,,,,,,,,,left_only,,,False,,,False,,,False,,,False,,,False,,,False,,,False,,,False,,,False
viktoriasemaan/sa-ai-agent,2024-12,control,0940e9cb6507fec46df6502f341dc81a103a6aa7,402.0,0.0,7.0,5.0,0.0,17.1,8.0,25.0,12.0,,,,,,,,,,,,,,,left_only,,,False,,,False,,,False,,,False,,,False,,,False,,,False,,,False,,,False
viktoriasemaan/sa-ai-agent,2025-01,control,0940e9cb6507fec46df6502f341dc81a103a6aa7,402.0,0.0,7.0,5.0,0.0,17.1,8.0,25.0,12.0,,,,,,,,,,,,,,,left_only,,,False,,,False,,,False,,,False,,,False,,,False,,,False,,,False,,,False
viktoriasemaan/sa-ai-agent,2025-02,control,0940e9cb6507fec46df6502f341dc81a103a6aa7,402.0,0.0,7.0,5.0,0.0,17.1,8.0,25.0,12.0,,,,,,,,,,,,,,,left_only,,,False,,,False,,,False,,,False,,,False,,,False,,,False,,,False,,,False
viktoriasemaan/sa-ai-agent,2025-03,control,0940e9cb6507fec46df6502f341dc81a103a6aa7,402.0,0.0,7.0,5.0,0.0,17.1,8.0,25.0,12.0,,,,,,,,,,,,,,,left_only,,,False,,,False,,,False,,,False,,,False,,,False,,,False,,,False,,,False
viktoriasemaan/sa-ai-agent,2025-04,control,0940e9cb6507fec46df6502f341dc81a103a6aa7,402.0,0.0,7.0,5.0,0.0,17.1,8.0,25.0,12.0,,,,,,,,,,,,,,,left_only,,,False,,,False,,,False,,,False,,,False,,,False,,,False,,,False,,,False
viktoriasemaan/sa-ai-agent,2025-05,control,0940e9cb6507fec46df6502f341dc81a103a6aa7,402.0,0.0,7.0,5.0,0.0,17.1,8.0,25.0,12.0,,,,,,,,,,,,,,,left_only,,,False,,,False,,,False,,,False,,,False,,,False,,,False,,,False,,,False
viktoriasemaan/sa-ai-agent,2025-06,control,0940e9cb6507fec46df6502f341dc81a103a6aa7,402.0,0.0,7.0,5.0,0.0,17.1,8.0,25.0,12.0,,,,,,,,,,,,,,,left_only,,,False,,,False,,,False,,,False,,,False,,,False,,,False,,,False,,,False
viktoriasemaan/sa-ai-agent,2025-07,control,0940e9cb6507fec46df6502f341dc81a103a6aa7,402.0,0.0,7.0,5.0,0.0,17.1,8.0,25.0,12.0,,,,,,,,,,,,,,,left_only,,,False,,,False,,,False,,,False,,,False,,,False,,,False,,,False,,,False
viktoriasemaan/sa-ai-agent,2025-08,control,0940e9cb6507fec46df6502f341dc81a103a6aa7,402.0,0.0,7.0,5.0,0.0,17.1,8.0,25.0,12.0,,,,,,,,,,,,,,,left_only,,,False,,,False,,,False,,,False,,,False,,,False,,,False,,,False,,,False
vonssy/BlockBitsApp-BOT,2024-12,control,d0ef1f6adb1edcfd79b860b935f890eea804ad79,572.0,0.0,0.0,27.0,37.9,0.0,187.0,191.0,27.0,0,,0,,control,572.0,0.0,0.0,26.0,37.9,0.0,187.0,186.0,26.0,both,0.0,0.0,True,0.0,0.0,True,0.0,0.0,True,1.0,1.0,False,0.0,0.0,True,0.0,0.0,True,0.0,0.0,True,5.0,5.0,False,1.0,1.0,False
vonssy/BlockBitsApp-BOT,2025-01,control,d0ef1f6adb1edcfd79b860b935f890eea804ad79,572.0,0.0,0.0,27.0,37.9,0.0,187.0,191.0,27.0,,,,,,,,,,,,,,,left_only,,,False,,,False,,,False,,,False,,,False,,,False,,,False,,,False,,,False
vonssy/BlockBitsApp-BOT,2025-02,control,d0ef1f6adb1edcfd79b860b935f890eea804ad79,572.0,0.0,0.0,27.0,37.9,0.0,187.0,191.0,27.0,,,,,,,,,,,,,,,left_only,,,False,,,False,,,False,,,False,,,False,,,False,,,False,,,False,,,False
vonssy/BlockBitsApp-BOT,2025-03,control,d0ef1f6adb1edcfd79b860b935f890eea804ad79,572.0,0.0,0.0,27.0,37.9,0.0,187.0,191.0,27.0,,,,,,,,,,,,,,,left_only,,,False,,,False,,,False,,,False,,,False,,,False,,,False,,,False,,,False
vonssy/BlockBitsApp-BOT,2025-04,control,d0ef1f6adb1edcfd79b860b935f890eea804ad79,572.0,0.0,0.0,27.0,37.9,0.0,187.0,191.0,27.0,,,,,,,,,,,,,,,left_only,,,False,,,False,,,False,,,False,,,False,,,False,,,False,,,False,,,False
vonssy/BlockBitsApp-BOT,2025-05,control,d0ef1f6adb1edcfd79b860b935f890eea804ad79,572.0,0.0,0.0,27.0,37.9,0.0,187.0,191.0,27.0,,,,,,,,,,,,,,,left_only,,,False,,,False,,,False,,,False,,,False,,,False,,,False,,,False,,,False
vonssy/BlockBitsApp-BOT,2025-06,control,d0ef1f6adb1edcfd79b860b935f890eea804ad79,572.0,0.0,0.0,27.0,37.9,0.0,187.0,191.0,27.0,,,,,,,,,,,,,,,left_only,,,False,,,False,,,False,,,False,,,False,,,False,,,False,,,False,,,False
vonssy/BlockBitsApp-BOT,2025-07,control,d0ef1f6adb1edcfd79b860b935f890eea804ad79,572.0,0.0,0.0,27.0,37.9,0.0,187.0,191.0,27.0,,,,,,,,,,,,,,,left_only,,,False,,,False,,,False,,,False,,,False,,,False,,,False,,,False,,,False
vonssy/BlockBitsApp-BOT,2025-08,control,d0ef1f6adb1edcfd79b860b935f890eea804ad79,572.0,0.0,0.0,27.0,37.9,0.0,187.0,191.0,27.0,,,,,,,,,,,,,,,left_only,,,False,,,False,,,False,,,False,,,False,,,False,,,False,,,False,,,False
vonssy/DreamerQuests-BOT,2025-03,control,9bd9d4bd1ed107e47ebcc67b6487c97904d044cf,323.0,3.0,0.0,8.0,6.7,0.0,80.0,43.0,11.0,0,,0,,control,323.0,0.0,0.0,7.0,6.7,0.0,80.0,38.0,7.0,both,0.0,0.0,True,3.0,3.0,False,0.0,0.0,True,1.0,1.0,False,0.0,0.0,True,0.0,0.0,True,0.0,0.0,True,5.0,5.0,False,4.0,4.0,False
vonssy/DreamerQuests-BOT,2025-04,control,dc77803efd5ddc4db596480c0e6da24107c9f8bb,404.0,3.0,0.0,11.0,5.4,0.0,114.0,71.0,14.0,0,,0,,control,404.0,0.0,0.0,10.0,5.4,0.0,114.0,66.0,10.0,both,0.0,0.0,True,3.0,3.0,False,0.0,0.0,True,1.0,1.0,False,0.0,0.0,True,0.0,0.0,True,0.0,0.0,True,5.0,5.0,False,4.0,4.0,False
vonssy/DreamerQuests-BOT,2025-05,control,dc77803efd5ddc4db596480c0e6da24107c9f8bb,404.0,3.0,0.0,11.0,5.4,0.0,114.0,71.0,14.0,0,,0,,control,404.0,0.0,0.0,10.0,5.4,0.0,114.0,66.0,10.0,both,0.0,0.0,True,3.0,3.0,False,0.0,0.0,True,1.0,1.0,False,0.0,0.0,True,0.0,0.0,True,0.0,0.0,True,5.0,5.0,False,4.0,4.0,False
vonssy/DreamerQuests-BOT,2025-06,control,dc77803efd5ddc4db596480c0e6da24107c9f8bb,404.0,3.0,0.0,11.0,5.4,0.0,114.0,71.0,14.0,0,,0,,control,404.0,0.0,0.0,10.0,5.4,0.0,114.0,66.0,10.0,both,0.0,0.0,True,3.0,3.0,False,0.0,0.0,True,1.0,1.0,False,0.0,0.0,True,0.0,0.0,True,0.0,0.0,True,5.0,5.0,False,4.0,4.0,False
vonssy/DreamerQuests-BOT,2025-07,control,2b4b4321c826efc3c8dc44982fcb439466ff5ebe,458.0,3.0,0.0,14.0,4.7,0.0,143.0,120.0,17.0,0,,0,,control,458.0,0.0,0.0,13.0,4.7,0.0,143.0,115.0,13.0,both,0.0,0.0,True,3.0,3.0,False,0.0,0.0,True,1.0,1.0,False,0.0,0.0,True,0.0,0.0,True,0.0,0.0,True,5.0,5.0,False,4.0,4.0,False
vonssy/DreamerQuests-BOT,2025-08,control,2b4b4321c826efc3c8dc44982fcb439466ff5ebe,458.0,3.0,0.0,14.0,4.7,0.0,143.0,120.0,17.0,,,,,,,,,,,,,,,left_only,,,False,,,False,,,False,,,False,,,False,,,False,,,False,,,False,,,False
vortezwohl/Bhakti,2024-08,control,e8c43947e1d2005b957c9e9e650c4969804cb297,871.0,4.0,0.0,30.0,0.0,6.6,296.0,284.0,34.0,0,,0,,control,871.0,0.0,0.0,19.0,0.0,6.6,296.0,241.0,19.0,both,0.0,0.0,True,4.0,4.0,False,0.0,0.0,True,11.0,11.0,False,0.0,0.0,True,0.0,0.0,True,0.0,0.0,True,43.0,43.0,False,15.0,15.0,False
vortezwohl/Bhakti,2024-09,control,2089486f40881f030a12b01b69732b11d368fb0a,1244.0,0.0,0.0,20.0,2.8,2.5,188.0,250.0,20.0,0,,0,,control,1244.0,0.0,0.0,12.0,2.8,2.5,188.0,210.0,12.0,both,0.0,0.0,True,0.0,0.0,True,0.0,0.0,True,8.0,8.0,False,0.0,0.0,True,0.0,0.0,True,0.0,0.0,True,40.0,40.0,False,8.0,8.0,False
vortezwohl/Bhakti,2024-10,control,3b78a9f29195385d2401b649a4f9412c368171a0,1243.0,0.0,0.0,20.0,2.8,2.5,188.0,250.0,20.0,0,,0,,control,1243.0,0.0,0.0,12.0,2.8,2.5,188.0,210.0,12.0,both,0.0,0.0,True,0.0,0.0,True,0.0,0.0,True,8.0,8.0,False,0.0,0.0,True,0.0,0.0,True,0.0,0.0,True,40.0,40.0,False,8.0,8.0,False
vortezwohl/Bhakti,2024-11,control,3b78a9f29195385d2401b649a4f9412c368171a0,1243.0,0.0,0.0,20.0,2.8,2.5,188.0,250.0,20.0,0,,0,,control,1243.0,0.0,0.0,12.0,2.8,2.5,188.0,210.0,12.0,both,0.0,0.0,True,0.0,0.0,True,0.0,0.0,True,8.0,8.0,False,0.0,0.0,True,0.0,0.0,True,0.0,0.0,True,40.0,40.0,False,8.0,8.0,False
vortezwohl/Bhakti,2024-12,control,3b78a9f29195385d2401b649a4f9412c368171a0,1243.0,0.0,0.0,20.0,2.8,2.5,188.0,250.0,20.0,0,,0,,control,1243.0,0.0,0.0,12.0,2.8,2.5,188.0,210.0,12.0,both,0.0,0.0,True,0.0,0.0,True,0.0,0.0,True,8.0,8.0,False,0.0,0.0,True,0.0,0.0,True,0.0,0.0,True,40.0,40.0,False,8.0,8.0,False
vortezwohl/Bhakti,2025-01,control,3b78a9f29195385d2401b649a4f9412c368171a0,1243.0,0.0,0.0,20.0,2.8,2.5,188.0,250.0,20.0,0,,0,,control,1243.0,0.0,0.0,12.0,2.8,2.5,188.0,210.0,12.0,both,0.0,0.0,True,0.0,0.0,True,0.0,0.0,True,8.0,8.0,False,0.0,0.0,True,0.0,0.0,True,0.0,0.0,True,40.0,40.0,False,8.0,8.0,False
vortezwohl/Bhakti,2025-02,control,3b78a9f29195385d2401b649a4f9412c368171a0,1243.0,0.0,0.0,20.0,2.8,2.5,188.0,250.0,20.0,0,,0,,control,1243.0,0.0,0.0,12.0,2.8,2.5,188.0,210.0,12.0,both,0.0,0.0,True,0.0,0.0,True,0.0,0.0,True,8.0,8.0,False,0.0,0.0,True,0.0,0.0,True,0.0,0.0,True,40.0,40.0,False,8.0,8.0,False
vortezwohl/Bhakti,2025-03,control,3b78a9f29195385d2401b649a4f9412c368171a0,1243.0,0.0,0.0,20.0,2.8,2.5,188.0,250.0,20.0,0,,0,,control,1243.0,0.0,0.0,12.0,2.8,2.5,188.0,210.0,12.0,both,0.0,0.0,True,0.0,0.0,True,0.0,0.0,True,8.0,8.0,False,0.0,0.0,True,0.0,0.0,True,0.0,0.0,True,40.0,40.0,False,8.0,8.0,False
vortezwohl/Bhakti,2025-04,control,3c1e782cb94cc3a3880de6151bcc17dce24521ac,1243.0,0.0,0.0,20.0,2.8,2.5,188.0,250.0,20.0,0,,0,,control,1243.0,0.0,0.0,12.0,2.8,2.5,188.0,210.0,12.0,both,0.0,0.0,True,0.0,0.0,True,0.0,0.0,True,8.0,8.0,False,0.0,0.0,True,0.0,0.0,True,0.0,0.0,True,40.0,40.0,False,8.0,8.0,False
vortezwohl/Bhakti,2025-05,control,3c1e782cb94cc3a3880de6151bcc17dce24521ac,1243.0,0.0,0.0,20.0,2.8,2.5,188.0,250.0,20.0,,,,,,,,,,,,,,,left_only,,,False,,,False,,,False,,,False,,,False,,,False,,,False,,,False,,,False
vortezwohl/Bhakti,2025-06,control,3c1e782cb94cc3a3880de6151bcc17dce24521ac,1243.0,0.0,0.0,20.0,2.8,2.5,188.0,250.0,20.0,,,,,,,,,,,,,,,left_only,,,False,,,False,,,False,,,False,,,False,,,False,,,False,,,False,,,False
vortezwohl/Bhakti,2025-07,control,3c1e782cb94cc3a3880de6151bcc17dce24521ac,1243.0,0.0,0.0,20.0,2.8,2.5,188.0,250.0,20.0,,,,,,,,,,,,,,,left_only,,,False,,,False,,,False,,,False,,,False,,,False,,,False,,,False,,,False
vortezwohl/Bhakti,2025-08,control,3c1e782cb94cc3a3880de6151bcc17dce24521ac,1243.0,0.0,0.0,20.0,2.8,2.5,188.0,250.0,20.0,,,,,,,,,,,,,,,left_only,,,False,,,False,,,False,,,False,,,False,,,False,,,False,,,False,,,False
wasilukm/hoymiles-mqtt,2024-01,control,0c5d55a64abb2d49b8e21b9fe01011e2ba65fe65,601.0,0.0,0.0,0.0,0.0,10.6,61.0,0.0,0.0,0,,0,,control,,,,,,,,,,both,,,False,,,False,,,False,,,False,,,False,,,False,,,False,,,False,,,False
wasilukm/hoymiles-mqtt,2024-02,control,b16e8f0e4abd81127ad13ba1119a9a9b03ecc98b,755.0,0.0,0.0,0.0,0.0,9.6,73.0,0.0,0.0,0,,0,,control,755.0,0.0,0.0,0.0,0.0,9.6,73.0,0.0,0.0,both,0.0,0.0,True,0.0,0.0,True,0.0,0.0,True,0.0,0.0,True,0.0,0.0,True,0.0,0.0,True,0.0,0.0,True,0.0,0.0,True,0.0,0.0,True
wasilukm/hoymiles-mqtt,2024-03,control,b16e8f0e4abd81127ad13ba1119a9a9b03ecc98b,755.0,0.0,0.0,0.0,0.0,9.6,73.0,0.0,0.0,0,,0,,control,755.0,0.0,0.0,0.0,0.0,9.6,73.0,0.0,0.0,both,0.0,0.0,True,0.0,0.0,True,0.0,0.0,True,0.0,0.0,True,0.0,0.0,True,0.0,0.0,True,0.0,0.0,True,0.0,0.0,True,0.0,0.0,True
wasilukm/hoymiles-mqtt,2024-04,control,b16e8f0e4abd81127ad13ba1119a9a9b03ecc98b,755.0,0.0,0.0,0.0,0.0,9.6,73.0,0.0,0.0,0,,0,,control,755.0,0.0,0.0,0.0,0.0,9.6,73.0,0.0,0.0,both,0.0,0.0,True,0.0,0.0,True,0.0,0.0,True,0.0,0.0,True,0.0,0.0,True,0.0,0.0,True,0.0,0.0,True,0.0,0.0,True,0.0,0.0,True
wasilukm/hoymiles-mqtt,2024-05,control,b16e8f0e4abd81127ad13ba1119a9a9b03ecc98b,755.0,0.0,0.0,0.0,0.0,9.6,73.0,0.0,0.0,0,,0,,control,755.0,0.0,0.0,0.0,0.0,9.6,73.0,0.0,0.0,both,0.0,0.0,True,0.0,0.0,True,0.0,0.0,True,0.0,0.0,True,0.0,0.0,True,0.0,0.0,True,0.0,0.0,True,0.0,0.0,True,0.0,0.0,True
wasilukm/hoymiles-mqtt,2024-06,control,b16e8f0e4abd81127ad13ba1119a9a9b03ecc98b,755.0,0.0,0.0,0.0,0.0,9.6,73.0,0.0,0.0,0,,0,,control,755.0,0.0,0.0,0.0,0.0,9.6,73.0,0.0,0.0,both,0.0,0.0,True,0.0,0.0,True,0.0,0.0,True,0.0,0.0,True,0.0,0.0,True,0.0,0.0,True,0.0,0.0,True,0.0,0.0,True,0.0,0.0,True
wasilukm/hoymiles-mqtt,2024-07,control,ad5d526f5d66ae97a9606db19c22804355598496,755.0,0.0,0.0,0.0,0.0,9.6,73.0,0.0,0.0,0,,0,,control,755.0,0.0,0.0,0.0,0.0,9.6,73.0,0.0,0.0,both,0.0,0.0,True,0.0,0.0,True,0.0,0.0,True,0.0,0.0,True,0.0,0.0,True,0.0,0.0,True,0.0,0.0,True,0.0,0.0,True,0.0,0.0,True
wasilukm/hoymiles-mqtt,2024-08,control,91761924b860f33c01793b881061fe99f9cfbadf,848.0,0.0,0.0,1.0,0.0,9.1,86.0,8.0,1.0,0,,0,,control,848.0,0.0,0.0,1.0,0.0,9.1,86.0,8.0,1.0,both,0.0,0.0,True,0.0,0.0,True,0.0,0.0,True,0.0,0.0,True,0.0,0.0,True,0.0,0.0,True,0.0,0.0,True,0.0,0.0,True,0.0,0.0,True
wasilukm/hoymiles-mqtt,2024-09,control,722fe07bf50fbaa3ef3bd871a48049a90aa86359,865.0,0.0,0.0,1.0,0.0,9.0,86.0,8.0,1.0,0,,0,,control,865.0,0.0,0.0,1.0,0.0,9.0,86.0,8.0,1.0,both,0.0,0.0,True,0.0,0.0,True,0.0,0.0,True,0.0,0.0,True,0.0,0.0,True,0.0,0.0,True,0.0,0.0,True,0.0,0.0,True,0.0,0.0,True
wasilukm/hoymiles-mqtt,2024-10,control,722fe07bf50fbaa3ef3bd871a48049a90aa86359,865.0,0.0,0.0,1.0,0.0,9.0,86.0,8.0,1.0,0,,0,,control,865.0,0.0,0.0,1.0,0.0,9.0,86.0,8.0,1.0,both,0.0,0.0,True,0.0,0.0,True,0.0,0.0,True,0.0,0.0,True,0.0,0.0,True,0.0,0.0,True,0.0,0.0,True,0.0,0.0,True,0.0,0.0,True
wasilukm/hoymiles-mqtt,2024-11,control,722fe07bf50fbaa3ef3bd871a48049a90aa86359,865.0,0.0,0.0,1.0,0.0,9.0,86.0,8.0,1.0,0,,0,,control,865.0,0.0,0.0,1.0,0.0,9.0,86.0,8.0,1.0,both,0.0,0.0,True,0.0,0.0,True,0.0,0.0,True,0.0,0.0,True,0.0,0.0,True,0.0,0.0,True,0.0,0.0,True,0.0,0.0,True,0.0,0.0,True
wasilukm/hoymiles-mqtt,2024-12,control,44d5d40ed5085494fc1d9c9a2ad214c4030540aa,841.0,0.0,0.0,1.0,0.0,9.3,87.0,8.0,1.0,0,,0,,control,841.0,0.0,0.0,1.0,0.0,9.3,87.0,8.0,1.0,both,0.0,0.0,True,0.0,0.0,True,0.0,0.0,True,0.0,0.0,True,0.0,0.0,True,0.0,0.0,True,0.0,0.0,True,0.0,0.0,True,0.0,0.0,True
wasilukm/hoymiles-mqtt,2025-01,control,7b50dcc78d42c47779481e57f5107c4bedffdcd3,841.0,0.0,0.0,1.0,0.0,9.3,87.0,8.0,1.0,0,,0,,control,841.0,0.0,0.0,1.0,0.0,9.3,87.0,8.0,1.0,both,0.0,0.0,True,0.0,0.0,True,0.0,0.0,True,0.0,0.0,True,0.0,0.0,True,0.0,0.0,True,0.0,0.0,True,0.0,0.0,True,0.0,0.0,True
wasilukm/hoymiles-mqtt,2025-02,control,7b50dcc78d42c47779481e57f5107c4bedffdcd3,841.0,0.0,0.0,1.0,0.0,9.3,87.0,8.0,1.0,0,,0,,control,841.0,0.0,0.0,1.0,0.0,9.3,87.0,8.0,1.0,both,0.0,0.0,True,0.0,0.0,True,0.0,0.0,True,0.0,0.0,True,0.0,0.0,True,0.0,0.0,True,0.0,0.0,True,0.0,0.0,True,0.0,0.0,True
wasilukm/hoymiles-mqtt,2025-03,control,7b50dcc78d42c47779481e57f5107c4bedffdcd3,841.0,0.0,0.0,1.0,0.0,9.3,87.0,8.0,1.0,0,,0,,control,841.0,0.0,0.0,1.0,0.0,9.3,87.0,8.0,1.0,both,0.0,0.0,True,0.0,0.0,True,0.0,0.0,True,0.0,0.0,True,0.0,0.0,True,0.0,0.0,True,0.0,0.0,True,0.0,0.0,True,0.0,0.0,True
wasilukm/hoymiles-mqtt,2025-04,control,7b50dcc78d42c47779481e57f5107c4bedffdcd3,841.0,0.0,0.0,1.0,0.0,9.3,87.0,8.0,1.0,0,,0,,control,841.0,0.0,0.0,1.0,0.0,9.3,87.0,8.0,1.0,both,0.0,0.0,True,0.0,0.0,True,0.0,0.0,True,0.0,0.0,True,0.0,0.0,True,0.0,0.0,True,0.0,0.0,True,0.0,0.0,True,0.0,0.0,True
wasilukm/hoymiles-mqtt,2025-05,control,7b50dcc78d42c47779481e57f5107c4bedffdcd3,841.0,0.0,0.0,1.0,0.0,9.3,87.0,8.0,1.0,0,,0,,control,841.0,0.0,0.0,1.0,0.0,9.3,87.0,8.0,1.0,both,0.0,0.0,True,0.0,0.0,True,0.0,0.0,True,0.0,0.0,True,0.0,0.0,True,0.0,0.0,True,0.0,0.0,True,0.0,0.0,True,0.0,0.0,True
wasilukm/hoymiles-mqtt,2025-06,control,7b50dcc78d42c47779481e57f5107c4bedffdcd3,841.0,0.0,0.0,1.0,0.0,9.3,87.0,8.0,1.0,0,,0,,control,841.0,0.0,0.0,1.0,0.0,9.3,87.0,8.0,1.0,both,0.0,0.0,True,0.0,0.0,True,0.0,0.0,True,0.0,0.0,True,0.0,0.0,True,0.0,0.0,True,0.0,0.0,True,0.0,0.0,True,0.0,0.0,True
wasilukm/hoymiles-mqtt,2025-07,control,7b50dcc78d42c47779481e57f5107c4bedffdcd3,841.0,0.0,0.0,1.0,0.0,9.3,87.0,8.0,1.0,0,,0,,control,841.0,0.0,0.0,1.0,0.0,9.3,87.0,8.0,1.0,both,0.0,0.0,True,0.0,0.0,True,0.0,0.0,True,0.0,0.0,True,0.0,0.0,True,0.0,0.0,True,0.0,0.0,True,0.0,0.0,True,0.0,0.0,True
wasilukm/hoymiles-mqtt,2025-08,control,7b50dcc78d42c47779481e57f5107c4bedffdcd3,841.0,0.0,0.0,1.0,0.0,9.3,87.0,8.0,1.0,0,,0,,control,841.0,0.0,0.0,1.0,0.0,9.3,87.0,8.0,1.0,both,0.0,0.0,True,0.0,0.0,True,0.0,0.0,True,0.0,0.0,True,0.0,0.0,True,0.0,0.0,True,0.0,0.0,True,0.0,0.0,True,0.0,0.0,True
weaviate/t2v-transformers-models,2024-01,control,55f01cdbeb2f958a7419b3504c08501056daffea,529.0,0.0,0.0,13.0,0.0,5.4,96.0,72.0,13.0,0,,0,,control,529.0,0.0,0.0,21.0,0.0,5.4,96.0,166.0,21.0,both,0.0,0.0,True,0.0,0.0,True,0.0,0.0,True,-8.0,8.0,False,0.0,0.0,True,0.0,0.0,True,0.0,0.0,True,-94.0,94.0,False,-8.0,8.0,False
weaviate/t2v-transformers-models,2024-02,control,55f01cdbeb2f958a7419b3504c08501056daffea,529.0,0.0,0.0,13.0,0.0,5.4,96.0,72.0,13.0,0,,0,,control,529.0,0.0,0.0,21.0,0.0,5.4,96.0,166.0,21.0,both,0.0,0.0,True,0.0,0.0,True,0.0,0.0,True,-8.0,8.0,False,0.0,0.0,True,0.0,0.0,True,0.0,0.0,True,-94.0,94.0,False,-8.0,8.0,False
weaviate/t2v-transformers-models,2024-03,control,589e07e12e4ac71e2db773f6ebad61d534138c60,529.0,0.0,0.0,13.0,0.0,5.4,96.0,72.0,13.0,0,,0,,control,529.0,0.0,0.0,21.0,0.0,5.4,96.0,166.0,21.0,both,0.0,0.0,True,0.0,0.0,True,0.0,0.0,True,-8.0,8.0,False,0.0,0.0,True,0.0,0.0,True,0.0,0.0,True,-94.0,94.0,False,-8.0,8.0,False
weaviate/t2v-transformers-models,2024-04,control,1453612292d377ba00ed894355d0bd96992a89c5,534.0,0.0,0.0,13.0,0.0,5.3,98.0,72.0,13.0,0,,0,,control,534.0,0.0,0.0,21.0,0.0,5.3,98.0,166.0,21.0,both,0.0,0.0,True,0.0,0.0,True,0.0,0.0,True,-8.0,8.0,False,0.0,0.0,True,0.0,0.0,True,0.0,0.0,True,-94.0,94.0,False,-8.0,8.0,False
weaviate/t2v-transformers-models,2024-05,control,1453612292d377ba00ed894355d0bd96992a89c5,534.0,0.0,0.0,13.0,0.0,5.3,98.0,72.0,13.0,0,,0,,control,534.0,0.0,0.0,21.0,0.0,5.3,98.0,166.0,21.0,both,0.0,0.0,True,0.0,0.0,True,0.0,0.0,True,-8.0,8.0,False,0.0,0.0,True,0.0,0.0,True,0.0,0.0,True,-94.0,94.0,False,-8.0,8.0,False
weaviate/t2v-transformers-models,2024-06,control,9b84e5533e12b98ddec0389e70f891c5509e29bd,540.0,0.0,0.0,13.0,0.0,5.3,98.0,72.0,13.0,0,,0,,control,540.0,0.0,0.0,21.0,0.0,5.3,98.0,166.0,21.0,both,0.0,0.0,True,0.0,0.0,True,0.0,0.0,True,-8.0,8.0,False,0.0,0.0,True,0.0,0.0,True,0.0,0.0,True,-94.0,94.0,False,-8.0,8.0,False
weaviate/t2v-transformers-models,2024-07,control,9b84e5533e12b98ddec0389e70f891c5509e29bd,540.0,0.0,0.0,13.0,0.0,5.3,98.0,72.0,13.0,0,,0,,control,540.0,0.0,0.0,21.0,0.0,5.3,98.0,166.0,21.0,both,0.0,0.0,True,0.0,0.0,True,0.0,0.0,True,-8.0,8.0,False,0.0,0.0,True,0.0,0.0,True,0.0,0.0,True,-94.0,94.0,False,-8.0,8.0,False
weaviate/t2v-transformers-models,2024-08,control,b59221a2596459520013bcec227578c1ea062108,548.0,0.0,0.0,13.0,0.0,5.2,98.0,72.0,13.0,0,,0,,control,548.0,0.0,0.0,21.0,0.0,5.2,98.0,166.0,21.0,both,0.0,0.0,True,0.0,0.0,True,0.0,0.0,True,-8.0,8.0,False,0.0,0.0,True,0.0,0.0,True,0.0,0.0,True,-94.0,94.0,False,-8.0,8.0,False
weaviate/t2v-transformers-models,2024-09,control,b59221a2596459520013bcec227578c1ea062108,548.0,0.0,0.0,13.0,0.0,5.2,98.0,72.0,13.0,0,,0,,control,548.0,0.0,0.0,21.0,0.0,5.2,98.0,166.0,21.0,both,0.0,0.0,True,0.0,0.0,True,0.0,0.0,True,-8.0,8.0,False,0.0,0.0,True,0.0,0.0,True,0.0,0.0,True,-94.0,94.0,False,-8.0,8.0,False
weaviate/t2v-transformers-models,2024-10,control,51e5ad00de5d80c1417ee5b4e3675a0314b06d36,697.0,0.0,0.0,13.0,0.0,4.1,98.0,72.0,13.0,0,,0,,control,697.0,0.0,0.0,21.0,0.0,4.1,98.0,166.0,21.0,both,0.0,0.0,True,0.0,0.0,True,0.0,0.0,True,-8.0,8.0,False,0.0,0.0,True,0.0,0.0,True,0.0,0.0,True,-94.0,94.0,False,-8.0,8.0,False
weaviate/t2v-transformers-models,2024-11,control,11198ede5aca3e4ff7312764907228ee7efb2c7f,862.0,1.0,0.0,20.0,5.6,3.7,124.0,105.0,21.0,0,,0,,control,862.0,0.0,0.0,30.0,5.6,3.7,124.0,238.0,30.0,both,0.0,0.0,True,1.0,1.0,False,0.0,0.0,True,-10.0,10.0,False,0.0,0.0,True,0.0,0.0,True,0.0,0.0,True,-133.0,133.0,False,-9.0,9.0,False
weaviate/t2v-transformers-models,2024-12,control,677a30b6bbb325adce8be1ab7babf745df20fc9d,865.0,1.0,0.0,20.0,5.5,3.7,124.0,105.0,21.0,0,,0,,control,865.0,0.0,0.0,30.0,5.5,3.7,124.0,238.0,30.0,both,0.0,0.0,True,1.0,1.0,False,0.0,0.0,True,-10.0,10.0,False,0.0,0.0,True,0.0,0.0,True,0.0,0.0,True,-133.0,133.0,False,-9.0,9.0,False
weaviate/t2v-transformers-models,2025-01,control,61c456015d85b54246274705a87a33cda1abbd57,1093.0,1.0,0.0,20.0,4.3,3.4,166.0,103.0,21.0,0,,0,,control,1093.0,0.0,0.0,34.0,4.3,3.4,166.0,284.0,34.0,both,0.0,0.0,True,1.0,1.0,False,0.0,0.0,True,-14.0,14.0,False,0.0,0.0,True,0.0,0.0,True,0.0,0.0,True,-181.0,181.0,False,-13.0,13.0,False
weaviate/t2v-transformers-models,2025-02,control,23239a4d3cc133f8c43e35cc390e74991ff13b1f,1137.0,1.0,0.0,21.0,4.2,3.4,180.0,111.0,22.0,0,,0,,control,1137.0,0.0,0.0,35.0,4.2,3.4,180.0,294.0,35.0,both,0.0,0.0,True,1.0,1.0,False,0.0,0.0,True,-14.0,14.0,False,0.0,0.0,True,0.0,0.0,True,0.0,0.0,True,-183.0,183.0,False,-13.0,13.0,False
weaviate/t2v-transformers-models,2025-03,control,929a804e0eff3db35e1e761b172649eef8171ab5,1145.0,1.0,0.0,21.0,3.0,3.3,181.0,111.0,22.0,0,,0,,control,1145.0,0.0,0.0,35.0,3.0,3.3,181.0,294.0,35.0,both,0.0,0.0,True,1.0,1.0,False,0.0,0.0,True,-14.0,14.0,False,0.0,0.0,True,0.0,0.0,True,0.0,0.0,True,-183.0,183.0,False,-13.0,13.0,False
weaviate/t2v-transformers-models,2025-04,control,929a804e0eff3db35e1e761b172649eef8171ab5,1145.0,1.0,0.0,21.0,3.0,3.3,181.0,111.0,22.0,0,,0,,control,1145.0,0.0,0.0,35.0,3.0,3.3,181.0,294.0,35.0,both,0.0,0.0,True,1.0,1.0,False,0.0,0.0,True,-14.0,14.0,False,0.0,0.0,True,0.0,0.0,True,0.0,0.0,True,-183.0,183.0,False,-13.0,13.0,False
weaviate/t2v-transformers-models,2025-05,control,929a804e0eff3db35e1e761b172649eef8171ab5,1145.0,1.0,0.0,21.0,3.0,3.3,181.0,111.0,22.0,0,,0,,control,1145.0,0.0,0.0,35.0,3.0,3.3,181.0,294.0,35.0,both,0.0,0.0,True,1.0,1.0,False,0.0,0.0,True,-14.0,14.0,False,0.0,0.0,True,0.0,0.0,True,0.0,0.0,True,-183.0,183.0,False,-13.0,13.0,False
weaviate/t2v-transformers-models,2025-06,control,929a804e0eff3db35e1e761b172649eef8171ab5,1145.0,1.0,0.0,21.0,3.0,3.3,181.0,111.0,22.0,0,,0,,control,1145.0,0.0,0.0,35.0,3.0,3.3,181.0,294.0,35.0,both,0.0,0.0,True,1.0,1.0,False,0.0,0.0,True,-14.0,14.0,False,0.0,0.0,True,0.0,0.0,True,0.0,0.0,True,-183.0,183.0,False,-13.0,13.0,False
weaviate/t2v-transformers-models,2025-07,control,3c21aecb7c6b3bdf553a45cccbfb13c4ff4fc79b,1237.0,1.0,0.0,22.0,2.8,3.1,192.0,135.0,23.0,0,,0,,control,1237.0,0.0,0.0,39.0,2.8,3.1,192.0,338.0,39.0,both,0.0,0.0,True,1.0,1.0,False,0.0,0.0,True,-17.0,17.0,False,0.0,0.0,True,0.0,0.0,True,0.0,0.0,True,-203.0,203.0,False,-16.0,16.0,False
weaviate/t2v-transformers-models,2025-08,control,35e8f5c8e0fb35b53f80b8d34bd3e01c3318d0a6,1271.0,1.0,0.0,22.0,0.0,3.0,199.0,135.0,23.0,0,,0,,control,1271.0,0.0,0.0,39.0,0.0,3.0,199.0,346.0,39.0,both,0.0,0.0,True,1.0,1.0,False,0.0,0.0,True,-17.0,17.0,False,0.0,0.0,True,0.0,0.0,True,0.0,0.0,True,-211.0,211.0,False,-16.0,16.0,False
weizequan/TASHR,2024-01,control,7484e548f438f0ccf29562f7fafb08ed4bea7b42,4116.0,12.0,0.0,229.0,9.7,19.5,677.0,1162.0,241.0,0,,0,,control,,,,,,,,,,both,,,False,,,False,,,False,,,False,,,False,,,False,,,False,,,False,,,False
weizequan/TASHR,2024-02,control,7484e548f438f0ccf29562f7fafb08ed4bea7b42,4116.0,12.0,0.0,229.0,9.7,19.5,677.0,1162.0,241.0,0,,0,,control,,,,,,,,,,both,,,False,,,False,,,False,,,False,,,False,,,False,,,False,,,False,,,False
weizequan/TASHR,2024-03,control,1a07e41961e032d4f663af63e0199f177a2561bf,4116.0,12.0,0.0,229.0,9.7,19.5,677.0,1162.0,241.0,0,,0,,control,4116.0,12.0,0.0,237.0,9.7,19.5,677.0,1205.0,249.0,both,0.0,0.0,True,0.0,0.0,True,0.0,0.0,True,-8.0,8.0,False,0.0,0.0,True,0.0,0.0,True,0.0,0.0,True,-43.0,43.0,False,-8.0,8.0,False
weizequan/TASHR,2024-04,control,1a07e41961e032d4f663af63e0199f177a2561bf,4116.0,12.0,0.0,229.0,9.7,19.5,677.0,1162.0,241.0,,,,,,,,,,,,,,,left_only,,,False,,,False,,,False,,,False,,,False,,,False,,,False,,,False,,,False
weizequan/TASHR,2024-05,control,1a07e41961e032d4f663af63e0199f177a2561bf,4116.0,12.0,0.0,229.0,9.7,19.5,677.0,1162.0,241.0,,,,,,,,,,,,,,,left_only,,,False,,,False,,,False,,,False,,,False,,,False,,,False,,,False,,,False
weizequan/TASHR,2024-06,control,1a07e41961e032d4f663af63e0199f177a2561bf,4116.0,12.0,0.0,229.0,9.7,19.5,677.0,1162.0,241.0,,,,,,,,,,,,,,,left_only,,,False,,,False,,,False,,,False,,,False,,,False,,,False,,,False,,,False
weizequan/TASHR,2024-07,control,1a07e41961e032d4f663af63e0199f177a2561bf,4116.0,12.0,0.0,229.0,9.7,19.5,677.0,1162.0,241.0,,,,,,,,,,,,,,,left_only,,,False,,,False,,,False,,,False,,,False,,,False,,,False,,,False,,,False
weizequan/TASHR,2024-08,control,1a07e41961e032d4f663af63e0199f177a2561bf,4116.0,12.0,0.0,229.0,9.7,19.5,677.0,1162.0,241.0,,,,,,,,,,,,,,,left_only,,,False,,,False,,,False,,,False,,,False,,,False,,,False,,,False,,,False
weizequan/TASHR,2024-09,control,1a07e41961e032d4f663af63e0199f177a2561bf,4116.0,12.0,0.0,229.0,9.7,19.5,677.0,1162.0,241.0,,,,,,,,,,,,,,,left_only,,,False,,,False,,,False,,,False,,,False,,,False,,,False,,,False,,,False
weizequan/TASHR,2024-10,control,1a07e41961e032d4f663af63e0199f177a2561bf,4116.0,12.0,0.0,229.0,9.7,19.5,677.0,1162.0,241.0,,,,,,,,,,,,,,,left_only,,,False,,,False,,,False,,,False,,,False,,,False,,,False,,,False,,,False
weizequan/TASHR,2024-11,control,1a07e41961e032d4f663af63e0199f177a2561bf,4116.0,12.0,0.0,229.0,9.7,19.5,677.0,1162.0,241.0,,,,,,,,,,,,,,,left_only,,,False,,,False,,,False,,,False,,,False,,,False,,,False,,,False,,,False
weizequan/TASHR,2024-12,control,1a07e41961e032d4f663af63e0199f177a2561bf,4116.0,12.0,0.0,229.0,9.7,19.5,677.0,1162.0,241.0,,,,,,,,,,,,,,,left_only,,,False,,,False,,,False,,,False,,,False,,,False,,,False,,,False,,,False
weizequan/TASHR,2025-01,control,1a07e41961e032d4f663af63e0199f177a2561bf,4116.0,12.0,0.0,229.0,9.7,19.5,677.0,1162.0,241.0,,,,,,,,,,,,,,,left_only,,,False,,,False,,,False,,,False,,,False,,,False,,,False,,,False,,,False
weizequan/TASHR,2025-02,control,1a07e41961e032d4f663af63e0199f177a2561bf,4116.0,12.0,0.0,229.0,9.7,19.5,677.0,1162.0,241.0,,,,,,,,,,,,,,,left_only,,,False,,,False,,,False,,,False,,,False,,,False,,,False,,,False,,,False
weizequan/TASHR,2025-03,control,1a07e41961e032d4f663af63e0199f177a2561bf,4116.0,12.0,0.0,229.0,9.7,19.5,677.0,1162.0,241.0,,,,,,,,,,,,,,,left_only,,,False,,,False,,,False,,,False,,,False,,,False,,,False,,,False,,,False
weizequan/TASHR,2025-04,control,1a07e41961e032d4f663af63e0199f177a2561bf,4116.0,12.0,0.0,229.0,9.7,19.5,677.0,1162.0,241.0,,,,,,,,,,,,,,,left_only,,,False,,,False,,,False,,,False,,,False,,,False,,,False,,,False,,,False
weizequan/TASHR,2025-05,control,1a07e41961e032d4f663af63e0199f177a2561bf,4116.0,12.0,0.0,229.0,9.7,19.5,677.0,1162.0,241.0,,,,,,,,,,,,,,,left_only,,,False,,,False,,,False,,,False,,,False,,,False,,,False,,,False,,,False
weizequan/TASHR,2025-06,control,1a07e41961e032d4f663af63e0199f177a2561bf,4116.0,12.0,0.0,229.0,9.7,19.5,677.0,1162.0,241.0,,,,,,,,,,,,,,,left_only,,,False,,,False,,,False,,,False,,,False,,,False,,,False,,,False,,,False
weizequan/TASHR,2025-07,control,1a07e41961e032d4f663af63e0199f177a2561bf,4116.0,12.0,0.0,229.0,9.7,19.5,677.0,1162.0,241.0,,,,,,,,,,,,,,,left_only,,,False,,,False,,,False,,,False,,,False,,,False,,,False,,,False,,,False
weizequan/TASHR,2025-08,control,1a07e41961e032d4f663af63e0199f177a2561bf,4116.0,12.0,0.0,229.0,9.7,19.5,677.0,1162.0,241.0,,,,,,,,,,,,,,,left_only,,,False,,,False,,,False,,,False,,,False,,,False,,,False,,,False,,,False
xinsir6/ControlNetPlus,2024-07,control,d8d6db7b72da5a4fe6c8af5da0a998704b5e8cef,5178.0,2.0,0.0,229.0,35.0,22.6,1224.0,1733.0,231.0,0,,0,,control,5178.0,2.0,0.0,189.0,35.0,22.6,1224.0,1533.0,191.0,both,0.0,0.0,True,0.0,0.0,True,0.0,0.0,True,40.0,40.0,False,0.0,0.0,True,0.0,0.0,True,0.0,0.0,True,200.0,200.0,False,40.0,40.0,False
xinsir6/ControlNetPlus,2024-08,control,597f7e8aa8917826f260566a4492d634b7a71ca5,5178.0,2.0,0.0,229.0,35.0,22.6,1224.0,1733.0,231.0,0,,0,,control,5178.0,2.0,0.0,189.0,35.0,22.6,1224.0,1533.0,191.0,both,0.0,0.0,True,0.0,0.0,True,0.0,0.0,True,40.0,40.0,False,0.0,0.0,True,0.0,0.0,True,0.0,0.0,True,200.0,200.0,False,40.0,40.0,False
xinsir6/ControlNetPlus,2024-09,control,b48420576eac63c04388cb65fb74513cbd17405a,5269.0,2.0,0.0,231.0,35.9,22.4,1258.0,1774.0,233.0,0,,0,,control,5269.0,2.0,0.0,191.0,35.9,22.4,1258.0,1574.0,193.0,both,0.0,0.0,True,0.0,0.0,True,0.0,0.0,True,40.0,40.0,False,0.0,0.0,True,0.0,0.0,True,0.0,0.0,True,200.0,200.0,False,40.0,40.0,False
xinsir6/ControlNetPlus,2024-10,control,b48420576eac63c04388cb65fb74513cbd17405a,5269.0,2.0,0.0,231.0,35.9,22.4,1258.0,1774.0,233.0,,,,,,,,,,,,,,,left_only,,,False,,,False,,,False,,,False,,,False,,,False,,,False,,,False,,,False
xinsir6/ControlNetPlus,2024-11,control,b48420576eac63c04388cb65fb74513cbd17405a,5269.0,2.0,0.0,231.0,35.9,22.4,1258.0,1774.0,233.0,,,,,,,,,,,,,,,left_only,,,False,,,False,,,False,,,False,,,False,,,False,,,False,,,False,,,False
xinsir6/ControlNetPlus,2024-12,control,b48420576eac63c04388cb65fb74513cbd17405a,5269.0,2.0,0.0,231.0,35.9,22.4,1258.0,1774.0,233.0,,,,,,,,,,,,,,,left_only,,,False,,,False,,,False,,,False,,,False,,,False,,,False,,,False,,,False
xinsir6/ControlNetPlus,2025-01,control,b48420576eac63c04388cb65fb74513cbd17405a,5269.0,2.0,0.0,231.0,35.9,22.4,1258.0,1774.0,233.0,,,,,,,,,,,,,,,left_only,,,False,,,False,,,False,,,False,,,False,,,False,,,False,,,False,,,False
xinsir6/ControlNetPlus,2025-02,control,b48420576eac63c04388cb65fb74513cbd17405a,5269.0,2.0,0.0,231.0,35.9,22.4,1258.0,1774.0,233.0,,,,,,,,,,,,,,,left_only,,,False,,,False,,,False,,,False,,,False,,,False,,,False,,,False,,,False
xinsir6/ControlNetPlus,2025-03,control,b48420576eac63c04388cb65fb74513cbd17405a,5269.0,2.0,0.0,231.0,35.9,22.4,1258.0,1774.0,233.0,,,,,,,,,,,,,,,left_only,,,False,,,False,,,False,,,False,,,False,,,False,,,False,,,False,,,False
xinsir6/ControlNetPlus,2025-04,control,b48420576eac63c04388cb65fb74513cbd17405a,5269.0,2.0,0.0,231.0,35.9,22.4,1258.0,1774.0,233.0,,,,,,,,,,,,,,,left_only,,,False,,,False,,,False,,,False,,,False,,,False,,,False,,,False,,,False
xinsir6/ControlNetPlus,2025-05,control,b48420576eac63c04388cb65fb74513cbd17405a,5269.0,2.0,0.0,231.0,35.9,22.4,1258.0,1774.0,233.0,,,,,,,,,,,,,,,left_only,,,False,,,False,,,False,,,False,,,False,,,False,,,False,,,False,,,False
xinsir6/ControlNetPlus,2025-06,control,b48420576eac63c04388cb65fb74513cbd17405a,5269.0,2.0,0.0,231.0,35.9,22.4,1258.0,1774.0,233.0,,,,,,,,,,,,,,,left_only,,,False,,,False,,,False,,,False,,,False,,,False,,,False,,,False,,,False
xinsir6/ControlNetPlus,2025-07,control,b48420576eac63c04388cb65fb74513cbd17405a,5269.0,2.0,0.0,231.0,35.9,22.4,1258.0,1774.0,233.0,,,,,,,,,,,,,,,left_only,,,False,,,False,,,False,,,False,,,False,,,False,,,False,,,False,,,False
xinsir6/ControlNetPlus,2025-08,control,b48420576eac63c04388cb65fb74513cbd17405a,5269.0,2.0,0.0,231.0,35.9,22.4,1258.0,1774.0,233.0,,,,,,,,,,,,,,,left_only,,,False,,,False,,,False,,,False,,,False,,,False,,,False,,,False,,,False
xnl-h4ck3r/getSubsidiaries,2024-12,control,88fce1c0e0554406c26c39b3ee7858bd108ff714,65.0,0.0,0.0,1.0,0.0,9.7,30.0,19.0,1.0,0,,0,,control,65.0,0.0,0.0,1.0,0.0,9.7,30.0,19.0,1.0,both,0.0,0.0,True,0.0,0.0,True,0.0,0.0,True,0.0,0.0,True,0.0,0.0,True,0.0,0.0,True,0.0,0.0,True,0.0,0.0,True,0.0,0.0,True
xnl-h4ck3r/getSubsidiaries,2025-01,control,88fce1c0e0554406c26c39b3ee7858bd108ff714,65.0,0.0,0.0,1.0,0.0,9.7,30.0,19.0,1.0,,,,,,,,,,,,,,,left_only,,,False,,,False,,,False,,,False,,,False,,,False,,,False,,,False,,,False
xnl-h4ck3r/getSubsidiaries,2025-02,control,88fce1c0e0554406c26c39b3ee7858bd108ff714,65.0,0.0,0.0,1.0,0.0,9.7,30.0,19.0,1.0,,,,,,,,,,,,,,,left_only,,,False,,,False,,,False,,,False,,,False,,,False,,,False,,,False,,,False
xnl-h4ck3r/getSubsidiaries,2025-03,control,88fce1c0e0554406c26c39b3ee7858bd108ff714,65.0,0.0,0.0,1.0,0.0,9.7,30.0,19.0,1.0,,,,,,,,,,,,,,,left_only,,,False,,,False,,,False,,,False,,,False,,,False,,,False,,,False,,,False
xnl-h4ck3r/getSubsidiaries,2025-04,control,88fce1c0e0554406c26c39b3ee7858bd108ff714,65.0,0.0,0.0,1.0,0.0,9.7,30.0,19.0,1.0,,,,,,,,,,,,,,,left_only,,,False,,,False,,,False,,,False,,,False,,,False,,,False,,,False,,,False
xnl-h4ck3r/getSubsidiaries,2025-05,control,88fce1c0e0554406c26c39b3ee7858bd108ff714,65.0,0.0,0.0,1.0,0.0,9.7,30.0,19.0,1.0,,,,,,,,,,,,,,,left_only,,,False,,,False,,,False,,,False,,,False,,,False,,,False,,,False,,,False
xnl-h4ck3r/getSubsidiaries,2025-06,control,88fce1c0e0554406c26c39b3ee7858bd108ff714,65.0,0.0,0.0,1.0,0.0,9.7,30.0,19.0,1.0,,,,,,,,,,,,,,,left_only,,,False,,,False,,,False,,,False,,,False,,,False,,,False,,,False,,,False
xnl-h4ck3r/getSubsidiaries,2025-07,control,88fce1c0e0554406c26c39b3ee7858bd108ff714,65.0,0.0,0.0,1.0,0.0,9.7,30.0,19.0,1.0,,,,,,,,,,,,,,,left_only,,,False,,,False,,,False,,,False,,,False,,,False,,,False,,,False,,,False
xnl-h4ck3r/getSubsidiaries,2025-08,control,88fce1c0e0554406c26c39b3ee7858bd108ff714,65.0,0.0,0.0,1.0,0.0,9.7,30.0,19.0,1.0,,,,,,,,,,,,,,,left_only,,,False,,,False,,,False,,,False,,,False,,,False,,,False,,,False,,,False
yihozhang/most-influential-pl-papers,2025-01,control,cd397fb86c16b68e2dfafc7f74667b492be74a1d,75.0,0.0,0.0,5.0,0.0,6.3,16.0,25.0,5.0,0,,0,,control,75.0,0.0,0.0,1.0,0.0,6.3,16.0,5.0,1.0,both,0.0,0.0,True,0.0,0.0,True,0.0,0.0,True,4.0,4.0,False,0.0,0.0,True,0.0,0.0,True,0.0,0.0,True,20.0,20.0,False,4.0,4.0,False
yihozhang/most-influential-pl-papers,2025-02,control,cd397fb86c16b68e2dfafc7f74667b492be74a1d,75.0,0.0,0.0,5.0,0.0,6.3,16.0,25.0,5.0,,,,,,,,,,,,,,,left_only,,,False,,,False,,,False,,,False,,,False,,,False,,,False,,,False,,,False
yihozhang/most-influential-pl-papers,2025-03,control,cd397fb86c16b68e2dfafc7f74667b492be74a1d,75.0,0.0,0.0,5.0,0.0,6.3,16.0,25.0,5.0,,,,,,,,,,,,,,,left_only,,,False,,,False,,,False,,,False,,,False,,,False,,,False,,,False,,,False
yihozhang/most-influential-pl-papers,2025-04,control,cd397fb86c16b68e2dfafc7f74667b492be74a1d,75.0,0.0,0.0,5.0,0.0,6.3,16.0,25.0,5.0,,,,,,,,,,,,,,,left_only,,,False,,,False,,,False,,,False,,,False,,,False,,,False,,,False,,,False
yihozhang/most-influential-pl-papers,2025-05,control,cd397fb86c16b68e2dfafc7f74667b492be74a1d,75.0,0.0,0.0,5.0,0.0,6.3,16.0,25.0,5.0,,,,,,,,,,,,,,,left_only,,,False,,,False,,,False,,,False,,,False,,,False,,,False,,,False,,,False
yihozhang/most-influential-pl-papers,2025-06,control,cd397fb86c16b68e2dfafc7f74667b492be74a1d,75.0,0.0,0.0,5.0,0.0,6.3,16.0,25.0,5.0,,,,,,,,,,,,,,,left_only,,,False,,,False,,,False,,,False,,,False,,,False,,,False,,,False,,,False
yihozhang/most-influential-pl-papers,2025-07,control,cd397fb86c16b68e2dfafc7f74667b492be74a1d,75.0,0.0,0.0,5.0,0.0,6.3,16.0,25.0,5.0,,,,,,,,,,,,,,,left_only,,,False,,,False,,,False,,,False,,,False,,,False,,,False,,,False,,,False
yihozhang/most-influential-pl-papers,2025-08,control,cd397fb86c16b68e2dfafc7f74667b492be74a1d,75.0,0.0,0.0,5.0,0.0,6.3,16.0,25.0,5.0,,,,,,,,,,,,,,,left_only,,,False,,,False,,,False,,,False,,,False,,,False,,,False,,,False,,,False
yoongi43/music_audio_enhancement_conformer,2024-06,control,06d103859f8ab290514bfaa6ef5b6d4e8645b665,1358.0,0.0,2.0,84.0,5.2,11.6,161.0,378.0,86.0,0,,0,,control,1358.0,0.0,0.0,77.0,5.2,11.6,161.0,343.0,77.0,both,0.0,0.0,True,0.0,0.0,True,2.0,2.0,False,7.0,7.0,False,0.0,0.0,True,0.0,0.0,True,0.0,0.0,True,35.0,35.0,False,9.0,9.0,False
yoongi43/music_audio_enhancement_conformer,2024-07,control,06d103859f8ab290514bfaa6ef5b6d4e8645b665,1358.0,0.0,2.0,84.0,5.2,11.6,161.0,378.0,86.0,0,,0,,control,1358.0,0.0,0.0,77.0,5.2,11.6,161.0,343.0,77.0,both,0.0,0.0,True,0.0,0.0,True,2.0,2.0,False,7.0,7.0,False,0.0,0.0,True,0.0,0.0,True,0.0,0.0,True,35.0,35.0,False,9.0,9.0,False
yoongi43/music_audio_enhancement_conformer,2024-08,control,06d103859f8ab290514bfaa6ef5b6d4e8645b665,1358.0,0.0,2.0,84.0,5.2,11.6,161.0,378.0,86.0,0,,0,,control,1358.0,0.0,0.0,77.0,5.2,11.6,161.0,343.0,77.0,both,0.0,0.0,True,0.0,0.0,True,2.0,2.0,False,7.0,7.0,False,0.0,0.0,True,0.0,0.0,True,0.0,0.0,True,35.0,35.0,False,9.0,9.0,False
yoongi43/music_audio_enhancement_conformer,2024-09,control,06d103859f8ab290514bfaa6ef5b6d4e8645b665,1358.0,0.0,2.0,84.0,5.2,11.6,161.0,378.0,86.0,0,,0,,control,1358.0,0.0,0.0,77.0,5.2,11.6,161.0,343.0,77.0,both,0.0,0.0,True,0.0,0.0,True,2.0,2.0,False,7.0,7.0,False,0.0,0.0,True,0.0,0.0,True,0.0,0.0,True,35.0,35.0,False,9.0,9.0,False
yoongi43/music_audio_enhancement_conformer,2024-10,control,06d103859f8ab290514bfaa6ef5b6d4e8645b665,1358.0,0.0,2.0,84.0,5.2,11.6,161.0,378.0,86.0,0,,0,,control,1358.0,0.0,0.0,77.0,5.2,11.6,161.0,343.0,77.0,both,0.0,0.0,True,0.0,0.0,True,2.0,2.0,False,7.0,7.0,False,0.0,0.0,True,0.0,0.0,True,0.0,0.0,True,35.0,35.0,False,9.0,9.0,False
yoongi43/music_audio_enhancement_conformer,2024-11,control,becf3cb1210c88b04dc7b2813c9181af36e234bf,1366.0,0.0,2.0,83.0,5.1,11.6,167.0,379.0,85.0,0,,0,,control,1366.0,0.0,0.0,76.0,5.1,11.6,167.0,344.0,76.0,both,0.0,0.0,True,0.0,0.0,True,2.0,2.0,False,7.0,7.0,False,0.0,0.0,True,0.0,0.0,True,0.0,0.0,True,35.0,35.0,False,9.0,9.0,False
yoongi43/music_audio_enhancement_conformer,2024-12,control,becf3cb1210c88b04dc7b2813c9181af36e234bf,1366.0,0.0,2.0,83.0,5.1,11.6,167.0,379.0,85.0,0,,0,,control,1366.0,0.0,0.0,76.0,5.1,11.6,167.0,344.0,76.0,both,0.0,0.0,True,0.0,0.0,True,2.0,2.0,False,7.0,7.0,False,0.0,0.0,True,0.0,0.0,True,0.0,0.0,True,35.0,35.0,False,9.0,9.0,False
yoongi43/music_audio_enhancement_conformer,2025-01,control,c2ff1e0c58123c2c8dd37f62a817788f06e29010,1358.0,0.0,2.0,84.0,5.2,11.6,161.0,378.0,86.0,0,,0,,control,1358.0,0.0,0.0,77.0,5.2,11.6,161.0,343.0,77.0,both,0.0,0.0,True,0.0,0.0,True,2.0,2.0,False,7.0,7.0,False,0.0,0.0,True,0.0,0.0,True,0.0,0.0,True,35.0,35.0,False,9.0,9.0,False
yoongi43/music_audio_enhancement_conformer,2025-02,control,c2ff1e0c58123c2c8dd37f62a817788f06e29010,1358.0,0.0,2.0,84.0,5.2,11.6,161.0,378.0,86.0,0,,0,,control,1358.0,0.0,0.0,77.0,5.2,11.6,161.0,343.0,77.0,both,0.0,0.0,True,0.0,0.0,True,2.0,2.0,False,7.0,7.0,False,0.0,0.0,True,0.0,0.0,True,0.0,0.0,True,35.0,35.0,False,9.0,9.0,False
yoongi43/music_audio_enhancement_conformer,2025-03,control,13e6e3452bbff16ec810b9c074c466b2e4abcf4a,1366.0,0.0,2.0,83.0,5.1,11.6,167.0,379.0,85.0,0,,0,,control,1366.0,0.0,0.0,76.0,5.1,11.6,167.0,344.0,76.0,both,0.0,0.0,True,0.0,0.0,True,2.0,2.0,False,7.0,7.0,False,0.0,0.0,True,0.0,0.0,True,0.0,0.0,True,35.0,35.0,False,9.0,9.0,False
yoongi43/music_audio_enhancement_conformer,2025-04,control,13e6e3452bbff16ec810b9c074c466b2e4abcf4a,1366.0,0.0,2.0,83.0,5.1,11.6,167.0,379.0,85.0,,,,,,,,,,,,,,,left_only,,,False,,,False,,,False,,,False,,,False,,,False,,,False,,,False,,,False
yoongi43/music_audio_enhancement_conformer,2025-05,control,13e6e3452bbff16ec810b9c074c466b2e4abcf4a,1366.0,0.0,2.0,83.0,5.1,11.6,167.0,379.0,85.0,,,,,,,,,,,,,,,left_only,,,False,,,False,,,False,,,False,,,False,,,False,,,False,,,False,,,False
yoongi43/music_audio_enhancement_conformer,2025-06,control,13e6e3452bbff16ec810b9c074c466b2e4abcf4a,1366.0,0.0,2.0,83.0,5.1,11.6,167.0,379.0,85.0,,,,,,,,,,,,,,,left_only,,,False,,,False,,,False,,,False,,,False,,,False,,,False,,,False,,,False
yoongi43/music_audio_enhancement_conformer,2025-07,control,13e6e3452bbff16ec810b9c074c466b2e4abcf4a,1366.0,0.0,2.0,83.0,5.1,11.6,167.0,379.0,85.0,,,,,,,,,,,,,,,left_only,,,False,,,False,,,False,,,False,,,False,,,False,,,False,,,False,,,False
yoongi43/music_audio_enhancement_conformer,2025-08,control,13e6e3452bbff16ec810b9c074c466b2e4abcf4a,1366.0,0.0,2.0,83.0,5.1,11.6,167.0,379.0,85.0,,,,,,,,,,,,,,,left_only,,,False,,,False,,,False,,,False,,,False,,,False,,,False,,,False,,,False
ysj9909/SHViT,2024-03,control,bab7b9cff49cd59c746e9ef1fc77880ab3007c4d,,0.0,0.0,0.0,,,,0.0,0.0,0,,0,,control,,0.0,0.0,0.0,,,,0.0,0.0,both,,,False,0.0,0.0,True,0.0,0.0,True,0.0,0.0,True,,,False,,,False,,,False,0.0,0.0,True,0.0,0.0,True
ysj9909/SHViT,2024-04,control,fee7ce4258e81baf9e929e90f26168d632d186a7,5390.0,0.0,10.0,766.0,33.5,8.7,668.0,3967.0,776.0,0,,0,,control,5390.0,0.0,0.0,47.0,33.5,8.7,668.0,387.0,47.0,both,0.0,0.0,True,0.0,0.0,True,10.0,10.0,False,719.0,719.0,False,0.0,0.0,True,0.0,0.0,True,0.0,0.0,True,3580.0,3580.0,False,729.0,729.0,False
ysj9909/SHViT,2024-05,control,20819cb8f624e183b1fa2ce941ed18ab8037b07d,5390.0,0.0,10.0,766.0,34.3,8.7,668.0,3967.0,776.0,0,,0,,control,5390.0,0.0,0.0,47.0,34.3,8.7,668.0,387.0,47.0,both,0.0,0.0,True,0.0,0.0,True,10.0,10.0,False,719.0,719.0,False,0.0,0.0,True,0.0,0.0,True,0.0,0.0,True,3580.0,3580.0,False,729.0,729.0,False
ysj9909/SHViT,2024-06,control,6a729ccf18e0b941714b529638bd3d9bacebcef0,5389.0,0.0,10.0,766.0,34.3,8.7,668.0,3967.0,776.0,0,,0,,control,5389.0,0.0,0.0,47.0,34.3,8.7,668.0,387.0,47.0,both,0.0,0.0,True,0.0,0.0,True,10.0,10.0,False,719.0,719.0,False,0.0,0.0,True,0.0,0.0,True,0.0,0.0,True,3580.0,3580.0,False,729.0,729.0,False
ysj9909/SHViT,2024-07,control,6a729ccf18e0b941714b529638bd3d9bacebcef0,5389.0,0.0,10.0,766.0,34.3,8.7,668.0,3967.0,776.0,,,,,,,,,,,,,,,left_only,,,False,,,False,,,False,,,False,,,False,,,False,,,False,,,False,,,False
ysj9909/SHViT,2024-08,control,6a729ccf18e0b941714b529638bd3d9bacebcef0,5389.0,0.0,10.0,766.0,34.3,8.7,668.0,3967.0,776.0,,,,,,,,,,,,,,,left_only,,,False,,,False,,,False,,,False,,,False,,,False,,,False,,,False,,,False
ysj9909/SHViT,2024-09,control,6a729ccf18e0b941714b529638bd3d9bacebcef0,5389.0,0.0,10.0,766.0,34.3,8.7,668.0,3967.0,776.0,,,,,,,,,,,,,,,left_only,,,False,,,False,,,False,,,False,,,False,,,False,,,False,,,False,,,False
ysj9909/SHViT,2024-10,control,6a729ccf18e0b941714b529638bd3d9bacebcef0,5389.0,0.0,10.0,766.0,34.3,8.7,668.0,3967.0,776.0,,,,,,,,,,,,,,,left_only,,,False,,,False,,,False,,,False,,,False,,,False,,,False,,,False,,,False
ysj9909/SHViT,2024-11,control,6a729ccf18e0b941714b529638bd3d9bacebcef0,5389.0,0.0,10.0,766.0,34.3,8.7,668.0,3967.0,776.0,,,,,,,,,,,,,,,left_only,,,False,,,False,,,False,,,False,,,False,,,False,,,False,,,False,,,False
ysj9909/SHViT,2024-12,control,6a729ccf18e0b941714b529638bd3d9bacebcef0,5389.0,0.0,10.0,766.0,34.3,8.7,668.0,3967.0,776.0,,,,,,,,,,,,,,,left_only,,,False,,,False,,,False,,,False,,,False,,,False,,,False,,,False,,,False
ysj9909/SHViT,2025-01,control,6a729ccf18e0b941714b529638bd3d9bacebcef0,5389.0,0.0,10.0,766.0,34.3,8.7,668.0,3967.0,776.0,,,,,,,,,,,,,,,left_only,,,False,,,False,,,False,,,False,,,False,,,False,,,False,,,False,,,False
ysj9909/SHViT,2025-02,control,6a729ccf18e0b941714b529638bd3d9bacebcef0,5389.0,0.0,10.0,766.0,34.3,8.7,668.0,3967.0,776.0,,,,,,,,,,,,,,,left_only,,,False,,,False,,,False,,,False,,,False,,,False,,,False,,,False,,,False
ysj9909/SHViT,2025-03,control,6a729ccf18e0b941714b529638bd3d9bacebcef0,5389.0,0.0,10.0,766.0,34.3,8.7,668.0,3967.0,776.0,,,,,,,,,,,,,,,left_only,,,False,,,False,,,False,,,False,,,False,,,False,,,False,,,False,,,False
ysj9909/SHViT,2025-04,control,6a729ccf18e0b941714b529638bd3d9bacebcef0,5389.0,0.0,10.0,766.0,34.3,8.7,668.0,3967.0,776.0,,,,,,,,,,,,,,,left_only,,,False,,,False,,,False,,,False,,,False,,,False,,,False,,,False,,,False
ysj9909/SHViT,2025-05,control,6a729ccf18e0b941714b529638bd3d9bacebcef0,5389.0,0.0,10.0,766.0,34.3,8.7,668.0,3967.0,776.0,,,,,,,,,,,,,,,left_only,,,False,,,False,,,False,,,False,,,False,,,False,,,False,,,False,,,False
ysj9909/SHViT,2025-06,control,6a729ccf18e0b941714b529638bd3d9bacebcef0,5389.0,0.0,10.0,766.0,34.3,8.7,668.0,3967.0,776.0,,,,,,,,,,,,,,,left_only,,,False,,,False,,,False,,,False,,,False,,,False,,,False,,,False,,,False
ysj9909/SHViT,2025-07,control,6a729ccf18e0b941714b529638bd3d9bacebcef0,5389.0,0.0,10.0,766.0,34.3,8.7,668.0,3967.0,776.0,,,,,,,,,,,,,,,left_only,,,False,,,False,,,False,,,False,,,False,,,False,,,False,,,False,,,False
ysj9909/SHViT,2025-08,control,6a729ccf18e0b941714b529638bd3d9bacebcef0,5389.0,0.0,10.0,766.0,34.3,8.7,668.0,3967.0,776.0,,,,,,,,,,,,,,,left_only,,,False,,,False,,,False,,,False,,,False,,,False,,,False,,,False,,,False
zeyangsha/De-Fake,2024-01,control,83056320748ad608d8b3168ee527cd672679560a,,0.0,0.0,0.0,,,,0.0,0.0,0,,0,,control,,,,,,,,,,both,,,False,,,False,,,False,,,False,,,False,,,False,,,False,,,False,,,False
zeyangsha/De-Fake,2024-02,control,09a050b395d0472b85f3fec66552613301b4846c,2653.0,0.0,6.0,54.0,45.0,13.8,391.0,360.0,60.0,0,,0,,control,2653.0,0.0,0.0,52.0,45.0,13.8,391.0,350.0,52.0,both,0.0,0.0,True,0.0,0.0,True,6.0,6.0,False,2.0,2.0,False,0.0,0.0,True,0.0,0.0,True,0.0,0.0,True,10.0,10.0,False,8.0,8.0,False
zeyangsha/De-Fake,2024-03,control,09a050b395d0472b85f3fec66552613301b4846c,2653.0,0.0,6.0,54.0,45.0,13.8,391.0,360.0,60.0,0,,0,,control,2653.0,0.0,0.0,52.0,45.0,13.8,391.0,350.0,52.0,both,0.0,0.0,True,0.0,0.0,True,6.0,6.0,False,2.0,2.0,False,0.0,0.0,True,0.0,0.0,True,0.0,0.0,True,10.0,10.0,False,8.0,8.0,False
zeyangsha/De-Fake,2024-04,control,09a050b395d0472b85f3fec66552613301b4846c,2653.0,0.0,6.0,54.0,45.0,13.8,391.0,360.0,60.0,0,,0,,control,2653.0,0.0,0.0,52.0,45.0,13.8,391.0,350.0,52.0,both,0.0,0.0,True,0.0,0.0,True,6.0,6.0,False,2.0,2.0,False,0.0,0.0,True,0.0,0.0,True,0.0,0.0,True,10.0,10.0,False,8.0,8.0,False
zeyangsha/De-Fake,2024-05,control,96989eb2ad4896a44394abda359179dffa324537,5062.0,0.0,10.0,94.0,94.5,14.3,780.0,669.0,104.0,0,,0,,control,5062.0,0.0,0.0,90.0,94.5,14.3,780.0,649.0,90.0,both,0.0,0.0,True,0.0,0.0,True,10.0,10.0,False,4.0,4.0,False,0.0,0.0,True,0.0,0.0,True,0.0,0.0,True,20.0,20.0,False,14.0,14.0,False
zeyangsha/De-Fake,2024-06,control,96989eb2ad4896a44394abda359179dffa324537,5062.0,0.0,10.0,94.0,94.5,14.3,780.0,669.0,104.0,0,,0,,control,5062.0,0.0,0.0,90.0,94.5,14.3,780.0,649.0,90.0,both,0.0,0.0,True,0.0,0.0,True,10.0,10.0,False,4.0,4.0,False,0.0,0.0,True,0.0,0.0,True,0.0,0.0,True,20.0,20.0,False,14.0,14.0,False
zeyangsha/De-Fake,2024-07,control,96989eb2ad4896a44394abda359179dffa324537,5062.0,0.0,10.0,94.0,94.5,14.3,780.0,669.0,104.0,0,,0,,control,5062.0,0.0,0.0,90.0,94.5,14.3,780.0,649.0,90.0,both,0.0,0.0,True,0.0,0.0,True,10.0,10.0,False,4.0,4.0,False,0.0,0.0,True,0.0,0.0,True,0.0,0.0,True,20.0,20.0,False,14.0,14.0,False
zeyangsha/De-Fake,2024-08,control,96989eb2ad4896a44394abda359179dffa324537,5062.0,0.0,10.0,94.0,94.5,14.3,780.0,669.0,104.0,0,,0,,control,5062.0,0.0,0.0,90.0,94.5,14.3,780.0,649.0,90.0,both,0.0,0.0,True,0.0,0.0,True,10.0,10.0,False,4.0,4.0,False,0.0,0.0,True,0.0,0.0,True,0.0,0.0,True,20.0,20.0,False,14.0,14.0,False
zeyangsha/De-Fake,2024-09,control,96989eb2ad4896a44394abda359179dffa324537,5062.0,0.0,10.0,94.0,94.5,14.3,780.0,669.0,104.0,0,,0,,control,5062.0,0.0,0.0,90.0,94.5,14.3,780.0,649.0,90.0,both,0.0,0.0,True,0.0,0.0,True,10.0,10.0,False,4.0,4.0,False,0.0,0.0,True,0.0,0.0,True,0.0,0.0,True,20.0,20.0,False,14.0,14.0,False
zeyangsha/De-Fake,2024-10,control,96989eb2ad4896a44394abda359179dffa324537,5062.0,0.0,10.0,94.0,94.5,14.3,780.0,669.0,104.0,0,,0,,control,5062.0,0.0,0.0,90.0,94.5,14.3,780.0,649.0,90.0,both,0.0,0.0,True,0.0,0.0,True,10.0,10.0,False,4.0,4.0,False,0.0,0.0,True,0.0,0.0,True,0.0,0.0,True,20.0,20.0,False,14.0,14.0,False
zeyangsha/De-Fake,2024-11,control,96989eb2ad4896a44394abda359179dffa324537,5062.0,0.0,10.0,94.0,94.5,14.3,780.0,669.0,104.0,0,,0,,control,5062.0,0.0,0.0,90.0,94.5,14.3,780.0,649.0,90.0,both,0.0,0.0,True,0.0,0.0,True,10.0,10.0,False,4.0,4.0,False,0.0,0.0,True,0.0,0.0,True,0.0,0.0,True,20.0,20.0,False,14.0,14.0,False
zeyangsha/De-Fake,2024-12,control,96989eb2ad4896a44394abda359179dffa324537,5062.0,0.0,10.0,94.0,94.5,14.3,780.0,669.0,104.0,0,,0,,control,5062.0,0.0,0.0,90.0,94.5,14.3,780.0,649.0,90.0,both,0.0,0.0,True,0.0,0.0,True,10.0,10.0,False,4.0,4.0,False,0.0,0.0,True,0.0,0.0,True,0.0,0.0,True,20.0,20.0,False,14.0,14.0,False
zeyangsha/De-Fake,2025-01,control,96989eb2ad4896a44394abda359179dffa324537,5062.0,0.0,10.0,94.0,94.5,14.3,780.0,669.0,104.0,0,,0,,control,5062.0,0.0,0.0,90.0,94.5,14.3,780.0,649.0,90.0,both,0.0,0.0,True,0.0,0.0,True,10.0,10.0,False,4.0,4.0,False,0.0,0.0,True,0.0,0.0,True,0.0,0.0,True,20.0,20.0,False,14.0,14.0,False
zeyangsha/De-Fake,2025-02,control,96989eb2ad4896a44394abda359179dffa324537,5062.0,0.0,10.0,94.0,94.5,14.3,780.0,669.0,104.0,0,,0,,control,5062.0,0.0,0.0,90.0,94.5,14.3,780.0,649.0,90.0,both,0.0,0.0,True,0.0,0.0,True,10.0,10.0,False,4.0,4.0,False,0.0,0.0,True,0.0,0.0,True,0.0,0.0,True,20.0,20.0,False,14.0,14.0,False
zeyangsha/De-Fake,2025-03,control,96989eb2ad4896a44394abda359179dffa324537,5062.0,0.0,10.0,94.0,94.5,14.3,780.0,669.0,104.0,0,,0,,control,5062.0,0.0,0.0,90.0,94.5,14.3,780.0,649.0,90.0,both,0.0,0.0,True,0.0,0.0,True,10.0,10.0,False,4.0,4.0,False,0.0,0.0,True,0.0,0.0,True,0.0,0.0,True,20.0,20.0,False,14.0,14.0,False
zeyangsha/De-Fake,2025-04,control,96989eb2ad4896a44394abda359179dffa324537,5062.0,0.0,10.0,94.0,94.5,14.3,780.0,669.0,104.0,0,,0,,control,5062.0,0.0,0.0,90.0,94.5,14.3,780.0,649.0,90.0,both,0.0,0.0,True,0.0,0.0,True,10.0,10.0,False,4.0,4.0,False,0.0,0.0,True,0.0,0.0,True,0.0,0.0,True,20.0,20.0,False,14.0,14.0,False
zeyangsha/De-Fake,2025-05,control,96989eb2ad4896a44394abda359179dffa324537,5062.0,0.0,10.0,94.0,94.5,14.3,780.0,669.0,104.0,0,,0,,control,5062.0,0.0,0.0,90.0,94.5,14.3,780.0,649.0,90.0,both,0.0,0.0,True,0.0,0.0,True,10.0,10.0,False,4.0,4.0,False,0.0,0.0,True,0.0,0.0,True,0.0,0.0,True,20.0,20.0,False,14.0,14.0,False
zeyangsha/De-Fake,2025-06,control,7584f06d4fd81416b4f7eef68f45aaeb39119c8c,5062.0,0.0,10.0,94.0,94.5,14.3,780.0,669.0,104.0,0,,0,,control,5062.0,0.0,0.0,90.0,94.5,14.3,780.0,649.0,90.0,both,0.0,0.0,True,0.0,0.0,True,10.0,10.0,False,4.0,4.0,False,0.0,0.0,True,0.0,0.0,True,0.0,0.0,True,20.0,20.0,False,14.0,14.0,False
zeyangsha/De-Fake,2025-07,control,7584f06d4fd81416b4f7eef68f45aaeb39119c8c,5062.0,0.0,10.0,94.0,94.5,14.3,780.0,669.0,104.0,,,,,,,,,,,,,,,left_only,,,False,,,False,,,False,,,False,,,False,,,False,,,False,,,False,,,False
zeyangsha/De-Fake,2025-08,control,7584f06d4fd81416b4f7eef68f45aaeb39119c8c,5062.0,0.0,10.0,94.0,94.5,14.3,780.0,669.0,104.0,,,,,,,,,,,,,,,left_only,,,False,,,False,,,False,,,False,,,False,,,False,,,False,,,False,,,False
zhang-xr/FirmLLM,2025-02,control,ec1f47e26100924ec60415edfc0eba16e361aa7d,5483.0,8.0,1.0,143.0,3.4,4.3,1524.0,1244.0,152.0,0,,0,,control,5483.0,1.0,0.0,110.0,3.4,4.3,1524.0,1088.0,111.0,both,0.0,0.0,True,7.0,7.0,False,1.0,1.0,False,33.0,33.0,False,0.0,0.0,True,0.0,0.0,True,0.0,0.0,True,156.0,156.0,False,41.0,41.0,False
zhang-xr/FirmLLM,2025-03,control,f8158fb12223089a6eb59f712f87255c2aa541b9,5733.0,6.0,1.0,173.0,3.8,8.3,1554.0,1420.0,180.0,0,,0,,control,5733.0,1.0,0.0,108.0,3.8,8.3,1554.0,1104.0,109.0,both,0.0,0.0,True,5.0,5.0,False,1.0,1.0,False,65.0,65.0,False,0.0,0.0,True,0.0,0.0,True,0.0,0.0,True,316.0,316.0,False,71.0,71.0,False
zhang-xr/FirmLLM,2025-04,control,8dc567bdfa7fa514f1138725c1195261fc8aa041,5691.0,6.0,1.0,175.0,3.8,8.4,1592.0,1455.0,182.0,0,,0,,control,5691.0,1.0,0.0,110.0,3.8,8.4,1592.0,1139.0,111.0,both,0.0,0.0,True,5.0,5.0,False,1.0,1.0,False,65.0,65.0,False,0.0,0.0,True,0.0,0.0,True,0.0,0.0,True,316.0,316.0,False,71.0,71.0,False
zhang-xr/FirmLLM,2025-05,control,8dc567bdfa7fa514f1138725c1195261fc8aa041,5691.0,6.0,1.0,175.0,3.8,8.4,1592.0,1455.0,182.0,,,,,,,,,,,,,,,left_only,,,False,,,False,,,False,,,False,,,False,,,False,,,False,,,False,,,False
zhang-xr/FirmLLM,2025-06,control,8dc567bdfa7fa514f1138725c1195261fc8aa041,5691.0,6.0,1.0,175.0,3.8,8.4,1592.0,1455.0,182.0,,,,,,,,,,,,,,,left_only,,,False,,,False,,,False,,,False,,,False,,,False,,,False,,,False,,,False
zhang-xr/FirmLLM,2025-07,control,8dc567bdfa7fa514f1138725c1195261fc8aa041,5691.0,6.0,1.0,175.0,3.8,8.4,1592.0,1455.0,182.0,,,,,,,,,,,,,,,left_only,,,False,,,False,,,False,,,False,,,False,,,False,,,False,,,False,,,False
zhang-xr/FirmLLM,2025-08,control,8dc567bdfa7fa514f1138725c1195261fc8aa041,5691.0,6.0,1.0,175.0,3.8,8.4,1592.0,1455.0,182.0,,,,,,,,,,,,,,,left_only,,,False,,,False,,,False,,,False,,,False,,,False,,,False,,,False,,,False
zhipeixu/FakeShield,2024-10,control,2d9bb9c074519045f6b998f093ec44216a3fb5f1,,0.0,0.0,0.0,,,,0.0,0.0,0,,0,,control,,0.0,0.0,0.0,,,,0.0,0.0,both,,,False,0.0,0.0,True,0.0,0.0,True,0.0,0.0,True,,,False,,,False,,,False,0.0,0.0,True,0.0,0.0,True
zhipeixu/FakeShield,2024-11,control,2d9bb9c074519045f6b998f093ec44216a3fb5f1,,0.0,0.0,0.0,,,,0.0,0.0,0,,0,,control,,0.0,0.0,0.0,,,,0.0,0.0,both,,,False,0.0,0.0,True,0.0,0.0,True,0.0,0.0,True,,,False,,,False,,,False,0.0,0.0,True,0.0,0.0,True
zhipeixu/FakeShield,2024-12,control,2d9bb9c074519045f6b998f093ec44216a3fb5f1,,0.0,0.0,0.0,,,,0.0,0.0,0,,0,,control,,0.0,0.0,0.0,,,,0.0,0.0,both,,,False,0.0,0.0,True,0.0,0.0,True,0.0,0.0,True,,,False,,,False,,,False,0.0,0.0,True,0.0,0.0,True
zhipeixu/FakeShield,2025-01,control,2d9bb9c074519045f6b998f093ec44216a3fb5f1,,0.0,0.0,0.0,,,,0.0,0.0,0,,0,,control,,0.0,0.0,0.0,,,,0.0,0.0,both,,,False,0.0,0.0,True,0.0,0.0,True,0.0,0.0,True,,,False,,,False,,,False,0.0,0.0,True,0.0,0.0,True
zhipeixu/FakeShield,2025-02,control,b807b92ac958678bb278e741864ba4b821fb73c1,54250.0,15.0,19.0,1484.0,6.5,29.5,9348.0,10282.0,1518.0,0,,0,,control,54250.0,15.0,0.0,805.0,6.5,29.5,9348.0,6893.0,820.0,both,0.0,0.0,True,0.0,0.0,True,19.0,19.0,False,679.0,679.0,False,0.0,0.0,True,0.0,0.0,True,0.0,0.0,True,3389.0,3389.0,False,698.0,698.0,False
zhipeixu/FakeShield,2025-03,control,7bd43c8badef7341807e85e55a8b216dac6c2424,54250.0,15.0,19.0,1484.0,6.5,29.5,9348.0,10282.0,1518.0,0,,0,,control,54250.0,15.0,0.0,805.0,6.5,29.5,9348.0,6893.0,820.0,both,0.0,0.0,True,0.0,0.0,True,19.0,19.0,False,679.0,679.0,False,0.0,0.0,True,0.0,0.0,True,0.0,0.0,True,3389.0,3389.0,False,698.0,698.0,False
zhipeixu/FakeShield,2025-04,control,2910fb826ea20e11c2c2553c36984630216c0bab,54250.0,15.0,19.0,1484.0,6.5,29.5,9348.0,10282.0,1518.0,0,,0,,control,54250.0,15.0,0.0,805.0,6.5,29.5,9348.0,6893.0,820.0,both,0.0,0.0,True,0.0,0.0,True,19.0,19.0,False,679.0,679.0,False,0.0,0.0,True,0.0,0.0,True,0.0,0.0,True,3389.0,3389.0,False,698.0,698.0,False
zhipeixu/FakeShield,2025-05,control,c34dab9b8df3dc77d2632344eb0d0af387d0658f,54250.0,15.0,19.0,1484.0,6.5,29.5,9348.0,10282.0,1518.0,0,,0,,control,54250.0,15.0,0.0,805.0,6.5,29.5,9348.0,6893.0,820.0,both,0.0,0.0,True,0.0,0.0,True,19.0,19.0,False,679.0,679.0,False,0.0,0.0,True,0.0,0.0,True,0.0,0.0,True,3389.0,3389.0,False,698.0,698.0,False
zhipeixu/FakeShield,2025-06,control,346cb6c74c9a426c1c00d98b13e5f417161a94c1,54250.0,15.0,19.0,1484.0,6.5,29.5,9348.0,10282.0,1518.0,0,,0,,control,54250.0,15.0,0.0,805.0,6.5,29.5,9348.0,6893.0,820.0,both,0.0,0.0,True,0.0,0.0,True,19.0,19.0,False,679.0,679.0,False,0.0,0.0,True,0.0,0.0,True,0.0,0.0,True,3389.0,3389.0,False,698.0,698.0,False
zhipeixu/FakeShield,2025-07,control,346cb6c74c9a426c1c00d98b13e5f417161a94c1,54250.0,15.0,19.0,1484.0,6.5,29.5,9348.0,10282.0,1518.0,,,,,,,,,,,,,,,left_only,,,False,,,False,,,False,,,False,,,False,,,False,,,False,,,False,,,False
zhipeixu/FakeShield,2025-08,control,346cb6c74c9a426c1c00d98b13e5f417161a94c1,54250.0,15.0,19.0,1484.0,6.5,29.5,9348.0,10282.0,1518.0,,,,,,,,,,,,,,,left_only,,,False,,,False,,,False,,,False,,,False,,,False,,,False,,,False,,,False
zhou19830318/xiaozhi_micropython,2025-02,control,473428f27072b11b9c762805854b4301de69dc97,631.0,1.0,1.0,26.0,3.6,23.0,128.0,200.0,28.0,0,,0,,control,631.0,1.0,0.0,25.0,3.6,23.0,128.0,200.0,26.0,both,0.0,0.0,True,0.0,0.0,True,1.0,1.0,False,1.0,1.0,False,0.0,0.0,True,0.0,0.0,True,0.0,0.0,True,0.0,0.0,True,2.0,2.0,False
zhou19830318/xiaozhi_micropython,2025-03,control,b955d3bbda8261f03a696a384478da99e2fcd1e7,2658.0,5.0,3.0,73.0,19.2,30.2,802.0,794.0,81.0,0,,0,,control,2658.0,5.0,0.0,74.0,19.2,30.2,802.0,809.0,79.0,both,0.0,0.0,True,0.0,0.0,True,3.0,3.0,False,-1.0,1.0,False,0.0,0.0,True,0.0,0.0,True,0.0,0.0,True,-15.0,15.0,False,2.0,2.0,False
zhou19830318/xiaozhi_micropython,2025-04,control,4060890db5ad92005f3c323fa1a99a6a15ad2e21,2789.0,5.0,3.0,75.0,20.1,30.4,832.0,819.0,83.0,0,,0,,control,2789.0,5.0,0.0,76.0,20.1,30.4,832.0,834.0,81.0,both,0.0,0.0,True,0.0,0.0,True,3.0,3.0,False,-1.0,1.0,False,0.0,0.0,True,0.0,0.0,True,0.0,0.0,True,-15.0,15.0,False,2.0,2.0,False
zhou19830318/xiaozhi_micropython,2025-05,control,4060890db5ad92005f3c323fa1a99a6a15ad2e21,2789.0,5.0,3.0,75.0,20.1,30.4,832.0,819.0,83.0,,,,,,,,,,,,,,,left_only,,,False,,,False,,,False,,,False,,,False,,,False,,,False,,,False,,,False
zhou19830318/xiaozhi_micropython,2025-06,control,4060890db5ad92005f3c323fa1a99a6a15ad2e21,2789.0,5.0,3.0,75.0,20.1,30.4,832.0,819.0,83.0,,,,,,,,,,,,,,,left_only,,,False,,,False,,,False,,,False,,,False,,,False,,,False,,,False,,,False
zhou19830318/xiaozhi_micropython,2025-07,control,4060890db5ad92005f3c323fa1a99a6a15ad2e21,2789.0,5.0,3.0,75.0,20.1,30.4,832.0,819.0,83.0,,,,,,,,,,,,,,,left_only,,,False,,,False,,,False,,,False,,,False,,,False,,,False,,,False,,,False
zhou19830318/xiaozhi_micropython,2025-08,control,4060890db5ad92005f3c323fa1a99a6a15ad2e21,2789.0,5.0,3.0,75.0,20.1,30.4,832.0,819.0,83.0,,,,,,,,,,,,,,,left_only,,,False,,,False,,,False,,,False,,,False,,,False,,,False,,,False,,,False
zju3dv/ready_to_react,2025-02,control,99e4725810777bdc70b50e00793aecc3409d66fe,11929.0,23.0,1.0,587.0,3.6,26.5,2432.0,3091.0,611.0,0,,0,,control,11929.0,18.0,0.0,481.0,3.6,26.5,2432.0,2549.0,499.0,both,0.0,0.0,True,5.0,5.0,False,1.0,1.0,False,106.0,106.0,False,0.0,0.0,True,0.0,0.0,True,0.0,0.0,True,542.0,542.0,False,112.0,112.0,False
zju3dv/ready_to_react,2025-03,control,bd36d46c80ad82db499e6c597293c085de91457b,11929.0,23.0,1.0,587.0,3.6,26.5,2432.0,3091.0,611.0,0,,0,,control,11929.0,18.0,0.0,481.0,3.6,26.5,2432.0,2549.0,499.0,both,0.0,0.0,True,5.0,5.0,False,1.0,1.0,False,106.0,106.0,False,0.0,0.0,True,0.0,0.0,True,0.0,0.0,True,542.0,542.0,False,112.0,112.0,False
zju3dv/ready_to_react,2025-04,control,bd36d46c80ad82db499e6c597293c085de91457b,11929.0,23.0,1.0,587.0,3.6,26.5,2432.0,3091.0,611.0,,,,,,,,,,,,,,,left_only,,,False,,,False,,,False,,,False,,,False,,,False,,,False,,,False,,,False
zju3dv/ready_to_react,2025-05,control,bd36d46c80ad82db499e6c597293c085de91457b,11929.0,23.0,1.0,587.0,3.6,26.5,2432.0,3091.0,611.0,,,,,,,,,,,,,,,left_only,,,False,,,False,,,False,,,False,,,False,,,False,,,False,,,False,,,False
zju3dv/ready_to_react,2025-06,control,bd36d46c80ad82db499e6c597293c085de91457b,11929.0,23.0,1.0,587.0,3.6,26.5,2432.0,3091.0,611.0,,,,,,,,,,,,,,,left_only,,,False,,,False,,,False,,,False,,,False,,,False,,,False,,,False,,,False
zju3dv/ready_to_react,2025-07,control,bd36d46c80ad82db499e6c597293c085de91457b,11929.0,23.0,1.0,587.0,3.6,26.5,2432.0,3091.0,611.0,,,,,,,,,,,,,,,left_only,,,False,,,False,,,False,,,False,,,False,,,False,,,False,,,False,,,False
zju3dv/ready_to_react,2025-08,control,bd36d46c80ad82db499e6c597293c085de91457b,11929.0,23.0,1.0,587.0,3.6,26.5,2432.0,3091.0,611.0,,,,,,,,,,,,,,,left_only,,,False,,,False,,,False,,,False,,,False,,,False,,,False,,,False,,,False
