metric,cause_category,time_to_event,rows,comparable_non_null,unique_repos,identical_rows,different_rows,positive_diff_rows,negative_diff_rows,mean_diff,median_diff,median_abs_diff,p90_abs_diff,p95_abs_diff,max_abs_diff,total_abs_diff,paper_mean,our_mean,different_share,positive_diff_share,negative_diff_share,share_total_abs_diff_within_metric
bugs,commit_selection_difference,-14.0,1,1,1,0,1,0,1,-22.0,-22.0,22.0,22.0,22.0,22.0,22.0,27.0,5.0,1.0,0.0,1.0,0.0003426310953293152
bugs,commit_selection_difference,-13.0,2,2,2,1,1,0,1,-866.0,-866.0,866.0,1558.8,1645.3999999999999,1732.0,1732.0,1102.0,236.0,0.5,0.0,0.5,0.02697441168683518
bugs,commit_selection_difference,-10.0,1,1,1,1,0,0,0,0.0,0.0,0.0,0.0,0.0,0.0,0.0,0.0,0.0,0.0,0.0,0.0,0.0
bugs,commit_selection_difference,-9.0,1,1,1,1,0,0,0,0.0,0.0,0.0,0.0,0.0,0.0,0.0,0.0,0.0,0.0,0.0,0.0,0.0
bugs,commit_selection_difference,-8.0,1,1,1,1,0,0,0,0.0,0.0,0.0,0.0,0.0,0.0,0.0,0.0,0.0,0.0,0.0,0.0,0.0
bugs,commit_selection_difference,-7.0,2,2,2,2,0,0,0,0.0,0.0,0.0,0.0,0.0,0.0,0.0,3.5,3.5,0.0,0.0,0.0,0.0
bugs,commit_selection_difference,-6.0,1,1,1,1,0,0,0,0.0,0.0,0.0,0.0,0.0,0.0,0.0,6.0,6.0,0.0,0.0,0.0,0.0
bugs,commit_selection_difference,-5.0,1,1,1,0,1,0,1,-1.0,-1.0,1.0,1.0,1.0,1.0,1.0,12.0,11.0,1.0,0.0,1.0,1.5574140696787056e-05
bugs,commit_selection_difference,-4.0,1,1,1,1,0,0,0,0.0,0.0,0.0,0.0,0.0,0.0,0.0,12.0,12.0,0.0,0.0,0.0,0.0
bugs,commit_selection_difference,-3.0,1,1,1,0,1,1,0,1.0,1.0,1.0,1.0,1.0,1.0,1.0,12.0,13.0,1.0,1.0,0.0,1.5574140696787056e-05
bugs,commit_selection_difference,-2.0,1,1,1,0,1,1,0,1.0,1.0,1.0,1.0,1.0,1.0,1.0,12.0,13.0,1.0,1.0,0.0,1.5574140696787056e-05
bugs,commit_selection_difference,-1.0,3,3,3,1,2,1,1,-1.0,0.0,1.0,3.4000000000000004,3.6999999999999997,4.0,5.0,7.0,6.0,0.6666666666666666,0.3333333333333333,0.3333333333333333,7.787070348393527e-05
bugs,commit_selection_difference,0.0,8,8,8,1,7,2,5,-2.75,-1.5,3.0,12.399999999999999,15.199999999999996,18.0,44.0,10.375,7.625,0.875,0.25,0.625,0.0006852621906586304
bugs,commit_selection_difference,1.0,3,3,3,0,3,1,2,-8.0,-4.0,4.0,17.6,19.299999999999997,21.0,26.0,21.666666666666668,13.666666666666666,1.0,0.3333333333333333,0.6666666666666666,0.0004049276581164634
bugs,commit_selection_difference,2.0,6,6,6,0,6,3,3,7.666666666666667,-0.5,7.5,31.0,38.5,46.0,80.0,20.0,27.666666666666668,1.0,0.5,0.5,0.0012459312557429644
bugs,commit_selection_difference,3.0,4,4,4,0,4,2,2,2.5,-1.0,3.5,12.400000000000002,14.199999999999996,16.0,24.0,18.5,21.0,1.0,0.5,0.5,0.0003737793767228893
bugs,commit_selection_difference,4.0,7,7,7,1,6,3,3,-8.714285714285714,0.0,4.0,34.800000000000004,36.89999999999999,39.0,89.0,21.428571428571427,12.714285714285714,0.8571428571428571,0.42857142857142855,0.42857142857142855,0.001386098522014048
bugs,commit_selection_difference,5.0,7,7,7,0,7,3,4,-24.714285714285715,-30.0,48.0,77.0,78.5,80.0,313.0,98.71428571428571,74.0,1.0,0.42857142857142855,0.5714285714285714,0.004874706038094348
bugs,commit_selection_difference,6.0,4,4,4,0,4,1,3,-77.0,-39.5,39.5,184.8,207.89999999999995,231.0,312.0,88.5,11.5,1.0,0.25,0.75,0.004859131897397561
bugs,commit_selection_difference,7.0,3,3,3,0,3,0,3,-85.33333333333333,-23.0,23.0,188.60000000000002,209.29999999999998,230.0,256.0,93.0,7.666666666666667,1.0,0.0,1.0,0.003986980018377486
bugs,commit_selection_difference,8.0,1,1,1,0,1,0,1,-63.0,-63.0,63.0,63.0,63.0,63.0,63.0,74.0,11.0,1.0,0.0,1.0,0.0009811708638975845
bugs,commit_selection_difference,,41,41,13,33,8,2,6,-2.5121951219512195,0.0,0.0,4.0,25.0,38.0,111.0,7.487804878048781,4.975609756097561,0.1951219512195122,0.04878048780487805,0.14634146341463414,0.001728729617343363
bugs,paper_commit_missing,3.0,1,1,1,0,1,0,1,-18.0,-18.0,18.0,18.0,18.0,18.0,18.0,18.0,0.0,1.0,0.0,1.0,0.00028033453254216697
bugs,rule_config_analyzer_profile_signal,-14.0,6,6,6,4,2,1,1,-2.5,0.0,0.0,9.5,13.25,17.0,19.0,9.166666666666666,6.666666666666667,0.3333333333333333,0.16666666666666666,0.16666666666666666,0.00029590867323895406
bugs,rule_config_analyzer_profile_signal,-13.0,8,8,8,6,2,1,1,-2.0,0.0,0.0,5.799999999999997,11.399999999999991,17.0,18.0,6.875,4.875,0.25,0.125,0.125,0.00028033453254216697
bugs,rule_config_analyzer_profile_signal,-12.0,9,9,9,5,4,1,3,-2.4444444444444446,0.0,0.0,8.200000000000003,12.599999999999996,17.0,28.0,8.444444444444445,6.0,0.4444444444444444,0.1111111111111111,0.3333333333333333,0.00043607593951003755
bugs,rule_config_analyzer_profile_signal,-11.0,11,11,11,7,4,1,3,-2.1818181818181817,0.0,0.0,6.0,11.5,17.0,26.0,8.0,5.818181818181818,0.36363636363636365,0.09090909090909091,0.2727272727272727,0.0004049276581164634
bugs,rule_config_analyzer_profile_signal,-10.0,10,10,10,6,4,0,4,-3.0,0.0,0.0,9.799999999999997,13.399999999999991,17.0,30.0,9.9,6.9,0.4,0.0,0.4,0.0004672242209036116
bugs,rule_config_analyzer_profile_signal,-9.0,16,16,16,11,5,0,5,-2.25,0.0,0.0,8.0,11.75,17.0,36.0,7.8125,5.5625,0.3125,0.0,0.3125,0.0005606690650843339
bugs,rule_config_analyzer_profile_signal,-8.0,15,15,15,12,3,0,3,-1.4666666666666666,0.0,0.0,2.5999999999999996,7.199999999999985,17.0,22.0,5.933333333333334,4.466666666666667,0.2,0.0,0.2,0.0003426310953293152
bugs,rule_config_analyzer_profile_signal,-7.0,12,12,12,9,3,0,3,-1.75,0.0,0.0,2.0,8.74999999999999,17.0,21.0,6.833333333333333,5.083333333333333,0.25,0.0,0.25,0.00032705695463252813
bugs,rule_config_analyzer_profile_signal,-6.0,14,14,14,10,4,0,4,-1.9285714285714286,0.0,0.0,4.800000000000004,9.849999999999996,17.0,27.0,6.928571428571429,5.0,0.2857142857142857,0.0,0.2857142857142857,0.00042050179881325046
bugs,rule_config_analyzer_profile_signal,-5.0,15,15,15,9,6,0,6,-1.6666666666666667,0.0,0.0,2.5999999999999996,7.199999999999985,17.0,25.0,6.8,5.133333333333334,0.4,0.0,0.4,0.0003893535174196764
bugs,rule_config_analyzer_profile_signal,-4.0,17,17,17,10,7,1,6,-1.8823529411764706,0.0,0.0,4.800000000000001,8.199999999999992,17.0,34.0,7.0588235294117645,5.176470588235294,0.4117647058823529,0.058823529411764705,0.35294117647058826,0.0005295207836907599
bugs,rule_config_analyzer_profile_signal,-3.0,20,20,20,13,7,1,6,-1.85,0.0,0.0,6.100000000000001,7.500000000000007,17.0,41.0,6.7,4.85,0.35,0.05,0.3,0.0006385397685682693
bugs,rule_config_analyzer_profile_signal,-2.0,22,22,22,15,7,1,6,-1.6363636363636365,0.0,0.0,5.800000000000004,6.949999999999999,17.0,42.0,6.545454545454546,4.909090909090909,0.3181818181818182,0.045454545454545456,0.2727272727272727,0.0006541139092650563
bugs,rule_config_analyzer_profile_signal,-1.0,29,29,29,16,13,4,9,-1.2758620689655173,0.0,0.0,4.399999999999999,6.599999999999998,17.0,55.0,5.862068965517241,4.586206896551724,0.4482758620689655,0.13793103448275862,0.3103448275862069,0.000856577738323288
bugs,rule_config_analyzer_profile_signal,0.0,63,63,63,35,28,16,12,0.6349206349206349,0.0,0.0,7.400000000000013,11.0,17.0,132.0,4.0476190476190474,4.682539682539683,0.4444444444444444,0.25396825396825395,0.19047619047619047,0.002055786571975891
bugs,rule_config_analyzer_profile_signal,1.0,39,39,39,18,21,12,9,-0.46153846153846156,0.0,1.0,10.400000000000006,14.300000000000004,45.0,142.0,7.512820512820513,7.051282051282051,0.5384615384615384,0.3076923076923077,0.23076923076923078,0.0022115279789437616
bugs,rule_config_analyzer_profile_signal,2.0,31,31,31,16,15,8,7,-0.16129032258064516,0.0,0.0,11.0,28.0,44.0,155.0,8.096774193548388,7.935483870967742,0.4838709677419355,0.25806451612903225,0.22580645161290322,0.0024139918080019933
bugs,rule_config_analyzer_profile_signal,3.0,32,32,32,14,18,10,8,0.0625,0.0,1.0,11.0,26.899999999999984,50.0,164.0,7.90625,7.96875,0.5625,0.3125,0.25,0.002554159074273077
bugs,rule_config_analyzer_profile_signal,4.0,23,23,23,11,12,6,6,-0.2608695652173913,0.0,1.0,15.600000000000005,39.499999999999964,49.0,152.0,8.043478260869565,7.782608695652174,0.5217391304347826,0.2608695652173913,0.2608695652173913,0.0023672693859116325
bugs,rule_config_analyzer_profile_signal,5.0,18,18,18,10,8,4,4,0.3888888888888889,0.0,0.0,23.600000000000016,41.39999999999998,55.0,133.0,7.555555555555555,7.944444444444445,0.4444444444444444,0.2222222222222222,0.2222222222222222,0.002071360712672678
bugs,rule_config_analyzer_profile_signal,6.0,6,6,6,4,2,2,0,0.5,0.0,0.0,1.5,1.75,2.0,3.0,3.1666666666666665,3.6666666666666665,0.3333333333333333,0.3333333333333333,0.0,4.672242209036116e-05
bugs,rule_config_analyzer_profile_signal,7.0,2,2,2,1,1,0,1,-37.5,-37.5,37.5,67.5,71.25,75.0,75.0,50.5,13.0,0.5,0.0,0.5,0.0011680605522590292
bugs,rule_config_analyzer_profile_signal,8.0,1,1,1,1,0,0,0,0.0,0.0,0.0,0.0,0.0,0.0,0.0,0.0,0.0,0.0,0.0,0.0,0.0
bugs,rule_config_analyzer_profile_signal,9.0,1,1,1,1,0,0,0,0.0,0.0,0.0,0.0,0.0,0.0,0.0,0.0,0.0,0.0,0.0,0.0,0.0
bugs,rule_config_analyzer_profile_signal,,490,490,104,317,173,77,96,-9.402040816326531,0.0,0.0,8.0,23.0,338.0,5217.0,15.428571428571429,6.026530612244898,0.35306122448979593,0.15714285714285714,0.19591836734693877,0.08125029201513806
bugs,source_scope_difference_or_mixed,-14.0,7,7,7,0,7,0,7,-291.14285714285717,-11.0,11.0,804.4000000000005,1268.199999999999,1732.0,2038.0,476.85714285714283,185.71428571428572,1.0,0.0,1.0,0.03174009874005202
bugs,source_scope_difference_or_mixed,-13.0,8,8,8,0,8,1,7,-78.5,-13.5,13.5,224.2,271.0999999999999,318.0,642.0,255.375,176.875,1.0,0.125,0.875,0.009998598327337288
bugs,source_scope_difference_or_mixed,-12.0,11,11,11,1,10,3,7,-211.72727272727272,-2.0,13.0,350.0,1041.0,1732.0,2385.0,333.8181818181818,122.0909090909091,0.9090909090909091,0.2727272727272727,0.6363636363636364,0.037144325561837124
bugs,source_scope_difference_or_mixed,-11.0,10,10,10,1,9,2,7,-232.0,-7.0,12.5,470.1999999999995,1101.0999999999985,1732.0,2360.0,366.0,134.0,0.9,0.2,0.7,0.03675497204441745
bugs,source_scope_difference_or_mixed,-10.0,11,11,11,2,9,2,7,-213.0,-7.0,11.0,349.0,1040.5,1732.0,2385.0,390.54545454545456,177.54545454545453,0.8181818181818182,0.18181818181818182,0.6363636363636364,0.037144325561837124
bugs,source_scope_difference_or_mixed,-9.0,13,13,13,3,10,2,8,-159.69230769230768,-1.0,8.0,348.6000000000001,911.199999999998,1732.0,2676.0,291.38461538461536,131.69230769230768,0.7692307692307693,0.15384615384615385,0.6153846153846154,0.04167640050460216
bugs,source_scope_difference_or_mixed,-8.0,15,15,15,4,11,2,9,-159.6,-2.0,6.0,303.19999999999993,786.9999999999986,1732.0,2422.0,291.06666666666666,131.46666666666667,0.7333333333333333,0.13333333333333333,0.6,0.03772056876761825
bugs,source_scope_difference_or_mixed,-7.0,16,16,16,4,12,1,11,-44.3125,-2.5,4.5,132.0,238.0,397.0,735.0,138.25,93.9375,0.75,0.0625,0.6875,0.011446993412138486
bugs,source_scope_difference_or_mixed,-6.0,15,15,15,6,9,1,8,-46.8,-1.0,4.0,148.59999999999997,254.19999999999976,411.0,728.0,109.46666666666667,62.666666666666664,0.6,0.06666666666666667,0.5333333333333333,0.011337974427260976
bugs,source_scope_difference_or_mixed,-5.0,16,16,16,5,11,3,8,-26.6875,-0.5,4.5,237.0,321.25,424.0,1035.0,119.875,93.1875,0.6875,0.1875,0.5,0.0161192356211746
bugs,source_scope_difference_or_mixed,-4.0,17,17,17,4,13,3,10,-172.1764705882353,-3.0,5.0,287.0000000000001,789.9999999999987,2190.0,2963.0,408.2352941176471,236.05882352941177,0.7647058823529411,0.17647058823529413,0.5882352941176471,0.046146178884580044
bugs,source_scope_difference_or_mixed,-3.0,19,19,19,5,14,4,10,-140.26315789473685,-1.0,5.0,321.7999999999999,633.6999999999963,2188.0,3275.0,372.8421052631579,232.57894736842104,0.7368421052631579,0.21052631578947367,0.5263157894736842,0.051005310781977606
bugs,source_scope_difference_or_mixed,-2.0,17,17,17,4,13,3,10,-173.47058823529412,-1.0,4.0,298.80000000000007,807.1999999999988,2188.0,2989.0,409.7647058823529,236.2941176470588,0.7647058823529411,0.17647058823529413,0.5882352941176471,0.04655110654269651
bugs,source_scope_difference_or_mixed,-1.0,19,19,19,4,15,5,10,-139.21052631578948,-1.0,4.0,318.5999999999999,619.2999999999963,2188.0,3267.0,370.7894736842105,231.57894736842104,0.7894736842105263,0.2631578947368421,0.5263157894736842,0.050880717656403306
bugs,source_scope_difference_or_mixed,0.0,28,28,28,8,20,8,12,-95.57142857142857,0.0,3.0,217.70000000000007,387.7499999999998,2188.0,3348.0,255.53571428571428,159.96428571428572,0.7142857142857143,0.2857142857142857,0.42857142857142855,0.05214222305284306
bugs,source_scope_difference_or_mixed,1.0,28,28,28,7,21,8,13,-138.14285714285714,0.0,4.0,120.20000000000007,251.64999999999986,3864.0,4594.0,227.64285714285714,89.5,0.75,0.2857142857142857,0.4642857142857143,0.07154760236103973
bugs,source_scope_difference_or_mixed,2.0,22,22,22,3,19,6,13,-97.27272727272727,-1.5,4.5,194.10000000000022,282.8999999999999,2086.0,2760.0,209.22727272727272,111.95454545454545,0.8636363636363636,0.2727272727272727,0.5909090909090909,0.04298462832313227
bugs,source_scope_difference_or_mixed,3.0,21,21,21,3,18,7,11,-102.85714285714286,-1.0,6.0,206.0,287.0,2086.0,2852.0,224.71428571428572,121.85714285714286,0.8571428571428571,0.3333333333333333,0.5238095238095238,0.04441744926723668
bugs,source_scope_difference_or_mixed,4.0,24,24,24,3,21,7,14,-117.83333333333333,-1.5,11.5,262.69999999999993,576.8499999999992,2086.0,3558.0,241.91666666666666,124.08333333333333,0.875,0.2916666666666667,0.5833333333333334,0.05541279259916834
bugs,source_scope_difference_or_mixed,5.0,21,21,21,2,19,8,11,-134.0,-1.0,3.0,287.0,675.0,2087.0,3450.0,247.76190476190476,113.76190476190476,0.9047619047619048,0.38095238095238093,0.5238095238095238,0.05373078540391534
bugs,source_scope_difference_or_mixed,6.0,8,8,8,0,8,4,4,-60.125,-1.0,23.0,401.5999999999999,535.2999999999997,669.0,1115.0,211.375,151.25,1.0,0.5,0.5,0.017365166876917568
bugs,source_scope_difference_or_mixed,7.0,4,4,4,0,4,3,1,78.25,14.0,14.0,207.50000000000006,247.24999999999991,287.0,317.0,34.5,112.75,1.0,0.75,0.25,0.004937002600881497
bugs,source_scope_difference_or_mixed,8.0,2,2,2,0,2,0,2,-4.0,-4.0,4.0,4.0,4.0,4.0,8.0,9.0,5.0,1.0,0.0,1.0,0.00012459312557429645
bugs,source_scope_difference_or_mixed,9.0,2,2,2,0,2,0,2,-3.0,-3.0,3.0,4.6,4.8,5.0,6.0,8.5,5.5,1.0,0.0,1.0,9.344484418072232e-05
bugs,source_scope_difference_or_mixed,10.0,2,2,2,1,1,0,1,-4.0,-4.0,4.0,7.2,7.6,8.0,8.0,11.0,7.0,0.5,0.0,0.5,0.00012459312557429645
bugs,source_scope_difference_or_mixed,11.0,1,1,1,0,1,0,1,-12.0,-12.0,12.0,12.0,12.0,12.0,12.0,17.0,5.0,1.0,0.0,1.0,0.00018688968836144465
bugs,source_scope_difference_or_mixed,,220,220,25,29,191,59,132,-3.5,-4.0,6.5,34.0,35.0,60.0,2586.0,32.42727272727273,28.927272727272726,0.8681818181818182,0.2681818181818182,0.6,0.040274727841891324
code_smells,commit_selection_difference,-14.0,1,1,1,0,1,1,0,4.0,4.0,4.0,4.0,4.0,4.0,4.0,957.0,961.0,1.0,1.0,0.0,1.4416232677995422e-05
code_smells,commit_selection_difference,-13.0,2,2,2,0,2,2,0,1691.0,1691.0,1691.0,2994.2,3157.1,3320.0,3382.0,9706.0,11397.0,1.0,1.0,0.0,0.01218892472924513
code_smells,commit_selection_difference,-10.0,1,1,1,0,1,1,0,3.0,3.0,3.0,3.0,3.0,3.0,3.0,30.0,33.0,1.0,1.0,0.0,1.0812174508496567e-05
code_smells,commit_selection_difference,-9.0,1,1,1,0,1,1,0,4.0,4.0,4.0,4.0,4.0,4.0,4.0,18.0,22.0,1.0,1.0,0.0,1.4416232677995422e-05
code_smells,commit_selection_difference,-8.0,1,1,1,0,1,1,0,9.0,9.0,9.0,9.0,9.0,9.0,9.0,25.0,34.0,1.0,1.0,0.0,3.24365235254897e-05
code_smells,commit_selection_difference,-7.0,2,2,2,0,2,2,0,8.0,8.0,8.0,11.2,11.6,12.0,16.0,70.5,78.5,1.0,1.0,0.0,5.766493071198169e-05
code_smells,commit_selection_difference,-6.0,1,1,1,0,1,1,0,12.0,12.0,12.0,12.0,12.0,12.0,12.0,55.0,67.0,1.0,1.0,0.0,4.324869803398627e-05
code_smells,commit_selection_difference,-5.0,1,1,1,0,1,1,0,23.0,23.0,23.0,23.0,23.0,23.0,23.0,74.0,97.0,1.0,1.0,0.0,8.289333789847368e-05
code_smells,commit_selection_difference,-4.0,1,1,1,0,1,1,0,21.0,21.0,21.0,21.0,21.0,21.0,21.0,79.0,100.0,1.0,1.0,0.0,7.568522155947597e-05
code_smells,commit_selection_difference,-3.0,1,1,1,0,1,1,0,20.0,20.0,20.0,20.0,20.0,20.0,20.0,98.0,118.0,1.0,1.0,0.0,7.208116338997712e-05
code_smells,commit_selection_difference,-2.0,1,1,1,0,1,1,0,22.0,22.0,22.0,22.0,22.0,22.0,22.0,110.0,132.0,1.0,1.0,0.0,7.928927972897483e-05
code_smells,commit_selection_difference,-1.0,3,3,3,0,3,3,0,32.0,12.0,12.0,65.60000000000001,72.3,79.0,96.0,238.66666666666666,270.6666666666667,1.0,1.0,0.0,0.00034598958427189014
code_smells,commit_selection_difference,0.0,8,8,8,1,7,6,1,32.375,29.0,29.0,67.8,73.39999999999999,79.0,275.0,181.0,213.375,0.875,0.75,0.125,0.0009911159966121852
code_smells,commit_selection_difference,1.0,3,3,3,0,3,3,0,38.333333333333336,26.0,26.0,69.2,74.6,80.0,115.0,406.0,444.3333333333333,1.0,1.0,0.0,0.0004144666894923684
code_smells,commit_selection_difference,2.0,6,6,6,0,6,6,0,84.0,67.5,67.5,154.0,161.5,169.0,504.0,386.0,470.0,1.0,1.0,0.0,0.0018164453174274232
code_smells,commit_selection_difference,3.0,4,4,4,0,4,4,0,74.5,68.5,68.5,120.4,126.69999999999999,133.0,298.0,365.5,440.0,1.0,1.0,0.0,0.001074009334510659
code_smells,commit_selection_difference,4.0,7,7,7,0,7,6,1,46.714285714285715,28.0,28.0,119.00000000000003,138.49999999999994,158.0,341.0,251.0,297.7142857142857,1.0,0.8571428571428571,0.14285714285714285,0.0012289838357991097
code_smells,commit_selection_difference,5.0,7,7,7,0,7,7,0,381.0,151.0,151.0,1008.4000000000003,1287.6999999999994,1567.0,2667.0,2369.0,2750.0,1.0,1.0,0.0,0.009612023138053448
code_smells,commit_selection_difference,6.0,4,4,4,0,4,3,1,14.25,16.5,16.5,28.900000000000002,31.449999999999996,34.0,77.0,135.25,149.5,1.0,0.75,0.25,0.00027751247905141187
code_smells,commit_selection_difference,7.0,3,3,3,0,3,3,0,154.33333333333334,66.0,66.0,307.6,337.79999999999995,368.0,463.0,289.6666666666667,444.0,1.0,1.0,0.0,0.00166867893247797
code_smells,commit_selection_difference,8.0,1,1,1,0,1,1,0,60.0,60.0,60.0,60.0,60.0,60.0,60.0,59.0,119.0,1.0,1.0,0.0,0.00021624349016993133
code_smells,commit_selection_difference,,41,41,13,1,40,35,5,11.365853658536585,2.0,2.0,53.0,162.0,385.0,1286.0,135.0,146.3658536585366,0.975609756097561,0.8536585365853658,0.12195121951219512,0.004634818805975528
code_smells,paper_commit_missing,3.0,1,1,1,0,1,0,1,-208.0,-208.0,208.0,208.0,208.0,208.0,208.0,209.0,1.0,1.0,0.0,1.0,0.000749644099255762
code_smells,rule_config_analyzer_profile_signal,-14.0,6,6,6,0,6,5,1,10.333333333333334,7.5,13.5,32.5,39.75,47.0,98.0,66.16666666666667,76.5,1.0,0.8333333333333334,0.16666666666666666,0.00035319770061088785
code_smells,rule_config_analyzer_profile_signal,-13.0,8,8,8,2,6,5,1,8.375,4.5,9.0,28.199999999999996,36.59999999999999,45.0,103.0,51.375,59.75,0.75,0.625,0.125,0.00037121799145838216
code_smells,rule_config_analyzer_profile_signal,-12.0,9,9,9,1,8,7,1,8.0,5.0,7.0,21.000000000000007,32.999999999999986,45.0,100.0,67.55555555555556,75.55555555555556,0.8888888888888888,0.7777777777777778,0.1111111111111111,0.00036040581694988556
code_smells,rule_config_analyzer_profile_signal,-11.0,11,11,11,2,9,6,3,7.363636363636363,1.0,10.0,21.0,36.0,51.0,131.0,127.45454545454545,134.8181818181818,0.8181818181818182,0.5454545454545454,0.2727272727272727,0.0004721316202043501
code_smells,rule_config_analyzer_profile_signal,-10.0,10,10,10,1,9,7,2,35.4,5.5,9.0,73.99999999999991,177.49999999999977,281.0,394.0,154.2,189.6,0.9,0.7,0.2,0.0014199989187825492
code_smells,rule_config_analyzer_profile_signal,-9.0,16,16,16,2,14,12,2,26.625,5.0,9.5,38.0,111.25,292.0,470.0,170.3125,196.9375,0.875,0.75,0.125,0.0016939073396644623
code_smells,rule_config_analyzer_profile_signal,-8.0,15,15,15,2,13,11,2,31.466666666666665,4.0,10.0,40.599999999999994,142.19999999999968,355.0,520.0,176.93333333333334,208.4,0.8666666666666667,0.7333333333333333,0.13333333333333333,0.0018741102481394049
code_smells,rule_config_analyzer_profile_signal,-7.0,12,12,12,1,11,8,3,4.666666666666667,2.5,9.0,32.300000000000004,33.45,34.0,164.0,130.58333333333334,135.25,0.9166666666666666,0.6666666666666666,0.25,0.0005910655397978123
code_smells,rule_config_analyzer_profile_signal,-6.0,14,14,14,0,14,11,3,5.142857142857143,4.5,11.0,31.500000000000007,33.0,33.0,188.0,132.28571428571428,137.42857142857142,1.0,0.7857142857142857,0.21428571428571427,0.0006775629358657849
code_smells,rule_config_analyzer_profile_signal,-5.0,15,15,15,0,15,10,5,2.066666666666667,2.0,8.0,28.2,30.199999999999996,33.0,195.0,120.8,122.86666666666666,1.0,0.6666666666666666,0.3333333333333333,0.0007027913430522768
code_smells,rule_config_analyzer_profile_signal,-4.0,17,17,17,1,16,10,6,-14.764705882352942,1.0,11.0,31.200000000000003,78.79999999999984,262.0,465.0,135.05882352941177,120.29411764705883,0.9411764705882353,0.5882352941176471,0.35294117647058826,0.0016758870488169679
code_smells,rule_config_analyzer_profile_signal,-3.0,20,20,20,3,17,13,4,-5.0,3.5,8.0,52.000000000000014,71.15000000000015,264.0,530.0,140.35,135.35,0.85,0.65,0.2,0.0019101508298343935
code_smells,rule_config_analyzer_profile_signal,-2.0,22,22,22,4,18,10,8,-9.272727272727273,0.0,5.5,33.500000000000014,51.09999999999999,264.0,490.0,132.0909090909091,122.81818181818181,0.8181818181818182,0.45454545454545453,0.36363636363636365,0.0017659885030544393
code_smells,rule_config_analyzer_profile_signal,-1.0,29,29,29,7,22,15,7,11.862068965517242,1.0,4.0,26.599999999999998,47.59999999999994,206.0,452.0,73.79310344827586,85.65517241379311,0.7586206896551724,0.5172413793103449,0.2413793103448276,0.0016290342926134828
code_smells,rule_config_analyzer_profile_signal,0.0,63,63,63,15,48,38,10,9.222222222222221,1.0,4.0,42.60000000000003,116.79999999999995,265.0,1337.0,74.77777777777777,84.0,0.7619047619047619,0.6031746031746031,0.15873015873015872,0.00481862577261997
code_smells,rule_config_analyzer_profile_signal,1.0,39,39,39,8,31,23,8,18.53846153846154,5.0,7.0,44.2,128.1,207.0,893.0,85.43589743589743,103.97435897435898,0.7948717948717948,0.5897435897435898,0.20512820512820512,0.003218423945362478
code_smells,rule_config_analyzer_profile_signal,2.0,31,31,31,4,27,20,7,20.032258064516128,7.0,14.0,48.0,144.5,175.0,873.0,83.80645161290323,103.83870967741936,0.8709677419354839,0.6451612903225806,0.22580645161290322,0.003146342781972501
code_smells,rule_config_analyzer_profile_signal,3.0,32,32,32,6,26,20,6,24.3125,5.5,10.0,47.30000000000001,159.54999999999998,226.0,954.0,88.90625,113.21875,0.8125,0.625,0.1875,0.0034382714937019085
code_smells,rule_config_analyzer_profile_signal,4.0,23,23,23,3,20,13,7,-20.82608695652174,1.0,19.0,46.60000000000001,147.89999999999984,814.0,1305.0,121.26086956521739,100.43478260869566,0.8695652173913043,0.5652173913043478,0.30434782608695654,0.004703295911196006
code_smells,rule_config_analyzer_profile_signal,5.0,18,18,18,3,15,10,5,-20.5,3.0,25.5,153.4,260.699999999999,837.0,1375.0,135.55555555555554,115.05555555555556,0.8333333333333334,0.5555555555555556,0.2777777777777778,0.004955579983060927
code_smells,rule_config_analyzer_profile_signal,6.0,6,6,6,2,4,4,0,17.5,19.0,19.0,33.5,33.75,34.0,105.0,60.833333333333336,78.33333333333333,0.6666666666666666,0.6666666666666666,0.0,0.00037842610779737987
code_smells,rule_config_analyzer_profile_signal,7.0,2,2,2,0,2,1,1,12.0,12.0,23.0,32.6,33.8,35.0,46.0,122.0,134.0,1.0,0.5,0.5,0.00016578667579694736
code_smells,rule_config_analyzer_profile_signal,8.0,1,1,1,0,1,1,0,3.0,3.0,3.0,3.0,3.0,3.0,3.0,18.0,21.0,1.0,1.0,0.0,1.0812174508496567e-05
code_smells,rule_config_analyzer_profile_signal,9.0,1,1,1,0,1,1,0,4.0,4.0,4.0,4.0,4.0,4.0,4.0,19.0,23.0,1.0,1.0,0.0,1.4416232677995422e-05
code_smells,rule_config_analyzer_profile_signal,,490,490,104,60,430,277,153,5.248979591836735,2.0,8.0,127.20000000000005,219.0,719.0,20718.0,151.0857142857143,156.33469387755102,0.8775510204081632,0.5653061224489796,0.3122448979591837,0.0746688771556773
code_smells,source_scope_difference_or_mixed,-14.0,7,7,7,0,7,4,3,560.5714285714286,217.0,597.0,1762.8000000000009,2498.3999999999983,3234.0,5736.0,4112.714285714285,4673.285714285715,1.0,0.5714285714285714,0.42857142857142855,0.020672877660245437
code_smells,source_scope_difference_or_mixed,-13.0,8,8,8,0,8,5,3,303.625,181.0,424.0,1031.9999999999998,1315.4999999999995,1599.0,4229.0,3727.5,4031.125,1.0,0.625,0.375,0.015241561998810662
code_smells,source_scope_difference_or_mixed,-12.0,11,11,11,0,11,8,3,466.3636363636364,120.0,189.0,1303.0,2328.0,3353.0,6992.0,4247.636363636364,4714.0,1.0,0.7272727272727273,0.2727272727272727,0.025199574721136
code_smells,source_scope_difference_or_mixed,-11.0,10,10,10,0,10,7,3,507.1,121.5,213.5,1594.9999999999993,2476.999999999998,3359.0,7035.0,4713.0,5220.1,1.0,0.7,0.3,0.02535454922242445
code_smells,source_scope_difference_or_mixed,-10.0,11,11,11,1,10,7,3,497.6363636363636,39.0,138.0,1508.0,2434.5,3361.0,7510.0,4616.636363636364,5114.272727272727,0.9090909090909091,0.6363636363636364,0.2727272727272727,0.027066476852936408
code_smells,source_scope_difference_or_mixed,-9.0,13,13,13,0,13,10,3,402.7692307692308,13.0,96.0,1384.4000000000005,2257.199999999997,3366.0,7272.0,3809.923076923077,4212.692307692308,1.0,0.7692307692307693,0.23076923076923078,0.02620871100859568
code_smells,source_scope_difference_or_mixed,-8.0,15,15,15,0,15,12,3,364.06666666666666,27.0,79.0,1240.1999999999998,2034.799999999998,3369.0,7627.0,3505.0,3869.0666666666666,1.0,0.8,0.2,0.027488151658767772
code_smells,source_scope_difference_or_mixed,-7.0,16,16,16,0,16,11,5,81.6875,23.0,91.5,898.0,1079.25,1455.0,5317.0,2233.9375,2315.625,1.0,0.6875,0.3125,0.019162777287225416
code_smells,source_scope_difference_or_mixed,-6.0,15,15,15,0,15,12,3,175.66666666666666,34.0,109.0,1015.8,1175.7999999999995,1495.0,4939.0,2168.6666666666665,2344.3333333333335,1.0,0.8,0.2,0.01780044329915485
code_smells,source_scope_difference_or_mixed,-5.0,16,16,16,0,16,13,3,198.0,55.5,114.5,983.0,1161.5,1517.0,5352.0,2174.9375,2372.9375,1.0,0.8125,0.1875,0.019288919323157877
code_smells,source_scope_difference_or_mixed,-4.0,17,17,17,0,17,14,3,662.6470588235294,109.0,135.0,1221.6000000000001,2745.3999999999955,7811.0,13605.0,4162.411764705882,4825.058823529412,1.0,0.8235294117647058,0.17647058823529413,0.04903321139603193
code_smells,source_scope_difference_or_mixed,-3.0,19,19,19,0,19,16,3,645.5263157894736,123.0,137.0,1155.5999999999997,2094.699999999986,7825.0,14589.0,3852.2105263157896,4497.736842105263,1.0,0.8421052631578947,0.15789473684210525,0.052579604634818804
code_smells,source_scope_difference_or_mixed,-2.0,17,17,17,0,17,14,3,714.0588235294117,123.0,141.0,1266.2,2772.3999999999955,7830.0,14515.0,4214.705882352941,4928.764705882353,1.0,0.8235294117647058,0.17647058823529413,0.05231290433027589
code_smells,source_scope_difference_or_mixed,-1.0,19,19,19,0,19,16,3,696.0526315789474,138.0,141.0,1534.8,2174.6999999999866,7833.0,15567.0,3900.2631578947367,4596.315789473684,1.0,0.8421052631578947,0.15789473684210525,0.056104373524588684
code_smells,source_scope_difference_or_mixed,0.0,28,28,28,0,28,23,5,501.57142857142856,86.0,117.5,1348.2000000000003,2035.6499999999992,7829.0,18116.0,2778.4285714285716,3280.0,1.0,0.8214285714285714,0.17857142857142858,0.06529111779864127
code_smells,source_scope_difference_or_mixed,1.0,28,28,28,0,28,21,7,-98.67857142857143,97.0,117.5,1075.6000000000004,1560.6999999999994,8448.0,16493.0,2221.5714285714284,2122.8928571428573,1.0,0.75,0.25,0.05944173138954463
code_smells,source_scope_difference_or_mixed,2.0,22,22,22,1,21,16,5,424.22727272727275,104.5,141.5,1200.9000000000005,2164.649999999999,4109.0,11645.0,2232.181818181818,2656.409090909091,0.9545454545454546,0.7272727272727273,0.22727272727272727,0.04196925738381418
code_smells,source_scope_difference_or_mixed,3.0,21,21,21,0,21,18,3,445.57142857142856,128.0,164.0,1147.0,1847.0,4106.0,11557.0,2457.1428571428573,2902.714285714286,1.0,0.8571428571428571,0.14285714285714285,0.041652100264898274
code_smells,source_scope_difference_or_mixed,4.0,24,24,24,0,24,20,4,463.3333333333333,154.0,161.0,1393.1999999999998,1544.9999999999998,4107.0,13322.0,2963.1666666666665,3426.5,1.0,0.8333333333333334,0.16666666666666666,0.04801326293406376
code_smells,source_scope_difference_or_mixed,5.0,21,21,21,0,21,17,4,425.57142857142856,84.0,167.0,1136.0,1461.0,4107.0,10921.0,3046.4761904761904,3472.0476190476193,1.0,0.8095238095238095,0.19047619047619047,0.039359919269097
code_smells,source_scope_difference_or_mixed,6.0,8,8,8,0,8,8,0,552.25,349.0,349.0,1496.3,1566.6499999999999,1637.0,4418.0,5405.875,5958.125,1.0,1.0,0.0,0.015922728992845945
code_smells,source_scope_difference_or_mixed,7.0,4,4,4,0,4,4,0,225.5,263.5,263.5,349.4,349.7,350.0,902.0,785.75,1011.25,1.0,1.0,0.0,0.003250860468887968
code_smells,source_scope_difference_or_mixed,8.0,2,2,2,0,2,1,1,-7.0,-7.0,28.0,33.6,34.3,35.0,56.0,118.5,111.5,1.0,0.5,0.5,0.0002018272574919359
code_smells,source_scope_difference_or_mixed,9.0,2,2,2,0,2,1,1,-17.5,-17.5,29.5,43.5,45.25,47.0,59.0,127.5,110.0,1.0,0.5,0.5,0.00021263943200043248
code_smells,source_scope_difference_or_mixed,10.0,2,2,2,0,2,1,1,-37.5,-37.5,51.5,81.5,85.25,89.0,103.0,179.5,142.0,1.0,0.5,0.5,0.00037121799145838216
code_smells,source_scope_difference_or_mixed,11.0,1,1,1,0,1,0,1,-92.0,-92.0,92.0,92.0,92.0,92.0,92.0,266.0,174.0,1.0,0.0,1.0,0.0003315733515938947
code_smells,source_scope_difference_or_mixed,,220,220,25,1,219,148,71,64.86818181818182,21.0,91.5,287.2,315.2999999999999,1018.0,27677.0,577.8909090909091,642.7590909090909,0.9954545454545455,0.6727272727272727,0.32272727272727275,0.09974951795721983
cognitive_complexity,commit_selection_difference,-14.0,1,1,1,0,1,1,0,4.0,4.0,4.0,4.0,4.0,4.0,4.0,6598.0,6602.0,1.0,1.0,0.0,2.653646109754803e-05
cognitive_complexity,commit_selection_difference,-13.0,2,2,2,1,1,1,0,166.0,166.0,166.0,298.8,315.4,332.0,332.0,45624.0,45790.0,0.5,0.5,0.0,0.0022025262710964866
cognitive_complexity,commit_selection_difference,-10.0,1,1,1,0,1,1,0,19.0,19.0,19.0,19.0,19.0,19.0,19.0,453.0,472.0,1.0,1.0,0.0,0.00012604819021335315
cognitive_complexity,commit_selection_difference,-9.0,1,1,1,1,0,0,0,0.0,0.0,0.0,0.0,0.0,0.0,0.0,119.0,119.0,0.0,0.0,0.0,0.0
cognitive_complexity,commit_selection_difference,-8.0,1,1,1,1,0,0,0,0.0,0.0,0.0,0.0,0.0,0.0,0.0,174.0,174.0,0.0,0.0,0.0,0.0
cognitive_complexity,commit_selection_difference,-7.0,2,2,2,1,1,1,0,10.5,10.5,10.5,18.9,19.95,21.0,21.0,558.5,569.0,0.5,0.5,0.0,0.00013931642076212716
cognitive_complexity,commit_selection_difference,-6.0,1,1,1,1,0,0,0,0.0,0.0,0.0,0.0,0.0,0.0,0.0,291.0,291.0,0.0,0.0,0.0,0.0
cognitive_complexity,commit_selection_difference,-5.0,1,1,1,1,0,0,0,0.0,0.0,0.0,0.0,0.0,0.0,0.0,419.0,419.0,0.0,0.0,0.0,0.0
cognitive_complexity,commit_selection_difference,-4.0,1,1,1,1,0,0,0,0.0,0.0,0.0,0.0,0.0,0.0,0.0,508.0,508.0,0.0,0.0,0.0,0.0
cognitive_complexity,commit_selection_difference,-3.0,1,1,1,1,0,0,0,0.0,0.0,0.0,0.0,0.0,0.0,0.0,628.0,628.0,0.0,0.0,0.0,0.0
cognitive_complexity,commit_selection_difference,-2.0,1,1,1,1,0,0,0,0.0,0.0,0.0,0.0,0.0,0.0,0.0,677.0,677.0,0.0,0.0,0.0,0.0
cognitive_complexity,commit_selection_difference,-1.0,3,3,3,3,0,0,0,0.0,0.0,0.0,0.0,0.0,0.0,0.0,1576.6666666666667,1576.6666666666667,0.0,0.0,0.0,0.0
cognitive_complexity,commit_selection_difference,0.0,8,8,8,7,1,1,0,4.25,0.0,0.0,10.199999999999994,22.09999999999998,34.0,34.0,1450.25,1454.5,0.125,0.125,0.0,0.00022555991932915825
cognitive_complexity,commit_selection_difference,1.0,3,3,3,2,1,1,0,3.3333333333333335,0.0,0.0,8.0,9.0,10.0,10.0,2665.3333333333335,2668.6666666666665,0.3333333333333333,0.3333333333333333,0.0,6.634115274387008e-05
cognitive_complexity,commit_selection_difference,2.0,6,6,6,3,3,2,1,79.83333333333333,0.0,1.5,249.0,368.0,487.0,501.0,3566.1666666666665,3646.0,0.5,0.3333333333333333,0.16666666666666666,0.003323691752467891
cognitive_complexity,commit_selection_difference,3.0,4,4,4,2,2,2,0,142.25,39.5,39.5,366.70000000000005,428.34999999999985,490.0,569.0,3632.25,3774.5,0.5,0.5,0.0,0.0037748115911262073
cognitive_complexity,commit_selection_difference,4.0,7,7,7,4,3,1,2,4.714285714285714,0.0,0.0,39.20000000000002,53.599999999999966,68.0,103.0,2599.0,2603.714285714286,0.42857142857142855,0.14285714285714285,0.2857142857142857,0.0006833138732618618
cognitive_complexity,commit_selection_difference,5.0,7,7,7,5,2,2,0,575.7142857142857,0.0,0.0,1697.4000000000012,2650.199999999998,3603.0,4030.0,18983.571428571428,19559.285714285714,0.2857142857142857,0.2857142857142857,0.0,0.02673548455577964
cognitive_complexity,commit_selection_difference,6.0,4,4,4,2,2,2,0,229.25,209.5,209.5,474.3,486.15,498.0,917.0,1967.25,2196.5,0.5,0.5,0.0,0.006083483706612886
cognitive_complexity,commit_selection_difference,7.0,3,3,3,2,1,1,0,19.666666666666668,0.0,0.0,47.2,53.099999999999994,59.0,59.0,2842.6666666666665,2862.3333333333335,0.3333333333333333,0.3333333333333333,0.0,0.0003914128011888335
cognitive_complexity,commit_selection_difference,8.0,1,1,1,0,1,1,0,121.0,121.0,121.0,121.0,121.0,121.0,121.0,891.0,1012.0,1.0,1.0,0.0,0.0008027279482008279
cognitive_complexity,commit_selection_difference,,41,41,13,32,9,9,0,21.341463414634145,0.0,0.0,36.0,47.0,617.0,875.0,863.170731707317,884.5121951219512,0.21951219512195122,0.21951219512195122,0.0,0.005804850865088632
cognitive_complexity,paper_commit_missing,3.0,1,1,1,0,1,0,1,-1446.0,-1446.0,1446.0,1446.0,1446.0,1446.0,1446.0,1573.0,127.0,1.0,0.0,1.0,0.009592930686763613
cognitive_complexity,rule_config_analyzer_profile_signal,-14.0,6,6,6,6,0,0,0,0.0,0.0,0.0,0.0,0.0,0.0,0.0,735.1666666666666,735.1666666666666,0.0,0.0,0.0,0.0
cognitive_complexity,rule_config_analyzer_profile_signal,-13.0,8,8,8,8,0,0,0,0.0,0.0,0.0,0.0,0.0,0.0,0.0,579.0,579.0,0.0,0.0,0.0,0.0
cognitive_complexity,rule_config_analyzer_profile_signal,-12.0,9,9,9,9,0,0,0,0.0,0.0,0.0,0.0,0.0,0.0,0.0,697.3333333333334,697.3333333333334,0.0,0.0,0.0,0.0
cognitive_complexity,rule_config_analyzer_profile_signal,-11.0,11,11,11,11,0,0,0,0.0,0.0,0.0,0.0,0.0,0.0,0.0,685.7272727272727,685.7272727272727,0.0,0.0,0.0,0.0
cognitive_complexity,rule_config_analyzer_profile_signal,-10.0,10,10,10,10,0,0,0,0.0,0.0,0.0,0.0,0.0,0.0,0.0,977.0,977.0,0.0,0.0,0.0,0.0
cognitive_complexity,rule_config_analyzer_profile_signal,-9.0,16,16,16,16,0,0,0,0.0,0.0,0.0,0.0,0.0,0.0,0.0,984.5625,984.5625,0.0,0.0,0.0,0.0
cognitive_complexity,rule_config_analyzer_profile_signal,-8.0,15,15,15,15,0,0,0,0.0,0.0,0.0,0.0,0.0,0.0,0.0,998.6,998.6,0.0,0.0,0.0,0.0
cognitive_complexity,rule_config_analyzer_profile_signal,-7.0,12,12,12,12,0,0,0,0.0,0.0,0.0,0.0,0.0,0.0,0.0,801.3333333333334,801.3333333333334,0.0,0.0,0.0,0.0
cognitive_complexity,rule_config_analyzer_profile_signal,-6.0,14,14,14,14,0,0,0,0.0,0.0,0.0,0.0,0.0,0.0,0.0,818.5714285714286,818.5714285714286,0.0,0.0,0.0,0.0
cognitive_complexity,rule_config_analyzer_profile_signal,-5.0,15,15,15,15,0,0,0,0.0,0.0,0.0,0.0,0.0,0.0,0.0,789.9333333333333,789.9333333333333,0.0,0.0,0.0,0.0
cognitive_complexity,rule_config_analyzer_profile_signal,-4.0,17,17,17,17,0,0,0,0.0,0.0,0.0,0.0,0.0,0.0,0.0,811.7647058823529,811.7647058823529,0.0,0.0,0.0,0.0
cognitive_complexity,rule_config_analyzer_profile_signal,-3.0,20,20,20,20,0,0,0,0.0,0.0,0.0,0.0,0.0,0.0,0.0,880.25,880.25,0.0,0.0,0.0,0.0
cognitive_complexity,rule_config_analyzer_profile_signal,-2.0,22,22,22,22,0,0,0,0.0,0.0,0.0,0.0,0.0,0.0,0.0,866.1818181818181,866.1818181818181,0.0,0.0,0.0,0.0
cognitive_complexity,rule_config_analyzer_profile_signal,-1.0,29,29,29,29,0,0,0,0.0,0.0,0.0,0.0,0.0,0.0,0.0,834.1034482758621,834.1034482758621,0.0,0.0,0.0,0.0
cognitive_complexity,rule_config_analyzer_profile_signal,0.0,63,63,63,63,0,0,0,0.0,0.0,0.0,0.0,0.0,0.0,0.0,678.7936507936508,678.7936507936508,0.0,0.0,0.0,0.0
cognitive_complexity,rule_config_analyzer_profile_signal,1.0,39,39,39,39,0,0,0,0.0,0.0,0.0,0.0,0.0,0.0,0.0,983.5128205128206,983.5128205128206,0.0,0.0,0.0,0.0
cognitive_complexity,rule_config_analyzer_profile_signal,2.0,31,31,31,31,0,0,0,0.0,0.0,0.0,0.0,0.0,0.0,0.0,1138.6774193548388,1138.6774193548388,0.0,0.0,0.0,0.0
cognitive_complexity,rule_config_analyzer_profile_signal,3.0,32,32,32,32,0,0,0,0.0,0.0,0.0,0.0,0.0,0.0,0.0,1309.53125,1309.53125,0.0,0.0,0.0,0.0
cognitive_complexity,rule_config_analyzer_profile_signal,4.0,23,23,23,23,0,0,0,0.0,0.0,0.0,0.0,0.0,0.0,0.0,1420.3478260869565,1420.3478260869565,0.0,0.0,0.0,0.0
cognitive_complexity,rule_config_analyzer_profile_signal,5.0,18,18,18,18,0,0,0,0.0,0.0,0.0,0.0,0.0,0.0,0.0,1456.2222222222222,1456.2222222222222,0.0,0.0,0.0,0.0
cognitive_complexity,rule_config_analyzer_profile_signal,6.0,6,6,6,6,0,0,0,0.0,0.0,0.0,0.0,0.0,0.0,0.0,664.8333333333334,664.8333333333334,0.0,0.0,0.0,0.0
cognitive_complexity,rule_config_analyzer_profile_signal,7.0,2,2,2,2,0,0,0,0.0,0.0,0.0,0.0,0.0,0.0,0.0,1808.0,1808.0,0.0,0.0,0.0,0.0
cognitive_complexity,rule_config_analyzer_profile_signal,8.0,1,1,1,1,0,0,0,0.0,0.0,0.0,0.0,0.0,0.0,0.0,337.0,337.0,0.0,0.0,0.0,0.0
cognitive_complexity,rule_config_analyzer_profile_signal,9.0,1,1,1,1,0,0,0,0.0,0.0,0.0,0.0,0.0,0.0,0.0,364.0,364.0,0.0,0.0,0.0,0.0
cognitive_complexity,rule_config_analyzer_profile_signal,,490,490,104,489,1,0,1,-0.0020408163265306124,0.0,0.0,0.0,0.0,1.0,1.0,944.1714285714286,944.1693877551021,0.0020408163265306124,0.0,0.0020408163265306124,6.6341152743870075e-06
cognitive_complexity,source_scope_difference_or_mixed,-14.0,7,7,7,6,1,0,1,-46.142857142857146,0.0,0.0,129.2000000000001,226.09999999999977,323.0,323.0,22728.714285714286,22682.571428571428,0.14285714285714285,0.0,0.14285714285714285,0.0021428192336270034
cognitive_complexity,source_scope_difference_or_mixed,-13.0,8,8,8,7,1,0,1,-12.375,0.0,0.0,29.69999999999998,64.34999999999994,99.0,99.0,23822.5,23810.125,0.125,0.0,0.125,0.0006567774121643137
cognitive_complexity,source_scope_difference_or_mixed,-12.0,11,11,11,9,2,1,1,-10.090909090909092,0.0,0.0,2.0,57.5,113.0,115.0,25394.454545454544,25384.363636363636,0.18181818181818182,0.09090909090909091,0.09090909090909091,0.0007629232565545059
cognitive_complexity,source_scope_difference_or_mixed,-11.0,10,10,10,8,2,1,1,-11.1,0.0,0.0,13.09999999999996,63.04999999999988,113.0,115.0,28287.7,28276.6,0.2,0.1,0.1,0.0007629232565545059
cognitive_complexity,source_scope_difference_or_mixed,-10.0,11,11,11,9,2,1,1,-10.090909090909092,0.0,0.0,2.0,57.5,113.0,115.0,27151.18181818182,27141.090909090908,0.18181818181818182,0.09090909090909091,0.09090909090909091,0.0007629232565545059
cognitive_complexity,source_scope_difference_or_mixed,-9.0,13,13,13,10,3,1,2,-10.0,0.0,0.0,15.600000000000012,56.599999999999866,113.0,134.0,22348.69230769231,22338.69230769231,0.23076923076923078,0.07692307692307693,0.15384615384615385,0.000888971446767859
cognitive_complexity,source_scope_difference_or_mixed,-8.0,15,15,15,11,4,2,2,18.066666666666666,0.0,0.0,75.39999999999996,199.3999999999997,401.0,535.0,20429.133333333335,20447.2,0.26666666666666666,0.13333333333333333,0.13333333333333333,0.003549251671797049
cognitive_complexity,source_scope_difference_or_mixed,-7.0,16,16,16,11,5,2,3,-1546.9375,0.0,0.0,279.5,6601.25,25067.0,25647.0,15580.875,14033.9375,0.3125,0.125,0.1875,0.1701451544422036
cognitive_complexity,source_scope_difference_or_mixed,-6.0,15,15,15,10,5,3,2,49.666666666666664,0.0,0.0,84.99999999999997,328.69999999999925,832.0,1009.0,14428.8,14478.466666666667,0.3333333333333333,0.2,0.13333333333333333,0.006693822311856491
cognitive_complexity,source_scope_difference_or_mixed,-5.0,16,16,16,11,5,3,2,51.8125,0.0,0.0,86.0,324.25,958.0,1173.0,14155.5,14207.3125,0.3125,0.1875,0.125,0.00778181721685596
cognitive_complexity,source_scope_difference_or_mixed,-4.0,17,17,17,12,5,3,2,71.70588235294117,0.0,0.0,77.60000000000002,349.3999999999992,1295.0,1483.0,19555.882352941175,19627.58823529412,0.29411764705882354,0.17647058823529413,0.11764705882352941,0.009838392951915933
cognitive_complexity,source_scope_difference_or_mixed,-3.0,19,19,19,14,5,3,2,77.0,0.0,0.0,118.99999999999997,273.6999999999972,1450.0,1727.0,18121.842105263157,18198.842105263157,0.2631578947368421,0.15789473684210525,0.10526315789473684,0.011457117078866362
cognitive_complexity,source_scope_difference_or_mixed,-2.0,17,17,17,12,5,3,2,88.17647058823529,0.0,0.0,127.80000000000001,415.79999999999905,1479.0,1763.0,20203.764705882353,20291.941176470587,0.29411764705882354,0.17647058823529413,0.11764705882352941,0.011695945228744295
cognitive_complexity,source_scope_difference_or_mixed,-1.0,19,19,19,14,5,3,2,84.26315789473684,0.0,0.0,121.99999999999997,299.499999999997,1573.0,1865.0,18746.63157894737,18830.894736842107,0.2631578947368421,0.15789473684210525,0.10526315789473684,0.01237262498673177
cognitive_complexity,source_scope_difference_or_mixed,0.0,28,28,28,16,12,7,5,-833.75,0.0,0.0,1271.7,1664.9999999999993,25067.0,30465.0,14604.392857142857,13770.642857142857,0.42857142857142855,0.25,0.17857142857142858,0.2021083218342002
cognitive_complexity,source_scope_difference_or_mixed,1.0,28,28,28,16,12,11,1,-814.75,0.0,0.0,1105.8000000000002,1949.0499999999986,29442.0,36071.0,10663.07142857143,9848.32142857143,0.42857142857142855,0.39285714285714285,0.03571428571428571,0.23929917206241375
cognitive_complexity,source_scope_difference_or_mixed,2.0,22,22,22,14,8,6,2,310.45454545454544,0.0,0.0,207.50000000000023,397.54999999999984,6271.0,7070.0,11742.727272727272,12053.181818181818,0.36363636363636365,0.2727272727272727,0.09090909090909091,0.046903194989916144
cognitive_complexity,source_scope_difference_or_mixed,3.0,21,21,21,16,5,4,1,151.71428571428572,0.0,0.0,113.0,234.0,3047.0,3412.0,13469.619047619048,13621.333333333334,0.23809523809523808,0.19047619047619047,0.047619047619047616,0.02263560131620847
cognitive_complexity,source_scope_difference_or_mixed,4.0,24,24,24,17,7,5,2,171.41666666666666,0.0,0.0,247.39999999999986,391.69999999999976,3516.0,4378.0,17363.0,17534.416666666668,0.2916666666666667,0.20833333333333334,0.08333333333333333,0.02904415667126632
cognitive_complexity,source_scope_difference_or_mixed,5.0,21,21,21,15,6,4,2,30.285714285714285,0.0,0.0,120.0,348.0,407.0,914.0,14709.904761904761,14740.190476190477,0.2857142857142857,0.19047619047619047,0.09523809523809523,0.006063581360789725
cognitive_complexity,source_scope_difference_or_mixed,6.0,8,8,8,6,2,1,1,518.0,0.0,0.0,1262.1999999999994,2712.5999999999976,4163.0,4182.0,29580.375,30098.375,0.25,0.125,0.125,0.027743870077486465
cognitive_complexity,source_scope_difference_or_mixed,7.0,4,4,4,4,0,0,0,0.0,0.0,0.0,0.0,0.0,0.0,0.0,5376.25,5376.25,0.0,0.0,0.0,0.0
cognitive_complexity,source_scope_difference_or_mixed,8.0,2,2,2,2,0,0,0,0.0,0.0,0.0,0.0,0.0,0.0,0.0,1271.0,1271.0,0.0,0.0,0.0,0.0
cognitive_complexity,source_scope_difference_or_mixed,9.0,2,2,2,2,0,0,0,0.0,0.0,0.0,0.0,0.0,0.0,0.0,1370.0,1370.0,0.0,0.0,0.0,0.0
cognitive_complexity,source_scope_difference_or_mixed,10.0,2,2,2,2,0,0,0,0.0,0.0,0.0,0.0,0.0,0.0,0.0,2179.0,2179.0,0.0,0.0,0.0,0.0
cognitive_complexity,source_scope_difference_or_mixed,11.0,1,1,1,1,0,0,0,0.0,0.0,0.0,0.0,0.0,0.0,0.0,1022.0,1022.0,0.0,0.0,0.0,0.0
cognitive_complexity,source_scope_difference_or_mixed,,220,220,25,137,83,71,12,65.43181818181819,0.0,0.0,165.0,679.4999999999991,2180.0,19099.0,4044.518181818182,4109.95,0.37727272727272726,0.32272727272727275,0.05454545454545454,0.12670496762551747
comment_lines_density,commit_selection_difference,-14.0,1,1,1,1,0,0,0,0.0,0.0,0.0,0.0,0.0,0.0,0.0,8.6,8.6,0.0,0.0,0.0,0.0
comment_lines_density,commit_selection_difference,-13.0,2,2,2,0,2,0,2,-0.7000000000000002,-0.7000000000000002,0.7000000000000002,1.1800000000000006,1.2400000000000007,1.3000000000000007,1.4000000000000004,5.800000000000001,5.1,1.0,0.0,1.0,0.00563380281690141
comment_lines_density,commit_selection_difference,-10.0,1,1,1,0,1,1,0,14.5,14.5,14.5,14.5,14.5,14.5,14.5,17.5,32.0,1.0,1.0,0.0,0.05835010060362173
comment_lines_density,commit_selection_difference,-9.0,1,1,1,1,0,0,0,0.0,0.0,0.0,0.0,0.0,0.0,0.0,9.1,9.1,0.0,0.0,0.0,0.0
comment_lines_density,commit_selection_difference,-8.0,1,1,1,1,0,0,0,0.0,0.0,0.0,0.0,0.0,0.0,0.0,8.6,8.6,0.0,0.0,0.0,0.0
comment_lines_density,commit_selection_difference,-7.0,2,2,2,1,1,0,1,-0.20000000000000015,-0.20000000000000015,0.20000000000000015,0.36000000000000026,0.3800000000000003,0.4000000000000003,0.4000000000000003,12.45,12.25,0.5,0.0,0.5,0.001609657947686118
comment_lines_density,commit_selection_difference,-6.0,1,1,1,1,0,0,0,0.0,0.0,0.0,0.0,0.0,0.0,0.0,9.7,9.7,0.0,0.0,0.0,0.0
comment_lines_density,commit_selection_difference,-5.0,1,1,1,1,0,0,0,0.0,0.0,0.0,0.0,0.0,0.0,0.0,9.6,9.6,0.0,0.0,0.0,0.0
comment_lines_density,commit_selection_difference,-4.0,1,1,1,1,0,0,0,0.0,0.0,0.0,0.0,0.0,0.0,0.0,9.2,9.2,0.0,0.0,0.0,0.0
comment_lines_density,commit_selection_difference,-3.0,1,1,1,1,0,0,0,0.0,0.0,0.0,0.0,0.0,0.0,0.0,10.3,10.3,0.0,0.0,0.0,0.0
comment_lines_density,commit_selection_difference,-2.0,1,1,1,1,0,0,0,0.0,0.0,0.0,0.0,0.0,0.0,0.0,11.2,11.2,0.0,0.0,0.0,0.0
comment_lines_density,commit_selection_difference,-1.0,3,3,3,3,0,0,0,0.0,0.0,0.0,0.0,0.0,0.0,0.0,14.466666666666667,14.466666666666667,0.0,0.0,0.0,0.0
comment_lines_density,commit_selection_difference,0.0,8,8,8,6,2,1,1,-0.012500000000000401,0.0,0.0,0.12999999999999876,0.16499999999999984,0.200000000000001,0.2999999999999988,17.375,17.362499999999997,0.25,0.125,0.125,0.0012072434607645827
comment_lines_density,commit_selection_difference,1.0,3,3,3,3,0,0,0,0.0,0.0,0.0,0.0,0.0,0.0,0.0,19.933333333333334,19.933333333333334,0.0,0.0,0.0,0.0
comment_lines_density,commit_selection_difference,2.0,6,6,6,4,2,2,0,0.0333333333333335,0.0,0.0,0.1000000000000005,0.10000000000000095,0.1000000000000014,0.200000000000001,18.133333333333336,18.166666666666668,0.3333333333333333,0.3333333333333333,0.0,0.0008048289738430625
comment_lines_density,commit_selection_difference,3.0,4,4,4,2,2,2,0,0.8000000000000004,0.0500000000000007,0.0500000000000007,2.200000000000001,2.6499999999999995,3.1,3.2000000000000015,18.2,19.0,0.5,0.5,0.0,0.01287726358148894
comment_lines_density,commit_selection_difference,4.0,7,7,7,5,2,2,0,0.0857142857142849,0.0,0.0,0.25999999999999673,0.379999999999998,0.5,0.5999999999999943,22.214285714285715,22.3,0.2857142857142857,0.2857142857142857,0.0,0.002414486921529152
comment_lines_density,commit_selection_difference,5.0,7,7,7,4,3,1,2,-0.04285714285714205,0.0,0.0,0.17999999999999922,0.239999999999998,0.2999999999999971,0.4999999999999954,16.642857142857142,16.6,0.42857142857142855,0.14285714285714285,0.2857142857142857,0.0020120724346076274
comment_lines_density,commit_selection_difference,6.0,4,4,4,2,2,0,2,-1.8000000000000007,-1.6000000000000014,1.6000000000000014,3.760000000000001,3.8800000000000003,4.0,7.200000000000003,19.6,17.8,0.5,0.0,0.5,0.028973843058350112
comment_lines_density,commit_selection_difference,7.0,3,3,3,3,0,0,0,0.0,0.0,0.0,0.0,0.0,0.0,0.0,14.766666666666666,14.766666666666666,0.0,0.0,0.0,0.0
comment_lines_density,commit_selection_difference,8.0,1,1,1,0,1,1,0,0.4000000000000003,0.4000000000000003,0.4000000000000003,0.4000000000000003,0.4000000000000003,0.4000000000000003,0.4000000000000003,15.2,15.6,1.0,1.0,0.0,0.001609657947686118
comment_lines_density,commit_selection_difference,,41,41,13,32,9,4,5,0.021951219512195305,0.0,0.0,0.3000000000000007,0.3999999999999994,1.6000000000000014,3.900000000000002,5.860975609756097,5.8829268292682935,0.21951219512195122,0.0975609756097561,0.12195121951219512,0.015694164989939648
comment_lines_density,paper_commit_missing,3.0,1,1,1,0,1,0,1,-9.1,-9.1,9.1,9.1,9.1,9.1,9.1,16.1,7.0,1.0,0.0,1.0,0.036619718309859155
comment_lines_density,rule_config_analyzer_profile_signal,-14.0,6,6,6,6,0,0,0,0.0,0.0,0.0,0.0,0.0,0.0,0.0,18.933333333333334,18.933333333333334,0.0,0.0,0.0,0.0
comment_lines_density,rule_config_analyzer_profile_signal,-13.0,8,8,8,8,0,0,0,0.0,0.0,0.0,0.0,0.0,0.0,0.0,23.1875,23.1875,0.0,0.0,0.0,0.0
comment_lines_density,rule_config_analyzer_profile_signal,-12.0,9,9,9,9,0,0,0,0.0,0.0,0.0,0.0,0.0,0.0,0.0,18.011111111111106,18.011111111111106,0.0,0.0,0.0,0.0
comment_lines_density,rule_config_analyzer_profile_signal,-11.0,11,11,11,11,0,0,0,0.0,0.0,0.0,0.0,0.0,0.0,0.0,19.381818181818183,19.381818181818183,0.0,0.0,0.0,0.0
comment_lines_density,rule_config_analyzer_profile_signal,-10.0,10,10,10,10,0,0,0,0.0,0.0,0.0,0.0,0.0,0.0,0.0,15.430000000000001,15.430000000000001,0.0,0.0,0.0,0.0
comment_lines_density,rule_config_analyzer_profile_signal,-9.0,16,16,16,16,0,0,0,0.0,0.0,0.0,0.0,0.0,0.0,0.0,18.875,18.875,0.0,0.0,0.0,0.0
comment_lines_density,rule_config_analyzer_profile_signal,-8.0,15,15,15,15,0,0,0,0.0,0.0,0.0,0.0,0.0,0.0,0.0,20.480000000000004,20.480000000000004,0.0,0.0,0.0,0.0
comment_lines_density,rule_config_analyzer_profile_signal,-7.0,12,12,12,12,0,0,0,0.0,0.0,0.0,0.0,0.0,0.0,0.0,19.98333333333333,19.98333333333333,0.0,0.0,0.0,0.0
comment_lines_density,rule_config_analyzer_profile_signal,-6.0,14,14,14,14,0,0,0,0.0,0.0,0.0,0.0,0.0,0.0,0.0,18.99285714285714,18.99285714285714,0.0,0.0,0.0,0.0
comment_lines_density,rule_config_analyzer_profile_signal,-5.0,15,15,15,15,0,0,0,0.0,0.0,0.0,0.0,0.0,0.0,0.0,17.513333333333332,17.513333333333332,0.0,0.0,0.0,0.0
comment_lines_density,rule_config_analyzer_profile_signal,-4.0,17,17,17,17,0,0,0,0.0,0.0,0.0,0.0,0.0,0.0,0.0,17.19411764705882,17.19411764705882,0.0,0.0,0.0,0.0
comment_lines_density,rule_config_analyzer_profile_signal,-3.0,20,20,20,20,0,0,0,0.0,0.0,0.0,0.0,0.0,0.0,0.0,20.699999999999996,20.699999999999996,0.0,0.0,0.0,0.0
comment_lines_density,rule_config_analyzer_profile_signal,-2.0,22,22,22,22,0,0,0,0.0,0.0,0.0,0.0,0.0,0.0,0.0,18.154545454545456,18.154545454545456,0.0,0.0,0.0,0.0
comment_lines_density,rule_config_analyzer_profile_signal,-1.0,29,29,29,29,0,0,0,0.0,0.0,0.0,0.0,0.0,0.0,0.0,19.127586206896552,19.127586206896552,0.0,0.0,0.0,0.0
comment_lines_density,rule_config_analyzer_profile_signal,0.0,63,63,63,63,0,0,0,0.0,0.0,0.0,0.0,0.0,0.0,0.0,18.87936507936508,18.87936507936508,0.0,0.0,0.0,0.0
comment_lines_density,rule_config_analyzer_profile_signal,1.0,39,39,39,39,0,0,0,0.0,0.0,0.0,0.0,0.0,0.0,0.0,19.146153846153847,19.146153846153847,0.0,0.0,0.0,0.0
comment_lines_density,rule_config_analyzer_profile_signal,2.0,31,31,31,31,0,0,0,0.0,0.0,0.0,0.0,0.0,0.0,0.0,19.903225806451612,19.903225806451612,0.0,0.0,0.0,0.0
comment_lines_density,rule_config_analyzer_profile_signal,3.0,32,32,32,32,0,0,0,0.0,0.0,0.0,0.0,0.0,0.0,0.0,22.15625,22.15625,0.0,0.0,0.0,0.0
comment_lines_density,rule_config_analyzer_profile_signal,4.0,23,23,23,23,0,0,0,0.0,0.0,0.0,0.0,0.0,0.0,0.0,21.473913043478262,21.473913043478262,0.0,0.0,0.0,0.0
comment_lines_density,rule_config_analyzer_profile_signal,5.0,18,18,18,18,0,0,0,0.0,0.0,0.0,0.0,0.0,0.0,0.0,20.8,20.8,0.0,0.0,0.0,0.0
comment_lines_density,rule_config_analyzer_profile_signal,6.0,6,6,6,6,0,0,0,0.0,0.0,0.0,0.0,0.0,0.0,0.0,18.366666666666667,18.366666666666667,0.0,0.0,0.0,0.0
comment_lines_density,rule_config_analyzer_profile_signal,7.0,2,2,2,2,0,0,0,0.0,0.0,0.0,0.0,0.0,0.0,0.0,17.3,17.3,0.0,0.0,0.0,0.0
comment_lines_density,rule_config_analyzer_profile_signal,8.0,1,1,1,1,0,0,0,0.0,0.0,0.0,0.0,0.0,0.0,0.0,20.4,20.4,0.0,0.0,0.0,0.0
comment_lines_density,rule_config_analyzer_profile_signal,9.0,1,1,1,1,0,0,0,0.0,0.0,0.0,0.0,0.0,0.0,0.0,20.8,20.8,0.0,0.0,0.0,0.0
comment_lines_density,rule_config_analyzer_profile_signal,,490,490,104,489,1,0,1,-0.0006122448979591833,0.0,0.0,0.0,0.0,0.2999999999999998,0.2999999999999998,15.457959183673468,15.457346938775512,0.0020408163265306124,0.0,0.0020408163265306124,0.0012072434607645868
comment_lines_density,source_scope_difference_or_mixed,-14.0,7,7,7,5,2,1,1,0.02857142857142867,0.0,0.0,0.18000000000000035,0.24000000000000035,0.3000000000000007,0.4000000000000007,7.485714285714287,7.514285714285713,0.2857142857142857,0.14285714285714285,0.14285714285714285,0.0016096579476861195
comment_lines_density,source_scope_difference_or_mixed,-13.0,8,8,8,7,1,1,0,0.03750000000000009,0.0,0.0,0.09000000000000016,0.19500000000000028,0.3000000000000007,0.3000000000000007,7.8125,7.85,0.125,0.125,0.0,0.0012072434607645903
comment_lines_density,source_scope_difference_or_mixed,-12.0,11,11,11,10,1,1,0,0.009090909090909054,0.0,0.0,0.0,0.0499999999999998,0.0999999999999996,0.0999999999999996,7.79090909090909,7.8,0.09090909090909091,0.09090909090909091,0.0,0.0004024144869215276
comment_lines_density,source_scope_difference_or_mixed,-11.0,10,10,10,6,4,1,3,-0.020000000000000143,0.0,0.0,0.09999999999999964,0.09999999999999983,0.1,0.399999999999997,8.870000000000001,8.85,0.4,0.1,0.3,0.0016096579476861047
comment_lines_density,source_scope_difference_or_mixed,-10.0,11,11,11,7,4,4,0,0.054545454545454335,0.0,0.0,0.0999999999999996,0.20000000000000015,0.3000000000000007,0.5999999999999976,9.081818181818182,9.136363636363637,0.36363636363636365,0.36363636363636365,0.0,0.0024144869215291655
comment_lines_density,source_scope_difference_or_mixed,-9.0,13,13,13,9,4,1,3,-0.046153846153846254,0.0,0.0,0.18000000000000257,0.2800000000000015,0.4000000000000003,0.800000000000004,10.184615384615386,10.138461538461538,0.3076923076923077,0.07692307692307693,0.23076923076923078,0.00321931589537225
comment_lines_density,source_scope_difference_or_mixed,-8.0,15,15,15,12,3,2,1,0.013333333333333168,0.0,0.0,0.16000000000000147,0.23000000000000206,0.3000000000000007,0.6000000000000032,10.8,10.813333333333333,0.2,0.13333333333333333,0.06666666666666667,0.002414486921529188
comment_lines_density,source_scope_difference_or_mixed,-7.0,16,16,16,10,6,3,3,0.49374999999999986,0.0,0.0,0.2500000000000018,2.200000000000001,7.900000000000002,8.700000000000003,11.787500000000001,12.28125,0.375,0.1875,0.1875,0.03501006036217305
comment_lines_density,source_scope_difference_or_mixed,-6.0,15,15,15,9,6,5,1,0.05999999999999978,0.0,0.0,0.20000000000000207,0.3200000000000014,0.5999999999999996,1.3000000000000025,12.286666666666667,12.346666666666668,0.4,0.3333333333333333,0.06666666666666667,0.005231388329979889
comment_lines_density,source_scope_difference_or_mixed,-5.0,16,16,16,11,5,3,2,0.012500000000000292,0.0,0.0,0.2999999999999998,0.4250000000000002,0.5,1.3999999999999968,11.987499999999999,12.0,0.3125,0.1875,0.125,0.005633802816901396
comment_lines_density,source_scope_difference_or_mixed,-4.0,17,17,17,10,7,5,2,0.005882352941176913,0.0,0.0,0.24000000000000057,0.3799999999999987,0.6999999999999957,1.6999999999999984,11.441176470588236,11.447058823529414,0.4117647058823529,0.29411764705882354,0.11764705882352941,0.00684104627766599
comment_lines_density,source_scope_difference_or_mixed,-3.0,19,19,19,12,7,4,3,-0.021052631578947437,0.0,0.0,0.31999999999999984,0.42999999999999994,0.7000000000000028,2.0000000000000044,11.91578947368421,11.894736842105264,0.3684210526315789,0.21052631578947367,0.15789473684210525,0.008048289738430602
comment_lines_density,source_scope_difference_or_mixed,-2.0,17,17,17,10,7,5,2,0.04705882352941196,0.0,0.0,0.24000000000000038,0.3000000000000007,0.3000000000000007,1.2000000000000017,9.835294117647058,9.882352941176471,0.4117647058823529,0.29411764705882354,0.11764705882352941,0.004828973843058357
comment_lines_density,source_scope_difference_or_mixed,-1.0,19,19,19,13,6,5,1,0.015789473684210464,0.0,0.0,0.14000000000000112,0.31000000000000044,0.4000000000000003,1.0999999999999996,10.194736842105263,10.210526315789474,0.3157894736842105,0.2631578947368421,0.05263157894736842,0.00442655935613682
comment_lines_density,source_scope_difference_or_mixed,0.0,28,28,28,10,18,9,9,0.08214285714285723,0.0,0.0999999999999996,1.5899999999999999,7.389999999999988,15.7,33.3,15.4,15.48214285714286,0.6428571428571429,0.32142857142857145,0.32142857142857145,0.1340040241448692
comment_lines_density,source_scope_difference_or_mixed,1.0,28,28,28,14,14,7,7,-0.15357142857142866,0.0,0.0499999999999998,0.910000000000002,1.8549999999999986,3.900000000000002,10.500000000000007,15.089285714285714,14.935714285714287,0.5,0.25,0.25,0.04225352112676059
comment_lines_density,source_scope_difference_or_mixed,2.0,22,22,22,10,12,7,5,-0.22272727272727258,0.0,0.0999999999999996,0.39000000000000035,1.3499999999999979,3.900000000000002,7.100000000000003,14.095454545454544,13.872727272727273,0.5454545454545454,0.3181818181818182,0.22727272727272727,0.028571428571428584
comment_lines_density,source_scope_difference_or_mixed,3.0,21,21,21,12,9,6,3,0.009523809523809311,0.0,0.0,0.2000000000000001,0.2999999999999998,0.4000000000000003,1.5999999999999939,11.371428571428574,11.380952380952383,0.42857142857142855,0.2857142857142857,0.14285714285714285,0.006438631790744442
comment_lines_density,source_scope_difference_or_mixed,4.0,24,24,24,15,9,5,4,-0.16666666666666682,0.0,0.0,0.19999999999999984,0.36999999999999983,4.0,5.399999999999999,13.5625,13.395833333333334,0.375,0.20833333333333334,0.16666666666666666,0.02173038229376257
comment_lines_density,source_scope_difference_or_mixed,5.0,21,21,21,13,8,6,2,-0.16190476190476222,0.0,0.0,0.2999999999999989,0.4000000000000003,4.0,5.399999999999994,13.033333333333333,12.871428571428572,0.38095238095238093,0.2857142857142857,0.09523809523809523,0.021730382293762552
comment_lines_density,source_scope_difference_or_mixed,6.0,8,8,8,3,5,3,2,-0.0125000000000003,0.0,0.0999999999999987,0.2600000000000001,0.3300000000000001,0.4000000000000003,0.8999999999999974,11.2625,11.25,0.625,0.375,0.25,0.003621730382293752
comment_lines_density,source_scope_difference_or_mixed,7.0,4,4,4,1,3,2,1,-0.02500000000000083,0.0499999999999989,0.0999999999999987,0.2400000000000004,0.27000000000000046,0.3000000000000007,0.4999999999999981,17.675,17.65,0.75,0.5,0.25,0.0020120724346076382
comment_lines_density,source_scope_difference_or_mixed,8.0,2,2,2,2,0,0,0,0.0,0.0,0.0,0.0,0.0,0.0,0.0,25.5,25.5,0.0,0.0,0.0,0.0
comment_lines_density,source_scope_difference_or_mixed,9.0,2,2,2,2,0,0,0,0.0,0.0,0.0,0.0,0.0,0.0,0.0,25.8,25.8,0.0,0.0,0.0,0.0
comment_lines_density,source_scope_difference_or_mixed,10.0,2,2,2,2,0,0,0,0.0,0.0,0.0,0.0,0.0,0.0,0.0,24.7,24.7,0.0,0.0,0.0,0.0
comment_lines_density,source_scope_difference_or_mixed,11.0,1,1,1,1,0,0,0,0.0,0.0,0.0,0.0,0.0,0.0,0.0,28.2,28.2,0.0,0.0,0.0,0.0
comment_lines_density,source_scope_difference_or_mixed,,220,220,25,131,89,19,70,-0.4745454545454545,0.0,0.0,0.4100000000000013,5.4049999999999985,7.0,121.20000000000002,14.69772727272727,14.223181818181816,0.40454545454545454,0.08636363636363636,0.3181818181818182,0.4877263581488934
duplicated_lines_density,commit_selection_difference,-14.0,1,1,1,1,0,0,0,0.0,0.0,0.0,0.0,0.0,0.0,0.0,70.4,70.4,0.0,0.0,0.0,0.0
duplicated_lines_density,commit_selection_difference,-13.0,2,2,2,0,2,1,1,-0.9000000000000004,-0.9000000000000004,24.4,25.12,25.21,25.3,48.8,35.15,34.25,1.0,0.5,0.5,0.06409246125558181
duplicated_lines_density,commit_selection_difference,-10.0,1,1,1,0,1,0,1,-0.8999999999999999,-0.8999999999999999,0.8999999999999999,0.8999999999999999,0.8999999999999999,0.8999999999999999,0.8999999999999999,3.8,2.9,1.0,0.0,1.0,0.0011820330969267137
duplicated_lines_density,commit_selection_difference,-9.0,1,1,1,1,0,0,0,0.0,0.0,0.0,0.0,0.0,0.0,0.0,0.0,0.0,0.0,0.0,0.0,0.0
duplicated_lines_density,commit_selection_difference,-8.0,1,1,1,1,0,0,0,0.0,0.0,0.0,0.0,0.0,0.0,0.0,3.1,3.1,0.0,0.0,0.0,0.0
duplicated_lines_density,commit_selection_difference,-7.0,2,2,2,2,0,0,0,0.0,0.0,0.0,0.0,0.0,0.0,0.0,1.15,1.15,0.0,0.0,0.0,0.0
duplicated_lines_density,commit_selection_difference,-6.0,1,1,1,1,0,0,0,0.0,0.0,0.0,0.0,0.0,0.0,0.0,3.0,3.0,0.0,0.0,0.0,0.0
duplicated_lines_density,commit_selection_difference,-5.0,1,1,1,1,0,0,0,0.0,0.0,0.0,0.0,0.0,0.0,0.0,5.0,5.0,0.0,0.0,0.0,0.0
duplicated_lines_density,commit_selection_difference,-4.0,1,1,1,1,0,0,0,0.0,0.0,0.0,0.0,0.0,0.0,0.0,5.8,5.8,0.0,0.0,0.0,0.0
duplicated_lines_density,commit_selection_difference,-3.0,1,1,1,1,0,0,0,0.0,0.0,0.0,0.0,0.0,0.0,0.0,3.8,3.8,0.0,0.0,0.0,0.0
duplicated_lines_density,commit_selection_difference,-2.0,1,1,1,1,0,0,0,0.0,0.0,0.0,0.0,0.0,0.0,0.0,3.6,3.6,0.0,0.0,0.0,0.0
duplicated_lines_density,commit_selection_difference,-1.0,3,3,3,3,0,0,0,0.0,0.0,0.0,0.0,0.0,0.0,0.0,3.033333333333333,3.033333333333333,0.0,0.0,0.0,0.0
duplicated_lines_density,commit_selection_difference,0.0,8,8,8,8,0,0,0,0.0,0.0,0.0,0.0,0.0,0.0,0.0,3.2625,3.2625,0.0,0.0,0.0,0.0
duplicated_lines_density,commit_selection_difference,1.0,3,3,3,3,0,0,0,0.0,0.0,0.0,0.0,0.0,0.0,0.0,7.6000000000000005,7.6000000000000005,0.0,0.0,0.0,0.0
duplicated_lines_density,commit_selection_difference,2.0,6,6,6,4,2,1,1,1.1166666666666667,0.0,0.0,3.4499999999999997,5.125,6.8,6.8999999999999995,3.683333333333333,4.8,0.3333333333333333,0.16666666666666666,0.16666666666666666,0.009062253743104804
duplicated_lines_density,commit_selection_difference,3.0,4,4,4,3,1,1,0,1.725,0.0,0.0,4.830000000000002,5.8649999999999975,6.9,6.9,3.3750000000000004,5.1,0.25,0.25,0.0,0.009062253743104806
duplicated_lines_density,commit_selection_difference,4.0,7,7,7,6,1,1,0,0.01428571428571423,0.0,0.0,0.039999999999999876,0.06999999999999965,0.0999999999999996,0.0999999999999996,3.3428571428571425,3.3571428571428568,0.14285714285714285,0.14285714285714285,0.0,0.00013133701076963435
duplicated_lines_density,commit_selection_difference,5.0,7,7,7,4,3,1,2,0.9428571428571431,0.0,0.0,2.8800000000000026,4.889999999999995,6.9,7.199999999999999,4.314285714285715,5.257142857142858,0.42857142857142855,0.14285714285714285,0.2857142857142857,0.00945626477541371
duplicated_lines_density,commit_selection_difference,6.0,4,4,4,2,2,2,0,0.4750000000000001,0.35000000000000003,0.35000000000000003,1.0500000000000003,1.125,1.2000000000000002,1.9000000000000004,1.125,1.6,0.5,0.5,0.0,0.002495403204623063
duplicated_lines_density,commit_selection_difference,7.0,3,3,3,2,1,1,0,0.1333333333333333,0.0,0.0,0.31999999999999995,0.3599999999999999,0.3999999999999999,0.3999999999999999,5.266666666666667,5.400000000000001,0.3333333333333333,0.3333333333333333,0.0,0.0005253480430785394
duplicated_lines_density,commit_selection_difference,8.0,1,1,1,0,1,0,1,-0.1,-0.1,0.1,0.1,0.1,0.1,0.1,0.8,0.7,1.0,0.0,1.0,0.00013133701076963486
duplicated_lines_density,commit_selection_difference,,41,41,13,34,7,3,4,0.10487804878048777,0.0,0.0,1.0999999999999996,2.3000000000000007,3.3999999999999986,13.699999999999998,10.997560975609757,11.102439024390243,0.17073170731707318,0.07317073170731707,0.0975609756097561,0.017993170475439975
duplicated_lines_density,paper_commit_missing,3.0,1,1,1,0,1,1,0,0.7000000000000002,0.7000000000000002,0.7000000000000002,0.7000000000000002,0.7000000000000002,0.7000000000000002,0.7000000000000002,1.4,2.1,1.0,1.0,0.0,0.0009193590753874444
duplicated_lines_density,rule_config_analyzer_profile_signal,-14.0,6,6,6,6,0,0,0,0.0,0.0,0.0,0.0,0.0,0.0,0.0,1.3166666666666667,1.3166666666666667,0.0,0.0,0.0,0.0
duplicated_lines_density,rule_config_analyzer_profile_signal,-13.0,8,8,8,8,0,0,0,0.0,0.0,0.0,0.0,0.0,0.0,0.0,1.1875,1.1875,0.0,0.0,0.0,0.0
duplicated_lines_density,rule_config_analyzer_profile_signal,-12.0,9,9,9,9,0,0,0,0.0,0.0,0.0,0.0,0.0,0.0,0.0,1.0888888888888888,1.0888888888888888,0.0,0.0,0.0,0.0
duplicated_lines_density,rule_config_analyzer_profile_signal,-11.0,11,11,11,11,0,0,0,0.0,0.0,0.0,0.0,0.0,0.0,0.0,0.8181818181818182,0.8181818181818182,0.0,0.0,0.0,0.0
duplicated_lines_density,rule_config_analyzer_profile_signal,-10.0,10,10,10,9,1,0,1,-0.08999999999999986,0.0,0.0,0.08999999999999954,0.4949999999999983,0.8999999999999986,0.8999999999999986,7.390000000000001,7.3,0.1,0.0,0.1,0.001182033096926712
duplicated_lines_density,rule_config_analyzer_profile_signal,-9.0,16,16,16,16,0,0,0,0.0,0.0,0.0,0.0,0.0,0.0,0.0,1.9625000000000001,1.9625000000000001,0.0,0.0,0.0,0.0
duplicated_lines_density,rule_config_analyzer_profile_signal,-8.0,15,15,15,15,0,0,0,0.0,0.0,0.0,0.0,0.0,0.0,0.0,2.1333333333333333,2.1333333333333333,0.0,0.0,0.0,0.0
duplicated_lines_density,rule_config_analyzer_profile_signal,-7.0,12,12,12,12,0,0,0,0.0,0.0,0.0,0.0,0.0,0.0,0.0,2.1666666666666665,2.1666666666666665,0.0,0.0,0.0,0.0
duplicated_lines_density,rule_config_analyzer_profile_signal,-6.0,14,14,14,14,0,0,0,0.0,0.0,0.0,0.0,0.0,0.0,0.0,1.8142857142857143,1.8142857142857143,0.0,0.0,0.0,0.0
duplicated_lines_density,rule_config_analyzer_profile_signal,-5.0,15,15,15,15,0,0,0,0.0,0.0,0.0,0.0,0.0,0.0,0.0,1.6466666666666663,1.6466666666666663,0.0,0.0,0.0,0.0
duplicated_lines_density,rule_config_analyzer_profile_signal,-4.0,17,17,17,17,0,0,0,0.0,0.0,0.0,0.0,0.0,0.0,0.0,1.511764705882353,1.511764705882353,0.0,0.0,0.0,0.0
duplicated_lines_density,rule_config_analyzer_profile_signal,-3.0,20,20,20,20,0,0,0,0.0,0.0,0.0,0.0,0.0,0.0,0.0,1.69,1.69,0.0,0.0,0.0,0.0
duplicated_lines_density,rule_config_analyzer_profile_signal,-2.0,22,22,22,22,0,0,0,0.0,0.0,0.0,0.0,0.0,0.0,0.0,1.3454545454545455,1.3454545454545455,0.0,0.0,0.0,0.0
duplicated_lines_density,rule_config_analyzer_profile_signal,-1.0,29,29,29,29,0,0,0,0.0,0.0,0.0,0.0,0.0,0.0,0.0,1.8103448275862069,1.8103448275862069,0.0,0.0,0.0,0.0
duplicated_lines_density,rule_config_analyzer_profile_signal,0.0,63,63,63,62,1,0,1,-0.0015873015873015873,0.0,0.0,0.0,0.0,0.1,0.1,2.4936507936507937,2.492063492063492,0.015873015873015872,0.0,0.015873015873015872,0.00013133701076963486
duplicated_lines_density,rule_config_analyzer_profile_signal,1.0,39,39,39,38,1,0,1,-0.002564102564102564,0.0,0.0,0.0,0.0,0.1,0.1,2.184615384615385,2.1820512820512823,0.02564102564102564,0.0,0.02564102564102564,0.00013133701076963486
duplicated_lines_density,rule_config_analyzer_profile_signal,2.0,31,31,31,31,0,0,0,0.0,0.0,0.0,0.0,0.0,0.0,0.0,3.548387096774194,3.548387096774194,0.0,0.0,0.0,0.0
duplicated_lines_density,rule_config_analyzer_profile_signal,3.0,32,32,32,32,0,0,0,0.0,0.0,0.0,0.0,0.0,0.0,0.0,2.490625,2.490625,0.0,0.0,0.0,0.0
duplicated_lines_density,rule_config_analyzer_profile_signal,4.0,23,23,23,23,0,0,0,0.0,0.0,0.0,0.0,0.0,0.0,0.0,1.691304347826087,1.691304347826087,0.0,0.0,0.0,0.0
duplicated_lines_density,rule_config_analyzer_profile_signal,5.0,18,18,18,18,0,0,0,0.0,0.0,0.0,0.0,0.0,0.0,0.0,2.8499999999999996,2.8499999999999996,0.0,0.0,0.0,0.0
duplicated_lines_density,rule_config_analyzer_profile_signal,6.0,6,6,6,6,0,0,0,0.0,0.0,0.0,0.0,0.0,0.0,0.0,1.4166666666666667,1.4166666666666667,0.0,0.0,0.0,0.0
duplicated_lines_density,rule_config_analyzer_profile_signal,7.0,2,2,2,2,0,0,0,0.0,0.0,0.0,0.0,0.0,0.0,0.0,0.75,0.75,0.0,0.0,0.0,0.0
duplicated_lines_density,rule_config_analyzer_profile_signal,8.0,1,1,1,1,0,0,0,0.0,0.0,0.0,0.0,0.0,0.0,0.0,0.0,0.0,0.0,0.0,0.0,0.0
duplicated_lines_density,rule_config_analyzer_profile_signal,9.0,1,1,1,1,0,0,0,0.0,0.0,0.0,0.0,0.0,0.0,0.0,0.0,0.0,0.0,0.0,0.0,0.0
duplicated_lines_density,rule_config_analyzer_profile_signal,,490,490,104,476,14,1,13,-0.03938775510204081,0.0,0.0,0.0,0.0,6.499999999999999,20.299999999999997,8.33938775510204,8.3,0.02857142857142857,0.0020408163265306124,0.026530612244897958,0.026661413186235876
duplicated_lines_density,source_scope_difference_or_mixed,-14.0,7,7,7,5,2,0,2,-3.971428571428571,0.0,0.0,11.440000000000008,18.819999999999983,26.2,27.799999999999997,10.114285714285716,6.142857142857143,0.2857142857142857,0.0,0.2857142857142857,0.03651168899395849
duplicated_lines_density,source_scope_difference_or_mixed,-13.0,8,8,8,5,3,0,3,-0.23750000000000004,0.0,0.0,0.6199999999999992,1.1099999999999988,1.5999999999999996,1.9000000000000004,8.587499999999999,8.35,0.375,0.0,0.375,0.002495403204623063
duplicated_lines_density,source_scope_difference_or_mixed,-12.0,11,11,11,4,7,0,7,-2.4,-0.1999999999999957,0.1999999999999957,0.3000000000000007,12.75,25.2,26.4,13.42727272727273,11.027272727272727,0.6363636363636364,0.0,0.6363636363636364,0.034672970843183604
duplicated_lines_density,source_scope_difference_or_mixed,-11.0,10,10,10,5,5,0,5,-2.5800000000000005,-0.0500000000000007,0.0500000000000007,2.7699999999999916,13.884999999999977,25.000000000000004,25.800000000000004,13.210000000000003,10.629999999999999,0.5,0.0,0.5,0.0338849487785658
duplicated_lines_density,source_scope_difference_or_mixed,-10.0,11,11,11,5,6,0,6,-2.481818181818182,-0.0999999999999978,0.0999999999999978,1.5999999999999996,13.25,24.9,27.3,13.536363636363637,11.054545454545455,0.5454545454545454,0.0,0.5454545454545454,0.03585500394011032
duplicated_lines_density,source_scope_difference_or_mixed,-9.0,13,13,13,8,5,0,5,-2.0153846153846158,0.0,0.0,0.7000000000000003,10.399999999999967,24.8,26.200000000000003,12.584615384615386,10.569230769230769,0.38461538461538464,0.0,0.38461538461538464,0.034410296821644336
duplicated_lines_density,source_scope_difference_or_mixed,-8.0,15,15,15,8,7,0,7,-1.8199999999999998,0.0,0.0,1.0799999999999994,8.559999999999976,24.8,27.299999999999997,11.913333333333334,10.093333333333335,0.4666666666666667,0.0,0.4666666666666667,0.03585500394011031
duplicated_lines_density,source_scope_difference_or_mixed,-7.0,16,16,16,11,5,1,4,-0.07500000000000007,0.0,0.0,0.6000000000000001,1.0499999999999998,1.5,3.000000000000001,9.3875,9.3125,0.3125,0.0625,0.25,0.003940110323089047
duplicated_lines_density,source_scope_difference_or_mixed,-6.0,15,15,15,11,4,1,3,0.019999999999999962,0.0,0.0,0.3000000000000005,0.5399999999999996,1.0999999999999996,1.9,9.353333333333332,9.373333333333333,0.26666666666666666,0.06666666666666667,0.2,0.002495403204623062
duplicated_lines_density,source_scope_difference_or_mixed,-5.0,16,16,16,11,5,1,4,-0.05625000000000003,0.0,0.0,0.7,0.8499999999999999,0.9999999999999996,2.8999999999999995,8.95625,8.9,0.3125,0.0625,0.25,0.0038087733123194105
duplicated_lines_density,source_scope_difference_or_mixed,-4.0,17,17,17,11,6,1,5,-1.576470588235294,0.0,0.0,1.7000000000000006,7.139999999999983,26.5,31.400000000000002,10.74705882352941,9.170588235294117,0.35294117647058826,0.058823529411764705,0.29411764705882354,0.04123982138166535
duplicated_lines_density,source_scope_difference_or_mixed,-3.0,19,19,19,10,9,1,8,-1.3894736842105264,0.0,0.0,1.7399999999999989,5.799999999999951,26.5,33.4,11.742105263157894,10.352631578947367,0.47368421052631576,0.05263157894736842,0.42105263157894735,0.04386656159705805
duplicated_lines_density,source_scope_difference_or_mixed,-2.0,17,17,17,10,7,1,6,-1.4882352941176473,0.0,0.0,2.120000000000001,8.059999999999985,26.3,32.300000000000004,11.011764705882353,9.523529411764704,0.4117647058823529,0.058823529411764705,0.35294117647058826,0.04242185447859207
duplicated_lines_density,source_scope_difference_or_mixed,-1.0,19,19,19,11,8,1,7,-1.5473684210526315,0.0,0.0,2.0199999999999996,4.5099999999999465,26.200000000000003,33.4,10.215789473684211,8.66842105263158,0.42105263157894735,0.05263157894736842,0.3684210526315789,0.04386656159705805
duplicated_lines_density,source_scope_difference_or_mixed,0.0,28,28,28,12,16,6,10,0.8178571428571425,0.0,0.15000000000000052,3.430000000000005,19.169999999999973,46.6,91.30000000000001,7.785714285714285,8.603571428571428,0.5714285714285714,0.21428571428571427,0.35714285714285715,0.11991069083267665
duplicated_lines_density,source_scope_difference_or_mixed,1.0,28,28,28,11,17,4,13,0.2964285714285713,0.0,0.1999999999999993,1.850000000000001,23.649999999999956,46.6,94.10000000000001,6.564285714285715,6.860714285714286,0.6071428571428571,0.14285714285714285,0.4642857142857143,0.12358812713422643
duplicated_lines_density,source_scope_difference_or_mixed,2.0,22,22,22,10,12,2,10,-0.5045454545454545,0.0,0.4000000000000003,1.6000000000000003,2.1699999999999995,6.0,17.3,6.486363636363635,5.9818181818181815,0.5454545454545454,0.09090909090909091,0.45454545454545453,0.022721302863146834
duplicated_lines_density,source_scope_difference_or_mixed,3.0,21,21,21,10,11,1,10,-0.49523809523809537,0.0,0.0999999999999996,1.7000000000000002,2.1999999999999997,6.0,13.800000000000002,9.014285714285714,8.519047619047617,0.5238095238095238,0.047619047619047616,0.47619047619047616,0.018124507486209616
duplicated_lines_density,source_scope_difference_or_mixed,4.0,24,24,24,14,10,2,8,-0.35000000000000026,0.0,0.0,1.47,2.0949999999999984,5.800000000000001,14.200000000000006,6.8625,6.5125,0.4166666666666667,0.08333333333333333,0.3333333333333333,0.01864985552928816
duplicated_lines_density,source_scope_difference_or_mixed,5.0,21,21,21,14,7,2,5,-0.24761904761904757,0.0,0.0,1.4,1.5,5.699999999999999,11.0,6.0095238095238095,5.761904761904763,0.3333333333333333,0.09523809523809523,0.23809523809523808,0.014447071184659835
duplicated_lines_density,source_scope_difference_or_mixed,6.0,8,8,8,6,2,0,2,-0.15000000000000002,0.0,0.0,0.5599999999999999,0.6299999999999999,0.7000000000000001,1.2000000000000002,5.4624999999999995,5.312499999999999,0.25,0.0,0.25,0.0015760441292356187
duplicated_lines_density,source_scope_difference_or_mixed,7.0,4,4,4,2,2,0,2,-0.30000000000000004,-0.25,0.25,0.6400000000000001,0.6699999999999999,0.7000000000000001,1.2000000000000002,2.425,2.125,0.5,0.0,0.5,0.0015760441292356187
duplicated_lines_density,source_scope_difference_or_mixed,8.0,2,2,2,2,0,0,0,0.0,0.0,0.0,0.0,0.0,0.0,0.0,0.75,0.75,0.0,0.0,0.0,0.0
duplicated_lines_density,source_scope_difference_or_mixed,9.0,2,2,2,2,0,0,0,0.0,0.0,0.0,0.0,0.0,0.0,0.0,1.7000000000000002,1.7000000000000002,0.0,0.0,0.0,0.0
duplicated_lines_density,source_scope_difference_or_mixed,10.0,2,2,2,2,0,0,0,0.0,0.0,0.0,0.0,0.0,0.0,0.0,2.65,2.65,0.0,0.0,0.0,0.0
duplicated_lines_density,source_scope_difference_or_mixed,11.0,1,1,1,1,0,0,0,0.0,0.0,0.0,0.0,0.0,0.0,0.0,2.2,2.2,0.0,0.0,0.0,0.0
duplicated_lines_density,source_scope_difference_or_mixed,,220,220,25,144,76,48,28,0.2377272727272727,0.0,0.0,1.2999999999999998,3.1999999999999997,5.7,107.3,6.319545454545454,6.557272727272727,0.34545454545454546,0.21818181818181817,0.12727272727272726,0.1409246125558182
ncloc,commit_selection_difference,-14.0,1,1,1,0,1,0,1,-32.0,-32.0,32.0,32.0,32.0,32.0,32.0,91874.0,91842.0,1.0,0.0,1.0,2.308937246693349e-05
ncloc,commit_selection_difference,-13.0,2,2,2,0,2,1,1,553.0,553.0,609.0,1051.4,1106.7,1162.0,1218.0,101838.0,102391.0,1.0,0.5,0.5,0.0008788392395226561
ncloc,commit_selection_difference,-10.0,1,1,1,0,1,1,0,134.0,134.0,134.0,134.0,134.0,134.0,134.0,4276.0,4410.0,1.0,1.0,0.0,9.6686747205284e-05
ncloc,commit_selection_difference,-9.0,1,1,1,1,0,0,0,0.0,0.0,0.0,0.0,0.0,0.0,0.0,778.0,778.0,0.0,0.0,0.0,0.0
ncloc,commit_selection_difference,-8.0,1,1,1,1,0,0,0,0.0,0.0,0.0,0.0,0.0,0.0,0.0,1233.0,1233.0,0.0,0.0,0.0,0.0
ncloc,commit_selection_difference,-7.0,2,2,2,1,1,1,0,64.5,64.5,64.5,116.10000000000001,122.55,129.0,129.0,3065.5,3130.0,0.5,0.5,0.0,9.307903275732564e-05
ncloc,commit_selection_difference,-6.0,1,1,1,1,0,0,0,0.0,0.0,0.0,0.0,0.0,0.0,0.0,2981.0,2981.0,0.0,0.0,0.0,0.0
ncloc,commit_selection_difference,-5.0,1,1,1,1,0,0,0,0.0,0.0,0.0,0.0,0.0,0.0,0.0,4417.0,4417.0,0.0,0.0,0.0,0.0
ncloc,commit_selection_difference,-4.0,1,1,1,1,0,0,0,0.0,0.0,0.0,0.0,0.0,0.0,0.0,4983.0,4983.0,0.0,0.0,0.0,0.0
ncloc,commit_selection_difference,-3.0,1,1,1,1,0,0,0,0.0,0.0,0.0,0.0,0.0,0.0,0.0,5746.0,5746.0,0.0,0.0,0.0,0.0
ncloc,commit_selection_difference,-2.0,1,1,1,1,0,0,0,0.0,0.0,0.0,0.0,0.0,0.0,0.0,5873.0,5873.0,0.0,0.0,0.0,0.0
ncloc,commit_selection_difference,-1.0,3,3,3,2,1,1,0,0.3333333333333333,0.0,0.0,0.8,0.8999999999999999,1.0,1.0,8720.0,8720.333333333334,0.3333333333333333,0.3333333333333333,0.0,7.215428895916716e-07
ncloc,commit_selection_difference,0.0,8,8,8,4,4,4,0,38.0,0.5,0.5,91.79999999999995,195.39999999999984,299.0,304.0,9570.5,9608.5,0.5,0.5,0.0,0.00021934903843586818
ncloc,commit_selection_difference,1.0,3,3,3,1,2,2,0,15.0,3.0,3.0,34.2,38.099999999999994,42.0,45.0,15857.333333333334,15872.333333333334,0.6666666666666666,0.6666666666666666,0.0,3.246943003162522e-05
ncloc,commit_selection_difference,2.0,6,6,6,1,5,5,0,625.8333333333334,5.0,5.0,1872.0,2695.5,3519.0,3755.0,23037.666666666668,23663.5,0.8333333333333334,0.8333333333333334,0.0,0.002709393550416727
ncloc,commit_selection_difference,3.0,4,4,4,0,4,4,0,1021.25,256.0,256.0,2653.1000000000004,3112.549999999999,3572.0,4085.0,19299.5,20320.75,1.0,1.0,0.0,0.002947502703981979
ncloc,commit_selection_difference,4.0,7,7,7,1,6,4,2,0.14285714285714285,1.0,24.0,217.8,222.89999999999998,228.0,505.0,17398.714285714286,17398.85714285714,0.8571428571428571,0.5714285714285714,0.2857142857142857,0.00036437915924379417
ncloc,commit_selection_difference,5.0,7,7,7,2,5,4,1,10155.857142857143,1.0,38.0,28939.000000000022,48756.999999999956,68575.0,71167.0,212219.85714285713,222375.7142857143,0.7142857142857143,0.5714285714285714,0.14285714285714285,0.051350042823570495
ncloc,commit_selection_difference,6.0,4,4,4,2,2,2,0,2155.25,1496.0,1496.0,4837.900000000001,5233.449999999999,5629.0,8621.0,19740.75,21896.0,0.5,0.5,0.0,0.006220421251169801
ncloc,commit_selection_difference,7.0,3,3,3,1,2,2,0,235.0,265.0,265.0,405.0,422.5,440.0,705.0,38312.666666666664,38547.666666666664,0.6666666666666666,0.6666666666666666,0.0,0.0005086877371621285
ncloc,commit_selection_difference,8.0,1,1,1,0,1,1,0,419.0,419.0,419.0,419.0,419.0,419.0,419.0,12472.0,12891.0,1.0,1.0,0.0,0.0003023264707389104
ncloc,commit_selection_difference,,41,41,13,30,11,8,3,99.82926829268293,0.0,0.0,471.0,685.0,1037.0,4137.0,9226.463414634147,9326.292682926829,0.2682926829268293,0.1951219512195122,0.07317073170731707,0.0029850229342407455
ncloc,paper_commit_missing,3.0,1,1,1,0,1,0,1,-7211.0,-7211.0,7211.0,7211.0,7211.0,7211.0,7211.0,8454.0,1243.0,1.0,0.0,1.0,0.005203045776845544
ncloc,rule_config_analyzer_profile_signal,-14.0,6,6,6,6,0,0,0,0.0,0.0,0.0,0.0,0.0,0.0,0.0,6144.333333333333,6144.333333333333,0.0,0.0,0.0,0.0
ncloc,rule_config_analyzer_profile_signal,-13.0,8,8,8,8,0,0,0,0.0,0.0,0.0,0.0,0.0,0.0,0.0,4918.25,4918.25,0.0,0.0,0.0,0.0
ncloc,rule_config_analyzer_profile_signal,-12.0,9,9,9,9,0,0,0,0.0,0.0,0.0,0.0,0.0,0.0,0.0,5523.888888888889,5523.888888888889,0.0,0.0,0.0,0.0
ncloc,rule_config_analyzer_profile_signal,-11.0,11,11,11,11,0,0,0,0.0,0.0,0.0,0.0,0.0,0.0,0.0,5533.181818181818,5533.181818181818,0.0,0.0,0.0,0.0
ncloc,rule_config_analyzer_profile_signal,-10.0,10,10,10,10,0,0,0,0.0,0.0,0.0,0.0,0.0,0.0,0.0,9990.1,9990.1,0.0,0.0,0.0,0.0
ncloc,rule_config_analyzer_profile_signal,-9.0,16,16,16,16,0,0,0,0.0,0.0,0.0,0.0,0.0,0.0,0.0,18009.25,18009.25,0.0,0.0,0.0,0.0
ncloc,rule_config_analyzer_profile_signal,-8.0,15,15,15,15,0,0,0,0.0,0.0,0.0,0.0,0.0,0.0,0.0,18887.266666666666,18887.266666666666,0.0,0.0,0.0,0.0
ncloc,rule_config_analyzer_profile_signal,-7.0,12,12,12,12,0,0,0,0.0,0.0,0.0,0.0,0.0,0.0,0.0,18817.75,18817.75,0.0,0.0,0.0,0.0
ncloc,rule_config_analyzer_profile_signal,-6.0,14,14,14,14,0,0,0,0.0,0.0,0.0,0.0,0.0,0.0,0.0,6016.071428571428,6016.071428571428,0.0,0.0,0.0,0.0
ncloc,rule_config_analyzer_profile_signal,-5.0,15,15,15,15,0,0,0,0.0,0.0,0.0,0.0,0.0,0.0,0.0,16137.266666666666,16137.266666666666,0.0,0.0,0.0,0.0
ncloc,rule_config_analyzer_profile_signal,-4.0,17,17,17,17,0,0,0,0.0,0.0,0.0,0.0,0.0,0.0,0.0,15165.764705882353,15165.764705882353,0.0,0.0,0.0,0.0
ncloc,rule_config_analyzer_profile_signal,-3.0,20,20,20,20,0,0,0,0.0,0.0,0.0,0.0,0.0,0.0,0.0,7314.95,7314.95,0.0,0.0,0.0,0.0
ncloc,rule_config_analyzer_profile_signal,-2.0,22,22,22,22,0,0,0,0.0,0.0,0.0,0.0,0.0,0.0,0.0,7214.454545454545,7214.454545454545,0.0,0.0,0.0,0.0
ncloc,rule_config_analyzer_profile_signal,-1.0,29,29,29,29,0,0,0,0.0,0.0,0.0,0.0,0.0,0.0,0.0,6570.310344827586,6570.310344827586,0.0,0.0,0.0,0.0
ncloc,rule_config_analyzer_profile_signal,0.0,63,63,63,63,0,0,0,0.0,0.0,0.0,0.0,0.0,0.0,0.0,4945.0317460317465,4945.0317460317465,0.0,0.0,0.0,0.0
ncloc,rule_config_analyzer_profile_signal,1.0,39,39,39,39,0,0,0,0.0,0.0,0.0,0.0,0.0,0.0,0.0,7760.179487179487,7760.179487179487,0.0,0.0,0.0,0.0
ncloc,rule_config_analyzer_profile_signal,2.0,31,31,31,31,0,0,0,0.0,0.0,0.0,0.0,0.0,0.0,0.0,8887.064516129032,8887.064516129032,0.0,0.0,0.0,0.0
ncloc,rule_config_analyzer_profile_signal,3.0,32,32,32,32,0,0,0,0.0,0.0,0.0,0.0,0.0,0.0,0.0,8623.8125,8623.8125,0.0,0.0,0.0,0.0
ncloc,rule_config_analyzer_profile_signal,4.0,23,23,23,23,0,0,0,0.0,0.0,0.0,0.0,0.0,0.0,0.0,8536.521739130434,8536.521739130434,0.0,0.0,0.0,0.0
ncloc,rule_config_analyzer_profile_signal,5.0,18,18,18,18,0,0,0,0.0,0.0,0.0,0.0,0.0,0.0,0.0,8887.611111111111,8887.611111111111,0.0,0.0,0.0,0.0
ncloc,rule_config_analyzer_profile_signal,6.0,6,6,6,6,0,0,0,0.0,0.0,0.0,0.0,0.0,0.0,0.0,5276.666666666667,5276.666666666667,0.0,0.0,0.0,0.0
ncloc,rule_config_analyzer_profile_signal,7.0,2,2,2,2,0,0,0,0.0,0.0,0.0,0.0,0.0,0.0,0.0,23533.5,23533.5,0.0,0.0,0.0,0.0
ncloc,rule_config_analyzer_profile_signal,8.0,1,1,1,1,0,0,0,0.0,0.0,0.0,0.0,0.0,0.0,0.0,1555.0,1555.0,0.0,0.0,0.0,0.0
ncloc,rule_config_analyzer_profile_signal,9.0,1,1,1,1,0,0,0,0.0,0.0,0.0,0.0,0.0,0.0,0.0,1691.0,1691.0,0.0,0.0,0.0,0.0
ncloc,rule_config_analyzer_profile_signal,,490,490,104,490,0,0,0,0.0,0.0,0.0,0.0,0.0,0.0,0.0,8364.044897959184,8364.044897959184,0.0,0.0,0.0,0.0
ncloc,source_scope_difference_or_mixed,-14.0,7,7,7,0,7,1,6,-616.8571428571429,-38.0,38.0,2017.8000000000004,2306.399999999999,2595.0,4350.0,147317.57142857142,146700.7142857143,1.0,0.14285714285714285,0.8571428571428571,0.003138711569723772
ncloc,source_scope_difference_or_mixed,-13.0,8,8,8,0,8,1,7,-466.75,-23.5,95.5,1215.9999999999995,1905.499999999999,2595.0,4040.0,348191.75,347725.0,1.0,0.125,0.875,0.0029150332739503533
ncloc,source_scope_difference_or_mixed,-12.0,11,11,11,0,11,4,7,-115.54545454545455,-12.0,39.0,621.0,650.5,680.0,1705.0,279397.0909090909,279281.54545454547,1.0,0.36363636363636365,0.6363636363636364,0.0012302306267538002
ncloc,source_scope_difference_or_mixed,-11.0,10,10,10,0,10,3,7,-128.6,-27.5,51.5,626.8,652.9,679.0,1694.0,310808.7,310680.1,1.0,0.3,0.7,0.0012222936549682918
ncloc,source_scope_difference_or_mixed,-10.0,11,11,11,0,11,4,7,-351.8181818181818,-43.0,61.0,680.0,1637.5,2595.0,4286.0,293880.63636363635,293528.8181818182,1.0,0.36363636363636365,0.6363636363636364,0.0030925328247899046
ncloc,source_scope_difference_or_mixed,-9.0,13,13,13,0,13,5,8,-155.15384615384616,-12.0,61.0,673.2,720.7999999999998,788.0,2601.0,249145.46153846153,248990.3076923077,1.0,0.38461538461538464,0.6153846153846154,0.001876733055827938
ncloc,source_scope_difference_or_mixed,-8.0,15,15,15,0,15,7,8,403.46666666666664,-1.0,43.0,1872.1999999999994,4863.899999999992,10158.0,14538.0,228271.73333333334,228675.2,1.0,0.4666666666666667,0.5333333333333333,0.010489790528883722
ncloc,source_scope_difference_or_mixed,-7.0,16,16,16,0,16,7,9,-105.6875,-3.0,36.5,5906.0,9803.75,11564.0,25105.0,209850.4375,209744.75,1.0,0.4375,0.5625,0.01811433424319892
ncloc,source_scope_difference_or_mixed,-6.0,15,15,15,0,15,8,7,1394.7333333333333,4.0,37.0,1856.5999999999995,7713.999999999982,19719.0,24039.0,226766.93333333332,228161.66666666666,1.0,0.5333333333333333,0.4666666666666667,0.017345169522894194
ncloc,source_scope_difference_or_mixed,-5.0,16,16,16,0,16,8,8,1488.0,2.5,39.5,1652.0,7720.0,23026.0,27896.0,219773.6875,221261.6875,1.0,0.5,0.5,0.020128160448049274
ncloc,source_scope_difference_or_mixed,-4.0,17,17,17,0,17,8,9,1553.6470588235295,-1.0,41.0,3433.4000000000005,8918.399999999985,25828.0,35038.0,224854.58823529413,226408.23529411765,1.0,0.47058823529411764,0.5294117647058824,0.025281419765512993
ncloc,source_scope_difference_or_mixed,-3.0,19,19,19,0,19,9,10,1642.6842105263158,-1.0,41.0,3245.7999999999975,8271.999999999949,30079.0,41083.0,206692.84210526315,208335.52631578947,1.0,0.47368421052631576,0.5263157894736842,0.029643146533094647
ncloc,source_scope_difference_or_mixed,-2.0,17,17,17,0,17,8,9,1921.3529411764705,-1.0,32.0,3978.200000000001,11001.199999999983,30794.0,41231.0,232777.82352941178,234699.17647058822,1.0,0.47058823529411764,0.5294117647058824,0.029749934880754215
ncloc,source_scope_difference_or_mixed,-1.0,19,19,19,0,19,8,11,1802.0,-1.0,35.0,3322.7999999999975,8890.899999999943,32803.0,44086.0,216435.68421052632,218237.68421052632,1.0,0.42105263157894735,0.5789473684210527,0.03180993983053844
ncloc,source_scope_difference_or_mixed,0.0,28,28,28,0,28,12,16,1171.5714285714287,-3.5,184.5,4684.4000000000015,8205.849999999997,36386.0,69166.0,157472.4642857143,158644.0357142857,1.0,0.42857142857142855,0.5714285714285714,0.04990623550149756
ncloc,source_scope_difference_or_mixed,1.0,28,28,28,0,28,16,12,-1831.2857142857142,22.0,136.5,9784.0,32670.09999999995,133392.0,222558.0,99001.07142857143,97169.78571428571,1.0,0.5714285714285714,0.42857142857142855,0.16058514242174327
ncloc,source_scope_difference_or_mixed,2.0,22,22,22,0,22,9,13,4420.545454545455,-8.0,62.5,4913.400000000005,6794.549999999998,88438.0,105610.0,119009.54545454546,123430.09090909091,1.0,0.4090909090909091,0.5909090909090909,0.07620214456977645
ncloc,source_scope_difference_or_mixed,3.0,21,21,21,0,21,11,10,2718.8571428571427,1.0,28.0,2595.0,7000.0,53928.0,65436.0,136039.2857142857,138758.14285714287,1.0,0.5238095238095238,0.47619047619047616,0.047214880523320624
ncloc,source_scope_difference_or_mixed,4.0,24,24,24,0,24,11,13,3011.0833333333335,-3.5,60.5,4395.799999999998,7788.999999999994,64006.0,83442.0,207743.375,210754.45833333334,1.0,0.4583333333333333,0.5416666666666666,0.060206981793308266
ncloc,source_scope_difference_or_mixed,5.0,21,21,21,0,21,10,11,415.95238095238096,-5.0,55.0,2587.0,5171.0,9002.0,20195.0,178337.14285714287,178753.09523809524,1.0,0.47619047619047616,0.5238095238095238,0.01457155865530381
ncloc,source_scope_difference_or_mixed,6.0,8,8,8,0,8,4,4,9884.75,-0.5,132.5,25341.799999999985,53273.89999999996,81206.0,83590.0,442151.5,452036.25,1.0,0.5,0.5,0.06031377014096784
ncloc,source_scope_difference_or_mixed,7.0,4,4,4,0,4,2,2,-185.75,-85.5,132.5,515.9000000000001,588.9499999999998,662.0,931.0,39431.0,39245.25,1.0,0.5,0.5,0.0006717564302098463
ncloc,source_scope_difference_or_mixed,8.0,2,2,2,0,2,2,0,7.0,7.0,7.0,7.0,7.0,7.0,14.0,9352.5,9359.5,1.0,1.0,0.0,1.0101600454283404e-05
ncloc,source_scope_difference_or_mixed,9.0,2,2,2,0,2,2,0,7.0,7.0,7.0,7.0,7.0,7.0,14.0,10049.5,10056.5,1.0,1.0,0.0,1.0101600454283404e-05
ncloc,source_scope_difference_or_mixed,10.0,2,2,2,0,2,2,0,7.0,7.0,7.0,7.0,7.0,7.0,14.0,13819.5,13826.5,1.0,1.0,0.0,1.0101600454283404e-05
ncloc,source_scope_difference_or_mixed,11.0,1,1,1,0,1,0,1,-1.0,-1.0,1.0,1.0,1.0,1.0,1.0,12450.0,12449.0,1.0,0.0,1.0,7.215428895916716e-07
ncloc,source_scope_difference_or_mixed,,220,220,25,0,220,136,84,1418.918181818182,14.0,38.0,4524.0,13128.749999999985,22159.0,360788.0,39425.68636363636,40844.604545454546,1.0,0.6181818181818182,0.38181818181818183,0.26032401605000005
static_analysis_warnings,commit_selection_difference,-14.0,1,1,1,0,1,0,1,-6.0,-6.0,6.0,6.0,6.0,6.0,6.0,984.0,978.0,1.0,0.0,1.0,2.3156814085518113e-05
static_analysis_warnings,commit_selection_difference,-13.0,2,2,2,0,2,2,0,827.0,827.0,827.0,1438.2,1514.6,1591.0,1654.0,10808.0,11635.0,1.0,1.0,0.0,0.006383561749574494
static_analysis_warnings,commit_selection_difference,-10.0,1,1,1,0,1,1,0,4.0,4.0,4.0,4.0,4.0,4.0,4.0,30.0,34.0,1.0,1.0,0.0,1.5437876057012078e-05
static_analysis_warnings,commit_selection_difference,-9.0,1,1,1,0,1,1,0,5.0,5.0,5.0,5.0,5.0,5.0,5.0,18.0,23.0,1.0,1.0,0.0,1.9297345071265095e-05
static_analysis_warnings,commit_selection_difference,-8.0,1,1,1,0,1,1,0,10.0,10.0,10.0,10.0,10.0,10.0,10.0,25.0,35.0,1.0,1.0,0.0,3.859469014253019e-05
static_analysis_warnings,commit_selection_difference,-7.0,2,2,2,0,2,2,0,9.5,9.5,9.5,12.3,12.65,13.0,19.0,74.0,83.5,1.0,1.0,0.0,7.332991127080736e-05
static_analysis_warnings,commit_selection_difference,-6.0,1,1,1,0,1,1,0,13.0,13.0,13.0,13.0,13.0,13.0,13.0,61.0,74.0,1.0,1.0,0.0,5.017309718528925e-05
static_analysis_warnings,commit_selection_difference,-5.0,1,1,1,0,1,1,0,24.0,24.0,24.0,24.0,24.0,24.0,24.0,86.0,110.0,1.0,1.0,0.0,9.262725634207245e-05
static_analysis_warnings,commit_selection_difference,-4.0,1,1,1,0,1,1,0,22.0,22.0,22.0,22.0,22.0,22.0,22.0,91.0,113.0,1.0,1.0,0.0,8.490831831356642e-05
static_analysis_warnings,commit_selection_difference,-3.0,1,1,1,0,1,1,0,22.0,22.0,22.0,22.0,22.0,22.0,22.0,110.0,132.0,1.0,1.0,0.0,8.490831831356642e-05
static_analysis_warnings,commit_selection_difference,-2.0,1,1,1,0,1,1,0,24.0,24.0,24.0,24.0,24.0,24.0,24.0,122.0,146.0,1.0,1.0,0.0,9.262725634207245e-05
static_analysis_warnings,commit_selection_difference,-1.0,3,3,3,0,3,3,0,41.0,8.0,8.0,89.60000000000001,99.79999999999998,110.0,123.0,245.66666666666666,286.6666666666667,1.0,1.0,0.0,0.00047471468875312137
static_analysis_warnings,commit_selection_difference,0.0,8,8,8,0,8,7,1,37.625,30.0,30.0,77.8,93.89999999999998,110.0,317.0,191.375,229.0,1.0,0.875,0.125,0.001223451677518207
static_analysis_warnings,commit_selection_difference,1.0,3,3,3,0,3,2,1,48.0,36.0,36.0,96.0,103.5,111.0,150.0,427.6666666666667,475.6666666666667,1.0,0.6666666666666666,0.3333333333333333,0.0005789203521379528
static_analysis_warnings,commit_selection_difference,2.0,6,6,6,0,6,6,0,103.0,77.5,77.5,197.0,208.0,219.0,618.0,406.1666666666667,509.1666666666667,1.0,1.0,0.0,0.002385151850808366
static_analysis_warnings,commit_selection_difference,3.0,4,4,4,0,4,4,0,93.0,82.5,82.5,154.9,161.95,169.0,372.0,384.0,477.0,1.0,1.0,0.0,0.0014357224733021231
static_analysis_warnings,commit_selection_difference,4.0,7,7,7,0,7,4,3,45.42857142857143,15.0,17.0,139.60000000000002,151.29999999999998,163.0,362.0,272.42857142857144,317.85714285714283,1.0,0.5714285714285714,0.42857142857142855,0.001397127783159593
static_analysis_warnings,commit_selection_difference,5.0,7,7,7,0,7,5,2,381.85714285714283,192.0,192.0,990.4000000000003,1280.1999999999994,1570.0,2797.0,2473.1428571428573,2855.0,1.0,0.7142857142857143,0.2857142857142857,0.010794934832865694
static_analysis_warnings,commit_selection_difference,6.0,4,4,4,0,4,1,3,-62.0,-27.5,32.0,162.70000000000005,188.34999999999994,214.0,290.0,223.75,161.75,1.0,0.25,0.75,0.0011192460141333756
static_analysis_warnings,commit_selection_difference,7.0,3,3,3,0,3,2,1,82.33333333333333,43.0,201.0,364.2,384.59999999999997,405.0,649.0,383.0,465.3333333333333,1.0,0.6666666666666666,0.3333333333333333,0.0025047953902502095
static_analysis_warnings,commit_selection_difference,8.0,1,1,1,0,1,0,1,-3.0,-3.0,3.0,3.0,3.0,3.0,3.0,133.0,130.0,1.0,0.0,1.0,1.1578407042759057e-05
static_analysis_warnings,commit_selection_difference,,41,41,13,1,40,35,5,10.512195121951219,4.0,4.0,53.0,144.0,400.0,1321.0,143.2439024390244,153.7560975609756,0.975609756097561,0.8536585365853658,0.12195121951219512,0.005098358567828238
static_analysis_warnings,paper_commit_missing,3.0,1,1,1,0,1,0,1,-226.0,-226.0,226.0,226.0,226.0,226.0,226.0,227.0,1.0,1.0,0.0,1.0,0.0008722399972211823
static_analysis_warnings,rule_config_analyzer_profile_signal,-14.0,6,6,6,0,6,5,1,7.833333333333333,7.0,14.0,41.5,44.75,48.0,117.0,75.5,83.33333333333333,1.0,0.8333333333333334,0.16666666666666666,0.0004515578746676032
static_analysis_warnings,rule_config_analyzer_profile_signal,-13.0,8,8,8,2,6,5,1,6.375,4.5,8.5,38.3,42.14999999999999,46.0,121.0,58.375,64.75,0.75,0.625,0.125,0.0004669957507246153
static_analysis_warnings,rule_config_analyzer_profile_signal,-12.0,9,9,9,2,7,6,1,5.777777777777778,7.0,9.0,34.0,39.99999999999999,46.0,114.0,76.22222222222223,82.0,0.7777777777777778,0.6666666666666666,0.1111111111111111,0.0004399794676248442
static_analysis_warnings,rule_config_analyzer_profile_signal,-11.0,11,11,11,1,10,7,3,5.636363636363637,2.0,7.0,31.0,41.5,52.0,142.0,135.72727272727272,141.36363636363637,0.9090909090909091,0.6363636363636364,0.2727272727272727,0.0005480446000239287
static_analysis_warnings,rule_config_analyzer_profile_signal,-10.0,10,10,10,1,9,7,2,33.3,7.0,9.0,74.99999999999991,178.49999999999977,282.0,411.0,168.1,201.4,0.9,0.7,0.2,0.001586241764857991
static_analysis_warnings,rule_config_analyzer_profile_signal,-9.0,16,16,16,2,14,12,2,24.9375,6.0,9.0,41.5,112.5,294.0,481.0,180.75,205.6875,0.875,0.75,0.125,0.001856404595855702
static_analysis_warnings,rule_config_analyzer_profile_signal,-8.0,15,15,15,2,13,11,2,30.666666666666668,6.0,10.0,43.599999999999994,143.19999999999968,356.0,546.0,185.53333333333333,216.2,0.8666666666666667,0.7333333333333333,0.13333333333333333,0.0021072700817821484
static_analysis_warnings,rule_config_analyzer_profile_signal,-7.0,12,12,12,1,11,8,3,3.25,4.5,9.5,34.6,35.0,35.0,189.0,137.5,140.75,0.9166666666666666,0.6666666666666666,0.25,0.0007294396436938206
static_analysis_warnings,rule_config_analyzer_profile_signal,-6.0,14,14,14,0,14,11,3,3.5714285714285716,5.5,9.0,33.1,34.35,35.0,208.0,139.42857142857142,143.0,1.0,0.7857142857142857,0.21428571428571427,0.000802769554964628
static_analysis_warnings,rule_config_analyzer_profile_signal,-5.0,15,15,15,0,15,9,6,0.7333333333333333,3.0,10.0,30.2,32.199999999999996,35.0,221.0,127.66666666666667,128.4,1.0,0.6,0.4,0.0008529426521499172
static_analysis_warnings,rule_config_analyzer_profile_signal,-4.0,17,17,17,1,16,10,6,-16.352941176470587,3.0,10.0,32.6,81.19999999999983,266.0,490.0,142.2941176470588,125.94117647058823,0.9411764705882353,0.5882352941176471,0.35294117647058826,0.0018911398169839794
static_analysis_warnings,rule_config_analyzer_profile_signal,-3.0,20,20,20,3,17,13,4,-6.5,4.5,9.0,52.000000000000014,71.35000000000015,268.0,552.0,147.2,140.7,0.85,0.65,0.2,0.0021304268958676664
static_analysis_warnings,rule_config_analyzer_profile_signal,-2.0,22,22,22,3,19,10,9,-10.5,0.0,5.5,45.00000000000002,51.699999999999996,268.0,515.0,138.77272727272728,128.27272727272728,0.8636363636363636,0.45454545454545453,0.4090909090909091,0.0019876265423403048
static_analysis_warnings,rule_config_analyzer_profile_signal,-1.0,29,29,29,5,24,14,10,11.03448275862069,0.0,5.0,32.599999999999994,53.19999999999996,207.0,486.0,79.75862068965517,90.79310344827586,0.8275862068965517,0.4827586206896552,0.3448275862068966,0.0018757019409269672
static_analysis_warnings,rule_config_analyzer_profile_signal,0.0,63,63,63,9,54,43,11,10.73015873015873,3.0,7.0,43.800000000000004,132.09999999999994,269.0,1488.0,78.87301587301587,89.60317460317461,0.8571428571428571,0.6825396825396826,0.1746031746031746,0.0057428898932084926
static_analysis_warnings,rule_config_analyzer_profile_signal,1.0,39,39,39,4,35,25,10,18.871794871794872,7.0,14.0,43.2,128.60000000000002,208.0,1020.0,93.0,111.87179487179488,0.8974358974358975,0.6410256410256411,0.2564102564102564,0.003936658394538079
static_analysis_warnings,rule_config_analyzer_profile_signal,2.0,31,31,31,2,29,18,11,20.93548387096774,7.0,17.0,48.0,147.0,228.0,1007.0,91.93548387096774,112.87096774193549,0.9354838709677419,0.5806451612903226,0.3548387096774194,0.0038864852973527902
static_analysis_warnings,rule_config_analyzer_profile_signal,3.0,32,32,32,4,28,17,11,25.25,5.0,12.0,48.0,161.79999999999998,286.0,1102.0,96.875,122.125,0.875,0.53125,0.34375,0.004253134853706827
static_analysis_warnings,rule_config_analyzer_profile_signal,4.0,23,23,23,2,21,11,10,-20.08695652173913,0.0,22.0,48.0,202.79999999999976,816.0,1432.0,129.43478260869566,109.34782608695652,0.9130434782608695,0.4782608695652174,0.43478260869565216,0.005526759628410323
static_analysis_warnings,rule_config_analyzer_profile_signal,5.0,18,18,18,2,16,9,7,-19.0,0.5,20.5,174.10000000000005,319.94999999999914,841.0,1470.0,143.16666666666666,124.16666666666667,0.8888888888888888,0.5,0.3888888888888889,0.005673419450951938
static_analysis_warnings,rule_config_analyzer_profile_signal,6.0,6,6,6,2,4,4,0,19.166666666666668,21.0,21.0,36.5,38.25,40.0,115.0,64.0,83.16666666666667,0.6666666666666666,0.6666666666666666,0.0,0.0004438389366390972
static_analysis_warnings,rule_config_analyzer_profile_signal,7.0,2,2,2,0,2,0,2,-24.5,-24.5,24.5,36.9,38.449999999999996,40.0,49.0,172.5,148.0,1.0,0.0,1.0,0.00018911398169839792
static_analysis_warnings,rule_config_analyzer_profile_signal,8.0,1,1,1,0,1,1,0,3.0,3.0,3.0,3.0,3.0,3.0,3.0,18.0,21.0,1.0,1.0,0.0,1.1578407042759057e-05
static_analysis_warnings,rule_config_analyzer_profile_signal,9.0,1,1,1,0,1,1,0,4.0,4.0,4.0,4.0,4.0,4.0,4.0,19.0,23.0,1.0,1.0,0.0,1.5437876057012078e-05
static_analysis_warnings,rule_config_analyzer_profile_signal,,490,490,104,59,431,283,148,-2.6510204081632653,3.0,9.5,123.9000000000002,358.0,729.0,25883.0,166.66938775510204,164.0183673469388,0.8795918367346939,0.5775510204081633,0.3020408163265306,0.09989463649591089
static_analysis_warnings,source_scope_difference_or_mixed,-14.0,7,7,7,0,7,4,3,277.42857142857144,216.0,603.0,1191.2000000000003,1348.0999999999997,1505.0,4090.0,4615.714285714285,4893.142857142857,1.0,0.5714285714285714,0.42857142857142855,0.015785228268294847
static_analysis_warnings,source_scope_difference_or_mixed,-13.0,8,8,8,0,8,5,3,241.375,205.0,427.0,1084.8999999999999,1197.9499999999998,1311.0,4079.0,4008.5,4249.875,1.0,0.625,0.375,0.015742774109138064
static_analysis_warnings,source_scope_difference_or_mixed,-12.0,11,11,11,0,11,8,3,265.09090909090907,169.0,203.0,988.0,1306.0,1624.0,5142.0,4599.909090909091,4865.0,1.0,0.7272727272727273,0.2727272727272727,0.019845389671289022
static_analysis_warnings,source_scope_difference_or_mixed,-11.0,10,10,10,0,10,7,3,286.4,152.5,221.5,1152.1,1391.0499999999995,1630.0,5184.0,5099.5,5385.9,1.0,0.7,0.3,0.02000748736988765
static_analysis_warnings,source_scope_difference_or_mixed,-10.0,11,11,11,0,11,7,4,297.27272727272725,90.0,152.0,1189.0,1411.0,1633.0,5638.0,5023.636363636364,5320.909090909091,1.0,0.6363636363636364,0.36363636363636365,0.02175968630235852
static_analysis_warnings,source_scope_difference_or_mixed,-9.0,13,13,13,0,13,10,3,253.23076923076923,20.0,87.0,1157.2,1364.3999999999994,1638.0,5654.0,4114.307692307692,4367.538461538462,1.0,0.7692307692307693,0.23076923076923078,0.02182143780658657
static_analysis_warnings,source_scope_difference_or_mixed,-8.0,15,15,15,0,15,12,3,215.86666666666667,33.0,73.0,1112.0,1272.0999999999995,1641.0,5730.0,3809.0666666666666,4024.9333333333334,1.0,0.8,0.2,0.022114757451669798
static_analysis_warnings,source_scope_difference_or_mixed,-7.0,16,16,16,0,16,12,4,48.875,26.5,75.0,977.0,1105.5,1161.0,5114.0,2386.6875,2435.5625,1.0,0.75,0.25,0.01973732453888994
static_analysis_warnings,source_scope_difference_or_mixed,-6.0,15,15,15,0,15,12,3,140.26666666666668,40.0,100.0,1053.0,1135.8,1189.0,4738.0,2295.0,2435.266666666667,1.0,0.8,0.2,0.018286164189530805
static_analysis_warnings,source_scope_difference_or_mixed,-5.0,16,16,16,0,16,13,3,181.75,59.5,110.0,1045.5,1124.25,1131.0,5430.0,2311.25,2493.0,1.0,0.8125,0.1875,0.020956916747393892
static_analysis_warnings,source_scope_difference_or_mixed,-4.0,17,17,17,0,17,14,3,501.05882352941177,112.0,137.0,1121.8,2085.799999999997,5625.0,11196.0,4587.058823529412,5088.117647058823,1.0,0.8235294117647058,0.17647058823529413,0.0432106150835768
static_analysis_warnings,source_scope_difference_or_mixed,-3.0,19,19,19,0,19,16,3,514.9473684210526,126.0,139.0,1127.2,1633.2999999999906,5641.0,12458.0,4240.368421052632,4755.315789473684,1.0,0.8421052631578947,0.15789473684210525,0.04808126497956411
static_analysis_warnings,source_scope_difference_or_mixed,-2.0,17,17,17,0,17,14,3,550.9411764705883,128.0,154.0,1174.0,2092.399999999997,5646.0,12094.0,4641.705882352941,5192.64705882353,1.0,0.8235294117647058,0.17647058823529413,0.04667641825837601
static_analysis_warnings,source_scope_difference_or_mixed,-1.0,19,19,19,0,19,16,3,566.578947368421,143.0,154.0,1276.3999999999996,1988.6999999999914,5649.0,13469.0,4287.105263157895,4853.684210526316,1.0,0.8421052631578947,0.15789473684210525,0.05198318815297391
static_analysis_warnings,source_scope_difference_or_mixed,0.0,28,28,28,0,28,23,5,416.17857142857144,98.5,126.0,1342.8000000000004,1784.2499999999998,5645.0,16145.0,3045.1071428571427,3461.285714285714,1.0,0.8214285714285714,0.17857142857142858,0.06231112723511499
static_analysis_warnings,source_scope_difference_or_mixed,1.0,28,28,28,0,28,21,7,-227.71428571428572,104.0,129.5,1199.6000000000001,1560.3499999999992,12308.0,20978.0,2460.25,2232.535714285714,1.0,0.75,0.25,0.08096394098099984
static_analysis_warnings,source_scope_difference_or_mixed,2.0,22,22,22,0,22,17,5,337.3636363636364,128.5,162.0,1190.8000000000002,1984.4999999999993,2278.0,10142.0,2455.590909090909,2792.9545454545455,1.0,0.7727272727272727,0.22727272727272727,0.03914273474255412
static_analysis_warnings,source_scope_difference_or_mixed,3.0,21,21,21,0,21,19,2,355.3809523809524,171.0,174.0,1191.0,1880.0,2023.0,10061.0,2696.9523809523807,3052.3333333333335,1.0,0.9047619047619048,0.09523809523809523,0.038830117752399626
static_analysis_warnings,source_scope_difference_or_mixed,4.0,24,24,24,0,24,21,3,360.0833333333333,185.0,190.5,1155.3,1471.0999999999992,2024.0,11272.0,3218.125,3578.2083333333335,1.0,0.875,0.125,0.04350393472866003
static_analysis_warnings,source_scope_difference_or_mixed,5.0,21,21,21,0,21,17,4,299.23809523809524,100.0,174.0,1030.0,1189.0,2023.0,8694.0,3307.3333333333335,3606.5714285714284,1.0,0.8095238095238095,0.19047619047619047,0.03355422360991575
static_analysis_warnings,source_scope_difference_or_mixed,6.0,8,8,8,0,8,8,0,512.5,385.0,385.0,1045.3999999999999,1331.6999999999996,1618.0,4100.0,5624.0,6136.5,1.0,1.0,0.0,0.01582382295843738
static_analysis_warnings,source_scope_difference_or_mixed,7.0,4,4,4,0,4,4,0,311.0,281.5,281.5,557.6,596.3,635.0,1244.0,821.5,1132.5,1.0,1.0,0.0,0.004801179453730756
static_analysis_warnings,source_scope_difference_or_mixed,8.0,2,2,2,0,2,1,1,-3.0,-3.0,22.0,24.4,24.7,25.0,44.0,127.5,124.5,1.0,0.5,0.5,0.00016981663662713283
static_analysis_warnings,source_scope_difference_or_mixed,9.0,2,2,2,0,2,1,1,-12.5,-12.5,25.5,35.5,36.75,38.0,51.0,136.0,123.5,1.0,0.5,0.5,0.00019683291972690399
static_analysis_warnings,source_scope_difference_or_mixed,10.0,2,2,2,0,2,1,1,-33.5,-33.5,49.5,76.3,79.64999999999999,83.0,99.0,190.5,157.0,1.0,0.5,0.5,0.0003820874324110489
static_analysis_warnings,source_scope_difference_or_mixed,11.0,1,1,1,0,1,0,1,-91.0,-91.0,91.0,91.0,91.0,91.0,91.0,283.0,192.0,1.0,0.0,1.0,0.00035121168029702475
static_analysis_warnings,source_scope_difference_or_mixed,,220,220,25,0,220,145,75,66.71363636363637,17.0,83.0,314.1,340.09999999999997,1095.0,28969.0,611.6227272727273,678.3363636363637,1.0,0.6590909090909091,0.3409090909090909,0.11180495787389572
technical_debt,commit_selection_difference,-14.0,1,1,1,0,1,1,0,4.0,4.0,4.0,4.0,4.0,4.0,4.0,6088.0,6092.0,1.0,1.0,0.0,2.7585122515873513e-06
technical_debt,commit_selection_difference,-13.0,2,2,2,0,2,2,0,6952.0,6952.0,6952.0,12181.6,12835.3,13489.0,13904.0,62559.0,69511.0,1.0,1.0,0.0,0.009588588586517633
technical_debt,commit_selection_difference,-10.0,1,1,1,0,1,1,0,5.0,5.0,5.0,5.0,5.0,5.0,5.0,133.0,138.0,1.0,1.0,0.0,3.4481403144841894e-06
technical_debt,commit_selection_difference,-9.0,1,1,1,0,1,1,0,20.0,20.0,20.0,20.0,20.0,20.0,20.0,125.0,145.0,1.0,1.0,0.0,1.3792561257936758e-05
technical_debt,commit_selection_difference,-8.0,1,1,1,0,1,1,0,45.0,45.0,45.0,45.0,45.0,45.0,45.0,155.0,200.0,1.0,1.0,0.0,3.1033262830357704e-05
technical_debt,commit_selection_difference,-7.0,2,2,2,0,2,2,0,39.5,39.5,39.5,55.9,57.949999999999996,60.0,79.0,558.5,598.0,1.0,1.0,0.0,5.448061696885019e-05
technical_debt,commit_selection_difference,-6.0,1,1,1,0,1,1,0,60.0,60.0,60.0,60.0,60.0,60.0,60.0,254.0,314.0,1.0,1.0,0.0,4.137768377381027e-05
technical_debt,commit_selection_difference,-5.0,1,1,1,0,1,1,0,105.0,105.0,105.0,105.0,105.0,105.0,105.0,324.0,429.0,1.0,1.0,0.0,7.241094660416797e-05
technical_debt,commit_selection_difference,-4.0,1,1,1,0,1,1,0,80.0,80.0,80.0,80.0,80.0,80.0,80.0,385.0,465.0,1.0,1.0,0.0,5.517024503174703e-05
technical_debt,commit_selection_difference,-3.0,1,1,1,0,1,1,0,81.0,81.0,81.0,81.0,81.0,81.0,81.0,467.0,548.0,1.0,1.0,0.0,5.5859873094643866e-05
technical_debt,commit_selection_difference,-2.0,1,1,1,0,1,1,0,106.0,106.0,106.0,106.0,106.0,106.0,106.0,449.0,555.0,1.0,1.0,0.0,7.310057466706482e-05
technical_debt,commit_selection_difference,-1.0,3,3,3,0,3,3,0,145.0,60.0,60.0,292.0,321.0,350.0,435.0,1490.0,1635.0,1.0,1.0,0.0,0.00029998820736012446
technical_debt,commit_selection_difference,0.0,8,8,8,0,8,7,1,133.5,120.5,120.5,270.9,310.44999999999993,350.0,1148.0,1298.0,1431.5,1.0,0.875,0.125,0.0007916930162055699
technical_debt,commit_selection_difference,1.0,3,3,3,0,3,3,0,158.66666666666666,70.0,70.0,298.0,326.5,355.0,476.0,2577.0,2735.6666666666665,1.0,1.0,0.0,0.00032826295793889483
technical_debt,commit_selection_difference,2.0,6,6,6,0,6,6,0,508.6666666666667,276.0,276.0,1134.5,1299.75,1465.0,3052.0,2750.3333333333335,3259.0,1.0,1.0,0.0,0.002104744847961149
technical_debt,commit_selection_difference,3.0,4,4,4,0,4,4,0,370.25,321.0,321.0,666.1,722.0499999999998,778.0,1481.0,2844.75,3215.0,1.0,1.0,0.0,0.0010213391611502169
technical_debt,commit_selection_difference,4.0,7,7,7,0,7,6,1,223.71428571428572,131.0,131.0,555.2000000000002,662.5999999999997,770.0,1572.0,1831.4285714285713,2055.1428571428573,1.0,0.8571428571428571,0.14285714285714285,0.001084095314873829
technical_debt,commit_selection_difference,5.0,7,7,7,0,7,6,1,1014.0,412.0,640.0,2661.000000000002,4001.999999999997,5343.0,8378.0,16262.714285714286,17276.714285714286,1.0,0.8571428571428571,0.14285714285714285,0.0057777039109497075
technical_debt,commit_selection_difference,6.0,4,4,4,0,4,3,1,93.25,100.0,144.0,247.10000000000002,259.54999999999995,272.0,571.0,962.0,1055.25,1.0,0.75,0.25,0.00039377762391409443
technical_debt,commit_selection_difference,7.0,3,3,3,0,3,3,0,485.0,257.0,257.0,977.0,1067.0,1157.0,1455.0,1950.0,2435.0,1.0,1.0,0.0,0.0010034088315148992
technical_debt,commit_selection_difference,8.0,1,1,1,0,1,1,0,228.0,228.0,228.0,228.0,228.0,228.0,228.0,485.0,713.0,1.0,1.0,0.0,0.00015723519834047903
technical_debt,commit_selection_difference,,41,41,13,27,14,7,7,13.609756097560975,0.0,0.0,100.0,252.0,2329.0,4926.0,939.3658536585366,952.9756097560976,0.34146341463414637,0.17073170731707318,0.17073170731707318,0.0033971078378298232
technical_debt,paper_commit_missing,3.0,1,1,1,0,1,0,1,-1267.0,-1267.0,1267.0,1267.0,1267.0,1267.0,1267.0,1273.0,6.0,1.0,0.0,1.0,0.0008737587556902935
technical_debt,rule_config_analyzer_profile_signal,-14.0,6,6,6,0,6,4,2,-6.833333333333333,16.0,40.0,127.5,148.75,170.0,367.0,429.5,422.6666666666667,1.0,0.6666666666666666,0.3333333333333333,0.0002530934990831395
technical_debt,rule_config_analyzer_profile_signal,-13.0,8,8,8,2,6,4,2,-1.5,4.0,42.5,128.7,149.34999999999997,170.0,420.0,330.0,328.5,0.75,0.5,0.25,0.0002896437864166719
technical_debt,rule_config_analyzer_profile_signal,-12.0,9,9,9,1,8,6,2,-0.7777777777777778,13.0,22.0,106.00000000000001,133.99999999999997,162.0,409.0,419.55555555555554,418.77777777777777,0.8888888888888888,0.6666666666666666,0.2222222222222222,0.0002820578777248067
technical_debt,rule_config_analyzer_profile_signal,-11.0,11,11,11,2,9,5,4,5.454545454545454,0.0,19.0,105.0,133.5,162.0,482.0,604.8181818181819,610.2727272727273,0.8181818181818182,0.45454545454545453,0.36363636363636365,0.00033240072631627584
technical_debt,rule_config_analyzer_profile_signal,-10.0,10,10,10,1,9,6,3,212.8,12.5,21.5,486.79999999999944,1196.8999999999983,1907.0,2526.0,1042.7,1255.5,0.9,0.6,0.3,0.0017420004868774124
technical_debt,rule_config_analyzer_profile_signal,-9.0,16,16,16,2,14,10,4,144.875,6.5,20.5,213.5,659.25,1842.0,2728.0,990.375,1135.25,0.875,0.625,0.25,0.0018813053555825736
technical_debt,rule_config_analyzer_profile_signal,-8.0,15,15,15,2,13,9,4,159.26666666666668,8.0,19.0,147.2,768.2999999999978,2183.0,2783.0,1014.2666666666667,1173.5333333333333,0.8666666666666667,0.6,0.26666666666666666,0.0019192348990418997
technical_debt,rule_config_analyzer_profile_signal,-7.0,12,12,12,1,11,7,4,1.5833333333333333,6.5,16.0,141.70000000000002,151.54999999999998,162.0,679.0,603.5833333333334,605.1666666666666,0.9166666666666666,0.5833333333333334,0.3333333333333333,0.0004682574547069529
technical_debt,rule_config_analyzer_profile_signal,-6.0,14,14,14,0,14,10,4,8.357142857142858,13.5,28.5,139.10000000000002,149.65,162.0,827.0,658.7857142857143,667.1428571428571,1.0,0.7142857142857143,0.2857142857142857,0.0005703224080156849
technical_debt,rule_config_analyzer_profile_signal,-5.0,15,15,15,0,15,8,7,-5.6,5.0,35.0,139.8,148.7,162.0,888.0,603.9333333333333,598.3333333333334,1.0,0.5333333333333333,0.4666666666666667,0.000612389719852392
technical_debt,rule_config_analyzer_profile_signal,-4.0,17,17,17,1,16,8,8,-60.8235294117647,0.0,38.0,150.6,304.9999999999995,877.0,1786.0,662.1176470588235,601.2941176470588,0.9411764705882353,0.47058823529411764,0.47058823529411764,0.0012316757203337525
technical_debt,rule_config_analyzer_profile_signal,-3.0,20,20,20,3,17,12,5,-19.7,7.0,39.5,230.60000000000002,276.80000000000047,881.0,2052.0,704.4,684.7,0.85,0.6,0.25,0.0014151167850643112
technical_debt,rule_config_analyzer_profile_signal,-2.0,22,22,22,2,20,9,11,-37.45454545454545,-1.0,20.0,227.7000000000002,249.35,881.0,1970.0,682.3636363636364,644.9090909090909,0.9090909090909091,0.4090909090909091,0.5,0.0013585672839067705
technical_debt,rule_config_analyzer_profile_signal,-1.0,29,29,29,4,25,14,11,43.689655172413794,0.0,25.0,169.99999999999994,262.79999999999984,866.0,2267.0,516.4137931034483,560.1034482758621,0.8620689655172413,0.4827586206896552,0.3793103448275862,0.0015633868185871314
technical_debt,rule_config_analyzer_profile_signal,0.0,63,63,63,11,52,38,14,44.80952380952381,5.0,20.0,221.4,584.7999999999997,892.0,6249.0,525.3968253968254,570.2063492063492,0.8253968253968254,0.6031746031746031,0.2222222222222222,0.004309485765042339
technical_debt,rule_config_analyzer_profile_signal,1.0,39,39,39,4,35,25,10,90.84615384615384,25.0,51.0,228.2000000000001,611.5,875.0,4475.0,691.1025641025641,781.9487179487179,0.8974358974358975,0.6410256410256411,0.2564102564102564,0.0030860855814633494
technical_debt,rule_config_analyzer_profile_signal,2.0,31,31,31,2,29,19,10,90.0,34.0,70.0,305.0,697.5,896.0,4410.0,749.8709677419355,839.8709677419355,0.9354838709677419,0.6129032258064516,0.3225806451612903,0.0030412597573750547
technical_debt,rule_config_analyzer_profile_signal,3.0,32,32,32,3,29,19,10,108.96875,17.5,47.5,299.10000000000014,772.2499999999999,1043.0,4933.0,852.84375,961.8125,0.90625,0.59375,0.3125,0.003401935234270101
technical_debt,rule_config_analyzer_profile_signal,4.0,23,23,23,2,21,12,9,-44.78260869565217,5.0,46.0,228.4,692.5999999999992,2431.0,4778.0,934.8695652173913,890.0869565217391,0.9130434782608695,0.5217391304347826,0.391304347826087,0.003295042884521091
technical_debt,rule_config_analyzer_profile_signal,5.0,18,18,18,2,16,9,7,-48.333333333333336,2.5,72.0,728.9,1032.5999999999972,2702.0,5198.0,1024.4444444444443,976.1111111111111,0.8888888888888888,0.5,0.3888888888888889,0.003584686670937763
technical_debt,rule_config_analyzer_profile_signal,6.0,6,6,6,2,4,4,0,81.83333333333333,84.0,84.0,161.5,162.25,163.0,491.0,444.5,526.3333333333334,0.6666666666666666,0.6666666666666666,0.0,0.00033860737888234736
technical_debt,rule_config_analyzer_profile_signal,7.0,2,2,2,0,2,2,0,103.5,103.5,103.5,175.9,184.95,194.0,207.0,987.5,1091.0,1.0,1.0,0.0,0.00014275300901964543
technical_debt,rule_config_analyzer_profile_signal,8.0,1,1,1,0,1,1,0,15.0,15.0,15.0,15.0,15.0,15.0,15.0,104.0,119.0,1.0,1.0,0.0,1.0344420943452568e-05
technical_debt,rule_config_analyzer_profile_signal,9.0,1,1,1,0,1,1,0,20.0,20.0,20.0,20.0,20.0,20.0,20.0,109.0,129.0,1.0,1.0,0.0,1.3792561257936758e-05
technical_debt,rule_config_analyzer_profile_signal,,490,490,104,67,423,279,144,18.73673469387755,5.0,42.0,586.2,1257.849999999987,3580.0,105025.0,947.0836734693878,965.8204081632653,0.863265306122449,0.5693877551020409,0.2938775510204082,0.0724281873057404
technical_debt,source_scope_difference_or_mixed,-14.0,7,7,7,0,7,3,4,329.2857142857143,-61.0,1472.0,13221.0,13237.5,13254.0,32423.0,28334.85714285714,28664.14285714286,1.0,0.42857142857142855,0.5714285714285714,0.022359810683304174
technical_debt,source_scope_difference_or_mixed,-13.0,8,8,8,0,8,3,5,-1038.5,-192.5,2173.5,7979.5999999999985,10584.299999999996,13189.0,28496.0,26183.625,25145.125,1.0,0.375,0.625,0.01965164128030829
technical_debt,source_scope_difference_or_mixed,-12.0,11,11,11,0,11,6,5,88.54545454545455,81.0,1764.0,13431.0,13543.0,13655.0,41100.0,29403.81818181818,29492.363636363636,1.0,0.5454545454545454,0.45454545454545453,0.028343713385060035
technical_debt,source_scope_difference_or_mixed,-11.0,10,10,10,0,10,5,5,-2.9,-75.5,2179.5,13753.4,13827.2,13901.0,42167.0,32738.8,32735.9,1.0,0.5,0.5,0.029079546528170963
technical_debt,source_scope_difference_or_mixed,-10.0,11,11,11,0,11,5,6,62.90909090909091,-26.0,2509.0,13736.0,13925.5,14115.0,43614.0,31647.545454545456,31710.454545454544,1.0,0.45454545454545453,0.5454545454545454,0.030077438335182685
technical_debt,source_scope_difference_or_mixed,-9.0,13,13,13,0,13,8,5,202.0,22.0,1005.0,12013.000000000005,14021.599999999999,14432.0,46922.0,26798.076923076922,27000.076923076922,1.0,0.6153846153846154,0.38461538461538464,0.032358727967245426
technical_debt,source_scope_difference_or_mixed,-8.0,15,15,15,0,15,10,5,-43.333333333333336,37.0,398.0,9992.599999999997,14379.199999999997,15817.0,45608.0,24422.533333333333,24379.2,1.0,0.6666666666666666,0.3333333333333333,0.03145255669259898
technical_debt,source_scope_difference_or_mixed,-7.0,16,16,16,0,16,10,6,-1133.8125,60.5,825.5,4760.5,7958.5,15850.0,40213.0,16114.625,14980.8125,1.0,0.625,0.375,0.02773201329327054
technical_debt,source_scope_difference_or_mixed,-6.0,15,15,15,0,15,10,5,-754.0666666666667,84.0,606.0,3668.7999999999997,7737.2999999999865,16215.0,31225.0,15933.6,15179.533333333333,1.0,0.6666666666666666,0.3333333333333333,0.021533636263953763
technical_debt,source_scope_difference_or_mixed,-5.0,16,16,16,0,16,11,5,-276.875,110.5,646.0,4708.0,7634.5,15319.0,35526.0,15781.9375,15505.0625,1.0,0.6875,0.3125,0.02449972656247306
technical_debt,source_scope_difference_or_mixed,-4.0,17,17,17,0,17,12,5,1611.7058823529412,149.0,917.0,9128.400000000005,20525.199999999986,35726.0,69331.0,27112.470588235294,28724.176470588234,1.0,0.7058823529411765,0.29411764705882354,0.047812603228700665
technical_debt,source_scope_difference_or_mixed,-3.0,19,19,19,0,19,15,4,1863.3157894736842,194.0,986.0,7410.999999999992,18663.69999999996,35770.0,74125.0,25081.684210526317,26945.0,1.0,0.7894736842105263,0.21052631578947367,0.051118680162228106
technical_debt,source_scope_difference_or_mixed,-2.0,17,17,17,0,17,13,4,1872.5882352941176,194.0,1134.0,9293.800000000005,20794.199999999986,35795.0,71092.0,27440.176470588234,29312.764705882353,1.0,0.7647058823529411,0.23529411764705882,0.049027038247462
technical_debt,source_scope_difference_or_mixed,-1.0,19,19,19,0,19,15,4,2108.684210526316,240.0,982.0,7461.199999999992,18910.99999999996,35804.0,77307.0,25204.0,27312.684210526317,1.0,0.7894736842105263,0.21052631578947367,0.05331307665836584
technical_debt,source_scope_difference_or_mixed,0.0,28,28,28,0,28,22,6,1497.0357142857142,366.5,479.0,5592.6,13174.549999999985,35784.0,89651.0,18092.35714285714,19589.39285714286,1.0,0.7857142857142857,0.21428571428571427,0.06182584546676441
technical_debt,source_scope_difference_or_mixed,1.0,28,28,28,0,28,21,7,-1625.0,398.5,550.0,4265.200000000001,12756.949999999983,56847.0,104276.0,14461.42857142857,12836.42857142857,1.0,0.75,0.25,0.07191165588663066
technical_debt,source_scope_difference_or_mixed,2.0,22,22,22,0,22,14,8,1122.909090909091,301.0,626.5,7182.800000000005,16065.799999999994,18033.0,62642.0,14692.318181818182,15815.227272727272,1.0,0.6363636363636364,0.36363636363636365,0.04319968111598372
technical_debt,source_scope_difference_or_mixed,3.0,21,21,21,0,21,16,5,1056.5238095238096,570.0,875.0,5084.0,16569.0,18003.0,65591.0,16371.380952380952,17427.904761904763,1.0,0.7619047619047619,0.23809523809523808,0.04523339427346649
technical_debt,source_scope_difference_or_mixed,4.0,24,24,24,0,24,19,5,956.5833333333334,487.0,879.5,5068.3,15072.549999999976,17954.0,69240.0,20049.625,21006.208333333332,1.0,0.7916666666666666,0.20833333333333334,0.04774984707497705
technical_debt,source_scope_difference_or_mixed,5.0,21,21,21,1,20,17,3,871.7619047619048,314.0,936.0,5079.0,16808.0,17952.0,62001.0,23805.761904761905,24677.52380952381,0.9523809523809523,0.8095238095238095,0.14285714285714285,0.042757629527666846
technical_debt,source_scope_difference_or_mixed,6.0,8,8,8,0,8,7,1,1344.875,1164.5,1226.5,3140.6999999999994,4109.8499999999985,5079.0,13213.0,44282.5,45627.375,1.0,0.875,0.125,0.009112055595055919
technical_debt,source_scope_difference_or_mixed,7.0,4,4,4,0,4,4,0,2030.0,1402.0,1402.0,4025.000000000001,4554.499999999999,5084.0,8120.0,5893.25,7923.25,1.0,1.0,0.0,0.005599779870722323
technical_debt,source_scope_difference_or_mixed,8.0,2,2,2,0,2,2,0,116.5,116.5,116.5,129.7,131.35,133.0,233.0,797.5,914.0,1.0,1.0,0.0,0.0001606833386549632
technical_debt,source_scope_difference_or_mixed,9.0,2,2,2,0,2,2,0,85.5,85.5,85.5,110.7,113.85,117.0,171.0,823.0,908.5,1.0,1.0,0.0,0.00011792639875535927
technical_debt,source_scope_difference_or_mixed,10.0,2,2,2,0,2,1,1,-119.0,-119.0,211.0,306.2,318.09999999999997,330.0,422.0,1392.0,1273.0,1.0,0.5,0.5,0.0002910230425424656
technical_debt,source_scope_difference_or_mixed,11.0,1,1,1,0,1,1,0,85.0,85.0,85.0,85.0,85.0,85.0,85.0,913.0,998.0,1.0,1.0,0.0,5.8618385346231216e-05
technical_debt,source_scope_difference_or_mixed,,220,220,25,1,219,132,87,127.01818181818182,27.5,150.5,1374.7999999999997,1476.25,3190.0,99800.0,4280.818181818182,4407.836363636364,0.9954545454545455,0.6,0.39545454545454545,0.06882488067710442
vulnerabilities,commit_selection_difference,-14.0,1,1,1,0,1,1,0,12.0,12.0,12.0,12.0,12.0,12.0,12.0,0.0,12.0,1.0,1.0,0.0,0.0015493867010974822
vulnerabilities,commit_selection_difference,-13.0,2,2,2,0,2,2,0,2.0,2.0,2.0,2.8,2.9,3.0,4.0,0.0,2.0,1.0,1.0,0.0,0.0005164622336991608
vulnerabilities,commit_selection_difference,-10.0,1,1,1,0,1,1,0,1.0,1.0,1.0,1.0,1.0,1.0,1.0,0.0,1.0,1.0,1.0,0.0,0.0001291155584247902
vulnerabilities,commit_selection_difference,-9.0,1,1,1,0,1,1,0,1.0,1.0,1.0,1.0,1.0,1.0,1.0,0.0,1.0,1.0,1.0,0.0,0.0001291155584247902
vulnerabilities,commit_selection_difference,-8.0,1,1,1,0,1,1,0,1.0,1.0,1.0,1.0,1.0,1.0,1.0,0.0,1.0,1.0,1.0,0.0,0.0001291155584247902
vulnerabilities,commit_selection_difference,-7.0,2,2,2,0,2,2,0,1.5,1.5,1.5,1.9,1.95,2.0,3.0,0.0,1.5,1.0,1.0,0.0,0.00038734667527437055
vulnerabilities,commit_selection_difference,-6.0,1,1,1,0,1,1,0,1.0,1.0,1.0,1.0,1.0,1.0,1.0,0.0,1.0,1.0,1.0,0.0,0.0001291155584247902
vulnerabilities,commit_selection_difference,-5.0,1,1,1,0,1,1,0,2.0,2.0,2.0,2.0,2.0,2.0,2.0,0.0,2.0,1.0,1.0,0.0,0.0002582311168495804
vulnerabilities,commit_selection_difference,-4.0,1,1,1,0,1,1,0,1.0,1.0,1.0,1.0,1.0,1.0,1.0,0.0,1.0,1.0,1.0,0.0,0.0001291155584247902
vulnerabilities,commit_selection_difference,-3.0,1,1,1,0,1,1,0,1.0,1.0,1.0,1.0,1.0,1.0,1.0,0.0,1.0,1.0,1.0,0.0,0.0001291155584247902
vulnerabilities,commit_selection_difference,-2.0,1,1,1,0,1,1,0,1.0,1.0,1.0,1.0,1.0,1.0,1.0,0.0,1.0,1.0,1.0,0.0,0.0001291155584247902
vulnerabilities,commit_selection_difference,-1.0,3,3,3,2,1,1,0,10.0,0.0,0.0,24.0,26.999999999999996,30.0,30.0,0.0,10.0,0.3333333333333333,0.3333333333333333,0.0,0.003873466752743706
vulnerabilities,commit_selection_difference,0.0,8,8,8,2,6,6,0,8.0,5.0,5.0,18.799999999999997,24.39999999999999,30.0,64.0,0.0,8.0,0.75,0.75,0.0,0.008263395739186573
vulnerabilities,commit_selection_difference,1.0,3,3,3,0,3,3,0,17.666666666666668,14.0,14.0,26.8,28.4,30.0,53.0,0.0,17.666666666666668,1.0,1.0,0.0,0.00684312459651388
vulnerabilities,commit_selection_difference,2.0,6,6,6,2,4,4,0,11.333333333333334,9.0,9.0,25.0,27.5,30.0,68.0,0.16666666666666666,11.5,0.6666666666666666,0.6666666666666666,0.0,0.008779857972885732
vulnerabilities,commit_selection_difference,3.0,4,4,4,1,3,3,0,16.0,17.0,17.0,27.0,28.499999999999996,30.0,64.0,0.0,16.0,0.75,0.75,0.0,0.008263395739186573
vulnerabilities,commit_selection_difference,4.0,7,7,7,3,4,4,0,7.428571428571429,3.0,3.0,20.400000000000006,25.19999999999999,30.0,52.0,0.0,7.428571428571429,0.5714285714285714,0.5714285714285714,0.0,0.00671400903808909
vulnerabilities,commit_selection_difference,5.0,7,7,7,2,5,5,0,25.571428571428573,20.0,20.0,51.20000000000002,67.09999999999997,83.0,179.0,5.428571428571429,31.0,0.7142857142857143,0.7142857142857143,0.0,0.023111684958037445
vulnerabilities,commit_selection_difference,6.0,4,4,4,3,1,1,0,0.75,0.0,0.0,2.1000000000000005,2.549999999999999,3.0,3.0,0.0,0.75,0.25,0.25,0.0,0.00038734667527437055
vulnerabilities,commit_selection_difference,7.0,3,3,3,2,1,1,0,13.333333333333334,0.0,0.0,32.0,36.0,40.0,40.0,0.3333333333333333,13.666666666666666,0.3333333333333333,0.3333333333333333,0.0,0.005164622336991607
vulnerabilities,commit_selection_difference,8.0,1,1,1,1,0,0,0,0.0,0.0,0.0,0.0,0.0,0.0,0.0,0.0,0.0,0.0,0.0,0.0,0.0
vulnerabilities,commit_selection_difference,,41,41,13,18,23,23,0,1.6585365853658536,2.0,2.0,2.0,7.0,14.0,68.0,0.7560975609756098,2.4146341463414633,0.5609756097560976,0.5609756097560976,0.0,0.008779857972885732
vulnerabilities,paper_commit_missing,3.0,1,1,1,1,0,0,0,0.0,0.0,0.0,0.0,0.0,0.0,0.0,0.0,0.0,0.0,0.0,0.0,0.0
vulnerabilities,rule_config_analyzer_profile_signal,-14.0,6,6,6,4,2,1,1,0.0,0.0,0.0,1.0,1.0,1.0,2.0,0.16666666666666666,0.16666666666666666,0.3333333333333333,0.16666666666666666,0.16666666666666666,0.0002582311168495804
vulnerabilities,rule_config_analyzer_profile_signal,-13.0,8,8,8,6,2,1,1,0.0,0.0,0.0,1.0,1.0,1.0,2.0,0.125,0.125,0.25,0.125,0.125,0.0002582311168495804
vulnerabilities,rule_config_analyzer_profile_signal,-12.0,9,9,9,6,3,2,1,0.2222222222222222,0.0,0.0,1.2000000000000002,1.5999999999999996,2.0,4.0,0.2222222222222222,0.4444444444444444,0.3333333333333333,0.2222222222222222,0.1111111111111111,0.0005164622336991608
vulnerabilities,rule_config_analyzer_profile_signal,-11.0,11,11,11,7,4,3,1,0.45454545454545453,0.0,0.0,1.0,2.5,4.0,7.0,0.2727272727272727,0.7272727272727273,0.36363636363636365,0.2727272727272727,0.09090909090909091,0.0009038089089735313
vulnerabilities,rule_config_analyzer_profile_signal,-10.0,10,10,10,5,5,4,1,0.9,0.0,0.5,3.0,3.0,3.0,11.0,4.0,4.9,0.5,0.4,0.1,0.001420271142672692
vulnerabilities,rule_config_analyzer_profile_signal,-9.0,16,16,16,10,6,5,1,0.5625,0.0,0.0,2.5,3.0,3.0,11.0,2.625,3.1875,0.375,0.3125,0.0625,0.001420271142672692
vulnerabilities,rule_config_analyzer_profile_signal,-8.0,15,15,15,10,5,4,1,0.6666666666666666,0.0,0.0,3.1999999999999993,4.0,4.0,12.0,2.6666666666666665,3.3333333333333335,0.3333333333333333,0.26666666666666666,0.06666666666666667,0.0015493867010974822
vulnerabilities,rule_config_analyzer_profile_signal,-7.0,12,12,12,9,3,2,1,0.3333333333333333,0.0,0.0,1.0,2.349999999999998,4.0,6.0,0.08333333333333333,0.4166666666666667,0.25,0.16666666666666666,0.08333333333333333,0.0007746933505487411
vulnerabilities,rule_config_analyzer_profile_signal,-6.0,14,14,14,10,4,3,1,0.35714285714285715,0.0,0.0,1.700000000000001,2.3499999999999996,3.0,7.0,0.21428571428571427,0.5714285714285714,0.2857142857142857,0.21428571428571427,0.07142857142857142,0.0009038089089735313
vulnerabilities,rule_config_analyzer_profile_signal,-5.0,15,15,15,11,4,3,1,0.3333333333333333,0.0,0.0,1.5999999999999996,2.299999999999999,3.0,7.0,0.06666666666666667,0.4,0.26666666666666666,0.2,0.06666666666666667,0.0009038089089735313
vulnerabilities,rule_config_analyzer_profile_signal,-4.0,17,17,17,13,4,3,1,0.29411764705882354,0.0,0.0,1.4000000000000004,2.1999999999999993,3.0,7.0,0.17647058823529413,0.47058823529411764,0.23529411764705882,0.17647058823529413,0.058823529411764705,0.0009038089089735313
vulnerabilities,rule_config_analyzer_profile_signal,-3.0,20,20,20,15,5,4,1,0.35,0.0,0.0,2.0,2.0500000000000007,3.0,9.0,0.15,0.5,0.25,0.2,0.05,0.0011620400258231117
vulnerabilities,rule_config_analyzer_profile_signal,-2.0,22,22,22,15,7,6,1,0.4090909090909091,0.0,0.0,1.9000000000000021,2.0,3.0,11.0,0.13636363636363635,0.5454545454545454,0.3181818181818182,0.2727272727272727,0.045454545454545456,0.001420271142672692
vulnerabilities,rule_config_analyzer_profile_signal,-1.0,29,29,29,21,8,7,1,0.4482758620689655,0.0,0.0,2.0,2.599999999999998,4.0,15.0,0.10344827586206896,0.5517241379310345,0.27586206896551724,0.2413793103448276,0.034482758620689655,0.001936733376371853
vulnerabilities,rule_config_analyzer_profile_signal,0.0,63,63,63,46,17,15,2,0.873015873015873,0.0,0.0,2.8000000000000043,5.799999999999997,12.0,59.0,0.047619047619047616,0.9206349206349206,0.2698412698412698,0.23809523809523808,0.031746031746031744,0.007617817947062621
vulnerabilities,rule_config_analyzer_profile_signal,1.0,39,39,39,25,14,12,2,0.7948717948717948,0.0,0.0,3.0,4.100000000000001,8.0,35.0,0.05128205128205128,0.8461538461538461,0.358974358974359,0.3076923076923077,0.05128205128205128,0.004519044544867657
vulnerabilities,rule_config_analyzer_profile_signal,2.0,31,31,31,20,11,10,1,1.064516129032258,0.0,0.0,3.0,6.5,9.0,35.0,0.03225806451612903,1.096774193548387,0.3548387096774194,0.3225806451612903,0.03225806451612903,0.004519044544867657
vulnerabilities,rule_config_analyzer_profile_signal,3.0,32,32,32,21,11,9,2,0.875,0.0,0.0,2.900000000000002,5.0,10.0,32.0,0.0625,0.9375,0.34375,0.28125,0.0625,0.004131697869593286
vulnerabilities,rule_config_analyzer_profile_signal,4.0,23,23,23,14,9,7,2,1.0,0.0,0.0,2.8000000000000007,4.799999999999997,12.0,27.0,0.13043478260869565,1.1304347826086956,0.391304347826087,0.30434782608695654,0.08695652173913043,0.003486120077469335
vulnerabilities,rule_config_analyzer_profile_signal,5.0,18,18,18,13,5,4,1,1.1111111111111112,0.0,0.0,2.200000000000003,6.349999999999987,14.0,22.0,0.05555555555555555,1.1666666666666667,0.2777777777777778,0.2222222222222222,0.05555555555555555,0.002840542285345384
vulnerabilities,rule_config_analyzer_profile_signal,6.0,6,6,6,4,2,2,0,1.1666666666666667,0.0,0.0,3.5,4.25,5.0,7.0,0.0,1.1666666666666667,0.3333333333333333,0.3333333333333333,0.0,0.0009038089089735313
vulnerabilities,rule_config_analyzer_profile_signal,7.0,2,2,2,1,1,1,0,1.0,1.0,1.0,1.8,1.9,2.0,2.0,0.0,1.0,0.5,0.5,0.0,0.0002582311168495804
vulnerabilities,rule_config_analyzer_profile_signal,8.0,1,1,1,1,0,0,0,0.0,0.0,0.0,0.0,0.0,0.0,0.0,0.0,0.0,0.0,0.0,0.0,0.0
vulnerabilities,rule_config_analyzer_profile_signal,9.0,1,1,1,1,0,0,0,0.0,0.0,0.0,0.0,0.0,0.0,0.0,0.0,0.0,0.0,0.0,0.0,0.0
vulnerabilities,rule_config_analyzer_profile_signal,,490,490,104,316,174,155,19,1.5020408163265306,0.0,0.0,4.0,7.5499999999999545,19.0,774.0,0.15510204081632653,1.6571428571428573,0.3551020408163265,0.3163265306122449,0.03877551020408163,0.09993544222078761
vulnerabilities,source_scope_difference_or_mixed,-14.0,7,7,7,1,6,5,1,8.0,3.0,13.0,24.60000000000001,30.299999999999986,36.0,86.0,26.142857142857142,34.142857142857146,0.8571428571428571,0.7142857142857143,0.14285714285714285,0.011103938024531955
vulnerabilities,source_scope_difference_or_mixed,-13.0,8,8,8,0,8,7,1,16.25,15.0,16.0,37.5,39.25,41.0,160.0,25.625,41.875,1.0,0.875,0.125,0.02065848934796643
vulnerabilities,source_scope_difference_or_mixed,-12.0,11,11,11,0,11,10,1,10.454545454545455,3.0,6.0,36.0,38.5,41.0,159.0,18.454545454545453,28.90909090909091,1.0,0.9090909090909091,0.09090909090909091,0.02052937378954164
vulnerabilities,source_scope_difference_or_mixed,-11.0,10,10,10,0,10,9,1,11.3,4.5,9.5,36.5,38.74999999999999,41.0,157.0,20.5,31.8,1.0,0.9,0.1,0.02027114267269206
vulnerabilities,source_scope_difference_or_mixed,-10.0,11,11,11,0,11,10,1,12.636363636363637,9.0,13.0,36.0,39.5,43.0,185.0,16.454545454545453,29.09090909090909,1.0,0.9090909090909091,0.09090909090909091,0.023886378308586184
vulnerabilities,source_scope_difference_or_mixed,-9.0,13,13,13,2,11,10,1,10.153846153846153,5.0,8.0,35.2,41.399999999999984,48.0,178.0,13.0,23.153846153846153,0.8461538461538461,0.7692307692307693,0.07692307692307693,0.022982569399612653
vulnerabilities,source_scope_difference_or_mixed,-8.0,15,15,15,1,14,13,1,11.4,8.0,9.0,33.4,42.39999999999998,55.0,217.0,13.0,24.4,0.9333333333333333,0.8666666666666667,0.06666666666666667,0.02801807617817947
vulnerabilities,source_scope_difference_or_mixed,-7.0,16,16,16,2,14,13,1,11.5,7.0,8.5,33.0,43.5,63.0,228.0,14.5,26.0,0.875,0.8125,0.0625,0.029438347320852164
vulnerabilities,source_scope_difference_or_mixed,-6.0,15,15,15,1,14,13,1,11.4,5.0,6.0,32.599999999999994,44.89999999999996,68.0,213.0,16.866666666666667,28.266666666666666,0.9333333333333333,0.8666666666666667,0.06666666666666667,0.02750161394448031
vulnerabilities,source_scope_difference_or_mixed,-5.0,16,16,16,2,14,13,1,10.4375,5.0,6.0,29.0,38.75,68.0,209.0,16.4375,26.875,0.875,0.8125,0.0625,0.026985151710781148
vulnerabilities,source_scope_difference_or_mixed,-4.0,17,17,17,0,17,16,1,10.588235294117647,5.0,7.0,29.4,37.59999999999997,68.0,226.0,16.41176470588235,27.0,1.0,0.9411764705882353,0.058823529411764705,0.02918011620400258
vulnerabilities,source_scope_difference_or_mixed,-3.0,19,19,19,1,18,17,1,9.68421052631579,5.0,5.0,29.4,34.59999999999992,67.0,234.0,15.31578947368421,25.0,0.9473684210526315,0.8947368421052632,0.05263157894736842,0.030213040671400904
vulnerabilities,source_scope_difference_or_mixed,-2.0,17,17,17,0,17,16,1,10.352941176470589,4.0,8.0,29.4,37.79999999999997,69.0,226.0,17.235294117647058,27.58823529411765,1.0,0.9411764705882353,0.058823529411764705,0.02918011620400258
vulnerabilities,source_scope_difference_or_mixed,-1.0,19,19,19,1,18,17,1,9.736842105263158,5.0,7.0,26.199999999999996,35.399999999999906,75.0,235.0,16.05263157894737,25.789473684210527,0.9473684210526315,0.8947368421052632,0.05263157894736842,0.030342156229825695
vulnerabilities,source_scope_difference_or_mixed,0.0,28,28,28,6,22,21,1,10.178571428571429,4.5,6.0,27.900000000000002,30.65,83.0,335.0,11.142857142857142,21.321428571428573,0.7857142857142857,0.75,0.03571428571428571,0.04325371207230471
vulnerabilities,source_scope_difference_or_mixed,1.0,28,28,28,6,22,21,1,9.107142857142858,4.0,5.5,26.500000000000004,30.65,78.0,305.0,11.035714285714286,20.142857142857142,0.7857142857142857,0.75,0.03571428571428571,0.039380245319561004
vulnerabilities,source_scope_difference_or_mixed,2.0,22,22,22,4,18,17,1,10.409090909090908,4.0,5.5,29.50000000000001,33.8,79.0,279.0,14.181818181818182,24.59090909090909,0.8181818181818182,0.7727272727272727,0.045454545454545456,0.036023240800516464
vulnerabilities,source_scope_difference_or_mixed,3.0,21,21,21,2,19,18,1,12.666666666666666,5.0,9.0,34.0,49.0,87.0,316.0,15.095238095238095,27.761904761904763,0.9047619047619048,0.8571428571428571,0.047619047619047616,0.0408005164622337
vulnerabilities,source_scope_difference_or_mixed,4.0,24,24,24,3,21,20,1,14.583333333333334,10.0,11.5,31.7,51.549999999999955,86.0,402.0,13.041666666666666,27.625,0.875,0.8333333333333334,0.041666666666666664,0.05190445448676566
vulnerabilities,source_scope_difference_or_mixed,5.0,21,21,21,3,18,17,1,7.666666666666667,3.0,4.0,26.0,31.0,33.0,213.0,13.095238095238095,20.761904761904763,0.8571428571428571,0.8095238095238095,0.047619047619047616,0.02750161394448031
vulnerabilities,source_scope_difference_or_mixed,6.0,8,8,8,2,6,6,0,20.375,3.5,3.5,51.79999999999999,67.89999999999998,84.0,163.0,6.75,27.125,0.75,0.75,0.0,0.0210458360232408
vulnerabilities,source_scope_difference_or_mixed,7.0,4,4,4,1,3,3,0,7.25,3.0,3.0,17.6,20.299999999999994,23.0,29.0,1.25,8.5,0.75,0.75,0.0,0.0037443511943189155
vulnerabilities,source_scope_difference_or_mixed,8.0,2,2,2,0,2,2,0,8.0,8.0,8.0,12.8,13.399999999999999,14.0,16.0,0.0,8.0,1.0,1.0,0.0,0.002065848934796643
vulnerabilities,source_scope_difference_or_mixed,9.0,2,2,2,0,2,2,0,8.0,8.0,8.0,12.8,13.399999999999999,14.0,16.0,0.0,8.0,1.0,1.0,0.0,0.002065848934796643
vulnerabilities,source_scope_difference_or_mixed,10.0,2,2,2,0,2,2,0,8.0,8.0,8.0,12.8,13.399999999999999,14.0,16.0,0.0,8.0,1.0,1.0,0.0,0.002065848934796643
vulnerabilities,source_scope_difference_or_mixed,11.0,1,1,1,0,1,1,0,13.0,13.0,13.0,13.0,13.0,13.0,13.0,0.0,13.0,1.0,1.0,0.0,0.0016785022595222725
vulnerabilities,source_scope_difference_or_mixed,,220,220,25,90,130,130,0,5.345454545454546,1.0,1.0,12.099999999999994,14.0,137.0,1176.0,1.3045454545454545,6.65,0.5909090909090909,0.5909090909090909,0.0,0.15183989670755327
