repo_name,time,scan_group,latest_commit,ncloc_our,bugs_our,vulnerabilities_our,code_smells_our,duplicated_lines_density_our,comment_lines_density_our,cognitive_complexity_our,technical_debt_our,static_analysis_warnings_our,is_treatment,event,post_event,time_to_event,dataset_source,ncloc_paper,bugs_paper,vulnerabilities_paper,code_smells_paper,duplicated_lines_density_paper,comment_lines_density_paper,cognitive_complexity_paper,technical_debt_paper,static_analysis_warnings_paper,paper_match_status,diff_ncloc,abs_diff_ncloc,identical_ncloc,diff_bugs,abs_diff_bugs,identical_bugs,diff_vulnerabilities,abs_diff_vulnerabilities,identical_vulnerabilities,diff_code_smells,abs_diff_code_smells,identical_code_smells,diff_duplicated_lines_density,abs_diff_duplicated_lines_density,identical_duplicated_lines_density,diff_comment_lines_density,abs_diff_comment_lines_density,identical_comment_lines_density,diff_cognitive_complexity,abs_diff_cognitive_complexity,identical_cognitive_complexity,diff_technical_debt,abs_diff_technical_debt,identical_technical_debt,diff_static_analysis_warnings,abs_diff_static_analysis_warnings,identical_static_analysis_warnings
1mrat/cursor-taskrunner,2024-09,treatment,53d6ca106d0525b5eec3d03eba2406488da0ddcd,209.0,1.0,0.0,1.0,0.0,5.9,28.0,5.0,2.0,,,,,,,,,,,,,,,left_only,,,False,,,False,,,False,,,False,,,False,,,False,,,False,,,False,,,False
1mrat/cursor-taskrunner,2024-10,treatment,53d6ca106d0525b5eec3d03eba2406488da0ddcd,209.0,1.0,0.0,1.0,0.0,5.9,28.0,5.0,2.0,,,,,,,,,,,,,,,left_only,,,False,,,False,,,False,,,False,,,False,,,False,,,False,,,False,,,False
1mrat/cursor-taskrunner,2024-11,treatment,53d6ca106d0525b5eec3d03eba2406488da0ddcd,209.0,1.0,0.0,1.0,0.0,5.9,28.0,5.0,2.0,,,,,,,,,,,,,,,left_only,,,False,,,False,,,False,,,False,,,False,,,False,,,False,,,False,,,False
1mrat/cursor-taskrunner,2024-12,treatment,53d6ca106d0525b5eec3d03eba2406488da0ddcd,209.0,1.0,0.0,1.0,0.0,5.9,28.0,5.0,2.0,,,,,,,,,,,,,,,left_only,,,False,,,False,,,False,,,False,,,False,,,False,,,False,,,False,,,False
1mrat/cursor-taskrunner,2025-01,treatment,53d6ca106d0525b5eec3d03eba2406488da0ddcd,209.0,1.0,0.0,1.0,0.0,5.9,28.0,5.0,2.0,,,,,,,,,,,,,,,left_only,,,False,,,False,,,False,,,False,,,False,,,False,,,False,,,False,,,False
1mrat/cursor-taskrunner,2025-02,treatment,53d6ca106d0525b5eec3d03eba2406488da0ddcd,209.0,1.0,0.0,1.0,0.0,5.9,28.0,5.0,2.0,,,,,,,,,,,,,,,left_only,,,False,,,False,,,False,,,False,,,False,,,False,,,False,,,False,,,False
1mrat/cursor-taskrunner,2025-03,treatment,53d6ca106d0525b5eec3d03eba2406488da0ddcd,209.0,1.0,0.0,1.0,0.0,5.9,28.0,5.0,2.0,,,,,,,,,,,,,,,left_only,,,False,,,False,,,False,,,False,,,False,,,False,,,False,,,False,,,False
1mrat/cursor-taskrunner,2025-04,treatment,53d6ca106d0525b5eec3d03eba2406488da0ddcd,209.0,1.0,0.0,1.0,0.0,5.9,28.0,5.0,2.0,,,,,,,,,,,,,,,left_only,,,False,,,False,,,False,,,False,,,False,,,False,,,False,,,False,,,False
1mrat/cursor-taskrunner,2025-05,treatment,53d6ca106d0525b5eec3d03eba2406488da0ddcd,209.0,1.0,0.0,1.0,0.0,5.9,28.0,5.0,2.0,,,,,,,,,,,,,,,left_only,,,False,,,False,,,False,,,False,,,False,,,False,,,False,,,False,,,False
1mrat/cursor-taskrunner,2025-06,treatment,53d6ca106d0525b5eec3d03eba2406488da0ddcd,209.0,1.0,0.0,1.0,0.0,5.9,28.0,5.0,2.0,,,,,,,,,,,,,,,left_only,,,False,,,False,,,False,,,False,,,False,,,False,,,False,,,False,,,False
1mrat/cursor-taskrunner,2025-07,treatment,53d6ca106d0525b5eec3d03eba2406488da0ddcd,209.0,1.0,0.0,1.0,0.0,5.9,28.0,5.0,2.0,,,,,,,,,,,,,,,left_only,,,False,,,False,,,False,,,False,,,False,,,False,,,False,,,False,,,False
1mrat/cursor-taskrunner,2025-08,treatment,53d6ca106d0525b5eec3d03eba2406488da0ddcd,209.0,1.0,0.0,1.0,0.0,5.9,28.0,5.0,2.0,,,,,,,,,,,,,,,left_only,,,False,,,False,,,False,,,False,,,False,,,False,,,False,,,False,,,False
Anemll/Anemll,2025-08,treatment,6ecb10d7dfe90533af13ac23c825ca76aab0c56e,21444.0,9.0,1.0,233.0,23.4,19.4,5144.0,2097.0,243.0,,,,,,,,,,,,,,,left_only,,,False,,,False,,,False,,,False,,,False,,,False,,,False,,,False,,,False
Chocksy/qc-options-framework,2025-04,treatment,e4ce33d3a1c00a3a017343a5e937ea0bb4e1e522,9863.0,3.0,0.0,876.0,1.6,30.4,1265.0,2808.0,879.0,,,,,,,,,,,,,,,left_only,,,False,,,False,,,False,,,False,,,False,,,False,,,False,,,False,,,False
Chocksy/qc-options-framework,2025-05,treatment,e4ce33d3a1c00a3a017343a5e937ea0bb4e1e522,9863.0,3.0,0.0,876.0,1.6,30.4,1265.0,2808.0,879.0,,,,,,,,,,,,,,,left_only,,,False,,,False,,,False,,,False,,,False,,,False,,,False,,,False,,,False
Chocksy/qc-options-framework,2025-06,treatment,e4ce33d3a1c00a3a017343a5e937ea0bb4e1e522,9863.0,3.0,0.0,876.0,1.6,30.4,1265.0,2808.0,879.0,,,,,,,,,,,,,,,left_only,,,False,,,False,,,False,,,False,,,False,,,False,,,False,,,False,,,False
Chocksy/qc-options-framework,2025-07,treatment,e4ce33d3a1c00a3a017343a5e937ea0bb4e1e522,9863.0,3.0,0.0,876.0,1.6,30.4,1265.0,2808.0,879.0,,,,,,,,,,,,,,,left_only,,,False,,,False,,,False,,,False,,,False,,,False,,,False,,,False,,,False
Chocksy/qc-options-framework,2025-08,treatment,e4ce33d3a1c00a3a017343a5e937ea0bb4e1e522,9863.0,3.0,0.0,876.0,1.6,30.4,1265.0,2808.0,879.0,,,,,,,,,,,,,,,left_only,,,False,,,False,,,False,,,False,,,False,,,False,,,False,,,False,,,False
DannyMac180/mirror,2025-01,treatment,07faea189c83c42cd4cb5361ea41527168d3a377,3664.0,0.0,4.0,19.0,0.9,23.3,418.0,142.0,23.0,,,,,,,,,,,,,,,left_only,,,False,,,False,,,False,,,False,,,False,,,False,,,False,,,False,,,False
DannyMac180/mirror,2025-02,treatment,07faea189c83c42cd4cb5361ea41527168d3a377,3664.0,0.0,4.0,19.0,0.9,23.3,418.0,142.0,23.0,,,,,,,,,,,,,,,left_only,,,False,,,False,,,False,,,False,,,False,,,False,,,False,,,False,,,False
DannyMac180/mirror,2025-03,treatment,07faea189c83c42cd4cb5361ea41527168d3a377,3664.0,0.0,4.0,19.0,0.9,23.3,418.0,142.0,23.0,,,,,,,,,,,,,,,left_only,,,False,,,False,,,False,,,False,,,False,,,False,,,False,,,False,,,False
DannyMac180/mirror,2025-04,treatment,07faea189c83c42cd4cb5361ea41527168d3a377,3664.0,0.0,4.0,19.0,0.9,23.3,418.0,142.0,23.0,,,,,,,,,,,,,,,left_only,,,False,,,False,,,False,,,False,,,False,,,False,,,False,,,False,,,False
DannyMac180/mirror,2025-05,treatment,07faea189c83c42cd4cb5361ea41527168d3a377,3664.0,0.0,4.0,19.0,0.9,23.3,418.0,142.0,23.0,,,,,,,,,,,,,,,left_only,,,False,,,False,,,False,,,False,,,False,,,False,,,False,,,False,,,False
DannyMac180/mirror,2025-06,treatment,07faea189c83c42cd4cb5361ea41527168d3a377,3664.0,0.0,4.0,19.0,0.9,23.3,418.0,142.0,23.0,,,,,,,,,,,,,,,left_only,,,False,,,False,,,False,,,False,,,False,,,False,,,False,,,False,,,False
DannyMac180/mirror,2025-07,treatment,07faea189c83c42cd4cb5361ea41527168d3a377,3664.0,0.0,4.0,19.0,0.9,23.3,418.0,142.0,23.0,,,,,,,,,,,,,,,left_only,,,False,,,False,,,False,,,False,,,False,,,False,,,False,,,False,,,False
DannyMac180/mirror,2025-08,treatment,07faea189c83c42cd4cb5361ea41527168d3a377,3664.0,0.0,4.0,19.0,0.9,23.3,418.0,142.0,23.0,,,,,,,,,,,,,,,left_only,,,False,,,False,,,False,,,False,,,False,,,False,,,False,,,False,,,False
Elevate-Code/better-voice-typing,2025-08,treatment,5233de084ce33a7b791b053561d57fc58fd81781,1824.0,0.0,0.0,28.0,0.0,21.4,413.0,164.0,28.0,,,,,,,,,,,,,,,left_only,,,False,,,False,,,False,,,False,,,False,,,False,,,False,,,False,,,False
MDGrey33/pyvisionai,2025-08,treatment,cc125c05100115df578cbcdf0da4e57778e423aa,7129.0,7.0,0.0,77.0,2.5,18.5,671.0,433.0,84.0,,,,,,,,,,,,,,,left_only,,,False,,,False,,,False,,,False,,,False,,,False,,,False,,,False,,,False
Mineru98/mysql-mcp-server,2025-04,treatment,e183dda6defcde596631e6cf1d5764c988a043f2,2043.0,0.0,12.0,19.0,7.1,6.9,136.0,150.0,31.0,,,,,,,,,,,,,,,left_only,,,False,,,False,,,False,,,False,,,False,,,False,,,False,,,False,,,False
Mineru98/mysql-mcp-server,2025-05,treatment,e183dda6defcde596631e6cf1d5764c988a043f2,2043.0,0.0,12.0,19.0,7.1,6.9,136.0,150.0,31.0,,,,,,,,,,,,,,,left_only,,,False,,,False,,,False,,,False,,,False,,,False,,,False,,,False,,,False
Mineru98/mysql-mcp-server,2025-06,treatment,e183dda6defcde596631e6cf1d5764c988a043f2,2043.0,0.0,12.0,19.0,7.1,6.9,136.0,150.0,31.0,,,,,,,,,,,,,,,left_only,,,False,,,False,,,False,,,False,,,False,,,False,,,False,,,False,,,False
Mineru98/mysql-mcp-server,2025-07,treatment,e183dda6defcde596631e6cf1d5764c988a043f2,2043.0,0.0,12.0,19.0,7.1,6.9,136.0,150.0,31.0,,,,,,,,,,,,,,,left_only,,,False,,,False,,,False,,,False,,,False,,,False,,,False,,,False,,,False
Mineru98/mysql-mcp-server,2025-08,treatment,e183dda6defcde596631e6cf1d5764c988a043f2,2043.0,0.0,12.0,19.0,7.1,6.9,136.0,150.0,31.0,,,,,,,,,,,,,,,left_only,,,False,,,False,,,False,,,False,,,False,,,False,,,False,,,False,,,False
Multi-V-VM/MVVM,2025-08,treatment,993e036efe871d117bdcfd14246a69f407fc5ef6,7495.0,9.0,2.0,461.0,33.3,18.6,1608.0,2955.0,472.0,,,,,,,,,,,,,,,left_only,,,False,,,False,,,False,,,False,,,False,,,False,,,False,,,False,,,False
Ody-Z/Trading_Game_Simulator,2025-03,treatment,50bbbe078988b2f37720c247a12d2a8368e3e283,599.0,0.0,0.0,6.0,0.0,20.5,111.0,59.0,6.0,,,,,,,,,,,,,,,left_only,,,False,,,False,,,False,,,False,,,False,,,False,,,False,,,False,,,False
Ody-Z/Trading_Game_Simulator,2025-04,treatment,50bbbe078988b2f37720c247a12d2a8368e3e283,599.0,0.0,0.0,6.0,0.0,20.5,111.0,59.0,6.0,,,,,,,,,,,,,,,left_only,,,False,,,False,,,False,,,False,,,False,,,False,,,False,,,False,,,False
Ody-Z/Trading_Game_Simulator,2025-05,treatment,50bbbe078988b2f37720c247a12d2a8368e3e283,599.0,0.0,0.0,6.0,0.0,20.5,111.0,59.0,6.0,,,,,,,,,,,,,,,left_only,,,False,,,False,,,False,,,False,,,False,,,False,,,False,,,False,,,False
Ody-Z/Trading_Game_Simulator,2025-06,treatment,50bbbe078988b2f37720c247a12d2a8368e3e283,599.0,0.0,0.0,6.0,0.0,20.5,111.0,59.0,6.0,,,,,,,,,,,,,,,left_only,,,False,,,False,,,False,,,False,,,False,,,False,,,False,,,False,,,False
Ody-Z/Trading_Game_Simulator,2025-07,treatment,50bbbe078988b2f37720c247a12d2a8368e3e283,599.0,0.0,0.0,6.0,0.0,20.5,111.0,59.0,6.0,,,,,,,,,,,,,,,left_only,,,False,,,False,,,False,,,False,,,False,,,False,,,False,,,False,,,False
Ody-Z/Trading_Game_Simulator,2025-08,treatment,50bbbe078988b2f37720c247a12d2a8368e3e283,599.0,0.0,0.0,6.0,0.0,20.5,111.0,59.0,6.0,,,,,,,,,,,,,,,left_only,,,False,,,False,,,False,,,False,,,False,,,False,,,False,,,False,,,False
OpenMOSS/Language-Model-SAEs,2025-08,treatment,6afc05011512735430b9e7036a7a0f1fb6d0fbe2,44912.0,83.0,8.0,4380.0,3.7,10.5,16606.0,23033.0,4471.0,,,,,,,,,,,,,,,left_only,,,False,,,False,,,False,,,False,,,False,,,False,,,False,,,False,,,False
OpenSPP/openspp-modules,2025-08,treatment,bbfe82a523fcba3a8202d41b851a1a961258e6b4,101618.0,167.0,9.0,638.0,24.8,6.6,4944.0,3629.0,814.0,,,,,,,,,,,,,,,left_only,,,False,,,False,,,False,,,False,,,False,,,False,,,False,,,False,,,False
PiotrCzapla/smart_dictation,2024-11,treatment,f0f396492a7bc34bd4fd16e2857d21f744d7c6b1,351.0,1.0,0.0,5.0,0.0,4.4,26.0,55.0,6.0,,,,,,,,,,,,,,,left_only,,,False,,,False,,,False,,,False,,,False,,,False,,,False,,,False,,,False
PiotrCzapla/smart_dictation,2024-12,treatment,f0f396492a7bc34bd4fd16e2857d21f744d7c6b1,351.0,1.0,0.0,5.0,0.0,4.4,26.0,55.0,6.0,,,,,,,,,,,,,,,left_only,,,False,,,False,,,False,,,False,,,False,,,False,,,False,,,False,,,False
PiotrCzapla/smart_dictation,2025-01,treatment,f0f396492a7bc34bd4fd16e2857d21f744d7c6b1,351.0,1.0,0.0,5.0,0.0,4.4,26.0,55.0,6.0,,,,,,,,,,,,,,,left_only,,,False,,,False,,,False,,,False,,,False,,,False,,,False,,,False,,,False
PiotrCzapla/smart_dictation,2025-02,treatment,f0f396492a7bc34bd4fd16e2857d21f744d7c6b1,351.0,1.0,0.0,5.0,0.0,4.4,26.0,55.0,6.0,,,,,,,,,,,,,,,left_only,,,False,,,False,,,False,,,False,,,False,,,False,,,False,,,False,,,False
PiotrCzapla/smart_dictation,2025-03,treatment,f0f396492a7bc34bd4fd16e2857d21f744d7c6b1,351.0,1.0,0.0,5.0,0.0,4.4,26.0,55.0,6.0,,,,,,,,,,,,,,,left_only,,,False,,,False,,,False,,,False,,,False,,,False,,,False,,,False,,,False
PiotrCzapla/smart_dictation,2025-04,treatment,f0f396492a7bc34bd4fd16e2857d21f744d7c6b1,351.0,1.0,0.0,5.0,0.0,4.4,26.0,55.0,6.0,,,,,,,,,,,,,,,left_only,,,False,,,False,,,False,,,False,,,False,,,False,,,False,,,False,,,False
PiotrCzapla/smart_dictation,2025-05,treatment,f0f396492a7bc34bd4fd16e2857d21f744d7c6b1,351.0,1.0,0.0,5.0,0.0,4.4,26.0,55.0,6.0,,,,,,,,,,,,,,,left_only,,,False,,,False,,,False,,,False,,,False,,,False,,,False,,,False,,,False
PiotrCzapla/smart_dictation,2025-06,treatment,f0f396492a7bc34bd4fd16e2857d21f744d7c6b1,351.0,1.0,0.0,5.0,0.0,4.4,26.0,55.0,6.0,,,,,,,,,,,,,,,left_only,,,False,,,False,,,False,,,False,,,False,,,False,,,False,,,False,,,False
PiotrCzapla/smart_dictation,2025-07,treatment,f0f396492a7bc34bd4fd16e2857d21f744d7c6b1,351.0,1.0,0.0,5.0,0.0,4.4,26.0,55.0,6.0,,,,,,,,,,,,,,,left_only,,,False,,,False,,,False,,,False,,,False,,,False,,,False,,,False,,,False
PiotrCzapla/smart_dictation,2025-08,treatment,f0f396492a7bc34bd4fd16e2857d21f744d7c6b1,351.0,1.0,0.0,5.0,0.0,4.4,26.0,55.0,6.0,,,,,,,,,,,,,,,left_only,,,False,,,False,,,False,,,False,,,False,,,False,,,False,,,False,,,False
SlyyCooper/cursorrules-architect,2025-05,treatment,d3341bec543e5ba24cacc2caf33383e98c657e2d,3436.0,7.0,0.0,54.0,1.1,40.0,629.0,372.0,61.0,,,,,,,,,,,,,,,left_only,,,False,,,False,,,False,,,False,,,False,,,False,,,False,,,False,,,False
SlyyCooper/cursorrules-architect,2025-06,treatment,d3341bec543e5ba24cacc2caf33383e98c657e2d,3436.0,7.0,0.0,54.0,1.1,40.0,629.0,372.0,61.0,,,,,,,,,,,,,,,left_only,,,False,,,False,,,False,,,False,,,False,,,False,,,False,,,False,,,False
SlyyCooper/cursorrules-architect,2025-07,treatment,d3341bec543e5ba24cacc2caf33383e98c657e2d,3436.0,7.0,0.0,54.0,1.1,40.0,629.0,372.0,61.0,,,,,,,,,,,,,,,left_only,,,False,,,False,,,False,,,False,,,False,,,False,,,False,,,False,,,False
SlyyCooper/cursorrules-architect,2025-08,treatment,d3341bec543e5ba24cacc2caf33383e98c657e2d,3436.0,7.0,0.0,54.0,1.1,40.0,629.0,372.0,61.0,,,,,,,,,,,,,,,left_only,,,False,,,False,,,False,,,False,,,False,,,False,,,False,,,False,,,False
The-Pocket/Tutorial-AI-Paul-Graham,2025-04,treatment,eb304ff3774606a2bdb67cc4065605c4ac2f8ca7,839.0,0.0,0.0,13.0,0.0,21.6,150.0,95.0,13.0,,,,,,,,,,,,,,,left_only,,,False,,,False,,,False,,,False,,,False,,,False,,,False,,,False,,,False
The-Pocket/Tutorial-AI-Paul-Graham,2025-05,treatment,eb304ff3774606a2bdb67cc4065605c4ac2f8ca7,839.0,0.0,0.0,13.0,0.0,21.6,150.0,95.0,13.0,,,,,,,,,,,,,,,left_only,,,False,,,False,,,False,,,False,,,False,,,False,,,False,,,False,,,False
The-Pocket/Tutorial-AI-Paul-Graham,2025-06,treatment,eb304ff3774606a2bdb67cc4065605c4ac2f8ca7,839.0,0.0,0.0,13.0,0.0,21.6,150.0,95.0,13.0,,,,,,,,,,,,,,,left_only,,,False,,,False,,,False,,,False,,,False,,,False,,,False,,,False,,,False
The-Pocket/Tutorial-AI-Paul-Graham,2025-07,treatment,eb304ff3774606a2bdb67cc4065605c4ac2f8ca7,839.0,0.0,0.0,13.0,0.0,21.6,150.0,95.0,13.0,,,,,,,,,,,,,,,left_only,,,False,,,False,,,False,,,False,,,False,,,False,,,False,,,False,,,False
The-Pocket/Tutorial-AI-Paul-Graham,2025-08,treatment,eb304ff3774606a2bdb67cc4065605c4ac2f8ca7,839.0,0.0,0.0,13.0,0.0,21.6,150.0,95.0,13.0,,,,,,,,,,,,,,,left_only,,,False,,,False,,,False,,,False,,,False,,,False,,,False,,,False,,,False
The-Pocket/Tutorial-Cold-Email-Personalization,2025-04,treatment,200903e33e7756a880160f8b7c5d6e5dd51794a6,599.0,0.0,0.0,3.0,0.0,16.5,125.0,72.0,3.0,,,,,,,,,,,,,,,left_only,,,False,,,False,,,False,,,False,,,False,,,False,,,False,,,False,,,False
The-Pocket/Tutorial-Cold-Email-Personalization,2025-05,treatment,200903e33e7756a880160f8b7c5d6e5dd51794a6,599.0,0.0,0.0,3.0,0.0,16.5,125.0,72.0,3.0,,,,,,,,,,,,,,,left_only,,,False,,,False,,,False,,,False,,,False,,,False,,,False,,,False,,,False
The-Pocket/Tutorial-Cold-Email-Personalization,2025-06,treatment,200903e33e7756a880160f8b7c5d6e5dd51794a6,599.0,0.0,0.0,3.0,0.0,16.5,125.0,72.0,3.0,,,,,,,,,,,,,,,left_only,,,False,,,False,,,False,,,False,,,False,,,False,,,False,,,False,,,False
The-Pocket/Tutorial-Cold-Email-Personalization,2025-07,treatment,200903e33e7756a880160f8b7c5d6e5dd51794a6,599.0,0.0,0.0,3.0,0.0,16.5,125.0,72.0,3.0,,,,,,,,,,,,,,,left_only,,,False,,,False,,,False,,,False,,,False,,,False,,,False,,,False,,,False
The-Pocket/Tutorial-Cold-Email-Personalization,2025-08,treatment,200903e33e7756a880160f8b7c5d6e5dd51794a6,599.0,0.0,0.0,3.0,0.0,16.5,125.0,72.0,3.0,,,,,,,,,,,,,,,left_only,,,False,,,False,,,False,,,False,,,False,,,False,,,False,,,False,,,False
The-Pocket/Tutorial-Cursor,2025-04,treatment,0e69c81e74a3927d34b760beaca3a7775d650051,1411.0,0.0,0.0,41.0,1.9,19.6,367.0,355.0,41.0,,,,,,,,,,,,,,,left_only,,,False,,,False,,,False,,,False,,,False,,,False,,,False,,,False,,,False
The-Pocket/Tutorial-Cursor,2025-05,treatment,0e69c81e74a3927d34b760beaca3a7775d650051,1411.0,0.0,0.0,41.0,1.9,19.6,367.0,355.0,41.0,,,,,,,,,,,,,,,left_only,,,False,,,False,,,False,,,False,,,False,,,False,,,False,,,False,,,False
The-Pocket/Tutorial-Cursor,2025-06,treatment,0e69c81e74a3927d34b760beaca3a7775d650051,1411.0,0.0,0.0,41.0,1.9,19.6,367.0,355.0,41.0,,,,,,,,,,,,,,,left_only,,,False,,,False,,,False,,,False,,,False,,,False,,,False,,,False,,,False
The-Pocket/Tutorial-Cursor,2025-07,treatment,0e69c81e74a3927d34b760beaca3a7775d650051,1411.0,0.0,0.0,41.0,1.9,19.6,367.0,355.0,41.0,,,,,,,,,,,,,,,left_only,,,False,,,False,,,False,,,False,,,False,,,False,,,False,,,False,,,False
The-Pocket/Tutorial-Cursor,2025-08,treatment,0e69c81e74a3927d34b760beaca3a7775d650051,1411.0,0.0,0.0,41.0,1.9,19.6,367.0,355.0,41.0,,,,,,,,,,,,,,,left_only,,,False,,,False,,,False,,,False,,,False,,,False,,,False,,,False,,,False
TheSethRose/Agent-Chat,2024-11,treatment,464bdbd1b280f5a15358aca50b7c8e60a4d5ff04,356.0,0.0,1.0,13.0,0.0,25.5,77.0,76.0,14.0,,,,,,,,,,,,,,,left_only,,,False,,,False,,,False,,,False,,,False,,,False,,,False,,,False,,,False
TheSethRose/Agent-Chat,2024-12,treatment,464bdbd1b280f5a15358aca50b7c8e60a4d5ff04,356.0,0.0,1.0,13.0,0.0,25.5,77.0,76.0,14.0,,,,,,,,,,,,,,,left_only,,,False,,,False,,,False,,,False,,,False,,,False,,,False,,,False,,,False
TheSethRose/Agent-Chat,2025-01,treatment,464bdbd1b280f5a15358aca50b7c8e60a4d5ff04,356.0,0.0,1.0,13.0,0.0,25.5,77.0,76.0,14.0,,,,,,,,,,,,,,,left_only,,,False,,,False,,,False,,,False,,,False,,,False,,,False,,,False,,,False
TheSethRose/Agent-Chat,2025-02,treatment,464bdbd1b280f5a15358aca50b7c8e60a4d5ff04,356.0,0.0,1.0,13.0,0.0,25.5,77.0,76.0,14.0,,,,,,,,,,,,,,,left_only,,,False,,,False,,,False,,,False,,,False,,,False,,,False,,,False,,,False
TheSethRose/Agent-Chat,2025-03,treatment,464bdbd1b280f5a15358aca50b7c8e60a4d5ff04,356.0,0.0,1.0,13.0,0.0,25.5,77.0,76.0,14.0,,,,,,,,,,,,,,,left_only,,,False,,,False,,,False,,,False,,,False,,,False,,,False,,,False,,,False
TheSethRose/Agent-Chat,2025-04,treatment,464bdbd1b280f5a15358aca50b7c8e60a4d5ff04,356.0,0.0,1.0,13.0,0.0,25.5,77.0,76.0,14.0,,,,,,,,,,,,,,,left_only,,,False,,,False,,,False,,,False,,,False,,,False,,,False,,,False,,,False
TheSethRose/Agent-Chat,2025-05,treatment,464bdbd1b280f5a15358aca50b7c8e60a4d5ff04,356.0,0.0,1.0,13.0,0.0,25.5,77.0,76.0,14.0,,,,,,,,,,,,,,,left_only,,,False,,,False,,,False,,,False,,,False,,,False,,,False,,,False,,,False
TheSethRose/Agent-Chat,2025-06,treatment,464bdbd1b280f5a15358aca50b7c8e60a4d5ff04,356.0,0.0,1.0,13.0,0.0,25.5,77.0,76.0,14.0,,,,,,,,,,,,,,,left_only,,,False,,,False,,,False,,,False,,,False,,,False,,,False,,,False,,,False
TheSethRose/Agent-Chat,2025-07,treatment,464bdbd1b280f5a15358aca50b7c8e60a4d5ff04,356.0,0.0,1.0,13.0,0.0,25.5,77.0,76.0,14.0,,,,,,,,,,,,,,,left_only,,,False,,,False,,,False,,,False,,,False,,,False,,,False,,,False,,,False
TheSethRose/Agent-Chat,2025-08,treatment,464bdbd1b280f5a15358aca50b7c8e60a4d5ff04,356.0,0.0,1.0,13.0,0.0,25.5,77.0,76.0,14.0,,,,,,,,,,,,,,,left_only,,,False,,,False,,,False,,,False,,,False,,,False,,,False,,,False,,,False
ToolUse/infinite-ai-seo,2025-04,treatment,d4019a3edb442ae7ffddbfdad289ec92400d32ee,1122.0,2.0,0.0,13.0,0.0,20.3,260.0,175.0,15.0,,,,,,,,,,,,,,,left_only,,,False,,,False,,,False,,,False,,,False,,,False,,,False,,,False,,,False
ToolUse/infinite-ai-seo,2025-05,treatment,d4019a3edb442ae7ffddbfdad289ec92400d32ee,1122.0,2.0,0.0,13.0,0.0,20.3,260.0,175.0,15.0,,,,,,,,,,,,,,,left_only,,,False,,,False,,,False,,,False,,,False,,,False,,,False,,,False,,,False
ToolUse/infinite-ai-seo,2025-06,treatment,d4019a3edb442ae7ffddbfdad289ec92400d32ee,1122.0,2.0,0.0,13.0,0.0,20.3,260.0,175.0,15.0,,,,,,,,,,,,,,,left_only,,,False,,,False,,,False,,,False,,,False,,,False,,,False,,,False,,,False
ToolUse/infinite-ai-seo,2025-07,treatment,d4019a3edb442ae7ffddbfdad289ec92400d32ee,1122.0,2.0,0.0,13.0,0.0,20.3,260.0,175.0,15.0,,,,,,,,,,,,,,,left_only,,,False,,,False,,,False,,,False,,,False,,,False,,,False,,,False,,,False
ToolUse/infinite-ai-seo,2025-08,treatment,d4019a3edb442ae7ffddbfdad289ec92400d32ee,1122.0,2.0,0.0,13.0,0.0,20.3,260.0,175.0,15.0,,,,,,,,,,,,,,,left_only,,,False,,,False,,,False,,,False,,,False,,,False,,,False,,,False,,,False
ToolUse/tool-use-ai,2025-05,treatment,ea9f4df00a3334325140e0045c50fdb1f9918e34,3316.0,0.0,2.0,37.0,0.0,7.4,574.0,308.0,39.0,,,,,,,,,,,,,,,left_only,,,False,,,False,,,False,,,False,,,False,,,False,,,False,,,False,,,False
ToolUse/tool-use-ai,2025-06,treatment,ea9f4df00a3334325140e0045c50fdb1f9918e34,3316.0,0.0,2.0,37.0,0.0,7.4,574.0,308.0,39.0,,,,,,,,,,,,,,,left_only,,,False,,,False,,,False,,,False,,,False,,,False,,,False,,,False,,,False
ToolUse/tool-use-ai,2025-07,treatment,ea9f4df00a3334325140e0045c50fdb1f9918e34,3316.0,0.0,2.0,37.0,0.0,7.4,574.0,308.0,39.0,,,,,,,,,,,,,,,left_only,,,False,,,False,,,False,,,False,,,False,,,False,,,False,,,False,,,False
ToolUse/tool-use-ai,2025-08,treatment,ea9f4df00a3334325140e0045c50fdb1f9918e34,3316.0,0.0,2.0,37.0,0.0,7.4,574.0,308.0,39.0,,,,,,,,,,,,,,,left_only,,,False,,,False,,,False,,,False,,,False,,,False,,,False,,,False,,,False
VRSEN/agency-swarm-memory-demo,2025-03,treatment,28f98de9ae21b822690afc595f84f910189cece9,217.0,0.0,0.0,2.0,0.0,9.6,51.0,20.0,2.0,,,,,,,,,,,,,,,left_only,,,False,,,False,,,False,,,False,,,False,,,False,,,False,,,False,,,False
VRSEN/agency-swarm-memory-demo,2025-04,treatment,28f98de9ae21b822690afc595f84f910189cece9,217.0,0.0,0.0,2.0,0.0,9.6,51.0,20.0,2.0,,,,,,,,,,,,,,,left_only,,,False,,,False,,,False,,,False,,,False,,,False,,,False,,,False,,,False
VRSEN/agency-swarm-memory-demo,2025-05,treatment,28f98de9ae21b822690afc595f84f910189cece9,217.0,0.0,0.0,2.0,0.0,9.6,51.0,20.0,2.0,,,,,,,,,,,,,,,left_only,,,False,,,False,,,False,,,False,,,False,,,False,,,False,,,False,,,False
VRSEN/agency-swarm-memory-demo,2025-06,treatment,28f98de9ae21b822690afc595f84f910189cece9,217.0,0.0,0.0,2.0,0.0,9.6,51.0,20.0,2.0,,,,,,,,,,,,,,,left_only,,,False,,,False,,,False,,,False,,,False,,,False,,,False,,,False,,,False
VRSEN/agency-swarm-memory-demo,2025-07,treatment,28f98de9ae21b822690afc595f84f910189cece9,217.0,0.0,0.0,2.0,0.0,9.6,51.0,20.0,2.0,,,,,,,,,,,,,,,left_only,,,False,,,False,,,False,,,False,,,False,,,False,,,False,,,False,,,False
VRSEN/agency-swarm-memory-demo,2025-08,treatment,28f98de9ae21b822690afc595f84f910189cece9,217.0,0.0,0.0,2.0,0.0,9.6,51.0,20.0,2.0,,,,,,,,,,,,,,,left_only,,,False,,,False,,,False,,,False,,,False,,,False,,,False,,,False,,,False
VRSEN/agency-voice-interface,2025-02,treatment,2d9d39ce02d9cb9628e8de79b3543fe05885ad42,2603.0,5.0,0.0,28.0,0.0,8.4,369.0,233.0,33.0,,,,,,,,,,,,,,,left_only,,,False,,,False,,,False,,,False,,,False,,,False,,,False,,,False,,,False
VRSEN/agency-voice-interface,2025-03,treatment,2d9d39ce02d9cb9628e8de79b3543fe05885ad42,2603.0,5.0,0.0,28.0,0.0,8.4,369.0,233.0,33.0,,,,,,,,,,,,,,,left_only,,,False,,,False,,,False,,,False,,,False,,,False,,,False,,,False,,,False
VRSEN/agency-voice-interface,2025-04,treatment,2d9d39ce02d9cb9628e8de79b3543fe05885ad42,2603.0,5.0,0.0,28.0,0.0,8.4,369.0,233.0,33.0,,,,,,,,,,,,,,,left_only,,,False,,,False,,,False,,,False,,,False,,,False,,,False,,,False,,,False
VRSEN/agency-voice-interface,2025-05,treatment,2d9d39ce02d9cb9628e8de79b3543fe05885ad42,2603.0,5.0,0.0,28.0,0.0,8.4,369.0,233.0,33.0,,,,,,,,,,,,,,,left_only,,,False,,,False,,,False,,,False,,,False,,,False,,,False,,,False,,,False
VRSEN/agency-voice-interface,2025-06,treatment,2d9d39ce02d9cb9628e8de79b3543fe05885ad42,2603.0,5.0,0.0,28.0,0.0,8.4,369.0,233.0,33.0,,,,,,,,,,,,,,,left_only,,,False,,,False,,,False,,,False,,,False,,,False,,,False,,,False,,,False
VRSEN/agency-voice-interface,2025-07,treatment,2d9d39ce02d9cb9628e8de79b3543fe05885ad42,2603.0,5.0,0.0,28.0,0.0,8.4,369.0,233.0,33.0,,,,,,,,,,,,,,,left_only,,,False,,,False,,,False,,,False,,,False,,,False,,,False,,,False,,,False
VRSEN/agency-voice-interface,2025-08,treatment,2d9d39ce02d9cb9628e8de79b3543fe05885ad42,2603.0,5.0,0.0,28.0,0.0,8.4,369.0,233.0,33.0,,,,,,,,,,,,,,,left_only,,,False,,,False,,,False,,,False,,,False,,,False,,,False,,,False,,,False
W1ndys/Blog,2025-07,treatment,8dd4409f9af545f2335e2dcff8d73327441135d9,189.0,0.0,0.0,7.0,0.0,22.5,16.0,31.0,7.0,,,,,,,,,,,,,,,left_only,,,False,,,False,,,False,,,False,,,False,,,False,,,False,,,False,,,False
W1ndys/Blog,2025-08,treatment,8dd4409f9af545f2335e2dcff8d73327441135d9,189.0,0.0,0.0,7.0,0.0,22.5,16.0,31.0,7.0,,,,,,,,,,,,,,,left_only,,,False,,,False,,,False,,,False,,,False,,,False,,,False,,,False,,,False
WangQrkkk/ThinkingCursor,2025-03,treatment,7f8188043c7738cb880294ed2f34b4c45303d0f5,94.0,0.0,0.0,0.0,0.0,7.8,5.0,0.0,0.0,,,,,,,,,,,,,,,left_only,,,False,,,False,,,False,,,False,,,False,,,False,,,False,,,False,,,False
WangQrkkk/ThinkingCursor,2025-04,treatment,7f8188043c7738cb880294ed2f34b4c45303d0f5,94.0,0.0,0.0,0.0,0.0,7.8,5.0,0.0,0.0,,,,,,,,,,,,,,,left_only,,,False,,,False,,,False,,,False,,,False,,,False,,,False,,,False,,,False
WangQrkkk/ThinkingCursor,2025-05,treatment,7f8188043c7738cb880294ed2f34b4c45303d0f5,94.0,0.0,0.0,0.0,0.0,7.8,5.0,0.0,0.0,,,,,,,,,,,,,,,left_only,,,False,,,False,,,False,,,False,,,False,,,False,,,False,,,False,,,False
WangQrkkk/ThinkingCursor,2025-06,treatment,7f8188043c7738cb880294ed2f34b4c45303d0f5,94.0,0.0,0.0,0.0,0.0,7.8,5.0,0.0,0.0,,,,,,,,,,,,,,,left_only,,,False,,,False,,,False,,,False,,,False,,,False,,,False,,,False,,,False
WangQrkkk/ThinkingCursor,2025-07,treatment,7f8188043c7738cb880294ed2f34b4c45303d0f5,94.0,0.0,0.0,0.0,0.0,7.8,5.0,0.0,0.0,,,,,,,,,,,,,,,left_only,,,False,,,False,,,False,,,False,,,False,,,False,,,False,,,False,,,False
WangQrkkk/ThinkingCursor,2025-08,treatment,7f8188043c7738cb880294ed2f34b4c45303d0f5,94.0,0.0,0.0,0.0,0.0,7.8,5.0,0.0,0.0,,,,,,,,,,,,,,,left_only,,,False,,,False,,,False,,,False,,,False,,,False,,,False,,,False,,,False
appl-team/appl,2025-02,treatment,e39c7401e5023d1b8d4c851e3a6f1048a462f03d,8825.0,29.0,0.0,191.0,0.4,19.3,1628.0,1252.0,220.0,,,,,,,,,,,,,,,left_only,,,False,,,False,,,False,,,False,,,False,,,False,,,False,,,False,,,False
appl-team/appl,2025-03,treatment,e39c7401e5023d1b8d4c851e3a6f1048a462f03d,8825.0,29.0,0.0,191.0,0.4,19.3,1628.0,1252.0,220.0,,,,,,,,,,,,,,,left_only,,,False,,,False,,,False,,,False,,,False,,,False,,,False,,,False,,,False
appl-team/appl,2025-04,treatment,e39c7401e5023d1b8d4c851e3a6f1048a462f03d,8825.0,29.0,0.0,191.0,0.4,19.3,1628.0,1252.0,220.0,,,,,,,,,,,,,,,left_only,,,False,,,False,,,False,,,False,,,False,,,False,,,False,,,False,,,False
appl-team/appl,2025-05,treatment,e39c7401e5023d1b8d4c851e3a6f1048a462f03d,8825.0,29.0,0.0,191.0,0.4,19.3,1628.0,1252.0,220.0,,,,,,,,,,,,,,,left_only,,,False,,,False,,,False,,,False,,,False,,,False,,,False,,,False,,,False
appl-team/appl,2025-06,treatment,e39c7401e5023d1b8d4c851e3a6f1048a462f03d,8825.0,29.0,0.0,191.0,0.4,19.3,1628.0,1252.0,220.0,,,,,,,,,,,,,,,left_only,,,False,,,False,,,False,,,False,,,False,,,False,,,False,,,False,,,False
appl-team/appl,2025-07,treatment,e39c7401e5023d1b8d4c851e3a6f1048a462f03d,8825.0,29.0,0.0,191.0,0.4,19.3,1628.0,1252.0,220.0,,,,,,,,,,,,,,,left_only,,,False,,,False,,,False,,,False,,,False,,,False,,,False,,,False,,,False
appl-team/appl,2025-08,treatment,e39c7401e5023d1b8d4c851e3a6f1048a462f03d,8825.0,29.0,0.0,191.0,0.4,19.3,1628.0,1252.0,220.0,,,,,,,,,,,,,,,left_only,,,False,,,False,,,False,,,False,,,False,,,False,,,False,,,False,,,False
askjohngeorge/pipecat-lead-qualifier,2025-03,treatment,c863efa7c17ff84a4780e475fc5dfaa18ac35fd6,2493.0,3.0,0.0,27.0,0.0,11.4,238.0,153.0,30.0,,,,,,,,,,,,,,,left_only,,,False,,,False,,,False,,,False,,,False,,,False,,,False,,,False,,,False
askjohngeorge/pipecat-lead-qualifier,2025-04,treatment,c863efa7c17ff84a4780e475fc5dfaa18ac35fd6,2493.0,3.0,0.0,27.0,0.0,11.4,238.0,153.0,30.0,,,,,,,,,,,,,,,left_only,,,False,,,False,,,False,,,False,,,False,,,False,,,False,,,False,,,False
askjohngeorge/pipecat-lead-qualifier,2025-05,treatment,c863efa7c17ff84a4780e475fc5dfaa18ac35fd6,2493.0,3.0,0.0,27.0,0.0,11.4,238.0,153.0,30.0,,,,,,,,,,,,,,,left_only,,,False,,,False,,,False,,,False,,,False,,,False,,,False,,,False,,,False
askjohngeorge/pipecat-lead-qualifier,2025-06,treatment,c863efa7c17ff84a4780e475fc5dfaa18ac35fd6,2493.0,3.0,0.0,27.0,0.0,11.4,238.0,153.0,30.0,,,,,,,,,,,,,,,left_only,,,False,,,False,,,False,,,False,,,False,,,False,,,False,,,False,,,False
askjohngeorge/pipecat-lead-qualifier,2025-07,treatment,c863efa7c17ff84a4780e475fc5dfaa18ac35fd6,2493.0,3.0,0.0,27.0,0.0,11.4,238.0,153.0,30.0,,,,,,,,,,,,,,,left_only,,,False,,,False,,,False,,,False,,,False,,,False,,,False,,,False,,,False
askjohngeorge/pipecat-lead-qualifier,2025-08,treatment,c863efa7c17ff84a4780e475fc5dfaa18ac35fd6,2493.0,3.0,0.0,27.0,0.0,11.4,238.0,153.0,30.0,,,,,,,,,,,,,,,left_only,,,False,,,False,,,False,,,False,,,False,,,False,,,False,,,False,,,False
c4fun/tell-stories-webui,2025-05,treatment,2a586311600393da4899d04a91a1fbe38ce7b5b0,2850.0,8.0,0.0,60.0,6.3,12.7,484.0,485.0,68.0,,,,,,,,,,,,,,,left_only,,,False,,,False,,,False,,,False,,,False,,,False,,,False,,,False,,,False
c4fun/tell-stories-webui,2025-06,treatment,2a586311600393da4899d04a91a1fbe38ce7b5b0,2850.0,8.0,0.0,60.0,6.3,12.7,484.0,485.0,68.0,,,,,,,,,,,,,,,left_only,,,False,,,False,,,False,,,False,,,False,,,False,,,False,,,False,,,False
c4fun/tell-stories-webui,2025-07,treatment,2a586311600393da4899d04a91a1fbe38ce7b5b0,2850.0,8.0,0.0,60.0,6.3,12.7,484.0,485.0,68.0,,,,,,,,,,,,,,,left_only,,,False,,,False,,,False,,,False,,,False,,,False,,,False,,,False,,,False
c4fun/tell-stories-webui,2025-08,treatment,2a586311600393da4899d04a91a1fbe38ce7b5b0,2850.0,8.0,0.0,60.0,6.3,12.7,484.0,485.0,68.0,,,,,,,,,,,,,,,left_only,,,False,,,False,,,False,,,False,,,False,,,False,,,False,,,False,,,False
codingforentrepreneurs/Cursor-Django,2024-11,treatment,62068036fd145b8473920dbf910b42e5bf96d54a,844.0,1.0,11.0,6.0,0.0,9.1,33.0,33.0,18.0,,,,,,,,,,,,,,,left_only,,,False,,,False,,,False,,,False,,,False,,,False,,,False,,,False,,,False
codingforentrepreneurs/Cursor-Django,2024-12,treatment,62068036fd145b8473920dbf910b42e5bf96d54a,844.0,1.0,11.0,6.0,0.0,9.1,33.0,33.0,18.0,,,,,,,,,,,,,,,left_only,,,False,,,False,,,False,,,False,,,False,,,False,,,False,,,False,,,False
codingforentrepreneurs/Cursor-Django,2025-01,treatment,62068036fd145b8473920dbf910b42e5bf96d54a,844.0,1.0,11.0,6.0,0.0,9.1,33.0,33.0,18.0,,,,,,,,,,,,,,,left_only,,,False,,,False,,,False,,,False,,,False,,,False,,,False,,,False,,,False
codingforentrepreneurs/Cursor-Django,2025-02,treatment,62068036fd145b8473920dbf910b42e5bf96d54a,844.0,1.0,11.0,6.0,0.0,9.1,33.0,33.0,18.0,,,,,,,,,,,,,,,left_only,,,False,,,False,,,False,,,False,,,False,,,False,,,False,,,False,,,False
codingforentrepreneurs/Cursor-Django,2025-03,treatment,62068036fd145b8473920dbf910b42e5bf96d54a,844.0,1.0,11.0,6.0,0.0,9.1,33.0,33.0,18.0,,,,,,,,,,,,,,,left_only,,,False,,,False,,,False,,,False,,,False,,,False,,,False,,,False,,,False
codingforentrepreneurs/Cursor-Django,2025-04,treatment,62068036fd145b8473920dbf910b42e5bf96d54a,844.0,1.0,11.0,6.0,0.0,9.1,33.0,33.0,18.0,,,,,,,,,,,,,,,left_only,,,False,,,False,,,False,,,False,,,False,,,False,,,False,,,False,,,False
codingforentrepreneurs/Cursor-Django,2025-05,treatment,62068036fd145b8473920dbf910b42e5bf96d54a,844.0,1.0,11.0,6.0,0.0,9.1,33.0,33.0,18.0,,,,,,,,,,,,,,,left_only,,,False,,,False,,,False,,,False,,,False,,,False,,,False,,,False,,,False
codingforentrepreneurs/Cursor-Django,2025-06,treatment,62068036fd145b8473920dbf910b42e5bf96d54a,844.0,1.0,11.0,6.0,0.0,9.1,33.0,33.0,18.0,,,,,,,,,,,,,,,left_only,,,False,,,False,,,False,,,False,,,False,,,False,,,False,,,False,,,False
codingforentrepreneurs/Cursor-Django,2025-07,treatment,62068036fd145b8473920dbf910b42e5bf96d54a,844.0,1.0,11.0,6.0,0.0,9.1,33.0,33.0,18.0,,,,,,,,,,,,,,,left_only,,,False,,,False,,,False,,,False,,,False,,,False,,,False,,,False,,,False
codingforentrepreneurs/Cursor-Django,2025-08,treatment,62068036fd145b8473920dbf910b42e5bf96d54a,844.0,1.0,11.0,6.0,0.0,9.1,33.0,33.0,18.0,,,,,,,,,,,,,,,left_only,,,False,,,False,,,False,,,False,,,False,,,False,,,False,,,False,,,False
daojiAnime/vmq-fastapi,2025-04,treatment,cfd7123fbc3eb53f6d63f9ae4bbb0d254d1c220d,2290.0,1.0,0.0,54.0,3.8,10.3,144.0,273.0,55.0,,,,,,,,,,,,,,,left_only,,,False,,,False,,,False,,,False,,,False,,,False,,,False,,,False,,,False
daojiAnime/vmq-fastapi,2025-05,treatment,cfd7123fbc3eb53f6d63f9ae4bbb0d254d1c220d,2290.0,1.0,0.0,54.0,3.8,10.3,144.0,273.0,55.0,,,,,,,,,,,,,,,left_only,,,False,,,False,,,False,,,False,,,False,,,False,,,False,,,False,,,False
daojiAnime/vmq-fastapi,2025-06,treatment,cfd7123fbc3eb53f6d63f9ae4bbb0d254d1c220d,2290.0,1.0,0.0,54.0,3.8,10.3,144.0,273.0,55.0,,,,,,,,,,,,,,,left_only,,,False,,,False,,,False,,,False,,,False,,,False,,,False,,,False,,,False
daojiAnime/vmq-fastapi,2025-07,treatment,cfd7123fbc3eb53f6d63f9ae4bbb0d254d1c220d,2290.0,1.0,0.0,54.0,3.8,10.3,144.0,273.0,55.0,,,,,,,,,,,,,,,left_only,,,False,,,False,,,False,,,False,,,False,,,False,,,False,,,False,,,False
daojiAnime/vmq-fastapi,2025-08,treatment,cfd7123fbc3eb53f6d63f9ae4bbb0d254d1c220d,2290.0,1.0,0.0,54.0,3.8,10.3,144.0,273.0,55.0,,,,,,,,,,,,,,,left_only,,,False,,,False,,,False,,,False,,,False,,,False,,,False,,,False,,,False
discus0434/nook,2025-05,treatment,93a9b79409fbfd36c57e68b085dd6cea448d11a2,3260.0,11.0,8.0,23.0,6.9,9.0,288.0,228.0,42.0,,,,,,,,,,,,,,,left_only,,,False,,,False,,,False,,,False,,,False,,,False,,,False,,,False,,,False
discus0434/nook,2025-06,treatment,93a9b79409fbfd36c57e68b085dd6cea448d11a2,3260.0,11.0,8.0,23.0,6.9,9.0,288.0,228.0,42.0,,,,,,,,,,,,,,,left_only,,,False,,,False,,,False,,,False,,,False,,,False,,,False,,,False,,,False
discus0434/nook,2025-07,treatment,93a9b79409fbfd36c57e68b085dd6cea448d11a2,3260.0,11.0,8.0,23.0,6.9,9.0,288.0,228.0,42.0,,,,,,,,,,,,,,,left_only,,,False,,,False,,,False,,,False,,,False,,,False,,,False,,,False,,,False
discus0434/nook,2025-08,treatment,93a9b79409fbfd36c57e68b085dd6cea448d11a2,3260.0,11.0,8.0,23.0,6.9,9.0,288.0,228.0,42.0,,,,,,,,,,,,,,,left_only,,,False,,,False,,,False,,,False,,,False,,,False,,,False,,,False,,,False
ericmjl/pyds-cli,2025-05,treatment,960cab9b03b220bf451c6b774a343252bf2ed5b9,886.0,0.0,2.0,12.0,0.0,30.3,87.0,65.0,14.0,,,,,,,,,,,,,,,left_only,,,False,,,False,,,False,,,False,,,False,,,False,,,False,,,False,,,False
ericmjl/pyds-cli,2025-06,treatment,960cab9b03b220bf451c6b774a343252bf2ed5b9,886.0,0.0,2.0,12.0,0.0,30.3,87.0,65.0,14.0,,,,,,,,,,,,,,,left_only,,,False,,,False,,,False,,,False,,,False,,,False,,,False,,,False,,,False
ericmjl/pyds-cli,2025-07,treatment,960cab9b03b220bf451c6b774a343252bf2ed5b9,886.0,0.0,2.0,12.0,0.0,30.3,87.0,65.0,14.0,,,,,,,,,,,,,,,left_only,,,False,,,False,,,False,,,False,,,False,,,False,,,False,,,False,,,False
ericmjl/pyds-cli,2025-08,treatment,960cab9b03b220bf451c6b774a343252bf2ed5b9,886.0,0.0,2.0,12.0,0.0,30.3,87.0,65.0,14.0,,,,,,,,,,,,,,,left_only,,,False,,,False,,,False,,,False,,,False,,,False,,,False,,,False,,,False
ericyuegu/hal,2025-04,treatment,c90449941213af91277b88bef9aad2b0f29bbb56,11182.0,21.0,9.0,266.0,11.9,14.0,1206.0,1084.0,296.0,,,,,,,,,,,,,,,left_only,,,False,,,False,,,False,,,False,,,False,,,False,,,False,,,False,,,False
ericyuegu/hal,2025-05,treatment,c90449941213af91277b88bef9aad2b0f29bbb56,11182.0,21.0,9.0,266.0,11.9,14.0,1206.0,1084.0,296.0,,,,,,,,,,,,,,,left_only,,,False,,,False,,,False,,,False,,,False,,,False,,,False,,,False,,,False
ericyuegu/hal,2025-06,treatment,c90449941213af91277b88bef9aad2b0f29bbb56,11182.0,21.0,9.0,266.0,11.9,14.0,1206.0,1084.0,296.0,,,,,,,,,,,,,,,left_only,,,False,,,False,,,False,,,False,,,False,,,False,,,False,,,False,,,False
ericyuegu/hal,2025-07,treatment,c90449941213af91277b88bef9aad2b0f29bbb56,11182.0,21.0,9.0,266.0,11.9,14.0,1206.0,1084.0,296.0,,,,,,,,,,,,,,,left_only,,,False,,,False,,,False,,,False,,,False,,,False,,,False,,,False,,,False
ericyuegu/hal,2025-08,treatment,c90449941213af91277b88bef9aad2b0f29bbb56,11182.0,21.0,9.0,266.0,11.9,14.0,1206.0,1084.0,296.0,,,,,,,,,,,,,,,left_only,,,False,,,False,,,False,,,False,,,False,,,False,,,False,,,False,,,False
ericzakariasson/uber-eats-mcp-server,2025-04,treatment,ba475ebd9343dc771addd22ecbd19420a8d7534b,101.0,2.0,0.0,1.0,0.0,23.5,4.0,5.0,3.0,,,,,,,,,,,,,,,left_only,,,False,,,False,,,False,,,False,,,False,,,False,,,False,,,False,,,False
ericzakariasson/uber-eats-mcp-server,2025-05,treatment,ba475ebd9343dc771addd22ecbd19420a8d7534b,101.0,2.0,0.0,1.0,0.0,23.5,4.0,5.0,3.0,,,,,,,,,,,,,,,left_only,,,False,,,False,,,False,,,False,,,False,,,False,,,False,,,False,,,False
ericzakariasson/uber-eats-mcp-server,2025-06,treatment,ba475ebd9343dc771addd22ecbd19420a8d7534b,101.0,2.0,0.0,1.0,0.0,23.5,4.0,5.0,3.0,,,,,,,,,,,,,,,left_only,,,False,,,False,,,False,,,False,,,False,,,False,,,False,,,False,,,False
ericzakariasson/uber-eats-mcp-server,2025-07,treatment,ba475ebd9343dc771addd22ecbd19420a8d7534b,101.0,2.0,0.0,1.0,0.0,23.5,4.0,5.0,3.0,,,,,,,,,,,,,,,left_only,,,False,,,False,,,False,,,False,,,False,,,False,,,False,,,False,,,False
ericzakariasson/uber-eats-mcp-server,2025-08,treatment,ba475ebd9343dc771addd22ecbd19420a8d7534b,101.0,2.0,0.0,1.0,0.0,23.5,4.0,5.0,3.0,,,,,,,,,,,,,,,left_only,,,False,,,False,,,False,,,False,,,False,,,False,,,False,,,False,,,False
ezyang/codemcp,2025-07,treatment,41dfe735e1541d6db93f326e43db66f1e7038425,8856.0,1.0,0.0,70.0,0.9,28.3,1361.0,861.0,71.0,,,,,,,,,,,,,,,left_only,,,False,,,False,,,False,,,False,,,False,,,False,,,False,,,False,,,False
ezyang/codemcp,2025-08,treatment,41dfe735e1541d6db93f326e43db66f1e7038425,8856.0,1.0,0.0,70.0,0.9,28.3,1361.0,861.0,71.0,,,,,,,,,,,,,,,left_only,,,False,,,False,,,False,,,False,,,False,,,False,,,False,,,False,,,False
gerred/mcp-server-replicate,2025-03,treatment,568024cbab6f7da22a85d7bd5787f2e835e4e54a,2718.0,1.0,0.0,66.0,2.3,18.5,306.0,808.0,67.0,,,,,,,,,,,,,,,left_only,,,False,,,False,,,False,,,False,,,False,,,False,,,False,,,False,,,False
gerred/mcp-server-replicate,2025-04,treatment,568024cbab6f7da22a85d7bd5787f2e835e4e54a,2718.0,1.0,0.0,66.0,2.3,18.5,306.0,808.0,67.0,,,,,,,,,,,,,,,left_only,,,False,,,False,,,False,,,False,,,False,,,False,,,False,,,False,,,False
gerred/mcp-server-replicate,2025-05,treatment,568024cbab6f7da22a85d7bd5787f2e835e4e54a,2718.0,1.0,0.0,66.0,2.3,18.5,306.0,808.0,67.0,,,,,,,,,,,,,,,left_only,,,False,,,False,,,False,,,False,,,False,,,False,,,False,,,False,,,False
gerred/mcp-server-replicate,2025-06,treatment,568024cbab6f7da22a85d7bd5787f2e835e4e54a,2718.0,1.0,0.0,66.0,2.3,18.5,306.0,808.0,67.0,,,,,,,,,,,,,,,left_only,,,False,,,False,,,False,,,False,,,False,,,False,,,False,,,False,,,False
gerred/mcp-server-replicate,2025-07,treatment,568024cbab6f7da22a85d7bd5787f2e835e4e54a,2718.0,1.0,0.0,66.0,2.3,18.5,306.0,808.0,67.0,,,,,,,,,,,,,,,left_only,,,False,,,False,,,False,,,False,,,False,,,False,,,False,,,False,,,False
gerred/mcp-server-replicate,2025-08,treatment,568024cbab6f7da22a85d7bd5787f2e835e4e54a,2718.0,1.0,0.0,66.0,2.3,18.5,306.0,808.0,67.0,,,,,,,,,,,,,,,left_only,,,False,,,False,,,False,,,False,,,False,,,False,,,False,,,False,,,False
grapeot/web_agentic_ai,2025-04,treatment,8a28bbaf743ddb0b5cc7247d159fa2066fd9f985,6197.0,0.0,7.0,141.0,1.5,22.9,1037.0,869.0,148.0,,,,,,,,,,,,,,,left_only,,,False,,,False,,,False,,,False,,,False,,,False,,,False,,,False,,,False
grapeot/web_agentic_ai,2025-05,treatment,8a28bbaf743ddb0b5cc7247d159fa2066fd9f985,6197.0,0.0,7.0,141.0,1.5,22.9,1037.0,869.0,148.0,,,,,,,,,,,,,,,left_only,,,False,,,False,,,False,,,False,,,False,,,False,,,False,,,False,,,False
grapeot/web_agentic_ai,2025-06,treatment,8a28bbaf743ddb0b5cc7247d159fa2066fd9f985,6197.0,0.0,7.0,141.0,1.5,22.9,1037.0,869.0,148.0,,,,,,,,,,,,,,,left_only,,,False,,,False,,,False,,,False,,,False,,,False,,,False,,,False,,,False
grapeot/web_agentic_ai,2025-07,treatment,8a28bbaf743ddb0b5cc7247d159fa2066fd9f985,6197.0,0.0,7.0,141.0,1.5,22.9,1037.0,869.0,148.0,,,,,,,,,,,,,,,left_only,,,False,,,False,,,False,,,False,,,False,,,False,,,False,,,False,,,False
grapeot/web_agentic_ai,2025-08,treatment,8a28bbaf743ddb0b5cc7247d159fa2066fd9f985,6197.0,0.0,7.0,141.0,1.5,22.9,1037.0,869.0,148.0,,,,,,,,,,,,,,,left_only,,,False,,,False,,,False,,,False,,,False,,,False,,,False,,,False,,,False
hyperb1iss/droidmind,2025-06,treatment,bdf54d1c715bceb35665a03bfeecee0923516db9,4835.0,4.0,0.0,46.0,0.0,32.9,940.0,384.0,50.0,,,,,,,,,,,,,,,left_only,,,False,,,False,,,False,,,False,,,False,,,False,,,False,,,False,,,False
hyperb1iss/droidmind,2025-07,treatment,bdf54d1c715bceb35665a03bfeecee0923516db9,4835.0,4.0,0.0,46.0,0.0,32.9,940.0,384.0,50.0,,,,,,,,,,,,,,,left_only,,,False,,,False,,,False,,,False,,,False,,,False,,,False,,,False,,,False
hyperb1iss/droidmind,2025-08,treatment,bdf54d1c715bceb35665a03bfeecee0923516db9,4835.0,4.0,0.0,46.0,0.0,32.9,940.0,384.0,50.0,,,,,,,,,,,,,,,left_only,,,False,,,False,,,False,,,False,,,False,,,False,,,False,,,False,,,False
jmurth1234/ClaudePlayer,2025-04,treatment,aa32d533362ab550e93e5febb504b5e33c17698f,1297.0,0.0,0.0,20.0,2.8,22.4,403.0,238.0,20.0,,,,,,,,,,,,,,,left_only,,,False,,,False,,,False,,,False,,,False,,,False,,,False,,,False,,,False
jmurth1234/ClaudePlayer,2025-05,treatment,aa32d533362ab550e93e5febb504b5e33c17698f,1297.0,0.0,0.0,20.0,2.8,22.4,403.0,238.0,20.0,,,,,,,,,,,,,,,left_only,,,False,,,False,,,False,,,False,,,False,,,False,,,False,,,False,,,False
jmurth1234/ClaudePlayer,2025-06,treatment,aa32d533362ab550e93e5febb504b5e33c17698f,1297.0,0.0,0.0,20.0,2.8,22.4,403.0,238.0,20.0,,,,,,,,,,,,,,,left_only,,,False,,,False,,,False,,,False,,,False,,,False,,,False,,,False,,,False
jmurth1234/ClaudePlayer,2025-07,treatment,aa32d533362ab550e93e5febb504b5e33c17698f,1297.0,0.0,0.0,20.0,2.8,22.4,403.0,238.0,20.0,,,,,,,,,,,,,,,left_only,,,False,,,False,,,False,,,False,,,False,,,False,,,False,,,False,,,False
jmurth1234/ClaudePlayer,2025-08,treatment,aa32d533362ab550e93e5febb504b5e33c17698f,1297.0,0.0,0.0,20.0,2.8,22.4,403.0,238.0,20.0,,,,,,,,,,,,,,,left_only,,,False,,,False,,,False,,,False,,,False,,,False,,,False,,,False,,,False
leettools-dev/leettools,2025-05,treatment,956ff760bdfbbe1c9a241742cad3b59cdde30655,46660.0,15.0,4.0,821.0,4.7,14.4,5574.0,4605.0,840.0,,,,,,,,,,,,,,,left_only,,,False,,,False,,,False,,,False,,,False,,,False,,,False,,,False,,,False
leettools-dev/leettools,2025-06,treatment,956ff760bdfbbe1c9a241742cad3b59cdde30655,46660.0,15.0,4.0,821.0,4.7,14.4,5574.0,4605.0,840.0,,,,,,,,,,,,,,,left_only,,,False,,,False,,,False,,,False,,,False,,,False,,,False,,,False,,,False
leettools-dev/leettools,2025-07,treatment,956ff760bdfbbe1c9a241742cad3b59cdde30655,46660.0,15.0,4.0,821.0,4.7,14.4,5574.0,4605.0,840.0,,,,,,,,,,,,,,,left_only,,,False,,,False,,,False,,,False,,,False,,,False,,,False,,,False,,,False
leettools-dev/leettools,2025-08,treatment,956ff760bdfbbe1c9a241742cad3b59cdde30655,46660.0,15.0,4.0,821.0,4.7,14.4,5574.0,4605.0,840.0,,,,,,,,,,,,,,,left_only,,,False,,,False,,,False,,,False,,,False,,,False,,,False,,,False,,,False
loftwah/auto-jira,2025-03,treatment,8e104dc37f9b389470e7ad193419a23df5939b90,825.0,0.0,0.0,11.0,0.0,14.4,116.0,91.0,11.0,,,,,,,,,,,,,,,left_only,,,False,,,False,,,False,,,False,,,False,,,False,,,False,,,False,,,False
loftwah/auto-jira,2025-04,treatment,8e104dc37f9b389470e7ad193419a23df5939b90,825.0,0.0,0.0,11.0,0.0,14.4,116.0,91.0,11.0,,,,,,,,,,,,,,,left_only,,,False,,,False,,,False,,,False,,,False,,,False,,,False,,,False,,,False
loftwah/auto-jira,2025-05,treatment,8e104dc37f9b389470e7ad193419a23df5939b90,825.0,0.0,0.0,11.0,0.0,14.4,116.0,91.0,11.0,,,,,,,,,,,,,,,left_only,,,False,,,False,,,False,,,False,,,False,,,False,,,False,,,False,,,False
loftwah/auto-jira,2025-06,treatment,8e104dc37f9b389470e7ad193419a23df5939b90,825.0,0.0,0.0,11.0,0.0,14.4,116.0,91.0,11.0,,,,,,,,,,,,,,,left_only,,,False,,,False,,,False,,,False,,,False,,,False,,,False,,,False,,,False
loftwah/auto-jira,2025-07,treatment,8e104dc37f9b389470e7ad193419a23df5939b90,825.0,0.0,0.0,11.0,0.0,14.4,116.0,91.0,11.0,,,,,,,,,,,,,,,left_only,,,False,,,False,,,False,,,False,,,False,,,False,,,False,,,False,,,False
loftwah/auto-jira,2025-08,treatment,8e104dc37f9b389470e7ad193419a23df5939b90,825.0,0.0,0.0,11.0,0.0,14.4,116.0,91.0,11.0,,,,,,,,,,,,,,,left_only,,,False,,,False,,,False,,,False,,,False,,,False,,,False,,,False,,,False
lss233/kirara-ai,2025-07,treatment,8295a5deda0b289a3f70d946064b6c9a3e1b0753,20586.0,16.0,1.0,174.0,1.7,16.9,2947.0,1477.0,191.0,,,,,,,,,,,,,,,left_only,,,False,,,False,,,False,,,False,,,False,,,False,,,False,,,False,,,False
lss233/kirara-ai,2025-08,treatment,8295a5deda0b289a3f70d946064b6c9a3e1b0753,20586.0,16.0,1.0,174.0,1.7,16.9,2947.0,1477.0,191.0,,,,,,,,,,,,,,,left_only,,,False,,,False,,,False,,,False,,,False,,,False,,,False,,,False,,,False
martinnormark/neural-mesh-simplification,2025-04,treatment,2ada79100932189cfd28a56093ba3d72e24f3ec7,2842.0,0.0,3.0,13.0,1.1,13.5,230.0,40.0,16.0,,,,,,,,,,,,,,,left_only,,,False,,,False,,,False,,,False,,,False,,,False,,,False,,,False,,,False
martinnormark/neural-mesh-simplification,2025-05,treatment,2ada79100932189cfd28a56093ba3d72e24f3ec7,2842.0,0.0,3.0,13.0,1.1,13.5,230.0,40.0,16.0,,,,,,,,,,,,,,,left_only,,,False,,,False,,,False,,,False,,,False,,,False,,,False,,,False,,,False
martinnormark/neural-mesh-simplification,2025-06,treatment,2ada79100932189cfd28a56093ba3d72e24f3ec7,2842.0,0.0,3.0,13.0,1.1,13.5,230.0,40.0,16.0,,,,,,,,,,,,,,,left_only,,,False,,,False,,,False,,,False,,,False,,,False,,,False,,,False,,,False
martinnormark/neural-mesh-simplification,2025-07,treatment,2ada79100932189cfd28a56093ba3d72e24f3ec7,2842.0,0.0,3.0,13.0,1.1,13.5,230.0,40.0,16.0,,,,,,,,,,,,,,,left_only,,,False,,,False,,,False,,,False,,,False,,,False,,,False,,,False,,,False
martinnormark/neural-mesh-simplification,2025-08,treatment,2ada79100932189cfd28a56093ba3d72e24f3ec7,2842.0,0.0,3.0,13.0,1.1,13.5,230.0,40.0,16.0,,,,,,,,,,,,,,,left_only,,,False,,,False,,,False,,,False,,,False,,,False,,,False,,,False,,,False
matebenyovszky/healing-agent,2025-02,treatment,ed663491defb2c98b012f564ad5067a8741da037,1809.0,0.0,0.0,37.0,9.2,21.2,573.0,460.0,37.0,,,,,,,,,,,,,,,left_only,,,False,,,False,,,False,,,False,,,False,,,False,,,False,,,False,,,False
matebenyovszky/healing-agent,2025-03,treatment,ed663491defb2c98b012f564ad5067a8741da037,1809.0,0.0,0.0,37.0,9.2,21.2,573.0,460.0,37.0,,,,,,,,,,,,,,,left_only,,,False,,,False,,,False,,,False,,,False,,,False,,,False,,,False,,,False
matebenyovszky/healing-agent,2025-04,treatment,ed663491defb2c98b012f564ad5067a8741da037,1809.0,0.0,0.0,37.0,9.2,21.2,573.0,460.0,37.0,,,,,,,,,,,,,,,left_only,,,False,,,False,,,False,,,False,,,False,,,False,,,False,,,False,,,False
matebenyovszky/healing-agent,2025-05,treatment,ed663491defb2c98b012f564ad5067a8741da037,1809.0,0.0,0.0,37.0,9.2,21.2,573.0,460.0,37.0,,,,,,,,,,,,,,,left_only,,,False,,,False,,,False,,,False,,,False,,,False,,,False,,,False,,,False
matebenyovszky/healing-agent,2025-06,treatment,ed663491defb2c98b012f564ad5067a8741da037,1809.0,0.0,0.0,37.0,9.2,21.2,573.0,460.0,37.0,,,,,,,,,,,,,,,left_only,,,False,,,False,,,False,,,False,,,False,,,False,,,False,,,False,,,False
matebenyovszky/healing-agent,2025-07,treatment,ed663491defb2c98b012f564ad5067a8741da037,1809.0,0.0,0.0,37.0,9.2,21.2,573.0,460.0,37.0,,,,,,,,,,,,,,,left_only,,,False,,,False,,,False,,,False,,,False,,,False,,,False,,,False,,,False
matebenyovszky/healing-agent,2025-08,treatment,ed663491defb2c98b012f564ad5067a8741da037,1809.0,0.0,0.0,37.0,9.2,21.2,573.0,460.0,37.0,,,,,,,,,,,,,,,left_only,,,False,,,False,,,False,,,False,,,False,,,False,,,False,,,False,,,False
namuan/trading-utils,2025-04,treatment,03db4e30f917722ee80a352fc330af3d5e59b406,17490.0,17.0,5.0,395.0,6.8,13.9,2078.0,2196.0,417.0,,,,,,,,,,,,,,,left_only,,,False,,,False,,,False,,,False,,,False,,,False,,,False,,,False,,,False
namuan/trading-utils,2025-05,treatment,03db4e30f917722ee80a352fc330af3d5e59b406,17490.0,17.0,5.0,395.0,6.8,13.9,2078.0,2196.0,417.0,,,,,,,,,,,,,,,left_only,,,False,,,False,,,False,,,False,,,False,,,False,,,False,,,False,,,False
namuan/trading-utils,2025-06,treatment,03db4e30f917722ee80a352fc330af3d5e59b406,17490.0,17.0,5.0,395.0,6.8,13.9,2078.0,2196.0,417.0,,,,,,,,,,,,,,,left_only,,,False,,,False,,,False,,,False,,,False,,,False,,,False,,,False,,,False
namuan/trading-utils,2025-07,treatment,03db4e30f917722ee80a352fc330af3d5e59b406,17490.0,17.0,5.0,395.0,6.8,13.9,2078.0,2196.0,417.0,,,,,,,,,,,,,,,left_only,,,False,,,False,,,False,,,False,,,False,,,False,,,False,,,False,,,False
namuan/trading-utils,2025-08,treatment,03db4e30f917722ee80a352fc330af3d5e59b406,17490.0,17.0,5.0,395.0,6.8,13.9,2078.0,2196.0,417.0,,,,,,,,,,,,,,,left_only,,,False,,,False,,,False,,,False,,,False,,,False,,,False,,,False,,,False
nextml-code/pytorch-datastream,2025-02,treatment,7a3e9411106bcf354a5dd6e660a9b7aac0c52599,1671.0,0.0,0.0,13.0,0.0,19.4,124.0,125.0,13.0,,,,,,,,,,,,,,,left_only,,,False,,,False,,,False,,,False,,,False,,,False,,,False,,,False,,,False
nextml-code/pytorch-datastream,2025-03,treatment,7a3e9411106bcf354a5dd6e660a9b7aac0c52599,1671.0,0.0,0.0,13.0,0.0,19.4,124.0,125.0,13.0,,,,,,,,,,,,,,,left_only,,,False,,,False,,,False,,,False,,,False,,,False,,,False,,,False,,,False
nextml-code/pytorch-datastream,2025-04,treatment,7a3e9411106bcf354a5dd6e660a9b7aac0c52599,1671.0,0.0,0.0,13.0,0.0,19.4,124.0,125.0,13.0,,,,,,,,,,,,,,,left_only,,,False,,,False,,,False,,,False,,,False,,,False,,,False,,,False,,,False
nextml-code/pytorch-datastream,2025-05,treatment,7a3e9411106bcf354a5dd6e660a9b7aac0c52599,1671.0,0.0,0.0,13.0,0.0,19.4,124.0,125.0,13.0,,,,,,,,,,,,,,,left_only,,,False,,,False,,,False,,,False,,,False,,,False,,,False,,,False,,,False
nextml-code/pytorch-datastream,2025-06,treatment,7a3e9411106bcf354a5dd6e660a9b7aac0c52599,1671.0,0.0,0.0,13.0,0.0,19.4,124.0,125.0,13.0,,,,,,,,,,,,,,,left_only,,,False,,,False,,,False,,,False,,,False,,,False,,,False,,,False,,,False
nextml-code/pytorch-datastream,2025-07,treatment,7a3e9411106bcf354a5dd6e660a9b7aac0c52599,1671.0,0.0,0.0,13.0,0.0,19.4,124.0,125.0,13.0,,,,,,,,,,,,,,,left_only,,,False,,,False,,,False,,,False,,,False,,,False,,,False,,,False,,,False
nextml-code/pytorch-datastream,2025-08,treatment,7a3e9411106bcf354a5dd6e660a9b7aac0c52599,1671.0,0.0,0.0,13.0,0.0,19.4,124.0,125.0,13.0,,,,,,,,,,,,,,,left_only,,,False,,,False,,,False,,,False,,,False,,,False,,,False,,,False,,,False
raphaelmansuy/code2prompt,2025-02,treatment,699eae91a5bf67dc5ab6df23fd1b2c665eb20034,2639.0,1.0,0.0,21.0,1.0,23.4,386.0,190.0,22.0,,,,,,,,,,,,,,,left_only,,,False,,,False,,,False,,,False,,,False,,,False,,,False,,,False,,,False
raphaelmansuy/code2prompt,2025-03,treatment,699eae91a5bf67dc5ab6df23fd1b2c665eb20034,2639.0,1.0,0.0,21.0,1.0,23.4,386.0,190.0,22.0,,,,,,,,,,,,,,,left_only,,,False,,,False,,,False,,,False,,,False,,,False,,,False,,,False,,,False
raphaelmansuy/code2prompt,2025-04,treatment,699eae91a5bf67dc5ab6df23fd1b2c665eb20034,2639.0,1.0,0.0,21.0,1.0,23.4,386.0,190.0,22.0,,,,,,,,,,,,,,,left_only,,,False,,,False,,,False,,,False,,,False,,,False,,,False,,,False,,,False
raphaelmansuy/code2prompt,2025-05,treatment,699eae91a5bf67dc5ab6df23fd1b2c665eb20034,2639.0,1.0,0.0,21.0,1.0,23.4,386.0,190.0,22.0,,,,,,,,,,,,,,,left_only,,,False,,,False,,,False,,,False,,,False,,,False,,,False,,,False,,,False
raphaelmansuy/code2prompt,2025-06,treatment,699eae91a5bf67dc5ab6df23fd1b2c665eb20034,2639.0,1.0,0.0,21.0,1.0,23.4,386.0,190.0,22.0,,,,,,,,,,,,,,,left_only,,,False,,,False,,,False,,,False,,,False,,,False,,,False,,,False,,,False
raphaelmansuy/code2prompt,2025-07,treatment,699eae91a5bf67dc5ab6df23fd1b2c665eb20034,2639.0,1.0,0.0,21.0,1.0,23.4,386.0,190.0,22.0,,,,,,,,,,,,,,,left_only,,,False,,,False,,,False,,,False,,,False,,,False,,,False,,,False,,,False
raphaelmansuy/code2prompt,2025-08,treatment,699eae91a5bf67dc5ab6df23fd1b2c665eb20034,2639.0,1.0,0.0,21.0,1.0,23.4,386.0,190.0,22.0,,,,,,,,,,,,,,,left_only,,,False,,,False,,,False,,,False,,,False,,,False,,,False,,,False,,,False
raphaelmansuy/iteration_of_tought,2024-10,treatment,53b2a870b95abb88742ea4b5480bae8e87867348,303.0,0.0,0.0,2.0,9.9,34.7,42.0,17.0,2.0,,,,,,,,,,,,,,,left_only,,,False,,,False,,,False,,,False,,,False,,,False,,,False,,,False,,,False
raphaelmansuy/iteration_of_tought,2024-11,treatment,53b2a870b95abb88742ea4b5480bae8e87867348,303.0,0.0,0.0,2.0,9.9,34.7,42.0,17.0,2.0,,,,,,,,,,,,,,,left_only,,,False,,,False,,,False,,,False,,,False,,,False,,,False,,,False,,,False
raphaelmansuy/iteration_of_tought,2024-12,treatment,53b2a870b95abb88742ea4b5480bae8e87867348,303.0,0.0,0.0,2.0,9.9,34.7,42.0,17.0,2.0,,,,,,,,,,,,,,,left_only,,,False,,,False,,,False,,,False,,,False,,,False,,,False,,,False,,,False
raphaelmansuy/iteration_of_tought,2025-01,treatment,53b2a870b95abb88742ea4b5480bae8e87867348,303.0,0.0,0.0,2.0,9.9,34.7,42.0,17.0,2.0,,,,,,,,,,,,,,,left_only,,,False,,,False,,,False,,,False,,,False,,,False,,,False,,,False,,,False
raphaelmansuy/iteration_of_tought,2025-02,treatment,53b2a870b95abb88742ea4b5480bae8e87867348,303.0,0.0,0.0,2.0,9.9,34.7,42.0,17.0,2.0,,,,,,,,,,,,,,,left_only,,,False,,,False,,,False,,,False,,,False,,,False,,,False,,,False,,,False
raphaelmansuy/iteration_of_tought,2025-03,treatment,53b2a870b95abb88742ea4b5480bae8e87867348,303.0,0.0,0.0,2.0,9.9,34.7,42.0,17.0,2.0,,,,,,,,,,,,,,,left_only,,,False,,,False,,,False,,,False,,,False,,,False,,,False,,,False,,,False
raphaelmansuy/iteration_of_tought,2025-04,treatment,53b2a870b95abb88742ea4b5480bae8e87867348,303.0,0.0,0.0,2.0,9.9,34.7,42.0,17.0,2.0,,,,,,,,,,,,,,,left_only,,,False,,,False,,,False,,,False,,,False,,,False,,,False,,,False,,,False
raphaelmansuy/iteration_of_tought,2025-05,treatment,53b2a870b95abb88742ea4b5480bae8e87867348,303.0,0.0,0.0,2.0,9.9,34.7,42.0,17.0,2.0,,,,,,,,,,,,,,,left_only,,,False,,,False,,,False,,,False,,,False,,,False,,,False,,,False,,,False
raphaelmansuy/iteration_of_tought,2025-06,treatment,53b2a870b95abb88742ea4b5480bae8e87867348,303.0,0.0,0.0,2.0,9.9,34.7,42.0,17.0,2.0,,,,,,,,,,,,,,,left_only,,,False,,,False,,,False,,,False,,,False,,,False,,,False,,,False,,,False
raphaelmansuy/iteration_of_tought,2025-07,treatment,53b2a870b95abb88742ea4b5480bae8e87867348,303.0,0.0,0.0,2.0,9.9,34.7,42.0,17.0,2.0,,,,,,,,,,,,,,,left_only,,,False,,,False,,,False,,,False,,,False,,,False,,,False,,,False,,,False
raphaelmansuy/iteration_of_tought,2025-08,treatment,53b2a870b95abb88742ea4b5480bae8e87867348,303.0,0.0,0.0,2.0,9.9,34.7,42.0,17.0,2.0,,,,,,,,,,,,,,,left_only,,,False,,,False,,,False,,,False,,,False,,,False,,,False,,,False,,,False
samuelgursky/davinci-resolve-mcp,2025-05,treatment,19dc53236193de61f79facc731024a75d3c3be5c,10768.0,4.0,0.0,296.0,57.9,24.9,4370.0,4165.0,300.0,,,,,,,,,,,,,,,left_only,,,False,,,False,,,False,,,False,,,False,,,False,,,False,,,False,,,False
samuelgursky/davinci-resolve-mcp,2025-06,treatment,19dc53236193de61f79facc731024a75d3c3be5c,10768.0,4.0,0.0,296.0,57.9,24.9,4370.0,4165.0,300.0,,,,,,,,,,,,,,,left_only,,,False,,,False,,,False,,,False,,,False,,,False,,,False,,,False,,,False
samuelgursky/davinci-resolve-mcp,2025-07,treatment,19dc53236193de61f79facc731024a75d3c3be5c,10768.0,4.0,0.0,296.0,57.9,24.9,4370.0,4165.0,300.0,,,,,,,,,,,,,,,left_only,,,False,,,False,,,False,,,False,,,False,,,False,,,False,,,False,,,False
samuelgursky/davinci-resolve-mcp,2025-08,treatment,19dc53236193de61f79facc731024a75d3c3be5c,10768.0,4.0,0.0,296.0,57.9,24.9,4370.0,4165.0,300.0,,,,,,,,,,,,,,,left_only,,,False,,,False,,,False,,,False,,,False,,,False,,,False,,,False,,,False
sirkirby/unifi-network-rules,2025-08,treatment,9f9e24ad109f75bfe7697e1b42aad3f3195ad50f,9411.0,12.0,0.0,168.0,0.2,24.3,3670.0,2800.0,180.0,,,,,,,,,,,,,,,left_only,,,False,,,False,,,False,,,False,,,False,,,False,,,False,,,False,,,False
smartian1/tgtrader,2025-05,treatment,9d17bd75396997b746338c8911d8d781c096ed35,18901.0,50.0,2.0,378.0,1.7,23.6,2746.0,3440.0,430.0,,,,,,,,,,,,,,,left_only,,,False,,,False,,,False,,,False,,,False,,,False,,,False,,,False,,,False
smartian1/tgtrader,2025-06,treatment,9d17bd75396997b746338c8911d8d781c096ed35,18901.0,50.0,2.0,378.0,1.7,23.6,2746.0,3440.0,430.0,,,,,,,,,,,,,,,left_only,,,False,,,False,,,False,,,False,,,False,,,False,,,False,,,False,,,False
smartian1/tgtrader,2025-07,treatment,9d17bd75396997b746338c8911d8d781c096ed35,18901.0,50.0,2.0,378.0,1.7,23.6,2746.0,3440.0,430.0,,,,,,,,,,,,,,,left_only,,,False,,,False,,,False,,,False,,,False,,,False,,,False,,,False,,,False
smartian1/tgtrader,2025-08,treatment,9d17bd75396997b746338c8911d8d781c096ed35,18901.0,50.0,2.0,378.0,1.7,23.6,2746.0,3440.0,430.0,,,,,,,,,,,,,,,left_only,,,False,,,False,,,False,,,False,,,False,,,False,,,False,,,False,,,False
smorin/py-launch-blueprint,2025-07,treatment,1c84afa61f2abc7201f79fe590fe7ecb8a54b284,537.0,0.0,0.0,2.0,0.0,36.4,50.0,2.0,2.0,,,,,,,,,,,,,,,left_only,,,False,,,False,,,False,,,False,,,False,,,False,,,False,,,False,,,False
smorin/py-launch-blueprint,2025-08,treatment,1c84afa61f2abc7201f79fe590fe7ecb8a54b284,537.0,0.0,0.0,2.0,0.0,36.4,50.0,2.0,2.0,,,,,,,,,,,,,,,left_only,,,False,,,False,,,False,,,False,,,False,,,False,,,False,,,False,,,False
sshtunnelvision/MCP-LOGO-GEN,2025-04,treatment,5192c277f3b6efd3d8233e2427c33aeb9fb6c836,561.0,1.0,0.0,8.0,0.0,14.7,70.0,41.0,9.0,,,,,,,,,,,,,,,left_only,,,False,,,False,,,False,,,False,,,False,,,False,,,False,,,False,,,False
sshtunnelvision/MCP-LOGO-GEN,2025-05,treatment,5192c277f3b6efd3d8233e2427c33aeb9fb6c836,561.0,1.0,0.0,8.0,0.0,14.7,70.0,41.0,9.0,,,,,,,,,,,,,,,left_only,,,False,,,False,,,False,,,False,,,False,,,False,,,False,,,False,,,False
sshtunnelvision/MCP-LOGO-GEN,2025-06,treatment,5192c277f3b6efd3d8233e2427c33aeb9fb6c836,561.0,1.0,0.0,8.0,0.0,14.7,70.0,41.0,9.0,,,,,,,,,,,,,,,left_only,,,False,,,False,,,False,,,False,,,False,,,False,,,False,,,False,,,False
sshtunnelvision/MCP-LOGO-GEN,2025-07,treatment,5192c277f3b6efd3d8233e2427c33aeb9fb6c836,561.0,1.0,0.0,8.0,0.0,14.7,70.0,41.0,9.0,,,,,,,,,,,,,,,left_only,,,False,,,False,,,False,,,False,,,False,,,False,,,False,,,False,,,False
sshtunnelvision/MCP-LOGO-GEN,2025-08,treatment,5192c277f3b6efd3d8233e2427c33aeb9fb6c836,561.0,1.0,0.0,8.0,0.0,14.7,70.0,41.0,9.0,,,,,,,,,,,,,,,left_only,,,False,,,False,,,False,,,False,,,False,,,False,,,False,,,False,,,False
vietanhdev/anylabeling,2025-06,treatment,a21f0d6009859733abe06ccf2600b4271e844d75,36433.0,4.0,0.0,58.0,0.8,3.0,1590.0,603.0,62.0,,,,,,,,,,,,,,,left_only,,,False,,,False,,,False,,,False,,,False,,,False,,,False,,,False,,,False
vietanhdev/anylabeling,2025-07,treatment,e591407de772550d99effc693670c5a567b5d95c,36542.0,4.0,0.0,59.0,0.8,3.1,1599.0,608.0,63.0,,,,,,,,,,,,,,,left_only,,,False,,,False,,,False,,,False,,,False,,,False,,,False,,,False,,,False
vietanhdev/anylabeling,2025-08,treatment,e591407de772550d99effc693670c5a567b5d95c,36542.0,4.0,0.0,59.0,0.8,3.1,1599.0,608.0,63.0,,,,,,,,,,,,,,,left_only,,,False,,,False,,,False,,,False,,,False,,,False,,,False,,,False,,,False
wdm0006/elote,2025-07,treatment,8e5fd23901c21c7cba0d8ec66401af2220189e8e,7991.0,17.0,0.0,87.0,3.2,37.2,1079.0,424.0,104.0,,,,,,,,,,,,,,,left_only,,,False,,,False,,,False,,,False,,,False,,,False,,,False,,,False,,,False
wdm0006/elote,2025-08,treatment,8e5fd23901c21c7cba0d8ec66401af2220189e8e,7991.0,17.0,0.0,87.0,3.2,37.2,1079.0,424.0,104.0,,,,,,,,,,,,,,,left_only,,,False,,,False,,,False,,,False,,,False,,,False,,,False,,,False,,,False
wdm0006/git-pandas,2025-08,treatment,52ef82e1f116c820711afa33c8afebf750e5a3ca,9845.0,3.0,3.0,58.0,1.3,28.8,1835.0,696.0,64.0,,,,,,,,,,,,,,,left_only,,,False,,,False,,,False,,,False,,,False,,,False,,,False,,,False,,,False
wdm0006/pygeohash,2025-08,treatment,af1a1c8426559469f135e34082eac21dfa5e099d,3053.0,6.0,30.0,104.0,1.4,30.9,213.0,236.0,140.0,,,,,,,,,,,,,,,left_only,,,False,,,False,,,False,,,False,,,False,,,False,,,False,,,False,,,False
yagami1997/TradeMind,2025-08,treatment,c2037bf02a7efd51e0eb24c28b96abbd655aafb6,13962.0,24.0,14.0,281.0,1.9,20.5,2781.0,2409.0,319.0,,,,,,,,,,,,,,,left_only,,,False,,,False,,,False,,,False,,,False,,,False,,,False,,,False,,,False
zilliztech/mcp-server-milvus,2025-07,treatment,02fb0592513af3b3e05a12f948a35f98bd2f8447,488.0,0.0,0.0,26.0,0.0,33.4,33.0,130.0,26.0,,,,,,,,,,,,,,,left_only,,,False,,,False,,,False,,,False,,,False,,,False,,,False,,,False,,,False
zilliztech/mcp-server-milvus,2025-08,treatment,02fb0592513af3b3e05a12f948a35f98bd2f8447,488.0,0.0,0.0,26.0,0.0,33.4,33.0,130.0,26.0,,,,,,,,,,,,,,,left_only,,,False,,,False,,,False,,,False,,,False,,,False,,,False,,,False,,,False
2019211474/DL-NASA-SOH-CNN-BILSTM-Attention,2025-04,control,2155b95284b5e4bfb02cc6aaf00914eafbdcad07,410.0,0.0,0.0,67.0,32.9,21.3,4.0,251.0,67.0,,,,,,,,,,,,,,,left_only,,,False,,,False,,,False,,,False,,,False,,,False,,,False,,,False,,,False
2019211474/DL-NASA-SOH-CNN-BILSTM-Attention,2025-05,control,2155b95284b5e4bfb02cc6aaf00914eafbdcad07,410.0,0.0,0.0,67.0,32.9,21.3,4.0,251.0,67.0,,,,,,,,,,,,,,,left_only,,,False,,,False,,,False,,,False,,,False,,,False,,,False,,,False,,,False
2019211474/DL-NASA-SOH-CNN-BILSTM-Attention,2025-06,control,2155b95284b5e4bfb02cc6aaf00914eafbdcad07,410.0,0.0,0.0,67.0,32.9,21.3,4.0,251.0,67.0,,,,,,,,,,,,,,,left_only,,,False,,,False,,,False,,,False,,,False,,,False,,,False,,,False,,,False
2019211474/DL-NASA-SOH-CNN-BILSTM-Attention,2025-07,control,2155b95284b5e4bfb02cc6aaf00914eafbdcad07,410.0,0.0,0.0,67.0,32.9,21.3,4.0,251.0,67.0,,,,,,,,,,,,,,,left_only,,,False,,,False,,,False,,,False,,,False,,,False,,,False,,,False,,,False
2019211474/DL-NASA-SOH-CNN-BILSTM-Attention,2025-08,control,2155b95284b5e4bfb02cc6aaf00914eafbdcad07,410.0,0.0,0.0,67.0,32.9,21.3,4.0,251.0,67.0,,,,,,,,,,,,,,,left_only,,,False,,,False,,,False,,,False,,,False,,,False,,,False,,,False,,,False
ArpiarSaundersLab/annsql,2025-06,control,4d48c602f9a55fef75cd57e3db238503bf180736,3626.0,4.0,0.0,150.0,9.1,25.7,882.0,1095.0,154.0,,,,,,,,,,,,,,,left_only,,,False,,,False,,,False,,,False,,,False,,,False,,,False,,,False,,,False
ArpiarSaundersLab/annsql,2025-07,control,4d48c602f9a55fef75cd57e3db238503bf180736,3626.0,4.0,0.0,150.0,9.1,25.7,882.0,1095.0,154.0,,,,,,,,,,,,,,,left_only,,,False,,,False,,,False,,,False,,,False,,,False,,,False,,,False,,,False
ArpiarSaundersLab/annsql,2025-08,control,4d48c602f9a55fef75cd57e3db238503bf180736,3626.0,4.0,0.0,150.0,9.1,25.7,882.0,1095.0,154.0,,,,,,,,,,,,,,,left_only,,,False,,,False,,,False,,,False,,,False,,,False,,,False,,,False,,,False
BiancoChiu/iOSRealRun-cli-18,2025-07,control,87c1f190c78839acead294e745990692fed6d80d,326.0,0.0,0.0,10.0,0.0,4.1,61.0,49.0,10.0,,,,,,,,,,,,,,,left_only,,,False,,,False,,,False,,,False,,,False,,,False,,,False,,,False,,,False
BiancoChiu/iOSRealRun-cli-18,2025-08,control,87c1f190c78839acead294e745990692fed6d80d,326.0,0.0,0.0,10.0,0.0,4.1,61.0,49.0,10.0,,,,,,,,,,,,,,,left_only,,,False,,,False,,,False,,,False,,,False,,,False,,,False,,,False,,,False
C4NU/Paddie,2025-04,control,7d588668b42aaceddaff6f2d555702cc0f621a54,1806.0,1.0,0.0,62.0,0.0,10.3,363.0,242.0,63.0,,,,,,,,,,,,,,,left_only,,,False,,,False,,,False,,,False,,,False,,,False,,,False,,,False,,,False
C4NU/Paddie,2025-05,control,7d588668b42aaceddaff6f2d555702cc0f621a54,1806.0,1.0,0.0,62.0,0.0,10.3,363.0,242.0,63.0,,,,,,,,,,,,,,,left_only,,,False,,,False,,,False,,,False,,,False,,,False,,,False,,,False,,,False
C4NU/Paddie,2025-06,control,7d588668b42aaceddaff6f2d555702cc0f621a54,1806.0,1.0,0.0,62.0,0.0,10.3,363.0,242.0,63.0,,,,,,,,,,,,,,,left_only,,,False,,,False,,,False,,,False,,,False,,,False,,,False,,,False,,,False
C4NU/Paddie,2025-07,control,7d588668b42aaceddaff6f2d555702cc0f621a54,1806.0,1.0,0.0,62.0,0.0,10.3,363.0,242.0,63.0,,,,,,,,,,,,,,,left_only,,,False,,,False,,,False,,,False,,,False,,,False,,,False,,,False,,,False
C4NU/Paddie,2025-08,control,7d588668b42aaceddaff6f2d555702cc0f621a54,1806.0,1.0,0.0,62.0,0.0,10.3,363.0,242.0,63.0,,,,,,,,,,,,,,,left_only,,,False,,,False,,,False,,,False,,,False,,,False,,,False,,,False,,,False
Drchip61/Dual_SAM,2025-01,control,5f38d57c5ccaa4e16693d0b77f09c984901ac5b9,3357.0,2.0,1.0,191.0,4.5,22.8,300.0,890.0,194.0,,,,,,,,,,,,,,,left_only,,,False,,,False,,,False,,,False,,,False,,,False,,,False,,,False,,,False
Drchip61/Dual_SAM,2025-02,control,5f38d57c5ccaa4e16693d0b77f09c984901ac5b9,3357.0,2.0,1.0,191.0,4.5,22.8,300.0,890.0,194.0,,,,,,,,,,,,,,,left_only,,,False,,,False,,,False,,,False,,,False,,,False,,,False,,,False,,,False
Drchip61/Dual_SAM,2025-03,control,5f38d57c5ccaa4e16693d0b77f09c984901ac5b9,3357.0,2.0,1.0,191.0,4.5,22.8,300.0,890.0,194.0,,,,,,,,,,,,,,,left_only,,,False,,,False,,,False,,,False,,,False,,,False,,,False,,,False,,,False
Drchip61/Dual_SAM,2025-04,control,5f38d57c5ccaa4e16693d0b77f09c984901ac5b9,3357.0,2.0,1.0,191.0,4.5,22.8,300.0,890.0,194.0,,,,,,,,,,,,,,,left_only,,,False,,,False,,,False,,,False,,,False,,,False,,,False,,,False,,,False
Drchip61/Dual_SAM,2025-05,control,5f38d57c5ccaa4e16693d0b77f09c984901ac5b9,3357.0,2.0,1.0,191.0,4.5,22.8,300.0,890.0,194.0,,,,,,,,,,,,,,,left_only,,,False,,,False,,,False,,,False,,,False,,,False,,,False,,,False,,,False
Drchip61/Dual_SAM,2025-06,control,5f38d57c5ccaa4e16693d0b77f09c984901ac5b9,3357.0,2.0,1.0,191.0,4.5,22.8,300.0,890.0,194.0,,,,,,,,,,,,,,,left_only,,,False,,,False,,,False,,,False,,,False,,,False,,,False,,,False,,,False
Drchip61/Dual_SAM,2025-07,control,5f38d57c5ccaa4e16693d0b77f09c984901ac5b9,3357.0,2.0,1.0,191.0,4.5,22.8,300.0,890.0,194.0,,,,,,,,,,,,,,,left_only,,,False,,,False,,,False,,,False,,,False,,,False,,,False,,,False,,,False
Drchip61/Dual_SAM,2025-08,control,5f38d57c5ccaa4e16693d0b77f09c984901ac5b9,3357.0,2.0,1.0,191.0,4.5,22.8,300.0,890.0,194.0,,,,,,,,,,,,,,,left_only,,,False,,,False,,,False,,,False,,,False,,,False,,,False,,,False,,,False
EURAC-EEBgroup/brick-llm,2025-06,control,ac89ecd41929d3133379fda4bcf5e85927d1c4ac,1685.0,0.0,0.0,32.0,0.0,22.7,288.0,214.0,32.0,,,,,,,,,,,,,,,left_only,,,False,,,False,,,False,,,False,,,False,,,False,,,False,,,False,,,False
EURAC-EEBgroup/brick-llm,2025-07,control,ac89ecd41929d3133379fda4bcf5e85927d1c4ac,1685.0,0.0,0.0,32.0,0.0,22.7,288.0,214.0,32.0,,,,,,,,,,,,,,,left_only,,,False,,,False,,,False,,,False,,,False,,,False,,,False,,,False,,,False
EURAC-EEBgroup/brick-llm,2025-08,control,ac89ecd41929d3133379fda4bcf5e85927d1c4ac,1685.0,0.0,0.0,32.0,0.0,22.7,288.0,214.0,32.0,,,,,,,,,,,,,,,left_only,,,False,,,False,,,False,,,False,,,False,,,False,,,False,,,False,,,False
Envious-Data/Env-KB,2024-05,control,1e0873a8409cca1332537cb4934c04b54ce33a7a,58.0,0.0,0.0,1.0,0.0,7.9,3.0,20.0,1.0,,,,,,,,,,,,,,,left_only,,,False,,,False,,,False,,,False,,,False,,,False,,,False,,,False,,,False
Envious-Data/Env-KB,2024-06,control,1e0873a8409cca1332537cb4934c04b54ce33a7a,58.0,0.0,0.0,1.0,0.0,7.9,3.0,20.0,1.0,,,,,,,,,,,,,,,left_only,,,False,,,False,,,False,,,False,,,False,,,False,,,False,,,False,,,False
Envious-Data/Env-KB,2024-07,control,1e0873a8409cca1332537cb4934c04b54ce33a7a,58.0,0.0,0.0,1.0,0.0,7.9,3.0,20.0,1.0,,,,,,,,,,,,,,,left_only,,,False,,,False,,,False,,,False,,,False,,,False,,,False,,,False,,,False
Envious-Data/Env-KB,2024-08,control,1e0873a8409cca1332537cb4934c04b54ce33a7a,58.0,0.0,0.0,1.0,0.0,7.9,3.0,20.0,1.0,,,,,,,,,,,,,,,left_only,,,False,,,False,,,False,,,False,,,False,,,False,,,False,,,False,,,False
Envious-Data/Env-KB,2024-09,control,1e0873a8409cca1332537cb4934c04b54ce33a7a,58.0,0.0,0.0,1.0,0.0,7.9,3.0,20.0,1.0,,,,,,,,,,,,,,,left_only,,,False,,,False,,,False,,,False,,,False,,,False,,,False,,,False,,,False
Envious-Data/Env-KB,2024-10,control,1e0873a8409cca1332537cb4934c04b54ce33a7a,58.0,0.0,0.0,1.0,0.0,7.9,3.0,20.0,1.0,,,,,,,,,,,,,,,left_only,,,False,,,False,,,False,,,False,,,False,,,False,,,False,,,False,,,False
Envious-Data/Env-KB,2024-11,control,1e0873a8409cca1332537cb4934c04b54ce33a7a,58.0,0.0,0.0,1.0,0.0,7.9,3.0,20.0,1.0,,,,,,,,,,,,,,,left_only,,,False,,,False,,,False,,,False,,,False,,,False,,,False,,,False,,,False
Envious-Data/Env-KB,2024-12,control,1e0873a8409cca1332537cb4934c04b54ce33a7a,58.0,0.0,0.0,1.0,0.0,7.9,3.0,20.0,1.0,,,,,,,,,,,,,,,left_only,,,False,,,False,,,False,,,False,,,False,,,False,,,False,,,False,,,False
Envious-Data/Env-KB,2025-01,control,1e0873a8409cca1332537cb4934c04b54ce33a7a,58.0,0.0,0.0,1.0,0.0,7.9,3.0,20.0,1.0,,,,,,,,,,,,,,,left_only,,,False,,,False,,,False,,,False,,,False,,,False,,,False,,,False,,,False
Envious-Data/Env-KB,2025-02,control,1e0873a8409cca1332537cb4934c04b54ce33a7a,58.0,0.0,0.0,1.0,0.0,7.9,3.0,20.0,1.0,,,,,,,,,,,,,,,left_only,,,False,,,False,,,False,,,False,,,False,,,False,,,False,,,False,,,False
Envious-Data/Env-KB,2025-03,control,1e0873a8409cca1332537cb4934c04b54ce33a7a,58.0,0.0,0.0,1.0,0.0,7.9,3.0,20.0,1.0,,,,,,,,,,,,,,,left_only,,,False,,,False,,,False,,,False,,,False,,,False,,,False,,,False,,,False
Envious-Data/Env-KB,2025-04,control,1e0873a8409cca1332537cb4934c04b54ce33a7a,58.0,0.0,0.0,1.0,0.0,7.9,3.0,20.0,1.0,,,,,,,,,,,,,,,left_only,,,False,,,False,,,False,,,False,,,False,,,False,,,False,,,False,,,False
Envious-Data/Env-KB,2025-05,control,1e0873a8409cca1332537cb4934c04b54ce33a7a,58.0,0.0,0.0,1.0,0.0,7.9,3.0,20.0,1.0,,,,,,,,,,,,,,,left_only,,,False,,,False,,,False,,,False,,,False,,,False,,,False,,,False,,,False
Envious-Data/Env-KB,2025-06,control,1e0873a8409cca1332537cb4934c04b54ce33a7a,58.0,0.0,0.0,1.0,0.0,7.9,3.0,20.0,1.0,,,,,,,,,,,,,,,left_only,,,False,,,False,,,False,,,False,,,False,,,False,,,False,,,False,,,False
Envious-Data/Env-KB,2025-07,control,1e0873a8409cca1332537cb4934c04b54ce33a7a,58.0,0.0,0.0,1.0,0.0,7.9,3.0,20.0,1.0,,,,,,,,,,,,,,,left_only,,,False,,,False,,,False,,,False,,,False,,,False,,,False,,,False,,,False
Envious-Data/Env-KB,2025-08,control,1e0873a8409cca1332537cb4934c04b54ce33a7a,58.0,0.0,0.0,1.0,0.0,7.9,3.0,20.0,1.0,,,,,,,,,,,,,,,left_only,,,False,,,False,,,False,,,False,,,False,,,False,,,False,,,False,,,False
FFY0/AdaKV,2025-07,control,67a0fc2729800c3d902225f359e0b50f9202556b,2678.0,7.0,0.0,85.0,50.4,11.2,643.0,559.0,92.0,,,,,,,,,,,,,,,left_only,,,False,,,False,,,False,,,False,,,False,,,False,,,False,,,False,,,False
FFY0/AdaKV,2025-08,control,67a0fc2729800c3d902225f359e0b50f9202556b,2678.0,7.0,0.0,85.0,50.4,11.2,643.0,559.0,92.0,,,,,,,,,,,,,,,left_only,,,False,,,False,,,False,,,False,,,False,,,False,,,False,,,False,,,False
FMInference/FlexiGen,2024-11,control,004ffef82b46e8dc8685c55d0cdda650bdaf1269,661594.0,218.0,142.0,9660.0,30.4,19.7,102557.0,81228.0,10020.0,,,,,,,,,,,,,,,left_only,,,False,,,False,,,False,,,False,,,False,,,False,,,False,,,False,,,False
FMInference/FlexiGen,2024-12,control,004ffef82b46e8dc8685c55d0cdda650bdaf1269,661594.0,218.0,142.0,9660.0,30.4,19.7,102557.0,81228.0,10020.0,,,,,,,,,,,,,,,left_only,,,False,,,False,,,False,,,False,,,False,,,False,,,False,,,False,,,False
FMInference/FlexiGen,2025-01,control,004ffef82b46e8dc8685c55d0cdda650bdaf1269,661594.0,218.0,142.0,9660.0,30.4,19.7,102557.0,81228.0,10020.0,,,,,,,,,,,,,,,left_only,,,False,,,False,,,False,,,False,,,False,,,False,,,False,,,False,,,False
FMInference/FlexiGen,2025-02,control,004ffef82b46e8dc8685c55d0cdda650bdaf1269,661594.0,218.0,142.0,9660.0,30.4,19.7,102557.0,81228.0,10020.0,,,,,,,,,,,,,,,left_only,,,False,,,False,,,False,,,False,,,False,,,False,,,False,,,False,,,False
FMInference/FlexiGen,2025-03,control,004ffef82b46e8dc8685c55d0cdda650bdaf1269,661594.0,218.0,142.0,9660.0,30.4,19.7,102557.0,81228.0,10020.0,,,,,,,,,,,,,,,left_only,,,False,,,False,,,False,,,False,,,False,,,False,,,False,,,False,,,False
FMInference/FlexiGen,2025-04,control,004ffef82b46e8dc8685c55d0cdda650bdaf1269,661594.0,218.0,142.0,9660.0,30.4,19.7,102557.0,81228.0,10020.0,,,,,,,,,,,,,,,left_only,,,False,,,False,,,False,,,False,,,False,,,False,,,False,,,False,,,False
FMInference/FlexiGen,2025-05,control,004ffef82b46e8dc8685c55d0cdda650bdaf1269,661594.0,218.0,142.0,9660.0,30.4,19.7,102557.0,81228.0,10020.0,,,,,,,,,,,,,,,left_only,,,False,,,False,,,False,,,False,,,False,,,False,,,False,,,False,,,False
FMInference/FlexiGen,2025-06,control,004ffef82b46e8dc8685c55d0cdda650bdaf1269,661594.0,218.0,142.0,9660.0,30.4,19.7,102557.0,81228.0,10020.0,,,,,,,,,,,,,,,left_only,,,False,,,False,,,False,,,False,,,False,,,False,,,False,,,False,,,False
FMInference/FlexiGen,2025-07,control,004ffef82b46e8dc8685c55d0cdda650bdaf1269,661594.0,218.0,142.0,9660.0,30.4,19.7,102557.0,81228.0,10020.0,,,,,,,,,,,,,,,left_only,,,False,,,False,,,False,,,False,,,False,,,False,,,False,,,False,,,False
FMInference/FlexiGen,2025-08,control,004ffef82b46e8dc8685c55d0cdda650bdaf1269,661594.0,218.0,142.0,9660.0,30.4,19.7,102557.0,81228.0,10020.0,,,,,,,,,,,,,,,left_only,,,False,,,False,,,False,,,False,,,False,,,False,,,False,,,False,,,False
FaceAdapter/Face-Adapter,2024-06,control,6e313885188e05740a7c40e12c1b9015c748bf08,2500.0,2.0,14.0,132.0,26.2,19.4,398.0,761.0,148.0,,,,,,,,,,,,,,,left_only,,,False,,,False,,,False,,,False,,,False,,,False,,,False,,,False,,,False
FaceAdapter/Face-Adapter,2024-07,control,6e313885188e05740a7c40e12c1b9015c748bf08,2500.0,2.0,14.0,132.0,26.2,19.4,398.0,761.0,148.0,,,,,,,,,,,,,,,left_only,,,False,,,False,,,False,,,False,,,False,,,False,,,False,,,False,,,False
FaceAdapter/Face-Adapter,2024-08,control,6e313885188e05740a7c40e12c1b9015c748bf08,2500.0,2.0,14.0,132.0,26.2,19.4,398.0,761.0,148.0,,,,,,,,,,,,,,,left_only,,,False,,,False,,,False,,,False,,,False,,,False,,,False,,,False,,,False
FaceAdapter/Face-Adapter,2024-09,control,6e313885188e05740a7c40e12c1b9015c748bf08,2500.0,2.0,14.0,132.0,26.2,19.4,398.0,761.0,148.0,,,,,,,,,,,,,,,left_only,,,False,,,False,,,False,,,False,,,False,,,False,,,False,,,False,,,False
FaceAdapter/Face-Adapter,2024-10,control,6e313885188e05740a7c40e12c1b9015c748bf08,2500.0,2.0,14.0,132.0,26.2,19.4,398.0,761.0,148.0,,,,,,,,,,,,,,,left_only,,,False,,,False,,,False,,,False,,,False,,,False,,,False,,,False,,,False
FaceAdapter/Face-Adapter,2024-11,control,6e313885188e05740a7c40e12c1b9015c748bf08,2500.0,2.0,14.0,132.0,26.2,19.4,398.0,761.0,148.0,,,,,,,,,,,,,,,left_only,,,False,,,False,,,False,,,False,,,False,,,False,,,False,,,False,,,False
FaceAdapter/Face-Adapter,2024-12,control,6e313885188e05740a7c40e12c1b9015c748bf08,2500.0,2.0,14.0,132.0,26.2,19.4,398.0,761.0,148.0,,,,,,,,,,,,,,,left_only,,,False,,,False,,,False,,,False,,,False,,,False,,,False,,,False,,,False
FaceAdapter/Face-Adapter,2025-01,control,6e313885188e05740a7c40e12c1b9015c748bf08,2500.0,2.0,14.0,132.0,26.2,19.4,398.0,761.0,148.0,,,,,,,,,,,,,,,left_only,,,False,,,False,,,False,,,False,,,False,,,False,,,False,,,False,,,False
FaceAdapter/Face-Adapter,2025-02,control,6e313885188e05740a7c40e12c1b9015c748bf08,2500.0,2.0,14.0,132.0,26.2,19.4,398.0,761.0,148.0,,,,,,,,,,,,,,,left_only,,,False,,,False,,,False,,,False,,,False,,,False,,,False,,,False,,,False
FaceAdapter/Face-Adapter,2025-03,control,6e313885188e05740a7c40e12c1b9015c748bf08,2500.0,2.0,14.0,132.0,26.2,19.4,398.0,761.0,148.0,,,,,,,,,,,,,,,left_only,,,False,,,False,,,False,,,False,,,False,,,False,,,False,,,False,,,False
FaceAdapter/Face-Adapter,2025-04,control,6e313885188e05740a7c40e12c1b9015c748bf08,2500.0,2.0,14.0,132.0,26.2,19.4,398.0,761.0,148.0,,,,,,,,,,,,,,,left_only,,,False,,,False,,,False,,,False,,,False,,,False,,,False,,,False,,,False
FaceAdapter/Face-Adapter,2025-05,control,6e313885188e05740a7c40e12c1b9015c748bf08,2500.0,2.0,14.0,132.0,26.2,19.4,398.0,761.0,148.0,,,,,,,,,,,,,,,left_only,,,False,,,False,,,False,,,False,,,False,,,False,,,False,,,False,,,False
FaceAdapter/Face-Adapter,2025-06,control,6e313885188e05740a7c40e12c1b9015c748bf08,2500.0,2.0,14.0,132.0,26.2,19.4,398.0,761.0,148.0,,,,,,,,,,,,,,,left_only,,,False,,,False,,,False,,,False,,,False,,,False,,,False,,,False,,,False
FaceAdapter/Face-Adapter,2025-07,control,6e313885188e05740a7c40e12c1b9015c748bf08,2500.0,2.0,14.0,132.0,26.2,19.4,398.0,761.0,148.0,,,,,,,,,,,,,,,left_only,,,False,,,False,,,False,,,False,,,False,,,False,,,False,,,False,,,False
FaceAdapter/Face-Adapter,2025-08,control,6e313885188e05740a7c40e12c1b9015c748bf08,2500.0,2.0,14.0,132.0,26.2,19.4,398.0,761.0,148.0,,,,,,,,,,,,,,,left_only,,,False,,,False,,,False,,,False,,,False,,,False,,,False,,,False,,,False
FlipperPA/peregrine,2025-01,control,59cf20bdffc1b4fabcefcd84041ae7e6f63ca221,1427.0,5.0,0.0,7.0,11.2,5.2,8.0,35.0,12.0,,,,,,,,,,,,,,,left_only,,,False,,,False,,,False,,,False,,,False,,,False,,,False,,,False,,,False
FlipperPA/peregrine,2025-02,control,59cf20bdffc1b4fabcefcd84041ae7e6f63ca221,1427.0,5.0,0.0,7.0,11.2,5.2,8.0,35.0,12.0,,,,,,,,,,,,,,,left_only,,,False,,,False,,,False,,,False,,,False,,,False,,,False,,,False,,,False
FlipperPA/peregrine,2025-03,control,59cf20bdffc1b4fabcefcd84041ae7e6f63ca221,1427.0,5.0,0.0,7.0,11.2,5.2,8.0,35.0,12.0,,,,,,,,,,,,,,,left_only,,,False,,,False,,,False,,,False,,,False,,,False,,,False,,,False,,,False
FlipperPA/peregrine,2025-04,control,59cf20bdffc1b4fabcefcd84041ae7e6f63ca221,1427.0,5.0,0.0,7.0,11.2,5.2,8.0,35.0,12.0,,,,,,,,,,,,,,,left_only,,,False,,,False,,,False,,,False,,,False,,,False,,,False,,,False,,,False
FlipperPA/peregrine,2025-05,control,59cf20bdffc1b4fabcefcd84041ae7e6f63ca221,1427.0,5.0,0.0,7.0,11.2,5.2,8.0,35.0,12.0,,,,,,,,,,,,,,,left_only,,,False,,,False,,,False,,,False,,,False,,,False,,,False,,,False,,,False
FlipperPA/peregrine,2025-06,control,59cf20bdffc1b4fabcefcd84041ae7e6f63ca221,1427.0,5.0,0.0,7.0,11.2,5.2,8.0,35.0,12.0,,,,,,,,,,,,,,,left_only,,,False,,,False,,,False,,,False,,,False,,,False,,,False,,,False,,,False
FlipperPA/peregrine,2025-07,control,59cf20bdffc1b4fabcefcd84041ae7e6f63ca221,1427.0,5.0,0.0,7.0,11.2,5.2,8.0,35.0,12.0,,,,,,,,,,,,,,,left_only,,,False,,,False,,,False,,,False,,,False,,,False,,,False,,,False,,,False
FlipperPA/peregrine,2025-08,control,59cf20bdffc1b4fabcefcd84041ae7e6f63ca221,1427.0,5.0,0.0,7.0,11.2,5.2,8.0,35.0,12.0,,,,,,,,,,,,,,,left_only,,,False,,,False,,,False,,,False,,,False,,,False,,,False,,,False,,,False
FolhaSP/mosaico,2025-08,control,b3c2a5e6ed21ebdabf955c519d66a458c2bd08e4,6585.0,1.0,0.0,12.0,2.1,22.0,571.0,139.0,13.0,,,,,,,,,,,,,,,left_only,,,False,,,False,,,False,,,False,,,False,,,False,,,False,,,False,,,False
GispoCoding/qgis-venv-creator,2024-04,control,da97781d79749fa683611204606b94966dfbc799,513.0,0.0,0.0,1.0,0.0,11.4,66.0,8.0,1.0,,,,,,,,,,,,,,,left_only,,,False,,,False,,,False,,,False,,,False,,,False,,,False,,,False,,,False
GispoCoding/qgis-venv-creator,2024-05,control,da97781d79749fa683611204606b94966dfbc799,513.0,0.0,0.0,1.0,0.0,11.4,66.0,8.0,1.0,,,,,,,,,,,,,,,left_only,,,False,,,False,,,False,,,False,,,False,,,False,,,False,,,False,,,False
GispoCoding/qgis-venv-creator,2024-06,control,da97781d79749fa683611204606b94966dfbc799,513.0,0.0,0.0,1.0,0.0,11.4,66.0,8.0,1.0,,,,,,,,,,,,,,,left_only,,,False,,,False,,,False,,,False,,,False,,,False,,,False,,,False,,,False
GispoCoding/qgis-venv-creator,2024-07,control,da97781d79749fa683611204606b94966dfbc799,513.0,0.0,0.0,1.0,0.0,11.4,66.0,8.0,1.0,,,,,,,,,,,,,,,left_only,,,False,,,False,,,False,,,False,,,False,,,False,,,False,,,False,,,False
GispoCoding/qgis-venv-creator,2024-08,control,da97781d79749fa683611204606b94966dfbc799,513.0,0.0,0.0,1.0,0.0,11.4,66.0,8.0,1.0,,,,,,,,,,,,,,,left_only,,,False,,,False,,,False,,,False,,,False,,,False,,,False,,,False,,,False
GispoCoding/qgis-venv-creator,2024-09,control,da97781d79749fa683611204606b94966dfbc799,513.0,0.0,0.0,1.0,0.0,11.4,66.0,8.0,1.0,,,,,,,,,,,,,,,left_only,,,False,,,False,,,False,,,False,,,False,,,False,,,False,,,False,,,False
GispoCoding/qgis-venv-creator,2024-10,control,da97781d79749fa683611204606b94966dfbc799,513.0,0.0,0.0,1.0,0.0,11.4,66.0,8.0,1.0,,,,,,,,,,,,,,,left_only,,,False,,,False,,,False,,,False,,,False,,,False,,,False,,,False,,,False
GispoCoding/qgis-venv-creator,2024-11,control,da97781d79749fa683611204606b94966dfbc799,513.0,0.0,0.0,1.0,0.0,11.4,66.0,8.0,1.0,,,,,,,,,,,,,,,left_only,,,False,,,False,,,False,,,False,,,False,,,False,,,False,,,False,,,False
GispoCoding/qgis-venv-creator,2024-12,control,da97781d79749fa683611204606b94966dfbc799,513.0,0.0,0.0,1.0,0.0,11.4,66.0,8.0,1.0,,,,,,,,,,,,,,,left_only,,,False,,,False,,,False,,,False,,,False,,,False,,,False,,,False,,,False
GispoCoding/qgis-venv-creator,2025-01,control,da97781d79749fa683611204606b94966dfbc799,513.0,0.0,0.0,1.0,0.0,11.4,66.0,8.0,1.0,,,,,,,,,,,,,,,left_only,,,False,,,False,,,False,,,False,,,False,,,False,,,False,,,False,,,False
GispoCoding/qgis-venv-creator,2025-02,control,da97781d79749fa683611204606b94966dfbc799,513.0,0.0,0.0,1.0,0.0,11.4,66.0,8.0,1.0,,,,,,,,,,,,,,,left_only,,,False,,,False,,,False,,,False,,,False,,,False,,,False,,,False,,,False
GispoCoding/qgis-venv-creator,2025-03,control,da97781d79749fa683611204606b94966dfbc799,513.0,0.0,0.0,1.0,0.0,11.4,66.0,8.0,1.0,,,,,,,,,,,,,,,left_only,,,False,,,False,,,False,,,False,,,False,,,False,,,False,,,False,,,False
GispoCoding/qgis-venv-creator,2025-04,control,da97781d79749fa683611204606b94966dfbc799,513.0,0.0,0.0,1.0,0.0,11.4,66.0,8.0,1.0,,,,,,,,,,,,,,,left_only,,,False,,,False,,,False,,,False,,,False,,,False,,,False,,,False,,,False
GispoCoding/qgis-venv-creator,2025-05,control,da97781d79749fa683611204606b94966dfbc799,513.0,0.0,0.0,1.0,0.0,11.4,66.0,8.0,1.0,,,,,,,,,,,,,,,left_only,,,False,,,False,,,False,,,False,,,False,,,False,,,False,,,False,,,False
GispoCoding/qgis-venv-creator,2025-06,control,da97781d79749fa683611204606b94966dfbc799,513.0,0.0,0.0,1.0,0.0,11.4,66.0,8.0,1.0,,,,,,,,,,,,,,,left_only,,,False,,,False,,,False,,,False,,,False,,,False,,,False,,,False,,,False
GispoCoding/qgis-venv-creator,2025-07,control,da97781d79749fa683611204606b94966dfbc799,513.0,0.0,0.0,1.0,0.0,11.4,66.0,8.0,1.0,,,,,,,,,,,,,,,left_only,,,False,,,False,,,False,,,False,,,False,,,False,,,False,,,False,,,False
GispoCoding/qgis-venv-creator,2025-08,control,da97781d79749fa683611204606b94966dfbc799,513.0,0.0,0.0,1.0,0.0,11.4,66.0,8.0,1.0,,,,,,,,,,,,,,,left_only,,,False,,,False,,,False,,,False,,,False,,,False,,,False,,,False,,,False
Hack-a-Day/2024-Supercon-8-Add-On-Badge,2025-04,control,67e7825535fd093466c771318341bcd40be55e13,851.0,0.0,0.0,19.0,0.0,24.2,138.0,96.0,19.0,,,,,,,,,,,,,,,left_only,,,False,,,False,,,False,,,False,,,False,,,False,,,False,,,False,,,False
Hack-a-Day/2024-Supercon-8-Add-On-Badge,2025-05,control,67e7825535fd093466c771318341bcd40be55e13,851.0,0.0,0.0,19.0,0.0,24.2,138.0,96.0,19.0,,,,,,,,,,,,,,,left_only,,,False,,,False,,,False,,,False,,,False,,,False,,,False,,,False,,,False
Hack-a-Day/2024-Supercon-8-Add-On-Badge,2025-06,control,67e7825535fd093466c771318341bcd40be55e13,851.0,0.0,0.0,19.0,0.0,24.2,138.0,96.0,19.0,,,,,,,,,,,,,,,left_only,,,False,,,False,,,False,,,False,,,False,,,False,,,False,,,False,,,False
Hack-a-Day/2024-Supercon-8-Add-On-Badge,2025-07,control,67e7825535fd093466c771318341bcd40be55e13,851.0,0.0,0.0,19.0,0.0,24.2,138.0,96.0,19.0,,,,,,,,,,,,,,,left_only,,,False,,,False,,,False,,,False,,,False,,,False,,,False,,,False,,,False
Hack-a-Day/2024-Supercon-8-Add-On-Badge,2025-08,control,67e7825535fd093466c771318341bcd40be55e13,851.0,0.0,0.0,19.0,0.0,24.2,138.0,96.0,19.0,,,,,,,,,,,,,,,left_only,,,False,,,False,,,False,,,False,,,False,,,False,,,False,,,False,,,False
IBM/mt-rag-benchmark,2025-05,control,c60072e6cb1b08213c7178ef1364f9958a940e3d,81.0,0.0,0.0,0.0,0.0,13.8,43.0,0.0,0.0,,,,,,,,,,,,,,,left_only,,,False,,,False,,,False,,,False,,,False,,,False,,,False,,,False,,,False
IBM/mt-rag-benchmark,2025-06,control,c60072e6cb1b08213c7178ef1364f9958a940e3d,81.0,0.0,0.0,0.0,0.0,13.8,43.0,0.0,0.0,,,,,,,,,,,,,,,left_only,,,False,,,False,,,False,,,False,,,False,,,False,,,False,,,False,,,False
IBM/mt-rag-benchmark,2025-07,control,c60072e6cb1b08213c7178ef1364f9958a940e3d,81.0,0.0,0.0,0.0,0.0,13.8,43.0,0.0,0.0,,,,,,,,,,,,,,,left_only,,,False,,,False,,,False,,,False,,,False,,,False,,,False,,,False,,,False
IBM/mt-rag-benchmark,2025-08,control,c60072e6cb1b08213c7178ef1364f9958a940e3d,81.0,0.0,0.0,0.0,0.0,13.8,43.0,0.0,0.0,,,,,,,,,,,,,,,left_only,,,False,,,False,,,False,,,False,,,False,,,False,,,False,,,False,,,False
ITSpecialist111/ai_automation_suggester,2025-07,control,f680b185d5d86a7ab56291f7940d2b66541b7f58,2070.0,3.0,0.0,27.0,9.4,7.2,316.0,209.0,30.0,,,,,,,,,,,,,,,left_only,,,False,,,False,,,False,,,False,,,False,,,False,,,False,,,False,,,False
ITSpecialist111/ai_automation_suggester,2025-08,control,f680b185d5d86a7ab56291f7940d2b66541b7f58,2070.0,3.0,0.0,27.0,9.4,7.2,316.0,209.0,30.0,,,,,,,,,,,,,,,left_only,,,False,,,False,,,False,,,False,,,False,,,False,,,False,,,False,,,False
Jieqianyu/SGN,2024-10,control,b519871f45a2751d7e9cf4798c90fbff3e410a51,6146.0,15.0,2.0,388.0,28.3,17.4,814.0,1946.0,405.0,,,,,,,,,,,,,,,left_only,,,False,,,False,,,False,,,False,,,False,,,False,,,False,,,False,,,False
Jieqianyu/SGN,2024-11,control,b519871f45a2751d7e9cf4798c90fbff3e410a51,6146.0,15.0,2.0,388.0,28.3,17.4,814.0,1946.0,405.0,,,,,,,,,,,,,,,left_only,,,False,,,False,,,False,,,False,,,False,,,False,,,False,,,False,,,False
Jieqianyu/SGN,2024-12,control,b519871f45a2751d7e9cf4798c90fbff3e410a51,6146.0,15.0,2.0,388.0,28.3,17.4,814.0,1946.0,405.0,,,,,,,,,,,,,,,left_only,,,False,,,False,,,False,,,False,,,False,,,False,,,False,,,False,,,False
Jieqianyu/SGN,2025-01,control,b519871f45a2751d7e9cf4798c90fbff3e410a51,6146.0,15.0,2.0,388.0,28.3,17.4,814.0,1946.0,405.0,,,,,,,,,,,,,,,left_only,,,False,,,False,,,False,,,False,,,False,,,False,,,False,,,False,,,False
Jieqianyu/SGN,2025-02,control,b519871f45a2751d7e9cf4798c90fbff3e410a51,6146.0,15.0,2.0,388.0,28.3,17.4,814.0,1946.0,405.0,,,,,,,,,,,,,,,left_only,,,False,,,False,,,False,,,False,,,False,,,False,,,False,,,False,,,False
Jieqianyu/SGN,2025-03,control,b519871f45a2751d7e9cf4798c90fbff3e410a51,6146.0,15.0,2.0,388.0,28.3,17.4,814.0,1946.0,405.0,,,,,,,,,,,,,,,left_only,,,False,,,False,,,False,,,False,,,False,,,False,,,False,,,False,,,False
Jieqianyu/SGN,2025-04,control,b519871f45a2751d7e9cf4798c90fbff3e410a51,6146.0,15.0,2.0,388.0,28.3,17.4,814.0,1946.0,405.0,,,,,,,,,,,,,,,left_only,,,False,,,False,,,False,,,False,,,False,,,False,,,False,,,False,,,False
Jieqianyu/SGN,2025-05,control,b519871f45a2751d7e9cf4798c90fbff3e410a51,6146.0,15.0,2.0,388.0,28.3,17.4,814.0,1946.0,405.0,,,,,,,,,,,,,,,left_only,,,False,,,False,,,False,,,False,,,False,,,False,,,False,,,False,,,False
Jieqianyu/SGN,2025-06,control,b519871f45a2751d7e9cf4798c90fbff3e410a51,6146.0,15.0,2.0,388.0,28.3,17.4,814.0,1946.0,405.0,,,,,,,,,,,,,,,left_only,,,False,,,False,,,False,,,False,,,False,,,False,,,False,,,False,,,False
Jieqianyu/SGN,2025-07,control,b519871f45a2751d7e9cf4798c90fbff3e410a51,6146.0,15.0,2.0,388.0,28.3,17.4,814.0,1946.0,405.0,,,,,,,,,,,,,,,left_only,,,False,,,False,,,False,,,False,,,False,,,False,,,False,,,False,,,False
Jieqianyu/SGN,2025-08,control,b519871f45a2751d7e9cf4798c90fbff3e410a51,6146.0,15.0,2.0,388.0,28.3,17.4,814.0,1946.0,405.0,,,,,,,,,,,,,,,left_only,,,False,,,False,,,False,,,False,,,False,,,False,,,False,,,False,,,False
JustinSparrrow/IOOI-EmotionEgg,2025-03,control,4593f10a974865bf903ca3576ac4b617a693978d,1538.0,0.0,10.0,17.0,0.0,7.1,72.0,33.0,27.0,,,,,,,,,,,,,,,left_only,,,False,,,False,,,False,,,False,,,False,,,False,,,False,,,False,,,False
JustinSparrrow/IOOI-EmotionEgg,2025-04,control,eb145035b7c60abf42b353ccdc47a3a31a233e82,1887.0,0.0,12.0,34.0,0.0,8.4,101.0,88.0,46.0,,,,,,,,,,,,,,,left_only,,,False,,,False,,,False,,,False,,,False,,,False,,,False,,,False,,,False
JustinSparrrow/IOOI-EmotionEgg,2025-05,control,eb145035b7c60abf42b353ccdc47a3a31a233e82,1887.0,0.0,12.0,34.0,0.0,8.4,101.0,88.0,46.0,,,,,,,,,,,,,,,left_only,,,False,,,False,,,False,,,False,,,False,,,False,,,False,,,False,,,False
JustinSparrrow/IOOI-EmotionEgg,2025-06,control,eb145035b7c60abf42b353ccdc47a3a31a233e82,1887.0,0.0,12.0,34.0,0.0,8.4,101.0,88.0,46.0,,,,,,,,,,,,,,,left_only,,,False,,,False,,,False,,,False,,,False,,,False,,,False,,,False,,,False
JustinSparrrow/IOOI-EmotionEgg,2025-07,control,eb145035b7c60abf42b353ccdc47a3a31a233e82,1887.0,0.0,12.0,34.0,0.0,8.4,101.0,88.0,46.0,,,,,,,,,,,,,,,left_only,,,False,,,False,,,False,,,False,,,False,,,False,,,False,,,False,,,False
JustinSparrrow/IOOI-EmotionEgg,2025-08,control,eb145035b7c60abf42b353ccdc47a3a31a233e82,1887.0,0.0,12.0,34.0,0.0,8.4,101.0,88.0,46.0,,,,,,,,,,,,,,,left_only,,,False,,,False,,,False,,,False,,,False,,,False,,,False,,,False,,,False
LGro/PyAPSI,2024-05,control,c9fab4a6d79da320e3f810b477284cefd1419b7e,413.0,0.0,0.0,5.0,0.0,32.4,34.0,30.0,5.0,,,,,,,,,,,,,,,left_only,,,False,,,False,,,False,,,False,,,False,,,False,,,False,,,False,,,False
LGro/PyAPSI,2024-06,control,c9fab4a6d79da320e3f810b477284cefd1419b7e,413.0,0.0,0.0,5.0,0.0,32.4,34.0,30.0,5.0,,,,,,,,,,,,,,,left_only,,,False,,,False,,,False,,,False,,,False,,,False,,,False,,,False,,,False
LGro/PyAPSI,2024-07,control,c9fab4a6d79da320e3f810b477284cefd1419b7e,413.0,0.0,0.0,5.0,0.0,32.4,34.0,30.0,5.0,,,,,,,,,,,,,,,left_only,,,False,,,False,,,False,,,False,,,False,,,False,,,False,,,False,,,False
LGro/PyAPSI,2024-08,control,c9fab4a6d79da320e3f810b477284cefd1419b7e,413.0,0.0,0.0,5.0,0.0,32.4,34.0,30.0,5.0,,,,,,,,,,,,,,,left_only,,,False,,,False,,,False,,,False,,,False,,,False,,,False,,,False,,,False
LGro/PyAPSI,2024-09,control,c9fab4a6d79da320e3f810b477284cefd1419b7e,413.0,0.0,0.0,5.0,0.0,32.4,34.0,30.0,5.0,,,,,,,,,,,,,,,left_only,,,False,,,False,,,False,,,False,,,False,,,False,,,False,,,False,,,False
LGro/PyAPSI,2024-10,control,c9fab4a6d79da320e3f810b477284cefd1419b7e,413.0,0.0,0.0,5.0,0.0,32.4,34.0,30.0,5.0,,,,,,,,,,,,,,,left_only,,,False,,,False,,,False,,,False,,,False,,,False,,,False,,,False,,,False
LGro/PyAPSI,2024-11,control,c9fab4a6d79da320e3f810b477284cefd1419b7e,413.0,0.0,0.0,5.0,0.0,32.4,34.0,30.0,5.0,,,,,,,,,,,,,,,left_only,,,False,,,False,,,False,,,False,,,False,,,False,,,False,,,False,,,False
LGro/PyAPSI,2024-12,control,c9fab4a6d79da320e3f810b477284cefd1419b7e,413.0,0.0,0.0,5.0,0.0,32.4,34.0,30.0,5.0,,,,,,,,,,,,,,,left_only,,,False,,,False,,,False,,,False,,,False,,,False,,,False,,,False,,,False
LGro/PyAPSI,2025-01,control,c9fab4a6d79da320e3f810b477284cefd1419b7e,413.0,0.0,0.0,5.0,0.0,32.4,34.0,30.0,5.0,,,,,,,,,,,,,,,left_only,,,False,,,False,,,False,,,False,,,False,,,False,,,False,,,False,,,False
LGro/PyAPSI,2025-02,control,c9fab4a6d79da320e3f810b477284cefd1419b7e,413.0,0.0,0.0,5.0,0.0,32.4,34.0,30.0,5.0,,,,,,,,,,,,,,,left_only,,,False,,,False,,,False,,,False,,,False,,,False,,,False,,,False,,,False
LGro/PyAPSI,2025-03,control,c9fab4a6d79da320e3f810b477284cefd1419b7e,413.0,0.0,0.0,5.0,0.0,32.4,34.0,30.0,5.0,,,,,,,,,,,,,,,left_only,,,False,,,False,,,False,,,False,,,False,,,False,,,False,,,False,,,False
LGro/PyAPSI,2025-04,control,c9fab4a6d79da320e3f810b477284cefd1419b7e,413.0,0.0,0.0,5.0,0.0,32.4,34.0,30.0,5.0,,,,,,,,,,,,,,,left_only,,,False,,,False,,,False,,,False,,,False,,,False,,,False,,,False,,,False
LGro/PyAPSI,2025-05,control,c9fab4a6d79da320e3f810b477284cefd1419b7e,413.0,0.0,0.0,5.0,0.0,32.4,34.0,30.0,5.0,,,,,,,,,,,,,,,left_only,,,False,,,False,,,False,,,False,,,False,,,False,,,False,,,False,,,False
LGro/PyAPSI,2025-06,control,c9fab4a6d79da320e3f810b477284cefd1419b7e,413.0,0.0,0.0,5.0,0.0,32.4,34.0,30.0,5.0,,,,,,,,,,,,,,,left_only,,,False,,,False,,,False,,,False,,,False,,,False,,,False,,,False,,,False
LGro/PyAPSI,2025-07,control,c9fab4a6d79da320e3f810b477284cefd1419b7e,413.0,0.0,0.0,5.0,0.0,32.4,34.0,30.0,5.0,,,,,,,,,,,,,,,left_only,,,False,,,False,,,False,,,False,,,False,,,False,,,False,,,False,,,False
LGro/PyAPSI,2025-08,control,c9fab4a6d79da320e3f810b477284cefd1419b7e,413.0,0.0,0.0,5.0,0.0,32.4,34.0,30.0,5.0,,,,,,,,,,,,,,,left_only,,,False,,,False,,,False,,,False,,,False,,,False,,,False,,,False,,,False
LuneMods/KCD2-Blender-Toolkit,2025-04,control,c335231561e1327a43f7aac66357232fa83ee545,7632.0,18.0,0.0,278.0,5.6,6.4,1959.0,1835.0,296.0,,,,,,,,,,,,,,,left_only,,,False,,,False,,,False,,,False,,,False,,,False,,,False,,,False,,,False
LuneMods/KCD2-Blender-Toolkit,2025-05,control,c335231561e1327a43f7aac66357232fa83ee545,7632.0,18.0,0.0,278.0,5.6,6.4,1959.0,1835.0,296.0,,,,,,,,,,,,,,,left_only,,,False,,,False,,,False,,,False,,,False,,,False,,,False,,,False,,,False
LuneMods/KCD2-Blender-Toolkit,2025-06,control,c335231561e1327a43f7aac66357232fa83ee545,7632.0,18.0,0.0,278.0,5.6,6.4,1959.0,1835.0,296.0,,,,,,,,,,,,,,,left_only,,,False,,,False,,,False,,,False,,,False,,,False,,,False,,,False,,,False
LuneMods/KCD2-Blender-Toolkit,2025-07,control,c335231561e1327a43f7aac66357232fa83ee545,7632.0,18.0,0.0,278.0,5.6,6.4,1959.0,1835.0,296.0,,,,,,,,,,,,,,,left_only,,,False,,,False,,,False,,,False,,,False,,,False,,,False,,,False,,,False
LuneMods/KCD2-Blender-Toolkit,2025-08,control,c335231561e1327a43f7aac66357232fa83ee545,7632.0,18.0,0.0,278.0,5.6,6.4,1959.0,1835.0,296.0,,,,,,,,,,,,,,,left_only,,,False,,,False,,,False,,,False,,,False,,,False,,,False,,,False,,,False
MIT-Emerging-Talent/ET6-edXtras,2025-05,control,298895297e3070065b1d3a8f8b0ad1e0b80e2dfa,4809.0,28.0,0.0,98.0,26.8,36.0,1343.0,1310.0,126.0,,,,,,,,,,,,,,,left_only,,,False,,,False,,,False,,,False,,,False,,,False,,,False,,,False,,,False
MIT-Emerging-Talent/ET6-edXtras,2025-06,control,298895297e3070065b1d3a8f8b0ad1e0b80e2dfa,4809.0,28.0,0.0,98.0,26.8,36.0,1343.0,1310.0,126.0,,,,,,,,,,,,,,,left_only,,,False,,,False,,,False,,,False,,,False,,,False,,,False,,,False,,,False
MIT-Emerging-Talent/ET6-edXtras,2025-07,control,298895297e3070065b1d3a8f8b0ad1e0b80e2dfa,4809.0,28.0,0.0,98.0,26.8,36.0,1343.0,1310.0,126.0,,,,,,,,,,,,,,,left_only,,,False,,,False,,,False,,,False,,,False,,,False,,,False,,,False,,,False
MIT-Emerging-Talent/ET6-edXtras,2025-08,control,298895297e3070065b1d3a8f8b0ad1e0b80e2dfa,4809.0,28.0,0.0,98.0,26.8,36.0,1343.0,1310.0,126.0,,,,,,,,,,,,,,,left_only,,,False,,,False,,,False,,,False,,,False,,,False,,,False,,,False,,,False
Makopolo/megascan_houdini20.0_USD_plugin,2024-08,control,8136e2577c68bb305b707dba182a17b247d1f842,2497.0,0.0,0.0,795.0,19.3,6.2,566.0,2338.0,795.0,,,,,,,,,,,,,,,left_only,,,False,,,False,,,False,,,False,,,False,,,False,,,False,,,False,,,False
Makopolo/megascan_houdini20.0_USD_plugin,2024-09,control,8136e2577c68bb305b707dba182a17b247d1f842,2497.0,0.0,0.0,795.0,19.3,6.2,566.0,2338.0,795.0,,,,,,,,,,,,,,,left_only,,,False,,,False,,,False,,,False,,,False,,,False,,,False,,,False,,,False
Makopolo/megascan_houdini20.0_USD_plugin,2024-10,control,8136e2577c68bb305b707dba182a17b247d1f842,2497.0,0.0,0.0,795.0,19.3,6.2,566.0,2338.0,795.0,,,,,,,,,,,,,,,left_only,,,False,,,False,,,False,,,False,,,False,,,False,,,False,,,False,,,False
Makopolo/megascan_houdini20.0_USD_plugin,2024-11,control,8136e2577c68bb305b707dba182a17b247d1f842,2497.0,0.0,0.0,795.0,19.3,6.2,566.0,2338.0,795.0,,,,,,,,,,,,,,,left_only,,,False,,,False,,,False,,,False,,,False,,,False,,,False,,,False,,,False
Makopolo/megascan_houdini20.0_USD_plugin,2024-12,control,8136e2577c68bb305b707dba182a17b247d1f842,2497.0,0.0,0.0,795.0,19.3,6.2,566.0,2338.0,795.0,,,,,,,,,,,,,,,left_only,,,False,,,False,,,False,,,False,,,False,,,False,,,False,,,False,,,False
Makopolo/megascan_houdini20.0_USD_plugin,2025-01,control,8136e2577c68bb305b707dba182a17b247d1f842,2497.0,0.0,0.0,795.0,19.3,6.2,566.0,2338.0,795.0,,,,,,,,,,,,,,,left_only,,,False,,,False,,,False,,,False,,,False,,,False,,,False,,,False,,,False
Makopolo/megascan_houdini20.0_USD_plugin,2025-02,control,8136e2577c68bb305b707dba182a17b247d1f842,2497.0,0.0,0.0,795.0,19.3,6.2,566.0,2338.0,795.0,,,,,,,,,,,,,,,left_only,,,False,,,False,,,False,,,False,,,False,,,False,,,False,,,False,,,False
Makopolo/megascan_houdini20.0_USD_plugin,2025-03,control,8136e2577c68bb305b707dba182a17b247d1f842,2497.0,0.0,0.0,795.0,19.3,6.2,566.0,2338.0,795.0,,,,,,,,,,,,,,,left_only,,,False,,,False,,,False,,,False,,,False,,,False,,,False,,,False,,,False
Makopolo/megascan_houdini20.0_USD_plugin,2025-04,control,8136e2577c68bb305b707dba182a17b247d1f842,2497.0,0.0,0.0,795.0,19.3,6.2,566.0,2338.0,795.0,,,,,,,,,,,,,,,left_only,,,False,,,False,,,False,,,False,,,False,,,False,,,False,,,False,,,False
Makopolo/megascan_houdini20.0_USD_plugin,2025-05,control,8136e2577c68bb305b707dba182a17b247d1f842,2497.0,0.0,0.0,795.0,19.3,6.2,566.0,2338.0,795.0,,,,,,,,,,,,,,,left_only,,,False,,,False,,,False,,,False,,,False,,,False,,,False,,,False,,,False
Makopolo/megascan_houdini20.0_USD_plugin,2025-06,control,8136e2577c68bb305b707dba182a17b247d1f842,2497.0,0.0,0.0,795.0,19.3,6.2,566.0,2338.0,795.0,,,,,,,,,,,,,,,left_only,,,False,,,False,,,False,,,False,,,False,,,False,,,False,,,False,,,False
Makopolo/megascan_houdini20.0_USD_plugin,2025-07,control,8136e2577c68bb305b707dba182a17b247d1f842,2497.0,0.0,0.0,795.0,19.3,6.2,566.0,2338.0,795.0,,,,,,,,,,,,,,,left_only,,,False,,,False,,,False,,,False,,,False,,,False,,,False,,,False,,,False
Makopolo/megascan_houdini20.0_USD_plugin,2025-08,control,8136e2577c68bb305b707dba182a17b247d1f842,2497.0,0.0,0.0,795.0,19.3,6.2,566.0,2338.0,795.0,,,,,,,,,,,,,,,left_only,,,False,,,False,,,False,,,False,,,False,,,False,,,False,,,False,,,False
MalevichAI/malevich,2024-12,control,18e8b19a7506c7b51453be5726f3ad733279f7fe,14927.0,8.0,2.0,340.0,3.5,15.4,2787.0,3252.0,350.0,,,,,,,,,,,,,,,left_only,,,False,,,False,,,False,,,False,,,False,,,False,,,False,,,False,,,False
MalevichAI/malevich,2025-01,control,18e8b19a7506c7b51453be5726f3ad733279f7fe,14927.0,8.0,2.0,340.0,3.5,15.4,2787.0,3252.0,350.0,,,,,,,,,,,,,,,left_only,,,False,,,False,,,False,,,False,,,False,,,False,,,False,,,False,,,False
MalevichAI/malevich,2025-02,control,18e8b19a7506c7b51453be5726f3ad733279f7fe,14927.0,8.0,2.0,340.0,3.5,15.4,2787.0,3252.0,350.0,,,,,,,,,,,,,,,left_only,,,False,,,False,,,False,,,False,,,False,,,False,,,False,,,False,,,False
MalevichAI/malevich,2025-03,control,18e8b19a7506c7b51453be5726f3ad733279f7fe,14927.0,8.0,2.0,340.0,3.5,15.4,2787.0,3252.0,350.0,,,,,,,,,,,,,,,left_only,,,False,,,False,,,False,,,False,,,False,,,False,,,False,,,False,,,False
MalevichAI/malevich,2025-04,control,18e8b19a7506c7b51453be5726f3ad733279f7fe,14927.0,8.0,2.0,340.0,3.5,15.4,2787.0,3252.0,350.0,,,,,,,,,,,,,,,left_only,,,False,,,False,,,False,,,False,,,False,,,False,,,False,,,False,,,False
MalevichAI/malevich,2025-05,control,18e8b19a7506c7b51453be5726f3ad733279f7fe,14927.0,8.0,2.0,340.0,3.5,15.4,2787.0,3252.0,350.0,,,,,,,,,,,,,,,left_only,,,False,,,False,,,False,,,False,,,False,,,False,,,False,,,False,,,False
MalevichAI/malevich,2025-06,control,18e8b19a7506c7b51453be5726f3ad733279f7fe,14927.0,8.0,2.0,340.0,3.5,15.4,2787.0,3252.0,350.0,,,,,,,,,,,,,,,left_only,,,False,,,False,,,False,,,False,,,False,,,False,,,False,,,False,,,False
MalevichAI/malevich,2025-07,control,18e8b19a7506c7b51453be5726f3ad733279f7fe,14927.0,8.0,2.0,340.0,3.5,15.4,2787.0,3252.0,350.0,,,,,,,,,,,,,,,left_only,,,False,,,False,,,False,,,False,,,False,,,False,,,False,,,False,,,False
MalevichAI/malevich,2025-08,control,18e8b19a7506c7b51453be5726f3ad733279f7fe,14927.0,8.0,2.0,340.0,3.5,15.4,2787.0,3252.0,350.0,,,,,,,,,,,,,,,left_only,,,False,,,False,,,False,,,False,,,False,,,False,,,False,,,False,,,False
MingSun-Tse/LightAvatar-TensorFlow,2024-12,control,3994bf5aa77460a57e943805ace5ca2d2d0b287f,2147.0,2.0,3.0,58.0,7.7,28.1,299.0,403.0,63.0,,,,,,,,,,,,,,,left_only,,,False,,,False,,,False,,,False,,,False,,,False,,,False,,,False,,,False
MingSun-Tse/LightAvatar-TensorFlow,2025-01,control,3994bf5aa77460a57e943805ace5ca2d2d0b287f,2147.0,2.0,3.0,58.0,7.7,28.1,299.0,403.0,63.0,,,,,,,,,,,,,,,left_only,,,False,,,False,,,False,,,False,,,False,,,False,,,False,,,False,,,False
MingSun-Tse/LightAvatar-TensorFlow,2025-02,control,3994bf5aa77460a57e943805ace5ca2d2d0b287f,2147.0,2.0,3.0,58.0,7.7,28.1,299.0,403.0,63.0,,,,,,,,,,,,,,,left_only,,,False,,,False,,,False,,,False,,,False,,,False,,,False,,,False,,,False
MingSun-Tse/LightAvatar-TensorFlow,2025-03,control,3994bf5aa77460a57e943805ace5ca2d2d0b287f,2147.0,2.0,3.0,58.0,7.7,28.1,299.0,403.0,63.0,,,,,,,,,,,,,,,left_only,,,False,,,False,,,False,,,False,,,False,,,False,,,False,,,False,,,False
MingSun-Tse/LightAvatar-TensorFlow,2025-04,control,3994bf5aa77460a57e943805ace5ca2d2d0b287f,2147.0,2.0,3.0,58.0,7.7,28.1,299.0,403.0,63.0,,,,,,,,,,,,,,,left_only,,,False,,,False,,,False,,,False,,,False,,,False,,,False,,,False,,,False
MingSun-Tse/LightAvatar-TensorFlow,2025-05,control,3994bf5aa77460a57e943805ace5ca2d2d0b287f,2147.0,2.0,3.0,58.0,7.7,28.1,299.0,403.0,63.0,,,,,,,,,,,,,,,left_only,,,False,,,False,,,False,,,False,,,False,,,False,,,False,,,False,,,False
MingSun-Tse/LightAvatar-TensorFlow,2025-06,control,3994bf5aa77460a57e943805ace5ca2d2d0b287f,2147.0,2.0,3.0,58.0,7.7,28.1,299.0,403.0,63.0,,,,,,,,,,,,,,,left_only,,,False,,,False,,,False,,,False,,,False,,,False,,,False,,,False,,,False
MingSun-Tse/LightAvatar-TensorFlow,2025-07,control,3994bf5aa77460a57e943805ace5ca2d2d0b287f,2147.0,2.0,3.0,58.0,7.7,28.1,299.0,403.0,63.0,,,,,,,,,,,,,,,left_only,,,False,,,False,,,False,,,False,,,False,,,False,,,False,,,False,,,False
MingSun-Tse/LightAvatar-TensorFlow,2025-08,control,3994bf5aa77460a57e943805ace5ca2d2d0b287f,2147.0,2.0,3.0,58.0,7.7,28.1,299.0,403.0,63.0,,,,,,,,,,,,,,,left_only,,,False,,,False,,,False,,,False,,,False,,,False,,,False,,,False,,,False
MrTimonM/Arichain-Bot,2025-02,control,cafdbd057dca6e6a29a6079472ea502b67e6a9af,186.0,0.0,0.0,1.0,0.0,0.0,57.0,5.0,1.0,,,,,,,,,,,,,,,left_only,,,False,,,False,,,False,,,False,,,False,,,False,,,False,,,False,,,False
MrTimonM/Arichain-Bot,2025-03,control,cafdbd057dca6e6a29a6079472ea502b67e6a9af,186.0,0.0,0.0,1.0,0.0,0.0,57.0,5.0,1.0,,,,,,,,,,,,,,,left_only,,,False,,,False,,,False,,,False,,,False,,,False,,,False,,,False,,,False
MrTimonM/Arichain-Bot,2025-04,control,cafdbd057dca6e6a29a6079472ea502b67e6a9af,186.0,0.0,0.0,1.0,0.0,0.0,57.0,5.0,1.0,,,,,,,,,,,,,,,left_only,,,False,,,False,,,False,,,False,,,False,,,False,,,False,,,False,,,False
MrTimonM/Arichain-Bot,2025-05,control,cafdbd057dca6e6a29a6079472ea502b67e6a9af,186.0,0.0,0.0,1.0,0.0,0.0,57.0,5.0,1.0,,,,,,,,,,,,,,,left_only,,,False,,,False,,,False,,,False,,,False,,,False,,,False,,,False,,,False
MrTimonM/Arichain-Bot,2025-06,control,cafdbd057dca6e6a29a6079472ea502b67e6a9af,186.0,0.0,0.0,1.0,0.0,0.0,57.0,5.0,1.0,,,,,,,,,,,,,,,left_only,,,False,,,False,,,False,,,False,,,False,,,False,,,False,,,False,,,False
MrTimonM/Arichain-Bot,2025-07,control,cafdbd057dca6e6a29a6079472ea502b67e6a9af,186.0,0.0,0.0,1.0,0.0,0.0,57.0,5.0,1.0,,,,,,,,,,,,,,,left_only,,,False,,,False,,,False,,,False,,,False,,,False,,,False,,,False,,,False
MrTimonM/Arichain-Bot,2025-08,control,cafdbd057dca6e6a29a6079472ea502b67e6a9af,186.0,0.0,0.0,1.0,0.0,0.0,57.0,5.0,1.0,,,,,,,,,,,,,,,left_only,,,False,,,False,,,False,,,False,,,False,,,False,,,False,,,False,,,False
PhilNad/robot-arm-kinematic-calibration,2025-04,control,0f26b06be69ce3d41d97d259aef577831d7fc741,567.0,0.0,0.0,39.0,2.5,42.4,116.0,160.0,39.0,,,,,,,,,,,,,,,left_only,,,False,,,False,,,False,,,False,,,False,,,False,,,False,,,False,,,False
PhilNad/robot-arm-kinematic-calibration,2025-05,control,0f26b06be69ce3d41d97d259aef577831d7fc741,567.0,0.0,0.0,39.0,2.5,42.4,116.0,160.0,39.0,,,,,,,,,,,,,,,left_only,,,False,,,False,,,False,,,False,,,False,,,False,,,False,,,False,,,False
PhilNad/robot-arm-kinematic-calibration,2025-06,control,0f26b06be69ce3d41d97d259aef577831d7fc741,567.0,0.0,0.0,39.0,2.5,42.4,116.0,160.0,39.0,,,,,,,,,,,,,,,left_only,,,False,,,False,,,False,,,False,,,False,,,False,,,False,,,False,,,False
PhilNad/robot-arm-kinematic-calibration,2025-07,control,0f26b06be69ce3d41d97d259aef577831d7fc741,567.0,0.0,0.0,39.0,2.5,42.4,116.0,160.0,39.0,,,,,,,,,,,,,,,left_only,,,False,,,False,,,False,,,False,,,False,,,False,,,False,,,False,,,False
PhilNad/robot-arm-kinematic-calibration,2025-08,control,0f26b06be69ce3d41d97d259aef577831d7fc741,567.0,0.0,0.0,39.0,2.5,42.4,116.0,160.0,39.0,,,,,,,,,,,,,,,left_only,,,False,,,False,,,False,,,False,,,False,,,False,,,False,,,False,,,False
PromtEngineer/localGPT,2025-08,control,47e59d29fc39b495aa7c5db0bc7b24a2d50eac31,12420.0,2.0,0.0,215.0,3.7,11.6,2731.0,1726.0,217.0,,,,,,,,,,,,,,,left_only,,,False,,,False,,,False,,,False,,,False,,,False,,,False,,,False,,,False
R0uter/ss.conf-for-surge,2024-08,control,d9469ef5b524d25b6a93c130fad76a5f721b8656,231.0,0.0,0.0,13.0,0.0,6.5,29.0,63.0,13.0,,,,,,,,,,,,,,,left_only,,,False,,,False,,,False,,,False,,,False,,,False,,,False,,,False,,,False
R0uter/ss.conf-for-surge,2024-09,control,d9469ef5b524d25b6a93c130fad76a5f721b8656,231.0,0.0,0.0,13.0,0.0,6.5,29.0,63.0,13.0,,,,,,,,,,,,,,,left_only,,,False,,,False,,,False,,,False,,,False,,,False,,,False,,,False,,,False
R0uter/ss.conf-for-surge,2024-10,control,d9469ef5b524d25b6a93c130fad76a5f721b8656,231.0,0.0,0.0,13.0,0.0,6.5,29.0,63.0,13.0,,,,,,,,,,,,,,,left_only,,,False,,,False,,,False,,,False,,,False,,,False,,,False,,,False,,,False
R0uter/ss.conf-for-surge,2024-11,control,d9469ef5b524d25b6a93c130fad76a5f721b8656,231.0,0.0,0.0,13.0,0.0,6.5,29.0,63.0,13.0,,,,,,,,,,,,,,,left_only,,,False,,,False,,,False,,,False,,,False,,,False,,,False,,,False,,,False
R0uter/ss.conf-for-surge,2024-12,control,d9469ef5b524d25b6a93c130fad76a5f721b8656,231.0,0.0,0.0,13.0,0.0,6.5,29.0,63.0,13.0,,,,,,,,,,,,,,,left_only,,,False,,,False,,,False,,,False,,,False,,,False,,,False,,,False,,,False
R0uter/ss.conf-for-surge,2025-01,control,d9469ef5b524d25b6a93c130fad76a5f721b8656,231.0,0.0,0.0,13.0,0.0,6.5,29.0,63.0,13.0,,,,,,,,,,,,,,,left_only,,,False,,,False,,,False,,,False,,,False,,,False,,,False,,,False,,,False
R0uter/ss.conf-for-surge,2025-02,control,d9469ef5b524d25b6a93c130fad76a5f721b8656,231.0,0.0,0.0,13.0,0.0,6.5,29.0,63.0,13.0,,,,,,,,,,,,,,,left_only,,,False,,,False,,,False,,,False,,,False,,,False,,,False,,,False,,,False
R0uter/ss.conf-for-surge,2025-03,control,d9469ef5b524d25b6a93c130fad76a5f721b8656,231.0,0.0,0.0,13.0,0.0,6.5,29.0,63.0,13.0,,,,,,,,,,,,,,,left_only,,,False,,,False,,,False,,,False,,,False,,,False,,,False,,,False,,,False
R0uter/ss.conf-for-surge,2025-04,control,d9469ef5b524d25b6a93c130fad76a5f721b8656,231.0,0.0,0.0,13.0,0.0,6.5,29.0,63.0,13.0,,,,,,,,,,,,,,,left_only,,,False,,,False,,,False,,,False,,,False,,,False,,,False,,,False,,,False
R0uter/ss.conf-for-surge,2025-05,control,d9469ef5b524d25b6a93c130fad76a5f721b8656,231.0,0.0,0.0,13.0,0.0,6.5,29.0,63.0,13.0,,,,,,,,,,,,,,,left_only,,,False,,,False,,,False,,,False,,,False,,,False,,,False,,,False,,,False
R0uter/ss.conf-for-surge,2025-06,control,d9469ef5b524d25b6a93c130fad76a5f721b8656,231.0,0.0,0.0,13.0,0.0,6.5,29.0,63.0,13.0,,,,,,,,,,,,,,,left_only,,,False,,,False,,,False,,,False,,,False,,,False,,,False,,,False,,,False
R0uter/ss.conf-for-surge,2025-07,control,d9469ef5b524d25b6a93c130fad76a5f721b8656,231.0,0.0,0.0,13.0,0.0,6.5,29.0,63.0,13.0,,,,,,,,,,,,,,,left_only,,,False,,,False,,,False,,,False,,,False,,,False,,,False,,,False,,,False
R0uter/ss.conf-for-surge,2025-08,control,d9469ef5b524d25b6a93c130fad76a5f721b8656,231.0,0.0,0.0,13.0,0.0,6.5,29.0,63.0,13.0,,,,,,,,,,,,,,,left_only,,,False,,,False,,,False,,,False,,,False,,,False,,,False,,,False,,,False
Retmon403/cs2_cheats_for_python,2025-04,control,a5b73bc8014e3bf68867c4fb0a48f2609678349b,1007.0,6.0,0.0,93.0,0.0,4.6,321.0,550.0,99.0,,,,,,,,,,,,,,,left_only,,,False,,,False,,,False,,,False,,,False,,,False,,,False,,,False,,,False
Retmon403/cs2_cheats_for_python,2025-05,control,a5b73bc8014e3bf68867c4fb0a48f2609678349b,1007.0,6.0,0.0,93.0,0.0,4.6,321.0,550.0,99.0,,,,,,,,,,,,,,,left_only,,,False,,,False,,,False,,,False,,,False,,,False,,,False,,,False,,,False
Retmon403/cs2_cheats_for_python,2025-06,control,a5b73bc8014e3bf68867c4fb0a48f2609678349b,1007.0,6.0,0.0,93.0,0.0,4.6,321.0,550.0,99.0,,,,,,,,,,,,,,,left_only,,,False,,,False,,,False,,,False,,,False,,,False,,,False,,,False,,,False
Retmon403/cs2_cheats_for_python,2025-07,control,a5b73bc8014e3bf68867c4fb0a48f2609678349b,1007.0,6.0,0.0,93.0,0.0,4.6,321.0,550.0,99.0,,,,,,,,,,,,,,,left_only,,,False,,,False,,,False,,,False,,,False,,,False,,,False,,,False,,,False
Retmon403/cs2_cheats_for_python,2025-08,control,a5b73bc8014e3bf68867c4fb0a48f2609678349b,1007.0,6.0,0.0,93.0,0.0,4.6,321.0,550.0,99.0,,,,,,,,,,,,,,,left_only,,,False,,,False,,,False,,,False,,,False,,,False,,,False,,,False,,,False
RobinWu218/ToST,2025-03,control,071ea98ffc84b4e4eb4f0c1167eae90b2bd11dd9,3568.0,2.0,10.0,154.0,17.4,20.7,612.0,862.0,166.0,,,,,,,,,,,,,,,left_only,,,False,,,False,,,False,,,False,,,False,,,False,,,False,,,False,,,False
RobinWu218/ToST,2025-04,control,071ea98ffc84b4e4eb4f0c1167eae90b2bd11dd9,3568.0,2.0,10.0,154.0,17.4,20.7,612.0,862.0,166.0,,,,,,,,,,,,,,,left_only,,,False,,,False,,,False,,,False,,,False,,,False,,,False,,,False,,,False
RobinWu218/ToST,2025-05,control,071ea98ffc84b4e4eb4f0c1167eae90b2bd11dd9,3568.0,2.0,10.0,154.0,17.4,20.7,612.0,862.0,166.0,,,,,,,,,,,,,,,left_only,,,False,,,False,,,False,,,False,,,False,,,False,,,False,,,False,,,False
RobinWu218/ToST,2025-06,control,071ea98ffc84b4e4eb4f0c1167eae90b2bd11dd9,3568.0,2.0,10.0,154.0,17.4,20.7,612.0,862.0,166.0,,,,,,,,,,,,,,,left_only,,,False,,,False,,,False,,,False,,,False,,,False,,,False,,,False,,,False
RobinWu218/ToST,2025-07,control,071ea98ffc84b4e4eb4f0c1167eae90b2bd11dd9,3568.0,2.0,10.0,154.0,17.4,20.7,612.0,862.0,166.0,,,,,,,,,,,,,,,left_only,,,False,,,False,,,False,,,False,,,False,,,False,,,False,,,False,,,False
RobinWu218/ToST,2025-08,control,071ea98ffc84b4e4eb4f0c1167eae90b2bd11dd9,3568.0,2.0,10.0,154.0,17.4,20.7,612.0,862.0,166.0,,,,,,,,,,,,,,,left_only,,,False,,,False,,,False,,,False,,,False,,,False,,,False,,,False,,,False
SEU-ProactiveSecurity-Group/LLM-PD,2025-05,control,fb34fb8051c2f0b2c1dc05a5cd73d5ebb516846b,1463.0,0.0,0.0,32.0,4.4,6.3,353.0,355.0,32.0,,,,,,,,,,,,,,,left_only,,,False,,,False,,,False,,,False,,,False,,,False,,,False,,,False,,,False
SEU-ProactiveSecurity-Group/LLM-PD,2025-06,control,fb34fb8051c2f0b2c1dc05a5cd73d5ebb516846b,1463.0,0.0,0.0,32.0,4.4,6.3,353.0,355.0,32.0,,,,,,,,,,,,,,,left_only,,,False,,,False,,,False,,,False,,,False,,,False,,,False,,,False,,,False
SEU-ProactiveSecurity-Group/LLM-PD,2025-07,control,fb34fb8051c2f0b2c1dc05a5cd73d5ebb516846b,1463.0,0.0,0.0,32.0,4.4,6.3,353.0,355.0,32.0,,,,,,,,,,,,,,,left_only,,,False,,,False,,,False,,,False,,,False,,,False,,,False,,,False,,,False
SEU-ProactiveSecurity-Group/LLM-PD,2025-08,control,fb34fb8051c2f0b2c1dc05a5cd73d5ebb516846b,1463.0,0.0,0.0,32.0,4.4,6.3,353.0,355.0,32.0,,,,,,,,,,,,,,,left_only,,,False,,,False,,,False,,,False,,,False,,,False,,,False,,,False,,,False
Simatwa/free-proxies,2024-06,control,fdd490af05ae58201c34e1286a8e898419460735,362.0,1.0,0.0,8.0,0.0,7.9,61.0,45.0,9.0,,,,,,,,,,,,,,,left_only,,,False,,,False,,,False,,,False,,,False,,,False,,,False,,,False,,,False
Simatwa/free-proxies,2024-07,control,86281d7ab10e8570d615c16f36e4819213635a54,362.0,1.0,0.0,8.0,0.0,7.9,61.0,45.0,9.0,,,,,,,,,,,,,,,left_only,,,False,,,False,,,False,,,False,,,False,,,False,,,False,,,False,,,False
Simatwa/free-proxies,2024-08,control,69c3789c3ed2e77c43456bbff38f6f16eeb4b5a6,362.0,1.0,0.0,8.0,0.0,7.9,61.0,45.0,9.0,,,,,,,,,,,,,,,left_only,,,False,,,False,,,False,,,False,,,False,,,False,,,False,,,False,,,False
Simatwa/free-proxies,2024-09,control,80dc746a3c27bd5403b8df7b6231e764fde12bab,362.0,1.0,0.0,8.0,0.0,7.9,61.0,45.0,9.0,,,,,,,,,,,,,,,left_only,,,False,,,False,,,False,,,False,,,False,,,False,,,False,,,False,,,False
Simatwa/free-proxies,2024-10,control,07fe5d4f43bdfb7ca19ddb75da73d6d71fd0d84d,362.0,1.0,0.0,8.0,0.0,7.9,61.0,45.0,9.0,,,,,,,,,,,,,,,left_only,,,False,,,False,,,False,,,False,,,False,,,False,,,False,,,False,,,False
Simatwa/free-proxies,2024-11,control,d683920794eb6f7e81f847cb7c28075b40449cab,362.0,1.0,0.0,8.0,0.0,7.9,61.0,45.0,9.0,,,,,,,,,,,,,,,left_only,,,False,,,False,,,False,,,False,,,False,,,False,,,False,,,False,,,False
Simatwa/free-proxies,2024-12,control,d683920794eb6f7e81f847cb7c28075b40449cab,362.0,1.0,0.0,8.0,0.0,7.9,61.0,45.0,9.0,,,,,,,,,,,,,,,left_only,,,False,,,False,,,False,,,False,,,False,,,False,,,False,,,False,,,False
Simatwa/free-proxies,2025-01,control,d683920794eb6f7e81f847cb7c28075b40449cab,362.0,1.0,0.0,8.0,0.0,7.9,61.0,45.0,9.0,,,,,,,,,,,,,,,left_only,,,False,,,False,,,False,,,False,,,False,,,False,,,False,,,False,,,False
Simatwa/free-proxies,2025-02,control,d683920794eb6f7e81f847cb7c28075b40449cab,362.0,1.0,0.0,8.0,0.0,7.9,61.0,45.0,9.0,,,,,,,,,,,,,,,left_only,,,False,,,False,,,False,,,False,,,False,,,False,,,False,,,False,,,False
Simatwa/free-proxies,2025-03,control,d683920794eb6f7e81f847cb7c28075b40449cab,362.0,1.0,0.0,8.0,0.0,7.9,61.0,45.0,9.0,,,,,,,,,,,,,,,left_only,,,False,,,False,,,False,,,False,,,False,,,False,,,False,,,False,,,False
Simatwa/free-proxies,2025-04,control,d683920794eb6f7e81f847cb7c28075b40449cab,362.0,1.0,0.0,8.0,0.0,7.9,61.0,45.0,9.0,,,,,,,,,,,,,,,left_only,,,False,,,False,,,False,,,False,,,False,,,False,,,False,,,False,,,False
Simatwa/free-proxies,2025-05,control,d683920794eb6f7e81f847cb7c28075b40449cab,362.0,1.0,0.0,8.0,0.0,7.9,61.0,45.0,9.0,,,,,,,,,,,,,,,left_only,,,False,,,False,,,False,,,False,,,False,,,False,,,False,,,False,,,False
Simatwa/free-proxies,2025-06,control,d683920794eb6f7e81f847cb7c28075b40449cab,362.0,1.0,0.0,8.0,0.0,7.9,61.0,45.0,9.0,,,,,,,,,,,,,,,left_only,,,False,,,False,,,False,,,False,,,False,,,False,,,False,,,False,,,False
Simatwa/free-proxies,2025-07,control,d683920794eb6f7e81f847cb7c28075b40449cab,362.0,1.0,0.0,8.0,0.0,7.9,61.0,45.0,9.0,,,,,,,,,,,,,,,left_only,,,False,,,False,,,False,,,False,,,False,,,False,,,False,,,False,,,False
Simatwa/free-proxies,2025-08,control,49b89c45aacf743c617b06a52d39a9df47812aec,362.0,1.0,0.0,8.0,0.0,7.9,61.0,45.0,9.0,,,,,,,,,,,,,,,left_only,,,False,,,False,,,False,,,False,,,False,,,False,,,False,,,False,,,False
The-WhiteRabbit/dnfm_server,2024-09,control,27aef2893d5aafe85066fdc682f9ef1bc5fce2d6,924.0,6.0,0.0,33.0,28.3,21.4,212.0,330.0,39.0,,,,,,,,,,,,,,,left_only,,,False,,,False,,,False,,,False,,,False,,,False,,,False,,,False,,,False
The-WhiteRabbit/dnfm_server,2024-10,control,27aef2893d5aafe85066fdc682f9ef1bc5fce2d6,924.0,6.0,0.0,33.0,28.3,21.4,212.0,330.0,39.0,,,,,,,,,,,,,,,left_only,,,False,,,False,,,False,,,False,,,False,,,False,,,False,,,False,,,False
The-WhiteRabbit/dnfm_server,2024-11,control,27aef2893d5aafe85066fdc682f9ef1bc5fce2d6,924.0,6.0,0.0,33.0,28.3,21.4,212.0,330.0,39.0,,,,,,,,,,,,,,,left_only,,,False,,,False,,,False,,,False,,,False,,,False,,,False,,,False,,,False
The-WhiteRabbit/dnfm_server,2024-12,control,27aef2893d5aafe85066fdc682f9ef1bc5fce2d6,924.0,6.0,0.0,33.0,28.3,21.4,212.0,330.0,39.0,,,,,,,,,,,,,,,left_only,,,False,,,False,,,False,,,False,,,False,,,False,,,False,,,False,,,False
The-WhiteRabbit/dnfm_server,2025-01,control,27aef2893d5aafe85066fdc682f9ef1bc5fce2d6,924.0,6.0,0.0,33.0,28.3,21.4,212.0,330.0,39.0,,,,,,,,,,,,,,,left_only,,,False,,,False,,,False,,,False,,,False,,,False,,,False,,,False,,,False
The-WhiteRabbit/dnfm_server,2025-02,control,27aef2893d5aafe85066fdc682f9ef1bc5fce2d6,924.0,6.0,0.0,33.0,28.3,21.4,212.0,330.0,39.0,,,,,,,,,,,,,,,left_only,,,False,,,False,,,False,,,False,,,False,,,False,,,False,,,False,,,False
The-WhiteRabbit/dnfm_server,2025-03,control,27aef2893d5aafe85066fdc682f9ef1bc5fce2d6,924.0,6.0,0.0,33.0,28.3,21.4,212.0,330.0,39.0,,,,,,,,,,,,,,,left_only,,,False,,,False,,,False,,,False,,,False,,,False,,,False,,,False,,,False
The-WhiteRabbit/dnfm_server,2025-04,control,27aef2893d5aafe85066fdc682f9ef1bc5fce2d6,924.0,6.0,0.0,33.0,28.3,21.4,212.0,330.0,39.0,,,,,,,,,,,,,,,left_only,,,False,,,False,,,False,,,False,,,False,,,False,,,False,,,False,,,False
The-WhiteRabbit/dnfm_server,2025-05,control,27aef2893d5aafe85066fdc682f9ef1bc5fce2d6,924.0,6.0,0.0,33.0,28.3,21.4,212.0,330.0,39.0,,,,,,,,,,,,,,,left_only,,,False,,,False,,,False,,,False,,,False,,,False,,,False,,,False,,,False
The-WhiteRabbit/dnfm_server,2025-06,control,27aef2893d5aafe85066fdc682f9ef1bc5fce2d6,924.0,6.0,0.0,33.0,28.3,21.4,212.0,330.0,39.0,,,,,,,,,,,,,,,left_only,,,False,,,False,,,False,,,False,,,False,,,False,,,False,,,False,,,False
The-WhiteRabbit/dnfm_server,2025-07,control,27aef2893d5aafe85066fdc682f9ef1bc5fce2d6,924.0,6.0,0.0,33.0,28.3,21.4,212.0,330.0,39.0,,,,,,,,,,,,,,,left_only,,,False,,,False,,,False,,,False,,,False,,,False,,,False,,,False,,,False
The-WhiteRabbit/dnfm_server,2025-08,control,27aef2893d5aafe85066fdc682f9ef1bc5fce2d6,924.0,6.0,0.0,33.0,28.3,21.4,212.0,330.0,39.0,,,,,,,,,,,,,,,left_only,,,False,,,False,,,False,,,False,,,False,,,False,,,False,,,False,,,False
TheFocusedCoder/api-agent,2024-09,control,f8ffde215c91238ab844dc60531b179d6067a211,67.0,0.0,0.0,1.0,0.0,8.2,1.0,5.0,1.0,,,,,,,,,,,,,,,left_only,,,False,,,False,,,False,,,False,,,False,,,False,,,False,,,False,,,False
TheFocusedCoder/api-agent,2024-10,control,f8ffde215c91238ab844dc60531b179d6067a211,67.0,0.0,0.0,1.0,0.0,8.2,1.0,5.0,1.0,,,,,,,,,,,,,,,left_only,,,False,,,False,,,False,,,False,,,False,,,False,,,False,,,False,,,False
TheFocusedCoder/api-agent,2024-11,control,f8ffde215c91238ab844dc60531b179d6067a211,67.0,0.0,0.0,1.0,0.0,8.2,1.0,5.0,1.0,,,,,,,,,,,,,,,left_only,,,False,,,False,,,False,,,False,,,False,,,False,,,False,,,False,,,False
TheFocusedCoder/api-agent,2024-12,control,f8ffde215c91238ab844dc60531b179d6067a211,67.0,0.0,0.0,1.0,0.0,8.2,1.0,5.0,1.0,,,,,,,,,,,,,,,left_only,,,False,,,False,,,False,,,False,,,False,,,False,,,False,,,False,,,False
TheFocusedCoder/api-agent,2025-01,control,f8ffde215c91238ab844dc60531b179d6067a211,67.0,0.0,0.0,1.0,0.0,8.2,1.0,5.0,1.0,,,,,,,,,,,,,,,left_only,,,False,,,False,,,False,,,False,,,False,,,False,,,False,,,False,,,False
TheFocusedCoder/api-agent,2025-02,control,f8ffde215c91238ab844dc60531b179d6067a211,67.0,0.0,0.0,1.0,0.0,8.2,1.0,5.0,1.0,,,,,,,,,,,,,,,left_only,,,False,,,False,,,False,,,False,,,False,,,False,,,False,,,False,,,False
TheFocusedCoder/api-agent,2025-03,control,f8ffde215c91238ab844dc60531b179d6067a211,67.0,0.0,0.0,1.0,0.0,8.2,1.0,5.0,1.0,,,,,,,,,,,,,,,left_only,,,False,,,False,,,False,,,False,,,False,,,False,,,False,,,False,,,False
TheFocusedCoder/api-agent,2025-04,control,f8ffde215c91238ab844dc60531b179d6067a211,67.0,0.0,0.0,1.0,0.0,8.2,1.0,5.0,1.0,,,,,,,,,,,,,,,left_only,,,False,,,False,,,False,,,False,,,False,,,False,,,False,,,False,,,False
TheFocusedCoder/api-agent,2025-05,control,f8ffde215c91238ab844dc60531b179d6067a211,67.0,0.0,0.0,1.0,0.0,8.2,1.0,5.0,1.0,,,,,,,,,,,,,,,left_only,,,False,,,False,,,False,,,False,,,False,,,False,,,False,,,False,,,False
TheFocusedCoder/api-agent,2025-06,control,f8ffde215c91238ab844dc60531b179d6067a211,67.0,0.0,0.0,1.0,0.0,8.2,1.0,5.0,1.0,,,,,,,,,,,,,,,left_only,,,False,,,False,,,False,,,False,,,False,,,False,,,False,,,False,,,False
TheFocusedCoder/api-agent,2025-07,control,f8ffde215c91238ab844dc60531b179d6067a211,67.0,0.0,0.0,1.0,0.0,8.2,1.0,5.0,1.0,,,,,,,,,,,,,,,left_only,,,False,,,False,,,False,,,False,,,False,,,False,,,False,,,False,,,False
TheFocusedCoder/api-agent,2025-08,control,f8ffde215c91238ab844dc60531b179d6067a211,67.0,0.0,0.0,1.0,0.0,8.2,1.0,5.0,1.0,,,,,,,,,,,,,,,left_only,,,False,,,False,,,False,,,False,,,False,,,False,,,False,,,False,,,False
TianxingChen/RoboTwin,2025-07,control,8f0222543082deaa21e09a1f5c68e43544cf3309,,0.0,0.0,0.0,,,,0.0,0.0,,,,,,,,,,,,,,,left_only,,,False,,,False,,,False,,,False,,,False,,,False,,,False,,,False,,,False
TianxingChen/RoboTwin,2025-08,control,8f0222543082deaa21e09a1f5c68e43544cf3309,,0.0,0.0,0.0,,,,0.0,0.0,,,,,,,,,,,,,,,left_only,,,False,,,False,,,False,,,False,,,False,,,False,,,False,,,False,,,False
Wang-ML-Lab/unified-continual-learning,2025-02,control,b631651a1bc8e408cbf4d94bb3f4abb494c7b953,3650.0,2.0,2.0,107.0,9.0,18.8,402.0,492.0,111.0,,,,,,,,,,,,,,,left_only,,,False,,,False,,,False,,,False,,,False,,,False,,,False,,,False,,,False
Wang-ML-Lab/unified-continual-learning,2025-03,control,b631651a1bc8e408cbf4d94bb3f4abb494c7b953,3650.0,2.0,2.0,107.0,9.0,18.8,402.0,492.0,111.0,,,,,,,,,,,,,,,left_only,,,False,,,False,,,False,,,False,,,False,,,False,,,False,,,False,,,False
Wang-ML-Lab/unified-continual-learning,2025-04,control,b631651a1bc8e408cbf4d94bb3f4abb494c7b953,3650.0,2.0,2.0,107.0,9.0,18.8,402.0,492.0,111.0,,,,,,,,,,,,,,,left_only,,,False,,,False,,,False,,,False,,,False,,,False,,,False,,,False,,,False
Wang-ML-Lab/unified-continual-learning,2025-05,control,b631651a1bc8e408cbf4d94bb3f4abb494c7b953,3650.0,2.0,2.0,107.0,9.0,18.8,402.0,492.0,111.0,,,,,,,,,,,,,,,left_only,,,False,,,False,,,False,,,False,,,False,,,False,,,False,,,False,,,False
Wang-ML-Lab/unified-continual-learning,2025-06,control,b631651a1bc8e408cbf4d94bb3f4abb494c7b953,3650.0,2.0,2.0,107.0,9.0,18.8,402.0,492.0,111.0,,,,,,,,,,,,,,,left_only,,,False,,,False,,,False,,,False,,,False,,,False,,,False,,,False,,,False
Wang-ML-Lab/unified-continual-learning,2025-07,control,b631651a1bc8e408cbf4d94bb3f4abb494c7b953,3650.0,2.0,2.0,107.0,9.0,18.8,402.0,492.0,111.0,,,,,,,,,,,,,,,left_only,,,False,,,False,,,False,,,False,,,False,,,False,,,False,,,False,,,False
Wang-ML-Lab/unified-continual-learning,2025-08,control,b631651a1bc8e408cbf4d94bb3f4abb494c7b953,3650.0,2.0,2.0,107.0,9.0,18.8,402.0,492.0,111.0,,,,,,,,,,,,,,,left_only,,,False,,,False,,,False,,,False,,,False,,,False,,,False,,,False,,,False
aj47/100x-orchestrator,2025-03,control,4fede5d1be8abff710a702ee2ee324e4aa329ba3,3670.0,0.0,9.0,85.0,0.0,10.8,527.0,608.0,94.0,,,,,,,,,,,,,,,left_only,,,False,,,False,,,False,,,False,,,False,,,False,,,False,,,False,,,False
aj47/100x-orchestrator,2025-04,control,4fede5d1be8abff710a702ee2ee324e4aa329ba3,3670.0,0.0,9.0,85.0,0.0,10.8,527.0,608.0,94.0,,,,,,,,,,,,,,,left_only,,,False,,,False,,,False,,,False,,,False,,,False,,,False,,,False,,,False
aj47/100x-orchestrator,2025-05,control,4fede5d1be8abff710a702ee2ee324e4aa329ba3,3670.0,0.0,9.0,85.0,0.0,10.8,527.0,608.0,94.0,,,,,,,,,,,,,,,left_only,,,False,,,False,,,False,,,False,,,False,,,False,,,False,,,False,,,False
aj47/100x-orchestrator,2025-06,control,4fede5d1be8abff710a702ee2ee324e4aa329ba3,3670.0,0.0,9.0,85.0,0.0,10.8,527.0,608.0,94.0,,,,,,,,,,,,,,,left_only,,,False,,,False,,,False,,,False,,,False,,,False,,,False,,,False,,,False
aj47/100x-orchestrator,2025-07,control,4fede5d1be8abff710a702ee2ee324e4aa329ba3,3670.0,0.0,9.0,85.0,0.0,10.8,527.0,608.0,94.0,,,,,,,,,,,,,,,left_only,,,False,,,False,,,False,,,False,,,False,,,False,,,False,,,False,,,False
aj47/100x-orchestrator,2025-08,control,4fede5d1be8abff710a702ee2ee324e4aa329ba3,3670.0,0.0,9.0,85.0,0.0,10.8,527.0,608.0,94.0,,,,,,,,,,,,,,,left_only,,,False,,,False,,,False,,,False,,,False,,,False,,,False,,,False,,,False
ali-bahrainian/RAG_best_practices,2025-04,control,be7e7ac3532da61f47c1931c68b52f647267c608,669.0,0.0,0.0,15.0,0.0,37.5,161.0,75.0,15.0,,,,,,,,,,,,,,,left_only,,,False,,,False,,,False,,,False,,,False,,,False,,,False,,,False,,,False
ali-bahrainian/RAG_best_practices,2025-05,control,be7e7ac3532da61f47c1931c68b52f647267c608,669.0,0.0,0.0,15.0,0.0,37.5,161.0,75.0,15.0,,,,,,,,,,,,,,,left_only,,,False,,,False,,,False,,,False,,,False,,,False,,,False,,,False,,,False
ali-bahrainian/RAG_best_practices,2025-06,control,be7e7ac3532da61f47c1931c68b52f647267c608,669.0,0.0,0.0,15.0,0.0,37.5,161.0,75.0,15.0,,,,,,,,,,,,,,,left_only,,,False,,,False,,,False,,,False,,,False,,,False,,,False,,,False,,,False
ali-bahrainian/RAG_best_practices,2025-07,control,be7e7ac3532da61f47c1931c68b52f647267c608,669.0,0.0,0.0,15.0,0.0,37.5,161.0,75.0,15.0,,,,,,,,,,,,,,,left_only,,,False,,,False,,,False,,,False,,,False,,,False,,,False,,,False,,,False
ali-bahrainian/RAG_best_practices,2025-08,control,be7e7ac3532da61f47c1931c68b52f647267c608,669.0,0.0,0.0,15.0,0.0,37.5,161.0,75.0,15.0,,,,,,,,,,,,,,,left_only,,,False,,,False,,,False,,,False,,,False,,,False,,,False,,,False,,,False
aws-samples/aws-dms-cdc-data-pipeline,2025-02,control,4196a7c2072cee21b71315957f0007c61907d932,771.0,0.0,7.0,7.0,0.0,12.2,20.0,32.0,14.0,,,,,,,,,,,,,,,left_only,,,False,,,False,,,False,,,False,,,False,,,False,,,False,,,False,,,False
aws-samples/aws-dms-cdc-data-pipeline,2025-03,control,4196a7c2072cee21b71315957f0007c61907d932,771.0,0.0,7.0,7.0,0.0,12.2,20.0,32.0,14.0,,,,,,,,,,,,,,,left_only,,,False,,,False,,,False,,,False,,,False,,,False,,,False,,,False,,,False
aws-samples/aws-dms-cdc-data-pipeline,2025-04,control,4196a7c2072cee21b71315957f0007c61907d932,771.0,0.0,7.0,7.0,0.0,12.2,20.0,32.0,14.0,,,,,,,,,,,,,,,left_only,,,False,,,False,,,False,,,False,,,False,,,False,,,False,,,False,,,False
aws-samples/aws-dms-cdc-data-pipeline,2025-05,control,4196a7c2072cee21b71315957f0007c61907d932,771.0,0.0,7.0,7.0,0.0,12.2,20.0,32.0,14.0,,,,,,,,,,,,,,,left_only,,,False,,,False,,,False,,,False,,,False,,,False,,,False,,,False,,,False
aws-samples/aws-dms-cdc-data-pipeline,2025-06,control,4196a7c2072cee21b71315957f0007c61907d932,771.0,0.0,7.0,7.0,0.0,12.2,20.0,32.0,14.0,,,,,,,,,,,,,,,left_only,,,False,,,False,,,False,,,False,,,False,,,False,,,False,,,False,,,False
aws-samples/aws-dms-cdc-data-pipeline,2025-07,control,4196a7c2072cee21b71315957f0007c61907d932,771.0,0.0,7.0,7.0,0.0,12.2,20.0,32.0,14.0,,,,,,,,,,,,,,,left_only,,,False,,,False,,,False,,,False,,,False,,,False,,,False,,,False,,,False
aws-samples/aws-dms-cdc-data-pipeline,2025-08,control,4196a7c2072cee21b71315957f0007c61907d932,771.0,0.0,7.0,7.0,0.0,12.2,20.0,32.0,14.0,,,,,,,,,,,,,,,left_only,,,False,,,False,,,False,,,False,,,False,,,False,,,False,,,False,,,False
baaivision/EVE,2025-08,control,cc63ec74d9e5eb7f476c2e083eac087b2882f285,13865.0,6.0,8.0,274.0,41.1,13.1,3157.0,2088.0,288.0,,,,,,,,,,,,,,,left_only,,,False,,,False,,,False,,,False,,,False,,,False,,,False,,,False,,,False
caffeinedoom/reconthing,2024-12,control,63f6a888dcf040f261ad37f46356ce5dba6ec853,1688.0,3.0,1.0,48.0,2.1,6.1,243.0,259.0,52.0,,,,,,,,,,,,,,,left_only,,,False,,,False,,,False,,,False,,,False,,,False,,,False,,,False,,,False
caffeinedoom/reconthing,2025-01,control,63f6a888dcf040f261ad37f46356ce5dba6ec853,1688.0,3.0,1.0,48.0,2.1,6.1,243.0,259.0,52.0,,,,,,,,,,,,,,,left_only,,,False,,,False,,,False,,,False,,,False,,,False,,,False,,,False,,,False
caffeinedoom/reconthing,2025-02,control,63f6a888dcf040f261ad37f46356ce5dba6ec853,1688.0,3.0,1.0,48.0,2.1,6.1,243.0,259.0,52.0,,,,,,,,,,,,,,,left_only,,,False,,,False,,,False,,,False,,,False,,,False,,,False,,,False,,,False
caffeinedoom/reconthing,2025-03,control,63f6a888dcf040f261ad37f46356ce5dba6ec853,1688.0,3.0,1.0,48.0,2.1,6.1,243.0,259.0,52.0,,,,,,,,,,,,,,,left_only,,,False,,,False,,,False,,,False,,,False,,,False,,,False,,,False,,,False
caffeinedoom/reconthing,2025-04,control,63f6a888dcf040f261ad37f46356ce5dba6ec853,1688.0,3.0,1.0,48.0,2.1,6.1,243.0,259.0,52.0,,,,,,,,,,,,,,,left_only,,,False,,,False,,,False,,,False,,,False,,,False,,,False,,,False,,,False
caffeinedoom/reconthing,2025-05,control,63f6a888dcf040f261ad37f46356ce5dba6ec853,1688.0,3.0,1.0,48.0,2.1,6.1,243.0,259.0,52.0,,,,,,,,,,,,,,,left_only,,,False,,,False,,,False,,,False,,,False,,,False,,,False,,,False,,,False
caffeinedoom/reconthing,2025-06,control,63f6a888dcf040f261ad37f46356ce5dba6ec853,1688.0,3.0,1.0,48.0,2.1,6.1,243.0,259.0,52.0,,,,,,,,,,,,,,,left_only,,,False,,,False,,,False,,,False,,,False,,,False,,,False,,,False,,,False
caffeinedoom/reconthing,2025-07,control,63f6a888dcf040f261ad37f46356ce5dba6ec853,1688.0,3.0,1.0,48.0,2.1,6.1,243.0,259.0,52.0,,,,,,,,,,,,,,,left_only,,,False,,,False,,,False,,,False,,,False,,,False,,,False,,,False,,,False
caffeinedoom/reconthing,2025-08,control,63f6a888dcf040f261ad37f46356ce5dba6ec853,1688.0,3.0,1.0,48.0,2.1,6.1,243.0,259.0,52.0,,,,,,,,,,,,,,,left_only,,,False,,,False,,,False,,,False,,,False,,,False,,,False,,,False,,,False
cyb3rfortr3ss/ByDeF,2025-06,control,af0b596ed25048c90b6bdee88900c8fad8fcda6c,317.0,1.0,0.0,6.0,0.0,9.9,55.0,71.0,7.0,,,,,,,,,,,,,,,left_only,,,False,,,False,,,False,,,False,,,False,,,False,,,False,,,False,,,False
cyb3rfortr3ss/ByDeF,2025-07,control,af0b596ed25048c90b6bdee88900c8fad8fcda6c,317.0,1.0,0.0,6.0,0.0,9.9,55.0,71.0,7.0,,,,,,,,,,,,,,,left_only,,,False,,,False,,,False,,,False,,,False,,,False,,,False,,,False,,,False
cyb3rfortr3ss/ByDeF,2025-08,control,af0b596ed25048c90b6bdee88900c8fad8fcda6c,317.0,1.0,0.0,6.0,0.0,9.9,55.0,71.0,7.0,,,,,,,,,,,,,,,left_only,,,False,,,False,,,False,,,False,,,False,,,False,,,False,,,False,,,False
davidhandsome86/LLM_RAG,2024-04,control,87dcfc0ac2aedc2c0b4591d96a8c049af730d1cb,101.0,0.0,0.0,0.0,0.0,17.9,11.0,0.0,0.0,,,,,,,,,,,,,,,left_only,,,False,,,False,,,False,,,False,,,False,,,False,,,False,,,False,,,False
davidhandsome86/LLM_RAG,2024-05,control,87dcfc0ac2aedc2c0b4591d96a8c049af730d1cb,101.0,0.0,0.0,0.0,0.0,17.9,11.0,0.0,0.0,,,,,,,,,,,,,,,left_only,,,False,,,False,,,False,,,False,,,False,,,False,,,False,,,False,,,False
davidhandsome86/LLM_RAG,2024-06,control,87dcfc0ac2aedc2c0b4591d96a8c049af730d1cb,101.0,0.0,0.0,0.0,0.0,17.9,11.0,0.0,0.0,,,,,,,,,,,,,,,left_only,,,False,,,False,,,False,,,False,,,False,,,False,,,False,,,False,,,False
davidhandsome86/LLM_RAG,2024-07,control,87dcfc0ac2aedc2c0b4591d96a8c049af730d1cb,101.0,0.0,0.0,0.0,0.0,17.9,11.0,0.0,0.0,,,,,,,,,,,,,,,left_only,,,False,,,False,,,False,,,False,,,False,,,False,,,False,,,False,,,False
davidhandsome86/LLM_RAG,2024-08,control,87dcfc0ac2aedc2c0b4591d96a8c049af730d1cb,101.0,0.0,0.0,0.0,0.0,17.9,11.0,0.0,0.0,,,,,,,,,,,,,,,left_only,,,False,,,False,,,False,,,False,,,False,,,False,,,False,,,False,,,False
davidhandsome86/LLM_RAG,2024-09,control,87dcfc0ac2aedc2c0b4591d96a8c049af730d1cb,101.0,0.0,0.0,0.0,0.0,17.9,11.0,0.0,0.0,,,,,,,,,,,,,,,left_only,,,False,,,False,,,False,,,False,,,False,,,False,,,False,,,False,,,False
davidhandsome86/LLM_RAG,2024-10,control,87dcfc0ac2aedc2c0b4591d96a8c049af730d1cb,101.0,0.0,0.0,0.0,0.0,17.9,11.0,0.0,0.0,,,,,,,,,,,,,,,left_only,,,False,,,False,,,False,,,False,,,False,,,False,,,False,,,False,,,False
davidhandsome86/LLM_RAG,2024-11,control,87dcfc0ac2aedc2c0b4591d96a8c049af730d1cb,101.0,0.0,0.0,0.0,0.0,17.9,11.0,0.0,0.0,,,,,,,,,,,,,,,left_only,,,False,,,False,,,False,,,False,,,False,,,False,,,False,,,False,,,False
davidhandsome86/LLM_RAG,2024-12,control,87dcfc0ac2aedc2c0b4591d96a8c049af730d1cb,101.0,0.0,0.0,0.0,0.0,17.9,11.0,0.0,0.0,,,,,,,,,,,,,,,left_only,,,False,,,False,,,False,,,False,,,False,,,False,,,False,,,False,,,False
davidhandsome86/LLM_RAG,2025-01,control,87dcfc0ac2aedc2c0b4591d96a8c049af730d1cb,101.0,0.0,0.0,0.0,0.0,17.9,11.0,0.0,0.0,,,,,,,,,,,,,,,left_only,,,False,,,False,,,False,,,False,,,False,,,False,,,False,,,False,,,False
davidhandsome86/LLM_RAG,2025-02,control,87dcfc0ac2aedc2c0b4591d96a8c049af730d1cb,101.0,0.0,0.0,0.0,0.0,17.9,11.0,0.0,0.0,,,,,,,,,,,,,,,left_only,,,False,,,False,,,False,,,False,,,False,,,False,,,False,,,False,,,False
davidhandsome86/LLM_RAG,2025-03,control,87dcfc0ac2aedc2c0b4591d96a8c049af730d1cb,101.0,0.0,0.0,0.0,0.0,17.9,11.0,0.0,0.0,,,,,,,,,,,,,,,left_only,,,False,,,False,,,False,,,False,,,False,,,False,,,False,,,False,,,False
davidhandsome86/LLM_RAG,2025-04,control,87dcfc0ac2aedc2c0b4591d96a8c049af730d1cb,101.0,0.0,0.0,0.0,0.0,17.9,11.0,0.0,0.0,,,,,,,,,,,,,,,left_only,,,False,,,False,,,False,,,False,,,False,,,False,,,False,,,False,,,False
davidhandsome86/LLM_RAG,2025-05,control,87dcfc0ac2aedc2c0b4591d96a8c049af730d1cb,101.0,0.0,0.0,0.0,0.0,17.9,11.0,0.0,0.0,,,,,,,,,,,,,,,left_only,,,False,,,False,,,False,,,False,,,False,,,False,,,False,,,False,,,False
davidhandsome86/LLM_RAG,2025-06,control,87dcfc0ac2aedc2c0b4591d96a8c049af730d1cb,101.0,0.0,0.0,0.0,0.0,17.9,11.0,0.0,0.0,,,,,,,,,,,,,,,left_only,,,False,,,False,,,False,,,False,,,False,,,False,,,False,,,False,,,False
davidhandsome86/LLM_RAG,2025-07,control,87dcfc0ac2aedc2c0b4591d96a8c049af730d1cb,101.0,0.0,0.0,0.0,0.0,17.9,11.0,0.0,0.0,,,,,,,,,,,,,,,left_only,,,False,,,False,,,False,,,False,,,False,,,False,,,False,,,False,,,False
davidhandsome86/LLM_RAG,2025-08,control,87dcfc0ac2aedc2c0b4591d96a8c049af730d1cb,101.0,0.0,0.0,0.0,0.0,17.9,11.0,0.0,0.0,,,,,,,,,,,,,,,left_only,,,False,,,False,,,False,,,False,,,False,,,False,,,False,,,False,,,False
daxa-ai/pebblo,2025-07,control,0ecabf60c19de7cb4cefe66ee10940575860d193,19470.0,14.0,6.0,264.0,7.1,11.0,1620.0,1480.0,284.0,,,,,,,,,,,,,,,left_only,,,False,,,False,,,False,,,False,,,False,,,False,,,False,,,False,,,False
daxa-ai/pebblo,2025-08,control,0ecabf60c19de7cb4cefe66ee10940575860d193,19470.0,14.0,6.0,264.0,7.1,11.0,1620.0,1480.0,284.0,,,,,,,,,,,,,,,left_only,,,False,,,False,,,False,,,False,,,False,,,False,,,False,,,False,,,False
dimatura/pypcd,2024-08,control,6321080f704d3fa331b6b244daf55a6d774212f8,2447.0,3.0,0.0,86.0,0.0,24.6,566.0,436.0,89.0,,,,,,,,,,,,,,,left_only,,,False,,,False,,,False,,,False,,,False,,,False,,,False,,,False,,,False
dimatura/pypcd,2024-09,control,6321080f704d3fa331b6b244daf55a6d774212f8,2447.0,3.0,0.0,86.0,0.0,24.6,566.0,436.0,89.0,,,,,,,,,,,,,,,left_only,,,False,,,False,,,False,,,False,,,False,,,False,,,False,,,False,,,False
dimatura/pypcd,2024-10,control,6321080f704d3fa331b6b244daf55a6d774212f8,2447.0,3.0,0.0,86.0,0.0,24.6,566.0,436.0,89.0,,,,,,,,,,,,,,,left_only,,,False,,,False,,,False,,,False,,,False,,,False,,,False,,,False,,,False
dimatura/pypcd,2024-11,control,6321080f704d3fa331b6b244daf55a6d774212f8,2447.0,3.0,0.0,86.0,0.0,24.6,566.0,436.0,89.0,,,,,,,,,,,,,,,left_only,,,False,,,False,,,False,,,False,,,False,,,False,,,False,,,False,,,False
dimatura/pypcd,2024-12,control,6321080f704d3fa331b6b244daf55a6d774212f8,2447.0,3.0,0.0,86.0,0.0,24.6,566.0,436.0,89.0,,,,,,,,,,,,,,,left_only,,,False,,,False,,,False,,,False,,,False,,,False,,,False,,,False,,,False
dimatura/pypcd,2025-01,control,6321080f704d3fa331b6b244daf55a6d774212f8,2447.0,3.0,0.0,86.0,0.0,24.6,566.0,436.0,89.0,,,,,,,,,,,,,,,left_only,,,False,,,False,,,False,,,False,,,False,,,False,,,False,,,False,,,False
dimatura/pypcd,2025-02,control,6321080f704d3fa331b6b244daf55a6d774212f8,2447.0,3.0,0.0,86.0,0.0,24.6,566.0,436.0,89.0,,,,,,,,,,,,,,,left_only,,,False,,,False,,,False,,,False,,,False,,,False,,,False,,,False,,,False
dimatura/pypcd,2025-03,control,6321080f704d3fa331b6b244daf55a6d774212f8,2447.0,3.0,0.0,86.0,0.0,24.6,566.0,436.0,89.0,,,,,,,,,,,,,,,left_only,,,False,,,False,,,False,,,False,,,False,,,False,,,False,,,False,,,False
dimatura/pypcd,2025-04,control,6321080f704d3fa331b6b244daf55a6d774212f8,2447.0,3.0,0.0,86.0,0.0,24.6,566.0,436.0,89.0,,,,,,,,,,,,,,,left_only,,,False,,,False,,,False,,,False,,,False,,,False,,,False,,,False,,,False
dimatura/pypcd,2025-05,control,6321080f704d3fa331b6b244daf55a6d774212f8,2447.0,3.0,0.0,86.0,0.0,24.6,566.0,436.0,89.0,,,,,,,,,,,,,,,left_only,,,False,,,False,,,False,,,False,,,False,,,False,,,False,,,False,,,False
dimatura/pypcd,2025-06,control,6321080f704d3fa331b6b244daf55a6d774212f8,2447.0,3.0,0.0,86.0,0.0,24.6,566.0,436.0,89.0,,,,,,,,,,,,,,,left_only,,,False,,,False,,,False,,,False,,,False,,,False,,,False,,,False,,,False
dimatura/pypcd,2025-07,control,6321080f704d3fa331b6b244daf55a6d774212f8,2447.0,3.0,0.0,86.0,0.0,24.6,566.0,436.0,89.0,,,,,,,,,,,,,,,left_only,,,False,,,False,,,False,,,False,,,False,,,False,,,False,,,False,,,False
dimatura/pypcd,2025-08,control,6321080f704d3fa331b6b244daf55a6d774212f8,2447.0,3.0,0.0,86.0,0.0,24.6,566.0,436.0,89.0,,,,,,,,,,,,,,,left_only,,,False,,,False,,,False,,,False,,,False,,,False,,,False,,,False,,,False
djeada/Kurs-Podstaw-Pythona,2025-06,control,3f1204f499a377135708d6d85a82de2caf1b297a,3015.0,4.0,0.0,91.0,5.9,10.3,645.0,601.0,95.0,,,,,,,,,,,,,,,left_only,,,False,,,False,,,False,,,False,,,False,,,False,,,False,,,False,,,False
djeada/Kurs-Podstaw-Pythona,2025-07,control,3f1204f499a377135708d6d85a82de2caf1b297a,3015.0,4.0,0.0,91.0,5.9,10.3,645.0,601.0,95.0,,,,,,,,,,,,,,,left_only,,,False,,,False,,,False,,,False,,,False,,,False,,,False,,,False,,,False
djeada/Kurs-Podstaw-Pythona,2025-08,control,3f1204f499a377135708d6d85a82de2caf1b297a,3015.0,4.0,0.0,91.0,5.9,10.3,645.0,601.0,95.0,,,,,,,,,,,,,,,left_only,,,False,,,False,,,False,,,False,,,False,,,False,,,False,,,False,,,False
dottxt-ai/prompts,2025-08,control,d386a43d3e735a56bcbf616c484ffe7fa8ed9f22,229.0,0.0,0.0,0.0,0.0,47.7,2.0,0.0,0.0,,,,,,,,,,,,,,,left_only,,,False,,,False,,,False,,,False,,,False,,,False,,,False,,,False,,,False
emresen20/Pau-Bilgisayar-nots,2025-01,control,7f9b04eea476f6db0ef2c6249d975eff5cb64fcf,452.0,0.0,0.0,27.0,30.3,12.2,103.0,143.0,27.0,,,,,,,,,,,,,,,left_only,,,False,,,False,,,False,,,False,,,False,,,False,,,False,,,False,,,False
emresen20/Pau-Bilgisayar-nots,2025-02,control,7f9b04eea476f6db0ef2c6249d975eff5cb64fcf,452.0,0.0,0.0,27.0,30.3,12.2,103.0,143.0,27.0,,,,,,,,,,,,,,,left_only,,,False,,,False,,,False,,,False,,,False,,,False,,,False,,,False,,,False
emresen20/Pau-Bilgisayar-nots,2025-03,control,7f9b04eea476f6db0ef2c6249d975eff5cb64fcf,452.0,0.0,0.0,27.0,30.3,12.2,103.0,143.0,27.0,,,,,,,,,,,,,,,left_only,,,False,,,False,,,False,,,False,,,False,,,False,,,False,,,False,,,False
emresen20/Pau-Bilgisayar-nots,2025-04,control,7f9b04eea476f6db0ef2c6249d975eff5cb64fcf,452.0,0.0,0.0,27.0,30.3,12.2,103.0,143.0,27.0,,,,,,,,,,,,,,,left_only,,,False,,,False,,,False,,,False,,,False,,,False,,,False,,,False,,,False
emresen20/Pau-Bilgisayar-nots,2025-05,control,7f9b04eea476f6db0ef2c6249d975eff5cb64fcf,452.0,0.0,0.0,27.0,30.3,12.2,103.0,143.0,27.0,,,,,,,,,,,,,,,left_only,,,False,,,False,,,False,,,False,,,False,,,False,,,False,,,False,,,False
emresen20/Pau-Bilgisayar-nots,2025-06,control,7f9b04eea476f6db0ef2c6249d975eff5cb64fcf,452.0,0.0,0.0,27.0,30.3,12.2,103.0,143.0,27.0,,,,,,,,,,,,,,,left_only,,,False,,,False,,,False,,,False,,,False,,,False,,,False,,,False,,,False
emresen20/Pau-Bilgisayar-nots,2025-07,control,7f9b04eea476f6db0ef2c6249d975eff5cb64fcf,452.0,0.0,0.0,27.0,30.3,12.2,103.0,143.0,27.0,,,,,,,,,,,,,,,left_only,,,False,,,False,,,False,,,False,,,False,,,False,,,False,,,False,,,False
emresen20/Pau-Bilgisayar-nots,2025-08,control,7f9b04eea476f6db0ef2c6249d975eff5cb64fcf,452.0,0.0,0.0,27.0,30.3,12.2,103.0,143.0,27.0,,,,,,,,,,,,,,,left_only,,,False,,,False,,,False,,,False,,,False,,,False,,,False,,,False,,,False
itsKayWat/MindfulShift-2025,2025-01,control,62580ae5a421715874056e57a2b88ccf349dc137,709.0,1.0,0.0,3.0,0.0,7.2,22.0,17.0,4.0,,,,,,,,,,,,,,,left_only,,,False,,,False,,,False,,,False,,,False,,,False,,,False,,,False,,,False
itsKayWat/MindfulShift-2025,2025-02,control,62580ae5a421715874056e57a2b88ccf349dc137,709.0,1.0,0.0,3.0,0.0,7.2,22.0,17.0,4.0,,,,,,,,,,,,,,,left_only,,,False,,,False,,,False,,,False,,,False,,,False,,,False,,,False,,,False
itsKayWat/MindfulShift-2025,2025-03,control,62580ae5a421715874056e57a2b88ccf349dc137,709.0,1.0,0.0,3.0,0.0,7.2,22.0,17.0,4.0,,,,,,,,,,,,,,,left_only,,,False,,,False,,,False,,,False,,,False,,,False,,,False,,,False,,,False
itsKayWat/MindfulShift-2025,2025-04,control,62580ae5a421715874056e57a2b88ccf349dc137,709.0,1.0,0.0,3.0,0.0,7.2,22.0,17.0,4.0,,,,,,,,,,,,,,,left_only,,,False,,,False,,,False,,,False,,,False,,,False,,,False,,,False,,,False
itsKayWat/MindfulShift-2025,2025-05,control,62580ae5a421715874056e57a2b88ccf349dc137,709.0,1.0,0.0,3.0,0.0,7.2,22.0,17.0,4.0,,,,,,,,,,,,,,,left_only,,,False,,,False,,,False,,,False,,,False,,,False,,,False,,,False,,,False
itsKayWat/MindfulShift-2025,2025-06,control,62580ae5a421715874056e57a2b88ccf349dc137,709.0,1.0,0.0,3.0,0.0,7.2,22.0,17.0,4.0,,,,,,,,,,,,,,,left_only,,,False,,,False,,,False,,,False,,,False,,,False,,,False,,,False,,,False
itsKayWat/MindfulShift-2025,2025-07,control,62580ae5a421715874056e57a2b88ccf349dc137,709.0,1.0,0.0,3.0,0.0,7.2,22.0,17.0,4.0,,,,,,,,,,,,,,,left_only,,,False,,,False,,,False,,,False,,,False,,,False,,,False,,,False,,,False
itsKayWat/MindfulShift-2025,2025-08,control,62580ae5a421715874056e57a2b88ccf349dc137,709.0,1.0,0.0,3.0,0.0,7.2,22.0,17.0,4.0,,,,,,,,,,,,,,,left_only,,,False,,,False,,,False,,,False,,,False,,,False,,,False,,,False,,,False
jacebrowning/datafiles,2025-08,control,a7737126dae693f755013f0fcd11df7867274df6,4471.0,2.0,0.0,41.0,0.0,4.1,444.0,279.0,43.0,,,,,,,,,,,,,,,left_only,,,False,,,False,,,False,,,False,,,False,,,False,,,False,,,False,,,False
jfcrenshaw/pzflow,2025-04,control,b3fb837cff6d758a28063c4cd82489d9607ab086,3053.0,2.0,0.0,84.0,0.3,34.9,265.0,541.0,86.0,,,,,,,,,,,,,,,left_only,,,False,,,False,,,False,,,False,,,False,,,False,,,False,,,False,,,False
jfcrenshaw/pzflow,2025-05,control,b3fb837cff6d758a28063c4cd82489d9607ab086,3053.0,2.0,0.0,84.0,0.3,34.9,265.0,541.0,86.0,,,,,,,,,,,,,,,left_only,,,False,,,False,,,False,,,False,,,False,,,False,,,False,,,False,,,False
jfcrenshaw/pzflow,2025-06,control,b3fb837cff6d758a28063c4cd82489d9607ab086,3053.0,2.0,0.0,84.0,0.3,34.9,265.0,541.0,86.0,,,,,,,,,,,,,,,left_only,,,False,,,False,,,False,,,False,,,False,,,False,,,False,,,False,,,False
jfcrenshaw/pzflow,2025-07,control,b3fb837cff6d758a28063c4cd82489d9607ab086,3053.0,2.0,0.0,84.0,0.3,34.9,265.0,541.0,86.0,,,,,,,,,,,,,,,left_only,,,False,,,False,,,False,,,False,,,False,,,False,,,False,,,False,,,False
jfcrenshaw/pzflow,2025-08,control,b3fb837cff6d758a28063c4cd82489d9607ab086,3053.0,2.0,0.0,84.0,0.3,34.9,265.0,541.0,86.0,,,,,,,,,,,,,,,left_only,,,False,,,False,,,False,,,False,,,False,,,False,,,False,,,False,,,False
jinli99/iShapEditing,2025-04,control,15b20e3aa435cee574a8737406274fad79684f46,4958.0,11.0,5.0,156.0,4.6,16.5,724.0,913.0,172.0,,,,,,,,,,,,,,,left_only,,,False,,,False,,,False,,,False,,,False,,,False,,,False,,,False,,,False
jinli99/iShapEditing,2025-05,control,15b20e3aa435cee574a8737406274fad79684f46,4958.0,11.0,5.0,156.0,4.6,16.5,724.0,913.0,172.0,,,,,,,,,,,,,,,left_only,,,False,,,False,,,False,,,False,,,False,,,False,,,False,,,False,,,False
jinli99/iShapEditing,2025-06,control,15b20e3aa435cee574a8737406274fad79684f46,4958.0,11.0,5.0,156.0,4.6,16.5,724.0,913.0,172.0,,,,,,,,,,,,,,,left_only,,,False,,,False,,,False,,,False,,,False,,,False,,,False,,,False,,,False
jinli99/iShapEditing,2025-07,control,15b20e3aa435cee574a8737406274fad79684f46,4958.0,11.0,5.0,156.0,4.6,16.5,724.0,913.0,172.0,,,,,,,,,,,,,,,left_only,,,False,,,False,,,False,,,False,,,False,,,False,,,False,,,False,,,False
jinli99/iShapEditing,2025-08,control,15b20e3aa435cee574a8737406274fad79684f46,4958.0,11.0,5.0,156.0,4.6,16.5,724.0,913.0,172.0,,,,,,,,,,,,,,,left_only,,,False,,,False,,,False,,,False,,,False,,,False,,,False,,,False,,,False
jrowellfx/lsseq,2025-08,control,b7c7717552b933edf0f4ce3874b7070178240964,1273.0,0.0,0.0,131.0,4.4,25.1,789.0,1090.0,131.0,,,,,,,,,,,,,,,left_only,,,False,,,False,,,False,,,False,,,False,,,False,,,False,,,False,,,False
kangtegong/pyftrace,2025-04,control,185f4b470dd7c599d532b2d4a78583c765b7374d,1248.0,0.0,0.0,18.0,1.8,14.9,614.0,478.0,18.0,,,,,,,,,,,,,,,left_only,,,False,,,False,,,False,,,False,,,False,,,False,,,False,,,False,,,False
kangtegong/pyftrace,2025-05,control,185f4b470dd7c599d532b2d4a78583c765b7374d,1248.0,0.0,0.0,18.0,1.8,14.9,614.0,478.0,18.0,,,,,,,,,,,,,,,left_only,,,False,,,False,,,False,,,False,,,False,,,False,,,False,,,False,,,False
kangtegong/pyftrace,2025-06,control,185f4b470dd7c599d532b2d4a78583c765b7374d,1248.0,0.0,0.0,18.0,1.8,14.9,614.0,478.0,18.0,,,,,,,,,,,,,,,left_only,,,False,,,False,,,False,,,False,,,False,,,False,,,False,,,False,,,False
kangtegong/pyftrace,2025-07,control,185f4b470dd7c599d532b2d4a78583c765b7374d,1248.0,0.0,0.0,18.0,1.8,14.9,614.0,478.0,18.0,,,,,,,,,,,,,,,left_only,,,False,,,False,,,False,,,False,,,False,,,False,,,False,,,False,,,False
kangtegong/pyftrace,2025-08,control,185f4b470dd7c599d532b2d4a78583c765b7374d,1248.0,0.0,0.0,18.0,1.8,14.9,614.0,478.0,18.0,,,,,,,,,,,,,,,left_only,,,False,,,False,,,False,,,False,,,False,,,False,,,False,,,False,,,False
kuleshov-group/caduceus,2025-07,control,0060a6d8079b6a040fc55d505e15972a327b70a6,5899.0,6.0,4.0,139.0,5.0,19.3,1184.0,824.0,149.0,,,,,,,,,,,,,,,left_only,,,False,,,False,,,False,,,False,,,False,,,False,,,False,,,False,,,False
kuleshov-group/caduceus,2025-08,control,0060a6d8079b6a040fc55d505e15972a327b70a6,5899.0,6.0,4.0,139.0,5.0,19.3,1184.0,824.0,149.0,,,,,,,,,,,,,,,left_only,,,False,,,False,,,False,,,False,,,False,,,False,,,False,,,False,,,False
loml13yyy/AtlassianConfluence-RCE,2024-11,control,8797c797dcc297faedda1f621fa6ccbec7353409,52.0,0.0,1.0,1.0,0.0,10.3,12.0,5.0,2.0,,,,,,,,,,,,,,,left_only,,,False,,,False,,,False,,,False,,,False,,,False,,,False,,,False,,,False
loml13yyy/AtlassianConfluence-RCE,2024-12,control,8797c797dcc297faedda1f621fa6ccbec7353409,52.0,0.0,1.0,1.0,0.0,10.3,12.0,5.0,2.0,,,,,,,,,,,,,,,left_only,,,False,,,False,,,False,,,False,,,False,,,False,,,False,,,False,,,False
loml13yyy/AtlassianConfluence-RCE,2025-01,control,8797c797dcc297faedda1f621fa6ccbec7353409,52.0,0.0,1.0,1.0,0.0,10.3,12.0,5.0,2.0,,,,,,,,,,,,,,,left_only,,,False,,,False,,,False,,,False,,,False,,,False,,,False,,,False,,,False
loml13yyy/AtlassianConfluence-RCE,2025-02,control,8797c797dcc297faedda1f621fa6ccbec7353409,52.0,0.0,1.0,1.0,0.0,10.3,12.0,5.0,2.0,,,,,,,,,,,,,,,left_only,,,False,,,False,,,False,,,False,,,False,,,False,,,False,,,False,,,False
loml13yyy/AtlassianConfluence-RCE,2025-03,control,8797c797dcc297faedda1f621fa6ccbec7353409,52.0,0.0,1.0,1.0,0.0,10.3,12.0,5.0,2.0,,,,,,,,,,,,,,,left_only,,,False,,,False,,,False,,,False,,,False,,,False,,,False,,,False,,,False
loml13yyy/AtlassianConfluence-RCE,2025-04,control,8797c797dcc297faedda1f621fa6ccbec7353409,52.0,0.0,1.0,1.0,0.0,10.3,12.0,5.0,2.0,,,,,,,,,,,,,,,left_only,,,False,,,False,,,False,,,False,,,False,,,False,,,False,,,False,,,False
loml13yyy/AtlassianConfluence-RCE,2025-05,control,8797c797dcc297faedda1f621fa6ccbec7353409,52.0,0.0,1.0,1.0,0.0,10.3,12.0,5.0,2.0,,,,,,,,,,,,,,,left_only,,,False,,,False,,,False,,,False,,,False,,,False,,,False,,,False,,,False
loml13yyy/AtlassianConfluence-RCE,2025-06,control,8797c797dcc297faedda1f621fa6ccbec7353409,52.0,0.0,1.0,1.0,0.0,10.3,12.0,5.0,2.0,,,,,,,,,,,,,,,left_only,,,False,,,False,,,False,,,False,,,False,,,False,,,False,,,False,,,False
loml13yyy/AtlassianConfluence-RCE,2025-07,control,8797c797dcc297faedda1f621fa6ccbec7353409,52.0,0.0,1.0,1.0,0.0,10.3,12.0,5.0,2.0,,,,,,,,,,,,,,,left_only,,,False,,,False,,,False,,,False,,,False,,,False,,,False,,,False,,,False
loml13yyy/AtlassianConfluence-RCE,2025-08,control,8797c797dcc297faedda1f621fa6ccbec7353409,52.0,0.0,1.0,1.0,0.0,10.3,12.0,5.0,2.0,,,,,,,,,,,,,,,left_only,,,False,,,False,,,False,,,False,,,False,,,False,,,False,,,False,,,False
loml13yyy/yyGRPU8,2024-11,control,077ec2e2c3514c462932606ac3f94ebeb0efeabb,50.0,0.0,2.0,1.0,0.0,10.7,12.0,5.0,3.0,,,,,,,,,,,,,,,left_only,,,False,,,False,,,False,,,False,,,False,,,False,,,False,,,False,,,False
loml13yyy/yyGRPU8,2024-12,control,077ec2e2c3514c462932606ac3f94ebeb0efeabb,50.0,0.0,2.0,1.0,0.0,10.7,12.0,5.0,3.0,,,,,,,,,,,,,,,left_only,,,False,,,False,,,False,,,False,,,False,,,False,,,False,,,False,,,False
loml13yyy/yyGRPU8,2025-01,control,077ec2e2c3514c462932606ac3f94ebeb0efeabb,50.0,0.0,2.0,1.0,0.0,10.7,12.0,5.0,3.0,,,,,,,,,,,,,,,left_only,,,False,,,False,,,False,,,False,,,False,,,False,,,False,,,False,,,False
loml13yyy/yyGRPU8,2025-02,control,077ec2e2c3514c462932606ac3f94ebeb0efeabb,50.0,0.0,2.0,1.0,0.0,10.7,12.0,5.0,3.0,,,,,,,,,,,,,,,left_only,,,False,,,False,,,False,,,False,,,False,,,False,,,False,,,False,,,False
loml13yyy/yyGRPU8,2025-03,control,077ec2e2c3514c462932606ac3f94ebeb0efeabb,50.0,0.0,2.0,1.0,0.0,10.7,12.0,5.0,3.0,,,,,,,,,,,,,,,left_only,,,False,,,False,,,False,,,False,,,False,,,False,,,False,,,False,,,False
loml13yyy/yyGRPU8,2025-04,control,077ec2e2c3514c462932606ac3f94ebeb0efeabb,50.0,0.0,2.0,1.0,0.0,10.7,12.0,5.0,3.0,,,,,,,,,,,,,,,left_only,,,False,,,False,,,False,,,False,,,False,,,False,,,False,,,False,,,False
loml13yyy/yyGRPU8,2025-05,control,077ec2e2c3514c462932606ac3f94ebeb0efeabb,50.0,0.0,2.0,1.0,0.0,10.7,12.0,5.0,3.0,,,,,,,,,,,,,,,left_only,,,False,,,False,,,False,,,False,,,False,,,False,,,False,,,False,,,False
loml13yyy/yyGRPU8,2025-06,control,077ec2e2c3514c462932606ac3f94ebeb0efeabb,50.0,0.0,2.0,1.0,0.0,10.7,12.0,5.0,3.0,,,,,,,,,,,,,,,left_only,,,False,,,False,,,False,,,False,,,False,,,False,,,False,,,False,,,False
loml13yyy/yyGRPU8,2025-07,control,077ec2e2c3514c462932606ac3f94ebeb0efeabb,50.0,0.0,2.0,1.0,0.0,10.7,12.0,5.0,3.0,,,,,,,,,,,,,,,left_only,,,False,,,False,,,False,,,False,,,False,,,False,,,False,,,False,,,False
loml13yyy/yyGRPU8,2025-08,control,077ec2e2c3514c462932606ac3f94ebeb0efeabb,50.0,0.0,2.0,1.0,0.0,10.7,12.0,5.0,3.0,,,,,,,,,,,,,,,left_only,,,False,,,False,,,False,,,False,,,False,,,False,,,False,,,False,,,False
markmelnic/stealthenium,2025-03,control,339208d8978d3d15f971f0e4460097553071dfb2,2208.0,24.0,0.0,169.0,2.0,16.3,365.0,1386.0,193.0,,,,,,,,,,,,,,,left_only,,,False,,,False,,,False,,,False,,,False,,,False,,,False,,,False,,,False
markmelnic/stealthenium,2025-04,control,339208d8978d3d15f971f0e4460097553071dfb2,2208.0,24.0,0.0,169.0,2.0,16.3,365.0,1386.0,193.0,,,,,,,,,,,,,,,left_only,,,False,,,False,,,False,,,False,,,False,,,False,,,False,,,False,,,False
markmelnic/stealthenium,2025-05,control,339208d8978d3d15f971f0e4460097553071dfb2,2208.0,24.0,0.0,169.0,2.0,16.3,365.0,1386.0,193.0,,,,,,,,,,,,,,,left_only,,,False,,,False,,,False,,,False,,,False,,,False,,,False,,,False,,,False
markmelnic/stealthenium,2025-06,control,339208d8978d3d15f971f0e4460097553071dfb2,2208.0,24.0,0.0,169.0,2.0,16.3,365.0,1386.0,193.0,,,,,,,,,,,,,,,left_only,,,False,,,False,,,False,,,False,,,False,,,False,,,False,,,False,,,False
markmelnic/stealthenium,2025-07,control,339208d8978d3d15f971f0e4460097553071dfb2,2208.0,24.0,0.0,169.0,2.0,16.3,365.0,1386.0,193.0,,,,,,,,,,,,,,,left_only,,,False,,,False,,,False,,,False,,,False,,,False,,,False,,,False,,,False
markmelnic/stealthenium,2025-08,control,339208d8978d3d15f971f0e4460097553071dfb2,2208.0,24.0,0.0,169.0,2.0,16.3,365.0,1386.0,193.0,,,,,,,,,,,,,,,left_only,,,False,,,False,,,False,,,False,,,False,,,False,,,False,,,False,,,False
monero-project/meta,2024-01,control,37b5fc40eade3fadeae537806a5e8c8286899a78,8.0,0.0,0.0,1.0,0.0,0.0,1.0,5.0,1.0,,,,,,,,,,,,,,,left_only,,,False,,,False,,,False,,,False,,,False,,,False,,,False,,,False,,,False
monero-project/meta,2024-02,control,37b5fc40eade3fadeae537806a5e8c8286899a78,8.0,0.0,0.0,1.0,0.0,0.0,1.0,5.0,1.0,,,,,,,,,,,,,,,left_only,,,False,,,False,,,False,,,False,,,False,,,False,,,False,,,False,,,False
monero-project/meta,2024-03,control,37b5fc40eade3fadeae537806a5e8c8286899a78,8.0,0.0,0.0,1.0,0.0,0.0,1.0,5.0,1.0,,,,,,,,,,,,,,,left_only,,,False,,,False,,,False,,,False,,,False,,,False,,,False,,,False,,,False
monero-project/meta,2024-04,control,37b5fc40eade3fadeae537806a5e8c8286899a78,8.0,0.0,0.0,1.0,0.0,0.0,1.0,5.0,1.0,,,,,,,,,,,,,,,left_only,,,False,,,False,,,False,,,False,,,False,,,False,,,False,,,False,,,False
monero-project/meta,2024-05,control,37b5fc40eade3fadeae537806a5e8c8286899a78,8.0,0.0,0.0,1.0,0.0,0.0,1.0,5.0,1.0,,,,,,,,,,,,,,,left_only,,,False,,,False,,,False,,,False,,,False,,,False,,,False,,,False,,,False
monero-project/meta,2024-06,control,37b5fc40eade3fadeae537806a5e8c8286899a78,8.0,0.0,0.0,1.0,0.0,0.0,1.0,5.0,1.0,,,,,,,,,,,,,,,left_only,,,False,,,False,,,False,,,False,,,False,,,False,,,False,,,False,,,False
monero-project/meta,2024-07,control,37b5fc40eade3fadeae537806a5e8c8286899a78,8.0,0.0,0.0,1.0,0.0,0.0,1.0,5.0,1.0,,,,,,,,,,,,,,,left_only,,,False,,,False,,,False,,,False,,,False,,,False,,,False,,,False,,,False
monero-project/meta,2024-08,control,37b5fc40eade3fadeae537806a5e8c8286899a78,8.0,0.0,0.0,1.0,0.0,0.0,1.0,5.0,1.0,,,,,,,,,,,,,,,left_only,,,False,,,False,,,False,,,False,,,False,,,False,,,False,,,False,,,False
monero-project/meta,2024-09,control,37b5fc40eade3fadeae537806a5e8c8286899a78,8.0,0.0,0.0,1.0,0.0,0.0,1.0,5.0,1.0,,,,,,,,,,,,,,,left_only,,,False,,,False,,,False,,,False,,,False,,,False,,,False,,,False,,,False
monero-project/meta,2024-10,control,37b5fc40eade3fadeae537806a5e8c8286899a78,8.0,0.0,0.0,1.0,0.0,0.0,1.0,5.0,1.0,,,,,,,,,,,,,,,left_only,,,False,,,False,,,False,,,False,,,False,,,False,,,False,,,False,,,False
monero-project/meta,2024-11,control,37b5fc40eade3fadeae537806a5e8c8286899a78,8.0,0.0,0.0,1.0,0.0,0.0,1.0,5.0,1.0,,,,,,,,,,,,,,,left_only,,,False,,,False,,,False,,,False,,,False,,,False,,,False,,,False,,,False
monero-project/meta,2024-12,control,37b5fc40eade3fadeae537806a5e8c8286899a78,8.0,0.0,0.0,1.0,0.0,0.0,1.0,5.0,1.0,,,,,,,,,,,,,,,left_only,,,False,,,False,,,False,,,False,,,False,,,False,,,False,,,False,,,False
monero-project/meta,2025-01,control,37b5fc40eade3fadeae537806a5e8c8286899a78,8.0,0.0,0.0,1.0,0.0,0.0,1.0,5.0,1.0,,,,,,,,,,,,,,,left_only,,,False,,,False,,,False,,,False,,,False,,,False,,,False,,,False,,,False
monero-project/meta,2025-02,control,37b5fc40eade3fadeae537806a5e8c8286899a78,8.0,0.0,0.0,1.0,0.0,0.0,1.0,5.0,1.0,,,,,,,,,,,,,,,left_only,,,False,,,False,,,False,,,False,,,False,,,False,,,False,,,False,,,False
monero-project/meta,2025-03,control,37b5fc40eade3fadeae537806a5e8c8286899a78,8.0,0.0,0.0,1.0,0.0,0.0,1.0,5.0,1.0,,,,,,,,,,,,,,,left_only,,,False,,,False,,,False,,,False,,,False,,,False,,,False,,,False,,,False
monero-project/meta,2025-04,control,37b5fc40eade3fadeae537806a5e8c8286899a78,8.0,0.0,0.0,1.0,0.0,0.0,1.0,5.0,1.0,,,,,,,,,,,,,,,left_only,,,False,,,False,,,False,,,False,,,False,,,False,,,False,,,False,,,False
monero-project/meta,2025-05,control,9ea138331520a3424d603071c6ae1bfcdef1ae9e,8.0,0.0,0.0,1.0,0.0,0.0,1.0,5.0,1.0,,,,,,,,,,,,,,,left_only,,,False,,,False,,,False,,,False,,,False,,,False,,,False,,,False,,,False
monero-project/meta,2025-06,control,9ea138331520a3424d603071c6ae1bfcdef1ae9e,8.0,0.0,0.0,1.0,0.0,0.0,1.0,5.0,1.0,,,,,,,,,,,,,,,left_only,,,False,,,False,,,False,,,False,,,False,,,False,,,False,,,False,,,False
monero-project/meta,2025-07,control,9ea138331520a3424d603071c6ae1bfcdef1ae9e,8.0,0.0,0.0,1.0,0.0,0.0,1.0,5.0,1.0,,,,,,,,,,,,,,,left_only,,,False,,,False,,,False,,,False,,,False,,,False,,,False,,,False,,,False
monero-project/meta,2025-08,control,9ea138331520a3424d603071c6ae1bfcdef1ae9e,8.0,0.0,0.0,1.0,0.0,0.0,1.0,5.0,1.0,,,,,,,,,,,,,,,left_only,,,False,,,False,,,False,,,False,,,False,,,False,,,False,,,False,,,False
neuml/rag,2025-06,control,6cf676d9187be225c20a1482da7d7f325925a081,364.0,0.0,0.0,5.0,0.0,39.6,120.0,43.0,5.0,,,,,,,,,,,,,,,left_only,,,False,,,False,,,False,,,False,,,False,,,False,,,False,,,False,,,False
neuml/rag,2025-07,control,6cf676d9187be225c20a1482da7d7f325925a081,364.0,0.0,0.0,5.0,0.0,39.6,120.0,43.0,5.0,,,,,,,,,,,,,,,left_only,,,False,,,False,,,False,,,False,,,False,,,False,,,False,,,False,,,False
neuml/rag,2025-08,control,6cf676d9187be225c20a1482da7d7f325925a081,364.0,0.0,0.0,5.0,0.0,39.6,120.0,43.0,5.0,,,,,,,,,,,,,,,left_only,,,False,,,False,,,False,,,False,,,False,,,False,,,False,,,False,,,False
nhw649/EOV-Seg,2025-01,control,6f5e93e9aca6ccae89fe492b24018f8530075fc4,8302.0,1.0,0.0,85.0,23.4,13.2,819.0,528.0,86.0,,,,,,,,,,,,,,,left_only,,,False,,,False,,,False,,,False,,,False,,,False,,,False,,,False,,,False
nhw649/EOV-Seg,2025-02,control,6f5e93e9aca6ccae89fe492b24018f8530075fc4,8302.0,1.0,0.0,85.0,23.4,13.2,819.0,528.0,86.0,,,,,,,,,,,,,,,left_only,,,False,,,False,,,False,,,False,,,False,,,False,,,False,,,False,,,False
nhw649/EOV-Seg,2025-03,control,6f5e93e9aca6ccae89fe492b24018f8530075fc4,8302.0,1.0,0.0,85.0,23.4,13.2,819.0,528.0,86.0,,,,,,,,,,,,,,,left_only,,,False,,,False,,,False,,,False,,,False,,,False,,,False,,,False,,,False
nhw649/EOV-Seg,2025-04,control,6f5e93e9aca6ccae89fe492b24018f8530075fc4,8302.0,1.0,0.0,85.0,23.4,13.2,819.0,528.0,86.0,,,,,,,,,,,,,,,left_only,,,False,,,False,,,False,,,False,,,False,,,False,,,False,,,False,,,False
nhw649/EOV-Seg,2025-05,control,6f5e93e9aca6ccae89fe492b24018f8530075fc4,8302.0,1.0,0.0,85.0,23.4,13.2,819.0,528.0,86.0,,,,,,,,,,,,,,,left_only,,,False,,,False,,,False,,,False,,,False,,,False,,,False,,,False,,,False
nhw649/EOV-Seg,2025-06,control,6f5e93e9aca6ccae89fe492b24018f8530075fc4,8302.0,1.0,0.0,85.0,23.4,13.2,819.0,528.0,86.0,,,,,,,,,,,,,,,left_only,,,False,,,False,,,False,,,False,,,False,,,False,,,False,,,False,,,False
nhw649/EOV-Seg,2025-07,control,6f5e93e9aca6ccae89fe492b24018f8530075fc4,8302.0,1.0,0.0,85.0,23.4,13.2,819.0,528.0,86.0,,,,,,,,,,,,,,,left_only,,,False,,,False,,,False,,,False,,,False,,,False,,,False,,,False,,,False
nhw649/EOV-Seg,2025-08,control,6f5e93e9aca6ccae89fe492b24018f8530075fc4,8302.0,1.0,0.0,85.0,23.4,13.2,819.0,528.0,86.0,,,,,,,,,,,,,,,left_only,,,False,,,False,,,False,,,False,,,False,,,False,,,False,,,False,,,False
ninareyes1/Simple-Digital-Clock,2025-03,control,bff2e4c50c8d83c5407270dc94ad8aa6d4fe9865,4.0,0.0,0.0,0.0,0.0,0.0,1.0,0.0,0.0,,,,,,,,,,,,,,,left_only,,,False,,,False,,,False,,,False,,,False,,,False,,,False,,,False,,,False
ninareyes1/Simple-Digital-Clock,2025-04,control,bff2e4c50c8d83c5407270dc94ad8aa6d4fe9865,4.0,0.0,0.0,0.0,0.0,0.0,1.0,0.0,0.0,,,,,,,,,,,,,,,left_only,,,False,,,False,,,False,,,False,,,False,,,False,,,False,,,False,,,False
ninareyes1/Simple-Digital-Clock,2025-05,control,bff2e4c50c8d83c5407270dc94ad8aa6d4fe9865,4.0,0.0,0.0,0.0,0.0,0.0,1.0,0.0,0.0,,,,,,,,,,,,,,,left_only,,,False,,,False,,,False,,,False,,,False,,,False,,,False,,,False,,,False
ninareyes1/Simple-Digital-Clock,2025-06,control,bff2e4c50c8d83c5407270dc94ad8aa6d4fe9865,4.0,0.0,0.0,0.0,0.0,0.0,1.0,0.0,0.0,,,,,,,,,,,,,,,left_only,,,False,,,False,,,False,,,False,,,False,,,False,,,False,,,False,,,False
ninareyes1/Simple-Digital-Clock,2025-07,control,bff2e4c50c8d83c5407270dc94ad8aa6d4fe9865,4.0,0.0,0.0,0.0,0.0,0.0,1.0,0.0,0.0,,,,,,,,,,,,,,,left_only,,,False,,,False,,,False,,,False,,,False,,,False,,,False,,,False,,,False
ninareyes1/Simple-Digital-Clock,2025-08,control,bff2e4c50c8d83c5407270dc94ad8aa6d4fe9865,4.0,0.0,0.0,0.0,0.0,0.0,1.0,0.0,0.0,,,,,,,,,,,,,,,left_only,,,False,,,False,,,False,,,False,,,False,,,False,,,False,,,False,,,False
omkarcloud/amazon-scraper,2024-02,control,495f87429d00b88f6af66dc523d970a9c8c83dcc,256.0,0.0,0.0,16.0,0.0,8.9,60.0,62.0,16.0,,,,,,,,,,,,,,,left_only,,,False,,,False,,,False,,,False,,,False,,,False,,,False,,,False,,,False
omkarcloud/amazon-scraper,2024-03,control,495f87429d00b88f6af66dc523d970a9c8c83dcc,256.0,0.0,0.0,16.0,0.0,8.9,60.0,62.0,16.0,,,,,,,,,,,,,,,left_only,,,False,,,False,,,False,,,False,,,False,,,False,,,False,,,False,,,False
omkarcloud/amazon-scraper,2024-04,control,495f87429d00b88f6af66dc523d970a9c8c83dcc,256.0,0.0,0.0,16.0,0.0,8.9,60.0,62.0,16.0,,,,,,,,,,,,,,,left_only,,,False,,,False,,,False,,,False,,,False,,,False,,,False,,,False,,,False
omkarcloud/amazon-scraper,2024-05,control,495f87429d00b88f6af66dc523d970a9c8c83dcc,256.0,0.0,0.0,16.0,0.0,8.9,60.0,62.0,16.0,,,,,,,,,,,,,,,left_only,,,False,,,False,,,False,,,False,,,False,,,False,,,False,,,False,,,False
omkarcloud/amazon-scraper,2024-06,control,495f87429d00b88f6af66dc523d970a9c8c83dcc,256.0,0.0,0.0,16.0,0.0,8.9,60.0,62.0,16.0,,,,,,,,,,,,,,,left_only,,,False,,,False,,,False,,,False,,,False,,,False,,,False,,,False,,,False
omkarcloud/amazon-scraper,2024-07,control,495f87429d00b88f6af66dc523d970a9c8c83dcc,256.0,0.0,0.0,16.0,0.0,8.9,60.0,62.0,16.0,,,,,,,,,,,,,,,left_only,,,False,,,False,,,False,,,False,,,False,,,False,,,False,,,False,,,False
omkarcloud/amazon-scraper,2024-08,control,495f87429d00b88f6af66dc523d970a9c8c83dcc,256.0,0.0,0.0,16.0,0.0,8.9,60.0,62.0,16.0,,,,,,,,,,,,,,,left_only,,,False,,,False,,,False,,,False,,,False,,,False,,,False,,,False,,,False
omkarcloud/amazon-scraper,2024-09,control,495f87429d00b88f6af66dc523d970a9c8c83dcc,256.0,0.0,0.0,16.0,0.0,8.9,60.0,62.0,16.0,,,,,,,,,,,,,,,left_only,,,False,,,False,,,False,,,False,,,False,,,False,,,False,,,False,,,False
omkarcloud/amazon-scraper,2024-10,control,495f87429d00b88f6af66dc523d970a9c8c83dcc,256.0,0.0,0.0,16.0,0.0,8.9,60.0,62.0,16.0,,,,,,,,,,,,,,,left_only,,,False,,,False,,,False,,,False,,,False,,,False,,,False,,,False,,,False
omkarcloud/amazon-scraper,2024-11,control,495f87429d00b88f6af66dc523d970a9c8c83dcc,256.0,0.0,0.0,16.0,0.0,8.9,60.0,62.0,16.0,,,,,,,,,,,,,,,left_only,,,False,,,False,,,False,,,False,,,False,,,False,,,False,,,False,,,False
omkarcloud/amazon-scraper,2024-12,control,495f87429d00b88f6af66dc523d970a9c8c83dcc,256.0,0.0,0.0,16.0,0.0,8.9,60.0,62.0,16.0,,,,,,,,,,,,,,,left_only,,,False,,,False,,,False,,,False,,,False,,,False,,,False,,,False,,,False
omkarcloud/amazon-scraper,2025-01,control,495f87429d00b88f6af66dc523d970a9c8c83dcc,256.0,0.0,0.0,16.0,0.0,8.9,60.0,62.0,16.0,,,,,,,,,,,,,,,left_only,,,False,,,False,,,False,,,False,,,False,,,False,,,False,,,False,,,False
omkarcloud/amazon-scraper,2025-02,control,495f87429d00b88f6af66dc523d970a9c8c83dcc,256.0,0.0,0.0,16.0,0.0,8.9,60.0,62.0,16.0,,,,,,,,,,,,,,,left_only,,,False,,,False,,,False,,,False,,,False,,,False,,,False,,,False,,,False
omkarcloud/amazon-scraper,2025-03,control,495f87429d00b88f6af66dc523d970a9c8c83dcc,256.0,0.0,0.0,16.0,0.0,8.9,60.0,62.0,16.0,,,,,,,,,,,,,,,left_only,,,False,,,False,,,False,,,False,,,False,,,False,,,False,,,False,,,False
omkarcloud/amazon-scraper,2025-04,control,495f87429d00b88f6af66dc523d970a9c8c83dcc,256.0,0.0,0.0,16.0,0.0,8.9,60.0,62.0,16.0,,,,,,,,,,,,,,,left_only,,,False,,,False,,,False,,,False,,,False,,,False,,,False,,,False,,,False
omkarcloud/amazon-scraper,2025-05,control,495f87429d00b88f6af66dc523d970a9c8c83dcc,256.0,0.0,0.0,16.0,0.0,8.9,60.0,62.0,16.0,,,,,,,,,,,,,,,left_only,,,False,,,False,,,False,,,False,,,False,,,False,,,False,,,False,,,False
omkarcloud/amazon-scraper,2025-06,control,495f87429d00b88f6af66dc523d970a9c8c83dcc,256.0,0.0,0.0,16.0,0.0,8.9,60.0,62.0,16.0,,,,,,,,,,,,,,,left_only,,,False,,,False,,,False,,,False,,,False,,,False,,,False,,,False,,,False
omkarcloud/amazon-scraper,2025-07,control,495f87429d00b88f6af66dc523d970a9c8c83dcc,256.0,0.0,0.0,16.0,0.0,8.9,60.0,62.0,16.0,,,,,,,,,,,,,,,left_only,,,False,,,False,,,False,,,False,,,False,,,False,,,False,,,False,,,False
omkarcloud/amazon-scraper,2025-08,control,495f87429d00b88f6af66dc523d970a9c8c83dcc,256.0,0.0,0.0,16.0,0.0,8.9,60.0,62.0,16.0,,,,,,,,,,,,,,,left_only,,,False,,,False,,,False,,,False,,,False,,,False,,,False,,,False,,,False
plurai-ai/intellagent,2025-05,control,2680da4545b87717a8dbc869738238022ca84ee4,4953.0,1.0,0.0,77.0,4.8,12.5,842.0,498.0,78.0,,,,,,,,,,,,,,,left_only,,,False,,,False,,,False,,,False,,,False,,,False,,,False,,,False,,,False
plurai-ai/intellagent,2025-06,control,2680da4545b87717a8dbc869738238022ca84ee4,4953.0,1.0,0.0,77.0,4.8,12.5,842.0,498.0,78.0,,,,,,,,,,,,,,,left_only,,,False,,,False,,,False,,,False,,,False,,,False,,,False,,,False,,,False
plurai-ai/intellagent,2025-07,control,2680da4545b87717a8dbc869738238022ca84ee4,4953.0,1.0,0.0,77.0,4.8,12.5,842.0,498.0,78.0,,,,,,,,,,,,,,,left_only,,,False,,,False,,,False,,,False,,,False,,,False,,,False,,,False,,,False
plurai-ai/intellagent,2025-08,control,2680da4545b87717a8dbc869738238022ca84ee4,4953.0,1.0,0.0,77.0,4.8,12.5,842.0,498.0,78.0,,,,,,,,,,,,,,,left_only,,,False,,,False,,,False,,,False,,,False,,,False,,,False,,,False,,,False
ruiqini/NTFields,2024-08,control,b9b6efbcf876d2641e0edcf962c68119558cddb1,1615.0,0.0,2.0,159.0,48.5,8.5,174.0,657.0,161.0,,,,,,,,,,,,,,,left_only,,,False,,,False,,,False,,,False,,,False,,,False,,,False,,,False,,,False
ruiqini/NTFields,2024-09,control,b9b6efbcf876d2641e0edcf962c68119558cddb1,1615.0,0.0,2.0,159.0,48.5,8.5,174.0,657.0,161.0,,,,,,,,,,,,,,,left_only,,,False,,,False,,,False,,,False,,,False,,,False,,,False,,,False,,,False
ruiqini/NTFields,2024-10,control,b9b6efbcf876d2641e0edcf962c68119558cddb1,1615.0,0.0,2.0,159.0,48.5,8.5,174.0,657.0,161.0,,,,,,,,,,,,,,,left_only,,,False,,,False,,,False,,,False,,,False,,,False,,,False,,,False,,,False
ruiqini/NTFields,2024-11,control,b9b6efbcf876d2641e0edcf962c68119558cddb1,1615.0,0.0,2.0,159.0,48.5,8.5,174.0,657.0,161.0,,,,,,,,,,,,,,,left_only,,,False,,,False,,,False,,,False,,,False,,,False,,,False,,,False,,,False
ruiqini/NTFields,2024-12,control,b9b6efbcf876d2641e0edcf962c68119558cddb1,1615.0,0.0,2.0,159.0,48.5,8.5,174.0,657.0,161.0,,,,,,,,,,,,,,,left_only,,,False,,,False,,,False,,,False,,,False,,,False,,,False,,,False,,,False
ruiqini/NTFields,2025-01,control,b9b6efbcf876d2641e0edcf962c68119558cddb1,1615.0,0.0,2.0,159.0,48.5,8.5,174.0,657.0,161.0,,,,,,,,,,,,,,,left_only,,,False,,,False,,,False,,,False,,,False,,,False,,,False,,,False,,,False
ruiqini/NTFields,2025-02,control,b9b6efbcf876d2641e0edcf962c68119558cddb1,1615.0,0.0,2.0,159.0,48.5,8.5,174.0,657.0,161.0,,,,,,,,,,,,,,,left_only,,,False,,,False,,,False,,,False,,,False,,,False,,,False,,,False,,,False
ruiqini/NTFields,2025-03,control,b9b6efbcf876d2641e0edcf962c68119558cddb1,1615.0,0.0,2.0,159.0,48.5,8.5,174.0,657.0,161.0,,,,,,,,,,,,,,,left_only,,,False,,,False,,,False,,,False,,,False,,,False,,,False,,,False,,,False
ruiqini/NTFields,2025-04,control,b9b6efbcf876d2641e0edcf962c68119558cddb1,1615.0,0.0,2.0,159.0,48.5,8.5,174.0,657.0,161.0,,,,,,,,,,,,,,,left_only,,,False,,,False,,,False,,,False,,,False,,,False,,,False,,,False,,,False
ruiqini/NTFields,2025-05,control,b9b6efbcf876d2641e0edcf962c68119558cddb1,1615.0,0.0,2.0,159.0,48.5,8.5,174.0,657.0,161.0,,,,,,,,,,,,,,,left_only,,,False,,,False,,,False,,,False,,,False,,,False,,,False,,,False,,,False
ruiqini/NTFields,2025-06,control,b9b6efbcf876d2641e0edcf962c68119558cddb1,1615.0,0.0,2.0,159.0,48.5,8.5,174.0,657.0,161.0,,,,,,,,,,,,,,,left_only,,,False,,,False,,,False,,,False,,,False,,,False,,,False,,,False,,,False
ruiqini/NTFields,2025-07,control,b9b6efbcf876d2641e0edcf962c68119558cddb1,1615.0,0.0,2.0,159.0,48.5,8.5,174.0,657.0,161.0,,,,,,,,,,,,,,,left_only,,,False,,,False,,,False,,,False,,,False,,,False,,,False,,,False,,,False
ruiqini/NTFields,2025-08,control,b9b6efbcf876d2641e0edcf962c68119558cddb1,1615.0,0.0,2.0,159.0,48.5,8.5,174.0,657.0,161.0,,,,,,,,,,,,,,,left_only,,,False,,,False,,,False,,,False,,,False,,,False,,,False,,,False,,,False
saucer-man/qq_msg_decode,2024-07,control,073990b5331ccb62793a16c653b390bdea01f0cd,515.0,1.0,0.0,48.0,0.0,9.8,109.0,216.0,49.0,,,,,,,,,,,,,,,left_only,,,False,,,False,,,False,,,False,,,False,,,False,,,False,,,False,,,False
saucer-man/qq_msg_decode,2024-08,control,073990b5331ccb62793a16c653b390bdea01f0cd,515.0,1.0,0.0,48.0,0.0,9.8,109.0,216.0,49.0,,,,,,,,,,,,,,,left_only,,,False,,,False,,,False,,,False,,,False,,,False,,,False,,,False,,,False
saucer-man/qq_msg_decode,2024-09,control,073990b5331ccb62793a16c653b390bdea01f0cd,515.0,1.0,0.0,48.0,0.0,9.8,109.0,216.0,49.0,,,,,,,,,,,,,,,left_only,,,False,,,False,,,False,,,False,,,False,,,False,,,False,,,False,,,False
saucer-man/qq_msg_decode,2024-10,control,073990b5331ccb62793a16c653b390bdea01f0cd,515.0,1.0,0.0,48.0,0.0,9.8,109.0,216.0,49.0,,,,,,,,,,,,,,,left_only,,,False,,,False,,,False,,,False,,,False,,,False,,,False,,,False,,,False
saucer-man/qq_msg_decode,2024-11,control,073990b5331ccb62793a16c653b390bdea01f0cd,515.0,1.0,0.0,48.0,0.0,9.8,109.0,216.0,49.0,,,,,,,,,,,,,,,left_only,,,False,,,False,,,False,,,False,,,False,,,False,,,False,,,False,,,False
saucer-man/qq_msg_decode,2024-12,control,073990b5331ccb62793a16c653b390bdea01f0cd,515.0,1.0,0.0,48.0,0.0,9.8,109.0,216.0,49.0,,,,,,,,,,,,,,,left_only,,,False,,,False,,,False,,,False,,,False,,,False,,,False,,,False,,,False
saucer-man/qq_msg_decode,2025-01,control,073990b5331ccb62793a16c653b390bdea01f0cd,515.0,1.0,0.0,48.0,0.0,9.8,109.0,216.0,49.0,,,,,,,,,,,,,,,left_only,,,False,,,False,,,False,,,False,,,False,,,False,,,False,,,False,,,False
saucer-man/qq_msg_decode,2025-02,control,073990b5331ccb62793a16c653b390bdea01f0cd,515.0,1.0,0.0,48.0,0.0,9.8,109.0,216.0,49.0,,,,,,,,,,,,,,,left_only,,,False,,,False,,,False,,,False,,,False,,,False,,,False,,,False,,,False
saucer-man/qq_msg_decode,2025-03,control,073990b5331ccb62793a16c653b390bdea01f0cd,515.0,1.0,0.0,48.0,0.0,9.8,109.0,216.0,49.0,,,,,,,,,,,,,,,left_only,,,False,,,False,,,False,,,False,,,False,,,False,,,False,,,False,,,False
saucer-man/qq_msg_decode,2025-04,control,073990b5331ccb62793a16c653b390bdea01f0cd,515.0,1.0,0.0,48.0,0.0,9.8,109.0,216.0,49.0,,,,,,,,,,,,,,,left_only,,,False,,,False,,,False,,,False,,,False,,,False,,,False,,,False,,,False
saucer-man/qq_msg_decode,2025-05,control,073990b5331ccb62793a16c653b390bdea01f0cd,515.0,1.0,0.0,48.0,0.0,9.8,109.0,216.0,49.0,,,,,,,,,,,,,,,left_only,,,False,,,False,,,False,,,False,,,False,,,False,,,False,,,False,,,False
saucer-man/qq_msg_decode,2025-06,control,073990b5331ccb62793a16c653b390bdea01f0cd,515.0,1.0,0.0,48.0,0.0,9.8,109.0,216.0,49.0,,,,,,,,,,,,,,,left_only,,,False,,,False,,,False,,,False,,,False,,,False,,,False,,,False,,,False
saucer-man/qq_msg_decode,2025-07,control,073990b5331ccb62793a16c653b390bdea01f0cd,515.0,1.0,0.0,48.0,0.0,9.8,109.0,216.0,49.0,,,,,,,,,,,,,,,left_only,,,False,,,False,,,False,,,False,,,False,,,False,,,False,,,False,,,False
saucer-man/qq_msg_decode,2025-08,control,073990b5331ccb62793a16c653b390bdea01f0cd,515.0,1.0,0.0,48.0,0.0,9.8,109.0,216.0,49.0,,,,,,,,,,,,,,,left_only,,,False,,,False,,,False,,,False,,,False,,,False,,,False,,,False,,,False
slopp/30_days_of_dagster,2025-01,control,2d9ff7930c6475370fd66f264931bb5924ac3060,1557.0,1.0,0.0,27.0,47.1,10.2,42.0,100.0,28.0,,,,,,,,,,,,,,,left_only,,,False,,,False,,,False,,,False,,,False,,,False,,,False,,,False,,,False
slopp/30_days_of_dagster,2025-02,control,2d9ff7930c6475370fd66f264931bb5924ac3060,1557.0,1.0,0.0,27.0,47.1,10.2,42.0,100.0,28.0,,,,,,,,,,,,,,,left_only,,,False,,,False,,,False,,,False,,,False,,,False,,,False,,,False,,,False
slopp/30_days_of_dagster,2025-03,control,2d9ff7930c6475370fd66f264931bb5924ac3060,1557.0,1.0,0.0,27.0,47.1,10.2,42.0,100.0,28.0,,,,,,,,,,,,,,,left_only,,,False,,,False,,,False,,,False,,,False,,,False,,,False,,,False,,,False
slopp/30_days_of_dagster,2025-04,control,2d9ff7930c6475370fd66f264931bb5924ac3060,1557.0,1.0,0.0,27.0,47.1,10.2,42.0,100.0,28.0,,,,,,,,,,,,,,,left_only,,,False,,,False,,,False,,,False,,,False,,,False,,,False,,,False,,,False
slopp/30_days_of_dagster,2025-05,control,2d9ff7930c6475370fd66f264931bb5924ac3060,1557.0,1.0,0.0,27.0,47.1,10.2,42.0,100.0,28.0,,,,,,,,,,,,,,,left_only,,,False,,,False,,,False,,,False,,,False,,,False,,,False,,,False,,,False
slopp/30_days_of_dagster,2025-06,control,2d9ff7930c6475370fd66f264931bb5924ac3060,1557.0,1.0,0.0,27.0,47.1,10.2,42.0,100.0,28.0,,,,,,,,,,,,,,,left_only,,,False,,,False,,,False,,,False,,,False,,,False,,,False,,,False,,,False
slopp/30_days_of_dagster,2025-07,control,2d9ff7930c6475370fd66f264931bb5924ac3060,1557.0,1.0,0.0,27.0,47.1,10.2,42.0,100.0,28.0,,,,,,,,,,,,,,,left_only,,,False,,,False,,,False,,,False,,,False,,,False,,,False,,,False,,,False
slopp/30_days_of_dagster,2025-08,control,2d9ff7930c6475370fd66f264931bb5924ac3060,1557.0,1.0,0.0,27.0,47.1,10.2,42.0,100.0,28.0,,,,,,,,,,,,,,,left_only,,,False,,,False,,,False,,,False,,,False,,,False,,,False,,,False,,,False
taylorwilsdon/open-webui-tools,2025-06,control,53921eb17c310df70a46d641564b60453f053a23,1029.0,0.0,0.0,17.0,0.0,11.9,222.0,128.0,17.0,,,,,,,,,,,,,,,left_only,,,False,,,False,,,False,,,False,,,False,,,False,,,False,,,False,,,False
taylorwilsdon/open-webui-tools,2025-07,control,53921eb17c310df70a46d641564b60453f053a23,1029.0,0.0,0.0,17.0,0.0,11.9,222.0,128.0,17.0,,,,,,,,,,,,,,,left_only,,,False,,,False,,,False,,,False,,,False,,,False,,,False,,,False,,,False
taylorwilsdon/open-webui-tools,2025-08,control,53921eb17c310df70a46d641564b60453f053a23,1029.0,0.0,0.0,17.0,0.0,11.9,222.0,128.0,17.0,,,,,,,,,,,,,,,left_only,,,False,,,False,,,False,,,False,,,False,,,False,,,False,,,False,,,False
thefatedefeater/V2ray-Config,2025-02,control,515eecbef7ca8e50b7439d0910bc3a697f0d389c,580.0,0.0,0.0,4.0,59.0,3.8,43.0,16.0,4.0,,,,,,,,,,,,,,,left_only,,,False,,,False,,,False,,,False,,,False,,,False,,,False,,,False,,,False
thefatedefeater/V2ray-Config,2025-03,control,515eecbef7ca8e50b7439d0910bc3a697f0d389c,580.0,0.0,0.0,4.0,59.0,3.8,43.0,16.0,4.0,,,,,,,,,,,,,,,left_only,,,False,,,False,,,False,,,False,,,False,,,False,,,False,,,False,,,False
thefatedefeater/V2ray-Config,2025-04,control,515eecbef7ca8e50b7439d0910bc3a697f0d389c,580.0,0.0,0.0,4.0,59.0,3.8,43.0,16.0,4.0,,,,,,,,,,,,,,,left_only,,,False,,,False,,,False,,,False,,,False,,,False,,,False,,,False,,,False
thefatedefeater/V2ray-Config,2025-05,control,515eecbef7ca8e50b7439d0910bc3a697f0d389c,580.0,0.0,0.0,4.0,59.0,3.8,43.0,16.0,4.0,,,,,,,,,,,,,,,left_only,,,False,,,False,,,False,,,False,,,False,,,False,,,False,,,False,,,False
thefatedefeater/V2ray-Config,2025-06,control,515eecbef7ca8e50b7439d0910bc3a697f0d389c,580.0,0.0,0.0,4.0,59.0,3.8,43.0,16.0,4.0,,,,,,,,,,,,,,,left_only,,,False,,,False,,,False,,,False,,,False,,,False,,,False,,,False,,,False
thefatedefeater/V2ray-Config,2025-07,control,515eecbef7ca8e50b7439d0910bc3a697f0d389c,580.0,0.0,0.0,4.0,59.0,3.8,43.0,16.0,4.0,,,,,,,,,,,,,,,left_only,,,False,,,False,,,False,,,False,,,False,,,False,,,False,,,False,,,False
thefatedefeater/V2ray-Config,2025-08,control,515eecbef7ca8e50b7439d0910bc3a697f0d389c,580.0,0.0,0.0,4.0,59.0,3.8,43.0,16.0,4.0,,,,,,,,,,,,,,,left_only,,,False,,,False,,,False,,,False,,,False,,,False,,,False,,,False,,,False
tusgino/llm-code-reviewer,2024-12,control,9478906fc312df80334a5f609f09a344183725da,585.0,0.0,0.0,3.0,9.8,22.2,91.0,27.0,3.0,,,,,,,,,,,,,,,left_only,,,False,,,False,,,False,,,False,,,False,,,False,,,False,,,False,,,False
tusgino/llm-code-reviewer,2025-01,control,9478906fc312df80334a5f609f09a344183725da,585.0,0.0,0.0,3.0,9.8,22.2,91.0,27.0,3.0,,,,,,,,,,,,,,,left_only,,,False,,,False,,,False,,,False,,,False,,,False,,,False,,,False,,,False
tusgino/llm-code-reviewer,2025-02,control,9478906fc312df80334a5f609f09a344183725da,585.0,0.0,0.0,3.0,9.8,22.2,91.0,27.0,3.0,,,,,,,,,,,,,,,left_only,,,False,,,False,,,False,,,False,,,False,,,False,,,False,,,False,,,False
tusgino/llm-code-reviewer,2025-03,control,9478906fc312df80334a5f609f09a344183725da,585.0,0.0,0.0,3.0,9.8,22.2,91.0,27.0,3.0,,,,,,,,,,,,,,,left_only,,,False,,,False,,,False,,,False,,,False,,,False,,,False,,,False,,,False
tusgino/llm-code-reviewer,2025-04,control,9478906fc312df80334a5f609f09a344183725da,585.0,0.0,0.0,3.0,9.8,22.2,91.0,27.0,3.0,,,,,,,,,,,,,,,left_only,,,False,,,False,,,False,,,False,,,False,,,False,,,False,,,False,,,False
tusgino/llm-code-reviewer,2025-05,control,9478906fc312df80334a5f609f09a344183725da,585.0,0.0,0.0,3.0,9.8,22.2,91.0,27.0,3.0,,,,,,,,,,,,,,,left_only,,,False,,,False,,,False,,,False,,,False,,,False,,,False,,,False,,,False
tusgino/llm-code-reviewer,2025-06,control,9478906fc312df80334a5f609f09a344183725da,585.0,0.0,0.0,3.0,9.8,22.2,91.0,27.0,3.0,,,,,,,,,,,,,,,left_only,,,False,,,False,,,False,,,False,,,False,,,False,,,False,,,False,,,False
tusgino/llm-code-reviewer,2025-07,control,9478906fc312df80334a5f609f09a344183725da,585.0,0.0,0.0,3.0,9.8,22.2,91.0,27.0,3.0,,,,,,,,,,,,,,,left_only,,,False,,,False,,,False,,,False,,,False,,,False,,,False,,,False,,,False
tusgino/llm-code-reviewer,2025-08,control,9478906fc312df80334a5f609f09a344183725da,585.0,0.0,0.0,3.0,9.8,22.2,91.0,27.0,3.0,,,,,,,,,,,,,,,left_only,,,False,,,False,,,False,,,False,,,False,,,False,,,False,,,False,,,False
viktoriasemaan/sa-ai-agent,2024-11,control,0940e9cb6507fec46df6502f341dc81a103a6aa7,402.0,0.0,7.0,5.0,0.0,17.1,8.0,25.0,12.0,,,,,,,,,,,,,,,left_only,,,False,,,False,,,False,,,False,,,False,,,False,,,False,,,False,,,False
viktoriasemaan/sa-ai-agent,2024-12,control,0940e9cb6507fec46df6502f341dc81a103a6aa7,402.0,0.0,7.0,5.0,0.0,17.1,8.0,25.0,12.0,,,,,,,,,,,,,,,left_only,,,False,,,False,,,False,,,False,,,False,,,False,,,False,,,False,,,False
viktoriasemaan/sa-ai-agent,2025-01,control,0940e9cb6507fec46df6502f341dc81a103a6aa7,402.0,0.0,7.0,5.0,0.0,17.1,8.0,25.0,12.0,,,,,,,,,,,,,,,left_only,,,False,,,False,,,False,,,False,,,False,,,False,,,False,,,False,,,False
viktoriasemaan/sa-ai-agent,2025-02,control,0940e9cb6507fec46df6502f341dc81a103a6aa7,402.0,0.0,7.0,5.0,0.0,17.1,8.0,25.0,12.0,,,,,,,,,,,,,,,left_only,,,False,,,False,,,False,,,False,,,False,,,False,,,False,,,False,,,False
viktoriasemaan/sa-ai-agent,2025-03,control,0940e9cb6507fec46df6502f341dc81a103a6aa7,402.0,0.0,7.0,5.0,0.0,17.1,8.0,25.0,12.0,,,,,,,,,,,,,,,left_only,,,False,,,False,,,False,,,False,,,False,,,False,,,False,,,False,,,False
viktoriasemaan/sa-ai-agent,2025-04,control,0940e9cb6507fec46df6502f341dc81a103a6aa7,402.0,0.0,7.0,5.0,0.0,17.1,8.0,25.0,12.0,,,,,,,,,,,,,,,left_only,,,False,,,False,,,False,,,False,,,False,,,False,,,False,,,False,,,False
viktoriasemaan/sa-ai-agent,2025-05,control,0940e9cb6507fec46df6502f341dc81a103a6aa7,402.0,0.0,7.0,5.0,0.0,17.1,8.0,25.0,12.0,,,,,,,,,,,,,,,left_only,,,False,,,False,,,False,,,False,,,False,,,False,,,False,,,False,,,False
viktoriasemaan/sa-ai-agent,2025-06,control,0940e9cb6507fec46df6502f341dc81a103a6aa7,402.0,0.0,7.0,5.0,0.0,17.1,8.0,25.0,12.0,,,,,,,,,,,,,,,left_only,,,False,,,False,,,False,,,False,,,False,,,False,,,False,,,False,,,False
viktoriasemaan/sa-ai-agent,2025-07,control,0940e9cb6507fec46df6502f341dc81a103a6aa7,402.0,0.0,7.0,5.0,0.0,17.1,8.0,25.0,12.0,,,,,,,,,,,,,,,left_only,,,False,,,False,,,False,,,False,,,False,,,False,,,False,,,False,,,False
viktoriasemaan/sa-ai-agent,2025-08,control,0940e9cb6507fec46df6502f341dc81a103a6aa7,402.0,0.0,7.0,5.0,0.0,17.1,8.0,25.0,12.0,,,,,,,,,,,,,,,left_only,,,False,,,False,,,False,,,False,,,False,,,False,,,False,,,False,,,False
vonssy/BlockBitsApp-BOT,2025-01,control,d0ef1f6adb1edcfd79b860b935f890eea804ad79,572.0,0.0,0.0,27.0,37.9,0.0,187.0,191.0,27.0,,,,,,,,,,,,,,,left_only,,,False,,,False,,,False,,,False,,,False,,,False,,,False,,,False,,,False
vonssy/BlockBitsApp-BOT,2025-02,control,d0ef1f6adb1edcfd79b860b935f890eea804ad79,572.0,0.0,0.0,27.0,37.9,0.0,187.0,191.0,27.0,,,,,,,,,,,,,,,left_only,,,False,,,False,,,False,,,False,,,False,,,False,,,False,,,False,,,False
vonssy/BlockBitsApp-BOT,2025-03,control,d0ef1f6adb1edcfd79b860b935f890eea804ad79,572.0,0.0,0.0,27.0,37.9,0.0,187.0,191.0,27.0,,,,,,,,,,,,,,,left_only,,,False,,,False,,,False,,,False,,,False,,,False,,,False,,,False,,,False
vonssy/BlockBitsApp-BOT,2025-04,control,d0ef1f6adb1edcfd79b860b935f890eea804ad79,572.0,0.0,0.0,27.0,37.9,0.0,187.0,191.0,27.0,,,,,,,,,,,,,,,left_only,,,False,,,False,,,False,,,False,,,False,,,False,,,False,,,False,,,False
vonssy/BlockBitsApp-BOT,2025-05,control,d0ef1f6adb1edcfd79b860b935f890eea804ad79,572.0,0.0,0.0,27.0,37.9,0.0,187.0,191.0,27.0,,,,,,,,,,,,,,,left_only,,,False,,,False,,,False,,,False,,,False,,,False,,,False,,,False,,,False
vonssy/BlockBitsApp-BOT,2025-06,control,d0ef1f6adb1edcfd79b860b935f890eea804ad79,572.0,0.0,0.0,27.0,37.9,0.0,187.0,191.0,27.0,,,,,,,,,,,,,,,left_only,,,False,,,False,,,False,,,False,,,False,,,False,,,False,,,False,,,False
vonssy/BlockBitsApp-BOT,2025-07,control,d0ef1f6adb1edcfd79b860b935f890eea804ad79,572.0,0.0,0.0,27.0,37.9,0.0,187.0,191.0,27.0,,,,,,,,,,,,,,,left_only,,,False,,,False,,,False,,,False,,,False,,,False,,,False,,,False,,,False
vonssy/BlockBitsApp-BOT,2025-08,control,d0ef1f6adb1edcfd79b860b935f890eea804ad79,572.0,0.0,0.0,27.0,37.9,0.0,187.0,191.0,27.0,,,,,,,,,,,,,,,left_only,,,False,,,False,,,False,,,False,,,False,,,False,,,False,,,False,,,False
vonssy/DreamerQuests-BOT,2025-08,control,2b4b4321c826efc3c8dc44982fcb439466ff5ebe,458.0,3.0,0.0,14.0,4.7,0.0,143.0,120.0,17.0,,,,,,,,,,,,,,,left_only,,,False,,,False,,,False,,,False,,,False,,,False,,,False,,,False,,,False
vortezwohl/Bhakti,2025-05,control,3c1e782cb94cc3a3880de6151bcc17dce24521ac,1243.0,0.0,0.0,20.0,2.8,2.5,188.0,250.0,20.0,,,,,,,,,,,,,,,left_only,,,False,,,False,,,False,,,False,,,False,,,False,,,False,,,False,,,False
vortezwohl/Bhakti,2025-06,control,3c1e782cb94cc3a3880de6151bcc17dce24521ac,1243.0,0.0,0.0,20.0,2.8,2.5,188.0,250.0,20.0,,,,,,,,,,,,,,,left_only,,,False,,,False,,,False,,,False,,,False,,,False,,,False,,,False,,,False
vortezwohl/Bhakti,2025-07,control,3c1e782cb94cc3a3880de6151bcc17dce24521ac,1243.0,0.0,0.0,20.0,2.8,2.5,188.0,250.0,20.0,,,,,,,,,,,,,,,left_only,,,False,,,False,,,False,,,False,,,False,,,False,,,False,,,False,,,False
vortezwohl/Bhakti,2025-08,control,3c1e782cb94cc3a3880de6151bcc17dce24521ac,1243.0,0.0,0.0,20.0,2.8,2.5,188.0,250.0,20.0,,,,,,,,,,,,,,,left_only,,,False,,,False,,,False,,,False,,,False,,,False,,,False,,,False,,,False
weizequan/TASHR,2024-04,control,1a07e41961e032d4f663af63e0199f177a2561bf,4116.0,12.0,0.0,229.0,9.7,19.5,677.0,1162.0,241.0,,,,,,,,,,,,,,,left_only,,,False,,,False,,,False,,,False,,,False,,,False,,,False,,,False,,,False
weizequan/TASHR,2024-05,control,1a07e41961e032d4f663af63e0199f177a2561bf,4116.0,12.0,0.0,229.0,9.7,19.5,677.0,1162.0,241.0,,,,,,,,,,,,,,,left_only,,,False,,,False,,,False,,,False,,,False,,,False,,,False,,,False,,,False
weizequan/TASHR,2024-06,control,1a07e41961e032d4f663af63e0199f177a2561bf,4116.0,12.0,0.0,229.0,9.7,19.5,677.0,1162.0,241.0,,,,,,,,,,,,,,,left_only,,,False,,,False,,,False,,,False,,,False,,,False,,,False,,,False,,,False
weizequan/TASHR,2024-07,control,1a07e41961e032d4f663af63e0199f177a2561bf,4116.0,12.0,0.0,229.0,9.7,19.5,677.0,1162.0,241.0,,,,,,,,,,,,,,,left_only,,,False,,,False,,,False,,,False,,,False,,,False,,,False,,,False,,,False
weizequan/TASHR,2024-08,control,1a07e41961e032d4f663af63e0199f177a2561bf,4116.0,12.0,0.0,229.0,9.7,19.5,677.0,1162.0,241.0,,,,,,,,,,,,,,,left_only,,,False,,,False,,,False,,,False,,,False,,,False,,,False,,,False,,,False
weizequan/TASHR,2024-09,control,1a07e41961e032d4f663af63e0199f177a2561bf,4116.0,12.0,0.0,229.0,9.7,19.5,677.0,1162.0,241.0,,,,,,,,,,,,,,,left_only,,,False,,,False,,,False,,,False,,,False,,,False,,,False,,,False,,,False
weizequan/TASHR,2024-10,control,1a07e41961e032d4f663af63e0199f177a2561bf,4116.0,12.0,0.0,229.0,9.7,19.5,677.0,1162.0,241.0,,,,,,,,,,,,,,,left_only,,,False,,,False,,,False,,,False,,,False,,,False,,,False,,,False,,,False
weizequan/TASHR,2024-11,control,1a07e41961e032d4f663af63e0199f177a2561bf,4116.0,12.0,0.0,229.0,9.7,19.5,677.0,1162.0,241.0,,,,,,,,,,,,,,,left_only,,,False,,,False,,,False,,,False,,,False,,,False,,,False,,,False,,,False
weizequan/TASHR,2024-12,control,1a07e41961e032d4f663af63e0199f177a2561bf,4116.0,12.0,0.0,229.0,9.7,19.5,677.0,1162.0,241.0,,,,,,,,,,,,,,,left_only,,,False,,,False,,,False,,,False,,,False,,,False,,,False,,,False,,,False
weizequan/TASHR,2025-01,control,1a07e41961e032d4f663af63e0199f177a2561bf,4116.0,12.0,0.0,229.0,9.7,19.5,677.0,1162.0,241.0,,,,,,,,,,,,,,,left_only,,,False,,,False,,,False,,,False,,,False,,,False,,,False,,,False,,,False
weizequan/TASHR,2025-02,control,1a07e41961e032d4f663af63e0199f177a2561bf,4116.0,12.0,0.0,229.0,9.7,19.5,677.0,1162.0,241.0,,,,,,,,,,,,,,,left_only,,,False,,,False,,,False,,,False,,,False,,,False,,,False,,,False,,,False
weizequan/TASHR,2025-03,control,1a07e41961e032d4f663af63e0199f177a2561bf,4116.0,12.0,0.0,229.0,9.7,19.5,677.0,1162.0,241.0,,,,,,,,,,,,,,,left_only,,,False,,,False,,,False,,,False,,,False,,,False,,,False,,,False,,,False
weizequan/TASHR,2025-04,control,1a07e41961e032d4f663af63e0199f177a2561bf,4116.0,12.0,0.0,229.0,9.7,19.5,677.0,1162.0,241.0,,,,,,,,,,,,,,,left_only,,,False,,,False,,,False,,,False,,,False,,,False,,,False,,,False,,,False
weizequan/TASHR,2025-05,control,1a07e41961e032d4f663af63e0199f177a2561bf,4116.0,12.0,0.0,229.0,9.7,19.5,677.0,1162.0,241.0,,,,,,,,,,,,,,,left_only,,,False,,,False,,,False,,,False,,,False,,,False,,,False,,,False,,,False
weizequan/TASHR,2025-06,control,1a07e41961e032d4f663af63e0199f177a2561bf,4116.0,12.0,0.0,229.0,9.7,19.5,677.0,1162.0,241.0,,,,,,,,,,,,,,,left_only,,,False,,,False,,,False,,,False,,,False,,,False,,,False,,,False,,,False
weizequan/TASHR,2025-07,control,1a07e41961e032d4f663af63e0199f177a2561bf,4116.0,12.0,0.0,229.0,9.7,19.5,677.0,1162.0,241.0,,,,,,,,,,,,,,,left_only,,,False,,,False,,,False,,,False,,,False,,,False,,,False,,,False,,,False
weizequan/TASHR,2025-08,control,1a07e41961e032d4f663af63e0199f177a2561bf,4116.0,12.0,0.0,229.0,9.7,19.5,677.0,1162.0,241.0,,,,,,,,,,,,,,,left_only,,,False,,,False,,,False,,,False,,,False,,,False,,,False,,,False,,,False
xinsir6/ControlNetPlus,2024-10,control,b48420576eac63c04388cb65fb74513cbd17405a,5269.0,2.0,0.0,231.0,35.9,22.4,1258.0,1774.0,233.0,,,,,,,,,,,,,,,left_only,,,False,,,False,,,False,,,False,,,False,,,False,,,False,,,False,,,False
xinsir6/ControlNetPlus,2024-11,control,b48420576eac63c04388cb65fb74513cbd17405a,5269.0,2.0,0.0,231.0,35.9,22.4,1258.0,1774.0,233.0,,,,,,,,,,,,,,,left_only,,,False,,,False,,,False,,,False,,,False,,,False,,,False,,,False,,,False
xinsir6/ControlNetPlus,2024-12,control,b48420576eac63c04388cb65fb74513cbd17405a,5269.0,2.0,0.0,231.0,35.9,22.4,1258.0,1774.0,233.0,,,,,,,,,,,,,,,left_only,,,False,,,False,,,False,,,False,,,False,,,False,,,False,,,False,,,False
xinsir6/ControlNetPlus,2025-01,control,b48420576eac63c04388cb65fb74513cbd17405a,5269.0,2.0,0.0,231.0,35.9,22.4,1258.0,1774.0,233.0,,,,,,,,,,,,,,,left_only,,,False,,,False,,,False,,,False,,,False,,,False,,,False,,,False,,,False
xinsir6/ControlNetPlus,2025-02,control,b48420576eac63c04388cb65fb74513cbd17405a,5269.0,2.0,0.0,231.0,35.9,22.4,1258.0,1774.0,233.0,,,,,,,,,,,,,,,left_only,,,False,,,False,,,False,,,False,,,False,,,False,,,False,,,False,,,False
xinsir6/ControlNetPlus,2025-03,control,b48420576eac63c04388cb65fb74513cbd17405a,5269.0,2.0,0.0,231.0,35.9,22.4,1258.0,1774.0,233.0,,,,,,,,,,,,,,,left_only,,,False,,,False,,,False,,,False,,,False,,,False,,,False,,,False,,,False
xinsir6/ControlNetPlus,2025-04,control,b48420576eac63c04388cb65fb74513cbd17405a,5269.0,2.0,0.0,231.0,35.9,22.4,1258.0,1774.0,233.0,,,,,,,,,,,,,,,left_only,,,False,,,False,,,False,,,False,,,False,,,False,,,False,,,False,,,False
xinsir6/ControlNetPlus,2025-05,control,b48420576eac63c04388cb65fb74513cbd17405a,5269.0,2.0,0.0,231.0,35.9,22.4,1258.0,1774.0,233.0,,,,,,,,,,,,,,,left_only,,,False,,,False,,,False,,,False,,,False,,,False,,,False,,,False,,,False
xinsir6/ControlNetPlus,2025-06,control,b48420576eac63c04388cb65fb74513cbd17405a,5269.0,2.0,0.0,231.0,35.9,22.4,1258.0,1774.0,233.0,,,,,,,,,,,,,,,left_only,,,False,,,False,,,False,,,False,,,False,,,False,,,False,,,False,,,False
xinsir6/ControlNetPlus,2025-07,control,b48420576eac63c04388cb65fb74513cbd17405a,5269.0,2.0,0.0,231.0,35.9,22.4,1258.0,1774.0,233.0,,,,,,,,,,,,,,,left_only,,,False,,,False,,,False,,,False,,,False,,,False,,,False,,,False,,,False
xinsir6/ControlNetPlus,2025-08,control,b48420576eac63c04388cb65fb74513cbd17405a,5269.0,2.0,0.0,231.0,35.9,22.4,1258.0,1774.0,233.0,,,,,,,,,,,,,,,left_only,,,False,,,False,,,False,,,False,,,False,,,False,,,False,,,False,,,False
xnl-h4ck3r/getSubsidiaries,2025-01,control,88fce1c0e0554406c26c39b3ee7858bd108ff714,65.0,0.0,0.0,1.0,0.0,9.7,30.0,19.0,1.0,,,,,,,,,,,,,,,left_only,,,False,,,False,,,False,,,False,,,False,,,False,,,False,,,False,,,False
xnl-h4ck3r/getSubsidiaries,2025-02,control,88fce1c0e0554406c26c39b3ee7858bd108ff714,65.0,0.0,0.0,1.0,0.0,9.7,30.0,19.0,1.0,,,,,,,,,,,,,,,left_only,,,False,,,False,,,False,,,False,,,False,,,False,,,False,,,False,,,False
xnl-h4ck3r/getSubsidiaries,2025-03,control,88fce1c0e0554406c26c39b3ee7858bd108ff714,65.0,0.0,0.0,1.0,0.0,9.7,30.0,19.0,1.0,,,,,,,,,,,,,,,left_only,,,False,,,False,,,False,,,False,,,False,,,False,,,False,,,False,,,False
xnl-h4ck3r/getSubsidiaries,2025-04,control,88fce1c0e0554406c26c39b3ee7858bd108ff714,65.0,0.0,0.0,1.0,0.0,9.7,30.0,19.0,1.0,,,,,,,,,,,,,,,left_only,,,False,,,False,,,False,,,False,,,False,,,False,,,False,,,False,,,False
xnl-h4ck3r/getSubsidiaries,2025-05,control,88fce1c0e0554406c26c39b3ee7858bd108ff714,65.0,0.0,0.0,1.0,0.0,9.7,30.0,19.0,1.0,,,,,,,,,,,,,,,left_only,,,False,,,False,,,False,,,False,,,False,,,False,,,False,,,False,,,False
xnl-h4ck3r/getSubsidiaries,2025-06,control,88fce1c0e0554406c26c39b3ee7858bd108ff714,65.0,0.0,0.0,1.0,0.0,9.7,30.0,19.0,1.0,,,,,,,,,,,,,,,left_only,,,False,,,False,,,False,,,False,,,False,,,False,,,False,,,False,,,False
xnl-h4ck3r/getSubsidiaries,2025-07,control,88fce1c0e0554406c26c39b3ee7858bd108ff714,65.0,0.0,0.0,1.0,0.0,9.7,30.0,19.0,1.0,,,,,,,,,,,,,,,left_only,,,False,,,False,,,False,,,False,,,False,,,False,,,False,,,False,,,False
xnl-h4ck3r/getSubsidiaries,2025-08,control,88fce1c0e0554406c26c39b3ee7858bd108ff714,65.0,0.0,0.0,1.0,0.0,9.7,30.0,19.0,1.0,,,,,,,,,,,,,,,left_only,,,False,,,False,,,False,,,False,,,False,,,False,,,False,,,False,,,False
yihozhang/most-influential-pl-papers,2025-02,control,cd397fb86c16b68e2dfafc7f74667b492be74a1d,75.0,0.0,0.0,5.0,0.0,6.3,16.0,25.0,5.0,,,,,,,,,,,,,,,left_only,,,False,,,False,,,False,,,False,,,False,,,False,,,False,,,False,,,False
yihozhang/most-influential-pl-papers,2025-03,control,cd397fb86c16b68e2dfafc7f74667b492be74a1d,75.0,0.0,0.0,5.0,0.0,6.3,16.0,25.0,5.0,,,,,,,,,,,,,,,left_only,,,False,,,False,,,False,,,False,,,False,,,False,,,False,,,False,,,False
yihozhang/most-influential-pl-papers,2025-04,control,cd397fb86c16b68e2dfafc7f74667b492be74a1d,75.0,0.0,0.0,5.0,0.0,6.3,16.0,25.0,5.0,,,,,,,,,,,,,,,left_only,,,False,,,False,,,False,,,False,,,False,,,False,,,False,,,False,,,False
yihozhang/most-influential-pl-papers,2025-05,control,cd397fb86c16b68e2dfafc7f74667b492be74a1d,75.0,0.0,0.0,5.0,0.0,6.3,16.0,25.0,5.0,,,,,,,,,,,,,,,left_only,,,False,,,False,,,False,,,False,,,False,,,False,,,False,,,False,,,False
yihozhang/most-influential-pl-papers,2025-06,control,cd397fb86c16b68e2dfafc7f74667b492be74a1d,75.0,0.0,0.0,5.0,0.0,6.3,16.0,25.0,5.0,,,,,,,,,,,,,,,left_only,,,False,,,False,,,False,,,False,,,False,,,False,,,False,,,False,,,False
yihozhang/most-influential-pl-papers,2025-07,control,cd397fb86c16b68e2dfafc7f74667b492be74a1d,75.0,0.0,0.0,5.0,0.0,6.3,16.0,25.0,5.0,,,,,,,,,,,,,,,left_only,,,False,,,False,,,False,,,False,,,False,,,False,,,False,,,False,,,False
yihozhang/most-influential-pl-papers,2025-08,control,cd397fb86c16b68e2dfafc7f74667b492be74a1d,75.0,0.0,0.0,5.0,0.0,6.3,16.0,25.0,5.0,,,,,,,,,,,,,,,left_only,,,False,,,False,,,False,,,False,,,False,,,False,,,False,,,False,,,False
yoongi43/music_audio_enhancement_conformer,2025-04,control,13e6e3452bbff16ec810b9c074c466b2e4abcf4a,1366.0,0.0,2.0,83.0,5.1,11.6,167.0,379.0,85.0,,,,,,,,,,,,,,,left_only,,,False,,,False,,,False,,,False,,,False,,,False,,,False,,,False,,,False
yoongi43/music_audio_enhancement_conformer,2025-05,control,13e6e3452bbff16ec810b9c074c466b2e4abcf4a,1366.0,0.0,2.0,83.0,5.1,11.6,167.0,379.0,85.0,,,,,,,,,,,,,,,left_only,,,False,,,False,,,False,,,False,,,False,,,False,,,False,,,False,,,False
yoongi43/music_audio_enhancement_conformer,2025-06,control,13e6e3452bbff16ec810b9c074c466b2e4abcf4a,1366.0,0.0,2.0,83.0,5.1,11.6,167.0,379.0,85.0,,,,,,,,,,,,,,,left_only,,,False,,,False,,,False,,,False,,,False,,,False,,,False,,,False,,,False
yoongi43/music_audio_enhancement_conformer,2025-07,control,13e6e3452bbff16ec810b9c074c466b2e4abcf4a,1366.0,0.0,2.0,83.0,5.1,11.6,167.0,379.0,85.0,,,,,,,,,,,,,,,left_only,,,False,,,False,,,False,,,False,,,False,,,False,,,False,,,False,,,False
yoongi43/music_audio_enhancement_conformer,2025-08,control,13e6e3452bbff16ec810b9c074c466b2e4abcf4a,1366.0,0.0,2.0,83.0,5.1,11.6,167.0,379.0,85.0,,,,,,,,,,,,,,,left_only,,,False,,,False,,,False,,,False,,,False,,,False,,,False,,,False,,,False
ysj9909/SHViT,2024-07,control,6a729ccf18e0b941714b529638bd3d9bacebcef0,5389.0,0.0,10.0,766.0,34.3,8.7,668.0,3967.0,776.0,,,,,,,,,,,,,,,left_only,,,False,,,False,,,False,,,False,,,False,,,False,,,False,,,False,,,False
ysj9909/SHViT,2024-08,control,6a729ccf18e0b941714b529638bd3d9bacebcef0,5389.0,0.0,10.0,766.0,34.3,8.7,668.0,3967.0,776.0,,,,,,,,,,,,,,,left_only,,,False,,,False,,,False,,,False,,,False,,,False,,,False,,,False,,,False
ysj9909/SHViT,2024-09,control,6a729ccf18e0b941714b529638bd3d9bacebcef0,5389.0,0.0,10.0,766.0,34.3,8.7,668.0,3967.0,776.0,,,,,,,,,,,,,,,left_only,,,False,,,False,,,False,,,False,,,False,,,False,,,False,,,False,,,False
ysj9909/SHViT,2024-10,control,6a729ccf18e0b941714b529638bd3d9bacebcef0,5389.0,0.0,10.0,766.0,34.3,8.7,668.0,3967.0,776.0,,,,,,,,,,,,,,,left_only,,,False,,,False,,,False,,,False,,,False,,,False,,,False,,,False,,,False
ysj9909/SHViT,2024-11,control,6a729ccf18e0b941714b529638bd3d9bacebcef0,5389.0,0.0,10.0,766.0,34.3,8.7,668.0,3967.0,776.0,,,,,,,,,,,,,,,left_only,,,False,,,False,,,False,,,False,,,False,,,False,,,False,,,False,,,False
ysj9909/SHViT,2024-12,control,6a729ccf18e0b941714b529638bd3d9bacebcef0,5389.0,0.0,10.0,766.0,34.3,8.7,668.0,3967.0,776.0,,,,,,,,,,,,,,,left_only,,,False,,,False,,,False,,,False,,,False,,,False,,,False,,,False,,,False
ysj9909/SHViT,2025-01,control,6a729ccf18e0b941714b529638bd3d9bacebcef0,5389.0,0.0,10.0,766.0,34.3,8.7,668.0,3967.0,776.0,,,,,,,,,,,,,,,left_only,,,False,,,False,,,False,,,False,,,False,,,False,,,False,,,False,,,False
ysj9909/SHViT,2025-02,control,6a729ccf18e0b941714b529638bd3d9bacebcef0,5389.0,0.0,10.0,766.0,34.3,8.7,668.0,3967.0,776.0,,,,,,,,,,,,,,,left_only,,,False,,,False,,,False,,,False,,,False,,,False,,,False,,,False,,,False
ysj9909/SHViT,2025-03,control,6a729ccf18e0b941714b529638bd3d9bacebcef0,5389.0,0.0,10.0,766.0,34.3,8.7,668.0,3967.0,776.0,,,,,,,,,,,,,,,left_only,,,False,,,False,,,False,,,False,,,False,,,False,,,False,,,False,,,False
ysj9909/SHViT,2025-04,control,6a729ccf18e0b941714b529638bd3d9bacebcef0,5389.0,0.0,10.0,766.0,34.3,8.7,668.0,3967.0,776.0,,,,,,,,,,,,,,,left_only,,,False,,,False,,,False,,,False,,,False,,,False,,,False,,,False,,,False
ysj9909/SHViT,2025-05,control,6a729ccf18e0b941714b529638bd3d9bacebcef0,5389.0,0.0,10.0,766.0,34.3,8.7,668.0,3967.0,776.0,,,,,,,,,,,,,,,left_only,,,False,,,False,,,False,,,False,,,False,,,False,,,False,,,False,,,False
ysj9909/SHViT,2025-06,control,6a729ccf18e0b941714b529638bd3d9bacebcef0,5389.0,0.0,10.0,766.0,34.3,8.7,668.0,3967.0,776.0,,,,,,,,,,,,,,,left_only,,,False,,,False,,,False,,,False,,,False,,,False,,,False,,,False,,,False
ysj9909/SHViT,2025-07,control,6a729ccf18e0b941714b529638bd3d9bacebcef0,5389.0,0.0,10.0,766.0,34.3,8.7,668.0,3967.0,776.0,,,,,,,,,,,,,,,left_only,,,False,,,False,,,False,,,False,,,False,,,False,,,False,,,False,,,False
ysj9909/SHViT,2025-08,control,6a729ccf18e0b941714b529638bd3d9bacebcef0,5389.0,0.0,10.0,766.0,34.3,8.7,668.0,3967.0,776.0,,,,,,,,,,,,,,,left_only,,,False,,,False,,,False,,,False,,,False,,,False,,,False,,,False,,,False
zeyangsha/De-Fake,2025-07,control,7584f06d4fd81416b4f7eef68f45aaeb39119c8c,5062.0,0.0,10.0,94.0,94.5,14.3,780.0,669.0,104.0,,,,,,,,,,,,,,,left_only,,,False,,,False,,,False,,,False,,,False,,,False,,,False,,,False,,,False
zeyangsha/De-Fake,2025-08,control,7584f06d4fd81416b4f7eef68f45aaeb39119c8c,5062.0,0.0,10.0,94.0,94.5,14.3,780.0,669.0,104.0,,,,,,,,,,,,,,,left_only,,,False,,,False,,,False,,,False,,,False,,,False,,,False,,,False,,,False
zhang-xr/FirmLLM,2025-05,control,8dc567bdfa7fa514f1138725c1195261fc8aa041,5691.0,6.0,1.0,175.0,3.8,8.4,1592.0,1455.0,182.0,,,,,,,,,,,,,,,left_only,,,False,,,False,,,False,,,False,,,False,,,False,,,False,,,False,,,False
zhang-xr/FirmLLM,2025-06,control,8dc567bdfa7fa514f1138725c1195261fc8aa041,5691.0,6.0,1.0,175.0,3.8,8.4,1592.0,1455.0,182.0,,,,,,,,,,,,,,,left_only,,,False,,,False,,,False,,,False,,,False,,,False,,,False,,,False,,,False
zhang-xr/FirmLLM,2025-07,control,8dc567bdfa7fa514f1138725c1195261fc8aa041,5691.0,6.0,1.0,175.0,3.8,8.4,1592.0,1455.0,182.0,,,,,,,,,,,,,,,left_only,,,False,,,False,,,False,,,False,,,False,,,False,,,False,,,False,,,False
zhang-xr/FirmLLM,2025-08,control,8dc567bdfa7fa514f1138725c1195261fc8aa041,5691.0,6.0,1.0,175.0,3.8,8.4,1592.0,1455.0,182.0,,,,,,,,,,,,,,,left_only,,,False,,,False,,,False,,,False,,,False,,,False,,,False,,,False,,,False
zhipeixu/FakeShield,2025-07,control,346cb6c74c9a426c1c00d98b13e5f417161a94c1,54250.0,15.0,19.0,1484.0,6.5,29.5,9348.0,10282.0,1518.0,,,,,,,,,,,,,,,left_only,,,False,,,False,,,False,,,False,,,False,,,False,,,False,,,False,,,False
zhipeixu/FakeShield,2025-08,control,346cb6c74c9a426c1c00d98b13e5f417161a94c1,54250.0,15.0,19.0,1484.0,6.5,29.5,9348.0,10282.0,1518.0,,,,,,,,,,,,,,,left_only,,,False,,,False,,,False,,,False,,,False,,,False,,,False,,,False,,,False
zhou19830318/xiaozhi_micropython,2025-05,control,4060890db5ad92005f3c323fa1a99a6a15ad2e21,2789.0,5.0,3.0,75.0,20.1,30.4,832.0,819.0,83.0,,,,,,,,,,,,,,,left_only,,,False,,,False,,,False,,,False,,,False,,,False,,,False,,,False,,,False
zhou19830318/xiaozhi_micropython,2025-06,control,4060890db5ad92005f3c323fa1a99a6a15ad2e21,2789.0,5.0,3.0,75.0,20.1,30.4,832.0,819.0,83.0,,,,,,,,,,,,,,,left_only,,,False,,,False,,,False,,,False,,,False,,,False,,,False,,,False,,,False
zhou19830318/xiaozhi_micropython,2025-07,control,4060890db5ad92005f3c323fa1a99a6a15ad2e21,2789.0,5.0,3.0,75.0,20.1,30.4,832.0,819.0,83.0,,,,,,,,,,,,,,,left_only,,,False,,,False,,,False,,,False,,,False,,,False,,,False,,,False,,,False
zhou19830318/xiaozhi_micropython,2025-08,control,4060890db5ad92005f3c323fa1a99a6a15ad2e21,2789.0,5.0,3.0,75.0,20.1,30.4,832.0,819.0,83.0,,,,,,,,,,,,,,,left_only,,,False,,,False,,,False,,,False,,,False,,,False,,,False,,,False,,,False
zju3dv/ready_to_react,2025-04,control,bd36d46c80ad82db499e6c597293c085de91457b,11929.0,23.0,1.0,587.0,3.6,26.5,2432.0,3091.0,611.0,,,,,,,,,,,,,,,left_only,,,False,,,False,,,False,,,False,,,False,,,False,,,False,,,False,,,False
zju3dv/ready_to_react,2025-05,control,bd36d46c80ad82db499e6c597293c085de91457b,11929.0,23.0,1.0,587.0,3.6,26.5,2432.0,3091.0,611.0,,,,,,,,,,,,,,,left_only,,,False,,,False,,,False,,,False,,,False,,,False,,,False,,,False,,,False
zju3dv/ready_to_react,2025-06,control,bd36d46c80ad82db499e6c597293c085de91457b,11929.0,23.0,1.0,587.0,3.6,26.5,2432.0,3091.0,611.0,,,,,,,,,,,,,,,left_only,,,False,,,False,,,False,,,False,,,False,,,False,,,False,,,False,,,False
zju3dv/ready_to_react,2025-07,control,bd36d46c80ad82db499e6c597293c085de91457b,11929.0,23.0,1.0,587.0,3.6,26.5,2432.0,3091.0,611.0,,,,,,,,,,,,,,,left_only,,,False,,,False,,,False,,,False,,,False,,,False,,,False,,,False,,,False
zju3dv/ready_to_react,2025-08,control,bd36d46c80ad82db499e6c597293c085de91457b,11929.0,23.0,1.0,587.0,3.6,26.5,2432.0,3091.0,611.0,,,,,,,,,,,,,,,left_only,,,False,,,False,,,False,,,False,,,False,,,False,,,False,,,False,,,False
