cause_category,source_group,repo_name,time,metric,commit_match_status,ncloc_scope_status,paper_latest_commit,our_latest_commit,paper_value,our_value,diff,abs_diff,is_treatment,post_event,time_to_event
source_scope_difference_or_mixed,treatment,zauberzeug/nicegui,2025-04,ncloc,exact_match,ncloc_different,2b8b1a696992e64578f2e4c5fc285e90b60b87a6,2b8b1a696992e64578f2e4c5fc285e90b60b87a6,211510.0,78118.0,-133392.0,133392.0,1,1,1.0
source_scope_difference_or_mixed,treatment,zauberzeug/nicegui,2025-04,technical_debt,exact_match,ncloc_different,2b8b1a696992e64578f2e4c5fc285e90b60b87a6,2b8b1a696992e64578f2e4c5fc285e90b60b87a6,193776.0,136929.0,-56847.0,56847.0,1,1,1.0
source_scope_difference_or_mixed,treatment,zauberzeug/nicegui,2025-04,cognitive_complexity,exact_match,ncloc_different,2b8b1a696992e64578f2e4c5fc285e90b60b87a6,2b8b1a696992e64578f2e4c5fc285e90b60b87a6,94814.0,65372.0,-29442.0,29442.0,1,1,1.0
source_scope_difference_or_mixed,treatment,wdm0006/elote,2025-02,cognitive_complexity,exact_match,ncloc_different,6371b529b88402434e8cafaaf0ed137b412bfd6b,6371b529b88402434e8cafaaf0ed137b412bfd6b,25342.0,275.0,-25067.0,25067.0,1,1,0.0
source_scope_difference_or_mixed,treatment,wdm0006/elote,2024-07,cognitive_complexity,exact_match,ncloc_different,75739e6ad51f3d50fdd047a0136f56b6274ad080,75739e6ad51f3d50fdd047a0136f56b6274ad080,25213.0,146.0,-25067.0,25067.0,0,0,-7.0
source_scope_difference_or_mixed,treatment,DataDog/integrations-core,2025-01,technical_debt,exact_match,ncloc_close,82c4055486147402d96748c0abd63de6850e83d1,82c4055486147402d96748c0abd63de6850e83d1,35928.0,18884.0,-17044.0,17044.0,0,0,-2.0
source_scope_difference_or_mixed,treatment,DataDog/integrations-core,2025-02,technical_debt,exact_match,ncloc_close,c3628b5ded79e88ab572dfd7bac6e5c1cd91f1d8,c3628b5ded79e88ab572dfd7bac6e5c1cd91f1d8,35815.0,18781.0,-17034.0,17034.0,0,0,-1.0
source_scope_difference_or_mixed,treatment,DataDog/integrations-core,2025-03,technical_debt,exact_match,ncloc_close,67cf3ad93e6873944bcdbd153c7305b03c2f51d4,67cf3ad93e6873944bcdbd153c7305b03c2f51d4,36164.0,19179.0,-16985.0,16985.0,1,1,0.0
source_scope_difference_or_mixed,treatment,DataDog/integrations-core,2025-04,technical_debt,exact_match,ncloc_close,fe4697fca14149122b2d992e53f8a0396755ebff,fe4697fca14149122b2d992e53f8a0396755ebff,36164.0,19262.0,-16902.0,16902.0,1,1,1.0
source_scope_difference_or_mixed,treatment,DataDog/integrations-core,2025-07,technical_debt,exact_match,ncloc_close,26abd13d37aca13903e1cf8e64b1f0f0959630f6,26abd13d37aca13903e1cf8e64b1f0f0959630f6,36876.0,20039.0,-16837.0,16837.0,1,1,4.0
source_scope_difference_or_mixed,treatment,DataDog/integrations-core,2025-08,technical_debt,exact_match,ncloc_close,af4afd423a8cce60bcaf879e543f1b696e3f0caa,af4afd423a8cce60bcaf879e543f1b696e3f0caa,37132.0,20324.0,-16808.0,16808.0,1,1,5.0
source_scope_difference_or_mixed,treatment,DataDog/integrations-core,2024-12,technical_debt,exact_match,ncloc_close,e6b077a2f4e4526dc00261698d752e7481547e66,e6b077a2f4e4526dc00261698d752e7481547e66,35613.0,18850.0,-16763.0,16763.0,0,0,-3.0
source_scope_difference_or_mixed,treatment,DataDog/integrations-core,2024-11,technical_debt,exact_match,ncloc_close,c08fd423affb8f7257d8fcb8e9a5afd869681415,c08fd423affb8f7257d8fcb8e9a5afd869681415,35413.0,18688.0,-16725.0,16725.0,0,0,-4.0
source_scope_difference_or_mixed,treatment,DataDog/integrations-core,2025-06,technical_debt,exact_match,ncloc_close,f9f78ed17fce4bcd63e24aaa39a9e47dddbd7f4f,f9f78ed17fce4bcd63e24aaa39a9e47dddbd7f4f,36392.0,19823.0,-16569.0,16569.0,1,1,3.0
source_scope_difference_or_mixed,treatment,DataDog/integrations-core,2025-05,technical_debt,exact_match,ncloc_close,1c924825332db0360a98ffc39e7c9d87618d66aa,1c924825332db0360a98ffc39e7c9d87618d66aa,36154.0,19633.0,-16521.0,16521.0,1,1,2.0
source_scope_difference_or_mixed,treatment,DataDog/integrations-core,2024-09,technical_debt,exact_match,ncloc_close,c1e85309a37c7c508f41c365f3002708f77f8cbf,c1e85309a37c7c508f41c365f3002708f77f8cbf,34980.0,18765.0,-16215.0,16215.0,0,0,-6.0
source_scope_difference_or_mixed,treatment,DataDog/integrations-core,2024-08,technical_debt,exact_match,ncloc_close,523c5afc8405d8726f7cf8867bbd5f75a75ce24e,523c5afc8405d8726f7cf8867bbd5f75a75ce24e,34216.0,18366.0,-15850.0,15850.0,0,0,-7.0
source_scope_difference_or_mixed,treatment,DataDog/integrations-core,2024-07,technical_debt,exact_match,ncloc_close,cdbf62d31e3f4f8ab0702b386c32dd06473d95e7,cdbf62d31e3f4f8ab0702b386c32dd06473d95e7,34055.0,18238.0,-15817.0,15817.0,0,0,-8.0
source_scope_difference_or_mixed,treatment,DataDog/integrations-core,2024-10,technical_debt,exact_match,ncloc_close,cbb5fc6a80505309a1b00b37b77d772255490afa,cbb5fc6a80505309a1b00b37b77d772255490afa,33907.0,18588.0,-15319.0,15319.0,0,0,-5.0
source_scope_difference_or_mixed,treatment,DataDog/integrations-core,2024-06,technical_debt,exact_match,ncloc_close,40193a9e2b1b854a8f3b95dd0e7041259f22653d,40193a9e2b1b854a8f3b95dd0e7041259f22653d,32532.0,18100.0,-14432.0,14432.0,0,0,-9.0
source_scope_difference_or_mixed,treatment,DataDog/integrations-core,2024-05,technical_debt,exact_match,ncloc_close,970e957779bbea1ac84e41927e6e0bd9f118f7ba,970e957779bbea1ac84e41927e6e0bd9f118f7ba,32175.0,18060.0,-14115.0,14115.0,0,0,-10.0
source_scope_difference_or_mixed,treatment,DataDog/integrations-core,2024-04,technical_debt,exact_match,ncloc_close,6d0b7455cbbd6b6bfc4a6d2a4ad3345d7a3b31ec,6d0b7455cbbd6b6bfc4a6d2a4ad3345d7a3b31ec,31816.0,17915.0,-13901.0,13901.0,0,0,-11.0
source_scope_difference_or_mixed,treatment,DataDog/integrations-core,2024-03,technical_debt,exact_match,ncloc_close,de516ffa17050c785c973acb4fcbab0a92a4253b,de516ffa17050c785c973acb4fcbab0a92a4253b,31209.0,17778.0,-13431.0,13431.0,0,0,-12.0
source_scope_difference_or_mixed,treatment,DataDog/integrations-core,2024-01,technical_debt,exact_match,ncloc_close,3f21b7bd08df0737cb477548d027a7a93f92f1ff,3f21b7bd08df0737cb477548d027a7a93f92f1ff,30811.0,17557.0,-13254.0,13254.0,0,0,-14.0
source_scope_difference_or_mixed,treatment,DataDog/integrations-core,2024-02,technical_debt,exact_match,ncloc_close,1209aff535676d2788511da7ff82444c89640360,1209aff535676d2788511da7ff82444c89640360,30576.0,17387.0,-13189.0,13189.0,0,0,-13.0
source_scope_difference_or_mixed,treatment,zauberzeug/nicegui,2025-04,static_analysis_warnings,exact_match,ncloc_different,2b8b1a696992e64578f2e4c5fc285e90b60b87a6,2b8b1a696992e64578f2e4c5fc285e90b60b87a6,37736.0,25428.0,-12308.0,12308.0,1,1,1.0
source_scope_difference_or_mixed,control,odoo/industry,2024-09,ncloc,exact_match,ncloc_different,363fb6fddebfa90b4696d652a0e31ca4e48a0eef,363fb6fddebfa90b4696d652a0e31ca4e48a0eef,79415.0,70067.0,-9348.0,9348.0,0,0,
source_scope_difference_or_mixed,treatment,wdm0006/elote,2024-07,ncloc,exact_match,ncloc_different,75739e6ad51f3d50fdd047a0136f56b6274ad080,75739e6ad51f3d50fdd047a0136f56b6274ad080,10123.0,906.0,-9217.0,9217.0,0,0,-7.0
source_scope_difference_or_mixed,treatment,wdm0006/elote,2025-02,ncloc,exact_match,ncloc_different,6371b529b88402434e8cafaaf0ed137b412bfd6b,6371b529b88402434e8cafaaf0ed137b412bfd6b,11558.0,2341.0,-9217.0,9217.0,1,1,0.0
source_scope_difference_or_mixed,treatment,zauberzeug/nicegui,2025-04,code_smells,exact_match,ncloc_different,2b8b1a696992e64578f2e4c5fc285e90b60b87a6,2b8b1a696992e64578f2e4c5fc285e90b60b87a6,33270.0,24822.0,-8448.0,8448.0,1,1,1.0
paper_commit_missing,treatment,cgevans/qslib,2025-05,ncloc,paper_commit_missing,,,d02b38180d3a4f06775d13e613b0f382447d7c6b,8454.0,1243.0,-7211.0,7211.0,1,1,3.0
source_scope_difference_or_mixed,control,VirtualFlow/VFVS,2024-01,ncloc,exact_match,ncloc_different,408299a0f106a08fa1792c63b3699453329cc2d6,408299a0f106a08fa1792c63b3699453329cc2d6,8129.0,1112.0,-7017.0,7017.0,0,0,
source_scope_difference_or_mixed,treatment,wdm0006/elote,2025-02,technical_debt,exact_match,ncloc_different,6371b529b88402434e8cafaaf0ed137b412bfd6b,6371b529b88402434e8cafaaf0ed137b412bfd6b,5529.0,153.0,-5376.0,5376.0,1,1,0.0
source_scope_difference_or_mixed,treatment,wdm0006/elote,2024-07,technical_debt,exact_match,ncloc_different,75739e6ad51f3d50fdd047a0136f56b6274ad080,75739e6ad51f3d50fdd047a0136f56b6274ad080,5441.0,113.0,-5328.0,5328.0,0,0,-7.0
source_scope_difference_or_mixed,treatment,ethyca/fides,2025-08,technical_debt,exact_match,ncloc_close,cb4eb8bd6ccc98b8e68630f3f7d938f1b3bf953a,cb4eb8bd6ccc98b8e68630f3f7d938f1b3bf953a,24610.0,19609.0,-5001.0,5001.0,1,1,5.0
source_scope_difference_or_mixed,treatment,ethyca/fides,2025-07,technical_debt,exact_match,ncloc_close,9f183a7ab5faa5eb0efd7d4da31808a978b91242,9f183a7ab5faa5eb0efd7d4da31808a978b91242,22434.0,17725.0,-4709.0,4709.0,1,1,4.0
source_scope_difference_or_mixed,treatment,ethyca/fides,2025-06,technical_debt,exact_match,ncloc_close,25f89cf50afcac815c38422d299fb39b35cd76a3,25f89cf50afcac815c38422d299fb39b35cd76a3,21061.0,16523.0,-4538.0,4538.0,1,1,3.0
source_scope_difference_or_mixed,treatment,PostHog/posthog,2024-05,technical_debt,exact_match,ncloc_close,9e2003c8d389a3a6ed531aa5036cc77052896979,9e2003c8d389a3a6ed531aa5036cc77052896979,45693.0,41314.0,-4379.0,4379.0,0,0,-9.0
source_scope_difference_or_mixed,treatment,PostHog/posthog,2024-03,technical_debt,exact_match,ncloc_close,92e17ce307a577c4233d4ab252eebc6c2207a5ee,92e17ce307a577c4233d4ab252eebc6c2207a5ee,43584.0,39370.0,-4214.0,4214.0,0,0,-11.0
source_scope_difference_or_mixed,treatment,PostHog/posthog,2024-04,technical_debt,exact_match,ncloc_close,e446d1983007db6960d0a524456884c7cf1d8b46,e446d1983007db6960d0a524456884c7cf1d8b46,44242.0,40031.0,-4211.0,4211.0,0,0,-10.0
source_scope_difference_or_mixed,treatment,PostHog/posthog,2024-02,technical_debt,exact_match,ncloc_close,2085f68b0550d22be1f300f57b9e4a15f1ea7efe,2085f68b0550d22be1f300f57b9e4a15f1ea7efe,42798.0,38669.0,-4129.0,4129.0,0,0,-12.0
source_scope_difference_or_mixed,treatment,cgevans/qslib,2025-02,ncloc,exact_match,ncloc_different,f231361a93b274928e71ff2cb06bee91e0bb2c11,f231361a93b274928e71ff2cb06bee91e0bb2c11,8741.0,4761.0,-3980.0,3980.0,1,1,0.0
source_scope_difference_or_mixed,treatment,PostHog/posthog,2024-06,technical_debt,exact_match,ncloc_different,0b22cc401624bedab251a98f8bc86608ca9f59e5,0b22cc401624bedab251a98f8bc86608ca9f59e5,47704.0,43730.0,-3974.0,3974.0,0,0,-8.0
source_scope_difference_or_mixed,treatment,zauberzeug/nicegui,2025-04,bugs,exact_match,ncloc_different,2b8b1a696992e64578f2e4c5fc285e90b60b87a6,2b8b1a696992e64578f2e4c5fc285e90b60b87a6,4466.0,602.0,-3864.0,3864.0,1,1,1.0
source_scope_difference_or_mixed,treatment,PostHog/posthog,2024-07,technical_debt,exact_match,ncloc_different,6499bded5585bf1423fcf6673b2f560fe4f941af,6499bded5585bf1423fcf6673b2f560fe4f941af,47888.0,44096.0,-3792.0,3792.0,0,0,-7.0
source_scope_difference_or_mixed,treatment,ethyca/fides,2024-08,technical_debt,exact_match,ncloc_close,e9174b771155abc0ff3faf1fb7b8b76836788617,e9174b771155abc0ff3faf1fb7b8b76836788617,15187.0,11653.0,-3534.0,3534.0,0,0,-7.0
source_scope_difference_or_mixed,treatment,PostHog/posthog,2024-01,technical_debt,exact_match,ncloc_close,31807262c0750a4f71a793579092e9e4a3b51abc,31807262c0750a4f71a793579092e9e4a3b51abc,40854.0,37492.0,-3362.0,3362.0,0,0,-13.0
source_scope_difference_or_mixed,control,VirtualFlow/VFVS,2024-01,technical_debt,exact_match,ncloc_different,408299a0f106a08fa1792c63b3699453329cc2d6,408299a0f106a08fa1792c63b3699453329cc2d6,3560.0,370.0,-3190.0,3190.0,0,0,
source_scope_difference_or_mixed,treatment,PostHog/posthog,2024-08,technical_debt,exact_match,ncloc_different,0a6ab2622fd9404afdc60100fef54c3c112ea379,0a6ab2622fd9404afdc60100fef54c3c112ea379,50130.0,47293.0,-2837.0,2837.0,0,0,-6.0
source_scope_difference_or_mixed,treatment,ethyca/fides,2024-06,technical_debt,exact_match,ncloc_close,6041a493e7e36e60b9267b9402c7c3332ab3f170,6041a493e7e36e60b9267b9402c7c3332ab3f170,15037.0,12265.0,-2772.0,2772.0,0,0,-9.0
source_scope_difference_or_mixed,treatment,ethyca/fides,2024-07,technical_debt,exact_match,ncloc_close,84447c0a004c65a5552acdee70ffa76a59fc864f,84447c0a004c65a5552acdee70ffa76a59fc864f,15274.0,12547.0,-2727.0,2727.0,0,0,-8.0
rule_config_analyzer_profile_signal,treatment,Anemll/Anemll,2025-07,technical_debt,exact_match,ncloc_identical,6ecb10d7dfe90533af13ac23c825ca76aab0c56e,6ecb10d7dfe90533af13ac23c825ca76aab0c56e,4799.0,2097.0,-2702.0,2702.0,1,1,5.0
source_scope_difference_or_mixed,treatment,TextGeneratorio/text-generator.io,2025-04,ncloc,exact_match,ncloc_different,5ed2b4008e2a49c4dad48dad07ef982849fc5fca,5ed2b4008e2a49c4dad48dad07ef982849fc5fca,66233.0,63638.0,-2595.0,2595.0,1,1,1.0
source_scope_difference_or_mixed,treatment,TextGeneratorio/text-generator.io,2025-05,ncloc,exact_match,ncloc_different,53455c86af4bf5e404a847de09f1c8b9e654d801,53455c86af4bf5e404a847de09f1c8b9e654d801,65058.0,62463.0,-2595.0,2595.0,1,1,2.0
source_scope_difference_or_mixed,treatment,TextGeneratorio/text-generator.io,2024-02,ncloc,exact_match,ncloc_different,5644053e2ab8c2c1d2107a0a825d1c0f0bb5c088,5644053e2ab8c2c1d2107a0a825d1c0f0bb5c088,78124.0,75529.0,-2595.0,2595.0,0,0,-13.0
source_scope_difference_or_mixed,treatment,TextGeneratorio/text-generator.io,2024-11,ncloc,exact_match,ncloc_different,e451574cd387d39aa8d1bab1cbe9d03a4131973d,e451574cd387d39aa8d1bab1cbe9d03a4131973d,61667.0,59072.0,-2595.0,2595.0,0,0,-4.0
source_scope_difference_or_mixed,treatment,TextGeneratorio/text-generator.io,2024-08,ncloc,exact_match,ncloc_different,b6d6f478ac36e37f7dcb5f3a50b932ebf350cfe2,b6d6f478ac36e37f7dcb5f3a50b932ebf350cfe2,78457.0,75862.0,-2595.0,2595.0,0,0,-7.0
source_scope_difference_or_mixed,treatment,TextGeneratorio/text-generator.io,2024-01,ncloc,exact_match,ncloc_different,92c3ebc388615849a39db668be9b52a8faf8e30f,92c3ebc388615849a39db668be9b52a8faf8e30f,78124.0,75529.0,-2595.0,2595.0,0,0,-14.0
source_scope_difference_or_mixed,treatment,TextGeneratorio/text-generator.io,2025-02,ncloc,exact_match,ncloc_different,931cde358016941d35169d0a361dde98ff36320a,931cde358016941d35169d0a361dde98ff36320a,62498.0,59903.0,-2595.0,2595.0,0,0,-1.0
source_scope_difference_or_mixed,treatment,TextGeneratorio/text-generator.io,2025-01,ncloc,exact_match,ncloc_different,41b2e647d9ca45d0987290bf299ce7e303ac415a,41b2e647d9ca45d0987290bf299ce7e303ac415a,62492.0,59897.0,-2595.0,2595.0,0,0,-2.0
source_scope_difference_or_mixed,treatment,TextGeneratorio/text-generator.io,2024-07,ncloc,exact_match,ncloc_different,eaabbefacf47cf51ba7c231df42fff37100c13c6,eaabbefacf47cf51ba7c231df42fff37100c13c6,78148.0,75553.0,-2595.0,2595.0,0,0,-8.0
source_scope_difference_or_mixed,treatment,TextGeneratorio/text-generator.io,2025-03,ncloc,exact_match,ncloc_different,f330b4fd8064ea499385da03f3fc6c297916b674,f330b4fd8064ea499385da03f3fc6c297916b674,62499.0,59904.0,-2595.0,2595.0,1,1,0.0
source_scope_difference_or_mixed,treatment,TextGeneratorio/text-generator.io,2024-12,ncloc,exact_match,ncloc_different,48e7be432b6e66beba9d471b9c5e3484de33eb3f,48e7be432b6e66beba9d471b9c5e3484de33eb3f,61662.0,59067.0,-2595.0,2595.0,0,0,-3.0
source_scope_difference_or_mixed,treatment,TextGeneratorio/text-generator.io,2025-06,ncloc,exact_match,ncloc_different,1eafa44b407969edcac558b3f8cf0c4f39ba52ae,1eafa44b407969edcac558b3f8cf0c4f39ba52ae,64476.0,61881.0,-2595.0,2595.0,1,1,3.0
source_scope_difference_or_mixed,treatment,TextGeneratorio/text-generator.io,2024-05,ncloc,exact_match,ncloc_different,0892be29955c6d268f45b5545a9091cef7372348,0892be29955c6d268f45b5545a9091cef7372348,78148.0,75553.0,-2595.0,2595.0,0,0,-10.0
source_scope_difference_or_mixed,treatment,TextGeneratorio/text-generator.io,2025-07,ncloc,exact_match,ncloc_different,3920d146d45c6c226f4321c9105a6076824d9aca,3920d146d45c6c226f4321c9105a6076824d9aca,71455.0,68868.0,-2587.0,2587.0,1,1,4.0
source_scope_difference_or_mixed,treatment,TextGeneratorio/text-generator.io,2025-08,ncloc,exact_match,ncloc_different,95ff0e2fb3cbafd6c6037e2ea559ed6fdb549b35,95ff0e2fb3cbafd6c6037e2ea559ed6fdb549b35,72672.0,70085.0,-2587.0,2587.0,1,1,5.0
source_scope_difference_or_mixed,treatment,ethyca/fides,2024-05,technical_debt,exact_match,ncloc_close,d50f5b3622c9058eee0c9aceb7f48463469afada,d50f5b3622c9058eee0c9aceb7f48463469afada,14472.0,11963.0,-2509.0,2509.0,0,0,-10.0
rule_config_analyzer_profile_signal,treatment,Anemll/Anemll,2025-06,technical_debt,exact_match,ncloc_identical,b0ea623eaac791a0803849c4f35ef8357f98935b,b0ea623eaac791a0803849c4f35ef8357f98935b,3921.0,1490.0,-2431.0,2431.0,1,1,4.0
source_scope_difference_or_mixed,treatment,ethyca/fides,2024-04,technical_debt,exact_match,ncloc_close,c617f6804ae5f841bd61f65729c1186f3c95d5b8,c617f6804ae5f841bd61f65729c1186f3c95d5b8,13683.0,11254.0,-2429.0,2429.0,0,0,-11.0
source_scope_difference_or_mixed,treatment,PostHog/posthog,2024-09,technical_debt,exact_match,ncloc_different,761c6ce0ab4db14ddede62cb61b6d6854dff7ea7,761c6ce0ab4db14ddede62cb61b6d6854dff7ea7,52474.0,50190.0,-2284.0,2284.0,0,0,-5.0
source_scope_difference_or_mixed,treatment,zauberzeug/nicegui,2024-11,bugs,exact_match,ncloc_close,25a633450d1223dcc8f1ad59d260d2e844b5519d,25a633450d1223dcc8f1ad59d260d2e844b5519d,4466.0,2276.0,-2190.0,2190.0,0,0,-4.0
source_scope_difference_or_mixed,treatment,zauberzeug/nicegui,2025-02,bugs,exact_match,ncloc_close,b71074ef73498f532234a837ea04a08ffbf4e804,b71074ef73498f532234a837ea04a08ffbf4e804,4466.0,2278.0,-2188.0,2188.0,0,0,-1.0
source_scope_difference_or_mixed,treatment,zauberzeug/nicegui,2025-01,bugs,exact_match,ncloc_close,7a540bf3dded6f1e58d32bf21a97d9a5c013afc1,7a540bf3dded6f1e58d32bf21a97d9a5c013afc1,4466.0,2278.0,-2188.0,2188.0,0,0,-2.0
source_scope_difference_or_mixed,treatment,zauberzeug/nicegui,2024-12,bugs,exact_match,ncloc_close,343dc0da8de0cf2f645cf8b5d76f5b439cb817f3,343dc0da8de0cf2f645cf8b5d76f5b439cb817f3,4466.0,2278.0,-2188.0,2188.0,0,0,-3.0
source_scope_difference_or_mixed,treatment,zauberzeug/nicegui,2025-03,bugs,exact_match,ncloc_close,745167c81c219beda5ebaf850dfb7a3e772f96ac,745167c81c219beda5ebaf850dfb7a3e772f96ac,4466.0,2278.0,-2188.0,2188.0,1,1,0.0
source_scope_difference_or_mixed,control,VirtualFlow/VFVS,2024-01,cognitive_complexity,exact_match,ncloc_different,408299a0f106a08fa1792c63b3699453329cc2d6,408299a0f106a08fa1792c63b3699453329cc2d6,2524.0,344.0,-2180.0,2180.0,0,0,
source_scope_difference_or_mixed,treatment,zauberzeug/nicegui,2025-08,bugs,exact_match,ncloc_close,47a9542199eda065b82bfefe2f159323621d3d38,47a9542199eda065b82bfefe2f159323621d3d38,2688.0,601.0,-2087.0,2087.0,1,1,5.0
source_scope_difference_or_mixed,treatment,zauberzeug/nicegui,2025-05,bugs,exact_match,ncloc_close,947772d66c6d108a7d12fe65b8b76f6110f7d20e,947772d66c6d108a7d12fe65b8b76f6110f7d20e,2688.0,602.0,-2086.0,2086.0,1,1,2.0
source_scope_difference_or_mixed,treatment,zauberzeug/nicegui,2025-07,bugs,exact_match,ncloc_close,30a70325d55e110b87a6279664e6b7987ceb2067,30a70325d55e110b87a6279664e6b7987ceb2067,2688.0,602.0,-2086.0,2086.0,1,1,4.0
source_scope_difference_or_mixed,treatment,zauberzeug/nicegui,2025-06,bugs,exact_match,ncloc_close,b3ea0df4e3b73a6e9e8f8fa57b8c052deb8f3694,b3ea0df4e3b73a6e9e8f8fa57b8c052deb8f3694,2688.0,602.0,-2086.0,2086.0,1,1,3.0
source_scope_difference_or_mixed,treatment,ethyca/fides,2024-03,technical_debt,exact_match,ncloc_close,321e9d4355a51a88bffdb51a20d85974e192f04d,321e9d4355a51a88bffdb51a20d85974e192f04d,12970.0,11032.0,-1938.0,1938.0,0,0,-12.0
source_scope_difference_or_mixed,treatment,ethyca/fides,2024-12,technical_debt,exact_match,ncloc_close,f77633e33a7b3e77e127caedfbd5d4c0256590c5,f77633e33a7b3e77e127caedfbd5d4c0256590c5,16186.0,14303.0,-1883.0,1883.0,0,0,-3.0
rule_config_analyzer_profile_signal,control,PennyLaneAI/catalyst,2025-08,technical_debt,exact_match,ncloc_identical,0150699ff9adda89142bf65e2600619d61f6d55a,0150699ff9adda89142bf65e2600619d61f6d55a,3447.0,1599.0,-1848.0,1848.0,0,0,
source_scope_difference_or_mixed,treatment,ethyca/fides,2025-01,technical_debt,exact_match,ncloc_close,c4d69ccb55793e152b0e29c7288dfd342176466f,c4d69ccb55793e152b0e29c7288dfd342176466f,16262.0,14447.0,-1815.0,1815.0,0,0,-2.0
source_scope_difference_or_mixed,treatment,PostHog/posthog,2024-10,technical_debt,exact_match,ncloc_different,12ff477551dfc5a197aca3006e14e4193183dbd8,12ff477551dfc5a197aca3006e14e4193183dbd8,53472.0,51661.0,-1811.0,1811.0,0,0,-4.0
commit_selection_difference,control,PennyLaneAI/catalyst,2025-07,technical_debt,mismatch,,0aa4fab8450c1c8f0d5baeeb48b8cef919b155f5,4f4b01a142d5224279c4d0fcd6b944fcc80b343b,3398.0,1612.0,-1786.0,1786.0,0,0,
rule_config_analyzer_profile_signal,control,PennyLaneAI/catalyst,2025-06,technical_debt,exact_match,ncloc_identical,f43af48a983a734ca863a04362b99176d506bcb8,f43af48a983a734ca863a04362b99176d506bcb8,3381.0,1614.0,-1767.0,1767.0,0,0,
source_scope_difference_or_mixed,treatment,ethyca/fides,2024-11,technical_debt,exact_match,ncloc_close,f1865030d52eabe84e650a576c9f0449d24d90a3,f1865030d52eabe84e650a576c9f0449d24d90a3,15958.0,14202.0,-1756.0,1756.0,0,0,-4.0
source_scope_difference_or_mixed,treatment,ethyca/fides,2024-10,technical_debt,exact_match,ncloc_close,d60ec78344f18bd0118e088612f496f4e816386c,d60ec78344f18bd0118e088612f496f4e816386c,15884.0,14140.0,-1744.0,1744.0,0,0,-5.0
source_scope_difference_or_mixed,treatment,zauberzeug/nicegui,2024-07,bugs,exact_match,ncloc_close,b0bc2078fb1e70607879d82ce96e3a488bc41f69,b0bc2078fb1e70607879d82ce96e3a488bc41f69,2206.0,474.0,-1732.0,1732.0,0,0,-8.0
source_scope_difference_or_mixed,treatment,zauberzeug/nicegui,2024-06,bugs,exact_match,ncloc_close,462af82d7027979fe68e7245b772c2c6cdbe7d94,462af82d7027979fe68e7245b772c2c6cdbe7d94,2206.0,474.0,-1732.0,1732.0,0,0,-9.0
source_scope_difference_or_mixed,treatment,zauberzeug/nicegui,2024-05,bugs,exact_match,ncloc_close,92a0cf0fdaee28ffba8329483e55f2a5d5c529fe,92a0cf0fdaee28ffba8329483e55f2a5d5c529fe,2205.0,473.0,-1732.0,1732.0,0,0,-10.0
source_scope_difference_or_mixed,treatment,zauberzeug/nicegui,2024-01,bugs,exact_match,ncloc_close,f4c57a962f8cc96085eb41860c1346da77228824,f4c57a962f8cc96085eb41860c1346da77228824,2203.0,471.0,-1732.0,1732.0,0,0,-14.0
commit_selection_difference,treatment,zauberzeug/nicegui,2024-02,bugs,mismatch,,38fcfe13fd8e5b297a8cb12aa357f94ad3d84eda,4a0c1c874fc3b56c4f2dc400a4367a71df5a66fe,2204.0,472.0,-1732.0,1732.0,0,0,-13.0
source_scope_difference_or_mixed,treatment,zauberzeug/nicegui,2024-04,bugs,exact_match,ncloc_close,1bce2bad367d5baf842badb51a0d78c8543a49ef,1bce2bad367d5baf842badb51a0d78c8543a49ef,2205.0,473.0,-1732.0,1732.0,0,0,-11.0
source_scope_difference_or_mixed,treatment,zauberzeug/nicegui,2024-03,bugs,exact_match,ncloc_close,fff7b27eea91bf2b3d3f3080f0919c3ac62978b8,fff7b27eea91bf2b3d3f3080f0919c3ac62978b8,2204.0,472.0,-1732.0,1732.0,0,0,-12.0
source_scope_difference_or_mixed,treatment,DataDog/integrations-core,2024-01,ncloc,exact_match,ncloc_close,3f21b7bd08df0737cb477548d027a7a93f92f1ff,3f21b7bd08df0737cb477548d027a7a93f92f1ff,409310.0,407677.0,-1633.0,1633.0,0,0,-14.0
rule_config_analyzer_profile_signal,control,PennyLaneAI/catalyst,2025-05,technical_debt,exact_match,ncloc_identical,06db0834814629bbac4bea9188101898cc4b0a91,06db0834814629bbac4bea9188101898cc4b0a91,3162.0,1561.0,-1601.0,1601.0,0,0,
source_scope_difference_or_mixed,treatment,ethyca/fides,2024-09,technical_debt,exact_match,ncloc_close,a6510c126e548353bfa0c6dcde66796d998dcdad,a6510c126e548353bfa0c6dcde66796d998dcdad,15533.0,13942.0,-1591.0,1591.0,0,0,-6.0
source_scope_difference_or_mixed,control,odoo/industry,2024-11,ncloc,exact_match,ncloc_different,44ed3fa0802163f13d2b23ca0fdc7f50df80d267,44ed3fa0802163f13d2b23ca0fdc7f50df80d267,85458.0,83880.0,-1578.0,1578.0,0,0,
source_scope_difference_or_mixed,control,PennyLaneAI/catalyst,2025-04,technical_debt,exact_match,ncloc_close,6b142ed845381abc56f14054aa2abaec7e34b6c7,6b142ed845381abc56f14054aa2abaec7e34b6c7,3116.0,1544.0,-1572.0,1572.0,0,0,
rule_config_analyzer_profile_signal,control,PennyLaneAI/catalyst,2025-03,technical_debt,exact_match,ncloc_identical,d5329df09ed618392f858c17160e1d7833a2588c,d5329df09ed618392f858c17160e1d7833a2588c,3046.0,1498.0,-1548.0,1548.0,0,0,
rule_config_analyzer_profile_signal,control,PennyLaneAI/catalyst,2025-02,technical_debt,exact_match,ncloc_identical,f4f4105451484b80b4fb3f71dc41ff395c188cce,f4f4105451484b80b4fb3f71dc41ff395c188cce,3018.0,1480.0,-1538.0,1538.0,0,0,
rule_config_analyzer_profile_signal,control,aio-libs/aiohttp,2024-02,technical_debt,exact_match,ncloc_identical,a75ed655d7200102bb0129445469a6f5b6fc7f45,a75ed655d7200102bb0129445469a6f5b6fc7f45,4346.0,2836.0,-1510.0,1510.0,0,0,
rule_config_analyzer_profile_signal,control,PennyLaneAI/catalyst,2025-01,technical_debt,exact_match,ncloc_identical,d7391b2a18820e80af59095204f668f1758e2278,d7391b2a18820e80af59095204f668f1758e2278,2972.0,1465.0,-1507.0,1507.0,0,0,
rule_config_analyzer_profile_signal,control,aio-libs/aiohttp,2024-09,technical_debt,exact_match,ncloc_identical,22a12cc2e2ef289d9e96fd87dfc17272177e52ac,22a12cc2e2ef289d9e96fd87dfc17272177e52ac,4400.0,2906.0,-1494.0,1494.0,0,0,
rule_config_analyzer_profile_signal,control,aio-libs/aiohttp,2024-03,technical_debt,exact_match,ncloc_identical,1542348fb93fabac142833d267c22210644c0b5e,1542348fb93fabac142833d267c22210644c0b5e,4152.0,2671.0,-1481.0,1481.0,0,0,
source_scope_difference_or_mixed,control,PennyLaneAI/catalyst,2024-11,technical_debt,exact_match,ncloc_close,61c06b1ba294325392f65f93ab7b9292e9fe1800,61c06b1ba294325392f65f93ab7b9292e9fe1800,2940.0,1459.0,-1481.0,1481.0,0,0,
rule_config_analyzer_profile_signal,control,aio-libs/aiohttp,2024-04,technical_debt,exact_match,ncloc_identical,c215e56dc175e9da545e73b00531f743833e0de8,c215e56dc175e9da545e73b00531f743833e0de8,4320.0,2839.0,-1481.0,1481.0,0,0,
rule_config_analyzer_profile_signal,control,aio-libs/aiohttp,2024-06,technical_debt,exact_match,ncloc_identical,10e3940aff0945180b71193a45cedf927b4d448d,10e3940aff0945180b71193a45cedf927b4d448d,4320.0,2844.0,-1476.0,1476.0,0,0,
rule_config_analyzer_profile_signal,control,aio-libs/aiohttp,2024-05,technical_debt,exact_match,ncloc_identical,25e3e41ad0012381f214886ff437b924a4fda2f2,25e3e41ad0012381f214886ff437b924a4fda2f2,4320.0,2844.0,-1476.0,1476.0,0,0,
source_scope_difference_or_mixed,control,PennyLaneAI/catalyst,2024-09,technical_debt,exact_match,ncloc_close,50635c76e940677a89e4055307c9eb1083a36600,50635c76e940677a89e4055307c9eb1083a36600,2974.0,1498.0,-1476.0,1476.0,0,0,
source_scope_difference_or_mixed,control,PennyLaneAI/catalyst,2024-10,technical_debt,exact_match,ncloc_close,0e1c24d7ef626f18800978df9cd34e5177da042d,0e1c24d7ef626f18800978df9cd34e5177da042d,2989.0,1518.0,-1471.0,1471.0,0,0,
source_scope_difference_or_mixed,treatment,ethyca/fides,2024-02,technical_debt,exact_match,ncloc_close,14aad9bceaffc32d7da28a07841734d7099db990,14aad9bceaffc32d7da28a07841734d7099db990,12000.0,10534.0,-1466.0,1466.0,0,0,-13.0
rule_config_analyzer_profile_signal,control,PennyLaneAI/catalyst,2024-12,technical_debt,exact_match,ncloc_identical,4ab437d35491088597bb6f2e4261bab3c3cedc2b,4ab437d35491088597bb6f2e4261bab3c3cedc2b,3035.0,1576.0,-1459.0,1459.0,0,0,
rule_config_analyzer_profile_signal,control,aio-libs/aiohttp,2024-01,technical_debt,exact_match,ncloc_identical,fa2bb5d2594043ab7ebc6153f2c6ef3a728c328a,fa2bb5d2594043ab7ebc6153f2c6ef3a728c328a,4111.0,2660.0,-1451.0,1451.0,0,0,
paper_commit_missing,treatment,cgevans/qslib,2025-05,cognitive_complexity,paper_commit_missing,,,d02b38180d3a4f06775d13e613b0f382447d7c6b,1573.0,127.0,-1446.0,1446.0,1,1,3.0
rule_config_analyzer_profile_signal,control,aio-libs/aiohttp,2024-08,technical_debt,exact_match,ncloc_identical,b73a4c170c64e2691331542d30133df3d54032c0,b73a4c170c64e2691331542d30133df3d54032c0,4360.0,2928.0,-1432.0,1432.0,0,0,
source_scope_difference_or_mixed,control,aio-libs/aiohttp,2025-03,technical_debt,exact_match,ncloc_close,d2d3621211348aecb3d568e634ba0abb016b6009,d2d3621211348aecb3d568e634ba0abb016b6009,4407.0,2995.0,-1412.0,1412.0,0,0,
source_scope_difference_or_mixed,treatment,ethyca/fides,2025-05,technical_debt,exact_match,ncloc_close,013705a19dd54de748b589460505f92f0b100cc9,013705a19dd54de748b589460505f92f0b100cc9,20571.0,19163.0,-1408.0,1408.0,1,1,2.0
source_scope_difference_or_mixed,treatment,getsentry/sentry,2025-06,ncloc,exact_match,ncloc_close,4f2be477198bf2814c6d6cd4b80ba19cbe386908,4f2be477198bf2814c6d6cd4b80ba19cbe386908,1962140.0,1960740.0,-1400.0,1400.0,1,1,4.0
source_scope_difference_or_mixed,control,aio-libs/aiohttp,2024-10,technical_debt,exact_match,ncloc_close,e86b72f663ab1918e588853bf5fe5f458f72dbf2,e86b72f663ab1918e588853bf5fe5f458f72dbf2,4413.0,3013.0,-1400.0,1400.0,0,0,
source_scope_difference_or_mixed,treatment,getsentry/sentry,2025-07,ncloc,exact_match,ncloc_close,71c2f5f3925610f3aa1871ace1c20f48eeff3db8,71c2f5f3925610f3aa1871ace1c20f48eeff3db8,2015026.0,2013626.0,-1400.0,1400.0,1,1,5.0
source_scope_difference_or_mixed,treatment,getsentry/sentry,2025-08,ncloc,exact_match,ncloc_close,b9dc9712a91c4dbf3cb1550254113c1599388e57,b9dc9712a91c4dbf3cb1550254113c1599388e57,2038867.0,2037467.0,-1400.0,1400.0,1,1,6.0
rule_config_analyzer_profile_signal,control,aio-libs/aiohttp,2024-07,technical_debt,exact_match,ncloc_identical,4c81115c0318aa2c7975cb92eeb8fcde9fc84f8f,4c81115c0318aa2c7975cb92eeb8fcde9fc84f8f,4326.0,2930.0,-1396.0,1396.0,0,0,
source_scope_difference_or_mixed,control,aio-libs/aiohttp,2024-11,technical_debt,exact_match,ncloc_close,a37c4f28b7e3a4d19de283b36133abf9f4cb73cc,a37c4f28b7e3a4d19de283b36133abf9f4cb73cc,4387.0,3015.0,-1372.0,1372.0,0,0,
source_scope_difference_or_mixed,treatment,ethyca/fides,2024-01,technical_debt,exact_match,ncloc_close,5bf61d1a19d6e575a3e379f14311b4321cffe8f9,5bf61d1a19d6e575a3e379f14311b4321cffe8f9,11741.0,10378.0,-1363.0,1363.0,0,0,-14.0
source_scope_difference_or_mixed,control,aio-libs/aiohttp,2025-01,technical_debt,exact_match,ncloc_close,3ef5f00f4cb4b4f7b2d6080485b399207c6a525f,3ef5f00f4cb4b4f7b2d6080485b399207c6a525f,4357.0,3000.0,-1357.0,1357.0,0,0,
source_scope_difference_or_mixed,control,aio-libs/aiohttp,2024-12,technical_debt,exact_match,ncloc_close,b103bbca6b753e5b5357367cbaed10c7eade5a44,b103bbca6b753e5b5357367cbaed10c7eade5a44,4377.0,3025.0,-1352.0,1352.0,0,0,
source_scope_difference_or_mixed,control,aio-libs/aiohttp,2025-05,technical_debt,exact_match,ncloc_close,1710f059dd6c63fcac1efbfd041b1e1cdda9f474,1710f059dd6c63fcac1efbfd041b1e1cdda9f474,4657.0,3321.0,-1336.0,1336.0,0,0,
source_scope_difference_or_mixed,control,aio-libs/aiohttp,2025-06,technical_debt,exact_match,ncloc_close,84a2bf121836b29cdf8b2a9aa3308cb6dcc9fb35,84a2bf121836b29cdf8b2a9aa3308cb6dcc9fb35,4754.0,3423.0,-1331.0,1331.0,0,0,
source_scope_difference_or_mixed,control,odoo/industry,2025-01,ncloc,exact_match,ncloc_different,283fd68724ac1ac1a2a8488549fe2321323729a8,283fd68724ac1ac1a2a8488549fe2321323729a8,86509.0,85200.0,-1309.0,1309.0,0,0,
source_scope_difference_or_mixed,control,PennyLaneAI/catalyst,2024-08,technical_debt,exact_match,ncloc_close,00e67fd1a70931be2b7175bd200269561d6ec6f7,00e67fd1a70931be2b7175bd200269561d6ec6f7,2724.0,1439.0,-1285.0,1285.0,0,0,
paper_commit_missing,treatment,cgevans/qslib,2025-05,technical_debt,paper_commit_missing,,,d02b38180d3a4f06775d13e613b0f382447d7c6b,1273.0,6.0,-1267.0,1267.0,1,1,3.0
source_scope_difference_or_mixed,treatment,cgevans/qslib,2025-02,cognitive_complexity,exact_match,ncloc_different,f231361a93b274928e71ff2cb06bee91e0bb2c11,f231361a93b274928e71ff2cb06bee91e0bb2c11,1646.0,398.0,-1248.0,1248.0,1,1,0.0
source_scope_difference_or_mixed,treatment,PostHog/posthog,2025-08,technical_debt,exact_match,ncloc_different,79cf381322842888a721905c09490e85f98a5a2a,79cf381322842888a721905c09490e85f98a5a2a,90684.0,89457.0,-1227.0,1227.0,1,1,6.0
source_scope_difference_or_mixed,treatment,DataDog/integrations-core,2025-01,static_analysis_warnings,exact_match,ncloc_close,82c4055486147402d96748c0abd63de6850e83d1,82c4055486147402d96748c0abd63de6850e83d1,3573.0,2369.0,-1204.0,1204.0,0,0,-2.0
source_scope_difference_or_mixed,treatment,DataDog/integrations-core,2024-11,static_analysis_warnings,exact_match,ncloc_close,c08fd423affb8f7257d8fcb8e9a5afd869681415,c08fd423affb8f7257d8fcb8e9a5afd869681415,3536.0,2335.0,-1201.0,1201.0,0,0,-4.0
source_scope_difference_or_mixed,treatment,DataDog/integrations-core,2025-02,static_analysis_warnings,exact_match,ncloc_close,c3628b5ded79e88ab572dfd7bac6e5c1cd91f1d8,c3628b5ded79e88ab572dfd7bac6e5c1cd91f1d8,3560.0,2360.0,-1200.0,1200.0,0,0,-1.0
source_scope_difference_or_mixed,treatment,DataDog/integrations-core,2025-05,static_analysis_warnings,exact_match,ncloc_close,1c924825332db0360a98ffc39e7c9d87618d66aa,1c924825332db0360a98ffc39e7c9d87618d66aa,3625.0,2429.0,-1196.0,1196.0,1,1,2.0
source_scope_difference_or_mixed,treatment,DataDog/integrations-core,2025-07,static_analysis_warnings,exact_match,ncloc_close,26abd13d37aca13903e1cf8e64b1f0f0959630f6,26abd13d37aca13903e1cf8e64b1f0f0959630f6,3655.0,2461.0,-1194.0,1194.0,1,1,4.0
source_scope_difference_or_mixed,treatment,DataDog/integrations-core,2025-03,static_analysis_warnings,exact_match,ncloc_close,67cf3ad93e6873944bcdbd153c7305b03c2f51d4,67cf3ad93e6873944bcdbd153c7305b03c2f51d4,3581.0,2387.0,-1194.0,1194.0,1,1,0.0
source_scope_difference_or_mixed,treatment,DataDog/integrations-core,2025-06,static_analysis_warnings,exact_match,ncloc_close,f9f78ed17fce4bcd63e24aaa39a9e47dddbd7f4f,f9f78ed17fce4bcd63e24aaa39a9e47dddbd7f4f,3642.0,2451.0,-1191.0,1191.0,1,1,3.0
source_scope_difference_or_mixed,treatment,DataDog/integrations-core,2024-09,static_analysis_warnings,exact_match,ncloc_close,c1e85309a37c7c508f41c365f3002708f77f8cbf,c1e85309a37c7c508f41c365f3002708f77f8cbf,3560.0,2371.0,-1189.0,1189.0,0,0,-6.0
source_scope_difference_or_mixed,treatment,DataDog/integrations-core,2025-08,static_analysis_warnings,exact_match,ncloc_close,af4afd423a8cce60bcaf879e543f1b696e3f0caa,af4afd423a8cce60bcaf879e543f1b696e3f0caa,3675.0,2486.0,-1189.0,1189.0,1,1,5.0
source_scope_difference_or_mixed,treatment,DataDog/integrations-core,2024-12,static_analysis_warnings,exact_match,ncloc_close,e6b077a2f4e4526dc00261698d752e7481547e66,e6b077a2f4e4526dc00261698d752e7481547e66,3549.0,2361.0,-1188.0,1188.0,0,0,-3.0
source_scope_difference_or_mixed,treatment,DataDog/integrations-core,2025-04,static_analysis_warnings,exact_match,ncloc_close,fe4697fca14149122b2d992e53f8a0396755ebff,fe4697fca14149122b2d992e53f8a0396755ebff,3581.0,2397.0,-1184.0,1184.0,1,1,1.0
source_scope_difference_or_mixed,treatment,DataDog/integrations-core,2024-08,static_analysis_warnings,exact_match,ncloc_close,523c5afc8405d8726f7cf8867bbd5f75a75ce24e,523c5afc8405d8726f7cf8867bbd5f75a75ce24e,3463.0,2302.0,-1161.0,1161.0,0,0,-7.0
source_scope_difference_or_mixed,control,odoo/industry,2024-12,ncloc,exact_match,ncloc_different,b0c6c4833766ee9c4a6f64d2663b8b6d43b9812f,b0c6c4833766ee9c4a6f64d2663b8b6d43b9812f,86489.0,85329.0,-1160.0,1160.0,0,0,
source_scope_difference_or_mixed,treatment,DataDog/integrations-core,2024-10,static_analysis_warnings,exact_match,ncloc_close,cbb5fc6a80505309a1b00b37b77d772255490afa,cbb5fc6a80505309a1b00b37b77d772255490afa,3457.0,2326.0,-1131.0,1131.0,0,0,-5.0
source_scope_difference_or_mixed,control,PennyLaneAI/catalyst,2024-07,technical_debt,exact_match,ncloc_close,9f8c66353f0240787a394ac725e7ffd239f5a448,9f8c66353f0240787a394ac725e7ffd239f5a448,2522.0,1405.0,-1117.0,1117.0,0,0,
source_scope_difference_or_mixed,treatment,DataDog/integrations-core,2024-07,static_analysis_warnings,exact_match,ncloc_close,cdbf62d31e3f4f8ab0702b386c32dd06473d95e7,cdbf62d31e3f4f8ab0702b386c32dd06473d95e7,3384.0,2270.0,-1114.0,1114.0,0,0,-8.0
source_scope_difference_or_mixed,control,PennyLaneAI/catalyst,2024-06,technical_debt,exact_match,ncloc_close,48948061e2d6a9d4ef1fbceb9f0503d2848958fd,48948061e2d6a9d4ef1fbceb9f0503d2848958fd,2203.0,1098.0,-1105.0,1105.0,0,0,
rule_config_analyzer_profile_signal,control,jacebrowning/datafiles,2024-10,technical_debt,exact_match,ncloc_identical,46280de29975a61a5d4cd09f36c806a2fb7db769,46280de29975a61a5d4cd09f36c806a2fb7db769,1379.0,279.0,-1100.0,1100.0,0,0,
rule_config_analyzer_profile_signal,control,jacebrowning/datafiles,2024-11,technical_debt,exact_match,ncloc_identical,51ad26394a2b99ed8dfab0bd1538abfca73db233,51ad26394a2b99ed8dfab0bd1538abfca73db233,1379.0,279.0,-1100.0,1100.0,0,0,
rule_config_analyzer_profile_signal,control,jacebrowning/datafiles,2025-07,technical_debt,exact_match,ncloc_identical,a7737126dae693f755013f0fcd11df7867274df6,a7737126dae693f755013f0fcd11df7867274df6,1374.0,279.0,-1095.0,1095.0,0,0,
rule_config_analyzer_profile_signal,control,jacebrowning/datafiles,2025-02,technical_debt,exact_match,ncloc_identical,4c2b99a126d0f7ad8d13f5c55e098b07c3f51045,4c2b99a126d0f7ad8d13f5c55e098b07c3f51045,1374.0,279.0,-1095.0,1095.0,0,0,
rule_config_analyzer_profile_signal,control,jacebrowning/datafiles,2025-04,technical_debt,exact_match,ncloc_identical,e07b38ed8d6e89f0887aa5ec6712934467742b36,e07b38ed8d6e89f0887aa5ec6712934467742b36,1374.0,279.0,-1095.0,1095.0,0,0,
rule_config_analyzer_profile_signal,control,jacebrowning/datafiles,2025-05,technical_debt,exact_match,ncloc_identical,7516af8388fd968e6b7abbfb0df7d51d658142d2,7516af8388fd968e6b7abbfb0df7d51d658142d2,1374.0,279.0,-1095.0,1095.0,0,0,
rule_config_analyzer_profile_signal,control,jacebrowning/datafiles,2025-06,technical_debt,exact_match,ncloc_identical,cb3628112394669d5a93a5804f4d6e23cf161eba,cb3628112394669d5a93a5804f4d6e23cf161eba,1374.0,279.0,-1095.0,1095.0,0,0,
rule_config_analyzer_profile_signal,control,jacebrowning/datafiles,2024-08,technical_debt,exact_match,ncloc_identical,03281501945c2ae93ad35c5a618178d65bb2d0d8,03281501945c2ae93ad35c5a618178d65bb2d0d8,1369.0,279.0,-1090.0,1090.0,0,0,
rule_config_analyzer_profile_signal,control,jacebrowning/datafiles,2024-07,technical_debt,exact_match,ncloc_identical,8840d02caab67fec49efe08a7912d1f39949a100,8840d02caab67fec49efe08a7912d1f39949a100,1369.0,279.0,-1090.0,1090.0,0,0,
rule_config_analyzer_profile_signal,control,jacebrowning/datafiles,2024-05,technical_debt,exact_match,ncloc_identical,59566a650f2624f2fc214bd9d8b3c5e7d825da57,59566a650f2624f2fc214bd9d8b3c5e7d825da57,1369.0,279.0,-1090.0,1090.0,0,0,
rule_config_analyzer_profile_signal,control,jacebrowning/datafiles,2024-01,technical_debt,exact_match,ncloc_identical,47ae5be927e7c079ca0b9a6b01b811bf9ffcf9bd,47ae5be927e7c079ca0b9a6b01b811bf9ffcf9bd,1364.0,279.0,-1085.0,1085.0,0,0,
rule_config_analyzer_profile_signal,control,jacebrowning/datafiles,2024-03,technical_debt,exact_match,ncloc_identical,fc623e81f9e7476938a04e191b471aa90dc11d76,fc623e81f9e7476938a04e191b471aa90dc11d76,1364.0,279.0,-1085.0,1085.0,0,0,
source_scope_difference_or_mixed,treatment,DataDog/integrations-core,2024-06,static_analysis_warnings,exact_match,ncloc_close,40193a9e2b1b854a8f3b95dd0e7041259f22653d,40193a9e2b1b854a8f3b95dd0e7041259f22653d,3303.0,2245.0,-1058.0,1058.0,0,0,-9.0
source_scope_difference_or_mixed,treatment,DataDog/integrations-core,2024-05,static_analysis_warnings,exact_match,ncloc_close,970e957779bbea1ac84e41927e6e0bd9f118f7ba,970e957779bbea1ac84e41927e6e0bd9f118f7ba,3270.0,2219.0,-1051.0,1051.0,0,0,-10.0
source_scope_difference_or_mixed,treatment,DataDog/integrations-core,2024-04,static_analysis_warnings,exact_match,ncloc_close,6d0b7455cbbd6b6bfc4a6d2a4ad3345d7a3b31ec,6d0b7455cbbd6b6bfc4a6d2a4ad3345d7a3b31ec,3235.0,2198.0,-1037.0,1037.0,0,0,-11.0
source_scope_difference_or_mixed,treatment,DataDog/integrations-core,2024-11,code_smells,exact_match,ncloc_close,c08fd423affb8f7257d8fcb8e9a5afd869681415,c08fd423affb8f7257d8fcb8e9a5afd869681415,3108.0,2115.0,-993.0,993.0,0,0,-4.0
source_scope_difference_or_mixed,treatment,DataDog/integrations-core,2025-01,code_smells,exact_match,ncloc_close,82c4055486147402d96748c0abd63de6850e83d1,82c4055486147402d96748c0abd63de6850e83d1,3137.0,2148.0,-989.0,989.0,0,0,-2.0
source_scope_difference_or_mixed,treatment,DataDog/integrations-core,2024-03,static_analysis_warnings,exact_match,ncloc_close,de516ffa17050c785c973acb4fcbab0a92a4253b,de516ffa17050c785c973acb4fcbab0a92a4253b,3166.0,2178.0,-988.0,988.0,0,0,-12.0
source_scope_difference_or_mixed,treatment,DataDog/integrations-core,2024-02,static_analysis_warnings,exact_match,ncloc_close,1209aff535676d2788511da7ff82444c89640360,1209aff535676d2788511da7ff82444c89640360,3110.0,2122.0,-988.0,988.0,0,0,-13.0
source_scope_difference_or_mixed,treatment,DataDog/integrations-core,2025-02,code_smells,exact_match,ncloc_close,c3628b5ded79e88ab572dfd7bac6e5c1cd91f1d8,c3628b5ded79e88ab572dfd7bac6e5c1cd91f1d8,3125.0,2139.0,-986.0,986.0,0,0,-1.0
source_scope_difference_or_mixed,treatment,DataDog/integrations-core,2024-01,static_analysis_warnings,exact_match,ncloc_close,3f21b7bd08df0737cb477548d027a7a93f92f1ff,3f21b7bd08df0737cb477548d027a7a93f92f1ff,3125.0,2143.0,-982.0,982.0,0,0,-14.0
source_scope_difference_or_mixed,treatment,DataDog/integrations-core,2024-09,code_smells,exact_match,ncloc_close,c1e85309a37c7c508f41c365f3002708f77f8cbf,c1e85309a37c7c508f41c365f3002708f77f8cbf,3130.0,2149.0,-981.0,981.0,0,0,-6.0
source_scope_difference_or_mixed,treatment,DataDog/integrations-core,2025-03,code_smells,exact_match,ncloc_close,67cf3ad93e6873944bcdbd153c7305b03c2f51d4,67cf3ad93e6873944bcdbd153c7305b03c2f51d4,3142.0,2161.0,-981.0,981.0,1,1,0.0
source_scope_difference_or_mixed,treatment,PostHog/posthog,2025-06,technical_debt,exact_match,ncloc_different,bf87ddcb0e02027bb8c1e7a1aa2e03f0c4312e90,bf87ddcb0e02027bb8c1e7a1aa2e03f0c4312e90,82206.0,81229.0,-977.0,977.0,1,1,4.0
source_scope_difference_or_mixed,treatment,DataDog/integrations-core,2024-12,code_smells,exact_match,ncloc_close,e6b077a2f4e4526dc00261698d752e7481547e66,e6b077a2f4e4526dc00261698d752e7481547e66,3114.0,2140.0,-974.0,974.0,0,0,-3.0
source_scope_difference_or_mixed,treatment,DataDog/integrations-core,2025-04,code_smells,exact_match,ncloc_close,fe4697fca14149122b2d992e53f8a0396755ebff,fe4697fca14149122b2d992e53f8a0396755ebff,3142.0,2169.0,-973.0,973.0,1,1,1.0
source_scope_difference_or_mixed,treatment,DataDog/integrations-core,2025-05,code_smells,exact_match,ncloc_close,1c924825332db0360a98ffc39e7c9d87618d66aa,1c924825332db0360a98ffc39e7c9d87618d66aa,3166.0,2200.0,-966.0,966.0,1,1,2.0
source_scope_difference_or_mixed,treatment,DataDog/integrations-core,2025-07,code_smells,exact_match,ncloc_close,26abd13d37aca13903e1cf8e64b1f0f0959630f6,26abd13d37aca13903e1cf8e64b1f0f0959630f6,3200.0,2238.0,-962.0,962.0,1,1,4.0
source_scope_difference_or_mixed,treatment,DataDog/integrations-core,2025-06,code_smells,exact_match,ncloc_close,f9f78ed17fce4bcd63e24aaa39a9e47dddbd7f4f,f9f78ed17fce4bcd63e24aaa39a9e47dddbd7f4f,3182.0,2222.0,-960.0,960.0,1,1,3.0
source_scope_difference_or_mixed,treatment,DataDog/integrations-core,2025-08,code_smells,exact_match,ncloc_close,af4afd423a8cce60bcaf879e543f1b696e3f0caa,af4afd423a8cce60bcaf879e543f1b696e3f0caa,3219.0,2263.0,-956.0,956.0,1,1,5.0
source_scope_difference_or_mixed,treatment,DataDog/integrations-core,2024-08,code_smells,exact_match,ncloc_close,523c5afc8405d8726f7cf8867bbd5f75a75ce24e,523c5afc8405d8726f7cf8867bbd5f75a75ce24e,3076.0,2122.0,-954.0,954.0,0,0,-7.0
source_scope_difference_or_mixed,control,PennyLaneAI/catalyst,2024-05,technical_debt,exact_match,ncloc_close,de712cfd803d1a535a009a4a7edb38c898c7aa54,de712cfd803d1a535a009a4a7edb38c898c7aa54,1904.0,961.0,-943.0,943.0,0,0,
source_scope_difference_or_mixed,control,aio-libs/aiohttp,2025-02,technical_debt,exact_match,ncloc_close,a5f520552d95fd0b348c9183cd51b38869a49334,a5f520552d95fd0b348c9183cd51b38869a49334,3854.0,2912.0,-942.0,942.0,0,0,
source_scope_difference_or_mixed,treatment,DataDog/integrations-core,2024-10,code_smells,exact_match,ncloc_close,cbb5fc6a80505309a1b00b37b77d772255490afa,cbb5fc6a80505309a1b00b37b77d772255490afa,3027.0,2104.0,-923.0,923.0,0,0,-5.0
source_scope_difference_or_mixed,control,PennyLaneAI/catalyst,2024-04,technical_debt,exact_match,ncloc_close,bd4766f85314aa110a202991d38338ac969fc846,bd4766f85314aa110a202991d38338ac969fc846,1898.0,980.0,-918.0,918.0,0,0,
source_scope_difference_or_mixed,control,PennyLaneAI/catalyst,2024-03,technical_debt,exact_match,ncloc_close,72698d8120bd691e7c197bb7c852e1228a261db4,72698d8120bd691e7c197bb7c852e1228a261db4,1883.0,969.0,-914.0,914.0,0,0,
source_scope_difference_or_mixed,control,PennyLaneAI/catalyst,2024-02,technical_debt,exact_match,ncloc_close,2689a354b64ab9e15859dc3155414b1e0f28b127,2689a354b64ab9e15859dc3155414b1e0f28b127,1813.0,904.0,-909.0,909.0,0,0,
source_scope_difference_or_mixed,treatment,DataDog/integrations-core,2024-07,code_smells,exact_match,ncloc_close,cdbf62d31e3f4f8ab0702b386c32dd06473d95e7,cdbf62d31e3f4f8ab0702b386c32dd06473d95e7,2997.0,2091.0,-906.0,906.0,0,0,-8.0
source_scope_difference_or_mixed,control,aio-libs/aiohttp,2025-08,technical_debt,exact_match,ncloc_close,acfc2e6e34e36c5afadc665ac3a6ffb5c1e00234,acfc2e6e34e36c5afadc665ac3a6ffb5c1e00234,4224.0,3322.0,-902.0,902.0,0,0,
source_scope_difference_or_mixed,control,aio-libs/aiohttp,2025-07,technical_debt,exact_match,ncloc_close,f6941e738fd5f8b3b110dcf7d1e63ee41de86a70,f6941e738fd5f8b3b110dcf7d1e63ee41de86a70,4224.0,3322.0,-902.0,902.0,0,0,
source_scope_difference_or_mixed,control,aio-libs/aiohttp,2025-04,technical_debt,exact_match,ncloc_different,299fe00a2b7b1f5def7daa98260263a61bc9772d,299fe00a2b7b1f5def7daa98260263a61bc9772d,3910.0,3018.0,-892.0,892.0,0,0,
rule_config_analyzer_profile_signal,treatment,Chocksy/qc-options-framework,2025-03,technical_debt,exact_match,ncloc_identical,e4ce33d3a1c00a3a017343a5e937ea0bb4e1e522,e4ce33d3a1c00a3a017343a5e937ea0bb4e1e522,3699.0,2808.0,-891.0,891.0,1,1,0.0
source_scope_difference_or_mixed,treatment,wdm0006/elote,2025-02,static_analysis_warnings,exact_match,ncloc_different,6371b529b88402434e8cafaaf0ed137b412bfd6b,6371b529b88402434e8cafaaf0ed137b412bfd6b,937.0,51.0,-886.0,886.0,1,1,0.0
rule_config_analyzer_profile_signal,treatment,Chocksy/qc-options-framework,2024-12,technical_debt,exact_match,ncloc_identical,a382960aba410d0af0234db18e653f1ed10634a0,a382960aba410d0af0234db18e653f1ed10634a0,3631.0,2750.0,-881.0,881.0,0,0,-3.0
rule_config_analyzer_profile_signal,treatment,Chocksy/qc-options-framework,2025-01,technical_debt,exact_match,ncloc_identical,2c53c7c3c63650bb5ab0ad698321326da37928ad,2c53c7c3c63650bb5ab0ad698321326da37928ad,3631.0,2750.0,-881.0,881.0,0,0,-2.0
rule_config_analyzer_profile_signal,treatment,Chocksy/qc-options-framework,2024-11,technical_debt,exact_match,ncloc_identical,eac11d6d9fdffa581b21cfaf8a24f71639656376,eac11d6d9fdffa581b21cfaf8a24f71639656376,3551.0,2674.0,-877.0,877.0,0,0,-4.0
source_scope_difference_or_mixed,treatment,wdm0006/elote,2024-07,static_analysis_warnings,exact_match,ncloc_different,75739e6ad51f3d50fdd047a0136f56b6274ad080,75739e6ad51f3d50fdd047a0136f56b6274ad080,885.0,18.0,-867.0,867.0,0,0,-7.0
source_scope_difference_or_mixed,treatment,wdm0006/elote,2025-02,code_smells,exact_match,ncloc_different,6371b529b88402434e8cafaaf0ed137b412bfd6b,6371b529b88402434e8cafaaf0ed137b412bfd6b,909.0,51.0,-858.0,858.0,1,1,0.0
source_scope_difference_or_mixed,control,PennyLaneAI/catalyst,2024-01,technical_debt,exact_match,ncloc_close,96a8d1eb8531937461a9449da5af3354a7322675,96a8d1eb8531937461a9449da5af3354a7322675,1660.0,808.0,-852.0,852.0,0,0,
source_scope_difference_or_mixed,treatment,DataDog/integrations-core,2024-06,code_smells,exact_match,ncloc_close,40193a9e2b1b854a8f3b95dd0e7041259f22653d,40193a9e2b1b854a8f3b95dd0e7041259f22653d,2921.0,2071.0,-850.0,850.0,0,0,-9.0
source_scope_difference_or_mixed,treatment,DataDog/integrations-core,2024-05,code_smells,exact_match,ncloc_close,970e957779bbea1ac84e41927e6e0bd9f118f7ba,970e957779bbea1ac84e41927e6e0bd9f118f7ba,2888.0,2045.0,-843.0,843.0,0,0,-10.0
source_scope_difference_or_mixed,treatment,wdm0006/elote,2024-07,code_smells,exact_match,ncloc_different,75739e6ad51f3d50fdd047a0136f56b6274ad080,75739e6ad51f3d50fdd047a0136f56b6274ad080,860.0,18.0,-842.0,842.0,0,0,-7.0
rule_config_analyzer_profile_signal,treatment,Anemll/Anemll,2025-07,static_analysis_warnings,exact_match,ncloc_identical,6ecb10d7dfe90533af13ac23c825ca76aab0c56e,6ecb10d7dfe90533af13ac23c825ca76aab0c56e,1084.0,243.0,-841.0,841.0,1,1,5.0
rule_config_analyzer_profile_signal,treatment,Anemll/Anemll,2025-07,code_smells,exact_match,ncloc_identical,6ecb10d7dfe90533af13ac23c825ca76aab0c56e,6ecb10d7dfe90533af13ac23c825ca76aab0c56e,1070.0,233.0,-837.0,837.0,1,1,5.0
source_scope_difference_or_mixed,treatment,DataDog/integrations-core,2024-04,code_smells,exact_match,ncloc_close,6d0b7455cbbd6b6bfc4a6d2a4ad3345d7a3b31ec,6d0b7455cbbd6b6bfc4a6d2a4ad3345d7a3b31ec,2854.0,2024.0,-830.0,830.0,0,0,-11.0
rule_config_analyzer_profile_signal,treatment,Anemll/Anemll,2025-06,static_analysis_warnings,exact_match,ncloc_identical,b0ea623eaac791a0803849c4f35ef8357f98935b,b0ea623eaac791a0803849c4f35ef8357f98935b,1000.0,184.0,-816.0,816.0,1,1,4.0
rule_config_analyzer_profile_signal,treatment,Anemll/Anemll,2025-06,code_smells,exact_match,ncloc_identical,b0ea623eaac791a0803849c4f35ef8357f98935b,b0ea623eaac791a0803849c4f35ef8357f98935b,990.0,176.0,-814.0,814.0,1,1,4.0
source_scope_difference_or_mixed,treatment,getsentry/sentry,2024-10,ncloc,exact_match,ncloc_close,ad46b361e2e960136b68f1647b936af1b3f6752a,ad46b361e2e960136b68f1647b936af1b3f6752a,1607265.0,1606472.0,-793.0,793.0,0,0,-4.0
source_scope_difference_or_mixed,treatment,getsentry/sentry,2024-11,ncloc,exact_match,ncloc_close,8e45680a887ec96c50c1f43fffe1ac8f2b6c54aa,8e45680a887ec96c50c1f43fffe1ac8f2b6c54aa,1626387.0,1625594.0,-793.0,793.0,0,0,-3.0
source_scope_difference_or_mixed,treatment,getsentry/sentry,2025-02,ncloc,exact_match,ncloc_close,c4502d06cff34abeb8f58810743fb907ee914348,c4502d06cff34abeb8f58810743fb907ee914348,1771865.0,1771074.0,-791.0,791.0,1,1,0.0
source_scope_difference_or_mixed,treatment,getsentry/sentry,2025-01,ncloc,exact_match,ncloc_close,d210118fce94310ef5858d51efe16ee26c995a48,d210118fce94310ef5858d51efe16ee26c995a48,1670416.0,1669625.0,-791.0,791.0,0,0,-1.0
source_scope_difference_or_mixed,treatment,ethyca/fides,2025-02,technical_debt,exact_match,ncloc_close,c51cd945858ae1bbcc1f72c26ab4422f3f019907,c51cd945858ae1bbcc1f72c26ab4422f3f019907,18869.0,18078.0,-791.0,791.0,0,0,-1.0
source_scope_difference_or_mixed,treatment,getsentry/sentry,2024-12,ncloc,exact_match,ncloc_close,707f353d2d1933fbf951478c414838f9e5956b38,707f353d2d1933fbf951478c414838f9e5956b38,1644542.0,1643751.0,-791.0,791.0,0,0,-2.0
source_scope_difference_or_mixed,treatment,DataDog/integrations-core,2024-02,code_smells,exact_match,ncloc_close,1209aff535676d2788511da7ff82444c89640360,1209aff535676d2788511da7ff82444c89640360,2753.0,1964.0,-789.0,789.0,0,0,-13.0
source_scope_difference_or_mixed,treatment,getsentry/sentry,2024-07,ncloc,exact_match,ncloc_close,3efa8cf306b9650d8129ffeaca77601b833b1009,3efa8cf306b9650d8129ffeaca77601b833b1009,1523120.0,1522332.0,-788.0,788.0,0,0,-7.0
source_scope_difference_or_mixed,treatment,getsentry/sentry,2024-06,ncloc,exact_match,ncloc_close,27f0f976edf02d303fc16cab7a481e588be43e8e,27f0f976edf02d303fc16cab7a481e588be43e8e,1483303.0,1482515.0,-788.0,788.0,0,0,-8.0
source_scope_difference_or_mixed,treatment,getsentry/sentry,2024-08,ncloc,exact_match,ncloc_close,14b776d65b324705fca7edfd2c88a748429d54e3,14b776d65b324705fca7edfd2c88a748429d54e3,1550545.0,1549757.0,-788.0,788.0,0,0,-6.0
source_scope_difference_or_mixed,treatment,getsentry/sentry,2024-05,ncloc,exact_match,ncloc_close,0d270ad1c8532bb133772a03e166dca23a3a08ad,0d270ad1c8532bb133772a03e166dca23a3a08ad,1455256.0,1454468.0,-788.0,788.0,0,0,-9.0
source_scope_difference_or_mixed,treatment,DataDog/integrations-core,2024-01,code_smells,exact_match,ncloc_close,3f21b7bd08df0737cb477548d027a7a93f92f1ff,3f21b7bd08df0737cb477548d027a7a93f92f1ff,2767.0,1986.0,-781.0,781.0,0,0,-14.0
source_scope_difference_or_mixed,treatment,DataDog/integrations-core,2024-03,code_smells,exact_match,ncloc_close,de516ffa17050c785c973acb4fcbab0a92a4253b,de516ffa17050c785c973acb4fcbab0a92a4253b,2785.0,2004.0,-781.0,781.0,0,0,-12.0
source_scope_difference_or_mixed,control,aio-libs/aiohttp,2025-04,ncloc,exact_match,ncloc_different,299fe00a2b7b1f5def7daa98260263a61bc9772d,299fe00a2b7b1f5def7daa98260263a61bc9772d,54488.0,53727.0,-761.0,761.0,0,0,
source_scope_difference_or_mixed,treatment,DataDog/integrations-core,2024-10,ncloc,exact_match,ncloc_close,cbb5fc6a80505309a1b00b37b77d772255490afa,cbb5fc6a80505309a1b00b37b77d772255490afa,526367.0,525681.0,-686.0,686.0,0,0,-5.0
source_scope_difference_or_mixed,treatment,DataDog/integrations-core,2024-03,ncloc,exact_match,ncloc_close,de516ffa17050c785c973acb4fcbab0a92a4253b,de516ffa17050c785c973acb4fcbab0a92a4253b,434278.0,433598.0,-680.0,680.0,0,0,-12.0
source_scope_difference_or_mixed,treatment,DataDog/integrations-core,2024-05,ncloc,exact_match,ncloc_close,970e957779bbea1ac84e41927e6e0bd9f118f7ba,970e957779bbea1ac84e41927e6e0bd9f118f7ba,447709.0,447029.0,-680.0,680.0,0,0,-10.0
source_scope_difference_or_mixed,treatment,DataDog/integrations-core,2024-04,ncloc,exact_match,ncloc_close,6d0b7455cbbd6b6bfc4a6d2a4ad3345d7a3b31ec,6d0b7455cbbd6b6bfc4a6d2a4ad3345d7a3b31ec,441517.0,440838.0,-679.0,679.0,0,0,-11.0
source_scope_difference_or_mixed,treatment,DataDog/integrations-core,2024-07,ncloc,exact_match,ncloc_close,cdbf62d31e3f4f8ab0702b386c32dd06473d95e7,cdbf62d31e3f4f8ab0702b386c32dd06473d95e7,506444.0,505768.0,-676.0,676.0,0,0,-8.0
source_scope_difference_or_mixed,treatment,DataDog/integrations-core,2024-08,ncloc,exact_match,ncloc_close,523c5afc8405d8726f7cf8867bbd5f75a75ce24e,523c5afc8405d8726f7cf8867bbd5f75a75ce24e,511113.0,510437.0,-676.0,676.0,0,0,-7.0
source_scope_difference_or_mixed,treatment,DataDog/integrations-core,2024-06,ncloc,exact_match,ncloc_close,40193a9e2b1b854a8f3b95dd0e7041259f22653d,40193a9e2b1b854a8f3b95dd0e7041259f22653d,449685.0,449009.0,-676.0,676.0,0,0,-9.0
source_scope_difference_or_mixed,treatment,getsentry/sentry,2025-07,bugs,exact_match,ncloc_close,71c2f5f3925610f3aa1871ace1c20f48eeff3db8,71c2f5f3925610f3aa1871ace1c20f48eeff3db8,1054.0,379.0,-675.0,675.0,1,1,5.0
source_scope_difference_or_mixed,treatment,getsentry/sentry,2025-08,bugs,exact_match,ncloc_close,b9dc9712a91c4dbf3cb1550254113c1599388e57,b9dc9712a91c4dbf3cb1550254113c1599388e57,1044.0,375.0,-669.0,669.0,1,1,6.0
source_scope_difference_or_mixed,treatment,terryyin/lizard,2024-10,ncloc,exact_match,ncloc_different,ef8ac19ce83d5c7f7e620f7525b6844ef8d4323a,ef8ac19ce83d5c7f7e620f7525b6844ef8d4323a,38052.0,37390.0,-662.0,662.0,0,0,-3.0
source_scope_difference_or_mixed,treatment,terryyin/lizard,2024-08,ncloc,exact_match,ncloc_different,c17ccbbe5203c34236fb52aa5f288ed2a96d55c0,c17ccbbe5203c34236fb52aa5f288ed2a96d55c0,37998.0,37336.0,-662.0,662.0,0,0,-5.0
source_scope_difference_or_mixed,treatment,terryyin/lizard,2024-04,ncloc,exact_match,ncloc_different,7b47f8885eb694e6ec82df21e024f2b5265ffba9,7b47f8885eb694e6ec82df21e024f2b5265ffba9,37984.0,37322.0,-662.0,662.0,0,0,-9.0
source_scope_difference_or_mixed,treatment,terryyin/lizard,2025-05,ncloc,exact_match,ncloc_different,1ef2169fe8524b27777ec65944ba4eca8570e2b7,1ef2169fe8524b27777ec65944ba4eca8570e2b7,41379.0,40717.0,-662.0,662.0,1,1,4.0
source_scope_difference_or_mixed,treatment,terryyin/lizard,2025-04,ncloc,exact_match,ncloc_different,7b72428d60d1bdd83d2c5fb807f8c7f33e23e71b,7b72428d60d1bdd83d2c5fb807f8c7f33e23e71b,40495.0,39833.0,-662.0,662.0,1,1,3.0
source_scope_difference_or_mixed,treatment,terryyin/lizard,2025-07,ncloc,exact_match,ncloc_different,10017f0c2ebb0688474c4a2b1216863d7632bbcf,10017f0c2ebb0688474c4a2b1216863d7632bbcf,41965.0,41303.0,-662.0,662.0,1,1,6.0
source_scope_difference_or_mixed,treatment,terryyin/lizard,2025-06,ncloc,exact_match,ncloc_different,d8cb37d396710cc71525e91b62f78320d6b7b03f,d8cb37d396710cc71525e91b62f78320d6b7b03f,41951.0,41289.0,-662.0,662.0,1,1,5.0
source_scope_difference_or_mixed,treatment,terryyin/lizard,2025-08,ncloc,exact_match,ncloc_different,f4c93acb75391b2797782373c95889434ac9b2ab,f4c93acb75391b2797782373c95889434ac9b2ab,42032.0,41370.0,-662.0,662.0,1,1,7.0
source_scope_difference_or_mixed,treatment,terryyin/lizard,2024-12,ncloc,exact_match,ncloc_different,8f3742c28c9fd5d86fe6adfd906c9c91531390e4,8f3742c28c9fd5d86fe6adfd906c9c91531390e4,38175.0,37513.0,-662.0,662.0,0,0,-1.0
source_scope_difference_or_mixed,treatment,terryyin/lizard,2025-01,ncloc,exact_match,ncloc_different,c3cd418ce204dff6ddf223096d6a2aec2e7b5b51,c3cd418ce204dff6ddf223096d6a2aec2e7b5b51,38788.0,38126.0,-662.0,662.0,1,1,0.0
source_scope_difference_or_mixed,treatment,terryyin/lizard,2025-02,ncloc,exact_match,ncloc_different,7d48c44317121698e144aa7127082b46f7581ab0,7d48c44317121698e144aa7127082b46f7581ab0,39648.0,38986.0,-662.0,662.0,1,1,1.0
source_scope_difference_or_mixed,treatment,DataDog/integrations-core,2024-09,ncloc,exact_match,ncloc_close,c1e85309a37c7c508f41c365f3002708f77f8cbf,c1e85309a37c7c508f41c365f3002708f77f8cbf,545858.0,545211.0,-647.0,647.0,0,0,-6.0
rule_config_analyzer_profile_signal,control,dymmond/edgy,2025-07,technical_debt,exact_match,ncloc_identical,2539500a350d0adbcb0486ba4525a8862ac753dd,2539500a350d0adbcb0486ba4525a8862ac753dd,2724.0,2080.0,-644.0,644.0,0,0,
commit_selection_difference,treatment,PostHog/posthog,2025-07,technical_debt,mismatch,,0208352822068d8747214c905d729dff4ebe49f1,8e13bf3cbfe9684eb907f7ddf706aa9fae2099e0,84796.0,84156.0,-640.0,640.0,1,1,5.0
source_scope_difference_or_mixed,treatment,getsentry/sentry,2025-06,bugs,exact_match,ncloc_close,4f2be477198bf2814c6d6cd4b80ba19cbe386908,4f2be477198bf2814c6d6cd4b80ba19cbe386908,997.0,369.0,-628.0,628.0,1,1,4.0
source_scope_difference_or_mixed,treatment,terryyin/lizard,2025-03,ncloc,exact_match,ncloc_different,86951d42c1f4fe5eaf00d258df2ab61952867838,86951d42c1f4fe5eaf00d258df2ab61952867838,40178.0,39552.0,-626.0,626.0,1,1,2.0
source_scope_difference_or_mixed,treatment,getsentry/sentry,2024-01,ncloc,exact_match,ncloc_close,8073feb6eac31a856f6a389a1c289430b35e3589,8073feb6eac31a856f6a389a1c289430b35e3589,1349397.0,1348772.0,-625.0,625.0,0,0,-13.0
source_scope_difference_or_mixed,treatment,getsentry/sentry,2024-02,ncloc,exact_match,ncloc_close,de6c3afad3e8eb67fe0f4cccc389f4374a87fea0,de6c3afad3e8eb67fe0f4cccc389f4374a87fea0,1382944.0,1382323.0,-621.0,621.0,0,0,-12.0
source_scope_difference_or_mixed,treatment,getsentry/sentry,2024-04,ncloc,exact_match,ncloc_close,d9935228ed25a087426c4665bb98358bb1e4c580,d9935228ed25a087426c4665bb98358bb1e4c580,1428367.0,1427746.0,-621.0,621.0,0,0,-10.0
source_scope_difference_or_mixed,treatment,getsentry/sentry,2024-03,ncloc,exact_match,ncloc_close,b3f8ab3aea7eaabfd408314997f8c21c5707491f,b3f8ab3aea7eaabfd408314997f8c21c5707491f,1388532.0,1387911.0,-621.0,621.0,0,0,-11.0
source_scope_difference_or_mixed,treatment,DataDog/integrations-core,2024-02,ncloc,exact_match,ncloc_close,1209aff535676d2788511da7ff82444c89640360,1209aff535676d2788511da7ff82444c89640360,409208.0,408590.0,-618.0,618.0,0,0,-13.0
source_scope_difference_or_mixed,treatment,DataDog/integrations-core,2025-08,ncloc,exact_match,ncloc_close,af4afd423a8cce60bcaf879e543f1b696e3f0caa,af4afd423a8cce60bcaf879e543f1b696e3f0caa,577198.0,576582.0,-616.0,616.0,1,1,5.0
source_scope_difference_or_mixed,treatment,OpenSPP/openspp-modules,2025-03,technical_debt,exact_match,ncloc_close,aa7a32f1654f2bb6d0dab7705d099a4d23db93c8,aa7a32f1654f2bb6d0dab7705d099a4d23db93c8,4297.0,3707.0,-590.0,590.0,1,1,0.0
source_scope_difference_or_mixed,treatment,OpenSPP/openspp-modules,2025-04,technical_debt,exact_match,ncloc_close,d9435af911347aca6f33c1e847a64f4309f63c83,d9435af911347aca6f33c1e847a64f4309f63c83,4297.0,3707.0,-590.0,590.0,1,1,1.0
rule_config_analyzer_profile_signal,control,dymmond/edgy,2025-05,technical_debt,exact_match,ncloc_identical,e9c3ec3948d50eecc353884feac6b45abb753578,e9c3ec3948d50eecc353884feac6b45abb753578,2757.0,2169.0,-588.0,588.0,0,0,
source_scope_difference_or_mixed,treatment,OpenSPP/openspp-modules,2025-02,technical_debt,exact_match,ncloc_close,5fa3f4c3be440db533d57fbb118fc03ddcd0c3b5,5fa3f4c3be440db533d57fbb118fc03ddcd0c3b5,4067.0,3480.0,-587.0,587.0,0,0,-1.0
rule_config_analyzer_profile_signal,control,dymmond/edgy,2025-06,technical_debt,exact_match,ncloc_identical,296c59535df2ac0485f1bcb2616e23cfe596db99,296c59535df2ac0485f1bcb2616e23cfe596db99,2755.0,2172.0,-583.0,583.0,0,0,
source_scope_difference_or_mixed,treatment,OpenSPP/openspp-modules,2025-07,technical_debt,exact_match,ncloc_close,3ab7cfe800078ca0da9dfc42948af2fff32db2bb,3ab7cfe800078ca0da9dfc42948af2fff32db2bb,4209.0,3629.0,-580.0,580.0,1,1,4.0
source_scope_difference_or_mixed,treatment,OpenSPP/openspp-modules,2025-06,technical_debt,exact_match,ncloc_close,5b93758fc556b726ca84e652fa2b3601f4d740b2,5b93758fc556b726ca84e652fa2b3601f4d740b2,4209.0,3629.0,-580.0,580.0,1,1,3.0
source_scope_difference_or_mixed,treatment,OpenSPP/openspp-modules,2025-05,technical_debt,exact_match,ncloc_close,9783d4150a596167e276f941b23db0abfb41fd5f,9783d4150a596167e276f941b23db0abfb41fd5f,4209.0,3629.0,-580.0,580.0,1,1,2.0
rule_config_analyzer_profile_signal,control,jacebrowning/datafiles,2024-11,static_analysis_warnings,exact_match,ncloc_identical,51ad26394a2b99ed8dfab0bd1538abfca73db233,51ad26394a2b99ed8dfab0bd1538abfca73db233,600.0,43.0,-557.0,557.0,0,0,
rule_config_analyzer_profile_signal,control,jacebrowning/datafiles,2024-10,static_analysis_warnings,exact_match,ncloc_identical,46280de29975a61a5d4cd09f36c806a2fb7db769,46280de29975a61a5d4cd09f36c806a2fb7db769,600.0,43.0,-557.0,557.0,0,0,
rule_config_analyzer_profile_signal,control,jacebrowning/datafiles,2025-07,static_analysis_warnings,exact_match,ncloc_identical,a7737126dae693f755013f0fcd11df7867274df6,a7737126dae693f755013f0fcd11df7867274df6,599.0,43.0,-556.0,556.0,0,0,
rule_config_analyzer_profile_signal,control,jacebrowning/datafiles,2025-02,static_analysis_warnings,exact_match,ncloc_identical,4c2b99a126d0f7ad8d13f5c55e098b07c3f51045,4c2b99a126d0f7ad8d13f5c55e098b07c3f51045,599.0,43.0,-556.0,556.0,0,0,
rule_config_analyzer_profile_signal,control,jacebrowning/datafiles,2025-04,static_analysis_warnings,exact_match,ncloc_identical,e07b38ed8d6e89f0887aa5ec6712934467742b36,e07b38ed8d6e89f0887aa5ec6712934467742b36,599.0,43.0,-556.0,556.0,0,0,
rule_config_analyzer_profile_signal,control,jacebrowning/datafiles,2025-05,static_analysis_warnings,exact_match,ncloc_identical,7516af8388fd968e6b7abbfb0df7d51d658142d2,7516af8388fd968e6b7abbfb0df7d51d658142d2,599.0,43.0,-556.0,556.0,0,0,
rule_config_analyzer_profile_signal,control,jacebrowning/datafiles,2025-06,static_analysis_warnings,exact_match,ncloc_identical,cb3628112394669d5a93a5804f4d6e23cf161eba,cb3628112394669d5a93a5804f4d6e23cf161eba,599.0,43.0,-556.0,556.0,0,0,
source_scope_difference_or_mixed,treatment,OpenSPP/openspp-modules,2024-12,technical_debt,exact_match,ncloc_close,026e469c043e4d009ffca22d01df4141527ee06c,026e469c043e4d009ffca22d01df4141527ee06c,4061.0,3507.0,-554.0,554.0,0,0,-3.0
rule_config_analyzer_profile_signal,control,jacebrowning/datafiles,2024-08,static_analysis_warnings,exact_match,ncloc_identical,03281501945c2ae93ad35c5a618178d65bb2d0d8,03281501945c2ae93ad35c5a618178d65bb2d0d8,597.0,43.0,-554.0,554.0,0,0,
rule_config_analyzer_profile_signal,control,jacebrowning/datafiles,2024-07,static_analysis_warnings,exact_match,ncloc_identical,8840d02caab67fec49efe08a7912d1f39949a100,8840d02caab67fec49efe08a7912d1f39949a100,597.0,43.0,-554.0,554.0,0,0,
rule_config_analyzer_profile_signal,control,jacebrowning/datafiles,2024-05,static_analysis_warnings,exact_match,ncloc_identical,59566a650f2624f2fc214bd9d8b3c5e7d825da57,59566a650f2624f2fc214bd9d8b3c5e7d825da57,597.0,43.0,-554.0,554.0,0,0,
source_scope_difference_or_mixed,treatment,OpenSPP/openspp-modules,2025-01,technical_debt,exact_match,ncloc_close,f0b4ccd97823138abe97f586925dcd04d95e2963,f0b4ccd97823138abe97f586925dcd04d95e2963,4069.0,3515.0,-554.0,554.0,0,0,-2.0
rule_config_analyzer_profile_signal,control,jacebrowning/datafiles,2024-03,static_analysis_warnings,exact_match,ncloc_identical,fc623e81f9e7476938a04e191b471aa90dc11d76,fc623e81f9e7476938a04e191b471aa90dc11d76,595.0,43.0,-552.0,552.0,0,0,
rule_config_analyzer_profile_signal,control,jacebrowning/datafiles,2024-01,static_analysis_warnings,exact_match,ncloc_identical,47ae5be927e7c079ca0b9a6b01b811bf9ffcf9bd,47ae5be927e7c079ca0b9a6b01b811bf9ffcf9bd,595.0,43.0,-552.0,552.0,0,0,
source_scope_difference_or_mixed,treatment,OpenSPP/openspp-modules,2024-11,technical_debt,exact_match,ncloc_close,5f3a46921e55abdb97b68723af5308aabac1ea0d,5f3a46921e55abdb97b68723af5308aabac1ea0d,4002.0,3489.0,-513.0,513.0,0,0,-4.0
source_scope_difference_or_mixed,treatment,DataDog/integrations-core,2024-11,ncloc,exact_match,ncloc_close,c08fd423affb8f7257d8fcb8e9a5afd869681415,c08fd423affb8f7257d8fcb8e9a5afd869681415,530105.0,529601.0,-504.0,504.0,0,0,-4.0
source_scope_difference_or_mixed,control,odoo/industry,2025-04,ncloc,exact_match,ncloc_close,4e2c17503e81e773ef0ebb4f6994af6bfed3865b,4e2c17503e81e773ef0ebb4f6994af6bfed3865b,103403.0,102916.0,-487.0,487.0,0,0,
source_scope_difference_or_mixed,treatment,DataDog/integrations-core,2025-01,ncloc,exact_match,ncloc_close,82c4055486147402d96748c0abd63de6850e83d1,82c4055486147402d96748c0abd63de6850e83d1,550705.0,550232.0,-473.0,473.0,0,0,-2.0
rule_config_analyzer_profile_signal,control,NVIDIA/cuEquivariance,2025-08,technical_debt,exact_match,ncloc_identical,5942dd5c8783949e83c462f012060bb767c6154e,5942dd5c8783949e83c462f012060bb767c6154e,2817.0,2349.0,-468.0,468.0,0,0,
source_scope_difference_or_mixed,treatment,DataDog/integrations-core,2024-12,ncloc,exact_match,ncloc_close,e6b077a2f4e4526dc00261698d752e7481547e66,e6b077a2f4e4526dc00261698d752e7481547e66,545404.0,544938.0,-466.0,466.0,0,0,-3.0
source_scope_difference_or_mixed,treatment,getsentry/sentry,2024-09,ncloc,exact_match,ncloc_close,6c6024b9d8999b88166c60580a677d809252fc04,6c6024b9d8999b88166c60580a677d809252fc04,1578069.0,1577606.0,-463.0,463.0,0,0,-5.0
source_scope_difference_or_mixed,treatment,getsentry/sentry,2024-12,bugs,exact_match,ncloc_close,707f353d2d1933fbf951478c414838f9e5956b38,707f353d2d1933fbf951478c414838f9e5956b38,856.0,394.0,-462.0,462.0,0,0,-2.0
source_scope_difference_or_mixed,treatment,getsentry/sentry,2024-11,bugs,exact_match,ncloc_close,8e45680a887ec96c50c1f43fffe1ac8f2b6c54aa,8e45680a887ec96c50c1f43fffe1ac8f2b6c54aa,889.0,428.0,-461.0,461.0,0,0,-3.0
source_scope_difference_or_mixed,control,odoo/industry,2025-02,ncloc,exact_match,ncloc_close,2adb3d9791673f1741ece2bd4c466bcb84eec1a9,2adb3d9791673f1741ece2bd4c466bcb84eec1a9,87947.0,87487.0,-460.0,460.0,0,0,
source_scope_difference_or_mixed,treatment,LearningCircuit/local-deep-research,2025-03,cognitive_complexity,exact_match,ncloc_different,534b12017b9b8db8d6831f3dbd4d4588ddbffe86,534b12017b9b8db8d6831f3dbd4d4588ddbffe86,3414.0,2956.0,-458.0,458.0,1,1,0.0
source_scope_difference_or_mixed,treatment,ethyca/fides,2025-03,technical_debt,exact_match,ncloc_close,524ff93669d122111bfd73df1c4ca2c2d9d7d100,524ff93669d122111bfd73df1c4ca2c2d9d7d100,19006.0,18552.0,-454.0,454.0,1,1,0.0
source_scope_difference_or_mixed,treatment,DataDog/integrations-core,2025-07,ncloc,exact_match,ncloc_close,26abd13d37aca13903e1cf8e64b1f0f0959630f6,26abd13d37aca13903e1cf8e64b1f0f0959630f6,573689.0,573235.0,-454.0,454.0,1,1,4.0
rule_config_analyzer_profile_signal,control,NVIDIA/cuEquivariance,2025-07,technical_debt,exact_match,ncloc_identical,5fbf607f5361e40352d0f9b49ed60260a48ad91c,5fbf607f5361e40352d0f9b49ed60260a48ad91c,2768.0,2315.0,-453.0,453.0,0,0,
source_scope_difference_or_mixed,treatment,OpenSPP/openspp-modules,2024-09,technical_debt,exact_match,ncloc_close,adf9c3e640dcf158b1939a67fc424a5a38f34b05,adf9c3e640dcf158b1939a67fc424a5a38f34b05,3287.0,2837.0,-450.0,450.0,0,0,-6.0
source_scope_difference_or_mixed,treatment,OpenSPP/openspp-modules,2024-08,technical_debt,exact_match,ncloc_close,ee3c2a33837392370f724af88090ac5725af2df3,ee3c2a33837392370f724af88090ac5725af2df3,3279.0,2829.0,-450.0,450.0,0,0,-7.0
source_scope_difference_or_mixed,treatment,DataDog/integrations-core,2025-03,ncloc,exact_match,ncloc_close,67cf3ad93e6873944bcdbd153c7305b03c2f51d4,67cf3ad93e6873944bcdbd153c7305b03c2f51d4,554804.0,554357.0,-447.0,447.0,1,1,0.0
source_scope_difference_or_mixed,treatment,DataDog/integrations-core,2025-02,ncloc,exact_match,ncloc_close,c3628b5ded79e88ab572dfd7bac6e5c1cd91f1d8,c3628b5ded79e88ab572dfd7bac6e5c1cd91f1d8,551182.0,550735.0,-447.0,447.0,0,0,-1.0
source_scope_difference_or_mixed,treatment,DataDog/integrations-core,2025-05,ncloc,exact_match,ncloc_close,1c924825332db0360a98ffc39e7c9d87618d66aa,1c924825332db0360a98ffc39e7c9d87618d66aa,563812.0,563365.0,-447.0,447.0,1,1,2.0
source_scope_difference_or_mixed,treatment,DataDog/integrations-core,2025-06,ncloc,exact_match,ncloc_close,f9f78ed17fce4bcd63e24aaa39a9e47dddbd7f4f,f9f78ed17fce4bcd63e24aaa39a9e47dddbd7f4f,567619.0,567172.0,-447.0,447.0,1,1,3.0
source_scope_difference_or_mixed,treatment,getsentry/sentry,2025-01,bugs,exact_match,ncloc_close,d210118fce94310ef5858d51efe16ee26c995a48,d210118fce94310ef5858d51efe16ee26c995a48,808.0,363.0,-445.0,445.0,0,0,-1.0
source_scope_difference_or_mixed,treatment,OpenSPP/openspp-modules,2024-10,technical_debt,exact_match,ncloc_close,8ab103e8b8df63345e967be734504433210de708,8ab103e8b8df63345e967be734504433210de708,3926.0,3481.0,-445.0,445.0,0,0,-5.0
source_scope_difference_or_mixed,treatment,getsentry/sentry,2025-02,bugs,exact_match,ncloc_close,c4502d06cff34abeb8f58810743fb907ee914348,c4502d06cff34abeb8f58810743fb907ee914348,816.0,374.0,-442.0,442.0,1,1,0.0
source_scope_difference_or_mixed,treatment,getsentry/sentry,2024-10,bugs,exact_match,ncloc_close,ad46b361e2e960136b68f1647b936af1b3f6752a,ad46b361e2e960136b68f1647b936af1b3f6752a,878.0,438.0,-440.0,440.0,0,0,-4.0
source_scope_difference_or_mixed,control,odoo/industry,2025-03,ncloc,exact_match,ncloc_close,513152d9c44bc69b1ceb135ebebea12cf25d5475,513152d9c44bc69b1ceb135ebebea12cf25d5475,95138.0,94711.0,-427.0,427.0,0,0,
source_scope_difference_or_mixed,treatment,getsentry/sentry,2024-09,bugs,exact_match,ncloc_close,6c6024b9d8999b88166c60580a677d809252fc04,6c6024b9d8999b88166c60580a677d809252fc04,842.0,418.0,-424.0,424.0,0,0,-5.0
rule_config_analyzer_profile_signal,control,PennyLaneAI/catalyst,2025-08,static_analysis_warnings,exact_match,ncloc_identical,0150699ff9adda89142bf65e2600619d61f6d55a,0150699ff9adda89142bf65e2600619d61f6d55a,715.0,300.0,-415.0,415.0,0,0,
source_scope_difference_or_mixed,treatment,getsentry/sentry,2024-08,bugs,exact_match,ncloc_close,14b776d65b324705fca7edfd2c88a748429d54e3,14b776d65b324705fca7edfd2c88a748429d54e3,823.0,412.0,-411.0,411.0,0,0,-6.0
source_scope_difference_or_mixed,treatment,daojiAnime/vmq-fastapi,2025-01,technical_debt,exact_match,ncloc_different,0c26f00ba01633a4e487135f27eb60e11d27f7f0,0c26f00ba01633a4e487135f27eb60e11d27f7f0,577.0,173.0,-404.0,404.0,1,1,0.0
commit_selection_difference,control,PennyLaneAI/catalyst,2025-07,static_analysis_warnings,mismatch,,0aa4fab8450c1c8f0d5baeeb48b8cef919b155f5,4f4b01a142d5224279c4d0fcd6b944fcc80b343b,702.0,302.0,-400.0,400.0,0,0,
rule_config_analyzer_profile_signal,control,PennyLaneAI/catalyst,2025-06,static_analysis_warnings,exact_match,ncloc_identical,f43af48a983a734ca863a04362b99176d506bcb8,f43af48a983a734ca863a04362b99176d506bcb8,703.0,304.0,-399.0,399.0,0,0,
source_scope_difference_or_mixed,treatment,OpenSPP/openspp-modules,2024-07,technical_debt,exact_match,ncloc_close,f022df49930204a30688e7b979ab155f18833dd5,f022df49930204a30688e7b979ab155f18833dd5,3219.0,2821.0,-398.0,398.0,0,0,-8.0
source_scope_difference_or_mixed,treatment,getsentry/sentry,2024-07,bugs,exact_match,ncloc_close,3efa8cf306b9650d8129ffeaca77601b833b1009,3efa8cf306b9650d8129ffeaca77601b833b1009,796.0,399.0,-397.0,397.0,0,0,-7.0
source_scope_difference_or_mixed,treatment,OpenSPP/openspp-modules,2024-06,technical_debt,exact_match,ncloc_close,2004f4bf223d5d003203bf1b8d2c60e4262a357a,2004f4bf223d5d003203bf1b8d2c60e4262a357a,3166.0,2778.0,-388.0,388.0,0,0,-9.0
source_scope_difference_or_mixed,treatment,getsentry/sentry,2024-06,bugs,exact_match,ncloc_close,27f0f976edf02d303fc16cab7a481e588be43e8e,27f0f976edf02d303fc16cab7a481e588be43e8e,783.0,401.0,-382.0,382.0,0,0,-8.0
source_scope_difference_or_mixed,treatment,ResearchHub/researchhub-backend,2024-01,technical_debt,exact_match,ncloc_close,fd34f4bcb44c74f5e5e65d22a4e60528b46c8c5e,fd34f4bcb44c74f5e5e65d22a4e60528b46c8c5e,4900.0,4519.0,-381.0,381.0,0,0,-14.0
rule_config_analyzer_profile_signal,control,PennyLaneAI/catalyst,2025-05,static_analysis_warnings,exact_match,ncloc_identical,06db0834814629bbac4bea9188101898cc4b0a91,06db0834814629bbac4bea9188101898cc4b0a91,676.0,297.0,-379.0,379.0,0,0,
source_scope_difference_or_mixed,treatment,OpenSPP/openspp-modules,2024-05,technical_debt,exact_match,ncloc_close,fd8842c5be918ecf40f5f85d99131591e52a5289,fd8842c5be918ecf40f5f85d99131591e52a5289,3959.0,3581.0,-378.0,378.0,0,0,-10.0
source_scope_difference_or_mixed,treatment,daojiAnime/vmq-fastapi,2025-03,technical_debt,exact_match,ncloc_different,cfd7123fbc3eb53f6d63f9ae4bbb0d254d1c220d,cfd7123fbc3eb53f6d63f9ae4bbb0d254d1c220d,647.0,273.0,-374.0,374.0,1,1,2.0
rule_config_analyzer_profile_signal,control,PennyLaneAI/catalyst,2025-08,code_smells,exact_match,ncloc_identical,0150699ff9adda89142bf65e2600619d61f6d55a,0150699ff9adda89142bf65e2600619d61f6d55a,665.0,291.0,-374.0,374.0,0,0,
source_scope_difference_or_mixed,treatment,daojiAnime/vmq-fastapi,2025-02,technical_debt,exact_match,ncloc_different,671f34b7e3cc086980180011cd647c1c8cadfe83,671f34b7e3cc086980180011cd647c1c8cadfe83,647.0,273.0,-374.0,374.0,1,1,1.0
source_scope_difference_or_mixed,control,PennyLaneAI/catalyst,2025-04,static_analysis_warnings,exact_match,ncloc_close,6b142ed845381abc56f14054aa2abaec7e34b6c7,6b142ed845381abc56f14054aa2abaec7e34b6c7,668.0,296.0,-372.0,372.0,0,0,
source_scope_difference_or_mixed,treatment,getsentry/sentry,2024-05,bugs,exact_match,ncloc_close,0d270ad1c8532bb133772a03e166dca23a3a08ad,0d270ad1c8532bb133772a03e166dca23a3a08ad,748.0,384.0,-364.0,364.0,0,0,-9.0
rule_config_analyzer_profile_signal,control,PennyLaneAI/catalyst,2025-03,static_analysis_warnings,exact_match,ncloc_identical,d5329df09ed618392f858c17160e1d7833a2588c,d5329df09ed618392f858c17160e1d7833a2588c,655.0,292.0,-363.0,363.0,0,0,
source_scope_difference_or_mixed,control,VirtualFlow/VFVS,2024-01,static_analysis_warnings,exact_match,ncloc_different,408299a0f106a08fa1792c63b3699453329cc2d6,408299a0f106a08fa1792c63b3699453329cc2d6,400.0,38.0,-362.0,362.0,0,0,
commit_selection_difference,control,PennyLaneAI/catalyst,2025-07,code_smells,mismatch,,0aa4fab8450c1c8f0d5baeeb48b8cef919b155f5,4f4b01a142d5224279c4d0fcd6b944fcc80b343b,655.0,293.0,-362.0,362.0,0,0,
rule_config_analyzer_profile_signal,control,PennyLaneAI/catalyst,2025-06,code_smells,exact_match,ncloc_identical,f43af48a983a734ca863a04362b99176d506bcb8,f43af48a983a734ca863a04362b99176d506bcb8,656.0,295.0,-361.0,361.0,0,0,
source_scope_difference_or_mixed,treatment,ResearchHub/researchhub-backend,2024-02,technical_debt,exact_match,ncloc_close,082491f7b25a2fb7477f126520ad723aed615118,082491f7b25a2fb7477f126520ad723aed615118,5133.0,4772.0,-361.0,361.0,0,0,-13.0
rule_config_analyzer_profile_signal,control,PennyLaneAI/catalyst,2024-12,static_analysis_warnings,exact_match,ncloc_identical,4ab437d35491088597bb6f2e4261bab3c3cedc2b,4ab437d35491088597bb6f2e4261bab3c3cedc2b,664.0,306.0,-358.0,358.0,0,0,
rule_config_analyzer_profile_signal,control,PennyLaneAI/catalyst,2025-02,static_analysis_warnings,exact_match,ncloc_identical,f4f4105451484b80b4fb3f71dc41ff395c188cce,f4f4105451484b80b4fb3f71dc41ff395c188cce,645.0,287.0,-358.0,358.0,0,0,
rule_config_analyzer_profile_signal,control,PennyLaneAI/catalyst,2025-01,static_analysis_warnings,exact_match,ncloc_identical,d7391b2a18820e80af59095204f668f1758e2278,d7391b2a18820e80af59095204f668f1758e2278,642.0,284.0,-358.0,358.0,0,0,
rule_config_analyzer_profile_signal,control,NVIDIA/cuEquivariance,2025-06,technical_debt,exact_match,ncloc_identical,9cc03d657ce7124cd7998d2c66f6901783f29979,9cc03d657ce7124cd7998d2c66f6901783f29979,2056.0,1703.0,-353.0,353.0,0,0,
rule_config_analyzer_profile_signal,control,NVIDIA/cuEquivariance,2025-05,technical_debt,exact_match,ncloc_identical,6a78b3f56d1ea7387465b152c12ed09e083cc4b9,6a78b3f56d1ea7387465b152c12ed09e083cc4b9,2056.0,1703.0,-353.0,353.0,0,0,
source_scope_difference_or_mixed,control,NVIDIA/cuEquivariance,2025-04,technical_debt,exact_match,ncloc_close,63765206185021ff123b68ffaa3f37053ec68906,63765206185021ff123b68ffaa3f37053ec68906,1999.0,1646.0,-353.0,353.0,0,0,
source_scope_difference_or_mixed,control,PennyLaneAI/catalyst,2024-11,static_analysis_warnings,exact_match,ncloc_close,61c06b1ba294325392f65f93ab7b9292e9fe1800,61c06b1ba294325392f65f93ab7b9292e9fe1800,637.0,286.0,-351.0,351.0,0,0,
source_scope_difference_or_mixed,treatment,getsentry/sentry,2024-02,bugs,exact_match,ncloc_close,de6c3afad3e8eb67fe0f4cccc389f4374a87fea0,de6c3afad3e8eb67fe0f4cccc389f4374a87fea0,716.0,366.0,-350.0,350.0,0,0,-12.0
source_scope_difference_or_mixed,treatment,getsentry/sentry,2024-04,bugs,exact_match,ncloc_close,d9935228ed25a087426c4665bb98358bb1e4c580,d9935228ed25a087426c4665bb98358bb1e4c580,735.0,386.0,-349.0,349.0,0,0,-10.0
source_scope_difference_or_mixed,control,VirtualFlow/VFVS,2024-01,code_smells,exact_match,ncloc_different,408299a0f106a08fa1792c63b3699453329cc2d6,408299a0f106a08fa1792c63b3699453329cc2d6,379.0,35.0,-344.0,344.0,0,0,
rule_config_analyzer_profile_signal,control,PennyLaneAI/catalyst,2025-05,code_smells,exact_match,ncloc_identical,06db0834814629bbac4bea9188101898cc4b0a91,06db0834814629bbac4bea9188101898cc4b0a91,631.0,288.0,-343.0,343.0,0,0,
source_scope_difference_or_mixed,control,PennyLaneAI/catalyst,2024-09,static_analysis_warnings,exact_match,ncloc_close,50635c76e940677a89e4055307c9eb1083a36600,50635c76e940677a89e4055307c9eb1083a36600,630.0,288.0,-342.0,342.0,0,0,
source_scope_difference_or_mixed,control,PennyLaneAI/catalyst,2024-10,static_analysis_warnings,exact_match,ncloc_close,0e1c24d7ef626f18800978df9cd34e5177da042d,0e1c24d7ef626f18800978df9cd34e5177da042d,633.0,293.0,-340.0,340.0,0,0,
rule_config_analyzer_profile_signal,control,jacebrowning/datafiles,2024-11,bugs,exact_match,ncloc_identical,51ad26394a2b99ed8dfab0bd1538abfca73db233,51ad26394a2b99ed8dfab0bd1538abfca73db233,340.0,2.0,-338.0,338.0,0,0,
rule_config_analyzer_profile_signal,control,jacebrowning/datafiles,2025-05,bugs,exact_match,ncloc_identical,7516af8388fd968e6b7abbfb0df7d51d658142d2,7516af8388fd968e6b7abbfb0df7d51d658142d2,340.0,2.0,-338.0,338.0,0,0,
rule_config_analyzer_profile_signal,control,jacebrowning/datafiles,2025-04,bugs,exact_match,ncloc_identical,e07b38ed8d6e89f0887aa5ec6712934467742b36,e07b38ed8d6e89f0887aa5ec6712934467742b36,340.0,2.0,-338.0,338.0,0,0,
rule_config_analyzer_profile_signal,control,jacebrowning/datafiles,2025-02,bugs,exact_match,ncloc_identical,4c2b99a126d0f7ad8d13f5c55e098b07c3f51045,4c2b99a126d0f7ad8d13f5c55e098b07c3f51045,340.0,2.0,-338.0,338.0,0,0,
rule_config_analyzer_profile_signal,control,jacebrowning/datafiles,2025-07,bugs,exact_match,ncloc_identical,a7737126dae693f755013f0fcd11df7867274df6,a7737126dae693f755013f0fcd11df7867274df6,340.0,2.0,-338.0,338.0,0,0,
rule_config_analyzer_profile_signal,control,jacebrowning/datafiles,2024-10,bugs,exact_match,ncloc_identical,46280de29975a61a5d4cd09f36c806a2fb7db769,46280de29975a61a5d4cd09f36c806a2fb7db769,340.0,2.0,-338.0,338.0,0,0,
rule_config_analyzer_profile_signal,control,jacebrowning/datafiles,2025-06,bugs,exact_match,ncloc_identical,cb3628112394669d5a93a5804f4d6e23cf161eba,cb3628112394669d5a93a5804f4d6e23cf161eba,340.0,2.0,-338.0,338.0,0,0,
rule_config_analyzer_profile_signal,control,jacebrowning/datafiles,2024-07,bugs,exact_match,ncloc_identical,8840d02caab67fec49efe08a7912d1f39949a100,8840d02caab67fec49efe08a7912d1f39949a100,339.0,2.0,-337.0,337.0,0,0,
rule_config_analyzer_profile_signal,control,jacebrowning/datafiles,2024-08,bugs,exact_match,ncloc_identical,03281501945c2ae93ad35c5a618178d65bb2d0d8,03281501945c2ae93ad35c5a618178d65bb2d0d8,339.0,2.0,-337.0,337.0,0,0,
rule_config_analyzer_profile_signal,control,jacebrowning/datafiles,2024-05,bugs,exact_match,ncloc_identical,59566a650f2624f2fc214bd9d8b3c5e7d825da57,59566a650f2624f2fc214bd9d8b3c5e7d825da57,339.0,2.0,-337.0,337.0,0,0,
rule_config_analyzer_profile_signal,control,jacebrowning/datafiles,2024-01,bugs,exact_match,ncloc_identical,47ae5be927e7c079ca0b9a6b01b811bf9ffcf9bd,47ae5be927e7c079ca0b9a6b01b811bf9ffcf9bd,338.0,2.0,-336.0,336.0,0,0,
rule_config_analyzer_profile_signal,control,jacebrowning/datafiles,2024-03,bugs,exact_match,ncloc_identical,fc623e81f9e7476938a04e191b471aa90dc11d76,fc623e81f9e7476938a04e191b471aa90dc11d76,338.0,2.0,-336.0,336.0,0,0,
source_scope_difference_or_mixed,control,PennyLaneAI/catalyst,2025-04,code_smells,exact_match,ncloc_close,6b142ed845381abc56f14054aa2abaec7e34b6c7,6b142ed845381abc56f14054aa2abaec7e34b6c7,623.0,287.0,-336.0,336.0,0,0,
rule_config_analyzer_profile_signal,control,NVIDIA/cuEquivariance,2025-01,technical_debt,exact_match,ncloc_identical,07e715cf2762e67fb2a0fbc109a5d24a94fc5117,07e715cf2762e67fb2a0fbc109a5d24a94fc5117,1885.0,1554.0,-331.0,331.0,0,0,
source_scope_difference_or_mixed,treatment,getsentry/sentry,2024-03,bugs,exact_match,ncloc_close,b3f8ab3aea7eaabfd408314997f8c21c5707491f,b3f8ab3aea7eaabfd408314997f8c21c5707491f,711.0,381.0,-330.0,330.0,0,0,-11.0
source_scope_difference_or_mixed,treatment,VRSEN/agency-swarm,2025-08,technical_debt,exact_match,ncloc_close,7fe6207bc8ccaaf6d87513eb9f11a66bae61f845,7fe6207bc8ccaaf6d87513eb9f11a66bae61f845,1893.0,1563.0,-330.0,330.0,1,1,10.0
rule_config_analyzer_profile_signal,control,PennyLaneAI/catalyst,2025-03,code_smells,exact_match,ncloc_identical,d5329df09ed618392f858c17160e1d7833a2588c,d5329df09ed618392f858c17160e1d7833a2588c,610.0,283.0,-327.0,327.0,0,0,
source_scope_difference_or_mixed,treatment,OpenSPP/openspp-modules,2024-04,technical_debt,exact_match,ncloc_close,eff2549b7d5c1266d0a48e552c6244f9539c3e03,eff2549b7d5c1266d0a48e552c6244f9539c3e03,3875.0,3551.0,-324.0,324.0,0,0,-11.0
source_scope_difference_or_mixed,treatment,DataDog/integrations-core,2024-01,cognitive_complexity,exact_match,ncloc_close,3f21b7bd08df0737cb477548d027a7a93f92f1ff,3f21b7bd08df0737cb477548d027a7a93f92f1ff,35722.0,35399.0,-323.0,323.0,0,0,-14.0
rule_config_analyzer_profile_signal,control,PennyLaneAI/catalyst,2025-01,code_smells,exact_match,ncloc_identical,d7391b2a18820e80af59095204f668f1758e2278,d7391b2a18820e80af59095204f668f1758e2278,597.0,275.0,-322.0,322.0,0,0,
rule_config_analyzer_profile_signal,control,PennyLaneAI/catalyst,2024-12,code_smells,exact_match,ncloc_identical,4ab437d35491088597bb6f2e4261bab3c3cedc2b,4ab437d35491088597bb6f2e4261bab3c3cedc2b,619.0,297.0,-322.0,322.0,0,0,
rule_config_analyzer_profile_signal,control,PennyLaneAI/catalyst,2025-02,code_smells,exact_match,ncloc_identical,f4f4105451484b80b4fb3f71dc41ff395c188cce,f4f4105451484b80b4fb3f71dc41ff395c188cce,600.0,278.0,-322.0,322.0,0,0,
source_scope_difference_or_mixed,treatment,OpenSPP/openspp-modules,2024-03,technical_debt,exact_match,ncloc_close,799fd97eb17fd65c8c7733052bac265f5c4b49c3,799fd97eb17fd65c8c7733052bac265f5c4b49c3,3073.0,2753.0,-320.0,320.0,0,0,-12.0
source_scope_difference_or_mixed,treatment,getsentry/sentry,2024-01,bugs,exact_match,ncloc_close,8073feb6eac31a856f6a389a1c289430b35e3589,8073feb6eac31a856f6a389a1c289430b35e3589,661.0,343.0,-318.0,318.0,0,0,-13.0
source_scope_difference_or_mixed,control,PennyLaneAI/catalyst,2024-11,code_smells,exact_match,ncloc_close,61c06b1ba294325392f65f93ab7b9292e9fe1800,61c06b1ba294325392f65f93ab7b9292e9fe1800,592.0,277.0,-315.0,315.0,0,0,
source_scope_difference_or_mixed,control,PennyLaneAI/catalyst,2024-09,code_smells,exact_match,ncloc_close,50635c76e940677a89e4055307c9eb1083a36600,50635c76e940677a89e4055307c9eb1083a36600,590.0,279.0,-311.0,311.0,0,0,
source_scope_difference_or_mixed,control,believethehype/nostrdvm,2024-09,technical_debt,exact_match,ncloc_close,9a17d966d31a71d931ba83375444e30a12525fcd,9a17d966d31a71d931ba83375444e30a12525fcd,9356.0,9046.0,-310.0,310.0,0,0,
source_scope_difference_or_mixed,control,PennyLaneAI/catalyst,2024-10,code_smells,exact_match,ncloc_close,0e1c24d7ef626f18800978df9cd34e5177da042d,0e1c24d7ef626f18800978df9cd34e5177da042d,593.0,284.0,-309.0,309.0,0,0,
rule_config_analyzer_profile_signal,treatment,Anemll/Anemll,2025-04,technical_debt,exact_match,ncloc_identical,d175746c2ffbabd0a0e4491212c0ef0a501d9848,d175746c2ffbabd0a0e4491212c0ef0a501d9848,730.0,425.0,-305.0,305.0,1,1,2.0
rule_config_analyzer_profile_signal,treatment,Anemll/Anemll,2025-05,technical_debt,exact_match,ncloc_identical,4bfa0b08183a437e759798f2245bbcba2313521f,4bfa0b08183a437e759798f2245bbcba2313521f,730.0,425.0,-305.0,305.0,1,1,3.0
source_scope_difference_or_mixed,control,believethehype/nostrdvm,2024-10,technical_debt,exact_match,ncloc_close,25dfaa5d9d8d6f1953316fc9c07bb9236c842e40,25dfaa5d9d8d6f1953316fc9c07bb9236c842e40,9425.0,9155.0,-270.0,270.0,0,0,
rule_config_analyzer_profile_signal,treatment,Chocksy/qc-options-framework,2025-03,static_analysis_warnings,exact_match,ncloc_identical,e4ce33d3a1c00a3a017343a5e937ea0bb4e1e522,e4ce33d3a1c00a3a017343a5e937ea0bb4e1e522,1148.0,879.0,-269.0,269.0,1,1,0.0
rule_config_analyzer_profile_signal,treatment,Chocksy/qc-options-framework,2025-01,static_analysis_warnings,exact_match,ncloc_identical,2c53c7c3c63650bb5ab0ad698321326da37928ad,2c53c7c3c63650bb5ab0ad698321326da37928ad,1135.0,867.0,-268.0,268.0,0,0,-2.0
rule_config_analyzer_profile_signal,treatment,Chocksy/qc-options-framework,2024-12,static_analysis_warnings,exact_match,ncloc_identical,a382960aba410d0af0234db18e653f1ed10634a0,a382960aba410d0af0234db18e653f1ed10634a0,1135.0,867.0,-268.0,268.0,0,0,-3.0
rule_config_analyzer_profile_signal,treatment,Chocksy/qc-options-framework,2024-11,static_analysis_warnings,exact_match,ncloc_identical,eac11d6d9fdffa581b21cfaf8a24f71639656376,eac11d6d9fdffa581b21cfaf8a24f71639656376,1126.0,860.0,-266.0,266.0,0,0,-4.0
rule_config_analyzer_profile_signal,treatment,Chocksy/qc-options-framework,2025-03,code_smells,exact_match,ncloc_identical,e4ce33d3a1c00a3a017343a5e937ea0bb4e1e522,e4ce33d3a1c00a3a017343a5e937ea0bb4e1e522,1141.0,876.0,-265.0,265.0,1,1,0.0
rule_config_analyzer_profile_signal,treatment,Anemll/Anemll,2025-02,technical_debt,exact_match,ncloc_identical,d3b2e3660c0657ab643b68a0513b4b5ab443c04c,d3b2e3660c0657ab643b68a0513b4b5ab443c04c,692.0,427.0,-265.0,265.0,1,1,0.0
rule_config_analyzer_profile_signal,treatment,Chocksy/qc-options-framework,2024-12,code_smells,exact_match,ncloc_identical,a382960aba410d0af0234db18e653f1ed10634a0,a382960aba410d0af0234db18e653f1ed10634a0,1129.0,865.0,-264.0,264.0,0,0,-3.0
rule_config_analyzer_profile_signal,treatment,Chocksy/qc-options-framework,2025-01,code_smells,exact_match,ncloc_identical,2c53c7c3c63650bb5ab0ad698321326da37928ad,2c53c7c3c63650bb5ab0ad698321326da37928ad,1129.0,865.0,-264.0,264.0,0,0,-2.0
rule_config_analyzer_profile_signal,treatment,Chocksy/qc-options-framework,2024-11,code_smells,exact_match,ncloc_identical,eac11d6d9fdffa581b21cfaf8a24f71639656376,eac11d6d9fdffa581b21cfaf8a24f71639656376,1119.0,857.0,-262.0,262.0,0,0,-4.0
source_scope_difference_or_mixed,control,believethehype/nostrdvm,2024-08,technical_debt,exact_match,ncloc_close,8785288c9792a28f5aca7b34d63951113ed0ba70,8785288c9792a28f5aca7b34d63951113ed0ba70,8350.0,8094.0,-256.0,256.0,0,0,
rule_config_analyzer_profile_signal,control,aio-libs/aiohttp,2024-02,static_analysis_warnings,exact_match,ncloc_identical,a75ed655d7200102bb0129445469a6f5b6fc7f45,a75ed655d7200102bb0129445469a6f5b6fc7f45,622.0,373.0,-249.0,249.0,0,0,
rule_config_analyzer_profile_signal,control,aio-libs/aiohttp,2024-03,code_smells,exact_match,ncloc_identical,1542348fb93fabac142833d267c22210644c0b5e,1542348fb93fabac142833d267c22210644c0b5e,589.0,343.0,-246.0,246.0,0,0,
rule_config_analyzer_profile_signal,control,aio-libs/aiohttp,2024-02,code_smells,exact_match,ncloc_identical,a75ed655d7200102bb0129445469a6f5b6fc7f45,a75ed655d7200102bb0129445469a6f5b6fc7f45,603.0,357.0,-246.0,246.0,0,0,
source_scope_difference_or_mixed,control,PennyLaneAI/catalyst,2024-08,static_analysis_warnings,exact_match,ncloc_close,00e67fd1a70931be2b7175bd200269561d6ec6f7,00e67fd1a70931be2b7175bd200269561d6ec6f7,524.0,278.0,-246.0,246.0,0,0,
rule_config_analyzer_profile_signal,control,aio-libs/aiohttp,2024-03,static_analysis_warnings,exact_match,ncloc_identical,1542348fb93fabac142833d267c22210644c0b5e,1542348fb93fabac142833d267c22210644c0b5e,604.0,358.0,-246.0,246.0,0,0,
rule_config_analyzer_profile_signal,control,aio-libs/aiohttp,2024-04,static_analysis_warnings,exact_match,ncloc_identical,c215e56dc175e9da545e73b00531f743833e0de8,c215e56dc175e9da545e73b00531f743833e0de8,618.0,373.0,-245.0,245.0,0,0,
source_scope_difference_or_mixed,treatment,ResearchHub/researchhub-backend,2024-03,technical_debt,exact_match,ncloc_close,846af110c8dbc352f7e5a367bfcb84015599ad69,846af110c8dbc352f7e5a367bfcb84015599ad69,5003.0,4758.0,-245.0,245.0,0,0,-12.0
rule_config_analyzer_profile_signal,control,aio-libs/aiohttp,2024-05,static_analysis_warnings,exact_match,ncloc_identical,25e3e41ad0012381f214886ff437b924a4fda2f2,25e3e41ad0012381f214886ff437b924a4fda2f2,618.0,374.0,-244.0,244.0,0,0,
rule_config_analyzer_profile_signal,control,aio-libs/aiohttp,2024-01,code_smells,exact_match,ncloc_identical,fa2bb5d2594043ab7ebc6153f2c6ef3a728c328a,fa2bb5d2594043ab7ebc6153f2c6ef3a728c328a,582.0,338.0,-244.0,244.0,0,0,
rule_config_analyzer_profile_signal,control,aio-libs/aiohttp,2024-01,static_analysis_warnings,exact_match,ncloc_identical,fa2bb5d2594043ab7ebc6153f2c6ef3a728c328a,fa2bb5d2594043ab7ebc6153f2c6ef3a728c328a,597.0,353.0,-244.0,244.0,0,0,
rule_config_analyzer_profile_signal,control,aio-libs/aiohttp,2024-06,static_analysis_warnings,exact_match,ncloc_identical,10e3940aff0945180b71193a45cedf927b4d448d,10e3940aff0945180b71193a45cedf927b4d448d,618.0,374.0,-244.0,244.0,0,0,
rule_config_analyzer_profile_signal,control,aio-libs/aiohttp,2024-04,code_smells,exact_match,ncloc_identical,c215e56dc175e9da545e73b00531f743833e0de8,c215e56dc175e9da545e73b00531f743833e0de8,599.0,358.0,-241.0,241.0,0,0,
rule_config_analyzer_profile_signal,control,aio-libs/aiohttp,2024-06,code_smells,exact_match,ncloc_identical,10e3940aff0945180b71193a45cedf927b4d448d,10e3940aff0945180b71193a45cedf927b4d448d,599.0,359.0,-240.0,240.0,0,0,
rule_config_analyzer_profile_signal,control,aio-libs/aiohttp,2024-05,code_smells,exact_match,ncloc_identical,25e3e41ad0012381f214886ff437b924a4fda2f2,25e3e41ad0012381f214886ff437b924a4fda2f2,599.0,359.0,-240.0,240.0,0,0,
rule_config_analyzer_profile_signal,treatment,tmux-python/tmuxp,2025-01,technical_debt,exact_match,ncloc_identical,b3f7d78f9422faebdb534b1e9a33be4e93567164,b3f7d78f9422faebdb534b1e9a33be4e93567164,688.0,451.0,-237.0,237.0,0,0,-2.0
rule_config_analyzer_profile_signal,control,aio-libs/aiohttp,2024-08,static_analysis_warnings,exact_match,ncloc_identical,b73a4c170c64e2691331542d30133df3d54032c0,b73a4c170c64e2691331542d30133df3d54032c0,626.0,392.0,-234.0,234.0,0,0,
commit_selection_difference,treatment,Hankanman/Area-Occupancy-Detection,2025-06,bugs,mismatch,,f0210dfef813f845b4e66ef0fd75727173c2248d,f58755cc8f73b85fb26ebf5e1b94c4a542457636,236.0,5.0,-231.0,231.0,1,1,6.0
source_scope_difference_or_mixed,treatment,ResearchHub/researchhub-backend,2024-04,technical_debt,exact_match,ncloc_close,3071ea750bcff8f981dfdc6550b191da46b16655,3071ea750bcff8f981dfdc6550b191da46b16655,4919.0,4689.0,-230.0,230.0,0,0,-11.0
commit_selection_difference,treatment,Hankanman/Area-Occupancy-Detection,2025-07,bugs,mismatch,,47f11ad1045f73fa16377418df37b933c6f35f44,0d02b4e4a8a0ab050ac2516d063354f9306cc0b4,235.0,5.0,-230.0,230.0,1,1,7.0
rule_config_analyzer_profile_signal,control,aio-libs/aiohttp,2024-08,code_smells,exact_match,ncloc_identical,b73a4c170c64e2691331542d30133df3d54032c0,b73a4c170c64e2691331542d30133df3d54032c0,606.0,377.0,-229.0,229.0,0,0,
rule_config_analyzer_profile_signal,control,aio-libs/aiohttp,2024-07,static_analysis_warnings,exact_match,ncloc_identical,4c81115c0318aa2c7975cb92eeb8fcde9fc84f8f,4c81115c0318aa2c7975cb92eeb8fcde9fc84f8f,619.0,390.0,-229.0,229.0,0,0,
commit_selection_difference,treatment,namuan/trading-utils,2025-03,ncloc,mismatch,,ab8120bc123d4ee3b0fa1015b8255ba217614c2a,03db4e30f917722ee80a352fc330af3d5e59b406,17718.0,17490.0,-228.0,228.0,1,1,4.0
paper_commit_missing,treatment,cgevans/qslib,2025-05,static_analysis_warnings,paper_commit_missing,,,d02b38180d3a4f06775d13e613b0f382447d7c6b,227.0,1.0,-226.0,226.0,1,1,3.0
rule_config_analyzer_profile_signal,control,aio-libs/aiohttp,2024-07,code_smells,exact_match,ncloc_identical,4c81115c0318aa2c7975cb92eeb8fcde9fc84f8f,4c81115c0318aa2c7975cb92eeb8fcde9fc84f8f,599.0,375.0,-224.0,224.0,0,0,
source_scope_difference_or_mixed,control,PennyLaneAI/catalyst,2024-07,static_analysis_warnings,exact_match,ncloc_close,9f8c66353f0240787a394ac725e7ffd239f5a448,9f8c66353f0240787a394ac725e7ffd239f5a448,496.0,273.0,-223.0,223.0,0,0,
source_scope_difference_or_mixed,treatment,ResearchHub/researchhub-backend,2024-08,technical_debt,exact_match,ncloc_close,9c333f30a21dbdac8115428bde6af3668db475e3,9c333f30a21dbdac8115428bde6af3668db475e3,4671.0,4448.0,-223.0,223.0,0,0,-7.0
rule_config_analyzer_profile_signal,treatment,tmux-python/tmuxp,2025-08,technical_debt,exact_match,ncloc_identical,ccbc3729b89db062589697c28077877dc2b30642,ccbc3729b89db062589697c28077877dc2b30642,685.0,463.0,-222.0,222.0,1,1,5.0
rule_config_analyzer_profile_signal,treatment,tmux-python/tmuxp,2025-02,technical_debt,exact_match,ncloc_identical,12da0966aa52fb8d2b79fdfa98c32b770c1aa76b,12da0966aa52fb8d2b79fdfa98c32b770c1aa76b,685.0,463.0,-222.0,222.0,0,0,-1.0
rule_config_analyzer_profile_signal,treatment,tmux-python/tmuxp,2025-06,technical_debt,exact_match,ncloc_identical,0708824ac8dbff7f0a4b504156be5bc511c288c7,0708824ac8dbff7f0a4b504156be5bc511c288c7,685.0,463.0,-222.0,222.0,1,1,3.0
rule_config_analyzer_profile_signal,treatment,tmux-python/tmuxp,2025-07,technical_debt,exact_match,ncloc_identical,7cea7b926b3366c59d7ca1e41de55cb020a0ce67,7cea7b926b3366c59d7ca1e41de55cb020a0ce67,685.0,463.0,-222.0,222.0,1,1,4.0
source_scope_difference_or_mixed,treatment,ResearchHub/researchhub-backend,2024-05,technical_debt,exact_match,ncloc_close,278ec825c32f29bc9d27e22e92294c537ef3b27a,278ec825c32f29bc9d27e22e92294c537ef3b27a,5000.0,4778.0,-222.0,222.0,0,0,-10.0
rule_config_analyzer_profile_signal,treatment,tmux-python/tmuxp,2025-03,technical_debt,exact_match,ncloc_identical,1b034699e8484f3c76a8ef46f5132dcf87b38fd0,1b034699e8484f3c76a8ef46f5132dcf87b38fd0,685.0,463.0,-222.0,222.0,1,1,0.0
rule_config_analyzer_profile_signal,treatment,tmux-python/tmuxp,2025-04,technical_debt,exact_match,ncloc_identical,fad8ac65bba4223e4e082a09149221396a852e0b,fad8ac65bba4223e4e082a09149221396a852e0b,685.0,463.0,-222.0,222.0,1,1,1.0
rule_config_analyzer_profile_signal,treatment,tmux-python/tmuxp,2025-05,technical_debt,exact_match,ncloc_identical,d9d4038baa7ecee9623fd770703b544ecec78ad0,d9d4038baa7ecee9623fd770703b544ecec78ad0,685.0,463.0,-222.0,222.0,1,1,2.0
rule_config_analyzer_profile_signal,control,NVIDIA/cuEquivariance,2025-03,technical_debt,exact_match,ncloc_identical,cd297d02978484ce75135f9104f0015f3f598159,cd297d02978484ce75135f9104f0015f3f598159,1774.0,1553.0,-221.0,221.0,0,0,
rule_config_analyzer_profile_signal,control,NVIDIA/cuEquivariance,2025-02,technical_debt,exact_match,ncloc_identical,f5a67a583e60162fb1db47d954c916c845ad4d2f,f5a67a583e60162fb1db47d954c916c845ad4d2f,1774.0,1553.0,-221.0,221.0,0,0,
rule_config_analyzer_profile_signal,control,jacebrowning/datafiles,2024-10,code_smells,exact_match,ncloc_identical,46280de29975a61a5d4cd09f36c806a2fb7db769,46280de29975a61a5d4cd09f36c806a2fb7db769,260.0,41.0,-219.0,219.0,0,0,
rule_config_analyzer_profile_signal,control,jacebrowning/datafiles,2024-11,code_smells,exact_match,ncloc_identical,51ad26394a2b99ed8dfab0bd1538abfca73db233,51ad26394a2b99ed8dfab0bd1538abfca73db233,260.0,41.0,-219.0,219.0,0,0,
rule_config_analyzer_profile_signal,control,jacebrowning/datafiles,2025-02,code_smells,exact_match,ncloc_identical,4c2b99a126d0f7ad8d13f5c55e098b07c3f51045,4c2b99a126d0f7ad8d13f5c55e098b07c3f51045,259.0,41.0,-218.0,218.0,0,0,
rule_config_analyzer_profile_signal,control,jacebrowning/datafiles,2025-07,code_smells,exact_match,ncloc_identical,a7737126dae693f755013f0fcd11df7867274df6,a7737126dae693f755013f0fcd11df7867274df6,259.0,41.0,-218.0,218.0,0,0,
rule_config_analyzer_profile_signal,control,jacebrowning/datafiles,2025-06,code_smells,exact_match,ncloc_identical,cb3628112394669d5a93a5804f4d6e23cf161eba,cb3628112394669d5a93a5804f4d6e23cf161eba,259.0,41.0,-218.0,218.0,0,0,
rule_config_analyzer_profile_signal,control,jacebrowning/datafiles,2025-04,code_smells,exact_match,ncloc_identical,e07b38ed8d6e89f0887aa5ec6712934467742b36,e07b38ed8d6e89f0887aa5ec6712934467742b36,259.0,41.0,-218.0,218.0,0,0,
rule_config_analyzer_profile_signal,control,jacebrowning/datafiles,2025-05,code_smells,exact_match,ncloc_identical,7516af8388fd968e6b7abbfb0df7d51d658142d2,7516af8388fd968e6b7abbfb0df7d51d658142d2,259.0,41.0,-218.0,218.0,0,0,
rule_config_analyzer_profile_signal,control,jacebrowning/datafiles,2024-07,code_smells,exact_match,ncloc_identical,8840d02caab67fec49efe08a7912d1f39949a100,8840d02caab67fec49efe08a7912d1f39949a100,258.0,41.0,-217.0,217.0,0,0,
rule_config_analyzer_profile_signal,control,jacebrowning/datafiles,2024-08,code_smells,exact_match,ncloc_identical,03281501945c2ae93ad35c5a618178d65bb2d0d8,03281501945c2ae93ad35c5a618178d65bb2d0d8,258.0,41.0,-217.0,217.0,0,0,
rule_config_analyzer_profile_signal,control,jacebrowning/datafiles,2024-05,code_smells,exact_match,ncloc_identical,59566a650f2624f2fc214bd9d8b3c5e7d825da57,59566a650f2624f2fc214bd9d8b3c5e7d825da57,258.0,41.0,-217.0,217.0,0,0,
source_scope_difference_or_mixed,control,PennyLaneAI/catalyst,2024-06,static_analysis_warnings,exact_match,ncloc_close,48948061e2d6a9d4ef1fbceb9f0503d2848958fd,48948061e2d6a9d4ef1fbceb9f0503d2848958fd,447.0,231.0,-216.0,216.0,0,0,
source_scope_difference_or_mixed,control,PennyLaneAI/catalyst,2024-08,code_smells,exact_match,ncloc_close,00e67fd1a70931be2b7175bd200269561d6ec6f7,00e67fd1a70931be2b7175bd200269561d6ec6f7,485.0,269.0,-216.0,216.0,0,0,
source_scope_difference_or_mixed,treatment,ResearchHub/researchhub-backend,2025-01,technical_debt,exact_match,ncloc_close,05856cbd0bcd4603d524fc9fddb530764b608f55,05856cbd0bcd4603d524fc9fddb530764b608f55,4133.0,3917.0,-216.0,216.0,0,0,-2.0
rule_config_analyzer_profile_signal,control,jacebrowning/datafiles,2024-01,code_smells,exact_match,ncloc_identical,47ae5be927e7c079ca0b9a6b01b811bf9ffcf9bd,47ae5be927e7c079ca0b9a6b01b811bf9ffcf9bd,257.0,41.0,-216.0,216.0,0,0,
rule_config_analyzer_profile_signal,control,jacebrowning/datafiles,2024-03,code_smells,exact_match,ncloc_identical,fc623e81f9e7476938a04e191b471aa90dc11d76,fc623e81f9e7476938a04e191b471aa90dc11d76,257.0,41.0,-216.0,216.0,0,0,
commit_selection_difference,treatment,Hankanman/Area-Occupancy-Detection,2025-06,static_analysis_warnings,mismatch,,f0210dfef813f845b4e66ef0fd75727173c2248d,f58755cc8f73b85fb26ebf5e1b94c4a542457636,281.0,67.0,-214.0,214.0,1,1,6.0
source_scope_difference_or_mixed,treatment,ResearchHub/researchhub-backend,2024-07,technical_debt,exact_match,ncloc_close,4c63758dee4c50db5933948ffba59f2bbe2bea2e,4c63758dee4c50db5933948ffba59f2bbe2bea2e,5039.0,4826.0,-213.0,213.0,0,0,-8.0
rule_config_analyzer_profile_signal,control,weaviate/t2v-transformers-models,2025-08,technical_debt,exact_match,ncloc_identical,35e8f5c8e0fb35b53f80b8d34bd3e01c3318d0a6,35e8f5c8e0fb35b53f80b8d34bd3e01c3318d0a6,346.0,135.0,-211.0,211.0,0,0,
source_scope_difference_or_mixed,treatment,ResearchHub/researchhub-backend,2025-02,technical_debt,exact_match,ncloc_close,512f30cd6e0d048732a1f6f6e3a2e7dcfd9e10df,512f30cd6e0d048732a1f6f6e3a2e7dcfd9e10df,3913.0,3704.0,-209.0,209.0,0,0,-1.0
paper_commit_missing,treatment,cgevans/qslib,2025-05,code_smells,paper_commit_missing,,,d02b38180d3a4f06775d13e613b0f382447d7c6b,209.0,1.0,-208.0,208.0,1,1,3.0
source_scope_difference_or_mixed,treatment,DataDog/integrations-core,2025-08,bugs,exact_match,ncloc_close,af4afd423a8cce60bcaf879e543f1b696e3f0caa,af4afd423a8cce60bcaf879e543f1b696e3f0caa,278.0,71.0,-207.0,207.0,1,1,5.0
source_scope_difference_or_mixed,treatment,DataDog/integrations-core,2025-07,bugs,exact_match,ncloc_close,26abd13d37aca13903e1cf8e64b1f0f0959630f6,26abd13d37aca13903e1cf8e64b1f0f0959630f6,277.0,71.0,-206.0,206.0,1,1,4.0
source_scope_difference_or_mixed,treatment,DataDog/integrations-core,2025-06,bugs,exact_match,ncloc_close,f9f78ed17fce4bcd63e24aaa39a9e47dddbd7f4f,f9f78ed17fce4bcd63e24aaa39a9e47dddbd7f4f,278.0,72.0,-206.0,206.0,1,1,3.0
source_scope_difference_or_mixed,treatment,DataDog/integrations-core,2025-05,bugs,exact_match,ncloc_close,1c924825332db0360a98ffc39e7c9d87618d66aa,1c924825332db0360a98ffc39e7c9d87618d66aa,277.0,72.0,-205.0,205.0,1,1,2.0
rule_config_analyzer_profile_signal,control,weaviate/t2v-transformers-models,2025-07,technical_debt,exact_match,ncloc_identical,3c21aecb7c6b3bdf553a45cccbfb13c4ff4fc79b,3c21aecb7c6b3bdf553a45cccbfb13c4ff4fc79b,338.0,135.0,-203.0,203.0,0,0,
source_scope_difference_or_mixed,control,aio-libs/aiohttp,2025-03,static_analysis_warnings,exact_match,ncloc_close,d2d3621211348aecb3d568e634ba0abb016b6009,d2d3621211348aecb3d568e634ba0abb016b6009,567.0,366.0,-201.0,201.0,0,0,
commit_selection_difference,treatment,Hankanman/Area-Occupancy-Detection,2025-07,static_analysis_warnings,mismatch,,47f11ad1045f73fa16377418df37b933c6f35f44,0d02b4e4a8a0ab050ac2516d063354f9306cc0b4,286.0,85.0,-201.0,201.0,1,1,7.0
source_scope_difference_or_mixed,treatment,zauberzeug/nicegui,2025-08,ncloc,exact_match,ncloc_close,47a9542199eda065b82bfefe2f159323621d3d38,47a9542199eda065b82bfefe2f159323621d3d38,81486.0,81288.0,-198.0,198.0,1,1,5.0
source_scope_difference_or_mixed,treatment,zauberzeug/nicegui,2025-07,ncloc,exact_match,ncloc_close,30a70325d55e110b87a6279664e6b7987ceb2067,30a70325d55e110b87a6279664e6b7987ceb2067,81041.0,80844.0,-197.0,197.0,1,1,4.0
source_scope_difference_or_mixed,control,aio-libs/aiohttp,2024-11,static_analysis_warnings,exact_match,ncloc_close,a37c4f28b7e3a4d19de283b36133abf9f4cb73cc,a37c4f28b7e3a4d19de283b36133abf9f4cb73cc,560.0,364.0,-196.0,196.0,0,0,
rule_config_analyzer_profile_signal,control,pieces-app/cli-agent,2025-05,technical_debt,exact_match,ncloc_identical,8ba92648b44a8eddeae4bff61d32bef597029568,8ba92648b44a8eddeae4bff61d32bef597029568,456.0,260.0,-196.0,196.0,0,0,
source_scope_difference_or_mixed,treatment,zauberzeug/nicegui,2025-05,ncloc,exact_match,ncloc_close,947772d66c6d108a7d12fe65b8b76f6110f7d20e,947772d66c6d108a7d12fe65b8b76f6110f7d20e,78941.0,78746.0,-195.0,195.0,1,1,2.0
source_scope_difference_or_mixed,control,PennyLaneAI/catalyst,2024-07,code_smells,exact_match,ncloc_close,9f8c66353f0240787a394ac725e7ffd239f5a448,9f8c66353f0240787a394ac725e7ffd239f5a448,459.0,264.0,-195.0,195.0,0,0,
source_scope_difference_or_mixed,treatment,zauberzeug/nicegui,2025-06,ncloc,exact_match,ncloc_close,b3ea0df4e3b73a6e9e8f8fa57b8c052deb8f3694,b3ea0df4e3b73a6e9e8f8fa57b8c052deb8f3694,79163.0,78968.0,-195.0,195.0,1,1,3.0
source_scope_difference_or_mixed,control,aio-libs/aiohttp,2024-10,static_analysis_warnings,exact_match,ncloc_close,e86b72f663ab1918e588853bf5fe5f458f72dbf2,e86b72f663ab1918e588853bf5fe5f458f72dbf2,549.0,355.0,-194.0,194.0,0,0,
source_scope_difference_or_mixed,treatment,zauberzeug/nicegui,2025-01,ncloc,exact_match,ncloc_close,7a540bf3dded6f1e58d32bf21a97d9a5c013afc1,7a540bf3dded6f1e58d32bf21a97d9a5c013afc1,210516.0,210322.0,-194.0,194.0,0,0,-2.0
source_scope_difference_or_mixed,treatment,zauberzeug/nicegui,2025-02,ncloc,exact_match,ncloc_close,b71074ef73498f532234a837ea04a08ffbf4e804,b71074ef73498f532234a837ea04a08ffbf4e804,211009.0,210815.0,-194.0,194.0,0,0,-1.0
source_scope_difference_or_mixed,treatment,zauberzeug/nicegui,2025-03,ncloc,exact_match,ncloc_close,745167c81c219beda5ebaf850dfb7a3e772f96ac,745167c81c219beda5ebaf850dfb7a3e772f96ac,211460.0,211266.0,-194.0,194.0,1,1,0.0
source_scope_difference_or_mixed,treatment,zauberzeug/nicegui,2024-11,ncloc,exact_match,ncloc_close,25a633450d1223dcc8f1ad59d260d2e844b5519d,25a633450d1223dcc8f1ad59d260d2e844b5519d,209370.0,209176.0,-194.0,194.0,0,0,-4.0
source_scope_difference_or_mixed,treatment,zauberzeug/nicegui,2024-12,ncloc,exact_match,ncloc_close,343dc0da8de0cf2f645cf8b5d76f5b439cb817f3,343dc0da8de0cf2f645cf8b5d76f5b439cb817f3,209627.0,209433.0,-194.0,194.0,0,0,-3.0
source_scope_difference_or_mixed,control,aio-libs/aiohttp,2025-01,static_analysis_warnings,exact_match,ncloc_close,3ef5f00f4cb4b4f7b2d6080485b399207c6a525f,3ef5f00f4cb4b4f7b2d6080485b399207c6a525f,560.0,367.0,-193.0,193.0,0,0,
source_scope_difference_or_mixed,control,aio-libs/aiohttp,2024-12,static_analysis_warnings,exact_match,ncloc_close,b103bbca6b753e5b5357367cbaed10c7eade5a44,b103bbca6b753e5b5357367cbaed10c7eade5a44,561.0,369.0,-192.0,192.0,0,0,
rule_config_analyzer_profile_signal,control,aio-libs/aiohttp,2024-09,static_analysis_warnings,exact_match,ncloc_identical,22a12cc2e2ef289d9e96fd87dfc17272177e52ac,22a12cc2e2ef289d9e96fd87dfc17272177e52ac,549.0,357.0,-192.0,192.0,0,0,
source_scope_difference_or_mixed,control,aio-libs/aiohttp,2025-06,static_analysis_warnings,exact_match,ncloc_close,84a2bf121836b29cdf8b2a9aa3308cb6dcc9fb35,84a2bf121836b29cdf8b2a9aa3308cb6dcc9fb35,620.0,429.0,-191.0,191.0,0,0,
source_scope_difference_or_mixed,treatment,DataDog/integrations-core,2025-01,bugs,exact_match,ncloc_close,82c4055486147402d96748c0abd63de6850e83d1,82c4055486147402d96748c0abd63de6850e83d1,262.0,72.0,-190.0,190.0,0,0,-2.0
source_scope_difference_or_mixed,control,PennyLaneAI/catalyst,2024-06,code_smells,exact_match,ncloc_close,48948061e2d6a9d4ef1fbceb9f0503d2848958fd,48948061e2d6a9d4ef1fbceb9f0503d2848958fd,414.0,224.0,-190.0,190.0,0,0,
source_scope_difference_or_mixed,treatment,DataDog/integrations-core,2024-12,bugs,exact_match,ncloc_close,e6b077a2f4e4526dc00261698d752e7481547e66,e6b077a2f4e4526dc00261698d752e7481547e66,261.0,72.0,-189.0,189.0,0,0,-3.0
source_scope_difference_or_mixed,treatment,DataDog/integrations-core,2025-02,bugs,exact_match,ncloc_close,c3628b5ded79e88ab572dfd7bac6e5c1cd91f1d8,c3628b5ded79e88ab572dfd7bac6e5c1cd91f1d8,261.0,72.0,-189.0,189.0,0,0,-1.0
source_scope_difference_or_mixed,treatment,DataDog/integrations-core,2025-03,bugs,exact_match,ncloc_close,67cf3ad93e6873944bcdbd153c7305b03c2f51d4,67cf3ad93e6873944bcdbd153c7305b03c2f51d4,257.0,69.0,-188.0,188.0,1,1,0.0
source_scope_difference_or_mixed,treatment,DataDog/integrations-core,2024-09,bugs,exact_match,ncloc_close,c1e85309a37c7c508f41c365f3002708f77f8cbf,c1e85309a37c7c508f41c365f3002708f77f8cbf,259.0,72.0,-187.0,187.0,0,0,-6.0
source_scope_difference_or_mixed,treatment,DataDog/integrations-core,2024-10,bugs,exact_match,ncloc_close,cbb5fc6a80505309a1b00b37b77d772255490afa,cbb5fc6a80505309a1b00b37b77d772255490afa,259.0,72.0,-187.0,187.0,0,0,-5.0
source_scope_difference_or_mixed,treatment,DataDog/integrations-core,2025-04,bugs,exact_match,ncloc_close,fe4697fca14149122b2d992e53f8a0396755ebff,fe4697fca14149122b2d992e53f8a0396755ebff,257.0,71.0,-186.0,186.0,1,1,1.0
source_scope_difference_or_mixed,treatment,ResearchHub/researchhub-backend,2024-10,technical_debt,exact_match,ncloc_close,6465c99f3778f57fe6a5e06231f5ea8b5d92b708,6465c99f3778f57fe6a5e06231f5ea8b5d92b708,4284.0,4098.0,-186.0,186.0,0,0,-5.0
source_scope_difference_or_mixed,control,aio-libs/aiohttp,2025-05,static_analysis_warnings,exact_match,ncloc_close,1710f059dd6c63fcac1efbfd041b1e1cdda9f474,1710f059dd6c63fcac1efbfd041b1e1cdda9f474,608.0,422.0,-186.0,186.0,0,0,
source_scope_difference_or_mixed,treatment,DataDog/integrations-core,2024-01,bugs,exact_match,ncloc_close,3f21b7bd08df0737cb477548d027a7a93f92f1ff,3f21b7bd08df0737cb477548d027a7a93f92f1ff,245.0,59.0,-186.0,186.0,0,0,-14.0
source_scope_difference_or_mixed,treatment,DataDog/integrations-core,2024-08,bugs,exact_match,ncloc_close,523c5afc8405d8726f7cf8867bbd5f75a75ce24e,523c5afc8405d8726f7cf8867bbd5f75a75ce24e,246.0,61.0,-185.0,185.0,0,0,-7.0
source_scope_difference_or_mixed,treatment,DataDog/integrations-core,2024-11,bugs,exact_match,ncloc_close,c08fd423affb8f7257d8fcb8e9a5afd869681415,c08fd423affb8f7257d8fcb8e9a5afd869681415,257.0,72.0,-185.0,185.0,0,0,-4.0
source_scope_difference_or_mixed,treatment,DataDog/integrations-core,2024-07,bugs,exact_match,ncloc_close,cdbf62d31e3f4f8ab0702b386c32dd06473d95e7,cdbf62d31e3f4f8ab0702b386c32dd06473d95e7,246.0,61.0,-185.0,185.0,0,0,-8.0
source_scope_difference_or_mixed,treatment,DataDog/integrations-core,2024-03,bugs,exact_match,ncloc_close,de516ffa17050c785c973acb4fcbab0a92a4253b,de516ffa17050c785c973acb4fcbab0a92a4253b,245.0,60.0,-185.0,185.0,0,0,-12.0
source_scope_difference_or_mixed,treatment,DataDog/integrations-core,2024-05,bugs,exact_match,ncloc_close,970e957779bbea1ac84e41927e6e0bd9f118f7ba,970e957779bbea1ac84e41927e6e0bd9f118f7ba,246.0,61.0,-185.0,185.0,0,0,-10.0
source_scope_difference_or_mixed,treatment,DataDog/integrations-core,2024-04,bugs,exact_match,ncloc_close,6d0b7455cbbd6b6bfc4a6d2a4ad3345d7a3b31ec,6d0b7455cbbd6b6bfc4a6d2a4ad3345d7a3b31ec,245.0,60.0,-185.0,185.0,0,0,-11.0
source_scope_difference_or_mixed,treatment,DataDog/integrations-core,2024-06,bugs,exact_match,ncloc_close,40193a9e2b1b854a8f3b95dd0e7041259f22653d,40193a9e2b1b854a8f3b95dd0e7041259f22653d,246.0,61.0,-185.0,185.0,0,0,-9.0
source_scope_difference_or_mixed,treatment,DataDog/integrations-core,2024-02,bugs,exact_match,ncloc_close,1209aff535676d2788511da7ff82444c89640360,1209aff535676d2788511da7ff82444c89640360,243.0,59.0,-184.0,184.0,0,0,-13.0
rule_config_analyzer_profile_signal,control,weaviate/t2v-transformers-models,2025-03,technical_debt,exact_match,ncloc_identical,929a804e0eff3db35e1e761b172649eef8171ab5,929a804e0eff3db35e1e761b172649eef8171ab5,294.0,111.0,-183.0,183.0,0,0,
source_scope_difference_or_mixed,control,aio-libs/aiohttp,2024-10,code_smells,exact_match,ncloc_close,e86b72f663ab1918e588853bf5fe5f458f72dbf2,e86b72f663ab1918e588853bf5fe5f458f72dbf2,528.0,345.0,-183.0,183.0,0,0,
rule_config_analyzer_profile_signal,control,weaviate/t2v-transformers-models,2025-02,technical_debt,exact_match,ncloc_identical,23239a4d3cc133f8c43e35cc390e74991ff13b1f,23239a4d3cc133f8c43e35cc390e74991ff13b1f,294.0,111.0,-183.0,183.0,0,0,
source_scope_difference_or_mixed,control,aio-libs/aiohttp,2025-03,code_smells,exact_match,ncloc_close,d2d3621211348aecb3d568e634ba0abb016b6009,d2d3621211348aecb3d568e634ba0abb016b6009,539.0,356.0,-183.0,183.0,0,0,
rule_config_analyzer_profile_signal,control,aio-libs/aiohttp,2024-09,code_smells,exact_match,ncloc_identical,22a12cc2e2ef289d9e96fd87dfc17272177e52ac,22a12cc2e2ef289d9e96fd87dfc17272177e52ac,528.0,346.0,-182.0,182.0,0,0,
rule_config_analyzer_profile_signal,control,weaviate/t2v-transformers-models,2025-01,technical_debt,exact_match,ncloc_identical,61c456015d85b54246274705a87a33cda1abbd57,61c456015d85b54246274705a87a33cda1abbd57,284.0,103.0,-181.0,181.0,0,0,
rule_config_analyzer_profile_signal,control,dymmond/edgy,2025-07,static_analysis_warnings,exact_match,ncloc_identical,2539500a350d0adbcb0486ba4525a8862ac753dd,2539500a350d0adbcb0486ba4525a8862ac753dd,376.0,197.0,-179.0,179.0,0,0,
source_scope_difference_or_mixed,control,aio-libs/aiohttp,2024-11,code_smells,exact_match,ncloc_close,a37c4f28b7e3a4d19de283b36133abf9f4cb73cc,a37c4f28b7e3a4d19de283b36133abf9f4cb73cc,533.0,354.0,-179.0,179.0,0,0,
source_scope_difference_or_mixed,treatment,ResearchHub/researchhub-backend,2024-06,technical_debt,exact_match,ncloc_close,7de905300075c748dc563bca975343546e6c0ffd,7de905300075c748dc563bca975343546e6c0ffd,5017.0,4840.0,-177.0,177.0,0,0,-9.0
source_scope_difference_or_mixed,control,aio-libs/aiohttp,2025-01,code_smells,exact_match,ncloc_close,3ef5f00f4cb4b4f7b2d6080485b399207c6a525f,3ef5f00f4cb4b4f7b2d6080485b399207c6a525f,532.0,356.0,-176.0,176.0,0,0,
source_scope_difference_or_mixed,treatment,tsukumijima/KonomiTV,2024-11,ncloc,exact_match,ncloc_close,0362744cc8a6b94eafbe8b690562fb05c3bc4c0d,0362744cc8a6b94eafbe8b690562fb05c3bc4c0d,34069.0,33894.0,-175.0,175.0,0,0,-2.0
source_scope_difference_or_mixed,treatment,tsukumijima/KonomiTV,2025-01,ncloc,exact_match,ncloc_close,b2662d5c86655ba7b7eae33af3aed84c64353064,b2662d5c86655ba7b7eae33af3aed84c64353064,35217.0,35042.0,-175.0,175.0,1,1,0.0
source_scope_difference_or_mixed,treatment,tsukumijima/KonomiTV,2024-09,ncloc,exact_match,ncloc_close,68f62d829b04009f40c8bc920ecb83843dcba477,68f62d829b04009f40c8bc920ecb83843dcba477,33994.0,33819.0,-175.0,175.0,0,0,-4.0
source_scope_difference_or_mixed,control,aio-libs/aiohttp,2024-12,code_smells,exact_match,ncloc_close,b103bbca6b753e5b5357367cbaed10c7eade5a44,b103bbca6b753e5b5357367cbaed10c7eade5a44,533.0,358.0,-175.0,175.0,0,0,
source_scope_difference_or_mixed,treatment,tsukumijima/KonomiTV,2024-12,ncloc,exact_match,ncloc_close,23e3ad46ba1d38eb7780928a20b821818fa9cd95,23e3ad46ba1d38eb7780928a20b821818fa9cd95,34088.0,33913.0,-175.0,175.0,0,0,-1.0
source_scope_difference_or_mixed,treatment,tsukumijima/KonomiTV,2024-10,ncloc,exact_match,ncloc_close,d7400da6f353019bae2b57da7c4d5329d6e00aa8,d7400da6f353019bae2b57da7c4d5329d6e00aa8,34068.0,33893.0,-175.0,175.0,0,0,-3.0
source_scope_difference_or_mixed,treatment,tsukumijima/KonomiTV,2025-04,ncloc,exact_match,ncloc_close,75e3dad94a11fde2be631d680b0484b12c7ecc7c,75e3dad94a11fde2be631d680b0484b12c7ecc7c,47574.0,47399.0,-175.0,175.0,1,1,3.0
source_scope_difference_or_mixed,treatment,tsukumijima/KonomiTV,2025-05,ncloc,exact_match,ncloc_close,ae8b9a657881619f471001500144a7387b8db99c,ae8b9a657881619f471001500144a7387b8db99c,47580.0,47405.0,-175.0,175.0,1,1,4.0
source_scope_difference_or_mixed,treatment,tsukumijima/KonomiTV,2025-06,ncloc,exact_match,ncloc_close,26e94e2ce38f13de2c08d911c9ae0e61d8d1eef9,26e94e2ce38f13de2c08d911c9ae0e61d8d1eef9,50537.0,50362.0,-175.0,175.0,1,1,5.0
source_scope_difference_or_mixed,treatment,tsukumijima/KonomiTV,2025-02,ncloc,exact_match,ncloc_close,9f5131c557d239a5b1cf5e348ba5c2ef95805200,9f5131c557d239a5b1cf5e348ba5c2ef95805200,46290.0,46115.0,-175.0,175.0,1,1,1.0
source_scope_difference_or_mixed,treatment,ResearchHub/researchhub-backend,2024-09,technical_debt,exact_match,ncloc_close,d3a04d8c47ad9aedb2c9d0183fd9c2c05177bb73,d3a04d8c47ad9aedb2c9d0183fd9c2c05177bb73,4481.0,4306.0,-175.0,175.0,0,0,-6.0
