cause_category,source_group,repo_name,time,metric,commit_match_status,ncloc_scope_status,paper_latest_commit,our_latest_commit,paper_value,our_value,diff,abs_diff,is_treatment,post_event,time_to_event
source_scope_difference_or_mixed,treatment,zauberzeug/nicegui,2025-04,ncloc,exact_match,ncloc_different,2b8b1a696992e64578f2e4c5fc285e90b60b87a6,2b8b1a696992e64578f2e4c5fc285e90b60b87a6,211510.0,78118.0,-133392.0,133392.0,1,1,1.0
source_scope_difference_or_mixed,treatment,PostHog/posthog,2025-04,ncloc,exact_match,ncloc_different,08f147eb9879e899fb7939f4b9413c86164ba7f9,08f147eb9879e899fb7939f4b9413c86164ba7f9,937017.0,1025455.0,88438.0,88438.0,1,1,2.0
source_scope_difference_or_mixed,treatment,PostHog/posthog,2025-08,ncloc,exact_match,ncloc_different,79cf381322842888a721905c09490e85f98a5a2a,79cf381322842888a721905c09490e85f98a5a2a,1232071.0,1313277.0,81206.0,81206.0,1,1,6.0
commit_selection_difference,treatment,PostHog/posthog,2025-07,ncloc,mismatch,,0208352822068d8747214c905d729dff4ebe49f1,8e13bf3cbfe9684eb907f7ddf706aa9fae2099e0,1155675.0,1224250.0,68575.0,68575.0,1,1,5.0
source_scope_difference_or_mixed,treatment,PostHog/posthog,2025-06,ncloc,exact_match,ncloc_different,bf87ddcb0e02027bb8c1e7a1aa2e03f0c4312e90,bf87ddcb0e02027bb8c1e7a1aa2e03f0c4312e90,1079135.0,1143141.0,64006.0,64006.0,1,1,4.0
source_scope_difference_or_mixed,treatment,zauberzeug/nicegui,2025-04,technical_debt,exact_match,ncloc_different,2b8b1a696992e64578f2e4c5fc285e90b60b87a6,2b8b1a696992e64578f2e4c5fc285e90b60b87a6,193776.0,136929.0,-56847.0,56847.0,1,1,1.0
source_scope_difference_or_mixed,treatment,PostHog/posthog,2025-05,ncloc,exact_match,ncloc_different,fa2cab6b204f2efeabb5c5bbc1d35ff23c91ec8b,fa2cab6b204f2efeabb5c5bbc1d35ff23c91ec8b,1021926.0,1075854.0,53928.0,53928.0,1,1,3.0
source_scope_difference_or_mixed,treatment,PostHog/posthog,2025-03,ncloc,exact_match,ncloc_different,ecdaddcfaf15967165806e2cd4f9bc0cfb40f0e1,ecdaddcfaf15967165806e2cd4f9bc0cfb40f0e1,936364.0,981233.0,44869.0,44869.0,1,1,1.0
source_scope_difference_or_mixed,treatment,PostHog/posthog,2025-02,ncloc,exact_match,ncloc_different,e6cdfed56138f74a1e8bcac05f60036d96ab9a6a,e6cdfed56138f74a1e8bcac05f60036d96ab9a6a,896790.0,933176.0,36386.0,36386.0,1,1,0.0
source_scope_difference_or_mixed,treatment,zauberzeug/nicegui,2025-02,technical_debt,exact_match,ncloc_close,b71074ef73498f532234a837ea04a08ffbf4e804,b71074ef73498f532234a837ea04a08ffbf4e804,193727.0,229531.0,35804.0,35804.0,0,0,-1.0
source_scope_difference_or_mixed,treatment,zauberzeug/nicegui,2025-01,technical_debt,exact_match,ncloc_close,7a540bf3dded6f1e58d32bf21a97d9a5c013afc1,7a540bf3dded6f1e58d32bf21a97d9a5c013afc1,193727.0,229522.0,35795.0,35795.0,0,0,-2.0
source_scope_difference_or_mixed,treatment,zauberzeug/nicegui,2025-03,technical_debt,exact_match,ncloc_close,745167c81c219beda5ebaf850dfb7a3e772f96ac,745167c81c219beda5ebaf850dfb7a3e772f96ac,193770.0,229554.0,35784.0,35784.0,1,1,0.0
source_scope_difference_or_mixed,treatment,zauberzeug/nicegui,2024-12,technical_debt,exact_match,ncloc_close,343dc0da8de0cf2f645cf8b5d76f5b439cb817f3,343dc0da8de0cf2f645cf8b5d76f5b439cb817f3,193717.0,229487.0,35770.0,35770.0,0,0,-3.0
source_scope_difference_or_mixed,treatment,zauberzeug/nicegui,2024-11,technical_debt,exact_match,ncloc_close,25a633450d1223dcc8f1ad59d260d2e844b5519d,25a633450d1223dcc8f1ad59d260d2e844b5519d,193701.0,229427.0,35726.0,35726.0,0,0,-4.0
source_scope_difference_or_mixed,treatment,PostHog/posthog,2025-01,ncloc,exact_match,ncloc_different,1253d960c415d65583dac034353702ad74016da1,1253d960c415d65583dac034353702ad74016da1,837418.0,870221.0,32803.0,32803.0,0,0,-1.0
source_scope_difference_or_mixed,treatment,PostHog/posthog,2024-12,ncloc,exact_match,ncloc_different,3aa25f3257f981db0b7e8b5411dc209b66c6f4c2,3aa25f3257f981db0b7e8b5411dc209b66c6f4c2,802199.0,832993.0,30794.0,30794.0,0,0,-2.0
source_scope_difference_or_mixed,treatment,PostHog/posthog,2024-11,ncloc,exact_match,ncloc_different,b4d51e3b746e6174a7d60c525ea22387f00dcafe,b4d51e3b746e6174a7d60c525ea22387f00dcafe,776480.0,806559.0,30079.0,30079.0,0,0,-3.0
source_scope_difference_or_mixed,treatment,zauberzeug/nicegui,2025-04,cognitive_complexity,exact_match,ncloc_different,2b8b1a696992e64578f2e4c5fc285e90b60b87a6,2b8b1a696992e64578f2e4c5fc285e90b60b87a6,94814.0,65372.0,-29442.0,29442.0,1,1,1.0
source_scope_difference_or_mixed,treatment,PostHog/posthog,2024-10,ncloc,exact_match,ncloc_different,12ff477551dfc5a197aca3006e14e4193183dbd8,12ff477551dfc5a197aca3006e14e4193183dbd8,748190.0,774018.0,25828.0,25828.0,0,0,-4.0
source_scope_difference_or_mixed,treatment,wdm0006/elote,2025-02,cognitive_complexity,exact_match,ncloc_different,6371b529b88402434e8cafaaf0ed137b412bfd6b,6371b529b88402434e8cafaaf0ed137b412bfd6b,25342.0,275.0,-25067.0,25067.0,1,1,0.0
source_scope_difference_or_mixed,treatment,wdm0006/elote,2024-07,cognitive_complexity,exact_match,ncloc_different,75739e6ad51f3d50fdd047a0136f56b6274ad080,75739e6ad51f3d50fdd047a0136f56b6274ad080,25213.0,146.0,-25067.0,25067.0,0,0,-7.0
source_scope_difference_or_mixed,treatment,PostHog/posthog,2024-09,ncloc,exact_match,ncloc_different,761c6ce0ab4db14ddede62cb61b6d6854dff7ea7,761c6ce0ab4db14ddede62cb61b6d6854dff7ea7,725600.0,748626.0,23026.0,23026.0,0,0,-5.0
source_scope_difference_or_mixed,control,lancedb/lancedb,2025-08,ncloc,exact_match,ncloc_different,47747287b616d4a2f1dd14f811f218e3caee7f8d,47747287b616d4a2f1dd14f811f218e3caee7f8d,28931.0,51090.0,22159.0,22159.0,0,0,
source_scope_difference_or_mixed,control,lancedb/lancedb,2025-07,ncloc,exact_match,ncloc_different,c7afa724ddf1a3a5ff0633edc75c93570b9a5689,c7afa724ddf1a3a5ff0633edc75c93570b9a5689,31373.0,53434.0,22061.0,22061.0,0,0,
source_scope_difference_or_mixed,control,lancedb/lancedb,2025-06,ncloc,exact_match,ncloc_different,1dadb2aefa8c7e20098f8bdd4fad45383a8ebab7,1dadb2aefa8c7e20098f8bdd4fad45383a8ebab7,30612.0,52330.0,21718.0,21718.0,0,0,
source_scope_difference_or_mixed,control,lancedb/lancedb,2025-05,ncloc,exact_match,ncloc_different,0525c055fcc6b25297084bdaddc072d206345df1,0525c055fcc6b25297084bdaddc072d206345df1,30103.0,51641.0,21538.0,21538.0,0,0,
source_scope_difference_or_mixed,control,lancedb/lancedb,2025-04,ncloc,exact_match,ncloc_different,3cc670ac3860bb9990d89f61d9b1644b0e4c658f,3cc670ac3860bb9990d89f61d9b1644b0e4c658f,29375.0,50737.0,21362.0,21362.0,0,0,
source_scope_difference_or_mixed,treatment,PostHog/posthog,2024-08,ncloc,exact_match,ncloc_different,0a6ab2622fd9404afdc60100fef54c3c112ea379,0a6ab2622fd9404afdc60100fef54c3c112ea379,695941.0,715660.0,19719.0,19719.0,0,0,-6.0
source_scope_difference_or_mixed,control,lancedb/lancedb,2025-03,ncloc,exact_match,ncloc_different,e59f9382a0de2f70b931373b29a11a27824bf639,e59f9382a0de2f70b931373b29a11a27824bf639,28068.0,47274.0,19206.0,19206.0,0,0,
source_scope_difference_or_mixed,treatment,zauberzeug/nicegui,2025-05,technical_debt,exact_match,ncloc_close,947772d66c6d108a7d12fe65b8b76f6110f7d20e,947772d66c6d108a7d12fe65b8b76f6110f7d20e,118922.0,136955.0,18033.0,18033.0,1,1,2.0
source_scope_difference_or_mixed,treatment,zauberzeug/nicegui,2025-06,technical_debt,exact_match,ncloc_close,b3ea0df4e3b73a6e9e8f8fa57b8c052deb8f3694,b3ea0df4e3b73a6e9e8f8fa57b8c052deb8f3694,118972.0,136975.0,18003.0,18003.0,1,1,3.0
source_scope_difference_or_mixed,treatment,zauberzeug/nicegui,2025-07,technical_debt,exact_match,ncloc_close,30a70325d55e110b87a6279664e6b7987ceb2067,30a70325d55e110b87a6279664e6b7987ceb2067,119151.0,137105.0,17954.0,17954.0,1,1,4.0
source_scope_difference_or_mixed,treatment,zauberzeug/nicegui,2025-08,technical_debt,exact_match,ncloc_close,47a9542199eda065b82bfefe2f159323621d3d38,47a9542199eda065b82bfefe2f159323621d3d38,119160.0,137112.0,17952.0,17952.0,1,1,5.0
source_scope_difference_or_mixed,control,lancedb/lancedb,2025-02,ncloc,exact_match,ncloc_different,dfe4ba8dad580232e4450903a5d1b239b19f8173,dfe4ba8dad580232e4450903a5d1b239b19f8173,26921.0,44605.0,17684.0,17684.0,0,0,
source_scope_difference_or_mixed,treatment,DataDog/integrations-core,2025-01,technical_debt,exact_match,ncloc_close,82c4055486147402d96748c0abd63de6850e83d1,82c4055486147402d96748c0abd63de6850e83d1,35928.0,18884.0,-17044.0,17044.0,0,0,-2.0
source_scope_difference_or_mixed,treatment,DataDog/integrations-core,2025-02,technical_debt,exact_match,ncloc_close,c3628b5ded79e88ab572dfd7bac6e5c1cd91f1d8,c3628b5ded79e88ab572dfd7bac6e5c1cd91f1d8,35815.0,18781.0,-17034.0,17034.0,0,0,-1.0
source_scope_difference_or_mixed,treatment,DataDog/integrations-core,2025-03,technical_debt,exact_match,ncloc_close,67cf3ad93e6873944bcdbd153c7305b03c2f51d4,67cf3ad93e6873944bcdbd153c7305b03c2f51d4,36164.0,19179.0,-16985.0,16985.0,1,1,0.0
source_scope_difference_or_mixed,treatment,DataDog/integrations-core,2025-04,technical_debt,exact_match,ncloc_close,fe4697fca14149122b2d992e53f8a0396755ebff,fe4697fca14149122b2d992e53f8a0396755ebff,36164.0,19262.0,-16902.0,16902.0,1,1,1.0
source_scope_difference_or_mixed,treatment,DataDog/integrations-core,2025-07,technical_debt,exact_match,ncloc_close,26abd13d37aca13903e1cf8e64b1f0f0959630f6,26abd13d37aca13903e1cf8e64b1f0f0959630f6,36876.0,20039.0,-16837.0,16837.0,1,1,4.0
source_scope_difference_or_mixed,treatment,DataDog/integrations-core,2025-08,technical_debt,exact_match,ncloc_close,af4afd423a8cce60bcaf879e543f1b696e3f0caa,af4afd423a8cce60bcaf879e543f1b696e3f0caa,37132.0,20324.0,-16808.0,16808.0,1,1,5.0
source_scope_difference_or_mixed,treatment,DataDog/integrations-core,2024-12,technical_debt,exact_match,ncloc_close,e6b077a2f4e4526dc00261698d752e7481547e66,e6b077a2f4e4526dc00261698d752e7481547e66,35613.0,18850.0,-16763.0,16763.0,0,0,-3.0
source_scope_difference_or_mixed,treatment,DataDog/integrations-core,2024-11,technical_debt,exact_match,ncloc_close,c08fd423affb8f7257d8fcb8e9a5afd869681415,c08fd423affb8f7257d8fcb8e9a5afd869681415,35413.0,18688.0,-16725.0,16725.0,0,0,-4.0
source_scope_difference_or_mixed,control,lancedb/lancedb,2025-01,ncloc,exact_match,ncloc_different,5e98b7f4c0cf16cdbab10d945c086a5f9ea4be6c,5e98b7f4c0cf16cdbab10d945c086a5f9ea4be6c,25744.0,42438.0,16694.0,16694.0,0,0,
source_scope_difference_or_mixed,treatment,DataDog/integrations-core,2025-06,technical_debt,exact_match,ncloc_close,f9f78ed17fce4bcd63e24aaa39a9e47dddbd7f4f,f9f78ed17fce4bcd63e24aaa39a9e47dddbd7f4f,36392.0,19823.0,-16569.0,16569.0,1,1,3.0
source_scope_difference_or_mixed,treatment,DataDog/integrations-core,2025-05,technical_debt,exact_match,ncloc_close,1c924825332db0360a98ffc39e7c9d87618d66aa,1c924825332db0360a98ffc39e7c9d87618d66aa,36154.0,19633.0,-16521.0,16521.0,1,1,2.0
source_scope_difference_or_mixed,control,lancedb/lancedb,2024-12,ncloc,exact_match,ncloc_different,92d845fa725cd044db1a10299046031c201febd0,92d845fa725cd044db1a10299046031c201febd0,23524.0,39898.0,16374.0,16374.0,0,0,
source_scope_difference_or_mixed,treatment,DataDog/integrations-core,2024-09,technical_debt,exact_match,ncloc_close,c1e85309a37c7c508f41c365f3002708f77f8cbf,c1e85309a37c7c508f41c365f3002708f77f8cbf,34980.0,18765.0,-16215.0,16215.0,0,0,-6.0
source_scope_difference_or_mixed,treatment,DataDog/integrations-core,2024-08,technical_debt,exact_match,ncloc_close,523c5afc8405d8726f7cf8867bbd5f75a75ce24e,523c5afc8405d8726f7cf8867bbd5f75a75ce24e,34216.0,18366.0,-15850.0,15850.0,0,0,-7.0
source_scope_difference_or_mixed,treatment,DataDog/integrations-core,2024-07,technical_debt,exact_match,ncloc_close,cdbf62d31e3f4f8ab0702b386c32dd06473d95e7,cdbf62d31e3f4f8ab0702b386c32dd06473d95e7,34055.0,18238.0,-15817.0,15817.0,0,0,-8.0
source_scope_difference_or_mixed,treatment,DataDog/integrations-core,2024-10,technical_debt,exact_match,ncloc_close,cbb5fc6a80505309a1b00b37b77d772255490afa,cbb5fc6a80505309a1b00b37b77d772255490afa,33907.0,18588.0,-15319.0,15319.0,0,0,-5.0
source_scope_difference_or_mixed,control,lancedb/lancedb,2024-11,ncloc,exact_match,ncloc_different,83e26a231e487673ce6f92dc32e7fe7d8c6d16d0,83e26a231e487673ce6f92dc32e7fe7d8c6d16d0,22522.0,37497.0,14975.0,14975.0,0,0,
source_scope_difference_or_mixed,treatment,DataDog/integrations-core,2024-06,technical_debt,exact_match,ncloc_close,40193a9e2b1b854a8f3b95dd0e7041259f22653d,40193a9e2b1b854a8f3b95dd0e7041259f22653d,32532.0,18100.0,-14432.0,14432.0,0,0,-9.0
source_scope_difference_or_mixed,treatment,DataDog/integrations-core,2024-05,technical_debt,exact_match,ncloc_close,970e957779bbea1ac84e41927e6e0bd9f118f7ba,970e957779bbea1ac84e41927e6e0bd9f118f7ba,32175.0,18060.0,-14115.0,14115.0,0,0,-10.0
source_scope_difference_or_mixed,control,lancedb/lancedb,2024-10,ncloc,exact_match,ncloc_different,f3fc339ef650517674a22995d81f9ae21e7bae5a,f3fc339ef650517674a22995d81f9ae21e7bae5a,21682.0,35585.0,13903.0,13903.0,0,0,
source_scope_difference_or_mixed,treatment,DataDog/integrations-core,2024-04,technical_debt,exact_match,ncloc_close,6d0b7455cbbd6b6bfc4a6d2a4ad3345d7a3b31ec,6d0b7455cbbd6b6bfc4a6d2a4ad3345d7a3b31ec,31816.0,17915.0,-13901.0,13901.0,0,0,-11.0
source_scope_difference_or_mixed,treatment,zauberzeug/nicegui,2024-07,technical_debt,exact_match,ncloc_close,b0bc2078fb1e70607879d82ce96e3a488bc41f69,b0bc2078fb1e70607879d82ce96e3a488bc41f69,124588.0,138351.0,13763.0,13763.0,0,0,-8.0
source_scope_difference_or_mixed,treatment,zauberzeug/nicegui,2024-06,technical_debt,exact_match,ncloc_close,462af82d7027979fe68e7245b772c2c6cdbe7d94,462af82d7027979fe68e7245b772c2c6cdbe7d94,124588.0,138336.0,13748.0,13748.0,0,0,-9.0
source_scope_difference_or_mixed,treatment,zauberzeug/nicegui,2024-04,technical_debt,exact_match,ncloc_close,1bce2bad367d5baf842badb51a0d78c8543a49ef,1bce2bad367d5baf842badb51a0d78c8543a49ef,124519.0,138256.0,13737.0,13737.0,0,0,-11.0
source_scope_difference_or_mixed,treatment,zauberzeug/nicegui,2024-05,technical_debt,exact_match,ncloc_close,92a0cf0fdaee28ffba8329483e55f2a5d5c529fe,92a0cf0fdaee28ffba8329483e55f2a5d5c529fe,124570.0,138306.0,13736.0,13736.0,0,0,-10.0
source_scope_difference_or_mixed,treatment,zauberzeug/nicegui,2024-03,technical_debt,exact_match,ncloc_close,fff7b27eea91bf2b3d3f3080f0919c3ac62978b8,fff7b27eea91bf2b3d3f3080f0919c3ac62978b8,124488.0,138143.0,13655.0,13655.0,0,0,-12.0
commit_selection_difference,treatment,zauberzeug/nicegui,2024-02,technical_debt,mismatch,,38fcfe13fd8e5b297a8cb12aa357f94ad3d84eda,4a0c1c874fc3b56c4f2dc400a4367a71df5a66fe,124407.0,137896.0,13489.0,13489.0,0,0,-13.0
source_scope_difference_or_mixed,treatment,DataDog/integrations-core,2024-03,technical_debt,exact_match,ncloc_close,de516ffa17050c785c973acb4fcbab0a92a4253b,de516ffa17050c785c973acb4fcbab0a92a4253b,31209.0,17778.0,-13431.0,13431.0,0,0,-12.0
source_scope_difference_or_mixed,treatment,DataDog/integrations-core,2024-01,technical_debt,exact_match,ncloc_close,3f21b7bd08df0737cb477548d027a7a93f92f1ff,3f21b7bd08df0737cb477548d027a7a93f92f1ff,30811.0,17557.0,-13254.0,13254.0,0,0,-14.0
source_scope_difference_or_mixed,treatment,zauberzeug/nicegui,2024-01,technical_debt,exact_match,ncloc_close,f4c57a962f8cc96085eb41860c1346da77228824,f4c57a962f8cc96085eb41860c1346da77228824,123658.0,136857.0,13199.0,13199.0,0,0,-14.0
source_scope_difference_or_mixed,treatment,DataDog/integrations-core,2024-02,technical_debt,exact_match,ncloc_close,1209aff535676d2788511da7ff82444c89640360,1209aff535676d2788511da7ff82444c89640360,30576.0,17387.0,-13189.0,13189.0,0,0,-13.0
source_scope_difference_or_mixed,control,lancedb/lancedb,2024-09,ncloc,exact_match,ncloc_different,d6b505477886b48b4868a56481373e2a29a72fcd,d6b505477886b48b4868a56481373e2a29a72fcd,21675.0,34763.0,13088.0,13088.0,0,0,
source_scope_difference_or_mixed,treatment,zauberzeug/nicegui,2025-04,static_analysis_warnings,exact_match,ncloc_different,2b8b1a696992e64578f2e4c5fc285e90b60b87a6,2b8b1a696992e64578f2e4c5fc285e90b60b87a6,37736.0,25428.0,-12308.0,12308.0,1,1,1.0
source_scope_difference_or_mixed,control,lancedb/lancedb,2024-08,ncloc,exact_match,ncloc_different,51966a84f582476566daf289589318e9cc2cd0a1,51966a84f582476566daf289589318e9cc2cd0a1,20546.0,32162.0,11616.0,11616.0,0,0,
source_scope_difference_or_mixed,treatment,PostHog/posthog,2024-07,ncloc,exact_match,ncloc_different,6499bded5585bf1423fcf6673b2f560fe4f941af,6499bded5585bf1423fcf6673b2f560fe4f941af,677634.0,689198.0,11564.0,11564.0,0,0,-7.0
source_scope_difference_or_mixed,control,lancedb/lancedb,2024-07,ncloc,exact_match,ncloc_different,6af69b57ad24f5ea313a98f4b388f68c81a75bc1,6af69b57ad24f5ea313a98f4b388f68c81a75bc1,20083.0,31252.0,11169.0,11169.0,0,0,
source_scope_difference_or_mixed,control,lancedb/lancedb,2024-06,ncloc,exact_match,ncloc_different,865ed998814a5f8666d588b277f3cfa7fa14ce48,865ed998814a5f8666d588b277f3cfa7fa14ce48,18589.0,29231.0,10642.0,10642.0,0,0,
source_scope_difference_or_mixed,control,lancedb/lancedb,2024-05,ncloc,exact_match,ncloc_different,56b4fd2bd9c5c3077c1c7f6048780aecfbc577e3,56b4fd2bd9c5c3077c1c7f6048780aecfbc577e3,17029.0,27319.0,10290.0,10290.0,0,0,
source_scope_difference_or_mixed,treatment,PostHog/posthog,2024-06,ncloc,exact_match,ncloc_different,0b22cc401624bedab251a98f8bc86608ca9f59e5,0b22cc401624bedab251a98f8bc86608ca9f59e5,661185.0,671343.0,10158.0,10158.0,0,0,-8.0
source_scope_difference_or_mixed,treatment,ethyca/fides,2025-04,ncloc,exact_match,ncloc_different,e469857a142ed59acc3eb55ada6bd20ac94c1be5,e469857a142ed59acc3eb55ada6bd20ac94c1be5,318483.0,328498.0,10015.0,10015.0,1,1,1.0
source_scope_difference_or_mixed,treatment,yeagerai/genlayer-studio,2025-04,ncloc,exact_match,ncloc_different,ee19a3e79a40079f1fd8b52c6f52795b78bbb6e3,ee19a3e79a40079f1fd8b52c6f52795b78bbb6e3,17414.0,27099.0,9685.0,9685.0,1,1,1.0
source_scope_difference_or_mixed,control,odoo/industry,2024-09,ncloc,exact_match,ncloc_different,363fb6fddebfa90b4696d652a0e31ca4e48a0eef,363fb6fddebfa90b4696d652a0e31ca4e48a0eef,79415.0,70067.0,-9348.0,9348.0,0,0,
source_scope_difference_or_mixed,treatment,wdm0006/elote,2024-07,ncloc,exact_match,ncloc_different,75739e6ad51f3d50fdd047a0136f56b6274ad080,75739e6ad51f3d50fdd047a0136f56b6274ad080,10123.0,906.0,-9217.0,9217.0,0,0,-7.0
source_scope_difference_or_mixed,treatment,wdm0006/elote,2025-02,ncloc,exact_match,ncloc_different,6371b529b88402434e8cafaaf0ed137b412bfd6b,6371b529b88402434e8cafaaf0ed137b412bfd6b,11558.0,2341.0,-9217.0,9217.0,1,1,0.0
source_scope_difference_or_mixed,treatment,yeagerai/genlayer-studio,2025-08,ncloc,exact_match,ncloc_different,116ca5fc5f7fffe83843572c0897d381dc36ebfb,116ca5fc5f7fffe83843572c0897d381dc36ebfb,22583.0,31585.0,9002.0,9002.0,1,1,5.0
source_scope_difference_or_mixed,treatment,zauberzeug/nicegui,2025-04,code_smells,exact_match,ncloc_different,2b8b1a696992e64578f2e4c5fc285e90b60b87a6,2b8b1a696992e64578f2e4c5fc285e90b60b87a6,33270.0,24822.0,-8448.0,8448.0,1,1,1.0
source_scope_difference_or_mixed,treatment,yeagerai/genlayer-studio,2025-07,ncloc,exact_match,ncloc_different,128e60f694f4ff5c351198deba55db7d4d2d6e8c,128e60f694f4ff5c351198deba55db7d4d2d6e8c,22311.0,30562.0,8251.0,8251.0,1,1,4.0
source_scope_difference_or_mixed,control,lancedb/lancedb,2024-04,ncloc,exact_match,ncloc_different,6603414885be64132ee3a1018d5a5d6d7a4191ea,6603414885be64132ee3a1018d5a5d6d7a4191ea,15470.0,23347.0,7877.0,7877.0,0,0,
source_scope_difference_or_mixed,treatment,zauberzeug/nicegui,2025-02,code_smells,exact_match,ncloc_close,b71074ef73498f532234a837ea04a08ffbf4e804,b71074ef73498f532234a837ea04a08ffbf4e804,33269.0,41102.0,7833.0,7833.0,0,0,-1.0
source_scope_difference_or_mixed,treatment,zauberzeug/nicegui,2025-01,code_smells,exact_match,ncloc_close,7a540bf3dded6f1e58d32bf21a97d9a5c013afc1,7a540bf3dded6f1e58d32bf21a97d9a5c013afc1,33269.0,41099.0,7830.0,7830.0,0,0,-2.0
source_scope_difference_or_mixed,treatment,zauberzeug/nicegui,2025-03,code_smells,exact_match,ncloc_close,745167c81c219beda5ebaf850dfb7a3e772f96ac,745167c81c219beda5ebaf850dfb7a3e772f96ac,33270.0,41099.0,7829.0,7829.0,1,1,0.0
source_scope_difference_or_mixed,treatment,zauberzeug/nicegui,2024-12,code_smells,exact_match,ncloc_close,343dc0da8de0cf2f645cf8b5d76f5b439cb817f3,343dc0da8de0cf2f645cf8b5d76f5b439cb817f3,33267.0,41092.0,7825.0,7825.0,0,0,-3.0
source_scope_difference_or_mixed,treatment,zauberzeug/nicegui,2024-11,code_smells,exact_match,ncloc_close,25a633450d1223dcc8f1ad59d260d2e844b5519d,25a633450d1223dcc8f1ad59d260d2e844b5519d,33267.0,41078.0,7811.0,7811.0,0,0,-4.0
source_scope_difference_or_mixed,treatment,PostHog/posthog,2025-04,technical_debt,exact_match,ncloc_different,08f147eb9879e899fb7939f4b9413c86164ba7f9,08f147eb9879e899fb7939f4b9413c86164ba7f9,70394.0,77811.0,7417.0,7417.0,1,1,2.0
paper_commit_missing,treatment,cgevans/qslib,2025-05,ncloc,paper_commit_missing,,,d02b38180d3a4f06775d13e613b0f382447d7c6b,8454.0,1243.0,-7211.0,7211.0,1,1,3.0
source_scope_difference_or_mixed,control,VirtualFlow/VFVS,2024-01,ncloc,exact_match,ncloc_different,408299a0f106a08fa1792c63b3699453329cc2d6,408299a0f106a08fa1792c63b3699453329cc2d6,8129.0,1112.0,-7017.0,7017.0,0,0,
source_scope_difference_or_mixed,treatment,yeagerai/genlayer-studio,2025-06,ncloc,exact_match,ncloc_different,0ebe53c02e38e86cbf52545b4c1684d3faeb2607,0ebe53c02e38e86cbf52545b4c1684d3faeb2607,21166.0,28166.0,7000.0,7000.0,1,1,3.0
source_scope_difference_or_mixed,treatment,yeagerai/genlayer-studio,2025-05,ncloc,exact_match,ncloc_different,015258ffda52c268c43ebf7adb29fcdc18a41fd2,015258ffda52c268c43ebf7adb29fcdc18a41fd2,20916.0,27796.0,6880.0,6880.0,1,1,2.0
source_scope_difference_or_mixed,treatment,yeagerai/genlayer-studio,2025-03,ncloc,exact_match,ncloc_different,6ecca4614fd6bdecb1edbfcc38052c2b1e0b1010,6ecca4614fd6bdecb1edbfcc38052c2b1e0b1010,17409.0,23737.0,6328.0,6328.0,1,1,0.0
source_scope_difference_or_mixed,treatment,PostHog/posthog,2025-04,cognitive_complexity,exact_match,ncloc_different,08f147eb9879e899fb7939f4b9413c86164ba7f9,08f147eb9879e899fb7939f4b9413c86164ba7f9,69756.0,76027.0,6271.0,6271.0,1,1,2.0
source_scope_difference_or_mixed,treatment,yeagerai/genlayer-studio,2025-02,ncloc,exact_match,ncloc_different,a4969752bc251e96bff49703eb27f4fdd99ae423,a4969752bc251e96bff49703eb27f4fdd99ae423,17292.0,23526.0,6234.0,6234.0,0,0,-1.0
source_scope_difference_or_mixed,treatment,getsentry/sentry,2025-02,technical_debt,exact_match,ncloc_close,c4502d06cff34abeb8f58810743fb907ee914348,c4502d06cff34abeb8f58810743fb907ee914348,107481.0,113579.0,6098.0,6098.0,1,1,0.0
source_scope_difference_or_mixed,treatment,yeagerai/genlayer-studio,2025-01,ncloc,exact_match,ncloc_different,04fae826144162455aba04e0c087a292c884d191,04fae826144162455aba04e0c087a292c884d191,16120.0,22173.0,6053.0,6053.0,0,0,-2.0
source_scope_difference_or_mixed,treatment,yeagerai/genlayer-studio,2024-12,ncloc,exact_match,ncloc_different,3ff73e541a12e98d59578c492cf2f007a92540c4,3ff73e541a12e98d59578c492cf2f007a92540c4,15719.0,21568.0,5849.0,5849.0,0,0,-3.0
source_scope_difference_or_mixed,treatment,getsentry/sentry,2024-01,technical_debt,exact_match,ncloc_close,8073feb6eac31a856f6a389a1c289430b35e3589,8073feb6eac31a856f6a389a1c289430b35e3589,90882.0,96629.0,5747.0,5747.0,0,0,-13.0
source_scope_difference_or_mixed,treatment,zauberzeug/nicegui,2025-02,static_analysis_warnings,exact_match,ncloc_close,b71074ef73498f532234a837ea04a08ffbf4e804,b71074ef73498f532234a837ea04a08ffbf4e804,37735.0,43384.0,5649.0,5649.0,0,0,-1.0
source_scope_difference_or_mixed,treatment,zauberzeug/nicegui,2025-01,static_analysis_warnings,exact_match,ncloc_close,7a540bf3dded6f1e58d32bf21a97d9a5c013afc1,7a540bf3dded6f1e58d32bf21a97d9a5c013afc1,37735.0,43381.0,5646.0,5646.0,0,0,-2.0
source_scope_difference_or_mixed,treatment,zauberzeug/nicegui,2025-03,static_analysis_warnings,exact_match,ncloc_close,745167c81c219beda5ebaf850dfb7a3e772f96ac,745167c81c219beda5ebaf850dfb7a3e772f96ac,37736.0,43381.0,5645.0,5645.0,1,1,0.0
source_scope_difference_or_mixed,treatment,zauberzeug/nicegui,2024-12,static_analysis_warnings,exact_match,ncloc_close,343dc0da8de0cf2f645cf8b5d76f5b439cb817f3,343dc0da8de0cf2f645cf8b5d76f5b439cb817f3,37733.0,43374.0,5641.0,5641.0,0,0,-3.0
commit_selection_difference,treatment,cgevans/qslib,2025-08,ncloc,mismatch,,76acc07a52d0995fe6db5a2dbbe4a9495bfbbaea,8f7d15ae779d1e4381e4fe9cdbec6871a0e43678,8397.0,14026.0,5629.0,5629.0,1,1,6.0
source_scope_difference_or_mixed,treatment,zauberzeug/nicegui,2024-11,static_analysis_warnings,exact_match,ncloc_close,25a633450d1223dcc8f1ad59d260d2e844b5519d,25a633450d1223dcc8f1ad59d260d2e844b5519d,37733.0,43358.0,5625.0,5625.0,0,0,-4.0
source_scope_difference_or_mixed,treatment,wdm0006/elote,2025-02,technical_debt,exact_match,ncloc_different,6371b529b88402434e8cafaaf0ed137b412bfd6b,6371b529b88402434e8cafaaf0ed137b412bfd6b,5529.0,153.0,-5376.0,5376.0,1,1,0.0
commit_selection_difference,treatment,LearningCircuit/local-deep-research,2025-08,technical_debt,mismatch,,1b509b286e386545cd7a6aea61f65b7a26f2b33e,7b8114f313911b4fb080943cab20026940c092b3,9777.0,15120.0,5343.0,5343.0,1,1,5.0
source_scope_difference_or_mixed,treatment,wdm0006/elote,2024-07,technical_debt,exact_match,ncloc_different,75739e6ad51f3d50fdd047a0136f56b6274ad080,75739e6ad51f3d50fdd047a0136f56b6274ad080,5441.0,113.0,-5328.0,5328.0,0,0,-7.0
source_scope_difference_or_mixed,treatment,cgevans/qslib,2025-04,ncloc,exact_match,ncloc_different,03c686b5f265cc510486c81073a0ff0860d22011,03c686b5f265cc510486c81073a0ff0860d22011,8454.0,13625.0,5171.0,5171.0,1,1,2.0
source_scope_difference_or_mixed,treatment,cgevans/qslib,2025-03,ncloc,exact_match,ncloc_different,1633aa647dd933e3ed4619a44ab8fad96492fdad,1633aa647dd933e3ed4619a44ab8fad96492fdad,8454.0,13625.0,5171.0,5171.0,1,1,1.0
source_scope_difference_or_mixed,treatment,cgevans/qslib,2025-06,ncloc,exact_match,ncloc_different,1258acf2dfee9f0a0b361425073844c94eabbb0e,1258acf2dfee9f0a0b361425073844c94eabbb0e,8353.0,13524.0,5171.0,5171.0,1,1,4.0
source_scope_difference_or_mixed,treatment,cgevans/qslib,2025-07,ncloc,exact_match,ncloc_different,da3563d9db5db551649b35b475f8f49fd49ca62a,da3563d9db5db551649b35b475f8f49fd49ca62a,8395.0,13566.0,5171.0,5171.0,1,1,5.0
source_scope_difference_or_mixed,treatment,terryyin/lizard,2025-08,technical_debt,exact_match,ncloc_different,f4c93acb75391b2797782373c95889434ac9b2ab,f4c93acb75391b2797782373c95889434ac9b2ab,8745.0,13829.0,5084.0,5084.0,1,1,7.0
source_scope_difference_or_mixed,treatment,terryyin/lizard,2025-04,technical_debt,exact_match,ncloc_different,7b72428d60d1bdd83d2c5fb807f8c7f33e23e71b,7b72428d60d1bdd83d2c5fb807f8c7f33e23e71b,8617.0,13701.0,5084.0,5084.0,1,1,3.0
source_scope_difference_or_mixed,treatment,terryyin/lizard,2025-06,technical_debt,exact_match,ncloc_different,d8cb37d396710cc71525e91b62f78320d6b7b03f,d8cb37d396710cc71525e91b62f78320d6b7b03f,8745.0,13824.0,5079.0,5079.0,1,1,5.0
source_scope_difference_or_mixed,treatment,terryyin/lizard,2025-07,technical_debt,exact_match,ncloc_different,10017f0c2ebb0688474c4a2b1216863d7632bbcf,10017f0c2ebb0688474c4a2b1216863d7632bbcf,8745.0,13824.0,5079.0,5079.0,1,1,6.0
source_scope_difference_or_mixed,treatment,terryyin/lizard,2025-03,technical_debt,exact_match,ncloc_different,86951d42c1f4fe5eaf00d258df2ab61952867838,86951d42c1f4fe5eaf00d258df2ab61952867838,8616.0,13691.0,5075.0,5075.0,1,1,2.0
source_scope_difference_or_mixed,treatment,terryyin/lizard,2025-05,technical_debt,exact_match,ncloc_different,1ef2169fe8524b27777ec65944ba4eca8570e2b7,1ef2169fe8524b27777ec65944ba4eca8570e2b7,8715.0,13789.0,5074.0,5074.0,1,1,4.0
source_scope_difference_or_mixed,treatment,terryyin/lizard,2024-08,technical_debt,exact_match,ncloc_different,c17ccbbe5203c34236fb52aa5f288ed2a96d55c0,c17ccbbe5203c34236fb52aa5f288ed2a96d55c0,8464.0,13537.0,5073.0,5073.0,0,0,-5.0
source_scope_difference_or_mixed,treatment,terryyin/lizard,2024-10,technical_debt,exact_match,ncloc_different,ef8ac19ce83d5c7f7e620f7525b6844ef8d4323a,ef8ac19ce83d5c7f7e620f7525b6844ef8d4323a,8481.0,13554.0,5073.0,5073.0,0,0,-3.0
source_scope_difference_or_mixed,treatment,terryyin/lizard,2024-04,technical_debt,exact_match,ncloc_different,7b47f8885eb694e6ec82df21e024f2b5265ffba9,7b47f8885eb694e6ec82df21e024f2b5265ffba9,8464.0,13537.0,5073.0,5073.0,0,0,-9.0
source_scope_difference_or_mixed,treatment,terryyin/lizard,2024-12,technical_debt,exact_match,ncloc_different,8f3742c28c9fd5d86fe6adfd906c9c91531390e4,8f3742c28c9fd5d86fe6adfd906c9c91531390e4,8489.0,13557.0,5068.0,5068.0,0,0,-1.0
source_scope_difference_or_mixed,treatment,terryyin/lizard,2025-01,technical_debt,exact_match,ncloc_different,c3cd418ce204dff6ddf223096d6a2aec2e7b5b51,c3cd418ce204dff6ddf223096d6a2aec2e7b5b51,8578.0,13646.0,5068.0,5068.0,1,1,0.0
source_scope_difference_or_mixed,treatment,terryyin/lizard,2025-02,technical_debt,exact_match,ncloc_different,7d48c44317121698e144aa7127082b46f7581ab0,7d48c44317121698e144aa7127082b46f7581ab0,8596.0,13655.0,5059.0,5059.0,1,1,1.0
source_scope_difference_or_mixed,treatment,LearningCircuit/local-deep-research,2025-07,technical_debt,exact_match,ncloc_close,de91a597f2851a551ec95f969e64d20910db8869,de91a597f2851a551ec95f969e64d20910db8869,9705.0,14760.0,5055.0,5055.0,1,1,4.0
source_scope_difference_or_mixed,treatment,ethyca/fides,2025-08,technical_debt,exact_match,ncloc_close,cb4eb8bd6ccc98b8e68630f3f7d938f1b3bf953a,cb4eb8bd6ccc98b8e68630f3f7d938f1b3bf953a,24610.0,19609.0,-5001.0,5001.0,1,1,5.0
source_scope_difference_or_mixed,treatment,getsentry/sentry,2024-05,technical_debt,exact_match,ncloc_close,0d270ad1c8532bb133772a03e166dca23a3a08ad,0d270ad1c8532bb133772a03e166dca23a3a08ad,105715.0,110547.0,4832.0,4832.0,0,0,-9.0
source_scope_difference_or_mixed,treatment,ethyca/fides,2025-07,technical_debt,exact_match,ncloc_close,9f183a7ab5faa5eb0efd7d4da31808a978b91242,9f183a7ab5faa5eb0efd7d4da31808a978b91242,22434.0,17725.0,-4709.0,4709.0,1,1,4.0
source_scope_difference_or_mixed,treatment,yeagerai/genlayer-studio,2024-11,ncloc,exact_match,ncloc_different,663a89ea1ddeca2f295ef8ea4513e8b8d0baa1a8,663a89ea1ddeca2f295ef8ea4513e8b8d0baa1a8,14376.0,19067.0,4691.0,4691.0,0,0,-4.0
source_scope_difference_or_mixed,treatment,getsentry/sentry,2024-04,technical_debt,exact_match,ncloc_close,d9935228ed25a087426c4665bb98358bb1e4c580,d9935228ed25a087426c4665bb98358bb1e4c580,92558.0,97191.0,4633.0,4633.0,0,0,-10.0
source_scope_difference_or_mixed,treatment,utensils/mcp-nixos,2025-04,ncloc,exact_match,ncloc_different,9958c0740e672a5ed61e02ad9a42e60d62dc16eb,9958c0740e672a5ed61e02ad9a42e60d62dc16eb,13451.0,18081.0,4630.0,4630.0,1,1,1.0
source_scope_difference_or_mixed,treatment,ethyca/fides,2025-06,technical_debt,exact_match,ncloc_close,25f89cf50afcac815c38422d299fb39b35cd76a3,25f89cf50afcac815c38422d299fb39b35cd76a3,21061.0,16523.0,-4538.0,4538.0,1,1,3.0
source_scope_difference_or_mixed,control,PromtEngineer/localGPT,2024-10,ncloc,exact_match,ncloc_different,c3620d972b020cafc5fef0604566577d75894d00,c3620d972b020cafc5fef0604566577d75894d00,41851.0,46375.0,4524.0,4524.0,0,0,
source_scope_difference_or_mixed,control,PromtEngineer/localGPT,2025-03,ncloc,exact_match,ncloc_different,4e0d9e75e9340fbd9d8f7d75cfdb7c5c9fbb0df4,4e0d9e75e9340fbd9d8f7d75cfdb7c5c9fbb0df4,41851.0,46375.0,4524.0,4524.0,0,0,
source_scope_difference_or_mixed,control,PromtEngineer/localGPT,2025-02,ncloc,exact_match,ncloc_different,deb7369fc37e4315d76735cafe7ddd0a509e1432,deb7369fc37e4315d76735cafe7ddd0a509e1432,41851.0,46375.0,4524.0,4524.0,0,0,
source_scope_difference_or_mixed,control,PromtEngineer/localGPT,2024-11,ncloc,exact_match,ncloc_different,732c57d32698901b1d64ee120b98aa2de5e2536b,732c57d32698901b1d64ee120b98aa2de5e2536b,41851.0,46375.0,4524.0,4524.0,0,0,
source_scope_difference_or_mixed,treatment,PostHog/posthog,2025-05,technical_debt,exact_match,ncloc_different,fa2cab6b204f2efeabb5c5bbc1d35ff23c91ec8b,fa2cab6b204f2efeabb5c5bbc1d35ff23c91ec8b,77447.0,81950.0,4503.0,4503.0,1,1,3.0
source_scope_difference_or_mixed,control,PromtEngineer/localGPT,2024-01,ncloc,exact_match,ncloc_different,1fca83aff1ebdc1ecb1fd057c7466753a7737bc6,1fca83aff1ebdc1ecb1fd057c7466753a7737bc6,41654.0,46140.0,4486.0,4486.0,0,0,
source_scope_difference_or_mixed,control,PromtEngineer/localGPT,2024-09,ncloc,exact_match,ncloc_different,b654a59976053b5cbb55cdc5de26058309007f3f,b654a59976053b5cbb55cdc5de26058309007f3f,41697.0,46183.0,4486.0,4486.0,0,0,
source_scope_difference_or_mixed,control,PromtEngineer/localGPT,2024-02,ncloc,exact_match,ncloc_different,e997a8a09545b655990dea641b548aeac9abcca5,e997a8a09545b655990dea641b548aeac9abcca5,41676.0,46162.0,4486.0,4486.0,0,0,
source_scope_difference_or_mixed,control,PromtEngineer/localGPT,2024-08,ncloc,exact_match,ncloc_different,b4322d4805a4712033021fa2eb64c296f2c94220,b4322d4805a4712033021fa2eb64c296f2c94220,41697.0,46183.0,4486.0,4486.0,0,0,
source_scope_difference_or_mixed,control,PromtEngineer/localGPT,2024-05,ncloc,exact_match,ncloc_different,a1dea3becb8b1ae28a87369b1636c4c4a4501c27,a1dea3becb8b1ae28a87369b1636c4c4a4501c27,41697.0,46183.0,4486.0,4486.0,0,0,
source_scope_difference_or_mixed,treatment,PostHog/posthog,2024-05,technical_debt,exact_match,ncloc_close,9e2003c8d389a3a6ed531aa5036cc77052896979,9e2003c8d389a3a6ed531aa5036cc77052896979,45693.0,41314.0,-4379.0,4379.0,0,0,-9.0
source_scope_difference_or_mixed,treatment,getsentry/sentry,2024-09,technical_debt,exact_match,ncloc_close,6c6024b9d8999b88166c60580a677d809252fc04,6c6024b9d8999b88166c60580a677d809252fc04,110298.0,114641.0,4343.0,4343.0,0,0,-5.0
source_scope_difference_or_mixed,treatment,getsentry/sentry,2024-06,technical_debt,exact_match,ncloc_close,27f0f976edf02d303fc16cab7a481e588be43e8e,27f0f976edf02d303fc16cab7a481e588be43e8e,105176.0,109513.0,4337.0,4337.0,0,0,-8.0
source_scope_difference_or_mixed,treatment,getsentry/sentry,2024-03,technical_debt,exact_match,ncloc_close,b3f8ab3aea7eaabfd408314997f8c21c5707491f,b3f8ab3aea7eaabfd408314997f8c21c5707491f,90060.0,94378.0,4318.0,4318.0,0,0,-11.0
source_scope_difference_or_mixed,treatment,getsentry/sentry,2025-01,technical_debt,exact_match,ncloc_close,d210118fce94310ef5858d51efe16ee26c995a48,d210118fce94310ef5858d51efe16ee26c995a48,103379.0,107643.0,4264.0,4264.0,0,0,-1.0
source_scope_difference_or_mixed,treatment,PostHog/posthog,2024-03,technical_debt,exact_match,ncloc_close,92e17ce307a577c4233d4ab252eebc6c2207a5ee,92e17ce307a577c4233d4ab252eebc6c2207a5ee,43584.0,39370.0,-4214.0,4214.0,0,0,-11.0
source_scope_difference_or_mixed,treatment,PostHog/posthog,2024-04,technical_debt,exact_match,ncloc_close,e446d1983007db6960d0a524456884c7cf1d8b46,e446d1983007db6960d0a524456884c7cf1d8b46,44242.0,40031.0,-4211.0,4211.0,0,0,-10.0
source_scope_difference_or_mixed,treatment,getsentry/sentry,2024-07,technical_debt,exact_match,ncloc_close,3efa8cf306b9650d8129ffeaca77601b833b1009,3efa8cf306b9650d8129ffeaca77601b833b1009,107637.0,111830.0,4193.0,4193.0,0,0,-7.0
source_scope_difference_or_mixed,treatment,PostHog/posthog,2025-08,cognitive_complexity,exact_match,ncloc_different,79cf381322842888a721905c09490e85f98a5a2a,79cf381322842888a721905c09490e85f98a5a2a,93378.0,97541.0,4163.0,4163.0,1,1,6.0
source_scope_difference_or_mixed,treatment,getsentry/sentry,2024-02,technical_debt,exact_match,ncloc_close,de6c3afad3e8eb67fe0f4cccc389f4374a87fea0,de6c3afad3e8eb67fe0f4cccc389f4374a87fea0,90115.0,94256.0,4141.0,4141.0,0,0,-12.0
source_scope_difference_or_mixed,treatment,PostHog/posthog,2024-02,technical_debt,exact_match,ncloc_close,2085f68b0550d22be1f300f57b9e4a15f1ea7efe,2085f68b0550d22be1f300f57b9e4a15f1ea7efe,42798.0,38669.0,-4129.0,4129.0,0,0,-12.0
source_scope_difference_or_mixed,treatment,getsentry/sentry,2024-12,technical_debt,exact_match,ncloc_close,707f353d2d1933fbf951478c414838f9e5956b38,707f353d2d1933fbf951478c414838f9e5956b38,106610.0,110737.0,4127.0,4127.0,0,0,-2.0
source_scope_difference_or_mixed,treatment,zauberzeug/nicegui,2025-05,code_smells,exact_match,ncloc_close,947772d66c6d108a7d12fe65b8b76f6110f7d20e,947772d66c6d108a7d12fe65b8b76f6110f7d20e,20715.0,24824.0,4109.0,4109.0,1,1,2.0
source_scope_difference_or_mixed,treatment,zauberzeug/nicegui,2025-08,code_smells,exact_match,ncloc_close,47a9542199eda065b82bfefe2f159323621d3d38,47a9542199eda065b82bfefe2f159323621d3d38,20735.0,24842.0,4107.0,4107.0,1,1,5.0
source_scope_difference_or_mixed,treatment,zauberzeug/nicegui,2025-07,code_smells,exact_match,ncloc_close,30a70325d55e110b87a6279664e6b7987ceb2067,30a70325d55e110b87a6279664e6b7987ceb2067,20733.0,24840.0,4107.0,4107.0,1,1,4.0
source_scope_difference_or_mixed,treatment,zauberzeug/nicegui,2025-06,code_smells,exact_match,ncloc_close,b3ea0df4e3b73a6e9e8f8fa57b8c052deb8f3694,b3ea0df4e3b73a6e9e8f8fa57b8c052deb8f3694,20717.0,24823.0,4106.0,4106.0,1,1,3.0
source_scope_difference_or_mixed,treatment,getsentry/sentry,2024-08,technical_debt,exact_match,ncloc_close,14b776d65b324705fca7edfd2c88a748429d54e3,14b776d65b324705fca7edfd2c88a748429d54e3,109444.0,113548.0,4104.0,4104.0,0,0,-6.0
source_scope_difference_or_mixed,treatment,getsentry/sentry,2024-10,technical_debt,exact_match,ncloc_close,ad46b361e2e960136b68f1647b936af1b3f6752a,ad46b361e2e960136b68f1647b936af1b3f6752a,109276.0,113340.0,4064.0,4064.0,0,0,-4.0
source_scope_difference_or_mixed,treatment,cgevans/qslib,2025-02,ncloc,exact_match,ncloc_different,f231361a93b274928e71ff2cb06bee91e0bb2c11,f231361a93b274928e71ff2cb06bee91e0bb2c11,8741.0,4761.0,-3980.0,3980.0,1,1,0.0
source_scope_difference_or_mixed,treatment,PostHog/posthog,2024-06,technical_debt,exact_match,ncloc_different,0b22cc401624bedab251a98f8bc86608ca9f59e5,0b22cc401624bedab251a98f8bc86608ca9f59e5,47704.0,43730.0,-3974.0,3974.0,0,0,-8.0
source_scope_difference_or_mixed,treatment,keephq/keep,2025-04,technical_debt,exact_match,ncloc_close,fc01ed670be54804d40ccaaa73bc28723f7c02e6,fc01ed670be54804d40ccaaa73bc28723f7c02e6,18018.0,21943.0,3925.0,3925.0,1,1,1.0
source_scope_difference_or_mixed,treatment,getsentry/sentry,2024-11,technical_debt,exact_match,ncloc_close,8e45680a887ec96c50c1f43fffe1ac8f2b6c54aa,8e45680a887ec96c50c1f43fffe1ac8f2b6c54aa,108877.0,112794.0,3917.0,3917.0,0,0,-3.0
source_scope_difference_or_mixed,treatment,keephq/keep,2025-03,technical_debt,exact_match,ncloc_close,6ba6ca03bdd94c1a4805ee87abbcb7b195ff01bf,6ba6ca03bdd94c1a4805ee87abbcb7b195ff01bf,17207.0,21095.0,3888.0,3888.0,1,1,0.0
source_scope_difference_or_mixed,treatment,keephq/keep,2025-06,technical_debt,exact_match,ncloc_close,32e024320952bd1a507b7fc8bc769aec60ee4f68,32e024320952bd1a507b7fc8bc769aec60ee4f68,19588.0,23473.0,3885.0,3885.0,1,1,3.0
source_scope_difference_or_mixed,treatment,zauberzeug/nicegui,2025-04,bugs,exact_match,ncloc_different,2b8b1a696992e64578f2e4c5fc285e90b60b87a6,2b8b1a696992e64578f2e4c5fc285e90b60b87a6,4466.0,602.0,-3864.0,3864.0,1,1,1.0
source_scope_difference_or_mixed,treatment,keephq/keep,2025-07,technical_debt,exact_match,ncloc_close,c71d7c076780fad16bfcffb616a01278c75c6d6f,c71d7c076780fad16bfcffb616a01278c75c6d6f,19748.0,23603.0,3855.0,3855.0,1,1,4.0
source_scope_difference_or_mixed,treatment,keephq/keep,2025-08,technical_debt,exact_match,ncloc_close,76c396f983198158da30246a7e40e42bceebf46b,76c396f983198158da30246a7e40e42bceebf46b,19975.0,23810.0,3835.0,3835.0,1,1,5.0
source_scope_difference_or_mixed,treatment,PostHog/posthog,2025-03,technical_debt,exact_match,ncloc_different,ecdaddcfaf15967165806e2cd4f9bc0cfb40f0e1,ecdaddcfaf15967165806e2cd4f9bc0cfb40f0e1,70314.0,74136.0,3822.0,3822.0,1,1,1.0
source_scope_difference_or_mixed,treatment,keephq/keep,2025-05,technical_debt,exact_match,ncloc_close,9cefe4e98749a406a2fbdc97fdbddf8dbdcb6664,9cefe4e98749a406a2fbdc97fdbddf8dbdcb6664,19006.0,22806.0,3800.0,3800.0,1,1,2.0
source_scope_difference_or_mixed,treatment,PostHog/posthog,2024-07,technical_debt,exact_match,ncloc_different,6499bded5585bf1423fcf6673b2f560fe4f941af,6499bded5585bf1423fcf6673b2f560fe4f941af,47888.0,44096.0,-3792.0,3792.0,0,0,-7.0
source_scope_difference_or_mixed,treatment,keephq/keep,2025-02,technical_debt,exact_match,ncloc_close,c21dc97d3b04c9804a2ae1349907af431f444fd6,c21dc97d3b04c9804a2ae1349907af431f444fd6,15267.0,18950.0,3683.0,3683.0,0,0,-1.0
commit_selection_difference,treatment,PostHog/posthog,2025-07,cognitive_complexity,mismatch,,0208352822068d8747214c905d729dff4ebe49f1,8e13bf3cbfe9684eb907f7ddf706aa9fae2099e0,86434.0,90037.0,3603.0,3603.0,1,1,5.0
rule_config_analyzer_profile_signal,control,ysj9909/SHViT,2024-04,technical_debt,exact_match,ncloc_identical,fee7ce4258e81baf9e929e90f26168d632d186a7,fee7ce4258e81baf9e929e90f26168d632d186a7,387.0,3967.0,3580.0,3580.0,0,0,
rule_config_analyzer_profile_signal,control,ysj9909/SHViT,2024-06,technical_debt,exact_match,ncloc_identical,6a729ccf18e0b941714b529638bd3d9bacebcef0,6a729ccf18e0b941714b529638bd3d9bacebcef0,387.0,3967.0,3580.0,3580.0,0,0,
rule_config_analyzer_profile_signal,control,ysj9909/SHViT,2024-05,technical_debt,exact_match,ncloc_identical,20819cb8f624e183b1fa2ce941ed18ab8037b07d,20819cb8f624e183b1fa2ce941ed18ab8037b07d,387.0,3967.0,3580.0,3580.0,0,0,
commit_selection_difference,treatment,whiteducksoftware/flock,2025-06,ncloc,mismatch,,1e82eb29281c426f81723a19f28c2b8302cf75ce,db5e65e61bdb943cae439f796be085c5a8218a3c,30227.0,33799.0,3572.0,3572.0,1,1,3.0
source_scope_difference_or_mixed,treatment,PostHog/posthog,2025-02,technical_debt,exact_match,ncloc_different,e6cdfed56138f74a1e8bcac05f60036d96ab9a6a,e6cdfed56138f74a1e8bcac05f60036d96ab9a6a,67212.0,70755.0,3543.0,3543.0,1,1,0.0
source_scope_difference_or_mixed,treatment,ethyca/fides,2024-08,technical_debt,exact_match,ncloc_close,e9174b771155abc0ff3faf1fb7b8b76836788617,e9174b771155abc0ff3faf1fb7b8b76836788617,15187.0,11653.0,-3534.0,3534.0,0,0,-7.0
commit_selection_difference,treatment,whiteducksoftware/flock,2025-05,ncloc,mismatch,,8e542bb4c8252648f6a7705a46124a8e76a4e19c,c60e12a13b66d7f9b7c92f42c2681e331c8ed31d,30218.0,33737.0,3519.0,3519.0,1,1,2.0
source_scope_difference_or_mixed,treatment,PostHog/posthog,2025-06,cognitive_complexity,exact_match,ncloc_different,bf87ddcb0e02027bb8c1e7a1aa2e03f0c4312e90,bf87ddcb0e02027bb8c1e7a1aa2e03f0c4312e90,81500.0,85016.0,3516.0,3516.0,1,1,4.0
source_scope_difference_or_mixed,treatment,TextGeneratorio/text-generator.io,2025-08,technical_debt,exact_match,ncloc_different,95ff0e2fb3cbafd6c6037e2ea559ed6fdb549b35,95ff0e2fb3cbafd6c6037e2ea559ed6fdb549b35,20570.0,24022.0,3452.0,3452.0,1,1,5.0
rule_config_analyzer_profile_signal,control,zhipeixu/FakeShield,2025-03,technical_debt,exact_match,ncloc_identical,7bd43c8badef7341807e85e55a8b216dac6c2424,7bd43c8badef7341807e85e55a8b216dac6c2424,6893.0,10282.0,3389.0,3389.0,0,0,
rule_config_analyzer_profile_signal,control,zhipeixu/FakeShield,2025-05,technical_debt,exact_match,ncloc_identical,c34dab9b8df3dc77d2632344eb0d0af387d0658f,c34dab9b8df3dc77d2632344eb0d0af387d0658f,6893.0,10282.0,3389.0,3389.0,0,0,
rule_config_analyzer_profile_signal,control,zhipeixu/FakeShield,2025-04,technical_debt,exact_match,ncloc_identical,2910fb826ea20e11c2c2553c36984630216c0bab,2910fb826ea20e11c2c2553c36984630216c0bab,6893.0,10282.0,3389.0,3389.0,0,0,
rule_config_analyzer_profile_signal,control,zhipeixu/FakeShield,2025-06,technical_debt,exact_match,ncloc_identical,346cb6c74c9a426c1c00d98b13e5f417161a94c1,346cb6c74c9a426c1c00d98b13e5f417161a94c1,6893.0,10282.0,3389.0,3389.0,0,0,
rule_config_analyzer_profile_signal,control,zhipeixu/FakeShield,2025-02,technical_debt,exact_match,ncloc_identical,b807b92ac958678bb278e741864ba4b821fb73c1,b807b92ac958678bb278e741864ba4b821fb73c1,6893.0,10282.0,3389.0,3389.0,0,0,
source_scope_difference_or_mixed,treatment,zauberzeug/nicegui,2024-07,code_smells,exact_match,ncloc_close,b0bc2078fb1e70607879d82ce96e3a488bc41f69,b0bc2078fb1e70607879d82ce96e3a488bc41f69,19352.0,22721.0,3369.0,3369.0,0,0,-8.0
source_scope_difference_or_mixed,treatment,zauberzeug/nicegui,2024-06,code_smells,exact_match,ncloc_close,462af82d7027979fe68e7245b772c2c6cdbe7d94,462af82d7027979fe68e7245b772c2c6cdbe7d94,19352.0,22718.0,3366.0,3366.0,0,0,-9.0
source_scope_difference_or_mixed,treatment,PostHog/posthog,2024-01,technical_debt,exact_match,ncloc_close,31807262c0750a4f71a793579092e9e4a3b51abc,31807262c0750a4f71a793579092e9e4a3b51abc,40854.0,37492.0,-3362.0,3362.0,0,0,-13.0
source_scope_difference_or_mixed,treatment,zauberzeug/nicegui,2024-05,code_smells,exact_match,ncloc_close,92a0cf0fdaee28ffba8329483e55f2a5d5c529fe,92a0cf0fdaee28ffba8329483e55f2a5d5c529fe,19350.0,22711.0,3361.0,3361.0,0,0,-10.0
source_scope_difference_or_mixed,treatment,zauberzeug/nicegui,2024-04,code_smells,exact_match,ncloc_close,1bce2bad367d5baf842badb51a0d78c8543a49ef,1bce2bad367d5baf842badb51a0d78c8543a49ef,19343.0,22702.0,3359.0,3359.0,0,0,-11.0
source_scope_difference_or_mixed,treatment,zauberzeug/nicegui,2024-03,code_smells,exact_match,ncloc_close,fff7b27eea91bf2b3d3f3080f0919c3ac62978b8,fff7b27eea91bf2b3d3f3080f0919c3ac62978b8,19341.0,22694.0,3353.0,3353.0,0,0,-12.0
commit_selection_difference,treatment,zauberzeug/nicegui,2024-02,code_smells,mismatch,,38fcfe13fd8e5b297a8cb12aa357f94ad3d84eda,4a0c1c874fc3b56c4f2dc400a4367a71df5a66fe,19325.0,22645.0,3320.0,3320.0,0,0,-13.0
source_scope_difference_or_mixed,treatment,keephq/keep,2024-10,technical_debt,exact_match,ncloc_close,add75fb2aa8bbd8ed47f68dfc3d242cb78cd68d8,add75fb2aa8bbd8ed47f68dfc3d242cb78cd68d8,11247.0,14509.0,3262.0,3262.0,0,0,-5.0
source_scope_difference_or_mixed,treatment,trycua/cua,2025-04,ncloc,exact_match,ncloc_different,60bcb0716cfa720084faafb1d0c9b1f716a6945c,60bcb0716cfa720084faafb1d0c9b1f716a6945c,11136.0,14394.0,3258.0,3258.0,1,1,1.0
source_scope_difference_or_mixed,treatment,zauberzeug/nicegui,2024-01,code_smells,exact_match,ncloc_close,f4c57a962f8cc96085eb41860c1346da77228824,f4c57a962f8cc96085eb41860c1346da77228824,19235.0,22469.0,3234.0,3234.0,0,0,-14.0
source_scope_difference_or_mixed,control,VirtualFlow/VFVS,2024-01,technical_debt,exact_match,ncloc_different,408299a0f106a08fa1792c63b3699453329cc2d6,408299a0f106a08fa1792c63b3699453329cc2d6,3560.0,370.0,-3190.0,3190.0,0,0,
source_scope_difference_or_mixed,treatment,TextGeneratorio/text-generator.io,2025-07,technical_debt,exact_match,ncloc_different,3920d146d45c6c226f4321c9105a6076824d9aca,3920d146d45c6c226f4321c9105a6076824d9aca,20329.0,23495.0,3166.0,3166.0,1,1,4.0
source_scope_difference_or_mixed,treatment,keephq/keep,2025-01,technical_debt,exact_match,ncloc_close,e5d85d9ca27a74536e0e9f8fbb54edf893c8f0c2,e5d85d9ca27a74536e0e9f8fbb54edf893c8f0c2,13681.0,16822.0,3141.0,3141.0,0,0,-2.0
source_scope_difference_or_mixed,treatment,ResearchHub/researchhub-backend,2025-04,ncloc,exact_match,ncloc_different,90bd47c7e4e4a107c32deefa0d54c6024506b8b0,90bd47c7e4e4a107c32deefa0d54c6024506b8b0,80840.0,83901.0,3061.0,3061.0,1,1,1.0
source_scope_difference_or_mixed,treatment,PostHog/posthog,2025-05,cognitive_complexity,exact_match,ncloc_different,fa2cab6b204f2efeabb5c5bbc1d35ff23c91ec8b,fa2cab6b204f2efeabb5c5bbc1d35ff23c91ec8b,76949.0,79996.0,3047.0,3047.0,1,1,3.0
source_scope_difference_or_mixed,treatment,keephq/keep,2024-09,technical_debt,exact_match,ncloc_close,fb4b5d5ad83f4a1b7b3014aaf14aa2681c88f58a,fb4b5d5ad83f4a1b7b3014aaf14aa2681c88f58a,10014.0,13030.0,3016.0,3016.0,0,0,-6.0
commit_selection_difference,treatment,allthingslinux/tux,2025-08,ncloc,mismatch,,281df8c2c722074fc0207120cf126b9617a63a28,92755414929eee2c81783fbc43d5fd28826dc0f3,18494.0,21486.0,2992.0,2992.0,1,1,6.0
source_scope_difference_or_mixed,control,FMInference/FlexiGen,2024-10,technical_debt,exact_match,ncloc_close,004ffef82b46e8dc8685c55d0cdda650bdaf1269,004ffef82b46e8dc8685c55d0cdda650bdaf1269,78238.0,81228.0,2990.0,2990.0,0,0,
source_scope_difference_or_mixed,control,FMInference/FlexiGen,2024-09,technical_debt,exact_match,ncloc_close,ab55510b0e19b0dcdb274e7ef5421827d0c237d0,ab55510b0e19b0dcdb274e7ef5421827d0c237d0,78233.0,81221.0,2988.0,2988.0,0,0,
source_scope_difference_or_mixed,control,FMInference/FlexiGen,2024-04,technical_debt,exact_match,ncloc_close,19753bc062d47cc34e73efb27824e97ff5216a68,19753bc062d47cc34e73efb27824e97ff5216a68,78233.0,81221.0,2988.0,2988.0,0,0,
source_scope_difference_or_mixed,treatment,samuelgursky/davinci-resolve-mcp,2025-04,ncloc,exact_match,ncloc_different,19dc53236193de61f79facc731024a75d3c3be5c,19dc53236193de61f79facc731024a75d3c3be5c,7828.0,10768.0,2940.0,2940.0,1,1,1.0
source_scope_difference_or_mixed,treatment,samuelgursky/davinci-resolve-mcp,2025-03,ncloc,exact_match,ncloc_different,f10b0f93aec15b5c92b2bed33a60270e100dc317,f10b0f93aec15b5c92b2bed33a60270e100dc317,7828.0,10768.0,2940.0,2940.0,1,1,0.0
source_scope_difference_or_mixed,treatment,LearningCircuit/local-deep-research,2025-03,ncloc,exact_match,ncloc_different,534b12017b9b8db8d6831f3dbd4d4588ddbffe86,534b12017b9b8db8d6831f3dbd4d4588ddbffe86,12126.0,15051.0,2925.0,2925.0,1,1,0.0
source_scope_difference_or_mixed,treatment,getsentry/sentry,2025-06,technical_debt,exact_match,ncloc_close,4f2be477198bf2814c6d6cd4b80ba19cbe386908,4f2be477198bf2814c6d6cd4b80ba19cbe386908,120791.0,123683.0,2892.0,2892.0,1,1,4.0
source_scope_difference_or_mixed,treatment,PostHog/posthog,2024-08,technical_debt,exact_match,ncloc_different,0a6ab2622fd9404afdc60100fef54c3c112ea379,0a6ab2622fd9404afdc60100fef54c3c112ea379,50130.0,47293.0,-2837.0,2837.0,0,0,-6.0
source_scope_difference_or_mixed,treatment,LearningCircuit/local-deep-research,2025-06,technical_debt,exact_match,ncloc_close,a725bf4b3944d348c441777ba758de442bc7015e,a725bf4b3944d348c441777ba758de442bc7015e,7288.0,10116.0,2828.0,2828.0,1,1,3.0
source_scope_difference_or_mixed,treatment,keephq/keep,2024-12,technical_debt,exact_match,ncloc_close,6ad036b1837b2de0331014c58d2d1e1d99e46d59,6ad036b1837b2de0331014c58d2d1e1d99e46d59,12619.0,15436.0,2817.0,2817.0,0,0,-3.0
source_scope_difference_or_mixed,treatment,keephq/keep,2024-11,technical_debt,exact_match,ncloc_close,a3b9303830358fbeefa53d83f721951c8c1560f4,a3b9303830358fbeefa53d83f721951c8c1560f4,12188.0,14967.0,2779.0,2779.0,0,0,-4.0
source_scope_difference_or_mixed,treatment,ethyca/fides,2024-06,technical_debt,exact_match,ncloc_close,6041a493e7e36e60b9267b9402c7c3332ab3f170,6041a493e7e36e60b9267b9402c7c3332ab3f170,15037.0,12265.0,-2772.0,2772.0,0,0,-9.0
source_scope_difference_or_mixed,treatment,TextGeneratorio/text-generator.io,2025-05,technical_debt,exact_match,ncloc_different,53455c86af4bf5e404a847de09f1c8b9e654d801,53455c86af4bf5e404a847de09f1c8b9e654d801,20589.0,23319.0,2730.0,2730.0,1,1,2.0
source_scope_difference_or_mixed,treatment,ethyca/fides,2024-07,technical_debt,exact_match,ncloc_close,84447c0a004c65a5552acdee70ffa76a59fc864f,84447c0a004c65a5552acdee70ffa76a59fc864f,15274.0,12547.0,-2727.0,2727.0,0,0,-8.0
source_scope_difference_or_mixed,treatment,TextGeneratorio/text-generator.io,2025-04,technical_debt,exact_match,ncloc_different,5ed2b4008e2a49c4dad48dad07ef982849fc5fca,5ed2b4008e2a49c4dad48dad07ef982849fc5fca,20554.0,23277.0,2723.0,2723.0,1,1,1.0
source_scope_difference_or_mixed,treatment,TextGeneratorio/text-generator.io,2025-06,technical_debt,exact_match,ncloc_different,1eafa44b407969edcac558b3f8cf0c4f39ba52ae,1eafa44b407969edcac558b3f8cf0c4f39ba52ae,20281.0,23001.0,2720.0,2720.0,1,1,3.0
rule_config_analyzer_profile_signal,treatment,Anemll/Anemll,2025-07,technical_debt,exact_match,ncloc_identical,6ecb10d7dfe90533af13ac23c825ca76aab0c56e,6ecb10d7dfe90533af13ac23c825ca76aab0c56e,4799.0,2097.0,-2702.0,2702.0,1,1,5.0
source_scope_difference_or_mixed,treatment,TextGeneratorio/text-generator.io,2024-05,technical_debt,exact_match,ncloc_different,0892be29955c6d268f45b5545a9091cef7372348,0892be29955c6d268f45b5545a9091cef7372348,21914.0,24607.0,2693.0,2693.0,0,0,-10.0
source_scope_difference_or_mixed,treatment,TextGeneratorio/text-generator.io,2024-07,technical_debt,exact_match,ncloc_different,eaabbefacf47cf51ba7c231df42fff37100c13c6,eaabbefacf47cf51ba7c231df42fff37100c13c6,21909.0,24602.0,2693.0,2693.0,0,0,-8.0
source_scope_difference_or_mixed,treatment,TextGeneratorio/text-generator.io,2024-02,technical_debt,exact_match,ncloc_different,5644053e2ab8c2c1d2107a0a825d1c0f0bb5c088,5644053e2ab8c2c1d2107a0a825d1c0f0bb5c088,21904.0,24597.0,2693.0,2693.0,0,0,-13.0
source_scope_difference_or_mixed,treatment,TextGeneratorio/text-generator.io,2024-08,technical_debt,exact_match,ncloc_different,b6d6f478ac36e37f7dcb5f3a50b932ebf350cfe2,b6d6f478ac36e37f7dcb5f3a50b932ebf350cfe2,21944.0,24637.0,2693.0,2693.0,0,0,-7.0
source_scope_difference_or_mixed,treatment,TextGeneratorio/text-generator.io,2024-01,technical_debt,exact_match,ncloc_different,92c3ebc388615849a39db668be9b52a8faf8e30f,92c3ebc388615849a39db668be9b52a8faf8e30f,21904.0,24597.0,2693.0,2693.0,0,0,-14.0
source_scope_difference_or_mixed,treatment,yeagerai/genlayer-studio,2024-10,ncloc,exact_match,ncloc_different,19cc640fc1371364503e01c17750c3f29b54c0ac,19cc640fc1371364503e01c17750c3f29b54c0ac,15724.0,18342.0,2618.0,2618.0,0,0,-5.0
source_scope_difference_or_mixed,treatment,TextGeneratorio/text-generator.io,2024-11,technical_debt,exact_match,ncloc_different,e451574cd387d39aa8d1bab1cbe9d03a4131973d,e451574cd387d39aa8d1bab1cbe9d03a4131973d,19776.0,22373.0,2597.0,2597.0,0,0,-4.0
source_scope_difference_or_mixed,treatment,TextGeneratorio/text-generator.io,2024-12,ncloc,exact_match,ncloc_different,48e7be432b6e66beba9d471b9c5e3484de33eb3f,48e7be432b6e66beba9d471b9c5e3484de33eb3f,61662.0,59067.0,-2595.0,2595.0,0,0,-3.0
source_scope_difference_or_mixed,treatment,TextGeneratorio/text-generator.io,2024-11,ncloc,exact_match,ncloc_different,e451574cd387d39aa8d1bab1cbe9d03a4131973d,e451574cd387d39aa8d1bab1cbe9d03a4131973d,61667.0,59072.0,-2595.0,2595.0,0,0,-4.0
source_scope_difference_or_mixed,treatment,TextGeneratorio/text-generator.io,2025-05,ncloc,exact_match,ncloc_different,53455c86af4bf5e404a847de09f1c8b9e654d801,53455c86af4bf5e404a847de09f1c8b9e654d801,65058.0,62463.0,-2595.0,2595.0,1,1,2.0
source_scope_difference_or_mixed,treatment,TextGeneratorio/text-generator.io,2025-06,ncloc,exact_match,ncloc_different,1eafa44b407969edcac558b3f8cf0c4f39ba52ae,1eafa44b407969edcac558b3f8cf0c4f39ba52ae,64476.0,61881.0,-2595.0,2595.0,1,1,3.0
source_scope_difference_or_mixed,treatment,TextGeneratorio/text-generator.io,2025-03,ncloc,exact_match,ncloc_different,f330b4fd8064ea499385da03f3fc6c297916b674,f330b4fd8064ea499385da03f3fc6c297916b674,62499.0,59904.0,-2595.0,2595.0,1,1,0.0
source_scope_difference_or_mixed,treatment,TextGeneratorio/text-generator.io,2025-04,ncloc,exact_match,ncloc_different,5ed2b4008e2a49c4dad48dad07ef982849fc5fca,5ed2b4008e2a49c4dad48dad07ef982849fc5fca,66233.0,63638.0,-2595.0,2595.0,1,1,1.0
source_scope_difference_or_mixed,treatment,TextGeneratorio/text-generator.io,2024-07,ncloc,exact_match,ncloc_different,eaabbefacf47cf51ba7c231df42fff37100c13c6,eaabbefacf47cf51ba7c231df42fff37100c13c6,78148.0,75553.0,-2595.0,2595.0,0,0,-8.0
source_scope_difference_or_mixed,treatment,TextGeneratorio/text-generator.io,2025-02,ncloc,exact_match,ncloc_different,931cde358016941d35169d0a361dde98ff36320a,931cde358016941d35169d0a361dde98ff36320a,62498.0,59903.0,-2595.0,2595.0,0,0,-1.0
source_scope_difference_or_mixed,treatment,TextGeneratorio/text-generator.io,2024-01,ncloc,exact_match,ncloc_different,92c3ebc388615849a39db668be9b52a8faf8e30f,92c3ebc388615849a39db668be9b52a8faf8e30f,78124.0,75529.0,-2595.0,2595.0,0,0,-14.0
source_scope_difference_or_mixed,treatment,TextGeneratorio/text-generator.io,2025-01,ncloc,exact_match,ncloc_different,41b2e647d9ca45d0987290bf299ce7e303ac415a,41b2e647d9ca45d0987290bf299ce7e303ac415a,62492.0,59897.0,-2595.0,2595.0,0,0,-2.0
source_scope_difference_or_mixed,treatment,TextGeneratorio/text-generator.io,2024-02,ncloc,exact_match,ncloc_different,5644053e2ab8c2c1d2107a0a825d1c0f0bb5c088,5644053e2ab8c2c1d2107a0a825d1c0f0bb5c088,78124.0,75529.0,-2595.0,2595.0,0,0,-13.0
source_scope_difference_or_mixed,treatment,TextGeneratorio/text-generator.io,2024-08,ncloc,exact_match,ncloc_different,b6d6f478ac36e37f7dcb5f3a50b932ebf350cfe2,b6d6f478ac36e37f7dcb5f3a50b932ebf350cfe2,78457.0,75862.0,-2595.0,2595.0,0,0,-7.0
source_scope_difference_or_mixed,treatment,TextGeneratorio/text-generator.io,2024-05,ncloc,exact_match,ncloc_different,0892be29955c6d268f45b5545a9091cef7372348,0892be29955c6d268f45b5545a9091cef7372348,78148.0,75553.0,-2595.0,2595.0,0,0,-10.0
source_scope_difference_or_mixed,treatment,TextGeneratorio/text-generator.io,2024-12,technical_debt,exact_match,ncloc_different,48e7be432b6e66beba9d471b9c5e3484de33eb3f,48e7be432b6e66beba9d471b9c5e3484de33eb3f,19796.0,22388.0,2592.0,2592.0,0,0,-3.0
source_scope_difference_or_mixed,treatment,TextGeneratorio/text-generator.io,2025-02,technical_debt,exact_match,ncloc_different,931cde358016941d35169d0a361dde98ff36320a,931cde358016941d35169d0a361dde98ff36320a,19900.0,22492.0,2592.0,2592.0,0,0,-1.0
source_scope_difference_or_mixed,treatment,TextGeneratorio/text-generator.io,2025-01,technical_debt,exact_match,ncloc_different,41b2e647d9ca45d0987290bf299ce7e303ac415a,41b2e647d9ca45d0987290bf299ce7e303ac415a,19900.0,22492.0,2592.0,2592.0,0,0,-2.0
source_scope_difference_or_mixed,treatment,TextGeneratorio/text-generator.io,2025-03,technical_debt,exact_match,ncloc_different,f330b4fd8064ea499385da03f3fc6c297916b674,f330b4fd8064ea499385da03f3fc6c297916b674,19900.0,22492.0,2592.0,2592.0,1,1,0.0
source_scope_difference_or_mixed,treatment,TextGeneratorio/text-generator.io,2025-08,ncloc,exact_match,ncloc_different,95ff0e2fb3cbafd6c6037e2ea559ed6fdb549b35,95ff0e2fb3cbafd6c6037e2ea559ed6fdb549b35,72672.0,70085.0,-2587.0,2587.0,1,1,5.0
source_scope_difference_or_mixed,treatment,TextGeneratorio/text-generator.io,2025-07,ncloc,exact_match,ncloc_different,3920d146d45c6c226f4321c9105a6076824d9aca,3920d146d45c6c226f4321c9105a6076824d9aca,71455.0,68868.0,-2587.0,2587.0,1,1,4.0
source_scope_difference_or_mixed,treatment,yeagerai/genlayer-studio,2024-09,ncloc,exact_match,ncloc_different,6a6b70aa73ac4126dc43c7ae25f9fde1f7796d54,6a6b70aa73ac4126dc43c7ae25f9fde1f7796d54,13299.0,15868.0,2569.0,2569.0,0,0,-6.0
source_scope_difference_or_mixed,treatment,airweave-ai/airweave,2025-04,technical_debt,exact_match,ncloc_close,786b96bdb9e59b7e08ae746c5c3a044b77ca5bd6,786b96bdb9e59b7e08ae746c5c3a044b77ca5bd6,2664.0,5232.0,2568.0,2568.0,1,1,1.0
source_scope_difference_or_mixed,treatment,getsentry/sentry,2025-07,technical_debt,exact_match,ncloc_close,71c2f5f3925610f3aa1871ace1c20f48eeff3db8,71c2f5f3925610f3aa1871ace1c20f48eeff3db8,240292.0,242848.0,2556.0,2556.0,1,1,5.0
commit_selection_difference,treatment,whiteducksoftware/flock,2025-08,ncloc,mismatch,,990a68cac2f293d51d8c8c666a5edc165cd69bbc,88b363080e95e8bdd87e32924216febb6cb5e4c7,30948.0,33463.0,2515.0,2515.0,1,1,5.0
source_scope_difference_or_mixed,treatment,ethyca/fides,2024-05,technical_debt,exact_match,ncloc_close,d50f5b3622c9058eee0c9aceb7f48463469afada,d50f5b3622c9058eee0c9aceb7f48463469afada,14472.0,11963.0,-2509.0,2509.0,0,0,-10.0
source_scope_difference_or_mixed,treatment,yeagerai/genlayer-studio,2025-04,technical_debt,exact_match,ncloc_different,ee19a3e79a40079f1fd8b52c6f52795b78bbb6e3,ee19a3e79a40079f1fd8b52c6f52795b78bbb6e3,1105.0,3603.0,2498.0,2498.0,1,1,1.0
rule_config_analyzer_profile_signal,treatment,Anemll/Anemll,2025-06,technical_debt,exact_match,ncloc_identical,b0ea623eaac791a0803849c4f35ef8357f98935b,b0ea623eaac791a0803849c4f35ef8357f98935b,3921.0,1490.0,-2431.0,2431.0,1,1,4.0
source_scope_difference_or_mixed,treatment,ethyca/fides,2024-04,technical_debt,exact_match,ncloc_close,c617f6804ae5f841bd61f65729c1186f3c95d5b8,c617f6804ae5f841bd61f65729c1186f3c95d5b8,13683.0,11254.0,-2429.0,2429.0,0,0,-11.0
source_scope_difference_or_mixed,control,HelpingAI/Webscout,2025-08,technical_debt,exact_match,ncloc_close,259c469b1785b81094ce71312991307ad5c14d58,259c469b1785b81094ce71312991307ad5c14d58,16539.0,18946.0,2407.0,2407.0,0,0,
source_scope_difference_or_mixed,control,HelpingAI/Webscout,2025-07,technical_debt,exact_match,ncloc_close,3c0f40c7caa64697c58cc209b70672171dd541a9,3c0f40c7caa64697c58cc209b70672171dd541a9,16827.0,19214.0,2387.0,2387.0,0,0,
source_scope_difference_or_mixed,treatment,PostHog/posthog,2025-01,technical_debt,exact_match,ncloc_different,1253d960c415d65583dac034353702ad74016da1,1253d960c415d65583dac034353702ad74016da1,61380.0,63748.0,2368.0,2368.0,0,0,-1.0
source_scope_difference_or_mixed,treatment,yeagerai/genlayer-studio,2025-07,technical_debt,exact_match,ncloc_different,128e60f694f4ff5c351198deba55db7d4d2d6e8c,128e60f694f4ff5c351198deba55db7d4d2d6e8c,1573.0,3903.0,2330.0,2330.0,1,1,4.0
commit_selection_difference,control,HelpingAI/Webscout,2025-04,technical_debt,mismatch,,0d37e47f31e81edaaf0083ee65e86d0291939692,e37241c7865adb0ad181fb6a1fd42fd7d29a8572,12395.0,14724.0,2329.0,2329.0,0,0,
source_scope_difference_or_mixed,treatment,airweave-ai/airweave,2025-03,technical_debt,exact_match,ncloc_different,8118371941d89abce9ca9f4a4df65e4caecc9b44,8118371941d89abce9ca9f4a4df65e4caecc9b44,1905.0,4228.0,2323.0,2323.0,1,1,0.0
source_scope_difference_or_mixed,treatment,getsentry/sentry,2025-08,technical_debt,exact_match,ncloc_close,b9dc9712a91c4dbf3cb1550254113c1599388e57,b9dc9712a91c4dbf3cb1550254113c1599388e57,233110.0,235420.0,2310.0,2310.0,1,1,6.0
source_scope_difference_or_mixed,treatment,yeagerai/genlayer-studio,2025-06,technical_debt,exact_match,ncloc_different,0ebe53c02e38e86cbf52545b4c1684d3faeb2607,0ebe53c02e38e86cbf52545b4c1684d3faeb2607,1494.0,3784.0,2290.0,2290.0,1,1,3.0
source_scope_difference_or_mixed,treatment,PostHog/posthog,2024-09,technical_debt,exact_match,ncloc_different,761c6ce0ab4db14ddede62cb61b6d6854dff7ea7,761c6ce0ab4db14ddede62cb61b6d6854dff7ea7,52474.0,50190.0,-2284.0,2284.0,0,0,-5.0
source_scope_difference_or_mixed,treatment,PostHog/posthog,2025-03,cognitive_complexity,exact_match,ncloc_different,ecdaddcfaf15967165806e2cd4f9bc0cfb40f0e1,ecdaddcfaf15967165806e2cd4f9bc0cfb40f0e1,69652.0,71936.0,2284.0,2284.0,1,1,1.0
source_scope_difference_or_mixed,treatment,yeagerai/genlayer-studio,2025-08,technical_debt,exact_match,ncloc_different,116ca5fc5f7fffe83843572c0897d381dc36ebfb,116ca5fc5f7fffe83843572c0897d381dc36ebfb,1660.0,3942.0,2282.0,2282.0,1,1,5.0
source_scope_difference_or_mixed,treatment,PostHog/posthog,2025-04,static_analysis_warnings,exact_match,ncloc_different,08f147eb9879e899fb7939f4b9413c86164ba7f9,08f147eb9879e899fb7939f4b9413c86164ba7f9,11374.0,13652.0,2278.0,2278.0,1,1,2.0
source_scope_difference_or_mixed,control,HelpingAI/Webscout,2025-06,technical_debt,exact_match,ncloc_close,e3ea673b30db1067ffcd26fd13362697f4ef56f7,e3ea673b30db1067ffcd26fd13362697f4ef56f7,17467.0,19724.0,2257.0,2257.0,0,0,
source_scope_difference_or_mixed,treatment,getsentry/sentry,2025-02,code_smells,exact_match,ncloc_close,c4502d06cff34abeb8f58810743fb907ee914348,c4502d06cff34abeb8f58810743fb907ee914348,15845.0,18091.0,2246.0,2246.0,1,1,0.0
source_scope_difference_or_mixed,treatment,yeagerai/genlayer-studio,2025-05,technical_debt,exact_match,ncloc_different,015258ffda52c268c43ebf7adb29fcdc18a41fd2,015258ffda52c268c43ebf7adb29fcdc18a41fd2,1443.0,3676.0,2233.0,2233.0,1,1,2.0
source_scope_difference_or_mixed,treatment,PostHog/posthog,2025-04,code_smells,exact_match,ncloc_different,08f147eb9879e899fb7939f4b9413c86164ba7f9,08f147eb9879e899fb7939f4b9413c86164ba7f9,11012.0,13226.0,2214.0,2214.0,1,1,2.0
source_scope_difference_or_mixed,treatment,zauberzeug/nicegui,2024-11,bugs,exact_match,ncloc_close,25a633450d1223dcc8f1ad59d260d2e844b5519d,25a633450d1223dcc8f1ad59d260d2e844b5519d,4466.0,2276.0,-2190.0,2190.0,0,0,-4.0
source_scope_difference_or_mixed,treatment,zauberzeug/nicegui,2025-01,bugs,exact_match,ncloc_close,7a540bf3dded6f1e58d32bf21a97d9a5c013afc1,7a540bf3dded6f1e58d32bf21a97d9a5c013afc1,4466.0,2278.0,-2188.0,2188.0,0,0,-2.0
source_scope_difference_or_mixed,treatment,zauberzeug/nicegui,2025-03,bugs,exact_match,ncloc_close,745167c81c219beda5ebaf850dfb7a3e772f96ac,745167c81c219beda5ebaf850dfb7a3e772f96ac,4466.0,2278.0,-2188.0,2188.0,1,1,0.0
source_scope_difference_or_mixed,treatment,zauberzeug/nicegui,2024-12,bugs,exact_match,ncloc_close,343dc0da8de0cf2f645cf8b5d76f5b439cb817f3,343dc0da8de0cf2f645cf8b5d76f5b439cb817f3,4466.0,2278.0,-2188.0,2188.0,0,0,-3.0
source_scope_difference_or_mixed,treatment,zauberzeug/nicegui,2025-02,bugs,exact_match,ncloc_close,b71074ef73498f532234a837ea04a08ffbf4e804,b71074ef73498f532234a837ea04a08ffbf4e804,4466.0,2278.0,-2188.0,2188.0,0,0,-1.0
rule_config_analyzer_profile_signal,treatment,keephq/keep,2024-07,technical_debt,exact_match,ncloc_identical,bd626be9f9760d7665d906f637467f8b811175d3,bd626be9f9760d7665d906f637467f8b811175d3,7927.0,10110.0,2183.0,2183.0,0,0,-8.0
source_scope_difference_or_mixed,control,VirtualFlow/VFVS,2024-01,cognitive_complexity,exact_match,ncloc_different,408299a0f106a08fa1792c63b3699453329cc2d6,408299a0f106a08fa1792c63b3699453329cc2d6,2524.0,344.0,-2180.0,2180.0,0,0,
source_scope_difference_or_mixed,treatment,keephq/keep,2024-08,technical_debt,exact_match,ncloc_close,eb1ead38d602eb0db889e19e7023e5947c44b4ac,eb1ead38d602eb0db889e19e7023e5947c44b4ac,8255.0,10407.0,2152.0,2152.0,0,0,-7.0
source_scope_difference_or_mixed,treatment,zauberzeug/nicegui,2025-08,bugs,exact_match,ncloc_close,47a9542199eda065b82bfefe2f159323621d3d38,47a9542199eda065b82bfefe2f159323621d3d38,2688.0,601.0,-2087.0,2087.0,1,1,5.0
source_scope_difference_or_mixed,treatment,zauberzeug/nicegui,2025-05,bugs,exact_match,ncloc_close,947772d66c6d108a7d12fe65b8b76f6110f7d20e,947772d66c6d108a7d12fe65b8b76f6110f7d20e,2688.0,602.0,-2086.0,2086.0,1,1,2.0
source_scope_difference_or_mixed,treatment,zauberzeug/nicegui,2025-06,bugs,exact_match,ncloc_close,b3ea0df4e3b73a6e9e8f8fa57b8c052deb8f3694,b3ea0df4e3b73a6e9e8f8fa57b8c052deb8f3694,2688.0,602.0,-2086.0,2086.0,1,1,3.0
source_scope_difference_or_mixed,treatment,zauberzeug/nicegui,2025-07,bugs,exact_match,ncloc_close,30a70325d55e110b87a6279664e6b7987ceb2067,30a70325d55e110b87a6279664e6b7987ceb2067,2688.0,602.0,-2086.0,2086.0,1,1,4.0
source_scope_difference_or_mixed,treatment,zauberzeug/nicegui,2025-05,static_analysis_warnings,exact_match,ncloc_close,947772d66c6d108a7d12fe65b8b76f6110f7d20e,947772d66c6d108a7d12fe65b8b76f6110f7d20e,23403.0,25429.0,2026.0,2026.0,1,1,2.0
source_scope_difference_or_mixed,treatment,zauberzeug/nicegui,2025-07,static_analysis_warnings,exact_match,ncloc_close,30a70325d55e110b87a6279664e6b7987ceb2067,30a70325d55e110b87a6279664e6b7987ceb2067,23421.0,25445.0,2024.0,2024.0,1,1,4.0
source_scope_difference_or_mixed,treatment,zauberzeug/nicegui,2025-08,static_analysis_warnings,exact_match,ncloc_close,47a9542199eda065b82bfefe2f159323621d3d38,47a9542199eda065b82bfefe2f159323621d3d38,23423.0,25446.0,2023.0,2023.0,1,1,5.0
source_scope_difference_or_mixed,treatment,zauberzeug/nicegui,2025-06,static_analysis_warnings,exact_match,ncloc_close,b3ea0df4e3b73a6e9e8f8fa57b8c052deb8f3694,b3ea0df4e3b73a6e9e8f8fa57b8c052deb8f3694,23405.0,25428.0,2023.0,2023.0,1,1,3.0
source_scope_difference_or_mixed,treatment,ethyca/fides,2024-03,technical_debt,exact_match,ncloc_close,321e9d4355a51a88bffdb51a20d85974e192f04d,321e9d4355a51a88bffdb51a20d85974e192f04d,12970.0,11032.0,-1938.0,1938.0,0,0,-12.0
source_scope_difference_or_mixed,treatment,keephq/keep,2024-04,technical_debt,exact_match,ncloc_close,0dcfac86313597fd3eb6bc0aa7233bd35a0b5338,0dcfac86313597fd3eb6bc0aa7233bd35a0b5338,6354.0,8284.0,1930.0,1930.0,0,0,-11.0
source_scope_difference_or_mixed,control,golemfoundation/octant,2025-03,ncloc,exact_match,ncloc_different,35ca8290646f0441f9854fc1b931d9346f1b4852,35ca8290646f0441f9854fc1b931d9346f1b4852,86850.0,88777.0,1927.0,1927.0,0,0,
source_scope_difference_or_mixed,treatment,airweave-ai/airweave,2025-02,technical_debt,exact_match,ncloc_close,f42640c7a7cd6d4a23fce55271368d13763610ec,f42640c7a7cd6d4a23fce55271368d13763610ec,1436.0,3360.0,1924.0,1924.0,0,0,-1.0
rule_config_analyzer_profile_signal,treatment,keephq/keep,2024-05,technical_debt,exact_match,ncloc_identical,23e20189f22444f91b33f89339fe438bc08c9a16,23e20189f22444f91b33f89339fe438bc08c9a16,6535.0,8442.0,1907.0,1907.0,0,0,-10.0
source_scope_difference_or_mixed,control,HelpingAI/Webscout,2025-05,technical_debt,exact_match,ncloc_close,44f4fd7a04771e30dac59705566949b590386208,44f4fd7a04771e30dac59705566949b590386208,15562.0,17449.0,1887.0,1887.0,0,0,
source_scope_difference_or_mixed,treatment,ethyca/fides,2024-12,technical_debt,exact_match,ncloc_close,f77633e33a7b3e77e127caedfbd5d4c0256590c5,f77633e33a7b3e77e127caedfbd5d4c0256590c5,16186.0,14303.0,-1883.0,1883.0,0,0,-3.0
source_scope_difference_or_mixed,treatment,PostHog/posthog,2025-05,static_analysis_warnings,exact_match,ncloc_different,fa2cab6b204f2efeabb5c5bbc1d35ff23c91ec8b,fa2cab6b204f2efeabb5c5bbc1d35ff23c91ec8b,12392.0,14272.0,1880.0,1880.0,1,1,3.0
rule_config_analyzer_profile_signal,control,PennyLaneAI/catalyst,2025-08,technical_debt,exact_match,ncloc_identical,0150699ff9adda89142bf65e2600619d61f6d55a,0150699ff9adda89142bf65e2600619d61f6d55a,3447.0,1599.0,-1848.0,1848.0,0,0,
source_scope_difference_or_mixed,treatment,PostHog/posthog,2025-02,cognitive_complexity,exact_match,ncloc_different,e6cdfed56138f74a1e8bcac05f60036d96ab9a6a,e6cdfed56138f74a1e8bcac05f60036d96ab9a6a,65955.0,67802.0,1847.0,1847.0,1,1,0.0
source_scope_difference_or_mixed,treatment,PostHog/posthog,2025-05,code_smells,exact_match,ncloc_different,fa2cab6b204f2efeabb5c5bbc1d35ff23c91ec8b,fa2cab6b204f2efeabb5c5bbc1d35ff23c91ec8b,11978.0,13825.0,1847.0,1847.0,1,1,3.0
rule_config_analyzer_profile_signal,treatment,keephq/keep,2024-06,technical_debt,exact_match,ncloc_identical,e6ce080de41cd5e218eff5357b00f6ebdbb5b757,e6ce080de41cd5e218eff5357b00f6ebdbb5b757,7013.0,8855.0,1842.0,1842.0,0,0,-9.0
source_scope_difference_or_mixed,treatment,getsentry/sentry,2025-02,static_analysis_warnings,exact_match,ncloc_close,c4502d06cff34abeb8f58810743fb907ee914348,c4502d06cff34abeb8f58810743fb907ee914348,16665.0,18500.0,1835.0,1835.0,1,1,0.0
source_scope_difference_or_mixed,treatment,ethyca/fides,2025-01,technical_debt,exact_match,ncloc_close,c4d69ccb55793e152b0e29c7288dfd342176466f,c4d69ccb55793e152b0e29c7288dfd342176466f,16262.0,14447.0,-1815.0,1815.0,0,0,-2.0
source_scope_difference_or_mixed,treatment,PostHog/posthog,2024-10,technical_debt,exact_match,ncloc_different,12ff477551dfc5a197aca3006e14e4193183dbd8,12ff477551dfc5a197aca3006e14e4193183dbd8,53472.0,51661.0,-1811.0,1811.0,0,0,-4.0
commit_selection_difference,control,PennyLaneAI/catalyst,2025-07,technical_debt,mismatch,,0aa4fab8450c1c8f0d5baeeb48b8cef919b155f5,4f4b01a142d5224279c4d0fcd6b944fcc80b343b,3398.0,1612.0,-1786.0,1786.0,0,0,
rule_config_analyzer_profile_signal,control,PennyLaneAI/catalyst,2025-06,technical_debt,exact_match,ncloc_identical,f43af48a983a734ca863a04362b99176d506bcb8,f43af48a983a734ca863a04362b99176d506bcb8,3381.0,1614.0,-1767.0,1767.0,0,0,
source_scope_difference_or_mixed,treatment,keephq/keep,2024-03,technical_debt,exact_match,ncloc_close,d25b4706e1d27184c587c326b77a4ea126cbb3e0,d25b4706e1d27184c587c326b77a4ea126cbb3e0,5278.0,7042.0,1764.0,1764.0,0,0,-12.0
source_scope_difference_or_mixed,treatment,ethyca/fides,2024-11,technical_debt,exact_match,ncloc_close,f1865030d52eabe84e650a576c9f0449d24d90a3,f1865030d52eabe84e650a576c9f0449d24d90a3,15958.0,14202.0,-1756.0,1756.0,0,0,-4.0
source_scope_difference_or_mixed,treatment,ethyca/fides,2024-10,technical_debt,exact_match,ncloc_close,d60ec78344f18bd0118e088612f496f4e816386c,d60ec78344f18bd0118e088612f496f4e816386c,15884.0,14140.0,-1744.0,1744.0,0,0,-5.0
source_scope_difference_or_mixed,treatment,PostHog/posthog,2025-03,static_analysis_warnings,exact_match,ncloc_different,ecdaddcfaf15967165806e2cd4f9bc0cfb40f0e1,ecdaddcfaf15967165806e2cd4f9bc0cfb40f0e1,11359.0,13094.0,1735.0,1735.0,1,1,1.0
source_scope_difference_or_mixed,treatment,zauberzeug/nicegui,2024-03,bugs,exact_match,ncloc_close,fff7b27eea91bf2b3d3f3080f0919c3ac62978b8,fff7b27eea91bf2b3d3f3080f0919c3ac62978b8,2204.0,472.0,-1732.0,1732.0,0,0,-12.0
source_scope_difference_or_mixed,treatment,zauberzeug/nicegui,2024-05,bugs,exact_match,ncloc_close,92a0cf0fdaee28ffba8329483e55f2a5d5c529fe,92a0cf0fdaee28ffba8329483e55f2a5d5c529fe,2205.0,473.0,-1732.0,1732.0,0,0,-10.0
commit_selection_difference,treatment,zauberzeug/nicegui,2024-02,bugs,mismatch,,38fcfe13fd8e5b297a8cb12aa357f94ad3d84eda,4a0c1c874fc3b56c4f2dc400a4367a71df5a66fe,2204.0,472.0,-1732.0,1732.0,0,0,-13.0
source_scope_difference_or_mixed,treatment,zauberzeug/nicegui,2024-04,bugs,exact_match,ncloc_close,1bce2bad367d5baf842badb51a0d78c8543a49ef,1bce2bad367d5baf842badb51a0d78c8543a49ef,2205.0,473.0,-1732.0,1732.0,0,0,-11.0
source_scope_difference_or_mixed,treatment,zauberzeug/nicegui,2024-07,bugs,exact_match,ncloc_close,b0bc2078fb1e70607879d82ce96e3a488bc41f69,b0bc2078fb1e70607879d82ce96e3a488bc41f69,2206.0,474.0,-1732.0,1732.0,0,0,-8.0
source_scope_difference_or_mixed,treatment,zauberzeug/nicegui,2024-06,bugs,exact_match,ncloc_close,462af82d7027979fe68e7245b772c2c6cdbe7d94,462af82d7027979fe68e7245b772c2c6cdbe7d94,2206.0,474.0,-1732.0,1732.0,0,0,-9.0
source_scope_difference_or_mixed,treatment,zauberzeug/nicegui,2024-01,bugs,exact_match,ncloc_close,f4c57a962f8cc96085eb41860c1346da77228824,f4c57a962f8cc96085eb41860c1346da77228824,2203.0,471.0,-1732.0,1732.0,0,0,-14.0
source_scope_difference_or_mixed,treatment,PostHog/posthog,2025-03,code_smells,exact_match,ncloc_different,ecdaddcfaf15967165806e2cd4f9bc0cfb40f0e1,ecdaddcfaf15967165806e2cd4f9bc0cfb40f0e1,10997.0,12690.0,1693.0,1693.0,1,1,1.0
source_scope_difference_or_mixed,treatment,trycua/cua,2025-04,technical_debt,exact_match,ncloc_different,60bcb0716cfa720084faafb1d0c9b1f716a6945c,60bcb0716cfa720084faafb1d0c9b1f716a6945c,2650.0,4343.0,1693.0,1693.0,1,1,1.0
source_scope_difference_or_mixed,treatment,PostHog/posthog,2025-02,static_analysis_warnings,exact_match,ncloc_different,e6cdfed56138f74a1e8bcac05f60036d96ab9a6a,e6cdfed56138f74a1e8bcac05f60036d96ab9a6a,10999.0,12689.0,1690.0,1690.0,1,1,0.0
source_scope_difference_or_mixed,treatment,keephq/keep,2024-02,technical_debt,exact_match,ncloc_close,e9aca814ab111790ebadc672c582711f6d119ce5,e9aca814ab111790ebadc672c582711f6d119ce5,5485.0,7139.0,1654.0,1654.0,0,0,-13.0
source_scope_difference_or_mixed,treatment,PostHog/posthog,2025-02,code_smells,exact_match,ncloc_different,e6cdfed56138f74a1e8bcac05f60036d96ab9a6a,e6cdfed56138f74a1e8bcac05f60036d96ab9a6a,10641.0,12286.0,1645.0,1645.0,1,1,0.0
source_scope_difference_or_mixed,treatment,zauberzeug/nicegui,2024-07,static_analysis_warnings,exact_match,ncloc_close,b0bc2078fb1e70607879d82ce96e3a488bc41f69,b0bc2078fb1e70607879d82ce96e3a488bc41f69,21558.0,23199.0,1641.0,1641.0,0,0,-8.0
source_scope_difference_or_mixed,treatment,zauberzeug/nicegui,2024-06,static_analysis_warnings,exact_match,ncloc_close,462af82d7027979fe68e7245b772c2c6cdbe7d94,462af82d7027979fe68e7245b772c2c6cdbe7d94,21558.0,23196.0,1638.0,1638.0,0,0,-9.0
source_scope_difference_or_mixed,treatment,PostHog/posthog,2025-08,code_smells,exact_match,ncloc_different,79cf381322842888a721905c09490e85f98a5a2a,79cf381322842888a721905c09490e85f98a5a2a,13795.0,15432.0,1637.0,1637.0,1,1,6.0
source_scope_difference_or_mixed,treatment,DataDog/integrations-core,2024-01,ncloc,exact_match,ncloc_close,3f21b7bd08df0737cb477548d027a7a93f92f1ff,3f21b7bd08df0737cb477548d027a7a93f92f1ff,409310.0,407677.0,-1633.0,1633.0,0,0,-14.0
source_scope_difference_or_mixed,treatment,zauberzeug/nicegui,2024-05,static_analysis_warnings,exact_match,ncloc_close,92a0cf0fdaee28ffba8329483e55f2a5d5c529fe,92a0cf0fdaee28ffba8329483e55f2a5d5c529fe,21555.0,23188.0,1633.0,1633.0,0,0,-10.0
source_scope_difference_or_mixed,treatment,zauberzeug/nicegui,2024-04,static_analysis_warnings,exact_match,ncloc_close,1bce2bad367d5baf842badb51a0d78c8543a49ef,1bce2bad367d5baf842badb51a0d78c8543a49ef,21548.0,23178.0,1630.0,1630.0,0,0,-11.0
source_scope_difference_or_mixed,treatment,PostHog/posthog,2024-12,technical_debt,exact_match,ncloc_different,3aa25f3257f981db0b7e8b5411dc209b66c6f4c2,3aa25f3257f981db0b7e8b5411dc209b66c6f4c2,59108.0,60737.0,1629.0,1629.0,0,0,-2.0
source_scope_difference_or_mixed,treatment,zauberzeug/nicegui,2024-03,static_analysis_warnings,exact_match,ncloc_close,fff7b27eea91bf2b3d3f3080f0919c3ac62978b8,fff7b27eea91bf2b3d3f3080f0919c3ac62978b8,21545.0,23169.0,1624.0,1624.0,0,0,-12.0
source_scope_difference_or_mixed,treatment,PostHog/posthog,2025-08,static_analysis_warnings,exact_match,ncloc_different,79cf381322842888a721905c09490e85f98a5a2a,79cf381322842888a721905c09490e85f98a5a2a,14291.0,15909.0,1618.0,1618.0,1,1,6.0
rule_config_analyzer_profile_signal,control,PennyLaneAI/catalyst,2025-05,technical_debt,exact_match,ncloc_identical,06db0834814629bbac4bea9188101898cc4b0a91,06db0834814629bbac4bea9188101898cc4b0a91,3162.0,1561.0,-1601.0,1601.0,0,0,
source_scope_difference_or_mixed,treatment,getsentry/sentry,2024-01,code_smells,exact_match,ncloc_close,8073feb6eac31a856f6a389a1c289430b35e3589,8073feb6eac31a856f6a389a1c289430b35e3589,12963.0,14562.0,1599.0,1599.0,0,0,-13.0
commit_selection_difference,treatment,zauberzeug/nicegui,2024-02,static_analysis_warnings,mismatch,,38fcfe13fd8e5b297a8cb12aa357f94ad3d84eda,4a0c1c874fc3b56c4f2dc400a4367a71df5a66fe,21529.0,23120.0,1591.0,1591.0,0,0,-13.0
source_scope_difference_or_mixed,treatment,ethyca/fides,2024-09,technical_debt,exact_match,ncloc_close,a6510c126e548353bfa0c6dcde66796d998dcdad,a6510c126e548353bfa0c6dcde66796d998dcdad,15533.0,13942.0,-1591.0,1591.0,0,0,-6.0
source_scope_difference_or_mixed,treatment,PostHog/posthog,2025-01,static_analysis_warnings,exact_match,ncloc_different,1253d960c415d65583dac034353702ad74016da1,1253d960c415d65583dac034353702ad74016da1,10069.0,11651.0,1582.0,1582.0,0,0,-1.0
source_scope_difference_or_mixed,control,odoo/industry,2024-11,ncloc,exact_match,ncloc_different,44ed3fa0802163f13d2b23ca0fdc7f50df80d267,44ed3fa0802163f13d2b23ca0fdc7f50df80d267,85458.0,83880.0,-1578.0,1578.0,0,0,
source_scope_difference_or_mixed,treatment,samuelgursky/davinci-resolve-mcp,2025-04,technical_debt,exact_match,ncloc_different,19dc53236193de61f79facc731024a75d3c3be5c,19dc53236193de61f79facc731024a75d3c3be5c,2589.0,4165.0,1576.0,1576.0,1,1,1.0
source_scope_difference_or_mixed,treatment,samuelgursky/davinci-resolve-mcp,2025-03,technical_debt,exact_match,ncloc_different,f10b0f93aec15b5c92b2bed33a60270e100dc317,f10b0f93aec15b5c92b2bed33a60270e100dc317,2589.0,4165.0,1576.0,1576.0,1,1,0.0
source_scope_difference_or_mixed,treatment,PostHog/posthog,2025-01,cognitive_complexity,exact_match,ncloc_different,1253d960c415d65583dac034353702ad74016da1,1253d960c415d65583dac034353702ad74016da1,60692.0,62265.0,1573.0,1573.0,0,0,-1.0
source_scope_difference_or_mixed,control,PennyLaneAI/catalyst,2025-04,technical_debt,exact_match,ncloc_close,6b142ed845381abc56f14054aa2abaec7e34b6c7,6b142ed845381abc56f14054aa2abaec7e34b6c7,3116.0,1544.0,-1572.0,1572.0,0,0,
commit_selection_difference,treatment,PostHog/posthog,2025-07,static_analysis_warnings,mismatch,,0208352822068d8747214c905d729dff4ebe49f1,8e13bf3cbfe9684eb907f7ddf706aa9fae2099e0,13496.0,15066.0,1570.0,1570.0,1,1,5.0
commit_selection_difference,treatment,PostHog/posthog,2025-07,code_smells,mismatch,,0208352822068d8747214c905d729dff4ebe49f1,8e13bf3cbfe9684eb907f7ddf706aa9fae2099e0,13058.0,14625.0,1567.0,1567.0,1,1,5.0
source_scope_difference_or_mixed,treatment,KroMiose/nekro-agent,2025-07,technical_debt,exact_match,ncloc_close,4734ce73a8a08b2296d1c97ba431ac4dff468cb1,4734ce73a8a08b2296d1c97ba431ac4dff468cb1,5605.0,7169.0,1564.0,1564.0,1,1,6.0
source_scope_difference_or_mixed,treatment,getsentry/sentry,2025-06,code_smells,exact_match,ncloc_close,4f2be477198bf2814c6d6cd4b80ba19cbe386908,4f2be477198bf2814c6d6cd4b80ba19cbe386908,17537.0,19091.0,1554.0,1554.0,1,1,4.0
source_scope_difference_or_mixed,treatment,KroMiose/nekro-agent,2025-08,technical_debt,exact_match,ncloc_close,d4d687ca32e2906fbb219d3a1aa0018ae7554480,d4d687ca32e2906fbb219d3a1aa0018ae7554480,5652.0,7206.0,1554.0,1554.0,1,1,7.0
rule_config_analyzer_profile_signal,control,PennyLaneAI/catalyst,2025-03,technical_debt,exact_match,ncloc_identical,d5329df09ed618392f858c17160e1d7833a2588c,d5329df09ed618392f858c17160e1d7833a2588c,3046.0,1498.0,-1548.0,1548.0,0,0,
source_scope_difference_or_mixed,treatment,getsentry/sentry,2025-01,code_smells,exact_match,ncloc_close,d210118fce94310ef5858d51efe16ee26c995a48,d210118fce94310ef5858d51efe16ee26c995a48,15211.0,16757.0,1546.0,1546.0,0,0,-1.0
rule_config_analyzer_profile_signal,control,PennyLaneAI/catalyst,2025-02,technical_debt,exact_match,ncloc_identical,f4f4105451484b80b4fb3f71dc41ff395c188cce,f4f4105451484b80b4fb3f71dc41ff395c188cce,3018.0,1480.0,-1538.0,1538.0,0,0,
source_scope_difference_or_mixed,treatment,PostHog/posthog,2025-01,code_smells,exact_match,ncloc_different,1253d960c415d65583dac034353702ad74016da1,1253d960c415d65583dac034353702ad74016da1,9746.0,11278.0,1532.0,1532.0,0,0,-1.0
source_scope_difference_or_mixed,treatment,PostHog/posthog,2025-06,static_analysis_warnings,exact_match,ncloc_different,bf87ddcb0e02027bb8c1e7a1aa2e03f0c4312e90,bf87ddcb0e02027bb8c1e7a1aa2e03f0c4312e90,13064.0,14584.0,1520.0,1520.0,1,1,4.0
source_scope_difference_or_mixed,treatment,getsentry/sentry,2024-05,code_smells,exact_match,ncloc_close,0d270ad1c8532bb133772a03e166dca23a3a08ad,0d270ad1c8532bb133772a03e166dca23a3a08ad,14245.0,15763.0,1518.0,1518.0,0,0,-9.0
source_scope_difference_or_mixed,treatment,getsentry/sentry,2024-09,code_smells,exact_match,ncloc_close,6c6024b9d8999b88166c60580a677d809252fc04,6c6024b9d8999b88166c60580a677d809252fc04,15125.0,16642.0,1517.0,1517.0,0,0,-5.0
rule_config_analyzer_profile_signal,control,aio-libs/aiohttp,2024-02,technical_debt,exact_match,ncloc_identical,a75ed655d7200102bb0129445469a6f5b6fc7f45,a75ed655d7200102bb0129445469a6f5b6fc7f45,4346.0,2836.0,-1510.0,1510.0,0,0,
source_scope_difference_or_mixed,treatment,getsentry/sentry,2024-12,code_smells,exact_match,ncloc_close,707f353d2d1933fbf951478c414838f9e5956b38,707f353d2d1933fbf951478c414838f9e5956b38,15179.0,16687.0,1508.0,1508.0,0,0,-2.0
source_scope_difference_or_mixed,treatment,getsentry/sentry,2024-04,code_smells,exact_match,ncloc_close,d9935228ed25a087426c4665bb98358bb1e4c580,d9935228ed25a087426c4665bb98358bb1e4c580,13317.0,14825.0,1508.0,1508.0,0,0,-10.0
rule_config_analyzer_profile_signal,control,PennyLaneAI/catalyst,2025-01,technical_debt,exact_match,ncloc_identical,d7391b2a18820e80af59095204f668f1758e2278,d7391b2a18820e80af59095204f668f1758e2278,2972.0,1465.0,-1507.0,1507.0,0,0,
source_scope_difference_or_mixed,treatment,zauberzeug/nicegui,2024-01,static_analysis_warnings,exact_match,ncloc_close,f4c57a962f8cc96085eb41860c1346da77228824,f4c57a962f8cc96085eb41860c1346da77228824,21438.0,22943.0,1505.0,1505.0,0,0,-14.0
source_scope_difference_or_mixed,treatment,getsentry/sentry,2024-08,code_smells,exact_match,ncloc_close,14b776d65b324705fca7edfd2c88a748429d54e3,14b776d65b324705fca7edfd2c88a748429d54e3,14939.0,16434.0,1495.0,1495.0,0,0,-6.0
rule_config_analyzer_profile_signal,control,aio-libs/aiohttp,2024-09,technical_debt,exact_match,ncloc_identical,22a12cc2e2ef289d9e96fd87dfc17272177e52ac,22a12cc2e2ef289d9e96fd87dfc17272177e52ac,4400.0,2906.0,-1494.0,1494.0,0,0,
source_scope_difference_or_mixed,treatment,PostHog/posthog,2025-06,code_smells,exact_match,ncloc_different,bf87ddcb0e02027bb8c1e7a1aa2e03f0c4312e90,bf87ddcb0e02027bb8c1e7a1aa2e03f0c4312e90,12657.0,14151.0,1494.0,1494.0,1,1,4.0
source_scope_difference_or_mixed,treatment,airweave-ai/airweave,2025-01,technical_debt,exact_match,ncloc_close,79c544bac704cc5b2d0f229a0868fe91339e50fe,79c544bac704cc5b2d0f229a0868fe91339e50fe,1075.0,2561.0,1486.0,1486.0,0,0,-2.0
source_scope_difference_or_mixed,control,lancedb/lancedb,2025-07,technical_debt,exact_match,ncloc_different,c7afa724ddf1a3a5ff0633edc75c93570b9a5689,c7afa724ddf1a3a5ff0633edc75c93570b9a5689,2200.0,3683.0,1483.0,1483.0,0,0,
rule_config_analyzer_profile_signal,control,aio-libs/aiohttp,2024-03,technical_debt,exact_match,ncloc_identical,1542348fb93fabac142833d267c22210644c0b5e,1542348fb93fabac142833d267c22210644c0b5e,4152.0,2671.0,-1481.0,1481.0,0,0,
rule_config_analyzer_profile_signal,control,aio-libs/aiohttp,2024-04,technical_debt,exact_match,ncloc_identical,c215e56dc175e9da545e73b00531f743833e0de8,c215e56dc175e9da545e73b00531f743833e0de8,4320.0,2839.0,-1481.0,1481.0,0,0,
source_scope_difference_or_mixed,control,PennyLaneAI/catalyst,2024-11,technical_debt,exact_match,ncloc_close,61c06b1ba294325392f65f93ab7b9292e9fe1800,61c06b1ba294325392f65f93ab7b9292e9fe1800,2940.0,1459.0,-1481.0,1481.0,0,0,
source_scope_difference_or_mixed,treatment,getsentry/sentry,2024-10,code_smells,exact_match,ncloc_close,ad46b361e2e960136b68f1647b936af1b3f6752a,ad46b361e2e960136b68f1647b936af1b3f6752a,15219.0,16698.0,1479.0,1479.0,0,0,-4.0
source_scope_difference_or_mixed,treatment,PostHog/posthog,2024-12,cognitive_complexity,exact_match,ncloc_different,3aa25f3257f981db0b7e8b5411dc209b66c6f4c2,3aa25f3257f981db0b7e8b5411dc209b66c6f4c2,57995.0,59474.0,1479.0,1479.0,0,0,-2.0
rule_config_analyzer_profile_signal,control,aio-libs/aiohttp,2024-05,technical_debt,exact_match,ncloc_identical,25e3e41ad0012381f214886ff437b924a4fda2f2,25e3e41ad0012381f214886ff437b924a4fda2f2,4320.0,2844.0,-1476.0,1476.0,0,0,
rule_config_analyzer_profile_signal,control,aio-libs/aiohttp,2024-06,technical_debt,exact_match,ncloc_identical,10e3940aff0945180b71193a45cedf927b4d448d,10e3940aff0945180b71193a45cedf927b4d448d,4320.0,2844.0,-1476.0,1476.0,0,0,
source_scope_difference_or_mixed,control,PennyLaneAI/catalyst,2024-09,technical_debt,exact_match,ncloc_close,50635c76e940677a89e4055307c9eb1083a36600,50635c76e940677a89e4055307c9eb1083a36600,2974.0,1498.0,-1476.0,1476.0,0,0,
source_scope_difference_or_mixed,treatment,keephq/keep,2024-01,technical_debt,exact_match,ncloc_close,ce4a9609fb7ec489659278675998594e47c6e183,ce4a9609fb7ec489659278675998594e47c6e183,5136.0,6608.0,1472.0,1472.0,0,0,-14.0
source_scope_difference_or_mixed,control,PennyLaneAI/catalyst,2024-10,technical_debt,exact_match,ncloc_close,0e1c24d7ef626f18800978df9cd34e5177da042d,0e1c24d7ef626f18800978df9cd34e5177da042d,2989.0,1518.0,-1471.0,1471.0,0,0,
source_scope_difference_or_mixed,control,lancedb/lancedb,2024-12,technical_debt,exact_match,ncloc_different,92d845fa725cd044db1a10299046031c201febd0,92d845fa725cd044db1a10299046031c201febd0,1717.0,3186.0,1469.0,1469.0,0,0,
source_scope_difference_or_mixed,treatment,ethyca/fides,2024-02,technical_debt,exact_match,ncloc_close,14aad9bceaffc32d7da28a07841734d7099db990,14aad9bceaffc32d7da28a07841734d7099db990,12000.0,10534.0,-1466.0,1466.0,0,0,-13.0
commit_selection_difference,treatment,airweave-ai/airweave,2025-05,technical_debt,mismatch,,da043b3a7fcb7a7d5d4c0b0ece62a7871b3b98da,64e145627cd49b57ca5c17a3b3ab503da5b55f41,4378.0,5843.0,1465.0,1465.0,1,1,2.0
source_scope_difference_or_mixed,treatment,getsentry/sentry,2024-06,code_smells,exact_match,ncloc_close,27f0f976edf02d303fc16cab7a481e588be43e8e,27f0f976edf02d303fc16cab7a481e588be43e8e,14297.0,15760.0,1463.0,1463.0,0,0,-8.0
source_scope_difference_or_mixed,control,lancedb/lancedb,2024-11,technical_debt,exact_match,ncloc_different,83e26a231e487673ce6f92dc32e7fe7d8c6d16d0,83e26a231e487673ce6f92dc32e7fe7d8c6d16d0,1530.0,2993.0,1463.0,1463.0,0,0,
source_scope_difference_or_mixed,treatment,getsentry/sentry,2025-07,code_smells,exact_match,ncloc_close,71c2f5f3925610f3aa1871ace1c20f48eeff3db8,71c2f5f3925610f3aa1871ace1c20f48eeff3db8,25633.0,27094.0,1461.0,1461.0,1,1,5.0
rule_config_analyzer_profile_signal,control,PennyLaneAI/catalyst,2024-12,technical_debt,exact_match,ncloc_identical,4ab437d35491088597bb6f2e4261bab3c3cedc2b,4ab437d35491088597bb6f2e4261bab3c3cedc2b,3035.0,1576.0,-1459.0,1459.0,0,0,
source_scope_difference_or_mixed,treatment,getsentry/sentry,2024-11,code_smells,exact_match,ncloc_close,8e45680a887ec96c50c1f43fffe1ac8f2b6c54aa,8e45680a887ec96c50c1f43fffe1ac8f2b6c54aa,15273.0,16731.0,1458.0,1458.0,0,0,-3.0
source_scope_difference_or_mixed,treatment,getsentry/sentry,2024-07,code_smells,exact_match,ncloc_close,3efa8cf306b9650d8129ffeaca77601b833b1009,3efa8cf306b9650d8129ffeaca77601b833b1009,14608.0,16063.0,1455.0,1455.0,0,0,-7.0
rule_config_analyzer_profile_signal,control,aio-libs/aiohttp,2024-01,technical_debt,exact_match,ncloc_identical,fa2bb5d2594043ab7ebc6153f2c6ef3a728c328a,fa2bb5d2594043ab7ebc6153f2c6ef3a728c328a,4111.0,2660.0,-1451.0,1451.0,0,0,
source_scope_difference_or_mixed,treatment,PostHog/posthog,2024-11,cognitive_complexity,exact_match,ncloc_different,b4d51e3b746e6174a7d60c525ea22387f00dcafe,b4d51e3b746e6174a7d60c525ea22387f00dcafe,55625.0,57075.0,1450.0,1450.0,0,0,-3.0
paper_commit_missing,treatment,cgevans/qslib,2025-05,cognitive_complexity,paper_commit_missing,,,d02b38180d3a4f06775d13e613b0f382447d7c6b,1573.0,127.0,-1446.0,1446.0,1,1,3.0
source_scope_difference_or_mixed,control,lancedb/lancedb,2025-05,technical_debt,exact_match,ncloc_different,0525c055fcc6b25297084bdaddc072d206345df1,0525c055fcc6b25297084bdaddc072d206345df1,2155.0,3598.0,1443.0,1443.0,0,0,
source_scope_difference_or_mixed,control,lancedb/lancedb,2025-04,technical_debt,exact_match,ncloc_different,3cc670ac3860bb9990d89f61d9b1644b0e4c658f,3cc670ac3860bb9990d89f61d9b1644b0e4c658f,2143.0,3583.0,1440.0,1440.0,0,0,
source_scope_difference_or_mixed,treatment,KroMiose/nekro-agent,2025-06,technical_debt,exact_match,ncloc_close,6b4ea2a856abd9f496ccab2646ac42f7abf16854,6b4ea2a856abd9f496ccab2646ac42f7abf16854,5077.0,6516.0,1439.0,1439.0,1,1,5.0
source_scope_difference_or_mixed,control,lancedb/lancedb,2025-06,technical_debt,exact_match,ncloc_different,1dadb2aefa8c7e20098f8bdd4fad45383a8ebab7,1dadb2aefa8c7e20098f8bdd4fad45383a8ebab7,2193.0,3631.0,1438.0,1438.0,0,0,
source_scope_difference_or_mixed,treatment,getsentry/sentry,2025-08,code_smells,exact_match,ncloc_close,b9dc9712a91c4dbf3cb1550254113c1599388e57,b9dc9712a91c4dbf3cb1550254113c1599388e57,25151.0,26587.0,1436.0,1436.0,1,1,6.0
rule_config_analyzer_profile_signal,control,aio-libs/aiohttp,2024-08,technical_debt,exact_match,ncloc_identical,b73a4c170c64e2691331542d30133df3d54032c0,b73a4c170c64e2691331542d30133df3d54032c0,4360.0,2928.0,-1432.0,1432.0,0,0,
source_scope_difference_or_mixed,control,lancedb/lancedb,2024-10,technical_debt,exact_match,ncloc_different,f3fc339ef650517674a22995d81f9ae21e7bae5a,f3fc339ef650517674a22995d81f9ae21e7bae5a,1502.0,2923.0,1421.0,1421.0,0,0,
source_scope_difference_or_mixed,control,aio-libs/aiohttp,2025-03,technical_debt,exact_match,ncloc_close,d2d3621211348aecb3d568e634ba0abb016b6009,d2d3621211348aecb3d568e634ba0abb016b6009,4407.0,2995.0,-1412.0,1412.0,0,0,
source_scope_difference_or_mixed,control,lancedb/lancedb,2024-09,technical_debt,exact_match,ncloc_different,d6b505477886b48b4868a56481373e2a29a72fcd,d6b505477886b48b4868a56481373e2a29a72fcd,1502.0,2912.0,1410.0,1410.0,0,0,
source_scope_difference_or_mixed,treatment,ethyca/fides,2025-05,technical_debt,exact_match,ncloc_close,013705a19dd54de748b589460505f92f0b100cc9,013705a19dd54de748b589460505f92f0b100cc9,20571.0,19163.0,-1408.0,1408.0,1,1,2.0
source_scope_difference_or_mixed,control,aio-libs/aiohttp,2024-10,technical_debt,exact_match,ncloc_close,e86b72f663ab1918e588853bf5fe5f458f72dbf2,e86b72f663ab1918e588853bf5fe5f458f72dbf2,4413.0,3013.0,-1400.0,1400.0,0,0,
source_scope_difference_or_mixed,treatment,getsentry/sentry,2025-06,ncloc,exact_match,ncloc_close,4f2be477198bf2814c6d6cd4b80ba19cbe386908,4f2be477198bf2814c6d6cd4b80ba19cbe386908,1962140.0,1960740.0,-1400.0,1400.0,1,1,4.0
source_scope_difference_or_mixed,treatment,getsentry/sentry,2025-08,ncloc,exact_match,ncloc_close,b9dc9712a91c4dbf3cb1550254113c1599388e57,b9dc9712a91c4dbf3cb1550254113c1599388e57,2038867.0,2037467.0,-1400.0,1400.0,1,1,6.0
source_scope_difference_or_mixed,treatment,getsentry/sentry,2025-07,ncloc,exact_match,ncloc_close,71c2f5f3925610f3aa1871ace1c20f48eeff3db8,71c2f5f3925610f3aa1871ace1c20f48eeff3db8,2015026.0,2013626.0,-1400.0,1400.0,1,1,5.0
source_scope_difference_or_mixed,treatment,getsentry/sentry,2024-03,code_smells,exact_match,ncloc_close,b3f8ab3aea7eaabfd408314997f8c21c5707491f,b3f8ab3aea7eaabfd408314997f8c21c5707491f,12920.0,14319.0,1399.0,1399.0,0,0,-11.0
rule_config_analyzer_profile_signal,control,aio-libs/aiohttp,2024-07,technical_debt,exact_match,ncloc_identical,4c81115c0318aa2c7975cb92eeb8fcde9fc84f8f,4c81115c0318aa2c7975cb92eeb8fcde9fc84f8f,4326.0,2930.0,-1396.0,1396.0,0,0,
rule_config_analyzer_profile_signal,control,HelpingAI/Webscout,2025-03,technical_debt,exact_match,ncloc_identical,0d6ff18a9799de1f2bbe637431e363e4c49006e7,0d6ff18a9799de1f2bbe637431e363e4c49006e7,10026.0,11413.0,1387.0,1387.0,0,0,
source_scope_difference_or_mixed,control,aio-libs/aiohttp,2024-11,technical_debt,exact_match,ncloc_close,a37c4f28b7e3a4d19de283b36133abf9f4cb73cc,a37c4f28b7e3a4d19de283b36133abf9f4cb73cc,4387.0,3015.0,-1372.0,1372.0,0,0,
source_scope_difference_or_mixed,treatment,ethyca/fides,2024-01,technical_debt,exact_match,ncloc_close,5bf61d1a19d6e575a3e379f14311b4321cffe8f9,5bf61d1a19d6e575a3e379f14311b4321cffe8f9,11741.0,10378.0,-1363.0,1363.0,0,0,-14.0
source_scope_difference_or_mixed,control,aio-libs/aiohttp,2025-01,technical_debt,exact_match,ncloc_close,3ef5f00f4cb4b4f7b2d6080485b399207c6a525f,3ef5f00f4cb4b4f7b2d6080485b399207c6a525f,4357.0,3000.0,-1357.0,1357.0,0,0,
source_scope_difference_or_mixed,control,aio-libs/aiohttp,2024-12,technical_debt,exact_match,ncloc_close,b103bbca6b753e5b5357367cbaed10c7eade5a44,b103bbca6b753e5b5357367cbaed10c7eade5a44,4377.0,3025.0,-1352.0,1352.0,0,0,
source_scope_difference_or_mixed,control,lancedb/lancedb,2025-03,technical_debt,exact_match,ncloc_different,e59f9382a0de2f70b931373b29a11a27824bf639,e59f9382a0de2f70b931373b29a11a27824bf639,2120.0,3459.0,1339.0,1339.0,0,0,
source_scope_difference_or_mixed,control,aio-libs/aiohttp,2025-05,technical_debt,exact_match,ncloc_close,1710f059dd6c63fcac1efbfd041b1e1cdda9f474,1710f059dd6c63fcac1efbfd041b1e1cdda9f474,4657.0,3321.0,-1336.0,1336.0,0,0,
source_scope_difference_or_mixed,control,aio-libs/aiohttp,2025-06,technical_debt,exact_match,ncloc_close,84a2bf121836b29cdf8b2a9aa3308cb6dcc9fb35,84a2bf121836b29cdf8b2a9aa3308cb6dcc9fb35,4754.0,3423.0,-1331.0,1331.0,0,0,
source_scope_difference_or_mixed,treatment,samuelgursky/davinci-resolve-mcp,2025-04,cognitive_complexity,exact_match,ncloc_different,19dc53236193de61f79facc731024a75d3c3be5c,19dc53236193de61f79facc731024a75d3c3be5c,3043.0,4370.0,1327.0,1327.0,1,1,1.0
source_scope_difference_or_mixed,treatment,samuelgursky/davinci-resolve-mcp,2025-03,cognitive_complexity,exact_match,ncloc_different,f10b0f93aec15b5c92b2bed33a60270e100dc317,f10b0f93aec15b5c92b2bed33a60270e100dc317,3043.0,4370.0,1327.0,1327.0,1,1,0.0
source_scope_difference_or_mixed,control,lancedb/lancedb,2024-08,technical_debt,exact_match,ncloc_different,51966a84f582476566daf289589318e9cc2cd0a1,51966a84f582476566daf289589318e9cc2cd0a1,1484.0,2807.0,1323.0,1323.0,0,0,
source_scope_difference_or_mixed,treatment,ethyca/fides,2025-04,code_smells,exact_match,ncloc_different,e469857a142ed59acc3eb55ada6bd20ac94c1be5,e469857a142ed59acc3eb55ada6bd20ac94c1be5,2038.0,3353.0,1315.0,1315.0,1,1,1.0
source_scope_difference_or_mixed,control,lancedb/lancedb,2025-02,technical_debt,exact_match,ncloc_different,dfe4ba8dad580232e4450903a5d1b239b19f8173,dfe4ba8dad580232e4450903a5d1b239b19f8173,2088.0,3403.0,1315.0,1315.0,0,0,
source_scope_difference_or_mixed,treatment,getsentry/sentry,2024-01,static_analysis_warnings,exact_match,ncloc_close,8073feb6eac31a856f6a389a1c289430b35e3589,8073feb6eac31a856f6a389a1c289430b35e3589,13629.0,14940.0,1311.0,1311.0,0,0,-13.0
source_scope_difference_or_mixed,control,odoo/industry,2025-01,ncloc,exact_match,ncloc_different,283fd68724ac1ac1a2a8488549fe2321323729a8,283fd68724ac1ac1a2a8488549fe2321323729a8,86509.0,85200.0,-1309.0,1309.0,0,0,
source_scope_difference_or_mixed,treatment,getsentry/sentry,2024-02,code_smells,exact_match,ncloc_close,de6c3afad3e8eb67fe0f4cccc389f4374a87fea0,de6c3afad3e8eb67fe0f4cccc389f4374a87fea0,12876.0,14179.0,1303.0,1303.0,0,0,-12.0
source_scope_difference_or_mixed,treatment,PostHog/posthog,2024-10,cognitive_complexity,exact_match,ncloc_different,12ff477551dfc5a197aca3006e14e4193183dbd8,12ff477551dfc5a197aca3006e14e4193183dbd8,51579.0,52874.0,1295.0,1295.0,0,0,-4.0
source_scope_difference_or_mixed,control,PennyLaneAI/catalyst,2024-08,technical_debt,exact_match,ncloc_close,00e67fd1a70931be2b7175bd200269561d6ec6f7,00e67fd1a70931be2b7175bd200269561d6ec6f7,2724.0,1439.0,-1285.0,1285.0,0,0,
paper_commit_missing,treatment,cgevans/qslib,2025-05,technical_debt,paper_commit_missing,,,d02b38180d3a4f06775d13e613b0f382447d7c6b,1273.0,6.0,-1267.0,1267.0,1,1,3.0
source_scope_difference_or_mixed,treatment,PostHog/posthog,2024-11,technical_debt,exact_match,ncloc_different,b4d51e3b746e6174a7d60c525ea22387f00dcafe,b4d51e3b746e6174a7d60c525ea22387f00dcafe,56949.0,58215.0,1266.0,1266.0,0,0,-3.0
source_scope_difference_or_mixed,treatment,LearningCircuit/local-deep-research,2025-04,technical_debt,exact_match,ncloc_close,3c52fac5a154ac340d8e9bc9180fd916540d070b,3c52fac5a154ac340d8e9bc9180fd916540d070b,2470.0,3733.0,1263.0,1263.0,1,1,1.0
source_scope_difference_or_mixed,control,lancedb/lancedb,2025-01,technical_debt,exact_match,ncloc_different,5e98b7f4c0cf16cdbab10d945c086a5f9ea4be6c,5e98b7f4c0cf16cdbab10d945c086a5f9ea4be6c,1931.0,3192.0,1261.0,1261.0,0,0,
source_scope_difference_or_mixed,treatment,tsukumijima/KonomiTV,2024-01,technical_debt,exact_match,ncloc_close,324073ec85deb342d707d69972b6c441596da646,324073ec85deb342d707d69972b6c441596da646,6110.0,7371.0,1261.0,1261.0,0,0,-12.0
source_scope_difference_or_mixed,treatment,tsukumijima/KonomiTV,2025-08,technical_debt,exact_match,ncloc_close,33f1544aeed4cdb79d87617023d99aee42a82591,33f1544aeed4cdb79d87617023d99aee42a82591,8461.0,9711.0,1250.0,1250.0,1,1,7.0
source_scope_difference_or_mixed,treatment,cgevans/qslib,2025-02,cognitive_complexity,exact_match,ncloc_different,f231361a93b274928e71ff2cb06bee91e0bb2c11,f231361a93b274928e71ff2cb06bee91e0bb2c11,1646.0,398.0,-1248.0,1248.0,1,1,0.0
source_scope_difference_or_mixed,treatment,KroMiose/nekro-agent,2025-05,technical_debt,exact_match,ncloc_close,042d1ff54c527988693b2f18eb6d42c1224d4d16,042d1ff54c527988693b2f18eb6d42c1224d4d16,4586.0,5830.0,1244.0,1244.0,1,1,4.0
source_scope_difference_or_mixed,control,lancedb/lancedb,2024-07,technical_debt,exact_match,ncloc_different,6af69b57ad24f5ea313a98f4b388f68c81a75bc1,6af69b57ad24f5ea313a98f4b388f68c81a75bc1,1445.0,2683.0,1238.0,1238.0,0,0,
source_scope_difference_or_mixed,treatment,ethyca/fides,2025-04,static_analysis_warnings,exact_match,ncloc_different,e469857a142ed59acc3eb55ada6bd20ac94c1be5,e469857a142ed59acc3eb55ada6bd20ac94c1be5,2204.0,3440.0,1236.0,1236.0,1,1,1.0
source_scope_difference_or_mixed,treatment,DataDog/integrations-core,2025-04,ncloc,exact_match,ncloc_close,fe4697fca14149122b2d992e53f8a0396755ebff,fe4697fca14149122b2d992e53f8a0396755ebff,554848.0,556083.0,1235.0,1235.0,1,1,1.0
source_scope_difference_or_mixed,treatment,ethyca/fides,2025-05,code_smells,exact_match,ncloc_close,013705a19dd54de748b589460505f92f0b100cc9,013705a19dd54de748b589460505f92f0b100cc9,2171.0,3398.0,1227.0,1227.0,1,1,2.0
source_scope_difference_or_mixed,treatment,PostHog/posthog,2025-08,technical_debt,exact_match,ncloc_different,79cf381322842888a721905c09490e85f98a5a2a,79cf381322842888a721905c09490e85f98a5a2a,90684.0,89457.0,-1227.0,1227.0,1,1,6.0
source_scope_difference_or_mixed,treatment,tsukumijima/KonomiTV,2025-06,technical_debt,exact_match,ncloc_close,26e94e2ce38f13de2c08d911c9ae0e61d8d1eef9,26e94e2ce38f13de2c08d911c9ae0e61d8d1eef9,8164.0,9390.0,1226.0,1226.0,1,1,5.0
source_scope_difference_or_mixed,treatment,tsukumijima/KonomiTV,2025-07,technical_debt,exact_match,ncloc_close,4eabb2ba48bafa164062f0b060d081c400a5f3be,4eabb2ba48bafa164062f0b060d081c400a5f3be,8164.0,9390.0,1226.0,1226.0,1,1,6.0
source_scope_difference_or_mixed,treatment,ethyca/fides,2025-03,code_smells,exact_match,ncloc_close,524ff93669d122111bfd73df1c4ca2c2d9d7d100,524ff93669d122111bfd73df1c4ca2c2d9d7d100,2038.0,3259.0,1221.0,1221.0,1,1,0.0
source_scope_difference_or_mixed,treatment,tsukumijima/KonomiTV,2025-05,technical_debt,exact_match,ncloc_close,ae8b9a657881619f471001500144a7387b8db99c,ae8b9a657881619f471001500144a7387b8db99c,8072.0,9291.0,1219.0,1219.0,1,1,4.0
source_scope_difference_or_mixed,treatment,tsukumijima/KonomiTV,2025-04,technical_debt,exact_match,ncloc_close,75e3dad94a11fde2be631d680b0484b12c7ecc7c,75e3dad94a11fde2be631d680b0484b12c7ecc7c,8071.0,9290.0,1219.0,1219.0,1,1,3.0
source_scope_difference_or_mixed,treatment,tsukumijima/KonomiTV,2025-02,technical_debt,exact_match,ncloc_close,9f5131c557d239a5b1cf5e348ba5c2ef95805200,9f5131c557d239a5b1cf5e348ba5c2ef95805200,7547.0,8751.0,1204.0,1204.0,1,1,1.0
source_scope_difference_or_mixed,treatment,DataDog/integrations-core,2025-01,static_analysis_warnings,exact_match,ncloc_close,82c4055486147402d96748c0abd63de6850e83d1,82c4055486147402d96748c0abd63de6850e83d1,3573.0,2369.0,-1204.0,1204.0,0,0,-2.0
source_scope_difference_or_mixed,treatment,tsukumijima/KonomiTV,2024-05,technical_debt,exact_match,ncloc_close,a3a81e9e05409e15aaf31fdb163e43d017c28309,a3a81e9e05409e15aaf31fdb163e43d017c28309,6626.0,7827.0,1201.0,1201.0,0,0,-8.0
source_scope_difference_or_mixed,treatment,DataDog/integrations-core,2024-11,static_analysis_warnings,exact_match,ncloc_close,c08fd423affb8f7257d8fcb8e9a5afd869681415,c08fd423affb8f7257d8fcb8e9a5afd869681415,3536.0,2335.0,-1201.0,1201.0,0,0,-4.0
source_scope_difference_or_mixed,treatment,tsukumijima/KonomiTV,2024-07,technical_debt,exact_match,ncloc_close,4a8930d01675076ebe437e52d67340d73cb05ff3,4a8930d01675076ebe437e52d67340d73cb05ff3,6636.0,7837.0,1201.0,1201.0,0,0,-6.0
source_scope_difference_or_mixed,treatment,tsukumijima/KonomiTV,2024-06,technical_debt,exact_match,ncloc_close,0308a91fe4787b5c85bb5a1896df735218a2d285,0308a91fe4787b5c85bb5a1896df735218a2d285,6636.0,7837.0,1201.0,1201.0,0,0,-7.0
source_scope_difference_or_mixed,treatment,DataDog/integrations-core,2025-02,static_analysis_warnings,exact_match,ncloc_close,c3628b5ded79e88ab572dfd7bac6e5c1cd91f1d8,c3628b5ded79e88ab572dfd7bac6e5c1cd91f1d8,3560.0,2360.0,-1200.0,1200.0,0,0,-1.0
source_scope_difference_or_mixed,treatment,tsukumijima/KonomiTV,2025-03,technical_debt,exact_match,ncloc_close,e3b19c86f602e21cd30dfd57586a2c97724318ef,e3b19c86f602e21cd30dfd57586a2c97724318ef,7730.0,8929.0,1199.0,1199.0,1,1,2.0
source_scope_difference_or_mixed,treatment,DataDog/integrations-core,2025-05,static_analysis_warnings,exact_match,ncloc_close,1c924825332db0360a98ffc39e7c9d87618d66aa,1c924825332db0360a98ffc39e7c9d87618d66aa,3625.0,2429.0,-1196.0,1196.0,1,1,2.0
source_scope_difference_or_mixed,treatment,DataDog/integrations-core,2025-07,static_analysis_warnings,exact_match,ncloc_close,26abd13d37aca13903e1cf8e64b1f0f0959630f6,26abd13d37aca13903e1cf8e64b1f0f0959630f6,3655.0,2461.0,-1194.0,1194.0,1,1,4.0
source_scope_difference_or_mixed,treatment,DataDog/integrations-core,2025-03,static_analysis_warnings,exact_match,ncloc_close,67cf3ad93e6873944bcdbd153c7305b03c2f51d4,67cf3ad93e6873944bcdbd153c7305b03c2f51d4,3581.0,2387.0,-1194.0,1194.0,1,1,0.0
source_scope_difference_or_mixed,treatment,DataDog/integrations-core,2025-06,static_analysis_warnings,exact_match,ncloc_close,f9f78ed17fce4bcd63e24aaa39a9e47dddbd7f4f,f9f78ed17fce4bcd63e24aaa39a9e47dddbd7f4f,3642.0,2451.0,-1191.0,1191.0,1,1,3.0
source_scope_difference_or_mixed,treatment,getsentry/sentry,2024-04,static_analysis_warnings,exact_match,ncloc_close,d9935228ed25a087426c4665bb98358bb1e4c580,d9935228ed25a087426c4665bb98358bb1e4c580,14057.0,15246.0,1189.0,1189.0,0,0,-10.0
source_scope_difference_or_mixed,treatment,DataDog/integrations-core,2024-09,static_analysis_warnings,exact_match,ncloc_close,c1e85309a37c7c508f41c365f3002708f77f8cbf,c1e85309a37c7c508f41c365f3002708f77f8cbf,3560.0,2371.0,-1189.0,1189.0,0,0,-6.0
source_scope_difference_or_mixed,treatment,DataDog/integrations-core,2025-08,static_analysis_warnings,exact_match,ncloc_close,af4afd423a8cce60bcaf879e543f1b696e3f0caa,af4afd423a8cce60bcaf879e543f1b696e3f0caa,3675.0,2486.0,-1189.0,1189.0,1,1,5.0
source_scope_difference_or_mixed,treatment,DataDog/integrations-core,2024-12,static_analysis_warnings,exact_match,ncloc_close,e6b077a2f4e4526dc00261698d752e7481547e66,e6b077a2f4e4526dc00261698d752e7481547e66,3549.0,2361.0,-1188.0,1188.0,0,0,-3.0
source_scope_difference_or_mixed,treatment,DataDog/integrations-core,2025-04,static_analysis_warnings,exact_match,ncloc_close,fe4697fca14149122b2d992e53f8a0396755ebff,fe4697fca14149122b2d992e53f8a0396755ebff,3581.0,2397.0,-1184.0,1184.0,1,1,1.0
source_scope_difference_or_mixed,treatment,getsentry/sentry,2024-05,static_analysis_warnings,exact_match,ncloc_close,0d270ad1c8532bb133772a03e166dca23a3a08ad,0d270ad1c8532bb133772a03e166dca23a3a08ad,14998.0,16180.0,1182.0,1182.0,0,0,-9.0
commit_selection_difference,treatment,Multi-V-VM/MVVM,2024-02,ncloc,mismatch,,dc4e2cfecdde70404a697fa147dc26a773258c0c,dd3d951795c16fe44ab1a74c8dff9e10c26c3541,2467.0,3629.0,1162.0,1162.0,0,0,-13.0
source_scope_difference_or_mixed,treatment,DataDog/integrations-core,2024-08,static_analysis_warnings,exact_match,ncloc_close,523c5afc8405d8726f7cf8867bbd5f75a75ce24e,523c5afc8405d8726f7cf8867bbd5f75a75ce24e,3463.0,2302.0,-1161.0,1161.0,0,0,-7.0
source_scope_difference_or_mixed,control,odoo/industry,2024-12,ncloc,exact_match,ncloc_different,b0c6c4833766ee9c4a6f64d2663b8b6d43b9812f,b0c6c4833766ee9c4a6f64d2663b8b6d43b9812f,86489.0,85329.0,-1160.0,1160.0,0,0,
source_scope_difference_or_mixed,treatment,ethyca/fides,2025-07,code_smells,exact_match,ncloc_close,9f183a7ab5faa5eb0efd7d4da31808a978b91242,9f183a7ab5faa5eb0efd7d4da31808a978b91242,2211.0,3369.0,1158.0,1158.0,1,1,4.0
commit_selection_difference,treatment,sbomify/sbomify,2025-08,technical_debt,mismatch,,56888265e436583206d76cc4588863f364e0cc5c,20276afd986b0f95c5c2758029989a8e83abf713,4029.0,5186.0,1157.0,1157.0,1,1,7.0
source_scope_difference_or_mixed,treatment,tsukumijima/KonomiTV,2025-01,technical_debt,exact_match,ncloc_close,b2662d5c86655ba7b7eae33af3aed84c64353064,b2662d5c86655ba7b7eae33af3aed84c64353064,7153.0,8308.0,1155.0,1155.0,1,1,0.0
source_scope_difference_or_mixed,treatment,PostHog/posthog,2024-12,static_analysis_warnings,exact_match,ncloc_different,3aa25f3257f981db0b7e8b5411dc209b66c6f4c2,3aa25f3257f981db0b7e8b5411dc209b66c6f4c2,9775.0,10929.0,1154.0,1154.0,0,0,-2.0
source_scope_difference_or_mixed,treatment,tsukumijima/KonomiTV,2024-08,technical_debt,exact_match,ncloc_close,c626e58c3d72b412b9060ae2e84bae1f882b1671,c626e58c3d72b412b9060ae2e84bae1f882b1671,6953.0,8105.0,1152.0,1152.0,0,0,-5.0
source_scope_difference_or_mixed,treatment,whiteducksoftware/flock,2025-03,ncloc,exact_match,ncloc_different,0f0082f6ee1397b4cd7cdb50fbb9a51df4a469a1,0f0082f6ee1397b4cd7cdb50fbb9a51df4a469a1,12697.0,13849.0,1152.0,1152.0,1,1,0.0
source_scope_difference_or_mixed,treatment,ethyca/fides,2025-06,code_smells,exact_match,ncloc_close,25f89cf50afcac815c38422d299fb39b35cd76a3,25f89cf50afcac815c38422d299fb39b35cd76a3,2077.0,3224.0,1147.0,1147.0,1,1,3.0
source_scope_difference_or_mixed,treatment,ethyca/fides,2025-05,static_analysis_warnings,exact_match,ncloc_close,013705a19dd54de748b589460505f92f0b100cc9,013705a19dd54de748b589460505f92f0b100cc9,2342.0,3486.0,1144.0,1144.0,1,1,2.0
source_scope_difference_or_mixed,treatment,ethyca/fides,2025-03,static_analysis_warnings,exact_match,ncloc_close,524ff93669d122111bfd73df1c4ca2c2d9d7d100,524ff93669d122111bfd73df1c4ca2c2d9d7d100,2204.0,3345.0,1141.0,1141.0,1,1,0.0
source_scope_difference_or_mixed,treatment,ethyca/fides,2025-08,code_smells,exact_match,ncloc_close,cb4eb8bd6ccc98b8e68630f3f7d938f1b3bf953a,cb4eb8bd6ccc98b8e68630f3f7d938f1b3bf953a,2430.0,3566.0,1136.0,1136.0,1,1,5.0
source_scope_difference_or_mixed,treatment,tsukumijima/KonomiTV,2024-10,technical_debt,exact_match,ncloc_close,d7400da6f353019bae2b57da7c4d5329d6e00aa8,d7400da6f353019bae2b57da7c4d5329d6e00aa8,7016.0,8150.0,1134.0,1134.0,0,0,-3.0
source_scope_difference_or_mixed,treatment,tsukumijima/KonomiTV,2024-11,technical_debt,exact_match,ncloc_close,0362744cc8a6b94eafbe8b690562fb05c3bc4c0d,0362744cc8a6b94eafbe8b690562fb05c3bc4c0d,7016.0,8150.0,1134.0,1134.0,0,0,-2.0
source_scope_difference_or_mixed,treatment,tsukumijima/KonomiTV,2024-12,technical_debt,exact_match,ncloc_close,23e3ad46ba1d38eb7780928a20b821818fa9cd95,23e3ad46ba1d38eb7780928a20b821818fa9cd95,7015.0,8149.0,1134.0,1134.0,0,0,-1.0
source_scope_difference_or_mixed,treatment,getsentry/sentry,2025-01,static_analysis_warnings,exact_match,ncloc_close,d210118fce94310ef5858d51efe16ee26c995a48,d210118fce94310ef5858d51efe16ee26c995a48,16023.0,17155.0,1132.0,1132.0,0,0,-1.0
source_scope_difference_or_mixed,treatment,tsukumijima/KonomiTV,2024-09,technical_debt,exact_match,ncloc_close,68f62d829b04009f40c8bc920ecb83843dcba477,68f62d829b04009f40c8bc920ecb83843dcba477,7015.0,8146.0,1131.0,1131.0,0,0,-4.0
source_scope_difference_or_mixed,treatment,DataDog/integrations-core,2024-10,static_analysis_warnings,exact_match,ncloc_close,cbb5fc6a80505309a1b00b37b77d772255490afa,cbb5fc6a80505309a1b00b37b77d772255490afa,3457.0,2326.0,-1131.0,1131.0,0,0,-5.0
source_scope_difference_or_mixed,treatment,ethyca/fides,2025-02,code_smells,exact_match,ncloc_close,c51cd945858ae1bbcc1f72c26ab4422f3f019907,c51cd945858ae1bbcc1f72c26ab4422f3f019907,2016.0,3146.0,1130.0,1130.0,0,0,-1.0
source_scope_difference_or_mixed,treatment,getsentry/sentry,2024-09,static_analysis_warnings,exact_match,ncloc_close,6c6024b9d8999b88166c60580a677d809252fc04,6c6024b9d8999b88166c60580a677d809252fc04,15971.0,17093.0,1122.0,1122.0,0,0,-5.0
source_scope_difference_or_mixed,treatment,LearningCircuit/local-deep-research,2025-05,technical_debt,exact_match,ncloc_close,59767f6f15c60ce02993c67edd97c95c0c762549,59767f6f15c60ce02993c67edd97c95c0c762549,3147.0,4264.0,1117.0,1117.0,1,1,2.0
source_scope_difference_or_mixed,control,PennyLaneAI/catalyst,2024-07,technical_debt,exact_match,ncloc_close,9f8c66353f0240787a394ac725e7ffd239f5a448,9f8c66353f0240787a394ac725e7ffd239f5a448,2522.0,1405.0,-1117.0,1117.0,0,0,
source_scope_difference_or_mixed,treatment,DataDog/integrations-core,2024-07,static_analysis_warnings,exact_match,ncloc_close,cdbf62d31e3f4f8ab0702b386c32dd06473d95e7,cdbf62d31e3f4f8ab0702b386c32dd06473d95e7,3384.0,2270.0,-1114.0,1114.0,0,0,-8.0
source_scope_difference_or_mixed,treatment,getsentry/sentry,2024-08,static_analysis_warnings,exact_match,ncloc_close,14b776d65b324705fca7edfd2c88a748429d54e3,14b776d65b324705fca7edfd2c88a748429d54e3,15766.0,16879.0,1113.0,1113.0,0,0,-6.0
source_scope_difference_or_mixed,treatment,PostHog/posthog,2024-11,static_analysis_warnings,exact_match,ncloc_different,b4d51e3b746e6174a7d60c525ea22387f00dcafe,b4d51e3b746e6174a7d60c525ea22387f00dcafe,9436.0,10548.0,1112.0,1112.0,0,0,-3.0
source_scope_difference_or_mixed,treatment,getsentry/sentry,2024-06,static_analysis_warnings,exact_match,ncloc_close,27f0f976edf02d303fc16cab7a481e588be43e8e,27f0f976edf02d303fc16cab7a481e588be43e8e,15085.0,16194.0,1109.0,1109.0,0,0,-8.0
source_scope_difference_or_mixed,treatment,PostHog/posthog,2024-12,code_smells,exact_match,ncloc_different,3aa25f3257f981db0b7e8b5411dc209b66c6f4c2,3aa25f3257f981db0b7e8b5411dc209b66c6f4c2,9472.0,10577.0,1105.0,1105.0,0,0,-2.0
source_scope_difference_or_mixed,control,PennyLaneAI/catalyst,2024-06,technical_debt,exact_match,ncloc_close,48948061e2d6a9d4ef1fbceb9f0503d2848958fd,48948061e2d6a9d4ef1fbceb9f0503d2848958fd,2203.0,1098.0,-1105.0,1105.0,0,0,
source_scope_difference_or_mixed,treatment,sbomify/sbomify,2025-07,technical_debt,exact_match,ncloc_close,571a358c77be14342e46b109d3053a296c6cc094,571a358c77be14342e46b109d3053a296c6cc094,3980.0,5083.0,1103.0,1103.0,1,1,6.0
source_scope_difference_or_mixed,control,lancedb/lancedb,2024-06,technical_debt,exact_match,ncloc_different,865ed998814a5f8666d588b277f3cfa7fa14ce48,865ed998814a5f8666d588b277f3cfa7fa14ce48,1466.0,2568.0,1102.0,1102.0,0,0,
rule_config_analyzer_profile_signal,control,jacebrowning/datafiles,2024-10,technical_debt,exact_match,ncloc_identical,46280de29975a61a5d4cd09f36c806a2fb7db769,46280de29975a61a5d4cd09f36c806a2fb7db769,1379.0,279.0,-1100.0,1100.0,0,0,
rule_config_analyzer_profile_signal,control,jacebrowning/datafiles,2024-11,technical_debt,exact_match,ncloc_identical,51ad26394a2b99ed8dfab0bd1538abfca73db233,51ad26394a2b99ed8dfab0bd1538abfca73db233,1379.0,279.0,-1100.0,1100.0,0,0,
source_scope_difference_or_mixed,treatment,getsentry/sentry,2024-03,static_analysis_warnings,exact_match,ncloc_close,b3f8ab3aea7eaabfd408314997f8c21c5707491f,b3f8ab3aea7eaabfd408314997f8c21c5707491f,13636.0,14735.0,1099.0,1099.0,0,0,-11.0
source_scope_difference_or_mixed,treatment,ethyca/fides,2025-01,code_smells,exact_match,ncloc_close,c4d69ccb55793e152b0e29c7288dfd342176466f,c4d69ccb55793e152b0e29c7288dfd342176466f,1707.0,2803.0,1096.0,1096.0,0,0,-2.0
rule_config_analyzer_profile_signal,control,jacebrowning/datafiles,2025-07,technical_debt,exact_match,ncloc_identical,a7737126dae693f755013f0fcd11df7867274df6,a7737126dae693f755013f0fcd11df7867274df6,1374.0,279.0,-1095.0,1095.0,0,0,
rule_config_analyzer_profile_signal,control,jacebrowning/datafiles,2025-06,technical_debt,exact_match,ncloc_identical,cb3628112394669d5a93a5804f4d6e23cf161eba,cb3628112394669d5a93a5804f4d6e23cf161eba,1374.0,279.0,-1095.0,1095.0,0,0,
rule_config_analyzer_profile_signal,control,jacebrowning/datafiles,2025-04,technical_debt,exact_match,ncloc_identical,e07b38ed8d6e89f0887aa5ec6712934467742b36,e07b38ed8d6e89f0887aa5ec6712934467742b36,1374.0,279.0,-1095.0,1095.0,0,0,
rule_config_analyzer_profile_signal,control,jacebrowning/datafiles,2025-02,technical_debt,exact_match,ncloc_identical,4c2b99a126d0f7ad8d13f5c55e098b07c3f51045,4c2b99a126d0f7ad8d13f5c55e098b07c3f51045,1374.0,279.0,-1095.0,1095.0,0,0,
source_scope_difference_or_mixed,control,FMInference/FlexiGen,2024-10,static_analysis_warnings,exact_match,ncloc_close,004ffef82b46e8dc8685c55d0cdda650bdaf1269,004ffef82b46e8dc8685c55d0cdda650bdaf1269,8925.0,10020.0,1095.0,1095.0,0,0,
rule_config_analyzer_profile_signal,control,jacebrowning/datafiles,2025-05,technical_debt,exact_match,ncloc_identical,7516af8388fd968e6b7abbfb0df7d51d658142d2,7516af8388fd968e6b7abbfb0df7d51d658142d2,1374.0,279.0,-1095.0,1095.0,0,0,
source_scope_difference_or_mixed,control,FMInference/FlexiGen,2024-04,static_analysis_warnings,exact_match,ncloc_close,19753bc062d47cc34e73efb27824e97ff5216a68,19753bc062d47cc34e73efb27824e97ff5216a68,8924.0,10018.0,1094.0,1094.0,0,0,
source_scope_difference_or_mixed,control,FMInference/FlexiGen,2024-09,static_analysis_warnings,exact_match,ncloc_close,ab55510b0e19b0dcdb274e7ef5421827d0c237d0,ab55510b0e19b0dcdb274e7ef5421827d0c237d0,8924.0,10018.0,1094.0,1094.0,0,0,
rule_config_analyzer_profile_signal,control,jacebrowning/datafiles,2024-08,technical_debt,exact_match,ncloc_identical,03281501945c2ae93ad35c5a618178d65bb2d0d8,03281501945c2ae93ad35c5a618178d65bb2d0d8,1369.0,279.0,-1090.0,1090.0,0,0,
rule_config_analyzer_profile_signal,control,jacebrowning/datafiles,2024-07,technical_debt,exact_match,ncloc_identical,8840d02caab67fec49efe08a7912d1f39949a100,8840d02caab67fec49efe08a7912d1f39949a100,1369.0,279.0,-1090.0,1090.0,0,0,
rule_config_analyzer_profile_signal,control,jacebrowning/datafiles,2024-05,technical_debt,exact_match,ncloc_identical,59566a650f2624f2fc214bd9d8b3c5e7d825da57,59566a650f2624f2fc214bd9d8b3c5e7d825da57,1369.0,279.0,-1090.0,1090.0,0,0,
