source_group,repo_name,time,metric,row_overlap_status,commit_match_status,commit_equal_or_prefix,paper_latest_commit,our_latest_commit,paper_value,our_value,diff,abs_diff,ncloc_scope_status,cause_category
treatment,zauberzeug/nicegui,2024-10,static_analysis_warnings,both,exact_match,True,c810dda1c4380fd0cca20a40dfe78653af080f38,c810dda1c4380fd0cca20a40dfe78653af080f38,37725.0,0.0,-37725.0,37725.0,ncloc_missing,ncloc_missing_exact_commit
treatment,zauberzeug/nicegui,2024-09,static_analysis_warnings,both,exact_match,True,b7b6956f26ba5e731ec2f7feae53b604f624495c,b7b6956f26ba5e731ec2f7feae53b604f624495c,37724.0,0.0,-37724.0,37724.0,ncloc_missing,ncloc_missing_exact_commit
treatment,zauberzeug/nicegui,2024-08,static_analysis_warnings,both,exact_match,True,06921814203898f7f83abb27899f34082e76f804,06921814203898f7f83abb27899f34082e76f804,37719.0,0.0,-37719.0,37719.0,ncloc_missing,ncloc_missing_exact_commit
treatment,getsentry/sentry,2025-04,static_analysis_warnings,both,exact_match,True,32cb664b86c13cc020c06f7e208cd9a62e6891a0,32cb664b86c13cc020c06f7e208cd9a62e6891a0,18244.0,0.0,-18244.0,18244.0,ncloc_missing,ncloc_missing_exact_commit
treatment,getsentry/sentry,2025-05,static_analysis_warnings,both,exact_match,True,975f8d773e5a6c5ed6595176a42ff31e887ec95d,975f8d773e5a6c5ed6595176a42ff31e887ec95d,18046.0,0.0,-18046.0,18046.0,ncloc_missing,ncloc_missing_exact_commit
treatment,getsentry/sentry,2025-03,static_analysis_warnings,both,exact_match,True,2d92281805254325dbedb3cafcfdd53d09b1d9df,2d92281805254325dbedb3cafcfdd53d09b1d9df,17945.0,0.0,-17945.0,17945.0,ncloc_missing,ncloc_missing_exact_commit
treatment,zauberzeug/nicegui,2025-04,static_analysis_warnings,both,exact_match,True,2b8b1a696992e64578f2e4c5fc285e90b60b87a6,2b8b1a696992e64578f2e4c5fc285e90b60b87a6,37736.0,25428.0,-12308.0,12308.0,ncloc_different,source_scope_difference_or_mixed
treatment,zauberzeug/nicegui,2025-04,code_smells,both,exact_match,True,2b8b1a696992e64578f2e4c5fc285e90b60b87a6,2b8b1a696992e64578f2e4c5fc285e90b60b87a6,33270.0,24822.0,-8448.0,8448.0,ncloc_different,source_scope_difference_or_mixed
treatment,DataDog/integrations-core,2025-01,static_analysis_warnings,both,exact_match,True,82c4055486147402d96748c0abd63de6850e83d1,82c4055486147402d96748c0abd63de6850e83d1,3573.0,2369.0,-1204.0,1204.0,ncloc_close,source_scope_difference_or_mixed
treatment,DataDog/integrations-core,2024-11,static_analysis_warnings,both,exact_match,True,c08fd423affb8f7257d8fcb8e9a5afd869681415,c08fd423affb8f7257d8fcb8e9a5afd869681415,3536.0,2335.0,-1201.0,1201.0,ncloc_close,source_scope_difference_or_mixed
treatment,DataDog/integrations-core,2025-02,static_analysis_warnings,both,exact_match,True,c3628b5ded79e88ab572dfd7bac6e5c1cd91f1d8,c3628b5ded79e88ab572dfd7bac6e5c1cd91f1d8,3560.0,2360.0,-1200.0,1200.0,ncloc_close,source_scope_difference_or_mixed
treatment,DataDog/integrations-core,2025-05,static_analysis_warnings,both,exact_match,True,1c924825332db0360a98ffc39e7c9d87618d66aa,1c924825332db0360a98ffc39e7c9d87618d66aa,3625.0,2429.0,-1196.0,1196.0,ncloc_close,source_scope_difference_or_mixed
treatment,DataDog/integrations-core,2025-03,static_analysis_warnings,both,exact_match,True,67cf3ad93e6873944bcdbd153c7305b03c2f51d4,67cf3ad93e6873944bcdbd153c7305b03c2f51d4,3581.0,2387.0,-1194.0,1194.0,ncloc_close,source_scope_difference_or_mixed
treatment,DataDog/integrations-core,2025-07,static_analysis_warnings,both,exact_match,True,26abd13d37aca13903e1cf8e64b1f0f0959630f6,26abd13d37aca13903e1cf8e64b1f0f0959630f6,3655.0,2461.0,-1194.0,1194.0,ncloc_close,source_scope_difference_or_mixed
treatment,DataDog/integrations-core,2025-06,static_analysis_warnings,both,exact_match,True,f9f78ed17fce4bcd63e24aaa39a9e47dddbd7f4f,f9f78ed17fce4bcd63e24aaa39a9e47dddbd7f4f,3642.0,2451.0,-1191.0,1191.0,ncloc_close,source_scope_difference_or_mixed
treatment,DataDog/integrations-core,2024-09,static_analysis_warnings,both,exact_match,True,c1e85309a37c7c508f41c365f3002708f77f8cbf,c1e85309a37c7c508f41c365f3002708f77f8cbf,3560.0,2371.0,-1189.0,1189.0,ncloc_close,source_scope_difference_or_mixed
treatment,DataDog/integrations-core,2025-08,static_analysis_warnings,both,exact_match,True,af4afd423a8cce60bcaf879e543f1b696e3f0caa,af4afd423a8cce60bcaf879e543f1b696e3f0caa,3675.0,2486.0,-1189.0,1189.0,ncloc_close,source_scope_difference_or_mixed
treatment,DataDog/integrations-core,2024-12,static_analysis_warnings,both,exact_match,True,e6b077a2f4e4526dc00261698d752e7481547e66,e6b077a2f4e4526dc00261698d752e7481547e66,3549.0,2361.0,-1188.0,1188.0,ncloc_close,source_scope_difference_or_mixed
treatment,DataDog/integrations-core,2025-04,static_analysis_warnings,both,exact_match,True,fe4697fca14149122b2d992e53f8a0396755ebff,fe4697fca14149122b2d992e53f8a0396755ebff,3581.0,2397.0,-1184.0,1184.0,ncloc_close,source_scope_difference_or_mixed
treatment,DataDog/integrations-core,2024-08,static_analysis_warnings,both,exact_match,True,523c5afc8405d8726f7cf8867bbd5f75a75ce24e,523c5afc8405d8726f7cf8867bbd5f75a75ce24e,3463.0,2302.0,-1161.0,1161.0,ncloc_close,source_scope_difference_or_mixed
treatment,DataDog/integrations-core,2024-10,static_analysis_warnings,both,exact_match,True,cbb5fc6a80505309a1b00b37b77d772255490afa,cbb5fc6a80505309a1b00b37b77d772255490afa,3457.0,2326.0,-1131.0,1131.0,ncloc_close,source_scope_difference_or_mixed
treatment,DataDog/integrations-core,2024-07,static_analysis_warnings,both,exact_match,True,cdbf62d31e3f4f8ab0702b386c32dd06473d95e7,cdbf62d31e3f4f8ab0702b386c32dd06473d95e7,3384.0,2270.0,-1114.0,1114.0,ncloc_close,source_scope_difference_or_mixed
treatment,DataDog/integrations-core,2024-06,static_analysis_warnings,both,exact_match,True,40193a9e2b1b854a8f3b95dd0e7041259f22653d,40193a9e2b1b854a8f3b95dd0e7041259f22653d,3303.0,2245.0,-1058.0,1058.0,ncloc_close,source_scope_difference_or_mixed
treatment,DataDog/integrations-core,2024-05,static_analysis_warnings,both,exact_match,True,970e957779bbea1ac84e41927e6e0bd9f118f7ba,970e957779bbea1ac84e41927e6e0bd9f118f7ba,3270.0,2219.0,-1051.0,1051.0,ncloc_close,source_scope_difference_or_mixed
treatment,DataDog/integrations-core,2024-04,static_analysis_warnings,both,exact_match,True,6d0b7455cbbd6b6bfc4a6d2a4ad3345d7a3b31ec,6d0b7455cbbd6b6bfc4a6d2a4ad3345d7a3b31ec,3235.0,2198.0,-1037.0,1037.0,ncloc_close,source_scope_difference_or_mixed
treatment,DataDog/integrations-core,2024-11,code_smells,both,exact_match,True,c08fd423affb8f7257d8fcb8e9a5afd869681415,c08fd423affb8f7257d8fcb8e9a5afd869681415,3108.0,2115.0,-993.0,993.0,ncloc_close,source_scope_difference_or_mixed
treatment,DataDog/integrations-core,2025-01,code_smells,both,exact_match,True,82c4055486147402d96748c0abd63de6850e83d1,82c4055486147402d96748c0abd63de6850e83d1,3137.0,2148.0,-989.0,989.0,ncloc_close,source_scope_difference_or_mixed
treatment,DataDog/integrations-core,2024-02,static_analysis_warnings,both,exact_match,True,1209aff535676d2788511da7ff82444c89640360,1209aff535676d2788511da7ff82444c89640360,3110.0,2122.0,-988.0,988.0,ncloc_close,source_scope_difference_or_mixed
treatment,DataDog/integrations-core,2024-03,static_analysis_warnings,both,exact_match,True,de516ffa17050c785c973acb4fcbab0a92a4253b,de516ffa17050c785c973acb4fcbab0a92a4253b,3166.0,2178.0,-988.0,988.0,ncloc_close,source_scope_difference_or_mixed
treatment,DataDog/integrations-core,2025-02,code_smells,both,exact_match,True,c3628b5ded79e88ab572dfd7bac6e5c1cd91f1d8,c3628b5ded79e88ab572dfd7bac6e5c1cd91f1d8,3125.0,2139.0,-986.0,986.0,ncloc_close,source_scope_difference_or_mixed
treatment,DataDog/integrations-core,2024-01,static_analysis_warnings,both,exact_match,True,3f21b7bd08df0737cb477548d027a7a93f92f1ff,3f21b7bd08df0737cb477548d027a7a93f92f1ff,3125.0,2143.0,-982.0,982.0,ncloc_close,source_scope_difference_or_mixed
treatment,DataDog/integrations-core,2024-09,code_smells,both,exact_match,True,c1e85309a37c7c508f41c365f3002708f77f8cbf,c1e85309a37c7c508f41c365f3002708f77f8cbf,3130.0,2149.0,-981.0,981.0,ncloc_close,source_scope_difference_or_mixed
treatment,DataDog/integrations-core,2025-03,code_smells,both,exact_match,True,67cf3ad93e6873944bcdbd153c7305b03c2f51d4,67cf3ad93e6873944bcdbd153c7305b03c2f51d4,3142.0,2161.0,-981.0,981.0,ncloc_close,source_scope_difference_or_mixed
treatment,DataDog/integrations-core,2024-12,code_smells,both,exact_match,True,e6b077a2f4e4526dc00261698d752e7481547e66,e6b077a2f4e4526dc00261698d752e7481547e66,3114.0,2140.0,-974.0,974.0,ncloc_close,source_scope_difference_or_mixed
treatment,DataDog/integrations-core,2025-04,code_smells,both,exact_match,True,fe4697fca14149122b2d992e53f8a0396755ebff,fe4697fca14149122b2d992e53f8a0396755ebff,3142.0,2169.0,-973.0,973.0,ncloc_close,source_scope_difference_or_mixed
treatment,DataDog/integrations-core,2025-05,code_smells,both,exact_match,True,1c924825332db0360a98ffc39e7c9d87618d66aa,1c924825332db0360a98ffc39e7c9d87618d66aa,3166.0,2200.0,-966.0,966.0,ncloc_close,source_scope_difference_or_mixed
treatment,DataDog/integrations-core,2025-07,code_smells,both,exact_match,True,26abd13d37aca13903e1cf8e64b1f0f0959630f6,26abd13d37aca13903e1cf8e64b1f0f0959630f6,3200.0,2238.0,-962.0,962.0,ncloc_close,source_scope_difference_or_mixed
treatment,DataDog/integrations-core,2025-06,code_smells,both,exact_match,True,f9f78ed17fce4bcd63e24aaa39a9e47dddbd7f4f,f9f78ed17fce4bcd63e24aaa39a9e47dddbd7f4f,3182.0,2222.0,-960.0,960.0,ncloc_close,source_scope_difference_or_mixed
treatment,DataDog/integrations-core,2025-08,code_smells,both,exact_match,True,af4afd423a8cce60bcaf879e543f1b696e3f0caa,af4afd423a8cce60bcaf879e543f1b696e3f0caa,3219.0,2263.0,-956.0,956.0,ncloc_close,source_scope_difference_or_mixed
treatment,DataDog/integrations-core,2024-08,code_smells,both,exact_match,True,523c5afc8405d8726f7cf8867bbd5f75a75ce24e,523c5afc8405d8726f7cf8867bbd5f75a75ce24e,3076.0,2122.0,-954.0,954.0,ncloc_close,source_scope_difference_or_mixed
treatment,DataDog/integrations-core,2024-10,code_smells,both,exact_match,True,cbb5fc6a80505309a1b00b37b77d772255490afa,cbb5fc6a80505309a1b00b37b77d772255490afa,3027.0,2104.0,-923.0,923.0,ncloc_close,source_scope_difference_or_mixed
treatment,DataDog/integrations-core,2024-07,code_smells,both,exact_match,True,cdbf62d31e3f4f8ab0702b386c32dd06473d95e7,cdbf62d31e3f4f8ab0702b386c32dd06473d95e7,2997.0,2091.0,-906.0,906.0,ncloc_close,source_scope_difference_or_mixed
treatment,wdm0006/elote,2025-02,static_analysis_warnings,both,exact_match,True,6371b529b88402434e8cafaaf0ed137b412bfd6b,6371b529b88402434e8cafaaf0ed137b412bfd6b,937.0,51.0,-886.0,886.0,ncloc_different,source_scope_difference_or_mixed
treatment,wdm0006/elote,2024-07,static_analysis_warnings,both,exact_match,True,75739e6ad51f3d50fdd047a0136f56b6274ad080,75739e6ad51f3d50fdd047a0136f56b6274ad080,885.0,18.0,-867.0,867.0,ncloc_different,source_scope_difference_or_mixed
treatment,wdm0006/elote,2024-08,static_analysis_warnings,both,paper_commit_missing,False,,75739e6ad51f3d50fdd047a0136f56b6274ad080,885.0,18.0,-867.0,867.0,unknown,paper_commit_missing
treatment,wdm0006/elote,2024-09,static_analysis_warnings,both,paper_commit_missing,False,,75739e6ad51f3d50fdd047a0136f56b6274ad080,885.0,18.0,-867.0,867.0,unknown,paper_commit_missing
treatment,wdm0006/elote,2024-10,static_analysis_warnings,both,paper_commit_missing,False,,75739e6ad51f3d50fdd047a0136f56b6274ad080,885.0,18.0,-867.0,867.0,unknown,paper_commit_missing
treatment,wdm0006/elote,2024-11,static_analysis_warnings,both,paper_commit_missing,False,,75739e6ad51f3d50fdd047a0136f56b6274ad080,885.0,18.0,-867.0,867.0,unknown,paper_commit_missing
treatment,wdm0006/elote,2024-12,static_analysis_warnings,both,paper_commit_missing,False,,75739e6ad51f3d50fdd047a0136f56b6274ad080,885.0,18.0,-867.0,867.0,unknown,paper_commit_missing
treatment,wdm0006/elote,2025-01,static_analysis_warnings,both,paper_commit_missing,False,,75739e6ad51f3d50fdd047a0136f56b6274ad080,885.0,18.0,-867.0,867.0,unknown,paper_commit_missing
treatment,wdm0006/elote,2025-02,code_smells,both,exact_match,True,6371b529b88402434e8cafaaf0ed137b412bfd6b,6371b529b88402434e8cafaaf0ed137b412bfd6b,909.0,51.0,-858.0,858.0,ncloc_different,source_scope_difference_or_mixed
treatment,DataDog/integrations-core,2024-06,code_smells,both,exact_match,True,40193a9e2b1b854a8f3b95dd0e7041259f22653d,40193a9e2b1b854a8f3b95dd0e7041259f22653d,2921.0,2071.0,-850.0,850.0,ncloc_close,source_scope_difference_or_mixed
treatment,DataDog/integrations-core,2024-05,code_smells,both,exact_match,True,970e957779bbea1ac84e41927e6e0bd9f118f7ba,970e957779bbea1ac84e41927e6e0bd9f118f7ba,2888.0,2045.0,-843.0,843.0,ncloc_close,source_scope_difference_or_mixed
treatment,wdm0006/elote,2024-07,code_smells,both,exact_match,True,75739e6ad51f3d50fdd047a0136f56b6274ad080,75739e6ad51f3d50fdd047a0136f56b6274ad080,860.0,18.0,-842.0,842.0,ncloc_different,source_scope_difference_or_mixed
treatment,wdm0006/elote,2024-08,code_smells,both,paper_commit_missing,False,,75739e6ad51f3d50fdd047a0136f56b6274ad080,860.0,18.0,-842.0,842.0,unknown,paper_commit_missing
treatment,wdm0006/elote,2024-09,code_smells,both,paper_commit_missing,False,,75739e6ad51f3d50fdd047a0136f56b6274ad080,860.0,18.0,-842.0,842.0,unknown,paper_commit_missing
treatment,wdm0006/elote,2024-10,code_smells,both,paper_commit_missing,False,,75739e6ad51f3d50fdd047a0136f56b6274ad080,860.0,18.0,-842.0,842.0,unknown,paper_commit_missing
treatment,wdm0006/elote,2024-11,code_smells,both,paper_commit_missing,False,,75739e6ad51f3d50fdd047a0136f56b6274ad080,860.0,18.0,-842.0,842.0,unknown,paper_commit_missing
treatment,wdm0006/elote,2024-12,code_smells,both,paper_commit_missing,False,,75739e6ad51f3d50fdd047a0136f56b6274ad080,860.0,18.0,-842.0,842.0,unknown,paper_commit_missing
treatment,wdm0006/elote,2025-01,code_smells,both,paper_commit_missing,False,,75739e6ad51f3d50fdd047a0136f56b6274ad080,860.0,18.0,-842.0,842.0,unknown,paper_commit_missing
treatment,Anemll/Anemll,2025-07,static_analysis_warnings,both,exact_match,True,6ecb10d7dfe90533af13ac23c825ca76aab0c56e,6ecb10d7dfe90533af13ac23c825ca76aab0c56e,1084.0,243.0,-841.0,841.0,ncloc_identical,rule_config_analyzer_profile_signal
treatment,Anemll/Anemll,2025-07,code_smells,both,exact_match,True,6ecb10d7dfe90533af13ac23c825ca76aab0c56e,6ecb10d7dfe90533af13ac23c825ca76aab0c56e,1070.0,233.0,-837.0,837.0,ncloc_identical,rule_config_analyzer_profile_signal
treatment,DataDog/integrations-core,2024-04,code_smells,both,exact_match,True,6d0b7455cbbd6b6bfc4a6d2a4ad3345d7a3b31ec,6d0b7455cbbd6b6bfc4a6d2a4ad3345d7a3b31ec,2854.0,2024.0,-830.0,830.0,ncloc_close,source_scope_difference_or_mixed
treatment,Anemll/Anemll,2025-06,static_analysis_warnings,both,exact_match,True,b0ea623eaac791a0803849c4f35ef8357f98935b,b0ea623eaac791a0803849c4f35ef8357f98935b,1000.0,184.0,-816.0,816.0,ncloc_identical,rule_config_analyzer_profile_signal
treatment,Anemll/Anemll,2025-06,code_smells,both,exact_match,True,b0ea623eaac791a0803849c4f35ef8357f98935b,b0ea623eaac791a0803849c4f35ef8357f98935b,990.0,176.0,-814.0,814.0,ncloc_identical,rule_config_analyzer_profile_signal
treatment,DataDog/integrations-core,2024-02,code_smells,both,exact_match,True,1209aff535676d2788511da7ff82444c89640360,1209aff535676d2788511da7ff82444c89640360,2753.0,1964.0,-789.0,789.0,ncloc_close,source_scope_difference_or_mixed
treatment,DataDog/integrations-core,2024-01,code_smells,both,exact_match,True,3f21b7bd08df0737cb477548d027a7a93f92f1ff,3f21b7bd08df0737cb477548d027a7a93f92f1ff,2767.0,1986.0,-781.0,781.0,ncloc_close,source_scope_difference_or_mixed
treatment,DataDog/integrations-core,2024-03,code_smells,both,exact_match,True,de516ffa17050c785c973acb4fcbab0a92a4253b,de516ffa17050c785c973acb4fcbab0a92a4253b,2785.0,2004.0,-781.0,781.0,ncloc_close,source_scope_difference_or_mixed
control,jacebrowning/datafiles,2024-10,static_analysis_warnings,both,exact_match,True,46280de29975a61a5d4cd09f36c806a2fb7db769,46280de29975a61a5d4cd09f36c806a2fb7db769,600.0,43.0,-557.0,557.0,ncloc_identical,rule_config_analyzer_profile_signal
control,jacebrowning/datafiles,2024-11,static_analysis_warnings,both,exact_match,True,51ad26394a2b99ed8dfab0bd1538abfca73db233,51ad26394a2b99ed8dfab0bd1538abfca73db233,600.0,43.0,-557.0,557.0,ncloc_identical,rule_config_analyzer_profile_signal
control,jacebrowning/datafiles,2024-12,static_analysis_warnings,both,paper_commit_missing,False,,51ad26394a2b99ed8dfab0bd1538abfca73db233,600.0,43.0,-557.0,557.0,unknown,paper_commit_missing
control,jacebrowning/datafiles,2025-01,static_analysis_warnings,both,paper_commit_missing,False,,51ad26394a2b99ed8dfab0bd1538abfca73db233,600.0,43.0,-557.0,557.0,unknown,paper_commit_missing
control,jacebrowning/datafiles,2025-02,static_analysis_warnings,both,exact_match,True,4c2b99a126d0f7ad8d13f5c55e098b07c3f51045,4c2b99a126d0f7ad8d13f5c55e098b07c3f51045,599.0,43.0,-556.0,556.0,ncloc_identical,rule_config_analyzer_profile_signal
control,jacebrowning/datafiles,2025-03,static_analysis_warnings,both,paper_commit_missing,False,,4c2b99a126d0f7ad8d13f5c55e098b07c3f51045,599.0,43.0,-556.0,556.0,unknown,paper_commit_missing
control,jacebrowning/datafiles,2025-04,static_analysis_warnings,both,exact_match,True,e07b38ed8d6e89f0887aa5ec6712934467742b36,e07b38ed8d6e89f0887aa5ec6712934467742b36,599.0,43.0,-556.0,556.0,ncloc_identical,rule_config_analyzer_profile_signal
control,jacebrowning/datafiles,2025-05,static_analysis_warnings,both,exact_match,True,7516af8388fd968e6b7abbfb0df7d51d658142d2,7516af8388fd968e6b7abbfb0df7d51d658142d2,599.0,43.0,-556.0,556.0,ncloc_identical,rule_config_analyzer_profile_signal
control,jacebrowning/datafiles,2025-06,static_analysis_warnings,both,exact_match,True,cb3628112394669d5a93a5804f4d6e23cf161eba,cb3628112394669d5a93a5804f4d6e23cf161eba,599.0,43.0,-556.0,556.0,ncloc_identical,rule_config_analyzer_profile_signal
control,jacebrowning/datafiles,2025-07,static_analysis_warnings,both,exact_match,True,a7737126dae693f755013f0fcd11df7867274df6,a7737126dae693f755013f0fcd11df7867274df6,599.0,43.0,-556.0,556.0,ncloc_identical,rule_config_analyzer_profile_signal
control,jacebrowning/datafiles,2024-05,static_analysis_warnings,both,exact_match,True,59566a650f2624f2fc214bd9d8b3c5e7d825da57,59566a650f2624f2fc214bd9d8b3c5e7d825da57,597.0,43.0,-554.0,554.0,ncloc_identical,rule_config_analyzer_profile_signal
control,jacebrowning/datafiles,2024-06,static_analysis_warnings,both,paper_commit_missing,False,,59566a650f2624f2fc214bd9d8b3c5e7d825da57,597.0,43.0,-554.0,554.0,unknown,paper_commit_missing
control,jacebrowning/datafiles,2024-07,static_analysis_warnings,both,exact_match,True,8840d02caab67fec49efe08a7912d1f39949a100,8840d02caab67fec49efe08a7912d1f39949a100,597.0,43.0,-554.0,554.0,ncloc_identical,rule_config_analyzer_profile_signal
control,jacebrowning/datafiles,2024-08,static_analysis_warnings,both,exact_match,True,03281501945c2ae93ad35c5a618178d65bb2d0d8,03281501945c2ae93ad35c5a618178d65bb2d0d8,597.0,43.0,-554.0,554.0,ncloc_identical,rule_config_analyzer_profile_signal
control,jacebrowning/datafiles,2024-09,static_analysis_warnings,both,paper_commit_missing,False,,03281501945c2ae93ad35c5a618178d65bb2d0d8,597.0,43.0,-554.0,554.0,unknown,paper_commit_missing
control,jacebrowning/datafiles,2024-01,static_analysis_warnings,both,exact_match,True,47ae5be927e7c079ca0b9a6b01b811bf9ffcf9bd,47ae5be927e7c079ca0b9a6b01b811bf9ffcf9bd,595.0,43.0,-552.0,552.0,ncloc_identical,rule_config_analyzer_profile_signal
control,jacebrowning/datafiles,2024-02,static_analysis_warnings,both,paper_commit_missing,False,,47ae5be927e7c079ca0b9a6b01b811bf9ffcf9bd,595.0,43.0,-552.0,552.0,unknown,paper_commit_missing
control,jacebrowning/datafiles,2024-03,static_analysis_warnings,both,exact_match,True,fc623e81f9e7476938a04e191b471aa90dc11d76,fc623e81f9e7476938a04e191b471aa90dc11d76,595.0,43.0,-552.0,552.0,ncloc_identical,rule_config_analyzer_profile_signal
control,jacebrowning/datafiles,2024-04,static_analysis_warnings,both,paper_commit_missing,False,,fc623e81f9e7476938a04e191b471aa90dc11d76,595.0,43.0,-552.0,552.0,unknown,paper_commit_missing
control,PennyLaneAI/catalyst,2025-08,static_analysis_warnings,both,exact_match,True,0150699ff9adda89142bf65e2600619d61f6d55a,0150699ff9adda89142bf65e2600619d61f6d55a,715.0,300.0,-415.0,415.0,ncloc_identical,rule_config_analyzer_profile_signal
control,PennyLaneAI/catalyst,2025-07,static_analysis_warnings,both,mismatch,False,0aa4fab8450c1c8f0d5baeeb48b8cef919b155f5,4f4b01a142d5224279c4d0fcd6b944fcc80b343b,702.0,302.0,-400.0,400.0,unknown,commit_selection_difference
control,PennyLaneAI/catalyst,2025-06,static_analysis_warnings,both,exact_match,True,f43af48a983a734ca863a04362b99176d506bcb8,f43af48a983a734ca863a04362b99176d506bcb8,703.0,304.0,-399.0,399.0,ncloc_identical,rule_config_analyzer_profile_signal
control,PennyLaneAI/catalyst,2025-05,static_analysis_warnings,both,exact_match,True,06db0834814629bbac4bea9188101898cc4b0a91,06db0834814629bbac4bea9188101898cc4b0a91,676.0,297.0,-379.0,379.0,ncloc_identical,rule_config_analyzer_profile_signal
control,PennyLaneAI/catalyst,2025-08,code_smells,both,exact_match,True,0150699ff9adda89142bf65e2600619d61f6d55a,0150699ff9adda89142bf65e2600619d61f6d55a,665.0,291.0,-374.0,374.0,ncloc_identical,rule_config_analyzer_profile_signal
control,PennyLaneAI/catalyst,2025-04,static_analysis_warnings,both,exact_match,True,6b142ed845381abc56f14054aa2abaec7e34b6c7,6b142ed845381abc56f14054aa2abaec7e34b6c7,668.0,296.0,-372.0,372.0,ncloc_close,source_scope_difference_or_mixed
control,PennyLaneAI/catalyst,2025-03,static_analysis_warnings,both,exact_match,True,d5329df09ed618392f858c17160e1d7833a2588c,d5329df09ed618392f858c17160e1d7833a2588c,655.0,292.0,-363.0,363.0,ncloc_identical,rule_config_analyzer_profile_signal
control,PennyLaneAI/catalyst,2025-07,code_smells,both,mismatch,False,0aa4fab8450c1c8f0d5baeeb48b8cef919b155f5,4f4b01a142d5224279c4d0fcd6b944fcc80b343b,655.0,293.0,-362.0,362.0,unknown,commit_selection_difference
control,VirtualFlow/VFVS,2024-01,static_analysis_warnings,both,exact_match,True,408299a0f106a08fa1792c63b3699453329cc2d6,408299a0f106a08fa1792c63b3699453329cc2d6,400.0,38.0,-362.0,362.0,ncloc_different,source_scope_difference_or_mixed
control,VirtualFlow/VFVS,2024-02,static_analysis_warnings,both,paper_commit_missing,False,,408299a0f106a08fa1792c63b3699453329cc2d6,400.0,38.0,-362.0,362.0,unknown,paper_commit_missing
control,VirtualFlow/VFVS,2024-03,static_analysis_warnings,both,paper_commit_missing,False,,408299a0f106a08fa1792c63b3699453329cc2d6,400.0,38.0,-362.0,362.0,unknown,paper_commit_missing
control,VirtualFlow/VFVS,2024-04,static_analysis_warnings,both,paper_commit_missing,False,,408299a0f106a08fa1792c63b3699453329cc2d6,400.0,38.0,-362.0,362.0,unknown,paper_commit_missing
control,VirtualFlow/VFVS,2024-05,static_analysis_warnings,both,paper_commit_missing,False,,408299a0f106a08fa1792c63b3699453329cc2d6,400.0,38.0,-362.0,362.0,unknown,paper_commit_missing
control,VirtualFlow/VFVS,2024-06,static_analysis_warnings,both,paper_commit_missing,False,,408299a0f106a08fa1792c63b3699453329cc2d6,400.0,38.0,-362.0,362.0,unknown,paper_commit_missing
control,VirtualFlow/VFVS,2024-07,static_analysis_warnings,both,paper_commit_missing,False,,408299a0f106a08fa1792c63b3699453329cc2d6,400.0,38.0,-362.0,362.0,unknown,paper_commit_missing
control,VirtualFlow/VFVS,2024-08,static_analysis_warnings,both,paper_commit_missing,False,,408299a0f106a08fa1792c63b3699453329cc2d6,400.0,38.0,-362.0,362.0,unknown,paper_commit_missing
control,VirtualFlow/VFVS,2024-09,static_analysis_warnings,both,paper_commit_missing,False,,408299a0f106a08fa1792c63b3699453329cc2d6,400.0,38.0,-362.0,362.0,unknown,paper_commit_missing
control,VirtualFlow/VFVS,2024-10,static_analysis_warnings,both,paper_commit_missing,False,,408299a0f106a08fa1792c63b3699453329cc2d6,400.0,38.0,-362.0,362.0,unknown,paper_commit_missing
control,VirtualFlow/VFVS,2024-11,static_analysis_warnings,both,paper_commit_missing,False,,408299a0f106a08fa1792c63b3699453329cc2d6,400.0,38.0,-362.0,362.0,unknown,paper_commit_missing
control,VirtualFlow/VFVS,2024-12,static_analysis_warnings,both,paper_commit_missing,False,,408299a0f106a08fa1792c63b3699453329cc2d6,400.0,38.0,-362.0,362.0,unknown,paper_commit_missing
control,VirtualFlow/VFVS,2025-01,static_analysis_warnings,both,paper_commit_missing,False,,408299a0f106a08fa1792c63b3699453329cc2d6,400.0,38.0,-362.0,362.0,unknown,paper_commit_missing
control,VirtualFlow/VFVS,2025-02,static_analysis_warnings,both,paper_commit_missing,False,,408299a0f106a08fa1792c63b3699453329cc2d6,400.0,38.0,-362.0,362.0,unknown,paper_commit_missing
control,VirtualFlow/VFVS,2025-03,static_analysis_warnings,both,paper_commit_missing,False,,408299a0f106a08fa1792c63b3699453329cc2d6,400.0,38.0,-362.0,362.0,unknown,paper_commit_missing
control,VirtualFlow/VFVS,2025-04,static_analysis_warnings,both,paper_commit_missing,False,,408299a0f106a08fa1792c63b3699453329cc2d6,400.0,38.0,-362.0,362.0,unknown,paper_commit_missing
control,VirtualFlow/VFVS,2025-05,static_analysis_warnings,both,paper_commit_missing,False,,408299a0f106a08fa1792c63b3699453329cc2d6,400.0,38.0,-362.0,362.0,unknown,paper_commit_missing
control,VirtualFlow/VFVS,2025-06,static_analysis_warnings,both,paper_commit_missing,False,,408299a0f106a08fa1792c63b3699453329cc2d6,400.0,38.0,-362.0,362.0,unknown,paper_commit_missing
control,VirtualFlow/VFVS,2025-07,static_analysis_warnings,both,paper_commit_missing,False,,408299a0f106a08fa1792c63b3699453329cc2d6,400.0,38.0,-362.0,362.0,unknown,paper_commit_missing
control,PennyLaneAI/catalyst,2025-06,code_smells,both,exact_match,True,f43af48a983a734ca863a04362b99176d506bcb8,f43af48a983a734ca863a04362b99176d506bcb8,656.0,295.0,-361.0,361.0,ncloc_identical,rule_config_analyzer_profile_signal
control,PennyLaneAI/catalyst,2024-12,static_analysis_warnings,both,exact_match,True,4ab437d35491088597bb6f2e4261bab3c3cedc2b,4ab437d35491088597bb6f2e4261bab3c3cedc2b,664.0,306.0,-358.0,358.0,ncloc_identical,rule_config_analyzer_profile_signal
control,PennyLaneAI/catalyst,2025-01,static_analysis_warnings,both,exact_match,True,d7391b2a18820e80af59095204f668f1758e2278,d7391b2a18820e80af59095204f668f1758e2278,642.0,284.0,-358.0,358.0,ncloc_identical,rule_config_analyzer_profile_signal
control,PennyLaneAI/catalyst,2025-02,static_analysis_warnings,both,exact_match,True,f4f4105451484b80b4fb3f71dc41ff395c188cce,f4f4105451484b80b4fb3f71dc41ff395c188cce,645.0,287.0,-358.0,358.0,ncloc_identical,rule_config_analyzer_profile_signal
control,PennyLaneAI/catalyst,2024-11,static_analysis_warnings,both,exact_match,True,61c06b1ba294325392f65f93ab7b9292e9fe1800,61c06b1ba294325392f65f93ab7b9292e9fe1800,637.0,286.0,-351.0,351.0,ncloc_close,source_scope_difference_or_mixed
control,VirtualFlow/VFVS,2024-01,code_smells,both,exact_match,True,408299a0f106a08fa1792c63b3699453329cc2d6,408299a0f106a08fa1792c63b3699453329cc2d6,379.0,35.0,-344.0,344.0,ncloc_different,source_scope_difference_or_mixed
control,VirtualFlow/VFVS,2024-02,code_smells,both,paper_commit_missing,False,,408299a0f106a08fa1792c63b3699453329cc2d6,379.0,35.0,-344.0,344.0,unknown,paper_commit_missing
control,VirtualFlow/VFVS,2024-03,code_smells,both,paper_commit_missing,False,,408299a0f106a08fa1792c63b3699453329cc2d6,379.0,35.0,-344.0,344.0,unknown,paper_commit_missing
control,VirtualFlow/VFVS,2024-04,code_smells,both,paper_commit_missing,False,,408299a0f106a08fa1792c63b3699453329cc2d6,379.0,35.0,-344.0,344.0,unknown,paper_commit_missing
control,VirtualFlow/VFVS,2024-05,code_smells,both,paper_commit_missing,False,,408299a0f106a08fa1792c63b3699453329cc2d6,379.0,35.0,-344.0,344.0,unknown,paper_commit_missing
control,VirtualFlow/VFVS,2024-06,code_smells,both,paper_commit_missing,False,,408299a0f106a08fa1792c63b3699453329cc2d6,379.0,35.0,-344.0,344.0,unknown,paper_commit_missing
control,VirtualFlow/VFVS,2024-07,code_smells,both,paper_commit_missing,False,,408299a0f106a08fa1792c63b3699453329cc2d6,379.0,35.0,-344.0,344.0,unknown,paper_commit_missing
control,VirtualFlow/VFVS,2024-08,code_smells,both,paper_commit_missing,False,,408299a0f106a08fa1792c63b3699453329cc2d6,379.0,35.0,-344.0,344.0,unknown,paper_commit_missing
control,VirtualFlow/VFVS,2024-09,code_smells,both,paper_commit_missing,False,,408299a0f106a08fa1792c63b3699453329cc2d6,379.0,35.0,-344.0,344.0,unknown,paper_commit_missing
control,VirtualFlow/VFVS,2024-10,code_smells,both,paper_commit_missing,False,,408299a0f106a08fa1792c63b3699453329cc2d6,379.0,35.0,-344.0,344.0,unknown,paper_commit_missing
control,VirtualFlow/VFVS,2024-11,code_smells,both,paper_commit_missing,False,,408299a0f106a08fa1792c63b3699453329cc2d6,379.0,35.0,-344.0,344.0,unknown,paper_commit_missing
control,VirtualFlow/VFVS,2024-12,code_smells,both,paper_commit_missing,False,,408299a0f106a08fa1792c63b3699453329cc2d6,379.0,35.0,-344.0,344.0,unknown,paper_commit_missing
control,VirtualFlow/VFVS,2025-01,code_smells,both,paper_commit_missing,False,,408299a0f106a08fa1792c63b3699453329cc2d6,379.0,35.0,-344.0,344.0,unknown,paper_commit_missing
control,VirtualFlow/VFVS,2025-02,code_smells,both,paper_commit_missing,False,,408299a0f106a08fa1792c63b3699453329cc2d6,379.0,35.0,-344.0,344.0,unknown,paper_commit_missing
control,VirtualFlow/VFVS,2025-03,code_smells,both,paper_commit_missing,False,,408299a0f106a08fa1792c63b3699453329cc2d6,379.0,35.0,-344.0,344.0,unknown,paper_commit_missing
control,VirtualFlow/VFVS,2025-04,code_smells,both,paper_commit_missing,False,,408299a0f106a08fa1792c63b3699453329cc2d6,379.0,35.0,-344.0,344.0,unknown,paper_commit_missing
control,VirtualFlow/VFVS,2025-05,code_smells,both,paper_commit_missing,False,,408299a0f106a08fa1792c63b3699453329cc2d6,379.0,35.0,-344.0,344.0,unknown,paper_commit_missing
control,VirtualFlow/VFVS,2025-06,code_smells,both,paper_commit_missing,False,,408299a0f106a08fa1792c63b3699453329cc2d6,379.0,35.0,-344.0,344.0,unknown,paper_commit_missing
control,VirtualFlow/VFVS,2025-07,code_smells,both,paper_commit_missing,False,,408299a0f106a08fa1792c63b3699453329cc2d6,379.0,35.0,-344.0,344.0,unknown,paper_commit_missing
control,PennyLaneAI/catalyst,2025-05,code_smells,both,exact_match,True,06db0834814629bbac4bea9188101898cc4b0a91,06db0834814629bbac4bea9188101898cc4b0a91,631.0,288.0,-343.0,343.0,ncloc_identical,rule_config_analyzer_profile_signal
control,PennyLaneAI/catalyst,2024-09,static_analysis_warnings,both,exact_match,True,50635c76e940677a89e4055307c9eb1083a36600,50635c76e940677a89e4055307c9eb1083a36600,630.0,288.0,-342.0,342.0,ncloc_close,source_scope_difference_or_mixed
control,PennyLaneAI/catalyst,2024-10,static_analysis_warnings,both,exact_match,True,0e1c24d7ef626f18800978df9cd34e5177da042d,0e1c24d7ef626f18800978df9cd34e5177da042d,633.0,293.0,-340.0,340.0,ncloc_close,source_scope_difference_or_mixed
control,PennyLaneAI/catalyst,2025-04,code_smells,both,exact_match,True,6b142ed845381abc56f14054aa2abaec7e34b6c7,6b142ed845381abc56f14054aa2abaec7e34b6c7,623.0,287.0,-336.0,336.0,ncloc_close,source_scope_difference_or_mixed
control,PennyLaneAI/catalyst,2025-03,code_smells,both,exact_match,True,d5329df09ed618392f858c17160e1d7833a2588c,d5329df09ed618392f858c17160e1d7833a2588c,610.0,283.0,-327.0,327.0,ncloc_identical,rule_config_analyzer_profile_signal
control,PennyLaneAI/catalyst,2024-12,code_smells,both,exact_match,True,4ab437d35491088597bb6f2e4261bab3c3cedc2b,4ab437d35491088597bb6f2e4261bab3c3cedc2b,619.0,297.0,-322.0,322.0,ncloc_identical,rule_config_analyzer_profile_signal
control,PennyLaneAI/catalyst,2025-01,code_smells,both,exact_match,True,d7391b2a18820e80af59095204f668f1758e2278,d7391b2a18820e80af59095204f668f1758e2278,597.0,275.0,-322.0,322.0,ncloc_identical,rule_config_analyzer_profile_signal
control,PennyLaneAI/catalyst,2025-02,code_smells,both,exact_match,True,f4f4105451484b80b4fb3f71dc41ff395c188cce,f4f4105451484b80b4fb3f71dc41ff395c188cce,600.0,278.0,-322.0,322.0,ncloc_identical,rule_config_analyzer_profile_signal
control,PennyLaneAI/catalyst,2024-11,code_smells,both,exact_match,True,61c06b1ba294325392f65f93ab7b9292e9fe1800,61c06b1ba294325392f65f93ab7b9292e9fe1800,592.0,277.0,-315.0,315.0,ncloc_close,source_scope_difference_or_mixed
control,PennyLaneAI/catalyst,2024-09,code_smells,both,exact_match,True,50635c76e940677a89e4055307c9eb1083a36600,50635c76e940677a89e4055307c9eb1083a36600,590.0,279.0,-311.0,311.0,ncloc_close,source_scope_difference_or_mixed
control,PennyLaneAI/catalyst,2024-10,code_smells,both,exact_match,True,0e1c24d7ef626f18800978df9cd34e5177da042d,0e1c24d7ef626f18800978df9cd34e5177da042d,593.0,284.0,-309.0,309.0,ncloc_close,source_scope_difference_or_mixed
treatment,Chocksy/qc-options-framework,2025-03,static_analysis_warnings,both,exact_match,True,e4ce33d3a1c00a3a017343a5e937ea0bb4e1e522,e4ce33d3a1c00a3a017343a5e937ea0bb4e1e522,1148.0,879.0,-269.0,269.0,ncloc_identical,rule_config_analyzer_profile_signal
treatment,Chocksy/qc-options-framework,2024-12,static_analysis_warnings,both,exact_match,True,a382960aba410d0af0234db18e653f1ed10634a0,a382960aba410d0af0234db18e653f1ed10634a0,1135.0,867.0,-268.0,268.0,ncloc_identical,rule_config_analyzer_profile_signal
treatment,Chocksy/qc-options-framework,2025-01,static_analysis_warnings,both,exact_match,True,2c53c7c3c63650bb5ab0ad698321326da37928ad,2c53c7c3c63650bb5ab0ad698321326da37928ad,1135.0,867.0,-268.0,268.0,ncloc_identical,rule_config_analyzer_profile_signal
treatment,Chocksy/qc-options-framework,2025-02,static_analysis_warnings,both,paper_commit_missing,False,,2c53c7c3c63650bb5ab0ad698321326da37928ad,1135.0,867.0,-268.0,268.0,unknown,paper_commit_missing
treatment,Chocksy/qc-options-framework,2024-11,static_analysis_warnings,both,exact_match,True,eac11d6d9fdffa581b21cfaf8a24f71639656376,eac11d6d9fdffa581b21cfaf8a24f71639656376,1126.0,860.0,-266.0,266.0,ncloc_identical,rule_config_analyzer_profile_signal
treatment,Chocksy/qc-options-framework,2025-03,code_smells,both,exact_match,True,e4ce33d3a1c00a3a017343a5e937ea0bb4e1e522,e4ce33d3a1c00a3a017343a5e937ea0bb4e1e522,1141.0,876.0,-265.0,265.0,ncloc_identical,rule_config_analyzer_profile_signal
treatment,Chocksy/qc-options-framework,2024-12,code_smells,both,exact_match,True,a382960aba410d0af0234db18e653f1ed10634a0,a382960aba410d0af0234db18e653f1ed10634a0,1129.0,865.0,-264.0,264.0,ncloc_identical,rule_config_analyzer_profile_signal
treatment,Chocksy/qc-options-framework,2025-01,code_smells,both,exact_match,True,2c53c7c3c63650bb5ab0ad698321326da37928ad,2c53c7c3c63650bb5ab0ad698321326da37928ad,1129.0,865.0,-264.0,264.0,ncloc_identical,rule_config_analyzer_profile_signal
treatment,Chocksy/qc-options-framework,2025-02,code_smells,both,paper_commit_missing,False,,2c53c7c3c63650bb5ab0ad698321326da37928ad,1129.0,865.0,-264.0,264.0,unknown,paper_commit_missing
treatment,Chocksy/qc-options-framework,2024-11,code_smells,both,exact_match,True,eac11d6d9fdffa581b21cfaf8a24f71639656376,eac11d6d9fdffa581b21cfaf8a24f71639656376,1119.0,857.0,-262.0,262.0,ncloc_identical,rule_config_analyzer_profile_signal
control,aio-libs/aiohttp,2024-02,static_analysis_warnings,both,exact_match,True,a75ed655d7200102bb0129445469a6f5b6fc7f45,a75ed655d7200102bb0129445469a6f5b6fc7f45,622.0,373.0,-249.0,249.0,ncloc_identical,rule_config_analyzer_profile_signal
control,PennyLaneAI/catalyst,2024-08,static_analysis_warnings,both,exact_match,True,00e67fd1a70931be2b7175bd200269561d6ec6f7,00e67fd1a70931be2b7175bd200269561d6ec6f7,524.0,278.0,-246.0,246.0,ncloc_close,source_scope_difference_or_mixed
control,aio-libs/aiohttp,2024-02,code_smells,both,exact_match,True,a75ed655d7200102bb0129445469a6f5b6fc7f45,a75ed655d7200102bb0129445469a6f5b6fc7f45,603.0,357.0,-246.0,246.0,ncloc_identical,rule_config_analyzer_profile_signal
control,aio-libs/aiohttp,2024-03,code_smells,both,exact_match,True,1542348fb93fabac142833d267c22210644c0b5e,1542348fb93fabac142833d267c22210644c0b5e,589.0,343.0,-246.0,246.0,ncloc_identical,rule_config_analyzer_profile_signal
control,aio-libs/aiohttp,2024-03,static_analysis_warnings,both,exact_match,True,1542348fb93fabac142833d267c22210644c0b5e,1542348fb93fabac142833d267c22210644c0b5e,604.0,358.0,-246.0,246.0,ncloc_identical,rule_config_analyzer_profile_signal
control,aio-libs/aiohttp,2024-04,static_analysis_warnings,both,exact_match,True,c215e56dc175e9da545e73b00531f743833e0de8,c215e56dc175e9da545e73b00531f743833e0de8,618.0,373.0,-245.0,245.0,ncloc_identical,rule_config_analyzer_profile_signal
control,aio-libs/aiohttp,2024-01,code_smells,both,exact_match,True,fa2bb5d2594043ab7ebc6153f2c6ef3a728c328a,fa2bb5d2594043ab7ebc6153f2c6ef3a728c328a,582.0,338.0,-244.0,244.0,ncloc_identical,rule_config_analyzer_profile_signal
control,aio-libs/aiohttp,2024-01,static_analysis_warnings,both,exact_match,True,fa2bb5d2594043ab7ebc6153f2c6ef3a728c328a,fa2bb5d2594043ab7ebc6153f2c6ef3a728c328a,597.0,353.0,-244.0,244.0,ncloc_identical,rule_config_analyzer_profile_signal
control,aio-libs/aiohttp,2024-05,static_analysis_warnings,both,exact_match,True,25e3e41ad0012381f214886ff437b924a4fda2f2,25e3e41ad0012381f214886ff437b924a4fda2f2,618.0,374.0,-244.0,244.0,ncloc_identical,rule_config_analyzer_profile_signal
control,aio-libs/aiohttp,2024-06,static_analysis_warnings,both,exact_match,True,10e3940aff0945180b71193a45cedf927b4d448d,10e3940aff0945180b71193a45cedf927b4d448d,618.0,374.0,-244.0,244.0,ncloc_identical,rule_config_analyzer_profile_signal
control,aio-libs/aiohttp,2024-04,code_smells,both,exact_match,True,c215e56dc175e9da545e73b00531f743833e0de8,c215e56dc175e9da545e73b00531f743833e0de8,599.0,358.0,-241.0,241.0,ncloc_identical,rule_config_analyzer_profile_signal
control,aio-libs/aiohttp,2024-05,code_smells,both,exact_match,True,25e3e41ad0012381f214886ff437b924a4fda2f2,25e3e41ad0012381f214886ff437b924a4fda2f2,599.0,359.0,-240.0,240.0,ncloc_identical,rule_config_analyzer_profile_signal
control,aio-libs/aiohttp,2024-06,code_smells,both,exact_match,True,10e3940aff0945180b71193a45cedf927b4d448d,10e3940aff0945180b71193a45cedf927b4d448d,599.0,359.0,-240.0,240.0,ncloc_identical,rule_config_analyzer_profile_signal
control,aio-libs/aiohttp,2024-08,static_analysis_warnings,both,exact_match,True,b73a4c170c64e2691331542d30133df3d54032c0,b73a4c170c64e2691331542d30133df3d54032c0,626.0,392.0,-234.0,234.0,ncloc_identical,rule_config_analyzer_profile_signal
control,aio-libs/aiohttp,2024-07,static_analysis_warnings,both,exact_match,True,4c81115c0318aa2c7975cb92eeb8fcde9fc84f8f,4c81115c0318aa2c7975cb92eeb8fcde9fc84f8f,619.0,390.0,-229.0,229.0,ncloc_identical,rule_config_analyzer_profile_signal
control,aio-libs/aiohttp,2024-08,code_smells,both,exact_match,True,b73a4c170c64e2691331542d30133df3d54032c0,b73a4c170c64e2691331542d30133df3d54032c0,606.0,377.0,-229.0,229.0,ncloc_identical,rule_config_analyzer_profile_signal
treatment,cgevans/qslib,2025-05,static_analysis_warnings,both,paper_commit_missing,False,,d02b38180d3a4f06775d13e613b0f382447d7c6b,227.0,1.0,-226.0,226.0,unknown,paper_commit_missing
control,aio-libs/aiohttp,2024-07,code_smells,both,exact_match,True,4c81115c0318aa2c7975cb92eeb8fcde9fc84f8f,4c81115c0318aa2c7975cb92eeb8fcde9fc84f8f,599.0,375.0,-224.0,224.0,ncloc_identical,rule_config_analyzer_profile_signal
control,PennyLaneAI/catalyst,2024-07,static_analysis_warnings,both,exact_match,True,9f8c66353f0240787a394ac725e7ffd239f5a448,9f8c66353f0240787a394ac725e7ffd239f5a448,496.0,273.0,-223.0,223.0,ncloc_close,source_scope_difference_or_mixed
control,jacebrowning/datafiles,2024-10,code_smells,both,exact_match,True,46280de29975a61a5d4cd09f36c806a2fb7db769,46280de29975a61a5d4cd09f36c806a2fb7db769,260.0,41.0,-219.0,219.0,ncloc_identical,rule_config_analyzer_profile_signal
control,jacebrowning/datafiles,2024-11,code_smells,both,exact_match,True,51ad26394a2b99ed8dfab0bd1538abfca73db233,51ad26394a2b99ed8dfab0bd1538abfca73db233,260.0,41.0,-219.0,219.0,ncloc_identical,rule_config_analyzer_profile_signal
control,jacebrowning/datafiles,2024-12,code_smells,both,paper_commit_missing,False,,51ad26394a2b99ed8dfab0bd1538abfca73db233,260.0,41.0,-219.0,219.0,unknown,paper_commit_missing
control,jacebrowning/datafiles,2025-01,code_smells,both,paper_commit_missing,False,,51ad26394a2b99ed8dfab0bd1538abfca73db233,260.0,41.0,-219.0,219.0,unknown,paper_commit_missing
control,jacebrowning/datafiles,2025-02,code_smells,both,exact_match,True,4c2b99a126d0f7ad8d13f5c55e098b07c3f51045,4c2b99a126d0f7ad8d13f5c55e098b07c3f51045,259.0,41.0,-218.0,218.0,ncloc_identical,rule_config_analyzer_profile_signal
control,jacebrowning/datafiles,2025-03,code_smells,both,paper_commit_missing,False,,4c2b99a126d0f7ad8d13f5c55e098b07c3f51045,259.0,41.0,-218.0,218.0,unknown,paper_commit_missing
control,jacebrowning/datafiles,2025-04,code_smells,both,exact_match,True,e07b38ed8d6e89f0887aa5ec6712934467742b36,e07b38ed8d6e89f0887aa5ec6712934467742b36,259.0,41.0,-218.0,218.0,ncloc_identical,rule_config_analyzer_profile_signal
control,jacebrowning/datafiles,2025-05,code_smells,both,exact_match,True,7516af8388fd968e6b7abbfb0df7d51d658142d2,7516af8388fd968e6b7abbfb0df7d51d658142d2,259.0,41.0,-218.0,218.0,ncloc_identical,rule_config_analyzer_profile_signal
control,jacebrowning/datafiles,2025-06,code_smells,both,exact_match,True,cb3628112394669d5a93a5804f4d6e23cf161eba,cb3628112394669d5a93a5804f4d6e23cf161eba,259.0,41.0,-218.0,218.0,ncloc_identical,rule_config_analyzer_profile_signal
control,jacebrowning/datafiles,2025-07,code_smells,both,exact_match,True,a7737126dae693f755013f0fcd11df7867274df6,a7737126dae693f755013f0fcd11df7867274df6,259.0,41.0,-218.0,218.0,ncloc_identical,rule_config_analyzer_profile_signal
control,jacebrowning/datafiles,2024-05,code_smells,both,exact_match,True,59566a650f2624f2fc214bd9d8b3c5e7d825da57,59566a650f2624f2fc214bd9d8b3c5e7d825da57,258.0,41.0,-217.0,217.0,ncloc_identical,rule_config_analyzer_profile_signal
control,jacebrowning/datafiles,2024-06,code_smells,both,paper_commit_missing,False,,59566a650f2624f2fc214bd9d8b3c5e7d825da57,258.0,41.0,-217.0,217.0,unknown,paper_commit_missing
control,jacebrowning/datafiles,2024-07,code_smells,both,exact_match,True,8840d02caab67fec49efe08a7912d1f39949a100,8840d02caab67fec49efe08a7912d1f39949a100,258.0,41.0,-217.0,217.0,ncloc_identical,rule_config_analyzer_profile_signal
control,jacebrowning/datafiles,2024-08,code_smells,both,exact_match,True,03281501945c2ae93ad35c5a618178d65bb2d0d8,03281501945c2ae93ad35c5a618178d65bb2d0d8,258.0,41.0,-217.0,217.0,ncloc_identical,rule_config_analyzer_profile_signal
control,jacebrowning/datafiles,2024-09,code_smells,both,paper_commit_missing,False,,03281501945c2ae93ad35c5a618178d65bb2d0d8,258.0,41.0,-217.0,217.0,unknown,paper_commit_missing
control,PennyLaneAI/catalyst,2024-06,static_analysis_warnings,both,exact_match,True,48948061e2d6a9d4ef1fbceb9f0503d2848958fd,48948061e2d6a9d4ef1fbceb9f0503d2848958fd,447.0,231.0,-216.0,216.0,ncloc_close,source_scope_difference_or_mixed
control,PennyLaneAI/catalyst,2024-08,code_smells,both,exact_match,True,00e67fd1a70931be2b7175bd200269561d6ec6f7,00e67fd1a70931be2b7175bd200269561d6ec6f7,485.0,269.0,-216.0,216.0,ncloc_close,source_scope_difference_or_mixed
control,jacebrowning/datafiles,2024-01,code_smells,both,exact_match,True,47ae5be927e7c079ca0b9a6b01b811bf9ffcf9bd,47ae5be927e7c079ca0b9a6b01b811bf9ffcf9bd,257.0,41.0,-216.0,216.0,ncloc_identical,rule_config_analyzer_profile_signal
control,jacebrowning/datafiles,2024-02,code_smells,both,paper_commit_missing,False,,47ae5be927e7c079ca0b9a6b01b811bf9ffcf9bd,257.0,41.0,-216.0,216.0,unknown,paper_commit_missing
control,jacebrowning/datafiles,2024-03,code_smells,both,exact_match,True,fc623e81f9e7476938a04e191b471aa90dc11d76,fc623e81f9e7476938a04e191b471aa90dc11d76,257.0,41.0,-216.0,216.0,ncloc_identical,rule_config_analyzer_profile_signal
control,jacebrowning/datafiles,2024-04,code_smells,both,paper_commit_missing,False,,fc623e81f9e7476938a04e191b471aa90dc11d76,257.0,41.0,-216.0,216.0,unknown,paper_commit_missing
treatment,Hankanman/Area-Occupancy-Detection,2025-06,static_analysis_warnings,both,mismatch,False,f0210dfef813f845b4e66ef0fd75727173c2248d,f58755cc8f73b85fb26ebf5e1b94c4a542457636,281.0,67.0,-214.0,214.0,unknown,commit_selection_difference
treatment,cgevans/qslib,2025-05,code_smells,both,paper_commit_missing,False,,d02b38180d3a4f06775d13e613b0f382447d7c6b,209.0,1.0,-208.0,208.0,unknown,paper_commit_missing
treatment,Hankanman/Area-Occupancy-Detection,2025-07,static_analysis_warnings,both,mismatch,False,47f11ad1045f73fa16377418df37b933c6f35f44,0d02b4e4a8a0ab050ac2516d063354f9306cc0b4,286.0,85.0,-201.0,201.0,unknown,commit_selection_difference
control,aio-libs/aiohttp,2025-03,static_analysis_warnings,both,exact_match,True,d2d3621211348aecb3d568e634ba0abb016b6009,d2d3621211348aecb3d568e634ba0abb016b6009,567.0,366.0,-201.0,201.0,ncloc_close,source_scope_difference_or_mixed
control,aio-libs/aiohttp,2024-11,static_analysis_warnings,both,exact_match,True,a37c4f28b7e3a4d19de283b36133abf9f4cb73cc,a37c4f28b7e3a4d19de283b36133abf9f4cb73cc,560.0,364.0,-196.0,196.0,ncloc_close,source_scope_difference_or_mixed
control,PennyLaneAI/catalyst,2024-07,code_smells,both,exact_match,True,9f8c66353f0240787a394ac725e7ffd239f5a448,9f8c66353f0240787a394ac725e7ffd239f5a448,459.0,264.0,-195.0,195.0,ncloc_close,source_scope_difference_or_mixed
control,aio-libs/aiohttp,2024-10,static_analysis_warnings,both,exact_match,True,e86b72f663ab1918e588853bf5fe5f458f72dbf2,e86b72f663ab1918e588853bf5fe5f458f72dbf2,549.0,355.0,-194.0,194.0,ncloc_close,source_scope_difference_or_mixed
control,aio-libs/aiohttp,2025-01,static_analysis_warnings,both,exact_match,True,3ef5f00f4cb4b4f7b2d6080485b399207c6a525f,3ef5f00f4cb4b4f7b2d6080485b399207c6a525f,560.0,367.0,-193.0,193.0,ncloc_close,source_scope_difference_or_mixed
control,aio-libs/aiohttp,2024-09,static_analysis_warnings,both,exact_match,True,22a12cc2e2ef289d9e96fd87dfc17272177e52ac,22a12cc2e2ef289d9e96fd87dfc17272177e52ac,549.0,357.0,-192.0,192.0,ncloc_identical,rule_config_analyzer_profile_signal
control,aio-libs/aiohttp,2024-12,static_analysis_warnings,both,exact_match,True,b103bbca6b753e5b5357367cbaed10c7eade5a44,b103bbca6b753e5b5357367cbaed10c7eade5a44,561.0,369.0,-192.0,192.0,ncloc_close,source_scope_difference_or_mixed
control,aio-libs/aiohttp,2025-06,static_analysis_warnings,both,exact_match,True,84a2bf121836b29cdf8b2a9aa3308cb6dcc9fb35,84a2bf121836b29cdf8b2a9aa3308cb6dcc9fb35,620.0,429.0,-191.0,191.0,ncloc_close,source_scope_difference_or_mixed
control,PennyLaneAI/catalyst,2024-06,code_smells,both,exact_match,True,48948061e2d6a9d4ef1fbceb9f0503d2848958fd,48948061e2d6a9d4ef1fbceb9f0503d2848958fd,414.0,224.0,-190.0,190.0,ncloc_close,source_scope_difference_or_mixed
control,aio-libs/aiohttp,2025-05,static_analysis_warnings,both,exact_match,True,1710f059dd6c63fcac1efbfd041b1e1cdda9f474,1710f059dd6c63fcac1efbfd041b1e1cdda9f474,608.0,422.0,-186.0,186.0,ncloc_close,source_scope_difference_or_mixed
control,aio-libs/aiohttp,2024-10,code_smells,both,exact_match,True,e86b72f663ab1918e588853bf5fe5f458f72dbf2,e86b72f663ab1918e588853bf5fe5f458f72dbf2,528.0,345.0,-183.0,183.0,ncloc_close,source_scope_difference_or_mixed
control,aio-libs/aiohttp,2025-03,code_smells,both,exact_match,True,d2d3621211348aecb3d568e634ba0abb016b6009,d2d3621211348aecb3d568e634ba0abb016b6009,539.0,356.0,-183.0,183.0,ncloc_close,source_scope_difference_or_mixed
control,aio-libs/aiohttp,2024-09,code_smells,both,exact_match,True,22a12cc2e2ef289d9e96fd87dfc17272177e52ac,22a12cc2e2ef289d9e96fd87dfc17272177e52ac,528.0,346.0,-182.0,182.0,ncloc_identical,rule_config_analyzer_profile_signal
control,aio-libs/aiohttp,2024-11,code_smells,both,exact_match,True,a37c4f28b7e3a4d19de283b36133abf9f4cb73cc,a37c4f28b7e3a4d19de283b36133abf9f4cb73cc,533.0,354.0,-179.0,179.0,ncloc_close,source_scope_difference_or_mixed
control,dymmond/edgy,2025-07,static_analysis_warnings,both,exact_match,True,2539500a350d0adbcb0486ba4525a8862ac753dd,2539500a350d0adbcb0486ba4525a8862ac753dd,376.0,197.0,-179.0,179.0,ncloc_identical,rule_config_analyzer_profile_signal
control,dymmond/edgy,2025-08,static_analysis_warnings,both,paper_commit_missing,False,,2539500a350d0adbcb0486ba4525a8862ac753dd,376.0,197.0,-179.0,179.0,unknown,paper_commit_missing
control,aio-libs/aiohttp,2025-01,code_smells,both,exact_match,True,3ef5f00f4cb4b4f7b2d6080485b399207c6a525f,3ef5f00f4cb4b4f7b2d6080485b399207c6a525f,532.0,356.0,-176.0,176.0,ncloc_close,source_scope_difference_or_mixed
control,aio-libs/aiohttp,2024-12,code_smells,both,exact_match,True,b103bbca6b753e5b5357367cbaed10c7eade5a44,b103bbca6b753e5b5357367cbaed10c7eade5a44,533.0,358.0,-175.0,175.0,ncloc_close,source_scope_difference_or_mixed
control,PennyLaneAI/catalyst,2024-05,static_analysis_warnings,both,exact_match,True,de712cfd803d1a535a009a4a7edb38c898c7aa54,de712cfd803d1a535a009a4a7edb38c898c7aa54,379.0,211.0,-168.0,168.0,ncloc_close,source_scope_difference_or_mixed
control,dymmond/edgy,2025-07,code_smells,both,exact_match,True,2539500a350d0adbcb0486ba4525a8862ac753dd,2539500a350d0adbcb0486ba4525a8862ac753dd,342.0,179.0,-163.0,163.0,ncloc_identical,rule_config_analyzer_profile_signal
control,dymmond/edgy,2025-08,code_smells,both,paper_commit_missing,False,,2539500a350d0adbcb0486ba4525a8862ac753dd,342.0,179.0,-163.0,163.0,unknown,paper_commit_missing
control,aio-libs/aiohttp,2025-05,code_smells,both,exact_match,True,1710f059dd6c63fcac1efbfd041b1e1cdda9f474,1710f059dd6c63fcac1efbfd041b1e1cdda9f474,572.0,411.0,-161.0,161.0,ncloc_close,source_scope_difference_or_mixed
control,aio-libs/aiohttp,2025-06,code_smells,both,exact_match,True,84a2bf121836b29cdf8b2a9aa3308cb6dcc9fb35,84a2bf121836b29cdf8b2a9aa3308cb6dcc9fb35,578.0,418.0,-160.0,160.0,ncloc_close,source_scope_difference_or_mixed
control,dymmond/edgy,2025-05,static_analysis_warnings,both,exact_match,True,e9c3ec3948d50eecc353884feac6b45abb753578,e9c3ec3948d50eecc353884feac6b45abb753578,376.0,216.0,-160.0,160.0,ncloc_identical,rule_config_analyzer_profile_signal
control,dymmond/edgy,2025-06,static_analysis_warnings,both,exact_match,True,296c59535df2ac0485f1bcb2616e23cfe596db99,296c59535df2ac0485f1bcb2616e23cfe596db99,375.0,216.0,-159.0,159.0,ncloc_identical,rule_config_analyzer_profile_signal
control,PennyLaneAI/catalyst,2024-04,static_analysis_warnings,both,exact_match,True,bd4766f85314aa110a202991d38338ac969fc846,bd4766f85314aa110a202991d38338ac969fc846,370.0,212.0,-158.0,158.0,ncloc_close,source_scope_difference_or_mixed
control,PennyLaneAI/catalyst,2024-03,static_analysis_warnings,both,exact_match,True,72698d8120bd691e7c197bb7c852e1228a261db4,72698d8120bd691e7c197bb7c852e1228a261db4,363.0,209.0,-154.0,154.0,ncloc_close,source_scope_difference_or_mixed
control,PennyLaneAI/catalyst,2024-02,static_analysis_warnings,both,exact_match,True,2689a354b64ab9e15859dc3155414b1e0f28b127,2689a354b64ab9e15859dc3155414b1e0f28b127,343.0,190.0,-153.0,153.0,ncloc_close,source_scope_difference_or_mixed
control,believethehype/nostrdvm,2024-09,code_smells,both,exact_match,True,9a17d966d31a71d931ba83375444e30a12525fcd,9a17d966d31a71d931ba83375444e30a12525fcd,1384.0,1233.0,-151.0,151.0,ncloc_close,source_scope_difference_or_mixed
control,believethehype/nostrdvm,2024-09,static_analysis_warnings,both,exact_match,True,9a17d966d31a71d931ba83375444e30a12525fcd,9a17d966d31a71d931ba83375444e30a12525fcd,1425.0,1277.0,-148.0,148.0,ncloc_close,source_scope_difference_or_mixed
control,believethehype/nostrdvm,2025-02,code_smells,both,exact_match,True,963c39ee31b67106336fa28dd56c73d065349a3d,963c39ee31b67106336fa28dd56c73d065349a3d,1333.0,1187.0,-146.0,146.0,ncloc_close,source_scope_difference_or_mixed
control,believethehype/nostrdvm,2025-03,code_smells,both,exact_match,True,12d618e1897f5aeebbb669573f95b24b865bcf83,12d618e1897f5aeebbb669573f95b24b865bcf83,1333.0,1187.0,-146.0,146.0,ncloc_close,source_scope_difference_or_mixed
control,believethehype/nostrdvm,2025-04,code_smells,both,exact_match,True,f793b498e47e0ce9e9944d4d54e215b8c88d40f7,f793b498e47e0ce9e9944d4d54e215b8c88d40f7,1333.0,1187.0,-146.0,146.0,ncloc_close,source_scope_difference_or_mixed
control,believethehype/nostrdvm,2025-05,code_smells,both,exact_match,True,80314c16683b64155db66144dfd93f4e3179e0aa,80314c16683b64155db66144dfd93f4e3179e0aa,1335.0,1189.0,-146.0,146.0,ncloc_close,source_scope_difference_or_mixed
control,believethehype/nostrdvm,2025-06,code_smells,both,paper_commit_missing,False,,80314c16683b64155db66144dfd93f4e3179e0aa,1335.0,1189.0,-146.0,146.0,unknown,paper_commit_missing
control,believethehype/nostrdvm,2025-07,code_smells,both,paper_commit_missing,False,,80314c16683b64155db66144dfd93f4e3179e0aa,1335.0,1189.0,-146.0,146.0,unknown,paper_commit_missing
control,believethehype/nostrdvm,2025-08,code_smells,both,exact_match,True,e48dfe7e7ae497453383502f9de26ed22b0fc7e8,e48dfe7e7ae497453383502f9de26ed22b0fc7e8,1339.0,1193.0,-146.0,146.0,ncloc_close,source_scope_difference_or_mixed
control,dymmond/edgy,2025-05,code_smells,both,exact_match,True,e9c3ec3948d50eecc353884feac6b45abb753578,e9c3ec3948d50eecc353884feac6b45abb753578,344.0,200.0,-144.0,144.0,ncloc_identical,rule_config_analyzer_profile_signal
control,dymmond/edgy,2025-06,code_smells,both,exact_match,True,296c59535df2ac0485f1bcb2616e23cfe596db99,296c59535df2ac0485f1bcb2616e23cfe596db99,343.0,200.0,-143.0,143.0,ncloc_identical,rule_config_analyzer_profile_signal
control,PennyLaneAI/catalyst,2024-05,code_smells,both,exact_match,True,de712cfd803d1a535a009a4a7edb38c898c7aa54,de712cfd803d1a535a009a4a7edb38c898c7aa54,346.0,204.0,-142.0,142.0,ncloc_close,source_scope_difference_or_mixed
control,believethehype/nostrdvm,2024-10,code_smells,both,exact_match,True,25dfaa5d9d8d6f1953316fc9c07bb9236c842e40,25dfaa5d9d8d6f1953316fc9c07bb9236c842e40,1379.0,1237.0,-142.0,142.0,ncloc_close,source_scope_difference_or_mixed
control,PennyLaneAI/catalyst,2024-04,code_smells,both,exact_match,True,bd4766f85314aa110a202991d38338ac969fc846,bd4766f85314aa110a202991d38338ac969fc846,346.0,205.0,-141.0,141.0,ncloc_close,source_scope_difference_or_mixed
control,believethehype/nostrdvm,2025-01,code_smells,both,exact_match,True,86d96a4772f8f217bb372c7d811277420b6cc930,86d96a4772f8f217bb372c7d811277420b6cc930,1295.0,1156.0,-139.0,139.0,ncloc_close,source_scope_difference_or_mixed
control,believethehype/nostrdvm,2024-08,code_smells,both,exact_match,True,8785288c9792a28f5aca7b34d63951113ed0ba70,8785288c9792a28f5aca7b34d63951113ed0ba70,1180.0,1042.0,-138.0,138.0,ncloc_close,source_scope_difference_or_mixed
control,PennyLaneAI/catalyst,2024-03,code_smells,both,exact_match,True,72698d8120bd691e7c197bb7c852e1228a261db4,72698d8120bd691e7c197bb7c852e1228a261db4,339.0,202.0,-137.0,137.0,ncloc_close,source_scope_difference_or_mixed
control,believethehype/nostrdvm,2024-10,static_analysis_warnings,both,exact_match,True,25dfaa5d9d8d6f1953316fc9c07bb9236c842e40,25dfaa5d9d8d6f1953316fc9c07bb9236c842e40,1418.0,1281.0,-137.0,137.0,ncloc_close,source_scope_difference_or_mixed
control,PennyLaneAI/catalyst,2024-01,static_analysis_warnings,both,exact_match,True,96a8d1eb8531937461a9449da5af3354a7322675,96a8d1eb8531937461a9449da5af3354a7322675,290.0,154.0,-136.0,136.0,ncloc_close,source_scope_difference_or_mixed
control,PennyLaneAI/catalyst,2024-02,code_smells,both,exact_match,True,2689a354b64ab9e15859dc3155414b1e0f28b127,2689a354b64ab9e15859dc3155414b1e0f28b127,319.0,183.0,-136.0,136.0,ncloc_close,source_scope_difference_or_mixed
control,aio-libs/aiohttp,2025-04,static_analysis_warnings,both,exact_match,True,299fe00a2b7b1f5def7daa98260263a61bc9772d,299fe00a2b7b1f5def7daa98260263a61bc9772d,512.0,376.0,-136.0,136.0,ncloc_different,source_scope_difference_or_mixed
control,believethehype/nostrdvm,2024-11,code_smells,both,exact_match,True,8dedff5b20dcbaa64f40672faadb34c93b5111d2,8dedff5b20dcbaa64f40672faadb34c93b5111d2,1251.0,1115.0,-136.0,136.0,ncloc_close,source_scope_difference_or_mixed
control,believethehype/nostrdvm,2024-12,code_smells,both,exact_match,True,09873fd990809b06cc4218215f48575c41c969e3,09873fd990809b06cc4218215f48575c41c969e3,1277.0,1142.0,-135.0,135.0,ncloc_close,source_scope_difference_or_mixed
treatment,OpenSPP/openspp-modules,2024-12,code_smells,both,exact_match,True,026e469c043e4d009ffca22d01df4141527ee06c,026e469c043e4d009ffca22d01df4141527ee06c,736.0,604.0,-132.0,132.0,ncloc_close,source_scope_difference_or_mixed
treatment,OpenSPP/openspp-modules,2025-01,code_smells,both,exact_match,True,f0b4ccd97823138abe97f586925dcd04d95e2963,f0b4ccd97823138abe97f586925dcd04d95e2963,738.0,606.0,-132.0,132.0,ncloc_close,source_scope_difference_or_mixed
control,believethehype/nostrdvm,2024-08,static_analysis_warnings,both,exact_match,True,8785288c9792a28f5aca7b34d63951113ed0ba70,8785288c9792a28f5aca7b34d63951113ed0ba70,1217.0,1086.0,-131.0,131.0,ncloc_close,source_scope_difference_or_mixed
control,believethehype/nostrdvm,2025-01,static_analysis_warnings,both,exact_match,True,86d96a4772f8f217bb372c7d811277420b6cc930,86d96a4772f8f217bb372c7d811277420b6cc930,1336.0,1207.0,-129.0,129.0,ncloc_close,source_scope_difference_or_mixed
control,believethehype/nostrdvm,2024-11,static_analysis_warnings,both,exact_match,True,8dedff5b20dcbaa64f40672faadb34c93b5111d2,8dedff5b20dcbaa64f40672faadb34c93b5111d2,1291.0,1163.0,-128.0,128.0,ncloc_close,source_scope_difference_or_mixed
control,believethehype/nostrdvm,2025-02,static_analysis_warnings,both,exact_match,True,963c39ee31b67106336fa28dd56c73d065349a3d,963c39ee31b67106336fa28dd56c73d065349a3d,1374.0,1246.0,-128.0,128.0,ncloc_close,source_scope_difference_or_mixed
control,believethehype/nostrdvm,2025-03,static_analysis_warnings,both,exact_match,True,12d618e1897f5aeebbb669573f95b24b865bcf83,12d618e1897f5aeebbb669573f95b24b865bcf83,1374.0,1246.0,-128.0,128.0,ncloc_close,source_scope_difference_or_mixed
control,believethehype/nostrdvm,2025-04,static_analysis_warnings,both,exact_match,True,f793b498e47e0ce9e9944d4d54e215b8c88d40f7,f793b498e47e0ce9e9944d4d54e215b8c88d40f7,1374.0,1246.0,-128.0,128.0,ncloc_close,source_scope_difference_or_mixed
control,believethehype/nostrdvm,2025-05,static_analysis_warnings,both,exact_match,True,80314c16683b64155db66144dfd93f4e3179e0aa,80314c16683b64155db66144dfd93f4e3179e0aa,1376.0,1248.0,-128.0,128.0,ncloc_close,source_scope_difference_or_mixed
control,believethehype/nostrdvm,2025-06,static_analysis_warnings,both,paper_commit_missing,False,,80314c16683b64155db66144dfd93f4e3179e0aa,1376.0,1248.0,-128.0,128.0,unknown,paper_commit_missing
control,believethehype/nostrdvm,2025-07,static_analysis_warnings,both,paper_commit_missing,False,,80314c16683b64155db66144dfd93f4e3179e0aa,1376.0,1248.0,-128.0,128.0,unknown,paper_commit_missing
control,aio-libs/aiohttp,2025-02,static_analysis_warnings,both,exact_match,True,a5f520552d95fd0b348c9183cd51b38869a49334,a5f520552d95fd0b348c9183cd51b38869a49334,500.0,373.0,-127.0,127.0,ncloc_close,source_scope_difference_or_mixed
control,believethehype/nostrdvm,2025-08,static_analysis_warnings,both,exact_match,True,e48dfe7e7ae497453383502f9de26ed22b0fc7e8,e48dfe7e7ae497453383502f9de26ed22b0fc7e8,1379.0,1252.0,-127.0,127.0,ncloc_close,source_scope_difference_or_mixed
control,aio-libs/aiohttp,2025-07,static_analysis_warnings,both,exact_match,True,f6941e738fd5f8b3b110dcf7d1e63ee41de86a70,f6941e738fd5f8b3b110dcf7d1e63ee41de86a70,557.0,433.0,-124.0,124.0,ncloc_close,source_scope_difference_or_mixed
control,aio-libs/aiohttp,2025-08,static_analysis_warnings,both,exact_match,True,acfc2e6e34e36c5afadc665ac3a6ffb5c1e00234,acfc2e6e34e36c5afadc665ac3a6ffb5c1e00234,557.0,433.0,-124.0,124.0,ncloc_close,source_scope_difference_or_mixed
control,aio-libs/aiohttp,2025-04,code_smells,both,exact_match,True,299fe00a2b7b1f5def7daa98260263a61bc9772d,299fe00a2b7b1f5def7daa98260263a61bc9772d,489.0,366.0,-123.0,123.0,ncloc_different,source_scope_difference_or_mixed
control,believethehype/nostrdvm,2024-12,static_analysis_warnings,both,exact_match,True,09873fd990809b06cc4218215f48575c41c969e3,09873fd990809b06cc4218215f48575c41c969e3,1315.0,1192.0,-123.0,123.0,ncloc_close,source_scope_difference_or_mixed
control,PennyLaneAI/catalyst,2024-01,code_smells,both,exact_match,True,96a8d1eb8531937461a9449da5af3354a7322675,96a8d1eb8531937461a9449da5af3354a7322675,269.0,147.0,-122.0,122.0,ncloc_close,source_scope_difference_or_mixed
treatment,OpenSPP/openspp-modules,2024-11,code_smells,both,exact_match,True,5f3a46921e55abdb97b68723af5308aabac1ea0d,5f3a46921e55abdb97b68723af5308aabac1ea0d,722.0,601.0,-121.0,121.0,ncloc_close,source_scope_difference_or_mixed
treatment,OpenSPP/openspp-modules,2024-12,static_analysis_warnings,both,exact_match,True,026e469c043e4d009ffca22d01df4141527ee06c,026e469c043e4d009ffca22d01df4141527ee06c,910.0,789.0,-121.0,121.0,ncloc_close,source_scope_difference_or_mixed
treatment,OpenSPP/openspp-modules,2025-01,static_analysis_warnings,both,exact_match,True,f0b4ccd97823138abe97f586925dcd04d95e2963,f0b4ccd97823138abe97f586925dcd04d95e2963,912.0,791.0,-121.0,121.0,ncloc_close,source_scope_difference_or_mixed
treatment,OpenSPP/openspp-modules,2025-02,code_smells,both,exact_match,True,5fa3f4c3be440db533d57fbb118fc03ddcd0c3b5,5fa3f4c3be440db533d57fbb118fc03ddcd0c3b5,741.0,621.0,-120.0,120.0,ncloc_close,source_scope_difference_or_mixed
treatment,OpenSPP/openspp-modules,2025-03,code_smells,both,exact_match,True,aa7a32f1654f2bb6d0dab7705d099a4d23db93c8,aa7a32f1654f2bb6d0dab7705d099a4d23db93c8,774.0,654.0,-120.0,120.0,ncloc_close,source_scope_difference_or_mixed
treatment,OpenSPP/openspp-modules,2025-04,code_smells,both,exact_match,True,d9435af911347aca6f33c1e847a64f4309f63c83,d9435af911347aca6f33c1e847a64f4309f63c83,774.0,654.0,-120.0,120.0,ncloc_close,source_scope_difference_or_mixed
treatment,OpenSPP/openspp-modules,2025-05,code_smells,both,exact_match,True,9783d4150a596167e276f941b23db0abfb41fd5f,9783d4150a596167e276f941b23db0abfb41fd5f,755.0,638.0,-117.0,117.0,ncloc_close,source_scope_difference_or_mixed
treatment,OpenSPP/openspp-modules,2025-06,code_smells,both,exact_match,True,5b93758fc556b726ca84e652fa2b3601f4d740b2,5b93758fc556b726ca84e652fa2b3601f4d740b2,755.0,638.0,-117.0,117.0,ncloc_close,source_scope_difference_or_mixed
treatment,OpenSPP/openspp-modules,2025-07,code_smells,both,exact_match,True,3ab7cfe800078ca0da9dfc42948af2fff32db2bb,3ab7cfe800078ca0da9dfc42948af2fff32db2bb,755.0,638.0,-117.0,117.0,ncloc_close,source_scope_difference_or_mixed
control,aio-libs/aiohttp,2025-02,code_smells,both,exact_match,True,a5f520552d95fd0b348c9183cd51b38869a49334,a5f520552d95fd0b348c9183cd51b38869a49334,478.0,365.0,-113.0,113.0,ncloc_close,source_scope_difference_or_mixed
treatment,OpenSPP/openspp-modules,2025-02,static_analysis_warnings,both,exact_match,True,5fa3f4c3be440db533d57fbb118fc03ddcd0c3b5,5fa3f4c3be440db533d57fbb118fc03ddcd0c3b5,907.0,796.0,-111.0,111.0,ncloc_close,source_scope_difference_or_mixed
treatment,OpenSPP/openspp-modules,2025-03,static_analysis_warnings,both,exact_match,True,aa7a32f1654f2bb6d0dab7705d099a4d23db93c8,aa7a32f1654f2bb6d0dab7705d099a4d23db93c8,941.0,830.0,-111.0,111.0,ncloc_close,source_scope_difference_or_mixed
treatment,OpenSPP/openspp-modules,2025-04,static_analysis_warnings,both,exact_match,True,d9435af911347aca6f33c1e847a64f4309f63c83,d9435af911347aca6f33c1e847a64f4309f63c83,941.0,830.0,-111.0,111.0,ncloc_close,source_scope_difference_or_mixed
treatment,OpenSPP/openspp-modules,2024-11,static_analysis_warnings,both,exact_match,True,5f3a46921e55abdb97b68723af5308aabac1ea0d,5f3a46921e55abdb97b68723af5308aabac1ea0d,896.0,786.0,-110.0,110.0,ncloc_close,source_scope_difference_or_mixed
treatment,OpenSPP/openspp-modules,2024-08,code_smells,both,exact_match,True,ee3c2a33837392370f724af88090ac5725af2df3,ee3c2a33837392370f724af88090ac5725af2df3,598.0,489.0,-109.0,109.0,ncloc_close,source_scope_difference_or_mixed
treatment,OpenSPP/openspp-modules,2024-09,code_smells,both,exact_match,True,adf9c3e640dcf158b1939a67fc424a5a38f34b05,adf9c3e640dcf158b1939a67fc424a5a38f34b05,599.0,490.0,-109.0,109.0,ncloc_close,source_scope_difference_or_mixed
treatment,OpenSPP/openspp-modules,2024-10,code_smells,both,exact_match,True,8ab103e8b8df63345e967be734504433210de708,8ab103e8b8df63345e967be734504433210de708,703.0,595.0,-108.0,108.0,ncloc_close,source_scope_difference_or_mixed
treatment,OpenSPP/openspp-modules,2025-05,static_analysis_warnings,both,exact_match,True,9783d4150a596167e276f941b23db0abfb41fd5f,9783d4150a596167e276f941b23db0abfb41fd5f,922.0,814.0,-108.0,108.0,ncloc_close,source_scope_difference_or_mixed
treatment,OpenSPP/openspp-modules,2025-06,static_analysis_warnings,both,exact_match,True,5b93758fc556b726ca84e652fa2b3601f4d740b2,5b93758fc556b726ca84e652fa2b3601f4d740b2,922.0,814.0,-108.0,108.0,ncloc_close,source_scope_difference_or_mixed
treatment,OpenSPP/openspp-modules,2025-07,static_analysis_warnings,both,exact_match,True,3ab7cfe800078ca0da9dfc42948af2fff32db2bb,3ab7cfe800078ca0da9dfc42948af2fff32db2bb,922.0,814.0,-108.0,108.0,ncloc_close,source_scope_difference_or_mixed
treatment,ResearchHub/researchhub-backend,2024-01,code_smells,both,exact_match,True,fd34f4bcb44c74f5e5e65d22a4e60528b46c8c5e,fd34f4bcb44c74f5e5e65d22a4e60528b46c8c5e,943.0,836.0,-107.0,107.0,ncloc_close,source_scope_difference_or_mixed
treatment,ResearchHub/researchhub-backend,2024-02,code_smells,both,exact_match,True,082491f7b25a2fb7477f126520ad723aed615118,082491f7b25a2fb7477f126520ad723aed615118,968.0,862.0,-106.0,106.0,ncloc_close,source_scope_difference_or_mixed
treatment,OpenSPP/openspp-modules,2024-08,static_analysis_warnings,both,exact_match,True,ee3c2a33837392370f724af88090ac5725af2df3,ee3c2a33837392370f724af88090ac5725af2df3,602.0,502.0,-100.0,100.0,ncloc_close,source_scope_difference_or_mixed
treatment,OpenSPP/openspp-modules,2024-09,static_analysis_warnings,both,exact_match,True,adf9c3e640dcf158b1939a67fc424a5a38f34b05,adf9c3e640dcf158b1939a67fc424a5a38f34b05,603.0,503.0,-100.0,100.0,ncloc_close,source_scope_difference_or_mixed
treatment,OpenSPP/openspp-modules,2024-07,code_smells,both,exact_match,True,f022df49930204a30688e7b979ab155f18833dd5,f022df49930204a30688e7b979ab155f18833dd5,591.0,493.0,-98.0,98.0,ncloc_close,source_scope_difference_or_mixed
treatment,OpenSPP/openspp-modules,2024-10,static_analysis_warnings,both,exact_match,True,8ab103e8b8df63345e967be734504433210de708,8ab103e8b8df63345e967be734504433210de708,876.0,779.0,-97.0,97.0,ncloc_close,source_scope_difference_or_mixed
treatment,OpenSPP/openspp-modules,2024-06,code_smells,both,exact_match,True,2004f4bf223d5d003203bf1b8d2c60e4262a357a,2004f4bf223d5d003203bf1b8d2c60e4262a357a,572.0,476.0,-96.0,96.0,ncloc_close,source_scope_difference_or_mixed
control,aio-libs/aiohttp,2025-07,code_smells,both,exact_match,True,f6941e738fd5f8b3b110dcf7d1e63ee41de86a70,f6941e738fd5f8b3b110dcf7d1e63ee41de86a70,520.0,424.0,-96.0,96.0,ncloc_close,source_scope_difference_or_mixed
control,aio-libs/aiohttp,2025-08,code_smells,both,exact_match,True,acfc2e6e34e36c5afadc665ac3a6ffb5c1e00234,acfc2e6e34e36c5afadc665ac3a6ffb5c1e00234,520.0,424.0,-96.0,96.0,ncloc_close,source_scope_difference_or_mixed
treatment,OpenSPP/openspp-modules,2024-05,code_smells,both,exact_match,True,fd8842c5be918ecf40f5f85d99131591e52a5289,fd8842c5be918ecf40f5f85d99131591e52a5289,659.0,565.0,-94.0,94.0,ncloc_close,source_scope_difference_or_mixed
treatment,ericmjl/llamabot,2025-08,code_smells,both,exact_match,True,664caeb1ec878d73b10a60e210a111d8ff2ae612,664caeb1ec878d73b10a60e210a111d8ff2ae612,266.0,174.0,-92.0,92.0,ncloc_close,source_scope_difference_or_mixed
treatment,ericmjl/llamabot,2025-08,static_analysis_warnings,both,exact_match,True,664caeb1ec878d73b10a60e210a111d8ff2ae612,664caeb1ec878d73b10a60e210a111d8ff2ae612,283.0,192.0,-91.0,91.0,ncloc_close,source_scope_difference_or_mixed
treatment,OpenSPP/openspp-modules,2024-07,static_analysis_warnings,both,exact_match,True,f022df49930204a30688e7b979ab155f18833dd5,f022df49930204a30688e7b979ab155f18833dd5,595.0,506.0,-89.0,89.0,ncloc_close,source_scope_difference_or_mixed
treatment,ericmjl/llamabot,2025-07,code_smells,both,exact_match,True,876ea531ed292cbc9c57fe4577f17b64e119f8d0,876ea531ed292cbc9c57fe4577f17b64e119f8d0,255.0,166.0,-89.0,89.0,ncloc_close,source_scope_difference_or_mixed
treatment,OpenSPP/openspp-modules,2024-06,static_analysis_warnings,both,exact_match,True,2004f4bf223d5d003203bf1b8d2c60e4262a357a,2004f4bf223d5d003203bf1b8d2c60e4262a357a,576.0,489.0,-87.0,87.0,ncloc_close,source_scope_difference_or_mixed
treatment,ResearchHub/researchhub-backend,2024-03,code_smells,both,exact_match,True,846af110c8dbc352f7e5a367bfcb84015599ad69,846af110c8dbc352f7e5a367bfcb84015599ad69,952.0,865.0,-87.0,87.0,ncloc_close,source_scope_difference_or_mixed
treatment,OpenSPP/openspp-modules,2024-05,static_analysis_warnings,both,exact_match,True,fd8842c5be918ecf40f5f85d99131591e52a5289,fd8842c5be918ecf40f5f85d99131591e52a5289,663.0,578.0,-85.0,85.0,ncloc_close,source_scope_difference_or_mixed
treatment,ResearchHub/researchhub-backend,2024-04,code_smells,both,exact_match,True,3071ea750bcff8f981dfdc6550b191da46b16655,3071ea750bcff8f981dfdc6550b191da46b16655,915.0,830.0,-85.0,85.0,ncloc_close,source_scope_difference_or_mixed
treatment,ericmjl/llamabot,2025-07,static_analysis_warnings,both,exact_match,True,876ea531ed292cbc9c57fe4577f17b64e119f8d0,876ea531ed292cbc9c57fe4577f17b64e119f8d0,269.0,186.0,-83.0,83.0,ncloc_close,source_scope_difference_or_mixed
treatment,ResearchHub/researchhub-backend,2024-05,code_smells,both,exact_match,True,278ec825c32f29bc9d27e22e92294c537ef3b27a,278ec825c32f29bc9d27e22e92294c537ef3b27a,927.0,846.0,-81.0,81.0,ncloc_close,source_scope_difference_or_mixed
treatment,ResearchHub/researchhub-backend,2024-07,code_smells,both,exact_match,True,4c63758dee4c50db5933948ffba59f2bbe2bea2e,4c63758dee4c50db5933948ffba59f2bbe2bea2e,928.0,849.0,-79.0,79.0,ncloc_close,source_scope_difference_or_mixed
treatment,ResearchHub/researchhub-backend,2024-08,code_smells,both,exact_match,True,9c333f30a21dbdac8115428bde6af3668db475e3,9c333f30a21dbdac8115428bde6af3668db475e3,854.0,780.0,-74.0,74.0,ncloc_close,source_scope_difference_or_mixed
treatment,OpenSPP/openspp-modules,2024-03,static_analysis_warnings,both,exact_match,True,799fd97eb17fd65c8c7733052bac265f5c4b49c3,799fd97eb17fd65c8c7733052bac265f5c4b49c3,544.0,471.0,-73.0,73.0,ncloc_close,source_scope_difference_or_mixed
treatment,OpenSPP/openspp-modules,2024-04,static_analysis_warnings,both,exact_match,True,eff2549b7d5c1266d0a48e552c6244f9539c3e03,eff2549b7d5c1266d0a48e552c6244f9539c3e03,635.0,562.0,-73.0,73.0,ncloc_close,source_scope_difference_or_mixed
treatment,ResearchHub/researchhub-backend,2024-01,static_analysis_warnings,both,exact_match,True,fd34f4bcb44c74f5e5e65d22a4e60528b46c8c5e,fd34f4bcb44c74f5e5e65d22a4e60528b46c8c5e,1035.0,963.0,-72.0,72.0,ncloc_close,source_scope_difference_or_mixed
treatment,ResearchHub/researchhub-backend,2024-06,code_smells,both,exact_match,True,7de905300075c748dc563bca975343546e6c0ffd,7de905300075c748dc563bca975343546e6c0ffd,926.0,854.0,-72.0,72.0,ncloc_close,source_scope_difference_or_mixed
treatment,ResearchHub/researchhub-backend,2024-02,static_analysis_warnings,both,exact_match,True,082491f7b25a2fb7477f126520ad723aed615118,082491f7b25a2fb7477f126520ad723aed615118,1062.0,991.0,-71.0,71.0,ncloc_close,source_scope_difference_or_mixed
treatment,OpenSPP/openspp-modules,2024-04,code_smells,both,exact_match,True,eff2549b7d5c1266d0a48e552c6244f9539c3e03,eff2549b7d5c1266d0a48e552c6244f9539c3e03,619.0,552.0,-67.0,67.0,ncloc_close,source_scope_difference_or_mixed
treatment,ResearchHub/researchhub-backend,2025-01,code_smells,both,exact_match,True,05856cbd0bcd4603d524fc9fddb530764b608f55,05856cbd0bcd4603d524fc9fddb530764b608f55,755.0,688.0,-67.0,67.0,ncloc_close,source_scope_difference_or_mixed
treatment,ResearchHub/researchhub-backend,2025-02,code_smells,both,exact_match,True,512f30cd6e0d048732a1f6f6e3a2e7dcfd9e10df,512f30cd6e0d048732a1f6f6e3a2e7dcfd9e10df,713.0,648.0,-65.0,65.0,ncloc_close,source_scope_difference_or_mixed
control,believethehype/nostrdvm,2024-07,code_smells,both,exact_match,True,728db264af2b01dafe19e7352d4f6b55c5ff0ccb,728db264af2b01dafe19e7352d4f6b55c5ff0ccb,1035.0,970.0,-65.0,65.0,ncloc_close,source_scope_difference_or_mixed
treatment,OpenSPP/openspp-modules,2024-03,code_smells,both,exact_match,True,799fd97eb17fd65c8c7733052bac265f5c4b49c3,799fd97eb17fd65c8c7733052bac265f5c4b49c3,525.0,462.0,-63.0,63.0,ncloc_close,source_scope_difference_or_mixed
treatment,ResearchHub/researchhub-backend,2024-09,code_smells,both,exact_match,True,d3a04d8c47ad9aedb2c9d0183fd9c2c05177bb73,d3a04d8c47ad9aedb2c9d0183fd9c2c05177bb73,816.0,754.0,-62.0,62.0,ncloc_close,source_scope_difference_or_mixed
treatment,ResearchHub/researchhub-backend,2024-10,code_smells,both,exact_match,True,6465c99f3778f57fe6a5e06231f5ea8b5d92b708,6465c99f3778f57fe6a5e06231f5ea8b5d92b708,791.0,730.0,-61.0,61.0,ncloc_close,source_scope_difference_or_mixed
control,believethehype/nostrdvm,2024-07,static_analysis_warnings,both,exact_match,True,728db264af2b01dafe19e7352d4f6b55c5ff0ccb,728db264af2b01dafe19e7352d4f6b55c5ff0ccb,1069.0,1008.0,-61.0,61.0,ncloc_close,source_scope_difference_or_mixed
treatment,vietanhdev/anylabeling,2025-03,static_analysis_warnings,both,exact_match,True,ef59ccbb42cd29ff3ccddf1eb4d6ca6f26df737f,ef59ccbb42cd29ff3ccddf1eb4d6ca6f26df737f,60.0,0.0,-60.0,60.0,ncloc_missing,ncloc_missing_exact_commit
control,NVIDIA/cuEquivariance,2025-08,static_analysis_warnings,both,exact_match,True,5942dd5c8783949e83c462f012060bb767c6154e,5942dd5c8783949e83c462f012060bb767c6154e,388.0,331.0,-57.0,57.0,ncloc_identical,rule_config_analyzer_profile_signal
treatment,Kiln-AI/Kiln,2025-06,static_analysis_warnings,both,mismatch,False,1c202005a30b7b5e4b855cf8f0d879e305d9ec73,d1b131ca42c7ebb995731d63754a8829e72f0bd2,282.0,226.0,-56.0,56.0,unknown,commit_selection_difference
treatment,ResearchHub/researchhub-backend,2024-11,code_smells,both,exact_match,True,620391ecf35228d3dad783476c988b49513072f3,620391ecf35228d3dad783476c988b49513072f3,772.0,716.0,-56.0,56.0,ncloc_close,source_scope_difference_or_mixed
treatment,ResearchHub/researchhub-backend,2024-12,code_smells,both,exact_match,True,15ee57839549ff325c9142e4e432b4cbf37d8b67,15ee57839549ff325c9142e4e432b4cbf37d8b67,741.0,685.0,-56.0,56.0,ncloc_close,source_scope_difference_or_mixed
control,NVIDIA/cuEquivariance,2025-07,static_analysis_warnings,both,exact_match,True,5fbf607f5361e40352d0f9b49ed60260a48ad91c,5fbf607f5361e40352d0f9b49ed60260a48ad91c,380.0,326.0,-54.0,54.0,ncloc_identical,rule_config_analyzer_profile_signal
control,FolhaSP/mosaico,2025-07,static_analysis_warnings,both,exact_match,True,b3c2a5e6ed21ebdabf955c519d66a458c2bd08e4,b3c2a5e6ed21ebdabf955c519d66a458c2bd08e4,65.0,13.0,-52.0,52.0,ncloc_identical,rule_config_analyzer_profile_signal
control,NVIDIA/cuEquivariance,2025-08,code_smells,both,exact_match,True,5942dd5c8783949e83c462f012060bb767c6154e,5942dd5c8783949e83c462f012060bb767c6154e,368.0,316.0,-52.0,52.0,ncloc_identical,rule_config_analyzer_profile_signal
treatment,ResearchHub/researchhub-backend,2024-03,static_analysis_warnings,both,exact_match,True,846af110c8dbc352f7e5a367bfcb84015599ad69,846af110c8dbc352f7e5a367bfcb84015599ad69,1046.0,994.0,-52.0,52.0,ncloc_close,source_scope_difference_or_mixed
treatment,ResearchHub/researchhub-backend,2024-04,static_analysis_warnings,both,exact_match,True,3071ea750bcff8f981dfdc6550b191da46b16655,3071ea750bcff8f981dfdc6550b191da46b16655,1011.0,961.0,-50.0,50.0,ncloc_close,source_scope_difference_or_mixed
control,NVIDIA/cuEquivariance,2025-07,code_smells,both,exact_match,True,5fbf607f5361e40352d0f9b49ed60260a48ad91c,5fbf607f5361e40352d0f9b49ed60260a48ad91c,360.0,311.0,-49.0,49.0,ncloc_identical,rule_config_analyzer_profile_signal
control,FolhaSP/mosaico,2025-03,static_analysis_warnings,both,exact_match,True,8c825203557e4cc983b6a36d53edbe646f367988,8c825203557e4cc983b6a36d53edbe646f367988,59.0,11.0,-48.0,48.0,ncloc_identical,rule_config_analyzer_profile_signal
control,FolhaSP/mosaico,2025-04,static_analysis_warnings,both,paper_commit_missing,False,,8c825203557e4cc983b6a36d53edbe646f367988,59.0,11.0,-48.0,48.0,unknown,paper_commit_missing
control,FolhaSP/mosaico,2025-05,static_analysis_warnings,both,exact_match,True,c9ad0020d5857a46eb6749c4ef6df883ef0b1e9e,c9ad0020d5857a46eb6749c4ef6df883ef0b1e9e,59.0,11.0,-48.0,48.0,ncloc_identical,rule_config_analyzer_profile_signal
control,FolhaSP/mosaico,2025-06,static_analysis_warnings,both,paper_commit_missing,False,,c9ad0020d5857a46eb6749c4ef6df883ef0b1e9e,59.0,11.0,-48.0,48.0,unknown,paper_commit_missing
treatment,ericmjl/llamabot,2025-06,code_smells,both,exact_match,True,24a8eda035d0e5052e1cfd42c663d1ce665f3a66,24a8eda035d0e5052e1cfd42c663d1ce665f3a66,173.0,126.0,-47.0,47.0,ncloc_close,source_scope_difference_or_mixed
treatment,ResearchHub/researchhub-backend,2024-05,static_analysis_warnings,both,exact_match,True,278ec825c32f29bc9d27e22e92294c537ef3b27a,278ec825c32f29bc9d27e22e92294c537ef3b27a,1016.0,970.0,-46.0,46.0,ncloc_close,source_scope_difference_or_mixed
treatment,tmux-python/tmuxp,2025-01,static_analysis_warnings,both,exact_match,True,b3f7d78f9422faebdb534b1e9a33be4e93567164,b3f7d78f9422faebdb534b1e9a33be4e93567164,105.0,59.0,-46.0,46.0,ncloc_identical,rule_config_analyzer_profile_signal
treatment,wdm0006/elote,2025-04,static_analysis_warnings,both,exact_match,True,82a1101e6f8ceb93ed0dddf44145f7a6892473e5,82a1101e6f8ceb93ed0dddf44145f7a6892473e5,146.0,101.0,-45.0,45.0,ncloc_identical,rule_config_analyzer_profile_signal
treatment,wdm0006/elote,2025-05,static_analysis_warnings,both,paper_commit_missing,False,,82a1101e6f8ceb93ed0dddf44145f7a6892473e5,146.0,101.0,-45.0,45.0,unknown,paper_commit_missing
treatment,wdm0006/elote,2025-06,static_analysis_warnings,both,exact_match,True,8e5fd23901c21c7cba0d8ec66401af2220189e8e,8e5fd23901c21c7cba0d8ec66401af2220189e8e,149.0,104.0,-45.0,45.0,ncloc_identical,rule_config_analyzer_profile_signal
treatment,daojiAnime/vmq-fastapi,2025-01,static_analysis_warnings,both,exact_match,True,0c26f00ba01633a4e487135f27eb60e11d27f7f0,0c26f00ba01633a4e487135f27eb60e11d27f7f0,82.0,38.0,-44.0,44.0,ncloc_different,source_scope_difference_or_mixed
treatment,Kiln-AI/Kiln,2025-07,static_analysis_warnings,both,mismatch,False,0aced9281a29153002aaaa761840b357d34536ab,f829026e6c9b974636554b85ad973b4f074d3c96,268.0,225.0,-43.0,43.0,unknown,commit_selection_difference
treatment,ResearchHub/researchhub-backend,2024-07,static_analysis_warnings,both,exact_match,True,4c63758dee4c50db5933948ffba59f2bbe2bea2e,4c63758dee4c50db5933948ffba59f2bbe2bea2e,1017.0,974.0,-43.0,43.0,ncloc_close,source_scope_difference_or_mixed
treatment,tmux-python/tmuxp,2025-02,static_analysis_warnings,both,exact_match,True,12da0966aa52fb8d2b79fdfa98c32b770c1aa76b,12da0966aa52fb8d2b79fdfa98c32b770c1aa76b,103.0,60.0,-43.0,43.0,ncloc_identical,rule_config_analyzer_profile_signal
treatment,tmux-python/tmuxp,2025-03,static_analysis_warnings,both,exact_match,True,1b034699e8484f3c76a8ef46f5132dcf87b38fd0,1b034699e8484f3c76a8ef46f5132dcf87b38fd0,103.0,60.0,-43.0,43.0,ncloc_identical,rule_config_analyzer_profile_signal
treatment,tmux-python/tmuxp,2025-04,static_analysis_warnings,both,exact_match,True,fad8ac65bba4223e4e082a09149221396a852e0b,fad8ac65bba4223e4e082a09149221396a852e0b,103.0,60.0,-43.0,43.0,ncloc_identical,rule_config_analyzer_profile_signal
treatment,tmux-python/tmuxp,2025-05,static_analysis_warnings,both,exact_match,True,d9d4038baa7ecee9623fd770703b544ecec78ad0,d9d4038baa7ecee9623fd770703b544ecec78ad0,103.0,60.0,-43.0,43.0,ncloc_identical,rule_config_analyzer_profile_signal
treatment,tmux-python/tmuxp,2025-06,static_analysis_warnings,both,exact_match,True,0708824ac8dbff7f0a4b504156be5bc511c288c7,0708824ac8dbff7f0a4b504156be5bc511c288c7,103.0,60.0,-43.0,43.0,ncloc_identical,rule_config_analyzer_profile_signal
treatment,tmux-python/tmuxp,2025-07,static_analysis_warnings,both,exact_match,True,7cea7b926b3366c59d7ca1e41de55cb020a0ce67,7cea7b926b3366c59d7ca1e41de55cb020a0ce67,103.0,60.0,-43.0,43.0,ncloc_identical,rule_config_analyzer_profile_signal
treatment,tmux-python/tmuxp,2025-08,static_analysis_warnings,both,exact_match,True,ccbc3729b89db062589697c28077877dc2b30642,ccbc3729b89db062589697c28077877dc2b30642,103.0,60.0,-43.0,43.0,ncloc_identical,rule_config_analyzer_profile_signal
treatment,daojiAnime/vmq-fastapi,2025-01,code_smells,both,exact_match,True,0c26f00ba01633a4e487135f27eb60e11d27f7f0,0c26f00ba01633a4e487135f27eb60e11d27f7f0,79.0,37.0,-42.0,42.0,ncloc_different,source_scope_difference_or_mixed
treatment,ResearchHub/researchhub-backend,2025-02,static_analysis_warnings,both,exact_match,True,512f30cd6e0d048732a1f6f6e3a2e7dcfd9e10df,512f30cd6e0d048732a1f6f6e3a2e7dcfd9e10df,793.0,752.0,-41.0,41.0,ncloc_close,source_scope_difference_or_mixed
treatment,ResearchHub/researchhub-backend,2025-04,code_smells,both,exact_match,True,90bd47c7e4e4a107c32deefa0d54c6024506b8b0,90bd47c7e4e4a107c32deefa0d54c6024506b8b0,679.0,638.0,-41.0,41.0,ncloc_different,source_scope_difference_or_mixed
treatment,wdm0006/elote,2025-04,code_smells,both,exact_match,True,82a1101e6f8ceb93ed0dddf44145f7a6892473e5,82a1101e6f8ceb93ed0dddf44145f7a6892473e5,125.0,84.0,-41.0,41.0,ncloc_identical,rule_config_analyzer_profile_signal
treatment,wdm0006/elote,2025-05,code_smells,both,paper_commit_missing,False,,82a1101e6f8ceb93ed0dddf44145f7a6892473e5,125.0,84.0,-41.0,41.0,unknown,paper_commit_missing
treatment,wdm0006/elote,2025-06,code_smells,both,exact_match,True,8e5fd23901c21c7cba0d8ec66401af2220189e8e,8e5fd23901c21c7cba0d8ec66401af2220189e8e,128.0,87.0,-41.0,41.0,ncloc_identical,rule_config_analyzer_profile_signal
treatment,Anemll/Anemll,2025-04,static_analysis_warnings,both,exact_match,True,d175746c2ffbabd0a0e4491212c0ef0a501d9848,d175746c2ffbabd0a0e4491212c0ef0a501d9848,115.0,75.0,-40.0,40.0,ncloc_identical,rule_config_analyzer_profile_signal
treatment,Anemll/Anemll,2025-05,static_analysis_warnings,both,exact_match,True,4bfa0b08183a437e759798f2245bbcba2313521f,4bfa0b08183a437e759798f2245bbcba2313521f,115.0,75.0,-40.0,40.0,ncloc_identical,rule_config_analyzer_profile_signal
treatment,Kiln-AI/Kiln,2025-02,static_analysis_warnings,both,exact_match,True,19d3c934771e762e031503d6a69625560bb990d4,19d3c934771e762e031503d6a69625560bb990d4,211.0,171.0,-40.0,40.0,ncloc_identical,rule_config_analyzer_profile_signal
treatment,Kiln-AI/Kiln,2025-08,static_analysis_warnings,both,exact_match,True,315777c3f26303453773d154dbe9c11533c7615f,315777c3f26303453773d154dbe9c11533c7615f,269.0,229.0,-40.0,40.0,ncloc_identical,rule_config_analyzer_profile_signal
treatment,Anemll/Anemll,2025-02,static_analysis_warnings,both,exact_match,True,d3b2e3660c0657ab643b68a0513b4b5ab443c04c,d3b2e3660c0657ab643b68a0513b4b5ab443c04c,115.0,76.0,-39.0,39.0,ncloc_identical,rule_config_analyzer_profile_signal
treatment,Anemll/Anemll,2025-03,static_analysis_warnings,both,paper_commit_missing,False,,d3b2e3660c0657ab643b68a0513b4b5ab443c04c,115.0,76.0,-39.0,39.0,unknown,paper_commit_missing
control,DakeQQ/YOLO-Depth-Estimation-for-Android,2024-05,code_smells,both,exact_match,True,2e475ab5a9f5e652f78775462a0266e1fae0b0c3,2e475ab5a9f5e652f78775462a0266e1fae0b0c3,245.0,206.0,-39.0,39.0,ncloc_identical,rule_config_analyzer_profile_signal
control,DakeQQ/YOLO-Depth-Estimation-for-Android,2024-05,static_analysis_warnings,both,exact_match,True,2e475ab5a9f5e652f78775462a0266e1fae0b0c3,2e475ab5a9f5e652f78775462a0266e1fae0b0c3,246.0,207.0,-39.0,39.0,ncloc_identical,rule_config_analyzer_profile_signal
control,DakeQQ/YOLO-Depth-Estimation-for-Android,2024-06,code_smells,both,exact_match,True,84ee3ace472147df2b22afd8d948484ef2d4c6f4,84ee3ace472147df2b22afd8d948484ef2d4c6f4,245.0,206.0,-39.0,39.0,ncloc_identical,rule_config_analyzer_profile_signal
control,DakeQQ/YOLO-Depth-Estimation-for-Android,2024-06,static_analysis_warnings,both,exact_match,True,84ee3ace472147df2b22afd8d948484ef2d4c6f4,84ee3ace472147df2b22afd8d948484ef2d4c6f4,246.0,207.0,-39.0,39.0,ncloc_identical,rule_config_analyzer_profile_signal
treatment,ResearchHub/researchhub-backend,2025-01,static_analysis_warnings,both,exact_match,True,05856cbd0bcd4603d524fc9fddb530764b608f55,05856cbd0bcd4603d524fc9fddb530764b608f55,838.0,799.0,-39.0,39.0,ncloc_close,source_scope_difference_or_mixed
treatment,Anemll/Anemll,2025-04,code_smells,both,exact_match,True,d175746c2ffbabd0a0e4491212c0ef0a501d9848,d175746c2ffbabd0a0e4491212c0ef0a501d9848,109.0,71.0,-38.0,38.0,ncloc_identical,rule_config_analyzer_profile_signal
treatment,Anemll/Anemll,2025-05,code_smells,both,exact_match,True,4bfa0b08183a437e759798f2245bbcba2313521f,4bfa0b08183a437e759798f2245bbcba2313521f,109.0,71.0,-38.0,38.0,ncloc_identical,rule_config_analyzer_profile_signal
treatment,ResearchHub/researchhub-backend,2024-08,static_analysis_warnings,both,exact_match,True,9c333f30a21dbdac8115428bde6af3668db475e3,9c333f30a21dbdac8115428bde6af3668db475e3,942.0,904.0,-38.0,38.0,ncloc_close,source_scope_difference_or_mixed
treatment,daojiAnime/vmq-fastapi,2025-02,static_analysis_warnings,both,exact_match,True,671f34b7e3cc086980180011cd647c1c8cadfe83,671f34b7e3cc086980180011cd647c1c8cadfe83,93.0,55.0,-38.0,38.0,ncloc_different,source_scope_difference_or_mixed
treatment,daojiAnime/vmq-fastapi,2025-03,static_analysis_warnings,both,exact_match,True,cfd7123fbc3eb53f6d63f9ae4bbb0d254d1c220d,cfd7123fbc3eb53f6d63f9ae4bbb0d254d1c220d,93.0,55.0,-38.0,38.0,ncloc_different,source_scope_difference_or_mixed
treatment,ericmjl/llamabot,2025-06,static_analysis_warnings,both,exact_match,True,24a8eda035d0e5052e1cfd42c663d1ce665f3a66,24a8eda035d0e5052e1cfd42c663d1ce665f3a66,183.0,145.0,-38.0,38.0,ncloc_close,source_scope_difference_or_mixed
treatment,Anemll/Anemll,2025-02,code_smells,both,exact_match,True,d3b2e3660c0657ab643b68a0513b4b5ab443c04c,d3b2e3660c0657ab643b68a0513b4b5ab443c04c,109.0,72.0,-37.0,37.0,ncloc_identical,rule_config_analyzer_profile_signal
treatment,Anemll/Anemll,2025-03,code_smells,both,paper_commit_missing,False,,d3b2e3660c0657ab643b68a0513b4b5ab443c04c,109.0,72.0,-37.0,37.0,unknown,paper_commit_missing
treatment,ResearchHub/researchhub-backend,2024-06,static_analysis_warnings,both,exact_match,True,7de905300075c748dc563bca975343546e6c0ffd,7de905300075c748dc563bca975343546e6c0ffd,1015.0,979.0,-36.0,36.0,ncloc_close,source_scope_difference_or_mixed
treatment,appl-team/appl,2024-10,static_analysis_warnings,both,exact_match,True,2ec04e94ab8bce94db81d01af9a0593256a467df,2ec04e94ab8bce94db81d01af9a0593256a467df,214.0,178.0,-36.0,36.0,ncloc_identical,rule_config_analyzer_profile_signal
treatment,daojiAnime/vmq-fastapi,2025-02,code_smells,both,exact_match,True,671f34b7e3cc086980180011cd647c1c8cadfe83,671f34b7e3cc086980180011cd647c1c8cadfe83,90.0,54.0,-36.0,36.0,ncloc_different,source_scope_difference_or_mixed
treatment,daojiAnime/vmq-fastapi,2025-03,code_smells,both,exact_match,True,cfd7123fbc3eb53f6d63f9ae4bbb0d254d1c220d,cfd7123fbc3eb53f6d63f9ae4bbb0d254d1c220d,90.0,54.0,-36.0,36.0,ncloc_different,source_scope_difference_or_mixed
control,thegreenwebfoundation/admin-portal,2024-01,static_analysis_warnings,both,exact_match,True,3f7024818667473e5325ab23cc5eb36ff2ac5ca6,3f7024818667473e5325ab23cc5eb36ff2ac5ca6,343.0,307.0,-36.0,36.0,ncloc_close,source_scope_difference_or_mixed
treatment,ResearchHub/researchhub-backend,2025-03,code_smells,both,exact_match,True,c2a7a85367245521d1eb77b4eb87ab9d489e3313,c2a7a85367245521d1eb77b4eb87ab9d489e3313,679.0,644.0,-35.0,35.0,ncloc_close,source_scope_difference_or_mixed
treatment,appl-team/appl,2024-05,static_analysis_warnings,both,exact_match,True,8ef5e2d5487be1b1db7b0a8297bdb7bf5518a003,8ef5e2d5487be1b1db7b0a8297bdb7bf5518a003,170.0,135.0,-35.0,35.0,ncloc_identical,rule_config_analyzer_profile_signal
treatment,appl-team/appl,2024-06,static_analysis_warnings,both,exact_match,True,00d77488a29b1be1eeabb7cd945d340079a44045,00d77488a29b1be1eeabb7cd945d340079a44045,170.0,135.0,-35.0,35.0,ncloc_identical,rule_config_analyzer_profile_signal
treatment,appl-team/appl,2024-07,static_analysis_warnings,both,exact_match,True,3fb1d008a84c9be27334367ba09600cf32018f48,3fb1d008a84c9be27334367ba09600cf32018f48,193.0,158.0,-35.0,35.0,ncloc_identical,rule_config_analyzer_profile_signal
treatment,appl-team/appl,2024-08,static_analysis_warnings,both,exact_match,True,05fe92a2132abe2a0c219ebca314b8a726b0bf7a,05fe92a2132abe2a0c219ebca314b8a726b0bf7a,193.0,158.0,-35.0,35.0,ncloc_identical,rule_config_analyzer_profile_signal
treatment,appl-team/appl,2024-09,static_analysis_warnings,both,exact_match,True,944a298a991948d23b6c818a5bacb2d0509cd6d4,944a298a991948d23b6c818a5bacb2d0509cd6d4,204.0,169.0,-35.0,35.0,ncloc_identical,rule_config_analyzer_profile_signal
treatment,ericmjl/llamabot,2025-05,code_smells,both,exact_match,True,ff965a055c8e8cd88eb274aa2804ca56fb220156,ff965a055c8e8cd88eb274aa2804ca56fb220156,161.0,126.0,-35.0,35.0,ncloc_close,source_scope_difference_or_mixed
control,thegreenwebfoundation/admin-portal,2024-01,code_smells,both,exact_match,True,3f7024818667473e5325ab23cc5eb36ff2ac5ca6,3f7024818667473e5325ab23cc5eb36ff2ac5ca6,311.0,276.0,-35.0,35.0,ncloc_close,source_scope_difference_or_mixed
treatment,tmux-python/tmuxp,2024-01,static_analysis_warnings,both,exact_match,True,7ca123dec130c4655a052d12bf7d9dce24c06867,7ca123dec130c4655a052d12bf7d9dce24c06867,116.0,81.0,-35.0,35.0,ncloc_identical,rule_config_analyzer_profile_signal
treatment,tmux-python/tmuxp,2024-02,static_analysis_warnings,both,exact_match,True,141fb9ad43136bdfd61e978b4ad9fd2dafcc00de,141fb9ad43136bdfd61e978b4ad9fd2dafcc00de,111.0,76.0,-35.0,35.0,ncloc_identical,rule_config_analyzer_profile_signal
control,DakeQQ/YOLO-Depth-Estimation-for-Android,2024-07,code_smells,both,exact_match,True,082dcef82b88940afa60985c64c398429d547f7f,082dcef82b88940afa60985c64c398429d547f7f,401.0,367.0,-34.0,34.0,ncloc_identical,rule_config_analyzer_profile_signal
control,DakeQQ/YOLO-Depth-Estimation-for-Android,2024-08,code_smells,both,exact_match,True,a2cf0eff16041de6c7dd1d55ed8fe389491a8558,a2cf0eff16041de6c7dd1d55ed8fe389491a8558,401.0,367.0,-34.0,34.0,ncloc_identical,rule_config_analyzer_profile_signal
control,DakeQQ/YOLO-Depth-Estimation-for-Android,2024-09,code_smells,both,exact_match,True,2ad3fe85e7d446edaf80cd78f6d8db36654b8d08,2ad3fe85e7d446edaf80cd78f6d8db36654b8d08,401.0,367.0,-34.0,34.0,ncloc_identical,rule_config_analyzer_profile_signal
control,DakeQQ/YOLO-Depth-Estimation-for-Android,2024-10,code_smells,both,exact_match,True,fcc15fef88fd0cd4f154b584f2e0fa082da10bfc,fcc15fef88fd0cd4f154b584f2e0fa082da10bfc,413.0,379.0,-34.0,34.0,ncloc_identical,rule_config_analyzer_profile_signal
control,DakeQQ/YOLO-Depth-Estimation-for-Android,2024-11,code_smells,both,exact_match,True,de2f651b9e4429956f6a8aa8845c55648db1079b,de2f651b9e4429956f6a8aa8845c55648db1079b,413.0,379.0,-34.0,34.0,ncloc_identical,rule_config_analyzer_profile_signal
control,DakeQQ/YOLO-Depth-Estimation-for-Android,2024-12,code_smells,both,exact_match,True,875f91c8c138c8b47e7e31292530ce72a1cabcc9,875f91c8c138c8b47e7e31292530ce72a1cabcc9,413.0,379.0,-34.0,34.0,ncloc_identical,rule_config_analyzer_profile_signal
control,DakeQQ/YOLO-Depth-Estimation-for-Android,2025-01,code_smells,both,exact_match,True,688729a935875ae3334b09ab9bfb1d2bc35697cf,688729a935875ae3334b09ab9bfb1d2bc35697cf,399.0,365.0,-34.0,34.0,ncloc_identical,rule_config_analyzer_profile_signal
control,DakeQQ/YOLO-Depth-Estimation-for-Android,2025-02,code_smells,both,exact_match,True,b9ab794a306ef3542a62c8773d05fecad4457598,b9ab794a306ef3542a62c8773d05fecad4457598,400.0,366.0,-34.0,34.0,ncloc_identical,rule_config_analyzer_profile_signal
treatment,appl-team/appl,2024-10,code_smells,both,exact_match,True,2ec04e94ab8bce94db81d01af9a0593256a467df,2ec04e94ab8bce94db81d01af9a0593256a467df,184.0,150.0,-34.0,34.0,ncloc_identical,rule_config_analyzer_profile_signal
treatment,ResearchHub/researchhub-backend,2024-10,static_analysis_warnings,both,exact_match,True,6465c99f3778f57fe6a5e06231f5ea8b5d92b708,6465c99f3778f57fe6a5e06231f5ea8b5d92b708,878.0,845.0,-33.0,33.0,ncloc_close,source_scope_difference_or_mixed
treatment,appl-team/appl,2024-05,code_smells,both,exact_match,True,8ef5e2d5487be1b1db7b0a8297bdb7bf5518a003,8ef5e2d5487be1b1db7b0a8297bdb7bf5518a003,153.0,120.0,-33.0,33.0,ncloc_identical,rule_config_analyzer_profile_signal
treatment,appl-team/appl,2024-06,code_smells,both,exact_match,True,00d77488a29b1be1eeabb7cd945d340079a44045,00d77488a29b1be1eeabb7cd945d340079a44045,153.0,120.0,-33.0,33.0,ncloc_identical,rule_config_analyzer_profile_signal
treatment,appl-team/appl,2024-07,code_smells,both,exact_match,True,3fb1d008a84c9be27334367ba09600cf32018f48,3fb1d008a84c9be27334367ba09600cf32018f48,167.0,134.0,-33.0,33.0,ncloc_identical,rule_config_analyzer_profile_signal
treatment,appl-team/appl,2024-08,code_smells,both,exact_match,True,05fe92a2132abe2a0c219ebca314b8a726b0bf7a,05fe92a2132abe2a0c219ebca314b8a726b0bf7a,167.0,134.0,-33.0,33.0,ncloc_identical,rule_config_analyzer_profile_signal
treatment,appl-team/appl,2024-09,code_smells,both,exact_match,True,944a298a991948d23b6c818a5bacb2d0509cd6d4,944a298a991948d23b6c818a5bacb2d0509cd6d4,178.0,145.0,-33.0,33.0,ncloc_identical,rule_config_analyzer_profile_signal
control,odoo/industry,2024-09,static_analysis_warnings,both,exact_match,True,363fb6fddebfa90b4696d652a0e31ca4e48a0eef,363fb6fddebfa90b4696d652a0e31ca4e48a0eef,58.0,25.0,-33.0,33.0,ncloc_different,source_scope_difference_or_mixed
treatment,wdm0006/elote,2025-03,static_analysis_warnings,both,exact_match,True,7d95ac78907f9acdb234a220f6f456944fcc58ad,7d95ac78907f9acdb234a220f6f456944fcc58ad,123.0,90.0,-33.0,33.0,ncloc_identical,rule_config_analyzer_profile_signal
control,DakeQQ/YOLO-Depth-Estimation-for-Android,2025-03,code_smells,both,exact_match,True,3ff413961e0ff4684127c19850df1c2843338daf,3ff413961e0ff4684127c19850df1c2843338daf,376.0,344.0,-32.0,32.0,ncloc_identical,rule_config_analyzer_profile_signal
control,DakeQQ/YOLO-Depth-Estimation-for-Android,2025-04,code_smells,both,exact_match,True,cc5b3daa4ca5be8a55a19a0b764b05f9796832d1,cc5b3daa4ca5be8a55a19a0b764b05f9796832d1,375.0,343.0,-32.0,32.0,ncloc_identical,rule_config_analyzer_profile_signal
control,DakeQQ/YOLO-Depth-Estimation-for-Android,2025-05,code_smells,both,exact_match,True,c731ca0e47b709258690e58819cec510094b9b19,c731ca0e47b709258690e58819cec510094b9b19,375.0,343.0,-32.0,32.0,ncloc_identical,rule_config_analyzer_profile_signal
control,DakeQQ/YOLO-Depth-Estimation-for-Android,2025-06,code_smells,both,paper_commit_missing,False,,c731ca0e47b709258690e58819cec510094b9b19,375.0,343.0,-32.0,32.0,unknown,paper_commit_missing
control,DakeQQ/YOLO-Depth-Estimation-for-Android,2025-07,code_smells,both,paper_commit_missing,False,,c731ca0e47b709258690e58819cec510094b9b19,375.0,343.0,-32.0,32.0,unknown,paper_commit_missing
control,thegreenwebfoundation/admin-portal,2024-02,code_smells,both,exact_match,True,db0477a64f9482fdb458c20de2489850a302fa22,db0477a64f9482fdb458c20de2489850a302fa22,317.0,286.0,-31.0,31.0,ncloc_close,source_scope_difference_or_mixed
control,thegreenwebfoundation/admin-portal,2024-02,static_analysis_warnings,both,exact_match,True,db0477a64f9482fdb458c20de2489850a302fa22,db0477a64f9482fdb458c20de2489850a302fa22,349.0,318.0,-31.0,31.0,ncloc_close,source_scope_difference_or_mixed
treatment,tmux-python/tmuxp,2024-03,static_analysis_warnings,both,exact_match,True,eecd9e7e92b8f86bb3e74cd2d88284bce1a82448,eecd9e7e92b8f86bb3e74cd2d88284bce1a82448,105.0,74.0,-31.0,31.0,ncloc_identical,rule_config_analyzer_profile_signal
treatment,tmux-python/tmuxp,2024-04,static_analysis_warnings,both,exact_match,True,e8d2d6824fd5dc19974b7944697126198e850264,e8d2d6824fd5dc19974b7944697126198e850264,105.0,74.0,-31.0,31.0,ncloc_identical,rule_config_analyzer_profile_signal
treatment,tmux-python/tmuxp,2024-05,static_analysis_warnings,both,exact_match,True,fc437afd7e83454b717af1d719022cd4aba3972b,fc437afd7e83454b717af1d719022cd4aba3972b,105.0,74.0,-31.0,31.0,ncloc_identical,rule_config_analyzer_profile_signal
treatment,tmux-python/tmuxp,2024-06,static_analysis_warnings,both,exact_match,True,8ad7226e1b0859749c46a294327b09a3b31ca5fa,8ad7226e1b0859749c46a294327b09a3b31ca5fa,105.0,74.0,-31.0,31.0,ncloc_identical,rule_config_analyzer_profile_signal
treatment,tmux-python/tmuxp,2024-07,static_analysis_warnings,both,exact_match,True,1f339c207881f89bdf2dc90251e2f2de3b16ce59,1f339c207881f89bdf2dc90251e2f2de3b16ce59,105.0,74.0,-31.0,31.0,ncloc_identical,rule_config_analyzer_profile_signal
treatment,tmux-python/tmuxp,2024-08,static_analysis_warnings,both,exact_match,True,453f5956e509445303ee1e161534b8e40f3b3d1c,453f5956e509445303ee1e161534b8e40f3b3d1c,105.0,74.0,-31.0,31.0,ncloc_identical,rule_config_analyzer_profile_signal
treatment,tmux-python/tmuxp,2024-09,static_analysis_warnings,both,exact_match,True,d378f576017983dfe556706e81fb9b1451d6b4d4,d378f576017983dfe556706e81fb9b1451d6b4d4,105.0,74.0,-31.0,31.0,ncloc_identical,rule_config_analyzer_profile_signal
treatment,tmux-python/tmuxp,2024-10,static_analysis_warnings,both,exact_match,True,e5f255e15fd671519bb9d73459a9890e00927ca3,e5f255e15fd671519bb9d73459a9890e00927ca3,105.0,74.0,-31.0,31.0,ncloc_identical,rule_config_analyzer_profile_signal
treatment,tmux-python/tmuxp,2024-11,static_analysis_warnings,both,exact_match,True,ef6b32a69632cf947e5c630e3b5d7ea26a4034b1,ef6b32a69632cf947e5c630e3b5d7ea26a4034b1,105.0,74.0,-31.0,31.0,ncloc_identical,rule_config_analyzer_profile_signal
treatment,tmux-python/tmuxp,2024-12,static_analysis_warnings,both,exact_match,True,bd053fa1d6cf9b7958e51b23a3535134c8ca7d8f,bd053fa1d6cf9b7958e51b23a3535134c8ca7d8f,105.0,74.0,-31.0,31.0,ncloc_identical,rule_config_analyzer_profile_signal
control,pieces-app/cli-agent,2024-07,code_smells,both,exact_match,True,29b96b9086e9a713ae96d7100c99f2d13e32ed36,29b96b9086e9a713ae96d7100c99f2d13e32ed36,79.0,49.0,-30.0,30.0,ncloc_identical,rule_config_analyzer_profile_signal
control,pieces-app/cli-agent,2024-07,static_analysis_warnings,both,exact_match,True,29b96b9086e9a713ae96d7100c99f2d13e32ed36,29b96b9086e9a713ae96d7100c99f2d13e32ed36,79.0,49.0,-30.0,30.0,ncloc_identical,rule_config_analyzer_profile_signal
control,pieces-app/cli-agent,2024-08,code_smells,both,exact_match,True,4def71a34cef3f881e94999af7c0fd7295ffd9d3,4def71a34cef3f881e94999af7c0fd7295ffd9d3,79.0,49.0,-30.0,30.0,ncloc_identical,rule_config_analyzer_profile_signal
control,pieces-app/cli-agent,2024-08,static_analysis_warnings,both,exact_match,True,4def71a34cef3f881e94999af7c0fd7295ffd9d3,4def71a34cef3f881e94999af7c0fd7295ffd9d3,79.0,49.0,-30.0,30.0,ncloc_identical,rule_config_analyzer_profile_signal
control,pieces-app/cli-agent,2024-09,code_smells,both,exact_match,True,7bd73c0a166c43b2770b9bfcaecc38858758c594,7bd73c0a166c43b2770b9bfcaecc38858758c594,79.0,49.0,-30.0,30.0,ncloc_identical,rule_config_analyzer_profile_signal
control,pieces-app/cli-agent,2024-09,static_analysis_warnings,both,exact_match,True,7bd73c0a166c43b2770b9bfcaecc38858758c594,7bd73c0a166c43b2770b9bfcaecc38858758c594,79.0,49.0,-30.0,30.0,ncloc_identical,rule_config_analyzer_profile_signal
treatment,wdm0006/elote,2025-03,code_smells,both,exact_match,True,7d95ac78907f9acdb234a220f6f456944fcc58ad,7d95ac78907f9acdb234a220f6f456944fcc58ad,104.0,74.0,-30.0,30.0,ncloc_identical,rule_config_analyzer_profile_signal
control,DakeQQ/YOLO-Depth-Estimation-for-Android,2024-07,static_analysis_warnings,both,exact_match,True,082dcef82b88940afa60985c64c398429d547f7f,082dcef82b88940afa60985c64c398429d547f7f,403.0,374.0,-29.0,29.0,ncloc_identical,rule_config_analyzer_profile_signal
control,DakeQQ/YOLO-Depth-Estimation-for-Android,2024-08,static_analysis_warnings,both,exact_match,True,a2cf0eff16041de6c7dd1d55ed8fe389491a8558,a2cf0eff16041de6c7dd1d55ed8fe389491a8558,403.0,374.0,-29.0,29.0,ncloc_identical,rule_config_analyzer_profile_signal
control,DakeQQ/YOLO-Depth-Estimation-for-Android,2024-09,static_analysis_warnings,both,exact_match,True,2ad3fe85e7d446edaf80cd78f6d8db36654b8d08,2ad3fe85e7d446edaf80cd78f6d8db36654b8d08,403.0,374.0,-29.0,29.0,ncloc_identical,rule_config_analyzer_profile_signal
treatment,ResearchHub/researchhub-backend,2025-05,code_smells,both,exact_match,True,dfdfaaec1c76a13f7c90fea8f48ad921a17bda8e,dfdfaaec1c76a13f7c90fea8f48ad921a17bda8e,671.0,642.0,-29.0,29.0,ncloc_close,source_scope_difference_or_mixed
treatment,tmux-python/tmuxp,2025-01,code_smells,both,exact_match,True,b3f7d78f9422faebdb534b1e9a33be4e93567164,b3f7d78f9422faebdb534b1e9a33be4e93567164,71.0,42.0,-29.0,29.0,ncloc_identical,rule_config_analyzer_profile_signal
control,FolhaSP/mosaico,2024-11,static_analysis_warnings,both,exact_match,True,671279ed06a708df03f6b96283c4b2e4e752944d,671279ed06a708df03f6b96283c4b2e4e752944d,38.0,10.0,-28.0,28.0,ncloc_identical,rule_config_analyzer_profile_signal
treatment,ResearchHub/researchhub-backend,2024-09,static_analysis_warnings,both,exact_match,True,d3a04d8c47ad9aedb2c9d0183fd9c2c05177bb73,d3a04d8c47ad9aedb2c9d0183fd9c2c05177bb73,903.0,875.0,-28.0,28.0,ncloc_close,source_scope_difference_or_mixed
treatment,ResearchHub/researchhub-backend,2024-11,static_analysis_warnings,both,exact_match,True,620391ecf35228d3dad783476c988b49513072f3,620391ecf35228d3dad783476c988b49513072f3,855.0,827.0,-28.0,28.0,ncloc_close,source_scope_difference_or_mixed
treatment,ResearchHub/researchhub-backend,2024-12,static_analysis_warnings,both,exact_match,True,15ee57839549ff325c9142e4e432b4cbf37d8b67,15ee57839549ff325c9142e4e432b4cbf37d8b67,824.0,796.0,-28.0,28.0,ncloc_close,source_scope_difference_or_mixed
control,jfcrenshaw/pzflow,2024-02,code_smells,both,exact_match,True,f306c4b563b9027317660ea2f4b18f986c7da23f,f306c4b563b9027317660ea2f4b18f986c7da23f,109.0,81.0,-28.0,28.0,ncloc_identical,rule_config_analyzer_profile_signal
control,jfcrenshaw/pzflow,2024-03,code_smells,both,paper_commit_missing,False,,f306c4b563b9027317660ea2f4b18f986c7da23f,109.0,81.0,-28.0,28.0,unknown,paper_commit_missing
control,jfcrenshaw/pzflow,2024-04,code_smells,both,paper_commit_missing,False,,f306c4b563b9027317660ea2f4b18f986c7da23f,109.0,81.0,-28.0,28.0,unknown,paper_commit_missing
control,jfcrenshaw/pzflow,2024-05,code_smells,both,exact_match,True,2e6bdfe6862225c05e0372c8080d0f9cc5afdf84,2e6bdfe6862225c05e0372c8080d0f9cc5afdf84,109.0,81.0,-28.0,28.0,ncloc_identical,rule_config_analyzer_profile_signal
control,jfcrenshaw/pzflow,2024-06,code_smells,both,paper_commit_missing,False,,2e6bdfe6862225c05e0372c8080d0f9cc5afdf84,109.0,81.0,-28.0,28.0,unknown,paper_commit_missing
control,jfcrenshaw/pzflow,2024-07,code_smells,both,paper_commit_missing,False,,2e6bdfe6862225c05e0372c8080d0f9cc5afdf84,109.0,81.0,-28.0,28.0,unknown,paper_commit_missing
control,jfcrenshaw/pzflow,2024-08,code_smells,both,paper_commit_missing,False,,2e6bdfe6862225c05e0372c8080d0f9cc5afdf84,109.0,81.0,-28.0,28.0,unknown,paper_commit_missing
control,jfcrenshaw/pzflow,2024-09,code_smells,both,paper_commit_missing,False,,2e6bdfe6862225c05e0372c8080d0f9cc5afdf84,109.0,81.0,-28.0,28.0,unknown,paper_commit_missing
control,jfcrenshaw/pzflow,2024-10,code_smells,both,paper_commit_missing,False,,2e6bdfe6862225c05e0372c8080d0f9cc5afdf84,109.0,81.0,-28.0,28.0,unknown,paper_commit_missing
control,jfcrenshaw/pzflow,2024-11,code_smells,both,paper_commit_missing,False,,2e6bdfe6862225c05e0372c8080d0f9cc5afdf84,109.0,81.0,-28.0,28.0,unknown,paper_commit_missing
control,jfcrenshaw/pzflow,2024-12,code_smells,both,paper_commit_missing,False,,2e6bdfe6862225c05e0372c8080d0f9cc5afdf84,109.0,81.0,-28.0,28.0,unknown,paper_commit_missing
control,jfcrenshaw/pzflow,2025-01,code_smells,both,paper_commit_missing,False,,2e6bdfe6862225c05e0372c8080d0f9cc5afdf84,109.0,81.0,-28.0,28.0,unknown,paper_commit_missing
control,jfcrenshaw/pzflow,2025-02,code_smells,both,exact_match,True,3c8fb336ba897d68f1cf21923b8f5ecf5d488dce,3c8fb336ba897d68f1cf21923b8f5ecf5d488dce,109.0,81.0,-28.0,28.0,ncloc_identical,rule_config_analyzer_profile_signal
control,jfcrenshaw/pzflow,2025-03,code_smells,both,exact_match,True,b3fb837cff6d758a28063c4cd82489d9607ab086,b3fb837cff6d758a28063c4cd82489d9607ab086,112.0,84.0,-28.0,28.0,ncloc_identical,rule_config_analyzer_profile_signal
control,thegreenwebfoundation/admin-portal,2024-10,code_smells,both,exact_match,True,18bb827f43e082a126036dce422f94a517812ade,18bb827f43e082a126036dce422f94a517812ade,312.0,284.0,-28.0,28.0,ncloc_close,source_scope_difference_or_mixed
control,FolhaSP/mosaico,2024-12,static_analysis_warnings,both,exact_match,True,89e8405cb37b43228bf09fb2cbcad41fe0c63f50,89e8405cb37b43228bf09fb2cbcad41fe0c63f50,38.0,11.0,-27.0,27.0,ncloc_identical,rule_config_analyzer_profile_signal
control,FolhaSP/mosaico,2025-01,static_analysis_warnings,both,exact_match,True,9f54b7e292c074c054d5d53b7e6f5cf92d2ef3d4,9f54b7e292c074c054d5d53b7e6f5cf92d2ef3d4,38.0,11.0,-27.0,27.0,ncloc_identical,rule_config_analyzer_profile_signal
control,NVIDIA/cuEquivariance,2025-04,static_analysis_warnings,both,exact_match,True,63765206185021ff123b68ffaa3f37053ec68906,63765206185021ff123b68ffaa3f37053ec68906,283.0,256.0,-27.0,27.0,ncloc_close,source_scope_difference_or_mixed
control,NVIDIA/cuEquivariance,2025-05,static_analysis_warnings,both,exact_match,True,6a78b3f56d1ea7387465b152c12ed09e083cc4b9,6a78b3f56d1ea7387465b152c12ed09e083cc4b9,291.0,264.0,-27.0,27.0,ncloc_identical,rule_config_analyzer_profile_signal
control,NVIDIA/cuEquivariance,2025-06,static_analysis_warnings,both,exact_match,True,9cc03d657ce7124cd7998d2c66f6901783f29979,9cc03d657ce7124cd7998d2c66f6901783f29979,290.0,263.0,-27.0,27.0,ncloc_identical,rule_config_analyzer_profile_signal
control,thegreenwebfoundation/admin-portal,2024-03,code_smells,both,exact_match,True,829150a9e88324b778045a5e7f7dc76ffc4b7105,829150a9e88324b778045a5e7f7dc76ffc4b7105,311.0,284.0,-27.0,27.0,ncloc_close,source_scope_difference_or_mixed
control,thegreenwebfoundation/admin-portal,2024-05,code_smells,both,exact_match,True,24fc007a31fcf07642121bfd1f19a5cb320f5c6d,24fc007a31fcf07642121bfd1f19a5cb320f5c6d,311.0,284.0,-27.0,27.0,ncloc_close,source_scope_difference_or_mixed
control,thegreenwebfoundation/admin-portal,2024-06,code_smells,both,exact_match,True,47e468a4a49661d984580fa1c4d08c826651b96e,47e468a4a49661d984580fa1c4d08c826651b96e,311.0,284.0,-27.0,27.0,ncloc_close,source_scope_difference_or_mixed
control,thegreenwebfoundation/admin-portal,2024-07,code_smells,both,exact_match,True,1cb016e30ae9cd555340fcf651b11eb825fd288a,1cb016e30ae9cd555340fcf651b11eb825fd288a,311.0,284.0,-27.0,27.0,ncloc_close,source_scope_difference_or_mixed
control,thegreenwebfoundation/admin-portal,2024-08,code_smells,both,mismatch,False,2dfa3ea244cc1f5b04b1b0e7643eb4925bac37de,5a578329f796563dd747a83a2938d4c17d213ea2,311.0,284.0,-27.0,27.0,unknown,commit_selection_difference
control,thegreenwebfoundation/admin-portal,2024-09,code_smells,both,exact_match,True,88fc821580c365bf1525d6979a0516702e80b0ca,88fc821580c365bf1525d6979a0516702e80b0ca,311.0,284.0,-27.0,27.0,ncloc_close,source_scope_difference_or_mixed
control,FolhaSP/mosaico,2025-02,static_analysis_warnings,both,exact_match,True,7ee2ad4944d0c431f69e11953c8db270548cab29,7ee2ad4944d0c431f69e11953c8db270548cab29,34.0,8.0,-26.0,26.0,ncloc_identical,rule_config_analyzer_profile_signal
treatment,PostHog/posthog,2024-07,code_smells,both,exact_match,True,6499bded5585bf1423fcf6673b2f560fe4f941af,6499bded5585bf1423fcf6673b2f560fe4f941af,7955.0,7929.0,-26.0,26.0,ncloc_different,source_scope_difference_or_mixed
control,jfcrenshaw/pzflow,2024-02,static_analysis_warnings,both,exact_match,True,f306c4b563b9027317660ea2f4b18f986c7da23f,f306c4b563b9027317660ea2f4b18f986c7da23f,109.0,83.0,-26.0,26.0,ncloc_identical,rule_config_analyzer_profile_signal
control,jfcrenshaw/pzflow,2024-03,static_analysis_warnings,both,paper_commit_missing,False,,f306c4b563b9027317660ea2f4b18f986c7da23f,109.0,83.0,-26.0,26.0,unknown,paper_commit_missing
control,jfcrenshaw/pzflow,2024-04,static_analysis_warnings,both,paper_commit_missing,False,,f306c4b563b9027317660ea2f4b18f986c7da23f,109.0,83.0,-26.0,26.0,unknown,paper_commit_missing
control,jfcrenshaw/pzflow,2024-05,static_analysis_warnings,both,exact_match,True,2e6bdfe6862225c05e0372c8080d0f9cc5afdf84,2e6bdfe6862225c05e0372c8080d0f9cc5afdf84,109.0,83.0,-26.0,26.0,ncloc_identical,rule_config_analyzer_profile_signal
control,jfcrenshaw/pzflow,2024-06,static_analysis_warnings,both,paper_commit_missing,False,,2e6bdfe6862225c05e0372c8080d0f9cc5afdf84,109.0,83.0,-26.0,26.0,unknown,paper_commit_missing
control,jfcrenshaw/pzflow,2024-07,static_analysis_warnings,both,paper_commit_missing,False,,2e6bdfe6862225c05e0372c8080d0f9cc5afdf84,109.0,83.0,-26.0,26.0,unknown,paper_commit_missing
control,jfcrenshaw/pzflow,2024-08,static_analysis_warnings,both,paper_commit_missing,False,,2e6bdfe6862225c05e0372c8080d0f9cc5afdf84,109.0,83.0,-26.0,26.0,unknown,paper_commit_missing
control,jfcrenshaw/pzflow,2024-09,static_analysis_warnings,both,paper_commit_missing,False,,2e6bdfe6862225c05e0372c8080d0f9cc5afdf84,109.0,83.0,-26.0,26.0,unknown,paper_commit_missing
control,jfcrenshaw/pzflow,2024-10,static_analysis_warnings,both,paper_commit_missing,False,,2e6bdfe6862225c05e0372c8080d0f9cc5afdf84,109.0,83.0,-26.0,26.0,unknown,paper_commit_missing
control,jfcrenshaw/pzflow,2024-11,static_analysis_warnings,both,paper_commit_missing,False,,2e6bdfe6862225c05e0372c8080d0f9cc5afdf84,109.0,83.0,-26.0,26.0,unknown,paper_commit_missing
control,jfcrenshaw/pzflow,2024-12,static_analysis_warnings,both,paper_commit_missing,False,,2e6bdfe6862225c05e0372c8080d0f9cc5afdf84,109.0,83.0,-26.0,26.0,unknown,paper_commit_missing
control,jfcrenshaw/pzflow,2025-01,static_analysis_warnings,both,paper_commit_missing,False,,2e6bdfe6862225c05e0372c8080d0f9cc5afdf84,109.0,83.0,-26.0,26.0,unknown,paper_commit_missing
control,jfcrenshaw/pzflow,2025-02,static_analysis_warnings,both,exact_match,True,3c8fb336ba897d68f1cf21923b8f5ecf5d488dce,3c8fb336ba897d68f1cf21923b8f5ecf5d488dce,109.0,83.0,-26.0,26.0,ncloc_identical,rule_config_analyzer_profile_signal
control,jfcrenshaw/pzflow,2025-03,static_analysis_warnings,both,exact_match,True,b3fb837cff6d758a28063c4cd82489d9607ab086,b3fb837cff6d758a28063c4cd82489d9607ab086,112.0,86.0,-26.0,26.0,ncloc_identical,rule_config_analyzer_profile_signal
control,thegreenwebfoundation/admin-portal,2024-03,static_analysis_warnings,both,exact_match,True,829150a9e88324b778045a5e7f7dc76ffc4b7105,829150a9e88324b778045a5e7f7dc76ffc4b7105,343.0,317.0,-26.0,26.0,ncloc_close,source_scope_difference_or_mixed
treatment,tmux-python/tmuxp,2025-02,code_smells,both,exact_match,True,12da0966aa52fb8d2b79fdfa98c32b770c1aa76b,12da0966aa52fb8d2b79fdfa98c32b770c1aa76b,69.0,43.0,-26.0,26.0,ncloc_identical,rule_config_analyzer_profile_signal
treatment,tmux-python/tmuxp,2025-03,code_smells,both,exact_match,True,1b034699e8484f3c76a8ef46f5132dcf87b38fd0,1b034699e8484f3c76a8ef46f5132dcf87b38fd0,69.0,43.0,-26.0,26.0,ncloc_identical,rule_config_analyzer_profile_signal
treatment,tmux-python/tmuxp,2025-04,code_smells,both,exact_match,True,fad8ac65bba4223e4e082a09149221396a852e0b,fad8ac65bba4223e4e082a09149221396a852e0b,69.0,43.0,-26.0,26.0,ncloc_identical,rule_config_analyzer_profile_signal
treatment,tmux-python/tmuxp,2025-05,code_smells,both,exact_match,True,d9d4038baa7ecee9623fd770703b544ecec78ad0,d9d4038baa7ecee9623fd770703b544ecec78ad0,69.0,43.0,-26.0,26.0,ncloc_identical,rule_config_analyzer_profile_signal
treatment,tmux-python/tmuxp,2025-06,code_smells,both,exact_match,True,0708824ac8dbff7f0a4b504156be5bc511c288c7,0708824ac8dbff7f0a4b504156be5bc511c288c7,69.0,43.0,-26.0,26.0,ncloc_identical,rule_config_analyzer_profile_signal
treatment,tmux-python/tmuxp,2025-07,code_smells,both,exact_match,True,7cea7b926b3366c59d7ca1e41de55cb020a0ce67,7cea7b926b3366c59d7ca1e41de55cb020a0ce67,69.0,43.0,-26.0,26.0,ncloc_identical,rule_config_analyzer_profile_signal
treatment,tmux-python/tmuxp,2025-08,code_smells,both,exact_match,True,ccbc3729b89db062589697c28077877dc2b30642,ccbc3729b89db062589697c28077877dc2b30642,69.0,43.0,-26.0,26.0,ncloc_identical,rule_config_analyzer_profile_signal
control,DakeQQ/YOLO-Depth-Estimation-for-Android,2024-10,static_analysis_warnings,both,exact_match,True,fcc15fef88fd0cd4f154b584f2e0fa082da10bfc,fcc15fef88fd0cd4f154b584f2e0fa082da10bfc,415.0,390.0,-25.0,25.0,ncloc_identical,rule_config_analyzer_profile_signal
control,DakeQQ/YOLO-Depth-Estimation-for-Android,2024-11,static_analysis_warnings,both,exact_match,True,de2f651b9e4429956f6a8aa8845c55648db1079b,de2f651b9e4429956f6a8aa8845c55648db1079b,415.0,390.0,-25.0,25.0,ncloc_identical,rule_config_analyzer_profile_signal
control,DakeQQ/YOLO-Depth-Estimation-for-Android,2024-12,static_analysis_warnings,both,exact_match,True,875f91c8c138c8b47e7e31292530ce72a1cabcc9,875f91c8c138c8b47e7e31292530ce72a1cabcc9,415.0,390.0,-25.0,25.0,ncloc_identical,rule_config_analyzer_profile_signal
