source_group,repo_name,time,metric,cause_category,commit_label,commit,local_repo_path,git_error,tracked_files,python_files,notebook_files,js_ts_files,test_like_files,doc_example_files,generated_vendor_like_files,top_dir,files
treatment,zauberzeug/nicegui,2025-04,ncloc,source_scope_difference_or_mixed,paper,2b8b1a696992e64578f2e4c5fc285e90b60b87a6,../treatment-repos/zauberzeug_nicegui,,1238,353,0,256,133,303,0,nicegui,738
treatment,zauberzeug/nicegui,2025-04,ncloc,source_scope_difference_or_mixed,paper,2b8b1a696992e64578f2e4c5fc285e90b60b87a6,../treatment-repos/zauberzeug_nicegui,,1238,140,0,256,133,303,0,website,182
treatment,zauberzeug/nicegui,2025-04,ncloc,source_scope_difference_or_mixed,paper,2b8b1a696992e64578f2e4c5fc285e90b60b87a6,../treatment-repos/zauberzeug_nicegui,,1238,97,0,256,133,303,0,examples,161
treatment,zauberzeug/nicegui,2025-04,ncloc,source_scope_difference_or_mixed,paper,2b8b1a696992e64578f2e4c5fc285e90b60b87a6,../treatment-repos/zauberzeug_nicegui,,1238,97,0,256,133,303,0,tests,102
treatment,zauberzeug/nicegui,2025-04,ncloc,source_scope_difference_or_mixed,paper,2b8b1a696992e64578f2e4c5fc285e90b60b87a6,../treatment-repos/zauberzeug_nicegui,,1238,8,0,256,133,303,0,(root),36
treatment,zauberzeug/nicegui,2025-04,ncloc,source_scope_difference_or_mixed,paper,2b8b1a696992e64578f2e4c5fc285e90b60b87a6,../treatment-repos/zauberzeug_nicegui,,1238,1,0,256,133,303,0,.github,9
treatment,zauberzeug/nicegui,2025-04,ncloc,source_scope_difference_or_mixed,paper,2b8b1a696992e64578f2e4c5fc285e90b60b87a6,../treatment-repos/zauberzeug_nicegui,,1238,0,0,256,133,303,0,scripts,5
treatment,zauberzeug/nicegui,2025-04,ncloc,source_scope_difference_or_mixed,paper,2b8b1a696992e64578f2e4c5fc285e90b60b87a6,../treatment-repos/zauberzeug_nicegui,,1238,0,0,256,133,303,0,.cursor,2
treatment,zauberzeug/nicegui,2025-04,ncloc,source_scope_difference_or_mixed,paper,2b8b1a696992e64578f2e4c5fc285e90b60b87a6,../treatment-repos/zauberzeug_nicegui,,1238,0,0,256,133,303,0,.devcontainer,2
treatment,zauberzeug/nicegui,2025-04,ncloc,source_scope_difference_or_mixed,paper,2b8b1a696992e64578f2e4c5fc285e90b60b87a6,../treatment-repos/zauberzeug_nicegui,,1238,0,0,256,133,303,0,.vscode,1
treatment,PostHog/posthog,2025-04,ncloc,source_scope_difference_or_mixed,paper,08f147eb9879e899fb7939f4b9413c86164ba7f9,../treatment-repos/PostHog_posthog,,9860,2388,0,3195,1676,107,897,posthog,2619
treatment,PostHog/posthog,2025-04,ncloc,source_scope_difference_or_mixed,paper,08f147eb9879e899fb7939f4b9413c86164ba7f9,../treatment-repos/PostHog_posthog,,9860,363,0,3195,1676,107,897,ee,426
treatment,PostHog/posthog,2025-04,ncloc,source_scope_difference_or_mixed,paper,08f147eb9879e899fb7939f4b9413c86164ba7f9,../treatment-repos/PostHog_posthog,,9860,74,0,3195,1676,107,897,products,198
treatment,PostHog/posthog,2025-04,ncloc,source_scope_difference_or_mixed,paper,08f147eb9879e899fb7939f4b9413c86164ba7f9,../treatment-repos/PostHog_posthog,,9860,20,0,3195,1676,107,897,dags,22
treatment,PostHog/posthog,2025-04,ncloc,source_scope_difference_or_mixed,paper,08f147eb9879e899fb7939f4b9413c86164ba7f9,../treatment-repos/PostHog_posthog,,9860,17,0,3195,1676,107,897,common,244
treatment,PostHog/posthog,2025-04,ncloc,source_scope_difference_or_mixed,paper,08f147eb9879e899fb7939f4b9413c86164ba7f9,../treatment-repos/PostHog_posthog,,9860,6,0,3195,1676,107,897,infra-scripts,9
treatment,PostHog/posthog,2025-04,ncloc,source_scope_difference_or_mixed,paper,08f147eb9879e899fb7939f4b9413c86164ba7f9,../treatment-repos/PostHog_posthog,,9860,4,0,3195,1676,107,897,bin,42
treatment,PostHog/posthog,2025-04,ncloc,source_scope_difference_or_mixed,paper,08f147eb9879e899fb7939f4b9413c86164ba7f9,../treatment-repos/PostHog_posthog,,9860,2,0,3195,1676,107,897,plugin-server,554
treatment,PostHog/posthog,2025-04,ncloc,source_scope_difference_or_mixed,paper,08f147eb9879e899fb7939f4b9413c86164ba7f9,../treatment-repos/PostHog_posthog,,9860,2,0,3195,1676,107,897,(root),53
treatment,PostHog/posthog,2025-04,ncloc,source_scope_difference_or_mixed,paper,08f147eb9879e899fb7939f4b9413c86164ba7f9,../treatment-repos/PostHog_posthog,,9860,1,0,3195,1676,107,897,cypress,78
treatment,PostHog/posthog,2025-04,ncloc,source_scope_difference_or_mixed,paper,08f147eb9879e899fb7939f4b9413c86164ba7f9,../treatment-repos/PostHog_posthog,,9860,0,0,3195,1676,107,897,frontend,4923
treatment,PostHog/posthog,2025-04,ncloc,source_scope_difference_or_mixed,paper,08f147eb9879e899fb7939f4b9413c86164ba7f9,../treatment-repos/PostHog_posthog,,9860,0,0,3195,1676,107,897,rust,469
treatment,PostHog/posthog,2025-08,ncloc,source_scope_difference_or_mixed,paper,79cf381322842888a721905c09490e85f98a5a2a,../treatment-repos/PostHog_posthog,,12087,2791,0,3904,2058,119,1080,posthog,3054
treatment,PostHog/posthog,2025-08,ncloc,source_scope_difference_or_mixed,paper,79cf381322842888a721905c09490e85f98a5a2a,../treatment-repos/PostHog_posthog,,12087,461,0,3904,2058,119,1080,ee,535
treatment,PostHog/posthog,2025-08,ncloc,source_scope_difference_or_mixed,paper,79cf381322842888a721905c09490e85f98a5a2a,../treatment-repos/PostHog_posthog,,12087,271,0,3904,2058,119,1080,products,669
treatment,PostHog/posthog,2025-08,ncloc,source_scope_difference_or_mixed,paper,79cf381322842888a721905c09490e85f98a5a2a,../treatment-repos/PostHog_posthog,,12087,52,0,3904,2058,119,1080,dags,54
treatment,PostHog/posthog,2025-08,ncloc,source_scope_difference_or_mixed,paper,79cf381322842888a721905c09490e85f98a5a2a,../treatment-repos/PostHog_posthog,,12087,19,0,3904,2058,119,1080,common,244
treatment,PostHog/posthog,2025-08,ncloc,source_scope_difference_or_mixed,paper,79cf381322842888a721905c09490e85f98a5a2a,../treatment-repos/PostHog_posthog,,12087,6,0,3904,2058,119,1080,infra-scripts,9
treatment,PostHog/posthog,2025-08,ncloc,source_scope_difference_or_mixed,paper,79cf381322842888a721905c09490e85f98a5a2a,../treatment-repos/PostHog_posthog,,12087,5,0,3904,2058,119,1080,bin,52
treatment,PostHog/posthog,2025-08,ncloc,source_scope_difference_or_mixed,paper,79cf381322842888a721905c09490e85f98a5a2a,../treatment-repos/PostHog_posthog,,12087,2,0,3904,2058,119,1080,plugin-server,710
treatment,PostHog/posthog,2025-08,ncloc,source_scope_difference_or_mixed,paper,79cf381322842888a721905c09490e85f98a5a2a,../treatment-repos/PostHog_posthog,,12087,2,0,3904,2058,119,1080,(root),53
treatment,PostHog/posthog,2025-08,ncloc,source_scope_difference_or_mixed,paper,79cf381322842888a721905c09490e85f98a5a2a,../treatment-repos/PostHog_posthog,,12087,0,0,3904,2058,119,1080,frontend,5886
treatment,PostHog/posthog,2025-08,ncloc,source_scope_difference_or_mixed,paper,79cf381322842888a721905c09490e85f98a5a2a,../treatment-repos/PostHog_posthog,,12087,0,0,3904,2058,119,1080,rust,575
treatment,PostHog/posthog,2025-08,ncloc,source_scope_difference_or_mixed,paper,79cf381322842888a721905c09490e85f98a5a2a,../treatment-repos/PostHog_posthog,,12087,0,0,3904,2058,119,1080,.github,56
treatment,PostHog/posthog,2025-07,ncloc,commit_selection_difference,paper,0208352822068d8747214c905d729dff4ebe49f1,../treatment-repos/PostHog_posthog,,11645,2680,0,3757,1929,115,1041,posthog,2936
treatment,PostHog/posthog,2025-07,ncloc,commit_selection_difference,paper,0208352822068d8747214c905d729dff4ebe49f1,../treatment-repos/PostHog_posthog,,11645,423,0,3757,1929,115,1041,ee,496
treatment,PostHog/posthog,2025-07,ncloc,commit_selection_difference,paper,0208352822068d8747214c905d729dff4ebe49f1,../treatment-repos/PostHog_posthog,,11645,210,0,3757,1929,115,1041,products,544
treatment,PostHog/posthog,2025-07,ncloc,commit_selection_difference,paper,0208352822068d8747214c905d729dff4ebe49f1,../treatment-repos/PostHog_posthog,,11645,42,0,3757,1929,115,1041,dags,44
treatment,PostHog/posthog,2025-07,ncloc,commit_selection_difference,paper,0208352822068d8747214c905d729dff4ebe49f1,../treatment-repos/PostHog_posthog,,11645,17,0,3757,1929,115,1041,common,242
treatment,PostHog/posthog,2025-07,ncloc,commit_selection_difference,paper,0208352822068d8747214c905d729dff4ebe49f1,../treatment-repos/PostHog_posthog,,11645,6,0,3757,1929,115,1041,infra-scripts,9
treatment,PostHog/posthog,2025-07,ncloc,commit_selection_difference,paper,0208352822068d8747214c905d729dff4ebe49f1,../treatment-repos/PostHog_posthog,,11645,5,0,3757,1929,115,1041,bin,47
treatment,PostHog/posthog,2025-07,ncloc,commit_selection_difference,paper,0208352822068d8747214c905d729dff4ebe49f1,../treatment-repos/PostHog_posthog,,11645,2,0,3757,1929,115,1041,plugin-server,665
treatment,PostHog/posthog,2025-07,ncloc,commit_selection_difference,paper,0208352822068d8747214c905d729dff4ebe49f1,../treatment-repos/PostHog_posthog,,11645,2,0,3757,1929,115,1041,(root),51
treatment,PostHog/posthog,2025-07,ncloc,commit_selection_difference,paper,0208352822068d8747214c905d729dff4ebe49f1,../treatment-repos/PostHog_posthog,,11645,1,0,3757,1929,115,1041,cypress,78
treatment,PostHog/posthog,2025-07,ncloc,commit_selection_difference,paper,0208352822068d8747214c905d729dff4ebe49f1,../treatment-repos/PostHog_posthog,,11645,0,0,3757,1929,115,1041,frontend,5763
treatment,PostHog/posthog,2025-07,ncloc,commit_selection_difference,paper,0208352822068d8747214c905d729dff4ebe49f1,../treatment-repos/PostHog_posthog,,11645,0,0,3757,1929,115,1041,rust,536
treatment,PostHog/posthog,2025-07,ncloc,commit_selection_difference,our,8e13bf3cbfe9684eb907f7ddf706aa9fae2099e0,../treatment-repos/PostHog_posthog,,11645,2680,0,3757,1929,115,1041,posthog,2936
treatment,PostHog/posthog,2025-07,ncloc,commit_selection_difference,our,8e13bf3cbfe9684eb907f7ddf706aa9fae2099e0,../treatment-repos/PostHog_posthog,,11645,423,0,3757,1929,115,1041,ee,496
treatment,PostHog/posthog,2025-07,ncloc,commit_selection_difference,our,8e13bf3cbfe9684eb907f7ddf706aa9fae2099e0,../treatment-repos/PostHog_posthog,,11645,210,0,3757,1929,115,1041,products,544
treatment,PostHog/posthog,2025-07,ncloc,commit_selection_difference,our,8e13bf3cbfe9684eb907f7ddf706aa9fae2099e0,../treatment-repos/PostHog_posthog,,11645,42,0,3757,1929,115,1041,dags,44
treatment,PostHog/posthog,2025-07,ncloc,commit_selection_difference,our,8e13bf3cbfe9684eb907f7ddf706aa9fae2099e0,../treatment-repos/PostHog_posthog,,11645,17,0,3757,1929,115,1041,common,242
treatment,PostHog/posthog,2025-07,ncloc,commit_selection_difference,our,8e13bf3cbfe9684eb907f7ddf706aa9fae2099e0,../treatment-repos/PostHog_posthog,,11645,6,0,3757,1929,115,1041,infra-scripts,9
treatment,PostHog/posthog,2025-07,ncloc,commit_selection_difference,our,8e13bf3cbfe9684eb907f7ddf706aa9fae2099e0,../treatment-repos/PostHog_posthog,,11645,5,0,3757,1929,115,1041,bin,47
treatment,PostHog/posthog,2025-07,ncloc,commit_selection_difference,our,8e13bf3cbfe9684eb907f7ddf706aa9fae2099e0,../treatment-repos/PostHog_posthog,,11645,2,0,3757,1929,115,1041,plugin-server,665
treatment,PostHog/posthog,2025-07,ncloc,commit_selection_difference,our,8e13bf3cbfe9684eb907f7ddf706aa9fae2099e0,../treatment-repos/PostHog_posthog,,11645,2,0,3757,1929,115,1041,(root),51
treatment,PostHog/posthog,2025-07,ncloc,commit_selection_difference,our,8e13bf3cbfe9684eb907f7ddf706aa9fae2099e0,../treatment-repos/PostHog_posthog,,11645,1,0,3757,1929,115,1041,cypress,78
treatment,PostHog/posthog,2025-07,ncloc,commit_selection_difference,our,8e13bf3cbfe9684eb907f7ddf706aa9fae2099e0,../treatment-repos/PostHog_posthog,,11645,0,0,3757,1929,115,1041,frontend,5763
treatment,PostHog/posthog,2025-07,ncloc,commit_selection_difference,our,8e13bf3cbfe9684eb907f7ddf706aa9fae2099e0,../treatment-repos/PostHog_posthog,,11645,0,0,3757,1929,115,1041,rust,536
treatment,PostHog/posthog,2025-06,ncloc,source_scope_difference_or_mixed,paper,bf87ddcb0e02027bb8c1e7a1aa2e03f0c4312e90,../treatment-repos/PostHog_posthog,,11026,2583,0,3570,1793,111,995,posthog,2823
treatment,PostHog/posthog,2025-06,ncloc,source_scope_difference_or_mixed,paper,bf87ddcb0e02027bb8c1e7a1aa2e03f0c4312e90,../treatment-repos/PostHog_posthog,,11026,374,0,3570,1793,111,995,ee,440
treatment,PostHog/posthog,2025-06,ncloc,source_scope_difference_or_mixed,paper,bf87ddcb0e02027bb8c1e7a1aa2e03f0c4312e90,../treatment-repos/PostHog_posthog,,11026,126,0,3570,1793,111,995,products,423
treatment,PostHog/posthog,2025-06,ncloc,source_scope_difference_or_mixed,paper,bf87ddcb0e02027bb8c1e7a1aa2e03f0c4312e90,../treatment-repos/PostHog_posthog,,11026,32,0,3570,1793,111,995,dags,34
treatment,PostHog/posthog,2025-06,ncloc,source_scope_difference_or_mixed,paper,bf87ddcb0e02027bb8c1e7a1aa2e03f0c4312e90,../treatment-repos/PostHog_posthog,,11026,17,0,3570,1793,111,995,common,237
treatment,PostHog/posthog,2025-06,ncloc,source_scope_difference_or_mixed,paper,bf87ddcb0e02027bb8c1e7a1aa2e03f0c4312e90,../treatment-repos/PostHog_posthog,,11026,6,0,3570,1793,111,995,infra-scripts,9
treatment,PostHog/posthog,2025-06,ncloc,source_scope_difference_or_mixed,paper,bf87ddcb0e02027bb8c1e7a1aa2e03f0c4312e90,../treatment-repos/PostHog_posthog,,11026,5,0,3570,1793,111,995,bin,44
treatment,PostHog/posthog,2025-06,ncloc,source_scope_difference_or_mixed,paper,bf87ddcb0e02027bb8c1e7a1aa2e03f0c4312e90,../treatment-repos/PostHog_posthog,,11026,2,0,3570,1793,111,995,plugin-server,617
treatment,PostHog/posthog,2025-06,ncloc,source_scope_difference_or_mixed,paper,bf87ddcb0e02027bb8c1e7a1aa2e03f0c4312e90,../treatment-repos/PostHog_posthog,,11026,2,0,3570,1793,111,995,(root),52
treatment,PostHog/posthog,2025-06,ncloc,source_scope_difference_or_mixed,paper,bf87ddcb0e02027bb8c1e7a1aa2e03f0c4312e90,../treatment-repos/PostHog_posthog,,11026,1,0,3570,1793,111,995,cypress,78
treatment,PostHog/posthog,2025-06,ncloc,source_scope_difference_or_mixed,paper,bf87ddcb0e02027bb8c1e7a1aa2e03f0c4312e90,../treatment-repos/PostHog_posthog,,11026,0,0,3570,1793,111,995,frontend,5499
treatment,PostHog/posthog,2025-06,ncloc,source_scope_difference_or_mixed,paper,bf87ddcb0e02027bb8c1e7a1aa2e03f0c4312e90,../treatment-repos/PostHog_posthog,,11026,0,0,3570,1793,111,995,rust,540
treatment,zauberzeug/nicegui,2025-04,technical_debt,source_scope_difference_or_mixed,paper,2b8b1a696992e64578f2e4c5fc285e90b60b87a6,../treatment-repos/zauberzeug_nicegui,,1238,353,0,256,133,303,0,nicegui,738
treatment,zauberzeug/nicegui,2025-04,technical_debt,source_scope_difference_or_mixed,paper,2b8b1a696992e64578f2e4c5fc285e90b60b87a6,../treatment-repos/zauberzeug_nicegui,,1238,140,0,256,133,303,0,website,182
treatment,zauberzeug/nicegui,2025-04,technical_debt,source_scope_difference_or_mixed,paper,2b8b1a696992e64578f2e4c5fc285e90b60b87a6,../treatment-repos/zauberzeug_nicegui,,1238,97,0,256,133,303,0,examples,161
treatment,zauberzeug/nicegui,2025-04,technical_debt,source_scope_difference_or_mixed,paper,2b8b1a696992e64578f2e4c5fc285e90b60b87a6,../treatment-repos/zauberzeug_nicegui,,1238,97,0,256,133,303,0,tests,102
treatment,zauberzeug/nicegui,2025-04,technical_debt,source_scope_difference_or_mixed,paper,2b8b1a696992e64578f2e4c5fc285e90b60b87a6,../treatment-repos/zauberzeug_nicegui,,1238,8,0,256,133,303,0,(root),36
treatment,zauberzeug/nicegui,2025-04,technical_debt,source_scope_difference_or_mixed,paper,2b8b1a696992e64578f2e4c5fc285e90b60b87a6,../treatment-repos/zauberzeug_nicegui,,1238,1,0,256,133,303,0,.github,9
treatment,zauberzeug/nicegui,2025-04,technical_debt,source_scope_difference_or_mixed,paper,2b8b1a696992e64578f2e4c5fc285e90b60b87a6,../treatment-repos/zauberzeug_nicegui,,1238,0,0,256,133,303,0,scripts,5
treatment,zauberzeug/nicegui,2025-04,technical_debt,source_scope_difference_or_mixed,paper,2b8b1a696992e64578f2e4c5fc285e90b60b87a6,../treatment-repos/zauberzeug_nicegui,,1238,0,0,256,133,303,0,.cursor,2
treatment,zauberzeug/nicegui,2025-04,technical_debt,source_scope_difference_or_mixed,paper,2b8b1a696992e64578f2e4c5fc285e90b60b87a6,../treatment-repos/zauberzeug_nicegui,,1238,0,0,256,133,303,0,.devcontainer,2
treatment,zauberzeug/nicegui,2025-04,technical_debt,source_scope_difference_or_mixed,paper,2b8b1a696992e64578f2e4c5fc285e90b60b87a6,../treatment-repos/zauberzeug_nicegui,,1238,0,0,256,133,303,0,.vscode,1
treatment,PostHog/posthog,2025-05,ncloc,source_scope_difference_or_mixed,paper,fa2cab6b204f2efeabb5c5bbc1d35ff23c91ec8b,../treatment-repos/PostHog_posthog,,10468,2484,0,3351,1714,108,938,posthog,2718
treatment,PostHog/posthog,2025-05,ncloc,source_scope_difference_or_mixed,paper,fa2cab6b204f2efeabb5c5bbc1d35ff23c91ec8b,../treatment-repos/PostHog_posthog,,10468,364,0,3351,1714,108,938,ee,427
treatment,PostHog/posthog,2025-05,ncloc,source_scope_difference_or_mixed,paper,fa2cab6b204f2efeabb5c5bbc1d35ff23c91ec8b,../treatment-repos/PostHog_posthog,,10468,89,0,3351,1714,108,938,products,254
treatment,PostHog/posthog,2025-05,ncloc,source_scope_difference_or_mixed,paper,fa2cab6b204f2efeabb5c5bbc1d35ff23c91ec8b,../treatment-repos/PostHog_posthog,,10468,23,0,3351,1714,108,938,dags,25
treatment,PostHog/posthog,2025-05,ncloc,source_scope_difference_or_mixed,paper,fa2cab6b204f2efeabb5c5bbc1d35ff23c91ec8b,../treatment-repos/PostHog_posthog,,10468,17,0,3351,1714,108,938,common,245
treatment,PostHog/posthog,2025-05,ncloc,source_scope_difference_or_mixed,paper,fa2cab6b204f2efeabb5c5bbc1d35ff23c91ec8b,../treatment-repos/PostHog_posthog,,10468,6,0,3351,1714,108,938,infra-scripts,9
treatment,PostHog/posthog,2025-05,ncloc,source_scope_difference_or_mixed,paper,fa2cab6b204f2efeabb5c5bbc1d35ff23c91ec8b,../treatment-repos/PostHog_posthog,,10468,4,0,3351,1714,108,938,bin,42
treatment,PostHog/posthog,2025-05,ncloc,source_scope_difference_or_mixed,paper,fa2cab6b204f2efeabb5c5bbc1d35ff23c91ec8b,../treatment-repos/PostHog_posthog,,10468,2,0,3351,1714,108,938,plugin-server,570
treatment,PostHog/posthog,2025-05,ncloc,source_scope_difference_or_mixed,paper,fa2cab6b204f2efeabb5c5bbc1d35ff23c91ec8b,../treatment-repos/PostHog_posthog,,10468,2,0,3351,1714,108,938,(root),53
treatment,PostHog/posthog,2025-05,ncloc,source_scope_difference_or_mixed,paper,fa2cab6b204f2efeabb5c5bbc1d35ff23c91ec8b,../treatment-repos/PostHog_posthog,,10468,1,0,3351,1714,108,938,cypress,78
treatment,PostHog/posthog,2025-05,ncloc,source_scope_difference_or_mixed,paper,fa2cab6b204f2efeabb5c5bbc1d35ff23c91ec8b,../treatment-repos/PostHog_posthog,,10468,0,0,3351,1714,108,938,frontend,5312
treatment,PostHog/posthog,2025-05,ncloc,source_scope_difference_or_mixed,paper,fa2cab6b204f2efeabb5c5bbc1d35ff23c91ec8b,../treatment-repos/PostHog_posthog,,10468,0,0,3351,1714,108,938,rust,507
treatment,PostHog/posthog,2025-03,ncloc,source_scope_difference_or_mixed,paper,ecdaddcfaf15967165806e2cd4f9bc0cfb40f0e1,../treatment-repos/PostHog_posthog,,9368,2321,0,3068,1520,107,865,posthog,2547
treatment,PostHog/posthog,2025-03,ncloc,source_scope_difference_or_mixed,paper,ecdaddcfaf15967165806e2cd4f9bc0cfb40f0e1,../treatment-repos/PostHog_posthog,,9368,341,0,3068,1520,107,865,ee,397
treatment,PostHog/posthog,2025-03,ncloc,source_scope_difference_or_mixed,paper,ecdaddcfaf15967165806e2cd4f9bc0cfb40f0e1,../treatment-repos/PostHog_posthog,,9368,20,0,3068,1520,107,865,dags,22
treatment,PostHog/posthog,2025-03,ncloc,source_scope_difference_or_mixed,paper,ecdaddcfaf15967165806e2cd4f9bc0cfb40f0e1,../treatment-repos/PostHog_posthog,,9368,17,0,3068,1520,107,865,common,242
treatment,PostHog/posthog,2025-03,ncloc,source_scope_difference_or_mixed,paper,ecdaddcfaf15967165806e2cd4f9bc0cfb40f0e1,../treatment-repos/PostHog_posthog,,9368,9,0,3068,1520,107,865,products,78
treatment,PostHog/posthog,2025-03,ncloc,source_scope_difference_or_mixed,paper,ecdaddcfaf15967165806e2cd4f9bc0cfb40f0e1,../treatment-repos/PostHog_posthog,,9368,3,0,3068,1520,107,865,bin,40
treatment,PostHog/posthog,2025-03,ncloc,source_scope_difference_or_mixed,paper,ecdaddcfaf15967165806e2cd4f9bc0cfb40f0e1,../treatment-repos/PostHog_posthog,,9368,2,0,3068,1520,107,865,plugin-server,553
treatment,PostHog/posthog,2025-03,ncloc,source_scope_difference_or_mixed,paper,ecdaddcfaf15967165806e2cd4f9bc0cfb40f0e1,../treatment-repos/PostHog_posthog,,9368,2,0,3068,1520,107,865,(root),53
treatment,PostHog/posthog,2025-03,ncloc,source_scope_difference_or_mixed,paper,ecdaddcfaf15967165806e2cd4f9bc0cfb40f0e1,../treatment-repos/PostHog_posthog,,9368,1,0,3068,1520,107,865,cypress,81
treatment,PostHog/posthog,2025-03,ncloc,source_scope_difference_or_mixed,paper,ecdaddcfaf15967165806e2cd4f9bc0cfb40f0e1,../treatment-repos/PostHog_posthog,,9368,0,0,3068,1520,107,865,frontend,4761
treatment,PostHog/posthog,2025-03,ncloc,source_scope_difference_or_mixed,paper,ecdaddcfaf15967165806e2cd4f9bc0cfb40f0e1,../treatment-repos/PostHog_posthog,,9368,0,0,3068,1520,107,865,rust,370
treatment,PostHog/posthog,2025-03,ncloc,source_scope_difference_or_mixed,paper,ecdaddcfaf15967165806e2cd4f9bc0cfb40f0e1,../treatment-repos/PostHog_posthog,,9368,0,0,3068,1520,107,865,.github,54
treatment,PostHog/posthog,2025-02,ncloc,source_scope_difference_or_mixed,paper,e6cdfed56138f74a1e8bcac05f60036d96ab9a6a,../treatment-repos/PostHog_posthog,,9081,2223,0,2992,1440,99,832,posthog,2466
treatment,PostHog/posthog,2025-02,ncloc,source_scope_difference_or_mixed,paper,e6cdfed56138f74a1e8bcac05f60036d96ab9a6a,../treatment-repos/PostHog_posthog,,9081,310,0,2992,1440,99,832,ee,368
treatment,PostHog/posthog,2025-02,ncloc,source_scope_difference_or_mixed,paper,e6cdfed56138f74a1e8bcac05f60036d96ab9a6a,../treatment-repos/PostHog_posthog,,9081,17,0,2992,1440,99,832,common,234
treatment,PostHog/posthog,2025-02,ncloc,source_scope_difference_or_mixed,paper,e6cdfed56138f74a1e8bcac05f60036d96ab9a6a,../treatment-repos/PostHog_posthog,,9081,14,0,2992,1440,99,832,dags,14
treatment,PostHog/posthog,2025-02,ncloc,source_scope_difference_or_mixed,paper,e6cdfed56138f74a1e8bcac05f60036d96ab9a6a,../treatment-repos/PostHog_posthog,,9081,9,0,2992,1440,99,832,products,56
treatment,PostHog/posthog,2025-02,ncloc,source_scope_difference_or_mixed,paper,e6cdfed56138f74a1e8bcac05f60036d96ab9a6a,../treatment-repos/PostHog_posthog,,9081,3,0,2992,1440,99,832,bin,40
treatment,PostHog/posthog,2025-02,ncloc,source_scope_difference_or_mixed,paper,e6cdfed56138f74a1e8bcac05f60036d96ab9a6a,../treatment-repos/PostHog_posthog,,9081,2,0,2992,1440,99,832,(root),54
treatment,PostHog/posthog,2025-02,ncloc,source_scope_difference_or_mixed,paper,e6cdfed56138f74a1e8bcac05f60036d96ab9a6a,../treatment-repos/PostHog_posthog,,9081,1,0,2992,1440,99,832,plugin-server,567
treatment,PostHog/posthog,2025-02,ncloc,source_scope_difference_or_mixed,paper,e6cdfed56138f74a1e8bcac05f60036d96ab9a6a,../treatment-repos/PostHog_posthog,,9081,1,0,2992,1440,99,832,cypress,85
treatment,PostHog/posthog,2025-02,ncloc,source_scope_difference_or_mixed,paper,e6cdfed56138f74a1e8bcac05f60036d96ab9a6a,../treatment-repos/PostHog_posthog,,9081,0,0,2992,1440,99,832,frontend,4687
treatment,PostHog/posthog,2025-02,ncloc,source_scope_difference_or_mixed,paper,e6cdfed56138f74a1e8bcac05f60036d96ab9a6a,../treatment-repos/PostHog_posthog,,9081,0,0,2992,1440,99,832,rust,329
treatment,PostHog/posthog,2025-02,ncloc,source_scope_difference_or_mixed,paper,e6cdfed56138f74a1e8bcac05f60036d96ab9a6a,../treatment-repos/PostHog_posthog,,9081,0,0,2992,1440,99,832,.github,50
treatment,zauberzeug/nicegui,2025-02,technical_debt,source_scope_difference_or_mixed,paper,b71074ef73498f532234a837ea04a08ffbf4e804,../treatment-repos/zauberzeug_nicegui,,1326,351,0,258,131,298,0,nicegui,835
treatment,zauberzeug/nicegui,2025-02,technical_debt,source_scope_difference_or_mixed,paper,b71074ef73498f532234a837ea04a08ffbf4e804,../treatment-repos/zauberzeug_nicegui,,1326,138,0,258,131,298,0,website,180
treatment,zauberzeug/nicegui,2025-02,technical_debt,source_scope_difference_or_mixed,paper,b71074ef73498f532234a837ea04a08ffbf4e804,../treatment-repos/zauberzeug_nicegui,,1326,95,0,258,131,298,0,examples,158
treatment,zauberzeug/nicegui,2025-02,technical_debt,source_scope_difference_or_mixed,paper,b71074ef73498f532234a837ea04a08ffbf4e804,../treatment-repos/zauberzeug_nicegui,,1326,95,0,258,131,298,0,tests,100
treatment,zauberzeug/nicegui,2025-02,technical_debt,source_scope_difference_or_mixed,paper,b71074ef73498f532234a837ea04a08ffbf4e804,../treatment-repos/zauberzeug_nicegui,,1326,8,0,258,131,298,0,(root),35
treatment,zauberzeug/nicegui,2025-02,technical_debt,source_scope_difference_or_mixed,paper,b71074ef73498f532234a837ea04a08ffbf4e804,../treatment-repos/zauberzeug_nicegui,,1326,1,0,258,131,298,0,.github,10
treatment,zauberzeug/nicegui,2025-02,technical_debt,source_scope_difference_or_mixed,paper,b71074ef73498f532234a837ea04a08ffbf4e804,../treatment-repos/zauberzeug_nicegui,,1326,0,0,258,131,298,0,scripts,5
treatment,zauberzeug/nicegui,2025-02,technical_debt,source_scope_difference_or_mixed,paper,b71074ef73498f532234a837ea04a08ffbf4e804,../treatment-repos/zauberzeug_nicegui,,1326,0,0,258,131,298,0,.devcontainer,2
treatment,zauberzeug/nicegui,2025-02,technical_debt,source_scope_difference_or_mixed,paper,b71074ef73498f532234a837ea04a08ffbf4e804,../treatment-repos/zauberzeug_nicegui,,1326,0,0,258,131,298,0,.vscode,1
treatment,zauberzeug/nicegui,2025-01,technical_debt,source_scope_difference_or_mixed,paper,7a540bf3dded6f1e58d32bf21a97d9a5c013afc1,../treatment-repos/zauberzeug_nicegui,,1322,349,0,258,130,298,0,nicegui,833
treatment,zauberzeug/nicegui,2025-01,technical_debt,source_scope_difference_or_mixed,paper,7a540bf3dded6f1e58d32bf21a97d9a5c013afc1,../treatment-repos/zauberzeug_nicegui,,1322,137,0,258,130,298,0,website,179
treatment,zauberzeug/nicegui,2025-01,technical_debt,source_scope_difference_or_mixed,paper,7a540bf3dded6f1e58d32bf21a97d9a5c013afc1,../treatment-repos/zauberzeug_nicegui,,1322,95,0,258,130,298,0,examples,159
treatment,zauberzeug/nicegui,2025-01,technical_debt,source_scope_difference_or_mixed,paper,7a540bf3dded6f1e58d32bf21a97d9a5c013afc1,../treatment-repos/zauberzeug_nicegui,,1322,94,0,258,130,298,0,tests,99
treatment,zauberzeug/nicegui,2025-01,technical_debt,source_scope_difference_or_mixed,paper,7a540bf3dded6f1e58d32bf21a97d9a5c013afc1,../treatment-repos/zauberzeug_nicegui,,1322,6,0,258,130,298,0,(root),33
treatment,zauberzeug/nicegui,2025-01,technical_debt,source_scope_difference_or_mixed,paper,7a540bf3dded6f1e58d32bf21a97d9a5c013afc1,../treatment-repos/zauberzeug_nicegui,,1322,2,0,258,130,298,0,.github,11
treatment,zauberzeug/nicegui,2025-01,technical_debt,source_scope_difference_or_mixed,paper,7a540bf3dded6f1e58d32bf21a97d9a5c013afc1,../treatment-repos/zauberzeug_nicegui,,1322,0,0,258,130,298,0,scripts,5
treatment,zauberzeug/nicegui,2025-01,technical_debt,source_scope_difference_or_mixed,paper,7a540bf3dded6f1e58d32bf21a97d9a5c013afc1,../treatment-repos/zauberzeug_nicegui,,1322,0,0,258,130,298,0,.devcontainer,2
treatment,zauberzeug/nicegui,2025-01,technical_debt,source_scope_difference_or_mixed,paper,7a540bf3dded6f1e58d32bf21a97d9a5c013afc1,../treatment-repos/zauberzeug_nicegui,,1322,0,0,258,130,298,0,.vscode,1
treatment,zauberzeug/nicegui,2025-03,technical_debt,source_scope_difference_or_mixed,paper,745167c81c219beda5ebaf850dfb7a3e772f96ac,../treatment-repos/zauberzeug_nicegui,,1334,352,0,258,132,302,0,nicegui,836
treatment,zauberzeug/nicegui,2025-03,technical_debt,source_scope_difference_or_mixed,paper,745167c81c219beda5ebaf850dfb7a3e772f96ac,../treatment-repos/zauberzeug_nicegui,,1334,139,0,258,132,302,0,website,181
treatment,zauberzeug/nicegui,2025-03,technical_debt,source_scope_difference_or_mixed,paper,745167c81c219beda5ebaf850dfb7a3e772f96ac,../treatment-repos/zauberzeug_nicegui,,1334,97,0,258,132,302,0,examples,161
treatment,zauberzeug/nicegui,2025-03,technical_debt,source_scope_difference_or_mixed,paper,745167c81c219beda5ebaf850dfb7a3e772f96ac,../treatment-repos/zauberzeug_nicegui,,1334,96,0,258,132,302,0,tests,101
treatment,zauberzeug/nicegui,2025-03,technical_debt,source_scope_difference_or_mixed,paper,745167c81c219beda5ebaf850dfb7a3e772f96ac,../treatment-repos/zauberzeug_nicegui,,1334,8,0,258,132,302,0,(root),36
treatment,zauberzeug/nicegui,2025-03,technical_debt,source_scope_difference_or_mixed,paper,745167c81c219beda5ebaf850dfb7a3e772f96ac,../treatment-repos/zauberzeug_nicegui,,1334,1,0,258,132,302,0,.github,9
treatment,zauberzeug/nicegui,2025-03,technical_debt,source_scope_difference_or_mixed,paper,745167c81c219beda5ebaf850dfb7a3e772f96ac,../treatment-repos/zauberzeug_nicegui,,1334,0,0,258,132,302,0,scripts,5
treatment,zauberzeug/nicegui,2025-03,technical_debt,source_scope_difference_or_mixed,paper,745167c81c219beda5ebaf850dfb7a3e772f96ac,../treatment-repos/zauberzeug_nicegui,,1334,0,0,258,132,302,0,.cursor,2
treatment,zauberzeug/nicegui,2025-03,technical_debt,source_scope_difference_or_mixed,paper,745167c81c219beda5ebaf850dfb7a3e772f96ac,../treatment-repos/zauberzeug_nicegui,,1334,0,0,258,132,302,0,.devcontainer,2
treatment,zauberzeug/nicegui,2025-03,technical_debt,source_scope_difference_or_mixed,paper,745167c81c219beda5ebaf850dfb7a3e772f96ac,../treatment-repos/zauberzeug_nicegui,,1334,0,0,258,132,302,0,.vscode,1
treatment,zauberzeug/nicegui,2024-12,technical_debt,source_scope_difference_or_mixed,paper,343dc0da8de0cf2f645cf8b5d76f5b439cb817f3,../treatment-repos/zauberzeug_nicegui,,1305,343,0,257,129,289,0,nicegui,826
treatment,zauberzeug/nicegui,2024-12,technical_debt,source_scope_difference_or_mixed,paper,343dc0da8de0cf2f645cf8b5d76f5b439cb817f3,../treatment-repos/zauberzeug_nicegui,,1305,136,0,257,129,289,0,website,178
treatment,zauberzeug/nicegui,2024-12,technical_debt,source_scope_difference_or_mixed,paper,343dc0da8de0cf2f645cf8b5d76f5b439cb817f3,../treatment-repos/zauberzeug_nicegui,,1305,93,0,257,129,289,0,tests,98
treatment,zauberzeug/nicegui,2024-12,technical_debt,source_scope_difference_or_mixed,paper,343dc0da8de0cf2f645cf8b5d76f5b439cb817f3,../treatment-repos/zauberzeug_nicegui,,1305,92,0,257,129,289,0,examples,151
treatment,zauberzeug/nicegui,2024-12,technical_debt,source_scope_difference_or_mixed,paper,343dc0da8de0cf2f645cf8b5d76f5b439cb817f3,../treatment-repos/zauberzeug_nicegui,,1305,6,0,257,129,289,0,(root),33
treatment,zauberzeug/nicegui,2024-12,technical_debt,source_scope_difference_or_mixed,paper,343dc0da8de0cf2f645cf8b5d76f5b439cb817f3,../treatment-repos/zauberzeug_nicegui,,1305,2,0,257,129,289,0,.github,11
treatment,zauberzeug/nicegui,2024-12,technical_debt,source_scope_difference_or_mixed,paper,343dc0da8de0cf2f645cf8b5d76f5b439cb817f3,../treatment-repos/zauberzeug_nicegui,,1305,0,0,257,129,289,0,scripts,5
treatment,zauberzeug/nicegui,2024-12,technical_debt,source_scope_difference_or_mixed,paper,343dc0da8de0cf2f645cf8b5d76f5b439cb817f3,../treatment-repos/zauberzeug_nicegui,,1305,0,0,257,129,289,0,.devcontainer,2
treatment,zauberzeug/nicegui,2024-12,technical_debt,source_scope_difference_or_mixed,paper,343dc0da8de0cf2f645cf8b5d76f5b439cb817f3,../treatment-repos/zauberzeug_nicegui,,1305,0,0,257,129,289,0,.vscode,1
treatment,zauberzeug/nicegui,2024-11,technical_debt,source_scope_difference_or_mixed,paper,25a633450d1223dcc8f1ad59d260d2e844b5519d,../treatment-repos/zauberzeug_nicegui,,1305,342,0,257,129,289,0,nicegui,825
treatment,zauberzeug/nicegui,2024-11,technical_debt,source_scope_difference_or_mixed,paper,25a633450d1223dcc8f1ad59d260d2e844b5519d,../treatment-repos/zauberzeug_nicegui,,1305,137,0,257,129,289,0,website,179
treatment,zauberzeug/nicegui,2024-11,technical_debt,source_scope_difference_or_mixed,paper,25a633450d1223dcc8f1ad59d260d2e844b5519d,../treatment-repos/zauberzeug_nicegui,,1305,93,0,257,129,289,0,tests,98
treatment,zauberzeug/nicegui,2024-11,technical_debt,source_scope_difference_or_mixed,paper,25a633450d1223dcc8f1ad59d260d2e844b5519d,../treatment-repos/zauberzeug_nicegui,,1305,92,0,257,129,289,0,examples,151
treatment,zauberzeug/nicegui,2024-11,technical_debt,source_scope_difference_or_mixed,paper,25a633450d1223dcc8f1ad59d260d2e844b5519d,../treatment-repos/zauberzeug_nicegui,,1305,6,0,257,129,289,0,(root),33
treatment,zauberzeug/nicegui,2024-11,technical_debt,source_scope_difference_or_mixed,paper,25a633450d1223dcc8f1ad59d260d2e844b5519d,../treatment-repos/zauberzeug_nicegui,,1305,2,0,257,129,289,0,.github,11
treatment,zauberzeug/nicegui,2024-11,technical_debt,source_scope_difference_or_mixed,paper,25a633450d1223dcc8f1ad59d260d2e844b5519d,../treatment-repos/zauberzeug_nicegui,,1305,0,0,257,129,289,0,scripts,5
treatment,zauberzeug/nicegui,2024-11,technical_debt,source_scope_difference_or_mixed,paper,25a633450d1223dcc8f1ad59d260d2e844b5519d,../treatment-repos/zauberzeug_nicegui,,1305,0,0,257,129,289,0,.devcontainer,2
treatment,zauberzeug/nicegui,2024-11,technical_debt,source_scope_difference_or_mixed,paper,25a633450d1223dcc8f1ad59d260d2e844b5519d,../treatment-repos/zauberzeug_nicegui,,1305,0,0,257,129,289,0,.vscode,1
treatment,PostHog/posthog,2025-01,ncloc,source_scope_difference_or_mixed,paper,1253d960c415d65583dac034353702ad74016da1,../treatment-repos/PostHog_posthog,,8598,2145,0,2771,1355,90,801,posthog,2379
treatment,PostHog/posthog,2025-01,ncloc,source_scope_difference_or_mixed,paper,1253d960c415d65583dac034353702ad74016da1,../treatment-repos/PostHog_posthog,,8598,299,0,2771,1355,90,801,ee,356
treatment,PostHog/posthog,2025-01,ncloc,source_scope_difference_or_mixed,paper,1253d960c415d65583dac034353702ad74016da1,../treatment-repos/PostHog_posthog,,8598,16,0,2771,1355,90,801,common,203
treatment,PostHog/posthog,2025-01,ncloc,source_scope_difference_or_mixed,paper,1253d960c415d65583dac034353702ad74016da1,../treatment-repos/PostHog_posthog,,8598,9,0,2771,1355,90,801,products,50
treatment,PostHog/posthog,2025-01,ncloc,source_scope_difference_or_mixed,paper,1253d960c415d65583dac034353702ad74016da1,../treatment-repos/PostHog_posthog,,8598,8,0,2771,1355,90,801,dags,8
treatment,PostHog/posthog,2025-01,ncloc,source_scope_difference_or_mixed,paper,1253d960c415d65583dac034353702ad74016da1,../treatment-repos/PostHog_posthog,,8598,3,0,2771,1355,90,801,bin,38
treatment,PostHog/posthog,2025-01,ncloc,source_scope_difference_or_mixed,paper,1253d960c415d65583dac034353702ad74016da1,../treatment-repos/PostHog_posthog,,8598,2,0,2771,1355,90,801,(root),57
treatment,PostHog/posthog,2025-01,ncloc,source_scope_difference_or_mixed,paper,1253d960c415d65583dac034353702ad74016da1,../treatment-repos/PostHog_posthog,,8598,2,0,2771,1355,90,801,dags_test,2
treatment,PostHog/posthog,2025-01,ncloc,source_scope_difference_or_mixed,paper,1253d960c415d65583dac034353702ad74016da1,../treatment-repos/PostHog_posthog,,8598,1,0,2771,1355,90,801,plugin-server,431
treatment,PostHog/posthog,2025-01,ncloc,source_scope_difference_or_mixed,paper,1253d960c415d65583dac034353702ad74016da1,../treatment-repos/PostHog_posthog,,8598,1,0,2771,1355,90,801,cypress,96
treatment,PostHog/posthog,2025-01,ncloc,source_scope_difference_or_mixed,paper,1253d960c415d65583dac034353702ad74016da1,../treatment-repos/PostHog_posthog,,8598,0,0,2771,1355,90,801,frontend,4513
treatment,PostHog/posthog,2025-01,ncloc,source_scope_difference_or_mixed,paper,1253d960c415d65583dac034353702ad74016da1,../treatment-repos/PostHog_posthog,,8598,0,0,2771,1355,90,801,rust,309
treatment,PostHog/posthog,2024-12,ncloc,source_scope_difference_or_mixed,paper,3aa25f3257f981db0b7e8b5411dc209b66c6f4c2,../treatment-repos/PostHog_posthog,,8156,2096,0,2560,1287,84,770,posthog,2322
treatment,PostHog/posthog,2024-12,ncloc,source_scope_difference_or_mixed,paper,3aa25f3257f981db0b7e8b5411dc209b66c6f4c2,../treatment-repos/PostHog_posthog,,8156,288,0,2560,1287,84,770,ee,347
treatment,PostHog/posthog,2024-12,ncloc,source_scope_difference_or_mixed,paper,3aa25f3257f981db0b7e8b5411dc209b66c6f4c2,../treatment-repos/PostHog_posthog,,8156,15,0,2560,1287,84,770,hogvm,167
treatment,PostHog/posthog,2024-12,ncloc,source_scope_difference_or_mixed,paper,3aa25f3257f981db0b7e8b5411dc209b66c6f4c2,../treatment-repos/PostHog_posthog,,8156,3,0,2560,1287,84,770,bin,37
treatment,PostHog/posthog,2024-12,ncloc,source_scope_difference_or_mixed,paper,3aa25f3257f981db0b7e8b5411dc209b66c6f4c2,../treatment-repos/PostHog_posthog,,8156,2,0,2560,1287,84,770,(root),55
treatment,PostHog/posthog,2024-12,ncloc,source_scope_difference_or_mixed,paper,3aa25f3257f981db0b7e8b5411dc209b66c6f4c2,../treatment-repos/PostHog_posthog,,8156,1,0,2560,1287,84,770,plugin-server,306
treatment,PostHog/posthog,2024-12,ncloc,source_scope_difference_or_mixed,paper,3aa25f3257f981db0b7e8b5411dc209b66c6f4c2,../treatment-repos/PostHog_posthog,,8156,1,0,2560,1287,84,770,cypress,96
treatment,PostHog/posthog,2024-12,ncloc,source_scope_difference_or_mixed,paper,3aa25f3257f981db0b7e8b5411dc209b66c6f4c2,../treatment-repos/PostHog_posthog,,8156,1,0,2560,1287,84,770,hogql_parser,26
treatment,PostHog/posthog,2024-12,ncloc,source_scope_difference_or_mixed,paper,3aa25f3257f981db0b7e8b5411dc209b66c6f4c2,../treatment-repos/PostHog_posthog,,8156,0,0,2560,1287,84,770,frontend,4359
treatment,PostHog/posthog,2024-12,ncloc,source_scope_difference_or_mixed,paper,3aa25f3257f981db0b7e8b5411dc209b66c6f4c2,../treatment-repos/PostHog_posthog,,8156,0,0,2560,1287,84,770,rust,283
treatment,PostHog/posthog,2024-12,ncloc,source_scope_difference_or_mixed,paper,3aa25f3257f981db0b7e8b5411dc209b66c6f4c2,../treatment-repos/PostHog_posthog,,8156,0,0,2560,1287,84,770,.github,49
treatment,PostHog/posthog,2024-12,ncloc,source_scope_difference_or_mixed,paper,3aa25f3257f981db0b7e8b5411dc209b66c6f4c2,../treatment-repos/PostHog_posthog,,8156,0,0,2560,1287,84,770,livestream,34
treatment,PostHog/posthog,2024-11,ncloc,source_scope_difference_or_mixed,paper,b4d51e3b746e6174a7d60c525ea22387f00dcafe,../treatment-repos/PostHog_posthog,,8022,2035,0,2516,1271,84,753,posthog,2257
treatment,PostHog/posthog,2024-11,ncloc,source_scope_difference_or_mixed,paper,b4d51e3b746e6174a7d60c525ea22387f00dcafe,../treatment-repos/PostHog_posthog,,8022,284,0,2516,1271,84,753,ee,343
treatment,PostHog/posthog,2024-11,ncloc,source_scope_difference_or_mixed,paper,b4d51e3b746e6174a7d60c525ea22387f00dcafe,../treatment-repos/PostHog_posthog,,8022,15,0,2516,1271,84,753,hogvm,167
treatment,PostHog/posthog,2024-11,ncloc,source_scope_difference_or_mixed,paper,b4d51e3b746e6174a7d60c525ea22387f00dcafe,../treatment-repos/PostHog_posthog,,8022,3,0,2516,1271,84,753,bin,36
treatment,PostHog/posthog,2024-11,ncloc,source_scope_difference_or_mixed,paper,b4d51e3b746e6174a7d60c525ea22387f00dcafe,../treatment-repos/PostHog_posthog,,8022,2,0,2516,1271,84,753,(root),54
treatment,PostHog/posthog,2024-11,ncloc,source_scope_difference_or_mixed,paper,b4d51e3b746e6174a7d60c525ea22387f00dcafe,../treatment-repos/PostHog_posthog,,8022,1,0,2516,1271,84,753,plugin-server,303
treatment,PostHog/posthog,2024-11,ncloc,source_scope_difference_or_mixed,paper,b4d51e3b746e6174a7d60c525ea22387f00dcafe,../treatment-repos/PostHog_posthog,,8022,1,0,2516,1271,84,753,cypress,95
treatment,PostHog/posthog,2024-11,ncloc,source_scope_difference_or_mixed,paper,b4d51e3b746e6174a7d60c525ea22387f00dcafe,../treatment-repos/PostHog_posthog,,8022,1,0,2516,1271,84,753,hogql_parser,26
treatment,PostHog/posthog,2024-11,ncloc,source_scope_difference_or_mixed,paper,b4d51e3b746e6174a7d60c525ea22387f00dcafe,../treatment-repos/PostHog_posthog,,8022,0,0,2516,1271,84,753,frontend,4310
treatment,PostHog/posthog,2024-11,ncloc,source_scope_difference_or_mixed,paper,b4d51e3b746e6174a7d60c525ea22387f00dcafe,../treatment-repos/PostHog_posthog,,8022,0,0,2516,1271,84,753,rust,278
treatment,PostHog/posthog,2024-11,ncloc,source_scope_difference_or_mixed,paper,b4d51e3b746e6174a7d60c525ea22387f00dcafe,../treatment-repos/PostHog_posthog,,8022,0,0,2516,1271,84,753,.github,49
treatment,PostHog/posthog,2024-11,ncloc,source_scope_difference_or_mixed,paper,b4d51e3b746e6174a7d60c525ea22387f00dcafe,../treatment-repos/PostHog_posthog,,8022,0,0,2516,1271,84,753,livestream,34
treatment,zauberzeug/nicegui,2025-04,cognitive_complexity,source_scope_difference_or_mixed,paper,2b8b1a696992e64578f2e4c5fc285e90b60b87a6,../treatment-repos/zauberzeug_nicegui,,1238,353,0,256,133,303,0,nicegui,738
treatment,zauberzeug/nicegui,2025-04,cognitive_complexity,source_scope_difference_or_mixed,paper,2b8b1a696992e64578f2e4c5fc285e90b60b87a6,../treatment-repos/zauberzeug_nicegui,,1238,140,0,256,133,303,0,website,182
treatment,zauberzeug/nicegui,2025-04,cognitive_complexity,source_scope_difference_or_mixed,paper,2b8b1a696992e64578f2e4c5fc285e90b60b87a6,../treatment-repos/zauberzeug_nicegui,,1238,97,0,256,133,303,0,examples,161
treatment,zauberzeug/nicegui,2025-04,cognitive_complexity,source_scope_difference_or_mixed,paper,2b8b1a696992e64578f2e4c5fc285e90b60b87a6,../treatment-repos/zauberzeug_nicegui,,1238,97,0,256,133,303,0,tests,102
treatment,zauberzeug/nicegui,2025-04,cognitive_complexity,source_scope_difference_or_mixed,paper,2b8b1a696992e64578f2e4c5fc285e90b60b87a6,../treatment-repos/zauberzeug_nicegui,,1238,8,0,256,133,303,0,(root),36
treatment,zauberzeug/nicegui,2025-04,cognitive_complexity,source_scope_difference_or_mixed,paper,2b8b1a696992e64578f2e4c5fc285e90b60b87a6,../treatment-repos/zauberzeug_nicegui,,1238,1,0,256,133,303,0,.github,9
treatment,zauberzeug/nicegui,2025-04,cognitive_complexity,source_scope_difference_or_mixed,paper,2b8b1a696992e64578f2e4c5fc285e90b60b87a6,../treatment-repos/zauberzeug_nicegui,,1238,0,0,256,133,303,0,scripts,5
treatment,zauberzeug/nicegui,2025-04,cognitive_complexity,source_scope_difference_or_mixed,paper,2b8b1a696992e64578f2e4c5fc285e90b60b87a6,../treatment-repos/zauberzeug_nicegui,,1238,0,0,256,133,303,0,.cursor,2
treatment,zauberzeug/nicegui,2025-04,cognitive_complexity,source_scope_difference_or_mixed,paper,2b8b1a696992e64578f2e4c5fc285e90b60b87a6,../treatment-repos/zauberzeug_nicegui,,1238,0,0,256,133,303,0,.devcontainer,2
treatment,zauberzeug/nicegui,2025-04,cognitive_complexity,source_scope_difference_or_mixed,paper,2b8b1a696992e64578f2e4c5fc285e90b60b87a6,../treatment-repos/zauberzeug_nicegui,,1238,0,0,256,133,303,0,.vscode,1
treatment,PostHog/posthog,2024-10,ncloc,source_scope_difference_or_mixed,paper,12ff477551dfc5a197aca3006e14e4193183dbd8,../treatment-repos/PostHog_posthog,,7770,1990,0,2411,1209,84,728,posthog,2213
treatment,PostHog/posthog,2024-10,ncloc,source_scope_difference_or_mixed,paper,12ff477551dfc5a197aca3006e14e4193183dbd8,../treatment-repos/PostHog_posthog,,7770,238,0,2411,1209,84,728,ee,297
treatment,PostHog/posthog,2024-10,ncloc,source_scope_difference_or_mixed,paper,12ff477551dfc5a197aca3006e14e4193183dbd8,../treatment-repos/PostHog_posthog,,7770,15,0,2411,1209,84,728,hogvm,133
treatment,PostHog/posthog,2024-10,ncloc,source_scope_difference_or_mixed,paper,12ff477551dfc5a197aca3006e14e4193183dbd8,../treatment-repos/PostHog_posthog,,7770,3,0,2411,1209,84,728,bin,36
treatment,PostHog/posthog,2024-10,ncloc,source_scope_difference_or_mixed,paper,12ff477551dfc5a197aca3006e14e4193183dbd8,../treatment-repos/PostHog_posthog,,7770,2,0,2411,1209,84,728,(root),55
treatment,PostHog/posthog,2024-10,ncloc,source_scope_difference_or_mixed,paper,12ff477551dfc5a197aca3006e14e4193183dbd8,../treatment-repos/PostHog_posthog,,7770,1,0,2411,1209,84,728,plugin-server,304
treatment,PostHog/posthog,2024-10,ncloc,source_scope_difference_or_mixed,paper,12ff477551dfc5a197aca3006e14e4193183dbd8,../treatment-repos/PostHog_posthog,,7770,1,0,2411,1209,84,728,cypress,95
treatment,PostHog/posthog,2024-10,ncloc,source_scope_difference_or_mixed,paper,12ff477551dfc5a197aca3006e14e4193183dbd8,../treatment-repos/PostHog_posthog,,7770,1,0,2411,1209,84,728,hogql_parser,26
treatment,PostHog/posthog,2024-10,ncloc,source_scope_difference_or_mixed,paper,12ff477551dfc5a197aca3006e14e4193183dbd8,../treatment-repos/PostHog_posthog,,7770,0,0,2411,1209,84,728,frontend,4211
treatment,PostHog/posthog,2024-10,ncloc,source_scope_difference_or_mixed,paper,12ff477551dfc5a197aca3006e14e4193183dbd8,../treatment-repos/PostHog_posthog,,7770,0,0,2411,1209,84,728,rust,247
treatment,PostHog/posthog,2024-10,ncloc,source_scope_difference_or_mixed,paper,12ff477551dfc5a197aca3006e14e4193183dbd8,../treatment-repos/PostHog_posthog,,7770,0,0,2411,1209,84,728,.github,49
treatment,PostHog/posthog,2024-10,ncloc,source_scope_difference_or_mixed,paper,12ff477551dfc5a197aca3006e14e4193183dbd8,../treatment-repos/PostHog_posthog,,7770,0,0,2411,1209,84,728,livestream,34
treatment,wdm0006/elote,2025-02,cognitive_complexity,source_scope_difference_or_mixed,paper,6371b529b88402434e8cafaaf0ed137b412bfd6b,../treatment-repos/wdm0006_elote,,146,15,0,11,19,101,63,tests,15
treatment,wdm0006/elote,2025-02,cognitive_complexity,source_scope_difference_or_mixed,paper,6371b529b88402434e8cafaaf0ed137b412bfd6b,../treatment-repos/wdm0006_elote,,146,12,0,11,19,101,63,examples,12
treatment,wdm0006/elote,2025-02,cognitive_complexity,source_scope_difference_or_mixed,paper,6371b529b88402434e8cafaaf0ed137b412bfd6b,../treatment-repos/wdm0006_elote,,146,11,0,11,19,101,63,elote,11
treatment,wdm0006/elote,2025-02,cognitive_complexity,source_scope_difference_or_mixed,paper,6371b529b88402434e8cafaaf0ed137b412bfd6b,../treatment-repos/wdm0006_elote,,146,1,0,11,19,101,63,docs,85
treatment,wdm0006/elote,2025-02,cognitive_complexity,source_scope_difference_or_mixed,paper,6371b529b88402434e8cafaaf0ed137b412bfd6b,../treatment-repos/wdm0006_elote,,146,1,0,11,19,101,63,scripts,1
treatment,wdm0006/elote,2025-02,cognitive_complexity,source_scope_difference_or_mixed,paper,6371b529b88402434e8cafaaf0ed137b412bfd6b,../treatment-repos/wdm0006_elote,,146,0,0,11,19,101,63,(root),11
treatment,wdm0006/elote,2025-02,cognitive_complexity,source_scope_difference_or_mixed,paper,6371b529b88402434e8cafaaf0ed137b412bfd6b,../treatment-repos/wdm0006_elote,,146,0,0,11,19,101,63,.github,6
treatment,wdm0006/elote,2025-02,cognitive_complexity,source_scope_difference_or_mixed,paper,6371b529b88402434e8cafaaf0ed137b412bfd6b,../treatment-repos/wdm0006_elote,,146,0,0,11,19,101,63,.cursor,5
treatment,wdm0006/elote,2024-07,cognitive_complexity,source_scope_difference_or_mixed,paper,75739e6ad51f3d50fdd047a0136f56b6274ad080,../treatment-repos/wdm0006_elote,,120,12,0,11,9,86,63,examples,12
treatment,wdm0006/elote,2024-07,cognitive_complexity,source_scope_difference_or_mixed,paper,75739e6ad51f3d50fdd047a0136f56b6274ad080,../treatment-repos/wdm0006_elote,,120,11,0,11,9,86,63,elote,11
treatment,wdm0006/elote,2024-07,cognitive_complexity,source_scope_difference_or_mixed,paper,75739e6ad51f3d50fdd047a0136f56b6274ad080,../treatment-repos/wdm0006_elote,,120,7,0,11,9,86,63,tests,7
treatment,wdm0006/elote,2024-07,cognitive_complexity,source_scope_difference_or_mixed,paper,75739e6ad51f3d50fdd047a0136f56b6274ad080,../treatment-repos/wdm0006_elote,,120,2,0,11,9,86,63,(root),12
treatment,wdm0006/elote,2024-07,cognitive_complexity,source_scope_difference_or_mixed,paper,75739e6ad51f3d50fdd047a0136f56b6274ad080,../treatment-repos/wdm0006_elote,,120,1,0,11,9,86,63,docs,72
treatment,wdm0006/elote,2024-07,cognitive_complexity,source_scope_difference_or_mixed,paper,75739e6ad51f3d50fdd047a0136f56b6274ad080,../treatment-repos/wdm0006_elote,,120,0,0,11,9,86,63,.github,6
treatment,PostHog/posthog,2024-09,ncloc,source_scope_difference_or_mixed,paper,761c6ce0ab4db14ddede62cb61b6d6854dff7ea7,../treatment-repos/PostHog_posthog,,7517,1922,0,2335,1159,84,696,posthog,2122
treatment,PostHog/posthog,2024-09,ncloc,source_scope_difference_or_mixed,paper,761c6ce0ab4db14ddede62cb61b6d6854dff7ea7,../treatment-repos/PostHog_posthog,,7517,225,0,2335,1159,84,696,ee,284
treatment,PostHog/posthog,2024-09,ncloc,source_scope_difference_or_mixed,paper,761c6ce0ab4db14ddede62cb61b6d6854dff7ea7,../treatment-repos/PostHog_posthog,,7517,15,0,2335,1159,84,696,hogvm,133
treatment,PostHog/posthog,2024-09,ncloc,source_scope_difference_or_mixed,paper,761c6ce0ab4db14ddede62cb61b6d6854dff7ea7,../treatment-repos/PostHog_posthog,,7517,3,0,2335,1159,84,696,bin,36
treatment,PostHog/posthog,2024-09,ncloc,source_scope_difference_or_mixed,paper,761c6ce0ab4db14ddede62cb61b6d6854dff7ea7,../treatment-repos/PostHog_posthog,,7517,2,0,2335,1159,84,696,(root),55
treatment,PostHog/posthog,2024-09,ncloc,source_scope_difference_or_mixed,paper,761c6ce0ab4db14ddede62cb61b6d6854dff7ea7,../treatment-repos/PostHog_posthog,,7517,1,0,2335,1159,84,696,plugin-server,301
treatment,PostHog/posthog,2024-09,ncloc,source_scope_difference_or_mixed,paper,761c6ce0ab4db14ddede62cb61b6d6854dff7ea7,../treatment-repos/PostHog_posthog,,7517,1,0,2335,1159,84,696,cypress,94
treatment,PostHog/posthog,2024-09,ncloc,source_scope_difference_or_mixed,paper,761c6ce0ab4db14ddede62cb61b6d6854dff7ea7,../treatment-repos/PostHog_posthog,,7517,1,0,2335,1159,84,696,hogql_parser,26
treatment,PostHog/posthog,2024-09,ncloc,source_scope_difference_or_mixed,paper,761c6ce0ab4db14ddede62cb61b6d6854dff7ea7,../treatment-repos/PostHog_posthog,,7517,0,0,2335,1159,84,696,frontend,4088
treatment,PostHog/posthog,2024-09,ncloc,source_scope_difference_or_mixed,paper,761c6ce0ab4db14ddede62cb61b6d6854dff7ea7,../treatment-repos/PostHog_posthog,,7517,0,0,2335,1159,84,696,rust,233
treatment,PostHog/posthog,2024-09,ncloc,source_scope_difference_or_mixed,paper,761c6ce0ab4db14ddede62cb61b6d6854dff7ea7,../treatment-repos/PostHog_posthog,,7517,0,0,2335,1159,84,696,.github,48
treatment,PostHog/posthog,2024-09,ncloc,source_scope_difference_or_mixed,paper,761c6ce0ab4db14ddede62cb61b6d6854dff7ea7,../treatment-repos/PostHog_posthog,,7517,0,0,2335,1159,84,696,livestream,34
control,lancedb/lancedb,2025-08,ncloc,source_scope_difference_or_mixed,paper,47747287b616d4a2f1dd14f811f218e3caee7f8d,../control-repos/lancedb_lancedb,,646,93,12,45,85,365,8,python,115
control,lancedb/lancedb,2025-08,ncloc,source_scope_difference_or_mixed,paper,47747287b616d4a2f1dd14f811f218e3caee7f8d,../control-repos/lancedb_lancedb,,646,6,12,45,85,365,8,ci,10
control,lancedb/lancedb,2025-08,ncloc,source_scope_difference_or_mixed,paper,47747287b616d4a2f1dd14f811f218e3caee7f8d,../control-repos/lancedb_lancedb,,646,3,12,45,85,365,8,docs,302
control,lancedb/lancedb,2025-08,ncloc,source_scope_difference_or_mixed,paper,47747287b616d4a2f1dd14f811f218e3caee7f8d,../control-repos/lancedb_lancedb,,646,0,12,45,85,365,8,nodejs,86
control,lancedb/lancedb,2025-08,ncloc,source_scope_difference_or_mixed,paper,47747287b616d4a2f1dd14f811f218e3caee7f8d,../control-repos/lancedb_lancedb,,646,0,12,45,85,365,8,rust,51
control,lancedb/lancedb,2025-08,ncloc,source_scope_difference_or_mixed,paper,47747287b616d4a2f1dd14f811f218e3caee7f8d,../control-repos/lancedb_lancedb,,646,0,12,45,85,365,8,java,39
control,lancedb/lancedb,2025-08,ncloc,source_scope_difference_or_mixed,paper,47747287b616d4a2f1dd14f811f218e3caee7f8d,../control-repos/lancedb_lancedb,,646,0,12,45,85,365,8,.github,28
control,lancedb/lancedb,2025-08,ncloc,source_scope_difference_or_mixed,paper,47747287b616d4a2f1dd14f811f218e3caee7f8d,../control-repos/lancedb_lancedb,,646,0,12,45,85,365,8,(root),13
control,lancedb/lancedb,2025-08,ncloc,source_scope_difference_or_mixed,paper,47747287b616d4a2f1dd14f811f218e3caee7f8d,../control-repos/lancedb_lancedb,,646,0,12,45,85,365,8,.cargo,1
control,lancedb/lancedb,2025-08,ncloc,source_scope_difference_or_mixed,paper,47747287b616d4a2f1dd14f811f218e3caee7f8d,../control-repos/lancedb_lancedb,,646,0,12,45,85,365,8,dockerfiles,1
control,lancedb/lancedb,2025-07,ncloc,source_scope_difference_or_mixed,paper,c7afa724ddf1a3a5ff0633edc75c93570b9a5689,../control-repos/lancedb_lancedb,,697,89,12,68,89,375,13,python,111
control,lancedb/lancedb,2025-07,ncloc,source_scope_difference_or_mixed,paper,c7afa724ddf1a3a5ff0633edc75c93570b9a5689,../control-repos/lancedb_lancedb,,697,6,12,68,89,375,13,ci,18
control,lancedb/lancedb,2025-07,ncloc,source_scope_difference_or_mixed,paper,c7afa724ddf1a3a5ff0633edc75c93570b9a5689,../control-repos/lancedb_lancedb,,697,3,12,68,89,375,13,docs,301
control,lancedb/lancedb,2025-07,ncloc,source_scope_difference_or_mixed,paper,c7afa724ddf1a3a5ff0633edc75c93570b9a5689,../control-repos/lancedb_lancedb,,697,0,12,68,89,375,13,nodejs,86
control,lancedb/lancedb,2025-07,ncloc,source_scope_difference_or_mixed,paper,c7afa724ddf1a3a5ff0633edc75c93570b9a5689,../control-repos/lancedb_lancedb,,697,0,12,68,89,375,13,rust,63
control,lancedb/lancedb,2025-07,ncloc,source_scope_difference_or_mixed,paper,c7afa724ddf1a3a5ff0633edc75c93570b9a5689,../control-repos/lancedb_lancedb,,697,0,12,68,89,375,13,java,39
control,lancedb/lancedb,2025-07,ncloc,source_scope_difference_or_mixed,paper,c7afa724ddf1a3a5ff0633edc75c93570b9a5689,../control-repos/lancedb_lancedb,,697,0,12,68,89,375,13,node,35
control,lancedb/lancedb,2025-07,ncloc,source_scope_difference_or_mixed,paper,c7afa724ddf1a3a5ff0633edc75c93570b9a5689,../control-repos/lancedb_lancedb,,697,0,12,68,89,375,13,.github,29
control,lancedb/lancedb,2025-07,ncloc,source_scope_difference_or_mixed,paper,c7afa724ddf1a3a5ff0633edc75c93570b9a5689,../control-repos/lancedb_lancedb,,697,0,12,68,89,375,13,(root),13
control,lancedb/lancedb,2025-07,ncloc,source_scope_difference_or_mixed,paper,c7afa724ddf1a3a5ff0633edc75c93570b9a5689,../control-repos/lancedb_lancedb,,697,0,12,68,89,375,13,.cargo,1
control,lancedb/lancedb,2025-07,ncloc,source_scope_difference_or_mixed,paper,c7afa724ddf1a3a5ff0633edc75c93570b9a5689,../control-repos/lancedb_lancedb,,697,0,12,68,89,375,13,dockerfiles,1
control,lancedb/lancedb,2025-06,ncloc,source_scope_difference_or_mixed,paper,1dadb2aefa8c7e20098f8bdd4fad45383a8ebab7,../control-repos/lancedb_lancedb,,683,88,12,67,87,373,13,python,108
control,lancedb/lancedb,2025-06,ncloc,source_scope_difference_or_mixed,paper,1dadb2aefa8c7e20098f8bdd4fad45383a8ebab7,../control-repos/lancedb_lancedb,,683,6,12,67,87,373,13,ci,18
control,lancedb/lancedb,2025-06,ncloc,source_scope_difference_or_mixed,paper,1dadb2aefa8c7e20098f8bdd4fad45383a8ebab7,../control-repos/lancedb_lancedb,,683,3,12,67,87,373,13,docs,299
control,lancedb/lancedb,2025-06,ncloc,source_scope_difference_or_mixed,paper,1dadb2aefa8c7e20098f8bdd4fad45383a8ebab7,../control-repos/lancedb_lancedb,,683,0,12,67,87,373,13,nodejs,83
control,lancedb/lancedb,2025-06,ncloc,source_scope_difference_or_mixed,paper,1dadb2aefa8c7e20098f8bdd4fad45383a8ebab7,../control-repos/lancedb_lancedb,,683,0,12,67,87,373,13,rust,63
control,lancedb/lancedb,2025-06,ncloc,source_scope_difference_or_mixed,paper,1dadb2aefa8c7e20098f8bdd4fad45383a8ebab7,../control-repos/lancedb_lancedb,,683,0,12,67,87,373,13,node,35
control,lancedb/lancedb,2025-06,ncloc,source_scope_difference_or_mixed,paper,1dadb2aefa8c7e20098f8bdd4fad45383a8ebab7,../control-repos/lancedb_lancedb,,683,0,12,67,87,373,13,java,34
control,lancedb/lancedb,2025-06,ncloc,source_scope_difference_or_mixed,paper,1dadb2aefa8c7e20098f8bdd4fad45383a8ebab7,../control-repos/lancedb_lancedb,,683,0,12,67,87,373,13,.github,29
control,lancedb/lancedb,2025-06,ncloc,source_scope_difference_or_mixed,paper,1dadb2aefa8c7e20098f8bdd4fad45383a8ebab7,../control-repos/lancedb_lancedb,,683,0,12,67,87,373,13,(root),12
control,lancedb/lancedb,2025-06,ncloc,source_scope_difference_or_mixed,paper,1dadb2aefa8c7e20098f8bdd4fad45383a8ebab7,../control-repos/lancedb_lancedb,,683,0,12,67,87,373,13,.cargo,1
control,lancedb/lancedb,2025-06,ncloc,source_scope_difference_or_mixed,paper,1dadb2aefa8c7e20098f8bdd4fad45383a8ebab7,../control-repos/lancedb_lancedb,,683,0,12,67,87,373,13,dockerfiles,1
control,lancedb/lancedb,2025-05,ncloc,source_scope_difference_or_mixed,paper,0525c055fcc6b25297084bdaddc072d206345df1,../control-repos/lancedb_lancedb,,679,88,12,67,87,369,13,python,108
control,lancedb/lancedb,2025-05,ncloc,source_scope_difference_or_mixed,paper,0525c055fcc6b25297084bdaddc072d206345df1,../control-repos/lancedb_lancedb,,679,5,12,67,87,369,13,ci,16
control,lancedb/lancedb,2025-05,ncloc,source_scope_difference_or_mixed,paper,0525c055fcc6b25297084bdaddc072d206345df1,../control-repos/lancedb_lancedb,,679,3,12,67,87,369,13,docs,295
control,lancedb/lancedb,2025-05,ncloc,source_scope_difference_or_mixed,paper,0525c055fcc6b25297084bdaddc072d206345df1,../control-repos/lancedb_lancedb,,679,0,12,67,87,369,13,nodejs,83
control,lancedb/lancedb,2025-05,ncloc,source_scope_difference_or_mixed,paper,0525c055fcc6b25297084bdaddc072d206345df1,../control-repos/lancedb_lancedb,,679,0,12,67,87,369,13,rust,63
control,lancedb/lancedb,2025-05,ncloc,source_scope_difference_or_mixed,paper,0525c055fcc6b25297084bdaddc072d206345df1,../control-repos/lancedb_lancedb,,679,0,12,67,87,369,13,node,35
control,lancedb/lancedb,2025-05,ncloc,source_scope_difference_or_mixed,paper,0525c055fcc6b25297084bdaddc072d206345df1,../control-repos/lancedb_lancedb,,679,0,12,67,87,369,13,java,34
control,lancedb/lancedb,2025-05,ncloc,source_scope_difference_or_mixed,paper,0525c055fcc6b25297084bdaddc072d206345df1,../control-repos/lancedb_lancedb,,679,0,12,67,87,369,13,.github,31
control,lancedb/lancedb,2025-05,ncloc,source_scope_difference_or_mixed,paper,0525c055fcc6b25297084bdaddc072d206345df1,../control-repos/lancedb_lancedb,,679,0,12,67,87,369,13,(root),12
control,lancedb/lancedb,2025-05,ncloc,source_scope_difference_or_mixed,paper,0525c055fcc6b25297084bdaddc072d206345df1,../control-repos/lancedb_lancedb,,679,0,12,67,87,369,13,.cargo,1
control,lancedb/lancedb,2025-05,ncloc,source_scope_difference_or_mixed,paper,0525c055fcc6b25297084bdaddc072d206345df1,../control-repos/lancedb_lancedb,,679,0,12,67,87,369,13,dockerfiles,1
control,lancedb/lancedb,2025-04,ncloc,source_scope_difference_or_mixed,paper,3cc670ac3860bb9990d89f61d9b1644b0e4c658f,../control-repos/lancedb_lancedb,,666,88,12,67,87,356,13,python,108
control,lancedb/lancedb,2025-04,ncloc,source_scope_difference_or_mixed,paper,3cc670ac3860bb9990d89f61d9b1644b0e4c658f,../control-repos/lancedb_lancedb,,666,5,12,67,87,356,13,ci,16
control,lancedb/lancedb,2025-04,ncloc,source_scope_difference_or_mixed,paper,3cc670ac3860bb9990d89f61d9b1644b0e4c658f,../control-repos/lancedb_lancedb,,666,3,12,67,87,356,13,docs,282
control,lancedb/lancedb,2025-04,ncloc,source_scope_difference_or_mixed,paper,3cc670ac3860bb9990d89f61d9b1644b0e4c658f,../control-repos/lancedb_lancedb,,666,0,12,67,87,356,13,nodejs,83
control,lancedb/lancedb,2025-04,ncloc,source_scope_difference_or_mixed,paper,3cc670ac3860bb9990d89f61d9b1644b0e4c658f,../control-repos/lancedb_lancedb,,666,0,12,67,87,356,13,rust,63
control,lancedb/lancedb,2025-04,ncloc,source_scope_difference_or_mixed,paper,3cc670ac3860bb9990d89f61d9b1644b0e4c658f,../control-repos/lancedb_lancedb,,666,0,12,67,87,356,13,node,35
control,lancedb/lancedb,2025-04,ncloc,source_scope_difference_or_mixed,paper,3cc670ac3860bb9990d89f61d9b1644b0e4c658f,../control-repos/lancedb_lancedb,,666,0,12,67,87,356,13,java,34
control,lancedb/lancedb,2025-04,ncloc,source_scope_difference_or_mixed,paper,3cc670ac3860bb9990d89f61d9b1644b0e4c658f,../control-repos/lancedb_lancedb,,666,0,12,67,87,356,13,.github,31
control,lancedb/lancedb,2025-04,ncloc,source_scope_difference_or_mixed,paper,3cc670ac3860bb9990d89f61d9b1644b0e4c658f,../control-repos/lancedb_lancedb,,666,0,12,67,87,356,13,(root),12
control,lancedb/lancedb,2025-04,ncloc,source_scope_difference_or_mixed,paper,3cc670ac3860bb9990d89f61d9b1644b0e4c658f,../control-repos/lancedb_lancedb,,666,0,12,67,87,356,13,.cargo,1
control,lancedb/lancedb,2025-04,ncloc,source_scope_difference_or_mixed,paper,3cc670ac3860bb9990d89f61d9b1644b0e4c658f,../control-repos/lancedb_lancedb,,666,0,12,67,87,356,13,dockerfiles,1
treatment,PostHog/posthog,2024-08,ncloc,source_scope_difference_or_mixed,paper,0a6ab2622fd9404afdc60100fef54c3c112ea379,../treatment-repos/PostHog_posthog,,7276,1818,0,2284,1113,85,678,posthog,2012
treatment,PostHog/posthog,2024-08,ncloc,source_scope_difference_or_mixed,paper,0a6ab2622fd9404afdc60100fef54c3c112ea379,../treatment-repos/PostHog_posthog,,7276,217,0,2284,1113,85,678,ee,273
treatment,PostHog/posthog,2024-08,ncloc,source_scope_difference_or_mixed,paper,0a6ab2622fd9404afdc60100fef54c3c112ea379,../treatment-repos/PostHog_posthog,,7276,15,0,2284,1113,85,678,hogvm,129
treatment,PostHog/posthog,2024-08,ncloc,source_scope_difference_or_mixed,paper,0a6ab2622fd9404afdc60100fef54c3c112ea379,../treatment-repos/PostHog_posthog,,7276,3,0,2284,1113,85,678,bin,36
treatment,PostHog/posthog,2024-08,ncloc,source_scope_difference_or_mixed,paper,0a6ab2622fd9404afdc60100fef54c3c112ea379,../treatment-repos/PostHog_posthog,,7276,2,0,2284,1113,85,678,(root),57
treatment,PostHog/posthog,2024-08,ncloc,source_scope_difference_or_mixed,paper,0a6ab2622fd9404afdc60100fef54c3c112ea379,../treatment-repos/PostHog_posthog,,7276,1,0,2284,1113,85,678,plugin-server,300
treatment,PostHog/posthog,2024-08,ncloc,source_scope_difference_or_mixed,paper,0a6ab2622fd9404afdc60100fef54c3c112ea379,../treatment-repos/PostHog_posthog,,7276,1,0,2284,1113,85,678,cypress,94
treatment,PostHog/posthog,2024-08,ncloc,source_scope_difference_or_mixed,paper,0a6ab2622fd9404afdc60100fef54c3c112ea379,../treatment-repos/PostHog_posthog,,7276,1,0,2284,1113,85,678,hogql_parser,26
treatment,PostHog/posthog,2024-08,ncloc,source_scope_difference_or_mixed,paper,0a6ab2622fd9404afdc60100fef54c3c112ea379,../treatment-repos/PostHog_posthog,,7276,0,0,2284,1113,85,678,frontend,4001
treatment,PostHog/posthog,2024-08,ncloc,source_scope_difference_or_mixed,paper,0a6ab2622fd9404afdc60100fef54c3c112ea379,../treatment-repos/PostHog_posthog,,7276,0,0,2284,1113,85,678,rust,205
treatment,PostHog/posthog,2024-08,ncloc,source_scope_difference_or_mixed,paper,0a6ab2622fd9404afdc60100fef54c3c112ea379,../treatment-repos/PostHog_posthog,,7276,0,0,2284,1113,85,678,.github,48
treatment,PostHog/posthog,2024-08,ncloc,source_scope_difference_or_mixed,paper,0a6ab2622fd9404afdc60100fef54c3c112ea379,../treatment-repos/PostHog_posthog,,7276,0,0,2284,1113,85,678,livestream,34
control,lancedb/lancedb,2025-03,ncloc,source_scope_difference_or_mixed,paper,e59f9382a0de2f70b931373b29a11a27824bf639,../control-repos/lancedb_lancedb,,651,87,12,67,87,345,13,python,107
control,lancedb/lancedb,2025-03,ncloc,source_scope_difference_or_mixed,paper,e59f9382a0de2f70b931373b29a11a27824bf639,../control-repos/lancedb_lancedb,,651,5,12,67,87,345,13,ci,16
control,lancedb/lancedb,2025-03,ncloc,source_scope_difference_or_mixed,paper,e59f9382a0de2f70b931373b29a11a27824bf639,../control-repos/lancedb_lancedb,,651,3,12,67,87,345,13,docs,271
control,lancedb/lancedb,2025-03,ncloc,source_scope_difference_or_mixed,paper,e59f9382a0de2f70b931373b29a11a27824bf639,../control-repos/lancedb_lancedb,,651,0,12,67,87,345,13,nodejs,83
control,lancedb/lancedb,2025-03,ncloc,source_scope_difference_or_mixed,paper,e59f9382a0de2f70b931373b29a11a27824bf639,../control-repos/lancedb_lancedb,,651,0,12,67,87,345,13,rust,60
control,lancedb/lancedb,2025-03,ncloc,source_scope_difference_or_mixed,paper,e59f9382a0de2f70b931373b29a11a27824bf639,../control-repos/lancedb_lancedb,,651,0,12,67,87,345,13,node,35
control,lancedb/lancedb,2025-03,ncloc,source_scope_difference_or_mixed,paper,e59f9382a0de2f70b931373b29a11a27824bf639,../control-repos/lancedb_lancedb,,651,0,12,67,87,345,13,java,34
control,lancedb/lancedb,2025-03,ncloc,source_scope_difference_or_mixed,paper,e59f9382a0de2f70b931373b29a11a27824bf639,../control-repos/lancedb_lancedb,,651,0,12,67,87,345,13,.github,31
control,lancedb/lancedb,2025-03,ncloc,source_scope_difference_or_mixed,paper,e59f9382a0de2f70b931373b29a11a27824bf639,../control-repos/lancedb_lancedb,,651,0,12,67,87,345,13,(root),12
control,lancedb/lancedb,2025-03,ncloc,source_scope_difference_or_mixed,paper,e59f9382a0de2f70b931373b29a11a27824bf639,../control-repos/lancedb_lancedb,,651,0,12,67,87,345,13,.cargo,1
control,lancedb/lancedb,2025-03,ncloc,source_scope_difference_or_mixed,paper,e59f9382a0de2f70b931373b29a11a27824bf639,../control-repos/lancedb_lancedb,,651,0,12,67,87,345,13,dockerfiles,1
treatment,zauberzeug/nicegui,2025-05,technical_debt,source_scope_difference_or_mixed,paper,947772d66c6d108a7d12fe65b8b76f6110f7d20e,../treatment-repos/zauberzeug_nicegui,,1241,353,0,256,133,305,0,nicegui,738
treatment,zauberzeug/nicegui,2025-05,technical_debt,source_scope_difference_or_mixed,paper,947772d66c6d108a7d12fe65b8b76f6110f7d20e,../treatment-repos/zauberzeug_nicegui,,1241,143,0,256,133,305,0,website,185
treatment,zauberzeug/nicegui,2025-05,technical_debt,source_scope_difference_or_mixed,paper,947772d66c6d108a7d12fe65b8b76f6110f7d20e,../treatment-repos/zauberzeug_nicegui,,1241,97,0,256,133,305,0,examples,161
treatment,zauberzeug/nicegui,2025-05,technical_debt,source_scope_difference_or_mixed,paper,947772d66c6d108a7d12fe65b8b76f6110f7d20e,../treatment-repos/zauberzeug_nicegui,,1241,97,0,256,133,305,0,tests,102
treatment,zauberzeug/nicegui,2025-05,technical_debt,source_scope_difference_or_mixed,paper,947772d66c6d108a7d12fe65b8b76f6110f7d20e,../treatment-repos/zauberzeug_nicegui,,1241,7,0,256,133,305,0,(root),35
treatment,zauberzeug/nicegui,2025-05,technical_debt,source_scope_difference_or_mixed,paper,947772d66c6d108a7d12fe65b8b76f6110f7d20e,../treatment-repos/zauberzeug_nicegui,,1241,1,0,256,133,305,0,.github,10
treatment,zauberzeug/nicegui,2025-05,technical_debt,source_scope_difference_or_mixed,paper,947772d66c6d108a7d12fe65b8b76f6110f7d20e,../treatment-repos/zauberzeug_nicegui,,1241,0,0,256,133,305,0,scripts,5
treatment,zauberzeug/nicegui,2025-05,technical_debt,source_scope_difference_or_mixed,paper,947772d66c6d108a7d12fe65b8b76f6110f7d20e,../treatment-repos/zauberzeug_nicegui,,1241,0,0,256,133,305,0,.cursor,2
treatment,zauberzeug/nicegui,2025-05,technical_debt,source_scope_difference_or_mixed,paper,947772d66c6d108a7d12fe65b8b76f6110f7d20e,../treatment-repos/zauberzeug_nicegui,,1241,0,0,256,133,305,0,.devcontainer,2
treatment,zauberzeug/nicegui,2025-05,technical_debt,source_scope_difference_or_mixed,paper,947772d66c6d108a7d12fe65b8b76f6110f7d20e,../treatment-repos/zauberzeug_nicegui,,1241,0,0,256,133,305,0,.vscode,1
treatment,zauberzeug/nicegui,2025-06,technical_debt,source_scope_difference_or_mixed,paper,b3ea0df4e3b73a6e9e8f8fa57b8c052deb8f3694,../treatment-repos/zauberzeug_nicegui,,1244,353,0,256,134,305,0,nicegui,738
treatment,zauberzeug/nicegui,2025-06,technical_debt,source_scope_difference_or_mixed,paper,b3ea0df4e3b73a6e9e8f8fa57b8c052deb8f3694,../treatment-repos/zauberzeug_nicegui,,1244,143,0,256,134,305,0,website,185
treatment,zauberzeug/nicegui,2025-06,technical_debt,source_scope_difference_or_mixed,paper,b3ea0df4e3b73a6e9e8f8fa57b8c052deb8f3694,../treatment-repos/zauberzeug_nicegui,,1244,98,0,256,134,305,0,tests,103
treatment,zauberzeug/nicegui,2025-06,technical_debt,source_scope_difference_or_mixed,paper,b3ea0df4e3b73a6e9e8f8fa57b8c052deb8f3694,../treatment-repos/zauberzeug_nicegui,,1244,97,0,256,134,305,0,examples,161
treatment,zauberzeug/nicegui,2025-06,technical_debt,source_scope_difference_or_mixed,paper,b3ea0df4e3b73a6e9e8f8fa57b8c052deb8f3694,../treatment-repos/zauberzeug_nicegui,,1244,8,0,256,134,305,0,(root),37
treatment,zauberzeug/nicegui,2025-06,technical_debt,source_scope_difference_or_mixed,paper,b3ea0df4e3b73a6e9e8f8fa57b8c052deb8f3694,../treatment-repos/zauberzeug_nicegui,,1244,1,0,256,134,305,0,.github,10
treatment,zauberzeug/nicegui,2025-06,technical_debt,source_scope_difference_or_mixed,paper,b3ea0df4e3b73a6e9e8f8fa57b8c052deb8f3694,../treatment-repos/zauberzeug_nicegui,,1244,0,0,256,134,305,0,scripts,5
treatment,zauberzeug/nicegui,2025-06,technical_debt,source_scope_difference_or_mixed,paper,b3ea0df4e3b73a6e9e8f8fa57b8c052deb8f3694,../treatment-repos/zauberzeug_nicegui,,1244,0,0,256,134,305,0,.cursor,2
treatment,zauberzeug/nicegui,2025-06,technical_debt,source_scope_difference_or_mixed,paper,b3ea0df4e3b73a6e9e8f8fa57b8c052deb8f3694,../treatment-repos/zauberzeug_nicegui,,1244,0,0,256,134,305,0,.devcontainer,2
treatment,zauberzeug/nicegui,2025-06,technical_debt,source_scope_difference_or_mixed,paper,b3ea0df4e3b73a6e9e8f8fa57b8c052deb8f3694,../treatment-repos/zauberzeug_nicegui,,1244,0,0,256,134,305,0,.vscode,1
treatment,zauberzeug/nicegui,2025-07,technical_debt,source_scope_difference_or_mixed,paper,30a70325d55e110b87a6279664e6b7987ceb2067,../treatment-repos/zauberzeug_nicegui,,1261,361,0,258,138,305,0,nicegui,749
treatment,zauberzeug/nicegui,2025-07,technical_debt,source_scope_difference_or_mixed,paper,30a70325d55e110b87a6279664e6b7987ceb2067,../treatment-repos/zauberzeug_nicegui,,1261,147,0,258,138,305,0,website,190
treatment,zauberzeug/nicegui,2025-07,technical_debt,source_scope_difference_or_mixed,paper,30a70325d55e110b87a6279664e6b7987ceb2067,../treatment-repos/zauberzeug_nicegui,,1261,102,0,258,138,305,0,tests,107
treatment,zauberzeug/nicegui,2025-07,technical_debt,source_scope_difference_or_mixed,paper,30a70325d55e110b87a6279664e6b7987ceb2067,../treatment-repos/zauberzeug_nicegui,,1261,96,0,258,138,305,0,examples,158
treatment,zauberzeug/nicegui,2025-07,technical_debt,source_scope_difference_or_mixed,paper,30a70325d55e110b87a6279664e6b7987ceb2067,../treatment-repos/zauberzeug_nicegui,,1261,8,0,258,138,305,0,(root),37
treatment,zauberzeug/nicegui,2025-07,technical_debt,source_scope_difference_or_mixed,paper,30a70325d55e110b87a6279664e6b7987ceb2067,../treatment-repos/zauberzeug_nicegui,,1261,1,0,258,138,305,0,.github,10
treatment,zauberzeug/nicegui,2025-07,technical_debt,source_scope_difference_or_mixed,paper,30a70325d55e110b87a6279664e6b7987ceb2067,../treatment-repos/zauberzeug_nicegui,,1261,0,0,258,138,305,0,scripts,5
treatment,zauberzeug/nicegui,2025-07,technical_debt,source_scope_difference_or_mixed,paper,30a70325d55e110b87a6279664e6b7987ceb2067,../treatment-repos/zauberzeug_nicegui,,1261,0,0,258,138,305,0,.cursor,2
treatment,zauberzeug/nicegui,2025-07,technical_debt,source_scope_difference_or_mixed,paper,30a70325d55e110b87a6279664e6b7987ceb2067,../treatment-repos/zauberzeug_nicegui,,1261,0,0,258,138,305,0,.devcontainer,2
treatment,zauberzeug/nicegui,2025-07,technical_debt,source_scope_difference_or_mixed,paper,30a70325d55e110b87a6279664e6b7987ceb2067,../treatment-repos/zauberzeug_nicegui,,1261,0,0,258,138,305,0,.vscode,1
treatment,zauberzeug/nicegui,2025-08,technical_debt,source_scope_difference_or_mixed,paper,47a9542199eda065b82bfefe2f159323621d3d38,../treatment-repos/zauberzeug_nicegui,,1263,361,0,259,138,307,0,nicegui,750
treatment,zauberzeug/nicegui,2025-08,technical_debt,source_scope_difference_or_mixed,paper,47a9542199eda065b82bfefe2f159323621d3d38,../treatment-repos/zauberzeug_nicegui,,1263,146,0,259,138,307,0,website,189
treatment,zauberzeug/nicegui,2025-08,technical_debt,source_scope_difference_or_mixed,paper,47a9542199eda065b82bfefe2f159323621d3d38,../treatment-repos/zauberzeug_nicegui,,1263,102,0,259,138,307,0,tests,107
treatment,zauberzeug/nicegui,2025-08,technical_debt,source_scope_difference_or_mixed,paper,47a9542199eda065b82bfefe2f159323621d3d38,../treatment-repos/zauberzeug_nicegui,,1263,97,0,259,138,307,0,examples,160
treatment,zauberzeug/nicegui,2025-08,technical_debt,source_scope_difference_or_mixed,paper,47a9542199eda065b82bfefe2f159323621d3d38,../treatment-repos/zauberzeug_nicegui,,1263,9,0,259,138,307,0,(root),37
treatment,zauberzeug/nicegui,2025-08,technical_debt,source_scope_difference_or_mixed,paper,47a9542199eda065b82bfefe2f159323621d3d38,../treatment-repos/zauberzeug_nicegui,,1263,1,0,259,138,307,0,.github,10
treatment,zauberzeug/nicegui,2025-08,technical_debt,source_scope_difference_or_mixed,paper,47a9542199eda065b82bfefe2f159323621d3d38,../treatment-repos/zauberzeug_nicegui,,1263,0,0,259,138,307,0,scripts,5
treatment,zauberzeug/nicegui,2025-08,technical_debt,source_scope_difference_or_mixed,paper,47a9542199eda065b82bfefe2f159323621d3d38,../treatment-repos/zauberzeug_nicegui,,1263,0,0,259,138,307,0,.cursor,2
treatment,zauberzeug/nicegui,2025-08,technical_debt,source_scope_difference_or_mixed,paper,47a9542199eda065b82bfefe2f159323621d3d38,../treatment-repos/zauberzeug_nicegui,,1263,0,0,259,138,307,0,.devcontainer,2
treatment,zauberzeug/nicegui,2025-08,technical_debt,source_scope_difference_or_mixed,paper,47a9542199eda065b82bfefe2f159323621d3d38,../treatment-repos/zauberzeug_nicegui,,1263,0,0,259,138,307,0,.vscode,1
control,lancedb/lancedb,2025-02,ncloc,source_scope_difference_or_mixed,paper,dfe4ba8dad580232e4450903a5d1b239b19f8173,../control-repos/lancedb_lancedb,,645,86,11,67,87,341,16,python,106
control,lancedb/lancedb,2025-02,ncloc,source_scope_difference_or_mixed,paper,dfe4ba8dad580232e4450903a5d1b239b19f8173,../control-repos/lancedb_lancedb,,645,4,11,67,87,341,16,ci,19
control,lancedb/lancedb,2025-02,ncloc,source_scope_difference_or_mixed,paper,dfe4ba8dad580232e4450903a5d1b239b19f8173,../control-repos/lancedb_lancedb,,645,3,11,67,87,341,16,docs,267
control,lancedb/lancedb,2025-02,ncloc,source_scope_difference_or_mixed,paper,dfe4ba8dad580232e4450903a5d1b239b19f8173,../control-repos/lancedb_lancedb,,645,0,11,67,87,341,16,nodejs,83
control,lancedb/lancedb,2025-02,ncloc,source_scope_difference_or_mixed,paper,dfe4ba8dad580232e4450903a5d1b239b19f8173,../control-repos/lancedb_lancedb,,645,0,11,67,87,341,16,rust,58
control,lancedb/lancedb,2025-02,ncloc,source_scope_difference_or_mixed,paper,dfe4ba8dad580232e4450903a5d1b239b19f8173,../control-repos/lancedb_lancedb,,645,0,11,67,87,341,16,node,35
control,lancedb/lancedb,2025-02,ncloc,source_scope_difference_or_mixed,paper,dfe4ba8dad580232e4450903a5d1b239b19f8173,../control-repos/lancedb_lancedb,,645,0,11,67,87,341,16,java,33
control,lancedb/lancedb,2025-02,ncloc,source_scope_difference_or_mixed,paper,dfe4ba8dad580232e4450903a5d1b239b19f8173,../control-repos/lancedb_lancedb,,645,0,11,67,87,341,16,.github,31
control,lancedb/lancedb,2025-02,ncloc,source_scope_difference_or_mixed,paper,dfe4ba8dad580232e4450903a5d1b239b19f8173,../control-repos/lancedb_lancedb,,645,0,11,67,87,341,16,(root),11
control,lancedb/lancedb,2025-02,ncloc,source_scope_difference_or_mixed,paper,dfe4ba8dad580232e4450903a5d1b239b19f8173,../control-repos/lancedb_lancedb,,645,0,11,67,87,341,16,.cargo,1
control,lancedb/lancedb,2025-02,ncloc,source_scope_difference_or_mixed,paper,dfe4ba8dad580232e4450903a5d1b239b19f8173,../control-repos/lancedb_lancedb,,645,0,11,67,87,341,16,dockerfiles,1
treatment,DataDog/integrations-core,2025-01,technical_debt,source_scope_difference_or_mixed,paper,82c4055486147402d96748c0abd63de6850e83d1,../treatment-repos/DataDog_integrations-core,,11226,329,0,7,4113,811,118,datadog_checks_base,369
treatment,DataDog/integrations-core,2025-01,technical_debt,source_scope_difference_or_mixed,paper,82c4055486147402d96748c0abd63de6850e83d1,../treatment-repos/DataDog_integrations-core,,11226,245,0,7,4113,811,118,datadog_checks_dev,371
treatment,DataDog/integrations-core,2025-01,technical_debt,source_scope_difference_or_mixed,paper,82c4055486147402d96748c0abd63de6850e83d1,../treatment-repos/DataDog_integrations-core,,11226,199,0,7,4113,811,118,ddev,218
treatment,DataDog/integrations-core,2025-01,technical_debt,source_scope_difference_or_mixed,paper,82c4055486147402d96748c0abd63de6850e83d1,../treatment-repos/DataDog_integrations-core,,11226,182,0,7,4113,811,118,snmp,650
treatment,DataDog/integrations-core,2025-01,technical_debt,source_scope_difference_or_mixed,paper,82c4055486147402d96748c0abd63de6850e83d1,../treatment-repos/DataDog_integrations-core,,11226,74,0,7,4113,811,118,tokumx,88
treatment,DataDog/integrations-core,2025-01,technical_debt,source_scope_difference_or_mixed,paper,82c4055486147402d96748c0abd63de6850e83d1,../treatment-repos/DataDog_integrations-core,,11226,65,0,7,4113,811,118,openstack_controller,445
treatment,DataDog/integrations-core,2025-01,technical_debt,source_scope_difference_or_mixed,paper,82c4055486147402d96748c0abd63de6850e83d1,../treatment-repos/DataDog_integrations-core,,11226,65,0,7,4113,811,118,sqlserver,124
treatment,DataDog/integrations-core,2025-01,technical_debt,source_scope_difference_or_mixed,paper,82c4055486147402d96748c0abd63de6850e83d1,../treatment-repos/DataDog_integrations-core,,11226,54,0,7,4113,811,118,mongo,203
treatment,DataDog/integrations-core,2025-01,technical_debt,source_scope_difference_or_mixed,paper,82c4055486147402d96748c0abd63de6850e83d1,../treatment-repos/DataDog_integrations-core,,11226,50,0,7,4113,811,118,vsphere,72
treatment,DataDog/integrations-core,2025-01,technical_debt,source_scope_difference_or_mixed,paper,82c4055486147402d96748c0abd63de6850e83d1,../treatment-repos/DataDog_integrations-core,,11226,49,0,7,4113,811,118,postgres,91
treatment,DataDog/integrations-core,2025-01,technical_debt,source_scope_difference_or_mixed,paper,82c4055486147402d96748c0abd63de6850e83d1,../treatment-repos/DataDog_integrations-core,,11226,38,0,7,4113,811,118,mysql,86
treatment,DataDog/integrations-core,2025-01,technical_debt,source_scope_difference_or_mixed,paper,82c4055486147402d96748c0abd63de6850e83d1,../treatment-repos/DataDog_integrations-core,,11226,38,0,7,4113,811,118,torchserve,85
treatment,DataDog/integrations-core,2025-02,technical_debt,source_scope_difference_or_mixed,paper,c3628b5ded79e88ab572dfd7bac6e5c1cd91f1d8,../treatment-repos/DataDog_integrations-core,,11498,330,0,7,4145,817,118,datadog_checks_base,372
treatment,DataDog/integrations-core,2025-02,technical_debt,source_scope_difference_or_mixed,paper,c3628b5ded79e88ab572dfd7bac6e5c1cd91f1d8,../treatment-repos/DataDog_integrations-core,,11498,243,0,7,4145,817,118,datadog_checks_dev,365
treatment,DataDog/integrations-core,2025-02,technical_debt,source_scope_difference_or_mixed,paper,c3628b5ded79e88ab572dfd7bac6e5c1cd91f1d8,../treatment-repos/DataDog_integrations-core,,11498,199,0,7,4145,817,118,ddev,219
treatment,DataDog/integrations-core,2025-02,technical_debt,source_scope_difference_or_mixed,paper,c3628b5ded79e88ab572dfd7bac6e5c1cd91f1d8,../treatment-repos/DataDog_integrations-core,,11498,182,0,7,4145,817,118,snmp,651
treatment,DataDog/integrations-core,2025-02,technical_debt,source_scope_difference_or_mixed,paper,c3628b5ded79e88ab572dfd7bac6e5c1cd91f1d8,../treatment-repos/DataDog_integrations-core,,11498,74,0,7,4145,817,118,tokumx,88
treatment,DataDog/integrations-core,2025-02,technical_debt,source_scope_difference_or_mixed,paper,c3628b5ded79e88ab572dfd7bac6e5c1cd91f1d8,../treatment-repos/DataDog_integrations-core,,11498,65,0,7,4145,817,118,openstack_controller,446
treatment,DataDog/integrations-core,2025-02,technical_debt,source_scope_difference_or_mixed,paper,c3628b5ded79e88ab572dfd7bac6e5c1cd91f1d8,../treatment-repos/DataDog_integrations-core,,11498,65,0,7,4145,817,118,sqlserver,122
treatment,DataDog/integrations-core,2025-02,technical_debt,source_scope_difference_or_mixed,paper,c3628b5ded79e88ab572dfd7bac6e5c1cd91f1d8,../treatment-repos/DataDog_integrations-core,,11498,54,0,7,4145,817,118,mongo,203
treatment,DataDog/integrations-core,2025-02,technical_debt,source_scope_difference_or_mixed,paper,c3628b5ded79e88ab572dfd7bac6e5c1cd91f1d8,../treatment-repos/DataDog_integrations-core,,11498,50,0,7,4145,817,118,vsphere,72
treatment,DataDog/integrations-core,2025-02,technical_debt,source_scope_difference_or_mixed,paper,c3628b5ded79e88ab572dfd7bac6e5c1cd91f1d8,../treatment-repos/DataDog_integrations-core,,11498,49,0,7,4145,817,118,postgres,93
treatment,DataDog/integrations-core,2025-02,technical_debt,source_scope_difference_or_mixed,paper,c3628b5ded79e88ab572dfd7bac6e5c1cd91f1d8,../treatment-repos/DataDog_integrations-core,,11498,38,0,7,4145,817,118,mysql,85
treatment,DataDog/integrations-core,2025-02,technical_debt,source_scope_difference_or_mixed,paper,c3628b5ded79e88ab572dfd7bac6e5c1cd91f1d8,../treatment-repos/DataDog_integrations-core,,11498,38,0,7,4145,817,118,torchserve,85
treatment,DataDog/integrations-core,2025-03,technical_debt,source_scope_difference_or_mixed,paper,67cf3ad93e6873944bcdbd153c7305b03c2f51d4,../treatment-repos/DataDog_integrations-core,,11492,337,0,7,4209,825,118,datadog_checks_base,389
treatment,DataDog/integrations-core,2025-03,technical_debt,source_scope_difference_or_mixed,paper,67cf3ad93e6873944bcdbd153c7305b03c2f51d4,../treatment-repos/DataDog_integrations-core,,11492,238,0,7,4209,825,118,datadog_checks_dev,359
treatment,DataDog/integrations-core,2025-03,technical_debt,source_scope_difference_or_mixed,paper,67cf3ad93e6873944bcdbd153c7305b03c2f51d4,../treatment-repos/DataDog_integrations-core,,11492,199,0,7,4209,825,118,ddev,219
treatment,DataDog/integrations-core,2025-03,technical_debt,source_scope_difference_or_mixed,paper,67cf3ad93e6873944bcdbd153c7305b03c2f51d4,../treatment-repos/DataDog_integrations-core,,11492,181,0,7,4209,825,118,snmp,649
treatment,DataDog/integrations-core,2025-03,technical_debt,source_scope_difference_or_mixed,paper,67cf3ad93e6873944bcdbd153c7305b03c2f51d4,../treatment-repos/DataDog_integrations-core,,11492,73,0,7,4209,825,118,tokumx,87
treatment,DataDog/integrations-core,2025-03,technical_debt,source_scope_difference_or_mixed,paper,67cf3ad93e6873944bcdbd153c7305b03c2f51d4,../treatment-repos/DataDog_integrations-core,,11492,64,0,7,4209,825,118,openstack_controller,444
treatment,DataDog/integrations-core,2025-03,technical_debt,source_scope_difference_or_mixed,paper,67cf3ad93e6873944bcdbd153c7305b03c2f51d4,../treatment-repos/DataDog_integrations-core,,11492,64,0,7,4209,825,118,sqlserver,125
treatment,DataDog/integrations-core,2025-03,technical_debt,source_scope_difference_or_mixed,paper,67cf3ad93e6873944bcdbd153c7305b03c2f51d4,../treatment-repos/DataDog_integrations-core,,11492,53,0,7,4209,825,118,mongo,211
treatment,DataDog/integrations-core,2025-03,technical_debt,source_scope_difference_or_mixed,paper,67cf3ad93e6873944bcdbd153c7305b03c2f51d4,../treatment-repos/DataDog_integrations-core,,11492,49,0,7,4209,825,118,vsphere,72
treatment,DataDog/integrations-core,2025-03,technical_debt,source_scope_difference_or_mixed,paper,67cf3ad93e6873944bcdbd153c7305b03c2f51d4,../treatment-repos/DataDog_integrations-core,,11492,48,0,7,4209,825,118,postgres,89
treatment,DataDog/integrations-core,2025-03,technical_debt,source_scope_difference_or_mixed,paper,67cf3ad93e6873944bcdbd153c7305b03c2f51d4,../treatment-repos/DataDog_integrations-core,,11492,37,0,7,4209,825,118,mysql,85
treatment,DataDog/integrations-core,2025-03,technical_debt,source_scope_difference_or_mixed,paper,67cf3ad93e6873944bcdbd153c7305b03c2f51d4,../treatment-repos/DataDog_integrations-core,,11492,37,0,7,4209,825,118,torchserve,84
treatment,DataDog/integrations-core,2025-04,technical_debt,source_scope_difference_or_mixed,paper,fe4697fca14149122b2d992e53f8a0396755ebff,../treatment-repos/DataDog_integrations-core,,11614,337,0,7,4233,832,118,datadog_checks_base,389
treatment,DataDog/integrations-core,2025-04,technical_debt,source_scope_difference_or_mixed,paper,fe4697fca14149122b2d992e53f8a0396755ebff,../treatment-repos/DataDog_integrations-core,,11614,238,0,7,4233,832,118,datadog_checks_dev,356
treatment,DataDog/integrations-core,2025-04,technical_debt,source_scope_difference_or_mixed,paper,fe4697fca14149122b2d992e53f8a0396755ebff,../treatment-repos/DataDog_integrations-core,,11614,199,0,7,4233,832,118,ddev,219
treatment,DataDog/integrations-core,2025-04,technical_debt,source_scope_difference_or_mixed,paper,fe4697fca14149122b2d992e53f8a0396755ebff,../treatment-repos/DataDog_integrations-core,,11614,181,0,7,4233,832,118,snmp,649
treatment,DataDog/integrations-core,2025-04,technical_debt,source_scope_difference_or_mixed,paper,fe4697fca14149122b2d992e53f8a0396755ebff,../treatment-repos/DataDog_integrations-core,,11614,73,0,7,4233,832,118,tokumx,88
treatment,DataDog/integrations-core,2025-04,technical_debt,source_scope_difference_or_mixed,paper,fe4697fca14149122b2d992e53f8a0396755ebff,../treatment-repos/DataDog_integrations-core,,11614,64,0,7,4233,832,118,openstack_controller,445
treatment,DataDog/integrations-core,2025-04,technical_debt,source_scope_difference_or_mixed,paper,fe4697fca14149122b2d992e53f8a0396755ebff,../treatment-repos/DataDog_integrations-core,,11614,64,0,7,4233,832,118,sqlserver,122
treatment,DataDog/integrations-core,2025-04,technical_debt,source_scope_difference_or_mixed,paper,fe4697fca14149122b2d992e53f8a0396755ebff,../treatment-repos/DataDog_integrations-core,,11614,53,0,7,4233,832,118,mongo,218
treatment,DataDog/integrations-core,2025-04,technical_debt,source_scope_difference_or_mixed,paper,fe4697fca14149122b2d992e53f8a0396755ebff,../treatment-repos/DataDog_integrations-core,,11614,49,0,7,4233,832,118,vsphere,71
treatment,DataDog/integrations-core,2025-04,technical_debt,source_scope_difference_or_mixed,paper,fe4697fca14149122b2d992e53f8a0396755ebff,../treatment-repos/DataDog_integrations-core,,11614,48,0,7,4233,832,118,postgres,93
treatment,DataDog/integrations-core,2025-04,technical_debt,source_scope_difference_or_mixed,paper,fe4697fca14149122b2d992e53f8a0396755ebff,../treatment-repos/DataDog_integrations-core,,11614,37,0,7,4233,832,118,mysql,88
treatment,DataDog/integrations-core,2025-04,technical_debt,source_scope_difference_or_mixed,paper,fe4697fca14149122b2d992e53f8a0396755ebff,../treatment-repos/DataDog_integrations-core,,11614,37,0,7,4233,832,118,torchserve,84
treatment,DataDog/integrations-core,2025-07,technical_debt,source_scope_difference_or_mixed,paper,26abd13d37aca13903e1cf8e64b1f0f0959630f6,../treatment-repos/DataDog_integrations-core,,12266,343,0,7,4372,857,124,datadog_checks_base,395
treatment,DataDog/integrations-core,2025-07,technical_debt,source_scope_difference_or_mixed,paper,26abd13d37aca13903e1cf8e64b1f0f0959630f6,../treatment-repos/DataDog_integrations-core,,12266,238,0,7,4372,857,124,datadog_checks_dev,356
treatment,DataDog/integrations-core,2025-07,technical_debt,source_scope_difference_or_mixed,paper,26abd13d37aca13903e1cf8e64b1f0f0959630f6,../treatment-repos/DataDog_integrations-core,,12266,226,0,7,4372,857,124,ddev,248
treatment,DataDog/integrations-core,2025-07,technical_debt,source_scope_difference_or_mixed,paper,26abd13d37aca13903e1cf8e64b1f0f0959630f6,../treatment-repos/DataDog_integrations-core,,12266,181,0,7,4372,857,124,snmp,649
treatment,DataDog/integrations-core,2025-07,technical_debt,source_scope_difference_or_mixed,paper,26abd13d37aca13903e1cf8e64b1f0f0959630f6,../treatment-repos/DataDog_integrations-core,,12266,73,0,7,4372,857,124,sqlserver,140
treatment,DataDog/integrations-core,2025-07,technical_debt,source_scope_difference_or_mixed,paper,26abd13d37aca13903e1cf8e64b1f0f0959630f6,../treatment-repos/DataDog_integrations-core,,12266,73,0,7,4372,857,124,tokumx,87
treatment,DataDog/integrations-core,2025-07,technical_debt,source_scope_difference_or_mixed,paper,26abd13d37aca13903e1cf8e64b1f0f0959630f6,../treatment-repos/DataDog_integrations-core,,12266,64,0,7,4372,857,124,openstack_controller,444
treatment,DataDog/integrations-core,2025-07,technical_debt,source_scope_difference_or_mixed,paper,26abd13d37aca13903e1cf8e64b1f0f0959630f6,../treatment-repos/DataDog_integrations-core,,12266,53,0,7,4372,857,124,mongo,218
treatment,DataDog/integrations-core,2025-07,technical_debt,source_scope_difference_or_mixed,paper,26abd13d37aca13903e1cf8e64b1f0f0959630f6,../treatment-repos/DataDog_integrations-core,,12266,49,0,7,4372,857,124,postgres,93
treatment,DataDog/integrations-core,2025-07,technical_debt,source_scope_difference_or_mixed,paper,26abd13d37aca13903e1cf8e64b1f0f0959630f6,../treatment-repos/DataDog_integrations-core,,12266,49,0,7,4372,857,124,vsphere,71
treatment,DataDog/integrations-core,2025-07,technical_debt,source_scope_difference_or_mixed,paper,26abd13d37aca13903e1cf8e64b1f0f0959630f6,../treatment-repos/DataDog_integrations-core,,12266,39,0,7,4372,857,124,mysql,93
treatment,DataDog/integrations-core,2025-07,technical_debt,source_scope_difference_or_mixed,paper,26abd13d37aca13903e1cf8e64b1f0f0959630f6,../treatment-repos/DataDog_integrations-core,,12266,37,0,7,4372,857,124,torchserve,84
treatment,DataDog/integrations-core,2025-08,technical_debt,source_scope_difference_or_mixed,paper,af4afd423a8cce60bcaf879e543f1b696e3f0caa,../treatment-repos/DataDog_integrations-core,,12368,344,0,7,4387,859,125,datadog_checks_base,396
treatment,DataDog/integrations-core,2025-08,technical_debt,source_scope_difference_or_mixed,paper,af4afd423a8cce60bcaf879e543f1b696e3f0caa,../treatment-repos/DataDog_integrations-core,,12368,238,0,7,4387,859,125,datadog_checks_dev,360
treatment,DataDog/integrations-core,2025-08,technical_debt,source_scope_difference_or_mixed,paper,af4afd423a8cce60bcaf879e543f1b696e3f0caa,../treatment-repos/DataDog_integrations-core,,12368,226,0,7,4387,859,125,ddev,248
treatment,DataDog/integrations-core,2025-08,technical_debt,source_scope_difference_or_mixed,paper,af4afd423a8cce60bcaf879e543f1b696e3f0caa,../treatment-repos/DataDog_integrations-core,,12368,181,0,7,4387,859,125,snmp,650
treatment,DataDog/integrations-core,2025-08,technical_debt,source_scope_difference_or_mixed,paper,af4afd423a8cce60bcaf879e543f1b696e3f0caa,../treatment-repos/DataDog_integrations-core,,12368,73,0,7,4387,859,125,sqlserver,139
treatment,DataDog/integrations-core,2025-08,technical_debt,source_scope_difference_or_mixed,paper,af4afd423a8cce60bcaf879e543f1b696e3f0caa,../treatment-repos/DataDog_integrations-core,,12368,73,0,7,4387,859,125,tokumx,87
treatment,DataDog/integrations-core,2025-08,technical_debt,source_scope_difference_or_mixed,paper,af4afd423a8cce60bcaf879e543f1b696e3f0caa,../treatment-repos/DataDog_integrations-core,,12368,64,0,7,4387,859,125,openstack_controller,444
treatment,DataDog/integrations-core,2025-08,technical_debt,source_scope_difference_or_mixed,paper,af4afd423a8cce60bcaf879e543f1b696e3f0caa,../treatment-repos/DataDog_integrations-core,,12368,53,0,7,4387,859,125,mongo,216
treatment,DataDog/integrations-core,2025-08,technical_debt,source_scope_difference_or_mixed,paper,af4afd423a8cce60bcaf879e543f1b696e3f0caa,../treatment-repos/DataDog_integrations-core,,12368,50,0,7,4387,859,125,postgres,95
treatment,DataDog/integrations-core,2025-08,technical_debt,source_scope_difference_or_mixed,paper,af4afd423a8cce60bcaf879e543f1b696e3f0caa,../treatment-repos/DataDog_integrations-core,,12368,49,0,7,4387,859,125,vsphere,71
treatment,DataDog/integrations-core,2025-08,technical_debt,source_scope_difference_or_mixed,paper,af4afd423a8cce60bcaf879e543f1b696e3f0caa,../treatment-repos/DataDog_integrations-core,,12368,39,0,7,4387,859,125,mysql,94
treatment,DataDog/integrations-core,2025-08,technical_debt,source_scope_difference_or_mixed,paper,af4afd423a8cce60bcaf879e543f1b696e3f0caa,../treatment-repos/DataDog_integrations-core,,12368,37,0,7,4387,859,125,torchserve,84
treatment,DataDog/integrations-core,2024-12,technical_debt,source_scope_difference_or_mixed,paper,e6b077a2f4e4526dc00261698d752e7481547e66,../treatment-repos/DataDog_integrations-core,,10982,329,0,7,4030,809,119,datadog_checks_base,369
treatment,DataDog/integrations-core,2024-12,technical_debt,source_scope_difference_or_mixed,paper,e6b077a2f4e4526dc00261698d752e7481547e66,../treatment-repos/DataDog_integrations-core,,10982,245,0,7,4030,809,119,datadog_checks_dev,367
treatment,DataDog/integrations-core,2024-12,technical_debt,source_scope_difference_or_mixed,paper,e6b077a2f4e4526dc00261698d752e7481547e66,../treatment-repos/DataDog_integrations-core,,10982,199,0,7,4030,809,119,ddev,222
treatment,DataDog/integrations-core,2024-12,technical_debt,source_scope_difference_or_mixed,paper,e6b077a2f4e4526dc00261698d752e7481547e66,../treatment-repos/DataDog_integrations-core,,10982,182,0,7,4030,809,119,snmp,650
treatment,DataDog/integrations-core,2024-12,technical_debt,source_scope_difference_or_mixed,paper,e6b077a2f4e4526dc00261698d752e7481547e66,../treatment-repos/DataDog_integrations-core,,10982,74,0,7,4030,809,119,tokumx,88
treatment,DataDog/integrations-core,2024-12,technical_debt,source_scope_difference_or_mixed,paper,e6b077a2f4e4526dc00261698d752e7481547e66,../treatment-repos/DataDog_integrations-core,,10982,65,0,7,4030,809,119,openstack_controller,445
treatment,DataDog/integrations-core,2024-12,technical_debt,source_scope_difference_or_mixed,paper,e6b077a2f4e4526dc00261698d752e7481547e66,../treatment-repos/DataDog_integrations-core,,10982,65,0,7,4030,809,119,sqlserver,122
treatment,DataDog/integrations-core,2024-12,technical_debt,source_scope_difference_or_mixed,paper,e6b077a2f4e4526dc00261698d752e7481547e66,../treatment-repos/DataDog_integrations-core,,10982,54,0,7,4030,809,119,mongo,202
treatment,DataDog/integrations-core,2024-12,technical_debt,source_scope_difference_or_mixed,paper,e6b077a2f4e4526dc00261698d752e7481547e66,../treatment-repos/DataDog_integrations-core,,10982,50,0,7,4030,809,119,vsphere,72
treatment,DataDog/integrations-core,2024-12,technical_debt,source_scope_difference_or_mixed,paper,e6b077a2f4e4526dc00261698d752e7481547e66,../treatment-repos/DataDog_integrations-core,,10982,49,0,7,4030,809,119,postgres,90
treatment,DataDog/integrations-core,2024-12,technical_debt,source_scope_difference_or_mixed,paper,e6b077a2f4e4526dc00261698d752e7481547e66,../treatment-repos/DataDog_integrations-core,,10982,38,0,7,4030,809,119,torchserve,85
treatment,DataDog/integrations-core,2024-12,technical_debt,source_scope_difference_or_mixed,paper,e6b077a2f4e4526dc00261698d752e7481547e66,../treatment-repos/DataDog_integrations-core,,10982,37,0,7,4030,809,119,mysql,84
treatment,DataDog/integrations-core,2024-11,technical_debt,source_scope_difference_or_mixed,paper,c08fd423affb8f7257d8fcb8e9a5afd869681415,../treatment-repos/DataDog_integrations-core,,10702,328,0,7,3954,774,117,datadog_checks_base,368
treatment,DataDog/integrations-core,2024-11,technical_debt,source_scope_difference_or_mixed,paper,c08fd423affb8f7257d8fcb8e9a5afd869681415,../treatment-repos/DataDog_integrations-core,,10702,245,0,7,3954,774,117,datadog_checks_dev,367
treatment,DataDog/integrations-core,2024-11,technical_debt,source_scope_difference_or_mixed,paper,c08fd423affb8f7257d8fcb8e9a5afd869681415,../treatment-repos/DataDog_integrations-core,,10702,199,0,7,3954,774,117,ddev,220
treatment,DataDog/integrations-core,2024-11,technical_debt,source_scope_difference_or_mixed,paper,c08fd423affb8f7257d8fcb8e9a5afd869681415,../treatment-repos/DataDog_integrations-core,,10702,182,0,7,3954,774,117,snmp,650
treatment,DataDog/integrations-core,2024-11,technical_debt,source_scope_difference_or_mixed,paper,c08fd423affb8f7257d8fcb8e9a5afd869681415,../treatment-repos/DataDog_integrations-core,,10702,74,0,7,3954,774,117,tokumx,88
treatment,DataDog/integrations-core,2024-11,technical_debt,source_scope_difference_or_mixed,paper,c08fd423affb8f7257d8fcb8e9a5afd869681415,../treatment-repos/DataDog_integrations-core,,10702,65,0,7,3954,774,117,openstack_controller,445
treatment,DataDog/integrations-core,2024-11,technical_debt,source_scope_difference_or_mixed,paper,c08fd423affb8f7257d8fcb8e9a5afd869681415,../treatment-repos/DataDog_integrations-core,,10702,65,0,7,3954,774,117,sqlserver,122
treatment,DataDog/integrations-core,2024-11,technical_debt,source_scope_difference_or_mixed,paper,c08fd423affb8f7257d8fcb8e9a5afd869681415,../treatment-repos/DataDog_integrations-core,,10702,54,0,7,3954,774,117,mongo,201
treatment,DataDog/integrations-core,2024-11,technical_debt,source_scope_difference_or_mixed,paper,c08fd423affb8f7257d8fcb8e9a5afd869681415,../treatment-repos/DataDog_integrations-core,,10702,50,0,7,3954,774,117,vsphere,72
treatment,DataDog/integrations-core,2024-11,technical_debt,source_scope_difference_or_mixed,paper,c08fd423affb8f7257d8fcb8e9a5afd869681415,../treatment-repos/DataDog_integrations-core,,10702,49,0,7,3954,774,117,postgres,90
treatment,DataDog/integrations-core,2024-11,technical_debt,source_scope_difference_or_mixed,paper,c08fd423affb8f7257d8fcb8e9a5afd869681415,../treatment-repos/DataDog_integrations-core,,10702,38,0,7,3954,774,117,torchserve,85
treatment,DataDog/integrations-core,2024-11,technical_debt,source_scope_difference_or_mixed,paper,c08fd423affb8f7257d8fcb8e9a5afd869681415,../treatment-repos/DataDog_integrations-core,,10702,37,0,7,3954,774,117,mysql,84
control,lancedb/lancedb,2025-01,ncloc,source_scope_difference_or_mixed,paper,5e98b7f4c0cf16cdbab10d945c086a5f9ea4be6c,../control-repos/lancedb_lancedb,,638,85,11,66,86,338,16,python,104
control,lancedb/lancedb,2025-01,ncloc,source_scope_difference_or_mixed,paper,5e98b7f4c0cf16cdbab10d945c086a5f9ea4be6c,../control-repos/lancedb_lancedb,,638,4,11,66,86,338,16,ci,19
control,lancedb/lancedb,2025-01,ncloc,source_scope_difference_or_mixed,paper,5e98b7f4c0cf16cdbab10d945c086a5f9ea4be6c,../control-repos/lancedb_lancedb,,638,3,11,66,86,338,16,docs,265
control,lancedb/lancedb,2025-01,ncloc,source_scope_difference_or_mixed,paper,5e98b7f4c0cf16cdbab10d945c086a5f9ea4be6c,../control-repos/lancedb_lancedb,,638,0,11,66,86,338,16,nodejs,83
control,lancedb/lancedb,2025-01,ncloc,source_scope_difference_or_mixed,paper,5e98b7f4c0cf16cdbab10d945c086a5f9ea4be6c,../control-repos/lancedb_lancedb,,638,0,11,66,86,338,16,rust,55
control,lancedb/lancedb,2025-01,ncloc,source_scope_difference_or_mixed,paper,5e98b7f4c0cf16cdbab10d945c086a5f9ea4be6c,../control-repos/lancedb_lancedb,,638,0,11,66,86,338,16,node,35
control,lancedb/lancedb,2025-01,ncloc,source_scope_difference_or_mixed,paper,5e98b7f4c0cf16cdbab10d945c086a5f9ea4be6c,../control-repos/lancedb_lancedb,,638,0,11,66,86,338,16,java,33
control,lancedb/lancedb,2025-01,ncloc,source_scope_difference_or_mixed,paper,5e98b7f4c0cf16cdbab10d945c086a5f9ea4be6c,../control-repos/lancedb_lancedb,,638,0,11,66,86,338,16,.github,31
control,lancedb/lancedb,2025-01,ncloc,source_scope_difference_or_mixed,paper,5e98b7f4c0cf16cdbab10d945c086a5f9ea4be6c,../control-repos/lancedb_lancedb,,638,0,11,66,86,338,16,(root),11
control,lancedb/lancedb,2025-01,ncloc,source_scope_difference_or_mixed,paper,5e98b7f4c0cf16cdbab10d945c086a5f9ea4be6c,../control-repos/lancedb_lancedb,,638,0,11,66,86,338,16,.cargo,1
control,lancedb/lancedb,2025-01,ncloc,source_scope_difference_or_mixed,paper,5e98b7f4c0cf16cdbab10d945c086a5f9ea4be6c,../control-repos/lancedb_lancedb,,638,0,11,66,86,338,16,dockerfiles,1
treatment,DataDog/integrations-core,2025-06,technical_debt,source_scope_difference_or_mixed,paper,f9f78ed17fce4bcd63e24aaa39a9e47dddbd7f4f,../treatment-repos/DataDog_integrations-core,,12107,344,0,7,4305,850,123,datadog_checks_base,400
treatment,DataDog/integrations-core,2025-06,technical_debt,source_scope_difference_or_mixed,paper,f9f78ed17fce4bcd63e24aaa39a9e47dddbd7f4f,../treatment-repos/DataDog_integrations-core,,12107,238,0,7,4305,850,123,datadog_checks_dev,357
treatment,DataDog/integrations-core,2025-06,technical_debt,source_scope_difference_or_mixed,paper,f9f78ed17fce4bcd63e24aaa39a9e47dddbd7f4f,../treatment-repos/DataDog_integrations-core,,12107,223,0,7,4305,850,123,ddev,252
treatment,DataDog/integrations-core,2025-06,technical_debt,source_scope_difference_or_mixed,paper,f9f78ed17fce4bcd63e24aaa39a9e47dddbd7f4f,../treatment-repos/DataDog_integrations-core,,12107,181,0,7,4305,850,123,snmp,649
treatment,DataDog/integrations-core,2025-06,technical_debt,source_scope_difference_or_mixed,paper,f9f78ed17fce4bcd63e24aaa39a9e47dddbd7f4f,../treatment-repos/DataDog_integrations-core,,12107,73,0,7,4305,850,123,tokumx,87
treatment,DataDog/integrations-core,2025-06,technical_debt,source_scope_difference_or_mixed,paper,f9f78ed17fce4bcd63e24aaa39a9e47dddbd7f4f,../treatment-repos/DataDog_integrations-core,,12107,72,0,7,4305,850,123,sqlserver,139
treatment,DataDog/integrations-core,2025-06,technical_debt,source_scope_difference_or_mixed,paper,f9f78ed17fce4bcd63e24aaa39a9e47dddbd7f4f,../treatment-repos/DataDog_integrations-core,,12107,64,0,7,4305,850,123,openstack_controller,444
treatment,DataDog/integrations-core,2025-06,technical_debt,source_scope_difference_or_mixed,paper,f9f78ed17fce4bcd63e24aaa39a9e47dddbd7f4f,../treatment-repos/DataDog_integrations-core,,12107,53,0,7,4305,850,123,mongo,218
treatment,DataDog/integrations-core,2025-06,technical_debt,source_scope_difference_or_mixed,paper,f9f78ed17fce4bcd63e24aaa39a9e47dddbd7f4f,../treatment-repos/DataDog_integrations-core,,12107,49,0,7,4305,850,123,postgres,94
treatment,DataDog/integrations-core,2025-06,technical_debt,source_scope_difference_or_mixed,paper,f9f78ed17fce4bcd63e24aaa39a9e47dddbd7f4f,../treatment-repos/DataDog_integrations-core,,12107,49,0,7,4305,850,123,vsphere,71
treatment,DataDog/integrations-core,2025-06,technical_debt,source_scope_difference_or_mixed,paper,f9f78ed17fce4bcd63e24aaa39a9e47dddbd7f4f,../treatment-repos/DataDog_integrations-core,,12107,39,0,7,4305,850,123,mysql,89
treatment,DataDog/integrations-core,2025-06,technical_debt,source_scope_difference_or_mixed,paper,f9f78ed17fce4bcd63e24aaa39a9e47dddbd7f4f,../treatment-repos/DataDog_integrations-core,,12107,37,0,7,4305,850,123,torchserve,84
treatment,DataDog/integrations-core,2025-05,technical_debt,source_scope_difference_or_mixed,paper,1c924825332db0360a98ffc39e7c9d87618d66aa,../treatment-repos/DataDog_integrations-core,,11862,337,0,7,4267,843,121,datadog_checks_base,389
treatment,DataDog/integrations-core,2025-05,technical_debt,source_scope_difference_or_mixed,paper,1c924825332db0360a98ffc39e7c9d87618d66aa,../treatment-repos/DataDog_integrations-core,,11862,238,0,7,4267,843,121,datadog_checks_dev,356
treatment,DataDog/integrations-core,2025-05,technical_debt,source_scope_difference_or_mixed,paper,1c924825332db0360a98ffc39e7c9d87618d66aa,../treatment-repos/DataDog_integrations-core,,11862,222,0,7,4267,843,121,ddev,245
treatment,DataDog/integrations-core,2025-05,technical_debt,source_scope_difference_or_mixed,paper,1c924825332db0360a98ffc39e7c9d87618d66aa,../treatment-repos/DataDog_integrations-core,,11862,181,0,7,4267,843,121,snmp,650
treatment,DataDog/integrations-core,2025-05,technical_debt,source_scope_difference_or_mixed,paper,1c924825332db0360a98ffc39e7c9d87618d66aa,../treatment-repos/DataDog_integrations-core,,11862,73,0,7,4267,843,121,tokumx,87
treatment,DataDog/integrations-core,2025-05,technical_debt,source_scope_difference_or_mixed,paper,1c924825332db0360a98ffc39e7c9d87618d66aa,../treatment-repos/DataDog_integrations-core,,11862,72,0,7,4267,843,121,sqlserver,138
treatment,DataDog/integrations-core,2025-05,technical_debt,source_scope_difference_or_mixed,paper,1c924825332db0360a98ffc39e7c9d87618d66aa,../treatment-repos/DataDog_integrations-core,,11862,64,0,7,4267,843,121,openstack_controller,444
treatment,DataDog/integrations-core,2025-05,technical_debt,source_scope_difference_or_mixed,paper,1c924825332db0360a98ffc39e7c9d87618d66aa,../treatment-repos/DataDog_integrations-core,,11862,53,0,7,4267,843,121,mongo,217
treatment,DataDog/integrations-core,2025-05,technical_debt,source_scope_difference_or_mixed,paper,1c924825332db0360a98ffc39e7c9d87618d66aa,../treatment-repos/DataDog_integrations-core,,11862,49,0,7,4267,843,121,vsphere,71
treatment,DataDog/integrations-core,2025-05,technical_debt,source_scope_difference_or_mixed,paper,1c924825332db0360a98ffc39e7c9d87618d66aa,../treatment-repos/DataDog_integrations-core,,11862,48,0,7,4267,843,121,postgres,92
treatment,DataDog/integrations-core,2025-05,technical_debt,source_scope_difference_or_mixed,paper,1c924825332db0360a98ffc39e7c9d87618d66aa,../treatment-repos/DataDog_integrations-core,,11862,38,0,7,4267,843,121,mysql,87
treatment,DataDog/integrations-core,2025-05,technical_debt,source_scope_difference_or_mixed,paper,1c924825332db0360a98ffc39e7c9d87618d66aa,../treatment-repos/DataDog_integrations-core,,11862,37,0,7,4267,843,121,torchserve,84
control,lancedb/lancedb,2024-12,ncloc,source_scope_difference_or_mixed,paper,92d845fa725cd044db1a10299046031c201febd0,../control-repos/lancedb_lancedb,,590,78,10,65,78,301,14,python,94
control,lancedb/lancedb,2024-12,ncloc,source_scope_difference_or_mixed,paper,92d845fa725cd044db1a10299046031c201febd0,../control-repos/lancedb_lancedb,,590,3,10,65,78,301,14,docs,237
control,lancedb/lancedb,2024-12,ncloc,source_scope_difference_or_mixed,paper,92d845fa725cd044db1a10299046031c201febd0,../control-repos/lancedb_lancedb,,590,3,10,65,78,301,14,ci,18
control,lancedb/lancedb,2024-12,ncloc,source_scope_difference_or_mixed,paper,92d845fa725cd044db1a10299046031c201febd0,../control-repos/lancedb_lancedb,,590,0,10,65,78,301,14,nodejs,79
control,lancedb/lancedb,2024-12,ncloc,source_scope_difference_or_mixed,paper,92d845fa725cd044db1a10299046031c201febd0,../control-repos/lancedb_lancedb,,590,0,10,65,78,301,14,rust,54
control,lancedb/lancedb,2024-12,ncloc,source_scope_difference_or_mixed,paper,92d845fa725cd044db1a10299046031c201febd0,../control-repos/lancedb_lancedb,,590,0,10,65,78,301,14,node,35
control,lancedb/lancedb,2024-12,ncloc,source_scope_difference_or_mixed,paper,92d845fa725cd044db1a10299046031c201febd0,../control-repos/lancedb_lancedb,,590,0,10,65,78,301,14,java,32
control,lancedb/lancedb,2024-12,ncloc,source_scope_difference_or_mixed,paper,92d845fa725cd044db1a10299046031c201febd0,../control-repos/lancedb_lancedb,,590,0,10,65,78,301,14,.github,30
control,lancedb/lancedb,2024-12,ncloc,source_scope_difference_or_mixed,paper,92d845fa725cd044db1a10299046031c201febd0,../control-repos/lancedb_lancedb,,590,0,10,65,78,301,14,(root),9
control,lancedb/lancedb,2024-12,ncloc,source_scope_difference_or_mixed,paper,92d845fa725cd044db1a10299046031c201febd0,../control-repos/lancedb_lancedb,,590,0,10,65,78,301,14,.cargo,1
control,lancedb/lancedb,2024-12,ncloc,source_scope_difference_or_mixed,paper,92d845fa725cd044db1a10299046031c201febd0,../control-repos/lancedb_lancedb,,590,0,10,65,78,301,14,dockerfiles,1
treatment,DataDog/integrations-core,2024-09,technical_debt,source_scope_difference_or_mixed,paper,c1e85309a37c7c508f41c365f3002708f77f8cbf,../treatment-repos/DataDog_integrations-core,,11125,328,0,7,4128,751,117,datadog_checks_base,369
treatment,DataDog/integrations-core,2024-09,technical_debt,source_scope_difference_or_mixed,paper,c1e85309a37c7c508f41c365f3002708f77f8cbf,../treatment-repos/DataDog_integrations-core,,11125,245,0,7,4128,751,117,datadog_checks_dev,369
treatment,DataDog/integrations-core,2024-09,technical_debt,source_scope_difference_or_mixed,paper,c1e85309a37c7c508f41c365f3002708f77f8cbf,../treatment-repos/DataDog_integrations-core,,11125,199,0,7,4128,751,117,ddev,219
treatment,DataDog/integrations-core,2024-09,technical_debt,source_scope_difference_or_mixed,paper,c1e85309a37c7c508f41c365f3002708f77f8cbf,../treatment-repos/DataDog_integrations-core,,11125,182,0,7,4128,751,117,snmp,653
treatment,DataDog/integrations-core,2024-09,technical_debt,source_scope_difference_or_mixed,paper,c1e85309a37c7c508f41c365f3002708f77f8cbf,../treatment-repos/DataDog_integrations-core,,11125,74,0,7,4128,751,117,tokumx,88
treatment,DataDog/integrations-core,2024-09,technical_debt,source_scope_difference_or_mixed,paper,c1e85309a37c7c508f41c365f3002708f77f8cbf,../treatment-repos/DataDog_integrations-core,,11125,65,0,7,4128,751,117,openstack_controller,448
treatment,DataDog/integrations-core,2024-09,technical_debt,source_scope_difference_or_mixed,paper,c1e85309a37c7c508f41c365f3002708f77f8cbf,../treatment-repos/DataDog_integrations-core,,11125,54,0,7,4128,751,117,mongo,198
treatment,DataDog/integrations-core,2024-09,technical_debt,source_scope_difference_or_mixed,paper,c1e85309a37c7c508f41c365f3002708f77f8cbf,../treatment-repos/DataDog_integrations-core,,11125,50,0,7,4128,751,117,vsphere,72
treatment,DataDog/integrations-core,2024-09,technical_debt,source_scope_difference_or_mixed,paper,c1e85309a37c7c508f41c365f3002708f77f8cbf,../treatment-repos/DataDog_integrations-core,,11125,49,0,7,4128,751,117,sqlserver,111
treatment,DataDog/integrations-core,2024-09,technical_debt,source_scope_difference_or_mixed,paper,c1e85309a37c7c508f41c365f3002708f77f8cbf,../treatment-repos/DataDog_integrations-core,,11125,49,0,7,4128,751,117,postgres,92
treatment,DataDog/integrations-core,2024-09,technical_debt,source_scope_difference_or_mixed,paper,c1e85309a37c7c508f41c365f3002708f77f8cbf,../treatment-repos/DataDog_integrations-core,,11125,38,0,7,4128,751,117,torchserve,87
treatment,DataDog/integrations-core,2024-09,technical_debt,source_scope_difference_or_mixed,paper,c1e85309a37c7c508f41c365f3002708f77f8cbf,../treatment-repos/DataDog_integrations-core,,11125,37,0,7,4128,751,117,mysql,73
treatment,DataDog/integrations-core,2024-08,technical_debt,source_scope_difference_or_mixed,paper,523c5afc8405d8726f7cf8867bbd5f75a75ce24e,../treatment-repos/DataDog_integrations-core,,10485,328,0,7,4069,739,117,datadog_checks_base,370
treatment,DataDog/integrations-core,2024-08,technical_debt,source_scope_difference_or_mixed,paper,523c5afc8405d8726f7cf8867bbd5f75a75ce24e,../treatment-repos/DataDog_integrations-core,,10485,235,0,7,4069,739,117,datadog_checks_dev,351
treatment,DataDog/integrations-core,2024-08,technical_debt,source_scope_difference_or_mixed,paper,523c5afc8405d8726f7cf8867bbd5f75a75ce24e,../treatment-repos/DataDog_integrations-core,,10485,197,0,7,4069,739,117,ddev,216
treatment,DataDog/integrations-core,2024-08,technical_debt,source_scope_difference_or_mixed,paper,523c5afc8405d8726f7cf8867bbd5f75a75ce24e,../treatment-repos/DataDog_integrations-core,,10485,183,0,7,4069,739,117,snmp,652
treatment,DataDog/integrations-core,2024-08,technical_debt,source_scope_difference_or_mixed,paper,523c5afc8405d8726f7cf8867bbd5f75a75ce24e,../treatment-repos/DataDog_integrations-core,,10485,75,0,7,4069,739,117,tokumx,89
treatment,DataDog/integrations-core,2024-08,technical_debt,source_scope_difference_or_mixed,paper,523c5afc8405d8726f7cf8867bbd5f75a75ce24e,../treatment-repos/DataDog_integrations-core,,10485,65,0,7,4069,739,117,openstack_controller,445
treatment,DataDog/integrations-core,2024-08,technical_debt,source_scope_difference_or_mixed,paper,523c5afc8405d8726f7cf8867bbd5f75a75ce24e,../treatment-repos/DataDog_integrations-core,,10485,53,0,7,4069,739,117,mongo,199
treatment,DataDog/integrations-core,2024-08,technical_debt,source_scope_difference_or_mixed,paper,523c5afc8405d8726f7cf8867bbd5f75a75ce24e,../treatment-repos/DataDog_integrations-core,,10485,51,0,7,4069,739,117,vsphere,73
treatment,DataDog/integrations-core,2024-08,technical_debt,source_scope_difference_or_mixed,paper,523c5afc8405d8726f7cf8867bbd5f75a75ce24e,../treatment-repos/DataDog_integrations-core,,10485,49,0,7,4069,739,117,postgres,96
treatment,DataDog/integrations-core,2024-08,technical_debt,source_scope_difference_or_mixed,paper,523c5afc8405d8726f7cf8867bbd5f75a75ce24e,../treatment-repos/DataDog_integrations-core,,10485,47,0,7,4069,739,117,sqlserver,103
treatment,DataDog/integrations-core,2024-08,technical_debt,source_scope_difference_or_mixed,paper,523c5afc8405d8726f7cf8867bbd5f75a75ce24e,../treatment-repos/DataDog_integrations-core,,10485,38,0,7,4069,739,117,torchserve,85
treatment,DataDog/integrations-core,2024-08,technical_debt,source_scope_difference_or_mixed,paper,523c5afc8405d8726f7cf8867bbd5f75a75ce24e,../treatment-repos/DataDog_integrations-core,,10485,37,0,7,4069,739,117,mysql,69
treatment,DataDog/integrations-core,2024-07,technical_debt,source_scope_difference_or_mixed,paper,cdbf62d31e3f4f8ab0702b386c32dd06473d95e7,../treatment-repos/DataDog_integrations-core,,10244,321,0,7,4017,735,114,datadog_checks_base,363
treatment,DataDog/integrations-core,2024-07,technical_debt,source_scope_difference_or_mixed,paper,cdbf62d31e3f4f8ab0702b386c32dd06473d95e7,../treatment-repos/DataDog_integrations-core,,10244,235,0,7,4017,735,114,datadog_checks_dev,355
treatment,DataDog/integrations-core,2024-07,technical_debt,source_scope_difference_or_mixed,paper,cdbf62d31e3f4f8ab0702b386c32dd06473d95e7,../treatment-repos/DataDog_integrations-core,,10244,197,0,7,4017,735,114,ddev,222
treatment,DataDog/integrations-core,2024-07,technical_debt,source_scope_difference_or_mixed,paper,cdbf62d31e3f4f8ab0702b386c32dd06473d95e7,../treatment-repos/DataDog_integrations-core,,10244,183,0,7,4017,735,114,snmp,651
treatment,DataDog/integrations-core,2024-07,technical_debt,source_scope_difference_or_mixed,paper,cdbf62d31e3f4f8ab0702b386c32dd06473d95e7,../treatment-repos/DataDog_integrations-core,,10244,75,0,7,4017,735,114,tokumx,89
treatment,DataDog/integrations-core,2024-07,technical_debt,source_scope_difference_or_mixed,paper,cdbf62d31e3f4f8ab0702b386c32dd06473d95e7,../treatment-repos/DataDog_integrations-core,,10244,65,0,7,4017,735,114,openstack_controller,445
treatment,DataDog/integrations-core,2024-07,technical_debt,source_scope_difference_or_mixed,paper,cdbf62d31e3f4f8ab0702b386c32dd06473d95e7,../treatment-repos/DataDog_integrations-core,,10244,51,0,7,4017,735,114,vsphere,73
treatment,DataDog/integrations-core,2024-07,technical_debt,source_scope_difference_or_mixed,paper,cdbf62d31e3f4f8ab0702b386c32dd06473d95e7,../treatment-repos/DataDog_integrations-core,,10244,49,0,7,4017,735,114,postgres,96
treatment,DataDog/integrations-core,2024-07,technical_debt,source_scope_difference_or_mixed,paper,cdbf62d31e3f4f8ab0702b386c32dd06473d95e7,../treatment-repos/DataDog_integrations-core,,10244,47,0,7,4017,735,114,sqlserver,104
treatment,DataDog/integrations-core,2024-07,technical_debt,source_scope_difference_or_mixed,paper,cdbf62d31e3f4f8ab0702b386c32dd06473d95e7,../treatment-repos/DataDog_integrations-core,,10244,45,0,7,4017,735,114,mongo,161
treatment,DataDog/integrations-core,2024-07,technical_debt,source_scope_difference_or_mixed,paper,cdbf62d31e3f4f8ab0702b386c32dd06473d95e7,../treatment-repos/DataDog_integrations-core,,10244,38,0,7,4017,735,114,torchserve,85
treatment,DataDog/integrations-core,2024-07,technical_debt,source_scope_difference_or_mixed,paper,cdbf62d31e3f4f8ab0702b386c32dd06473d95e7,../treatment-repos/DataDog_integrations-core,,10244,36,0,7,4017,735,114,mysql,69
treatment,DataDog/integrations-core,2024-10,technical_debt,source_scope_difference_or_mixed,paper,cbb5fc6a80505309a1b00b37b77d772255490afa,../treatment-repos/DataDog_integrations-core,,10487,328,0,7,3928,768,117,datadog_checks_base,368
treatment,DataDog/integrations-core,2024-10,technical_debt,source_scope_difference_or_mixed,paper,cbb5fc6a80505309a1b00b37b77d772255490afa,../treatment-repos/DataDog_integrations-core,,10487,245,0,7,3928,768,117,datadog_checks_dev,366
treatment,DataDog/integrations-core,2024-10,technical_debt,source_scope_difference_or_mixed,paper,cbb5fc6a80505309a1b00b37b77d772255490afa,../treatment-repos/DataDog_integrations-core,,10487,199,0,7,3928,768,117,ddev,222
treatment,DataDog/integrations-core,2024-10,technical_debt,source_scope_difference_or_mixed,paper,cbb5fc6a80505309a1b00b37b77d772255490afa,../treatment-repos/DataDog_integrations-core,,10487,182,0,7,3928,768,117,snmp,650
treatment,DataDog/integrations-core,2024-10,technical_debt,source_scope_difference_or_mixed,paper,cbb5fc6a80505309a1b00b37b77d772255490afa,../treatment-repos/DataDog_integrations-core,,10487,74,0,7,3928,768,117,tokumx,88
treatment,DataDog/integrations-core,2024-10,technical_debt,source_scope_difference_or_mixed,paper,cbb5fc6a80505309a1b00b37b77d772255490afa,../treatment-repos/DataDog_integrations-core,,10487,65,0,7,3928,768,117,openstack_controller,445
treatment,DataDog/integrations-core,2024-10,technical_debt,source_scope_difference_or_mixed,paper,cbb5fc6a80505309a1b00b37b77d772255490afa,../treatment-repos/DataDog_integrations-core,,10487,65,0,7,3928,768,117,sqlserver,122
treatment,DataDog/integrations-core,2024-10,technical_debt,source_scope_difference_or_mixed,paper,cbb5fc6a80505309a1b00b37b77d772255490afa,../treatment-repos/DataDog_integrations-core,,10487,54,0,7,3928,768,117,mongo,198
treatment,DataDog/integrations-core,2024-10,technical_debt,source_scope_difference_or_mixed,paper,cbb5fc6a80505309a1b00b37b77d772255490afa,../treatment-repos/DataDog_integrations-core,,10487,50,0,7,3928,768,117,vsphere,72
treatment,DataDog/integrations-core,2024-10,technical_debt,source_scope_difference_or_mixed,paper,cbb5fc6a80505309a1b00b37b77d772255490afa,../treatment-repos/DataDog_integrations-core,,10487,49,0,7,3928,768,117,postgres,90
treatment,DataDog/integrations-core,2024-10,technical_debt,source_scope_difference_or_mixed,paper,cbb5fc6a80505309a1b00b37b77d772255490afa,../treatment-repos/DataDog_integrations-core,,10487,38,0,7,3928,768,117,torchserve,85
treatment,DataDog/integrations-core,2024-10,technical_debt,source_scope_difference_or_mixed,paper,cbb5fc6a80505309a1b00b37b77d772255490afa,../treatment-repos/DataDog_integrations-core,,10487,37,0,7,3928,768,117,mysql,84
control,lancedb/lancedb,2024-11,ncloc,source_scope_difference_or_mixed,paper,83e26a231e487673ce6f92dc32e7fe7d8c6d16d0,../control-repos/lancedb_lancedb,,571,70,10,61,71,298,14,python,86
control,lancedb/lancedb,2024-11,ncloc,source_scope_difference_or_mixed,paper,83e26a231e487673ce6f92dc32e7fe7d8c6d16d0,../control-repos/lancedb_lancedb,,571,3,10,61,71,298,14,docs,236
control,lancedb/lancedb,2024-11,ncloc,source_scope_difference_or_mixed,paper,83e26a231e487673ce6f92dc32e7fe7d8c6d16d0,../control-repos/lancedb_lancedb,,571,3,10,61,71,298,14,ci,16
control,lancedb/lancedb,2024-11,ncloc,source_scope_difference_or_mixed,paper,83e26a231e487673ce6f92dc32e7fe7d8c6d16d0,../control-repos/lancedb_lancedb,,571,0,10,61,71,298,14,nodejs,74
control,lancedb/lancedb,2024-11,ncloc,source_scope_difference_or_mixed,paper,83e26a231e487673ce6f92dc32e7fe7d8c6d16d0,../control-repos/lancedb_lancedb,,571,0,10,61,71,298,14,rust,51
control,lancedb/lancedb,2024-11,ncloc,source_scope_difference_or_mixed,paper,83e26a231e487673ce6f92dc32e7fe7d8c6d16d0,../control-repos/lancedb_lancedb,,571,0,10,61,71,298,14,node,35
control,lancedb/lancedb,2024-11,ncloc,source_scope_difference_or_mixed,paper,83e26a231e487673ce6f92dc32e7fe7d8c6d16d0,../control-repos/lancedb_lancedb,,571,0,10,61,71,298,14,java,32
control,lancedb/lancedb,2024-11,ncloc,source_scope_difference_or_mixed,paper,83e26a231e487673ce6f92dc32e7fe7d8c6d16d0,../control-repos/lancedb_lancedb,,571,0,10,61,71,298,14,.github,30
control,lancedb/lancedb,2024-11,ncloc,source_scope_difference_or_mixed,paper,83e26a231e487673ce6f92dc32e7fe7d8c6d16d0,../control-repos/lancedb_lancedb,,571,0,10,61,71,298,14,(root),9
control,lancedb/lancedb,2024-11,ncloc,source_scope_difference_or_mixed,paper,83e26a231e487673ce6f92dc32e7fe7d8c6d16d0,../control-repos/lancedb_lancedb,,571,0,10,61,71,298,14,.cargo,1
control,lancedb/lancedb,2024-11,ncloc,source_scope_difference_or_mixed,paper,83e26a231e487673ce6f92dc32e7fe7d8c6d16d0,../control-repos/lancedb_lancedb,,571,0,10,61,71,298,14,dockerfiles,1
treatment,DataDog/integrations-core,2024-06,technical_debt,source_scope_difference_or_mixed,paper,40193a9e2b1b854a8f3b95dd0e7041259f22653d,../treatment-repos/DataDog_integrations-core,,10222,320,0,7,3997,734,114,datadog_checks_base,363
treatment,DataDog/integrations-core,2024-06,technical_debt,source_scope_difference_or_mixed,paper,40193a9e2b1b854a8f3b95dd0e7041259f22653d,../treatment-repos/DataDog_integrations-core,,10222,235,0,7,3997,734,114,datadog_checks_dev,348
treatment,DataDog/integrations-core,2024-06,technical_debt,source_scope_difference_or_mixed,paper,40193a9e2b1b854a8f3b95dd0e7041259f22653d,../treatment-repos/DataDog_integrations-core,,10222,195,0,7,3997,734,114,ddev,217
treatment,DataDog/integrations-core,2024-06,technical_debt,source_scope_difference_or_mixed,paper,40193a9e2b1b854a8f3b95dd0e7041259f22653d,../treatment-repos/DataDog_integrations-core,,10222,183,0,7,3997,734,114,snmp,651
treatment,DataDog/integrations-core,2024-06,technical_debt,source_scope_difference_or_mixed,paper,40193a9e2b1b854a8f3b95dd0e7041259f22653d,../treatment-repos/DataDog_integrations-core,,10222,75,0,7,3997,734,114,tokumx,89
treatment,DataDog/integrations-core,2024-06,technical_debt,source_scope_difference_or_mixed,paper,40193a9e2b1b854a8f3b95dd0e7041259f22653d,../treatment-repos/DataDog_integrations-core,,10222,65,0,7,3997,734,114,openstack_controller,445
treatment,DataDog/integrations-core,2024-06,technical_debt,source_scope_difference_or_mixed,paper,40193a9e2b1b854a8f3b95dd0e7041259f22653d,../treatment-repos/DataDog_integrations-core,,10222,51,0,7,3997,734,114,vsphere,75
treatment,DataDog/integrations-core,2024-06,technical_debt,source_scope_difference_or_mixed,paper,40193a9e2b1b854a8f3b95dd0e7041259f22653d,../treatment-repos/DataDog_integrations-core,,10222,49,0,7,3997,734,114,postgres,95
treatment,DataDog/integrations-core,2024-06,technical_debt,source_scope_difference_or_mixed,paper,40193a9e2b1b854a8f3b95dd0e7041259f22653d,../treatment-repos/DataDog_integrations-core,,10222,44,0,7,3997,734,114,mongo,163
treatment,DataDog/integrations-core,2024-06,technical_debt,source_scope_difference_or_mixed,paper,40193a9e2b1b854a8f3b95dd0e7041259f22653d,../treatment-repos/DataDog_integrations-core,,10222,44,0,7,3997,734,114,sqlserver,109
treatment,DataDog/integrations-core,2024-06,technical_debt,source_scope_difference_or_mixed,paper,40193a9e2b1b854a8f3b95dd0e7041259f22653d,../treatment-repos/DataDog_integrations-core,,10222,38,0,7,3997,734,114,torchserve,86
treatment,DataDog/integrations-core,2024-06,technical_debt,source_scope_difference_or_mixed,paper,40193a9e2b1b854a8f3b95dd0e7041259f22653d,../treatment-repos/DataDog_integrations-core,,10222,35,0,7,3997,734,114,mysql,70
control,lancedb/lancedb,2024-10,ncloc,source_scope_difference_or_mixed,paper,f3fc339ef650517674a22995d81f9ae21e7bae5a,../control-repos/lancedb_lancedb,,559,71,10,60,64,293,14,python,87
control,lancedb/lancedb,2024-10,ncloc,source_scope_difference_or_mixed,paper,f3fc339ef650517674a22995d81f9ae21e7bae5a,../control-repos/lancedb_lancedb,,559,3,10,60,64,293,14,docs,234
control,lancedb/lancedb,2024-10,ncloc,source_scope_difference_or_mixed,paper,f3fc339ef650517674a22995d81f9ae21e7bae5a,../control-repos/lancedb_lancedb,,559,2,10,60,64,293,14,ci,15
control,lancedb/lancedb,2024-10,ncloc,source_scope_difference_or_mixed,paper,f3fc339ef650517674a22995d81f9ae21e7bae5a,../control-repos/lancedb_lancedb,,559,0,10,60,64,293,14,nodejs,66
control,lancedb/lancedb,2024-10,ncloc,source_scope_difference_or_mixed,paper,f3fc339ef650517674a22995d81f9ae21e7bae5a,../control-repos/lancedb_lancedb,,559,0,10,60,64,293,14,rust,49
control,lancedb/lancedb,2024-10,ncloc,source_scope_difference_or_mixed,paper,f3fc339ef650517674a22995d81f9ae21e7bae5a,../control-repos/lancedb_lancedb,,559,0,10,60,64,293,14,node,35
control,lancedb/lancedb,2024-10,ncloc,source_scope_difference_or_mixed,paper,f3fc339ef650517674a22995d81f9ae21e7bae5a,../control-repos/lancedb_lancedb,,559,0,10,60,64,293,14,java,32
control,lancedb/lancedb,2024-10,ncloc,source_scope_difference_or_mixed,paper,f3fc339ef650517674a22995d81f9ae21e7bae5a,../control-repos/lancedb_lancedb,,559,0,10,60,64,293,14,.github,30
control,lancedb/lancedb,2024-10,ncloc,source_scope_difference_or_mixed,paper,f3fc339ef650517674a22995d81f9ae21e7bae5a,../control-repos/lancedb_lancedb,,559,0,10,60,64,293,14,(root),9
control,lancedb/lancedb,2024-10,ncloc,source_scope_difference_or_mixed,paper,f3fc339ef650517674a22995d81f9ae21e7bae5a,../control-repos/lancedb_lancedb,,559,0,10,60,64,293,14,.cargo,1
control,lancedb/lancedb,2024-10,ncloc,source_scope_difference_or_mixed,paper,f3fc339ef650517674a22995d81f9ae21e7bae5a,../control-repos/lancedb_lancedb,,559,0,10,60,64,293,14,dockerfiles,1
treatment,zauberzeug/nicegui,2024-02,technical_debt,commit_selection_difference,paper,38fcfe13fd8e5b297a8cb12aa357f94ad3d84eda,../treatment-repos/zauberzeug_nicegui,,1008,311,0,227,92,226,0,nicegui,615
treatment,zauberzeug/nicegui,2024-02,technical_debt,commit_selection_difference,paper,38fcfe13fd8e5b297a8cb12aa357f94ad3d84eda,../treatment-repos/zauberzeug_nicegui,,1008,121,0,227,92,226,0,website,162
treatment,zauberzeug/nicegui,2024-02,technical_debt,commit_selection_difference,paper,38fcfe13fd8e5b297a8cb12aa357f94ad3d84eda,../treatment-repos/zauberzeug_nicegui,,1008,80,0,227,92,226,0,tests,82
treatment,zauberzeug/nicegui,2024-02,technical_debt,commit_selection_difference,paper,38fcfe13fd8e5b297a8cb12aa357f94ad3d84eda,../treatment-repos/zauberzeug_nicegui,,1008,67,0,227,92,226,0,examples,104
treatment,zauberzeug/nicegui,2024-02,technical_debt,commit_selection_difference,paper,38fcfe13fd8e5b297a8cb12aa357f94ad3d84eda,../treatment-repos/zauberzeug_nicegui,,1008,7,0,227,92,226,0,(root),33
treatment,zauberzeug/nicegui,2024-02,technical_debt,commit_selection_difference,paper,38fcfe13fd8e5b297a8cb12aa357f94ad3d84eda,../treatment-repos/zauberzeug_nicegui,,1008,2,0,227,92,226,0,.github,9
treatment,zauberzeug/nicegui,2024-02,technical_debt,commit_selection_difference,paper,38fcfe13fd8e5b297a8cb12aa357f94ad3d84eda,../treatment-repos/zauberzeug_nicegui,,1008,0,0,227,92,226,0,.devcontainer,2
treatment,zauberzeug/nicegui,2024-02,technical_debt,commit_selection_difference,paper,38fcfe13fd8e5b297a8cb12aa357f94ad3d84eda,../treatment-repos/zauberzeug_nicegui,,1008,0,0,227,92,226,0,.vscode,1
treatment,zauberzeug/nicegui,2024-02,technical_debt,commit_selection_difference,our,4a0c1c874fc3b56c4f2dc400a4367a71df5a66fe,../treatment-repos/zauberzeug_nicegui,,1008,311,0,227,92,226,0,nicegui,615
treatment,zauberzeug/nicegui,2024-02,technical_debt,commit_selection_difference,our,4a0c1c874fc3b56c4f2dc400a4367a71df5a66fe,../treatment-repos/zauberzeug_nicegui,,1008,121,0,227,92,226,0,website,162
treatment,zauberzeug/nicegui,2024-02,technical_debt,commit_selection_difference,our,4a0c1c874fc3b56c4f2dc400a4367a71df5a66fe,../treatment-repos/zauberzeug_nicegui,,1008,80,0,227,92,226,0,tests,82
treatment,zauberzeug/nicegui,2024-02,technical_debt,commit_selection_difference,our,4a0c1c874fc3b56c4f2dc400a4367a71df5a66fe,../treatment-repos/zauberzeug_nicegui,,1008,67,0,227,92,226,0,examples,104
treatment,zauberzeug/nicegui,2024-02,technical_debt,commit_selection_difference,our,4a0c1c874fc3b56c4f2dc400a4367a71df5a66fe,../treatment-repos/zauberzeug_nicegui,,1008,7,0,227,92,226,0,(root),33
treatment,zauberzeug/nicegui,2024-02,technical_debt,commit_selection_difference,our,4a0c1c874fc3b56c4f2dc400a4367a71df5a66fe,../treatment-repos/zauberzeug_nicegui,,1008,2,0,227,92,226,0,.github,9
treatment,zauberzeug/nicegui,2024-02,technical_debt,commit_selection_difference,our,4a0c1c874fc3b56c4f2dc400a4367a71df5a66fe,../treatment-repos/zauberzeug_nicegui,,1008,0,0,227,92,226,0,.devcontainer,2
treatment,zauberzeug/nicegui,2024-02,technical_debt,commit_selection_difference,our,4a0c1c874fc3b56c4f2dc400a4367a71df5a66fe,../treatment-repos/zauberzeug_nicegui,,1008,0,0,227,92,226,0,.vscode,1
control,lancedb/lancedb,2024-09,ncloc,source_scope_difference_or_mixed,paper,d6b505477886b48b4868a56481373e2a29a72fcd,../control-repos/lancedb_lancedb,,553,71,10,63,63,285,14,python,87
control,lancedb/lancedb,2024-09,ncloc,source_scope_difference_or_mixed,paper,d6b505477886b48b4868a56481373e2a29a72fcd,../control-repos/lancedb_lancedb,,553,3,10,63,63,285,14,docs,226
control,lancedb/lancedb,2024-09,ncloc,source_scope_difference_or_mixed,paper,d6b505477886b48b4868a56481373e2a29a72fcd,../control-repos/lancedb_lancedb,,553,2,10,63,63,285,14,ci,15
control,lancedb/lancedb,2024-09,ncloc,source_scope_difference_or_mixed,paper,d6b505477886b48b4868a56481373e2a29a72fcd,../control-repos/lancedb_lancedb,,553,0,10,63,63,285,14,nodejs,68
control,lancedb/lancedb,2024-09,ncloc,source_scope_difference_or_mixed,paper,d6b505477886b48b4868a56481373e2a29a72fcd,../control-repos/lancedb_lancedb,,553,0,10,63,63,285,14,rust,49
control,lancedb/lancedb,2024-09,ncloc,source_scope_difference_or_mixed,paper,d6b505477886b48b4868a56481373e2a29a72fcd,../control-repos/lancedb_lancedb,,553,0,10,63,63,285,14,node,35
control,lancedb/lancedb,2024-09,ncloc,source_scope_difference_or_mixed,paper,d6b505477886b48b4868a56481373e2a29a72fcd,../control-repos/lancedb_lancedb,,553,0,10,63,63,285,14,java,32
control,lancedb/lancedb,2024-09,ncloc,source_scope_difference_or_mixed,paper,d6b505477886b48b4868a56481373e2a29a72fcd,../control-repos/lancedb_lancedb,,553,0,10,63,63,285,14,.github,30
control,lancedb/lancedb,2024-09,ncloc,source_scope_difference_or_mixed,paper,d6b505477886b48b4868a56481373e2a29a72fcd,../control-repos/lancedb_lancedb,,553,0,10,63,63,285,14,(root),9
control,lancedb/lancedb,2024-09,ncloc,source_scope_difference_or_mixed,paper,d6b505477886b48b4868a56481373e2a29a72fcd,../control-repos/lancedb_lancedb,,553,0,10,63,63,285,14,.cargo,1
control,lancedb/lancedb,2024-09,ncloc,source_scope_difference_or_mixed,paper,d6b505477886b48b4868a56481373e2a29a72fcd,../control-repos/lancedb_lancedb,,553,0,10,63,63,285,14,dockerfiles,1
treatment,zauberzeug/nicegui,2025-04,static_analysis_warnings,source_scope_difference_or_mixed,paper,2b8b1a696992e64578f2e4c5fc285e90b60b87a6,../treatment-repos/zauberzeug_nicegui,,1238,353,0,256,133,303,0,nicegui,738
treatment,zauberzeug/nicegui,2025-04,static_analysis_warnings,source_scope_difference_or_mixed,paper,2b8b1a696992e64578f2e4c5fc285e90b60b87a6,../treatment-repos/zauberzeug_nicegui,,1238,140,0,256,133,303,0,website,182
treatment,zauberzeug/nicegui,2025-04,static_analysis_warnings,source_scope_difference_or_mixed,paper,2b8b1a696992e64578f2e4c5fc285e90b60b87a6,../treatment-repos/zauberzeug_nicegui,,1238,97,0,256,133,303,0,examples,161
treatment,zauberzeug/nicegui,2025-04,static_analysis_warnings,source_scope_difference_or_mixed,paper,2b8b1a696992e64578f2e4c5fc285e90b60b87a6,../treatment-repos/zauberzeug_nicegui,,1238,97,0,256,133,303,0,tests,102
treatment,zauberzeug/nicegui,2025-04,static_analysis_warnings,source_scope_difference_or_mixed,paper,2b8b1a696992e64578f2e4c5fc285e90b60b87a6,../treatment-repos/zauberzeug_nicegui,,1238,8,0,256,133,303,0,(root),36
treatment,zauberzeug/nicegui,2025-04,static_analysis_warnings,source_scope_difference_or_mixed,paper,2b8b1a696992e64578f2e4c5fc285e90b60b87a6,../treatment-repos/zauberzeug_nicegui,,1238,1,0,256,133,303,0,.github,9
treatment,zauberzeug/nicegui,2025-04,static_analysis_warnings,source_scope_difference_or_mixed,paper,2b8b1a696992e64578f2e4c5fc285e90b60b87a6,../treatment-repos/zauberzeug_nicegui,,1238,0,0,256,133,303,0,scripts,5
treatment,zauberzeug/nicegui,2025-04,static_analysis_warnings,source_scope_difference_or_mixed,paper,2b8b1a696992e64578f2e4c5fc285e90b60b87a6,../treatment-repos/zauberzeug_nicegui,,1238,0,0,256,133,303,0,.cursor,2
treatment,zauberzeug/nicegui,2025-04,static_analysis_warnings,source_scope_difference_or_mixed,paper,2b8b1a696992e64578f2e4c5fc285e90b60b87a6,../treatment-repos/zauberzeug_nicegui,,1238,0,0,256,133,303,0,.devcontainer,2
treatment,zauberzeug/nicegui,2025-04,static_analysis_warnings,source_scope_difference_or_mixed,paper,2b8b1a696992e64578f2e4c5fc285e90b60b87a6,../treatment-repos/zauberzeug_nicegui,,1238,0,0,256,133,303,0,.vscode,1
treatment,zauberzeug/nicegui,2025-04,code_smells,source_scope_difference_or_mixed,paper,2b8b1a696992e64578f2e4c5fc285e90b60b87a6,../treatment-repos/zauberzeug_nicegui,,1238,353,0,256,133,303,0,nicegui,738
treatment,zauberzeug/nicegui,2025-04,code_smells,source_scope_difference_or_mixed,paper,2b8b1a696992e64578f2e4c5fc285e90b60b87a6,../treatment-repos/zauberzeug_nicegui,,1238,140,0,256,133,303,0,website,182
treatment,zauberzeug/nicegui,2025-04,code_smells,source_scope_difference_or_mixed,paper,2b8b1a696992e64578f2e4c5fc285e90b60b87a6,../treatment-repos/zauberzeug_nicegui,,1238,97,0,256,133,303,0,examples,161
treatment,zauberzeug/nicegui,2025-04,code_smells,source_scope_difference_or_mixed,paper,2b8b1a696992e64578f2e4c5fc285e90b60b87a6,../treatment-repos/zauberzeug_nicegui,,1238,97,0,256,133,303,0,tests,102
treatment,zauberzeug/nicegui,2025-04,code_smells,source_scope_difference_or_mixed,paper,2b8b1a696992e64578f2e4c5fc285e90b60b87a6,../treatment-repos/zauberzeug_nicegui,,1238,8,0,256,133,303,0,(root),36
treatment,zauberzeug/nicegui,2025-04,code_smells,source_scope_difference_or_mixed,paper,2b8b1a696992e64578f2e4c5fc285e90b60b87a6,../treatment-repos/zauberzeug_nicegui,,1238,1,0,256,133,303,0,.github,9
treatment,zauberzeug/nicegui,2025-04,code_smells,source_scope_difference_or_mixed,paper,2b8b1a696992e64578f2e4c5fc285e90b60b87a6,../treatment-repos/zauberzeug_nicegui,,1238,0,0,256,133,303,0,scripts,5
treatment,zauberzeug/nicegui,2025-04,code_smells,source_scope_difference_or_mixed,paper,2b8b1a696992e64578f2e4c5fc285e90b60b87a6,../treatment-repos/zauberzeug_nicegui,,1238,0,0,256,133,303,0,.cursor,2
treatment,zauberzeug/nicegui,2025-04,code_smells,source_scope_difference_or_mixed,paper,2b8b1a696992e64578f2e4c5fc285e90b60b87a6,../treatment-repos/zauberzeug_nicegui,,1238,0,0,256,133,303,0,.devcontainer,2
treatment,zauberzeug/nicegui,2025-04,code_smells,source_scope_difference_or_mixed,paper,2b8b1a696992e64578f2e4c5fc285e90b60b87a6,../treatment-repos/zauberzeug_nicegui,,1238,0,0,256,133,303,0,.vscode,1
treatment,zauberzeug/nicegui,2025-02,code_smells,source_scope_difference_or_mixed,paper,b71074ef73498f532234a837ea04a08ffbf4e804,../treatment-repos/zauberzeug_nicegui,,1326,351,0,258,131,298,0,nicegui,835
treatment,zauberzeug/nicegui,2025-02,code_smells,source_scope_difference_or_mixed,paper,b71074ef73498f532234a837ea04a08ffbf4e804,../treatment-repos/zauberzeug_nicegui,,1326,138,0,258,131,298,0,website,180
treatment,zauberzeug/nicegui,2025-02,code_smells,source_scope_difference_or_mixed,paper,b71074ef73498f532234a837ea04a08ffbf4e804,../treatment-repos/zauberzeug_nicegui,,1326,95,0,258,131,298,0,examples,158
treatment,zauberzeug/nicegui,2025-02,code_smells,source_scope_difference_or_mixed,paper,b71074ef73498f532234a837ea04a08ffbf4e804,../treatment-repos/zauberzeug_nicegui,,1326,95,0,258,131,298,0,tests,100
treatment,zauberzeug/nicegui,2025-02,code_smells,source_scope_difference_or_mixed,paper,b71074ef73498f532234a837ea04a08ffbf4e804,../treatment-repos/zauberzeug_nicegui,,1326,8,0,258,131,298,0,(root),35
treatment,zauberzeug/nicegui,2025-02,code_smells,source_scope_difference_or_mixed,paper,b71074ef73498f532234a837ea04a08ffbf4e804,../treatment-repos/zauberzeug_nicegui,,1326,1,0,258,131,298,0,.github,10
treatment,zauberzeug/nicegui,2025-02,code_smells,source_scope_difference_or_mixed,paper,b71074ef73498f532234a837ea04a08ffbf4e804,../treatment-repos/zauberzeug_nicegui,,1326,0,0,258,131,298,0,scripts,5
treatment,zauberzeug/nicegui,2025-02,code_smells,source_scope_difference_or_mixed,paper,b71074ef73498f532234a837ea04a08ffbf4e804,../treatment-repos/zauberzeug_nicegui,,1326,0,0,258,131,298,0,.devcontainer,2
treatment,zauberzeug/nicegui,2025-02,code_smells,source_scope_difference_or_mixed,paper,b71074ef73498f532234a837ea04a08ffbf4e804,../treatment-repos/zauberzeug_nicegui,,1326,0,0,258,131,298,0,.vscode,1
treatment,zauberzeug/nicegui,2025-01,code_smells,source_scope_difference_or_mixed,paper,7a540bf3dded6f1e58d32bf21a97d9a5c013afc1,../treatment-repos/zauberzeug_nicegui,,1322,349,0,258,130,298,0,nicegui,833
treatment,zauberzeug/nicegui,2025-01,code_smells,source_scope_difference_or_mixed,paper,7a540bf3dded6f1e58d32bf21a97d9a5c013afc1,../treatment-repos/zauberzeug_nicegui,,1322,137,0,258,130,298,0,website,179
treatment,zauberzeug/nicegui,2025-01,code_smells,source_scope_difference_or_mixed,paper,7a540bf3dded6f1e58d32bf21a97d9a5c013afc1,../treatment-repos/zauberzeug_nicegui,,1322,95,0,258,130,298,0,examples,159
treatment,zauberzeug/nicegui,2025-01,code_smells,source_scope_difference_or_mixed,paper,7a540bf3dded6f1e58d32bf21a97d9a5c013afc1,../treatment-repos/zauberzeug_nicegui,,1322,94,0,258,130,298,0,tests,99
treatment,zauberzeug/nicegui,2025-01,code_smells,source_scope_difference_or_mixed,paper,7a540bf3dded6f1e58d32bf21a97d9a5c013afc1,../treatment-repos/zauberzeug_nicegui,,1322,6,0,258,130,298,0,(root),33
treatment,zauberzeug/nicegui,2025-01,code_smells,source_scope_difference_or_mixed,paper,7a540bf3dded6f1e58d32bf21a97d9a5c013afc1,../treatment-repos/zauberzeug_nicegui,,1322,2,0,258,130,298,0,.github,11
treatment,zauberzeug/nicegui,2025-01,code_smells,source_scope_difference_or_mixed,paper,7a540bf3dded6f1e58d32bf21a97d9a5c013afc1,../treatment-repos/zauberzeug_nicegui,,1322,0,0,258,130,298,0,scripts,5
treatment,zauberzeug/nicegui,2025-01,code_smells,source_scope_difference_or_mixed,paper,7a540bf3dded6f1e58d32bf21a97d9a5c013afc1,../treatment-repos/zauberzeug_nicegui,,1322,0,0,258,130,298,0,.devcontainer,2
treatment,zauberzeug/nicegui,2025-01,code_smells,source_scope_difference_or_mixed,paper,7a540bf3dded6f1e58d32bf21a97d9a5c013afc1,../treatment-repos/zauberzeug_nicegui,,1322,0,0,258,130,298,0,.vscode,1
treatment,zauberzeug/nicegui,2025-03,code_smells,source_scope_difference_or_mixed,paper,745167c81c219beda5ebaf850dfb7a3e772f96ac,../treatment-repos/zauberzeug_nicegui,,1334,352,0,258,132,302,0,nicegui,836
treatment,zauberzeug/nicegui,2025-03,code_smells,source_scope_difference_or_mixed,paper,745167c81c219beda5ebaf850dfb7a3e772f96ac,../treatment-repos/zauberzeug_nicegui,,1334,139,0,258,132,302,0,website,181
treatment,zauberzeug/nicegui,2025-03,code_smells,source_scope_difference_or_mixed,paper,745167c81c219beda5ebaf850dfb7a3e772f96ac,../treatment-repos/zauberzeug_nicegui,,1334,97,0,258,132,302,0,examples,161
treatment,zauberzeug/nicegui,2025-03,code_smells,source_scope_difference_or_mixed,paper,745167c81c219beda5ebaf850dfb7a3e772f96ac,../treatment-repos/zauberzeug_nicegui,,1334,96,0,258,132,302,0,tests,101
treatment,zauberzeug/nicegui,2025-03,code_smells,source_scope_difference_or_mixed,paper,745167c81c219beda5ebaf850dfb7a3e772f96ac,../treatment-repos/zauberzeug_nicegui,,1334,8,0,258,132,302,0,(root),36
treatment,zauberzeug/nicegui,2025-03,code_smells,source_scope_difference_or_mixed,paper,745167c81c219beda5ebaf850dfb7a3e772f96ac,../treatment-repos/zauberzeug_nicegui,,1334,1,0,258,132,302,0,.github,9
treatment,zauberzeug/nicegui,2025-03,code_smells,source_scope_difference_or_mixed,paper,745167c81c219beda5ebaf850dfb7a3e772f96ac,../treatment-repos/zauberzeug_nicegui,,1334,0,0,258,132,302,0,scripts,5
treatment,zauberzeug/nicegui,2025-03,code_smells,source_scope_difference_or_mixed,paper,745167c81c219beda5ebaf850dfb7a3e772f96ac,../treatment-repos/zauberzeug_nicegui,,1334,0,0,258,132,302,0,.cursor,2
treatment,zauberzeug/nicegui,2025-03,code_smells,source_scope_difference_or_mixed,paper,745167c81c219beda5ebaf850dfb7a3e772f96ac,../treatment-repos/zauberzeug_nicegui,,1334,0,0,258,132,302,0,.devcontainer,2
treatment,zauberzeug/nicegui,2025-03,code_smells,source_scope_difference_or_mixed,paper,745167c81c219beda5ebaf850dfb7a3e772f96ac,../treatment-repos/zauberzeug_nicegui,,1334,0,0,258,132,302,0,.vscode,1
treatment,zauberzeug/nicegui,2024-12,code_smells,source_scope_difference_or_mixed,paper,343dc0da8de0cf2f645cf8b5d76f5b439cb817f3,../treatment-repos/zauberzeug_nicegui,,1305,343,0,257,129,289,0,nicegui,826
treatment,zauberzeug/nicegui,2024-12,code_smells,source_scope_difference_or_mixed,paper,343dc0da8de0cf2f645cf8b5d76f5b439cb817f3,../treatment-repos/zauberzeug_nicegui,,1305,136,0,257,129,289,0,website,178
treatment,zauberzeug/nicegui,2024-12,code_smells,source_scope_difference_or_mixed,paper,343dc0da8de0cf2f645cf8b5d76f5b439cb817f3,../treatment-repos/zauberzeug_nicegui,,1305,93,0,257,129,289,0,tests,98
treatment,zauberzeug/nicegui,2024-12,code_smells,source_scope_difference_or_mixed,paper,343dc0da8de0cf2f645cf8b5d76f5b439cb817f3,../treatment-repos/zauberzeug_nicegui,,1305,92,0,257,129,289,0,examples,151
treatment,zauberzeug/nicegui,2024-12,code_smells,source_scope_difference_or_mixed,paper,343dc0da8de0cf2f645cf8b5d76f5b439cb817f3,../treatment-repos/zauberzeug_nicegui,,1305,6,0,257,129,289,0,(root),33
treatment,zauberzeug/nicegui,2024-12,code_smells,source_scope_difference_or_mixed,paper,343dc0da8de0cf2f645cf8b5d76f5b439cb817f3,../treatment-repos/zauberzeug_nicegui,,1305,2,0,257,129,289,0,.github,11
treatment,zauberzeug/nicegui,2024-12,code_smells,source_scope_difference_or_mixed,paper,343dc0da8de0cf2f645cf8b5d76f5b439cb817f3,../treatment-repos/zauberzeug_nicegui,,1305,0,0,257,129,289,0,scripts,5
treatment,zauberzeug/nicegui,2024-12,code_smells,source_scope_difference_or_mixed,paper,343dc0da8de0cf2f645cf8b5d76f5b439cb817f3,../treatment-repos/zauberzeug_nicegui,,1305,0,0,257,129,289,0,.devcontainer,2
treatment,zauberzeug/nicegui,2024-12,code_smells,source_scope_difference_or_mixed,paper,343dc0da8de0cf2f645cf8b5d76f5b439cb817f3,../treatment-repos/zauberzeug_nicegui,,1305,0,0,257,129,289,0,.vscode,1
treatment,zauberzeug/nicegui,2024-11,code_smells,source_scope_difference_or_mixed,paper,25a633450d1223dcc8f1ad59d260d2e844b5519d,../treatment-repos/zauberzeug_nicegui,,1305,342,0,257,129,289,0,nicegui,825
treatment,zauberzeug/nicegui,2024-11,code_smells,source_scope_difference_or_mixed,paper,25a633450d1223dcc8f1ad59d260d2e844b5519d,../treatment-repos/zauberzeug_nicegui,,1305,137,0,257,129,289,0,website,179
treatment,zauberzeug/nicegui,2024-11,code_smells,source_scope_difference_or_mixed,paper,25a633450d1223dcc8f1ad59d260d2e844b5519d,../treatment-repos/zauberzeug_nicegui,,1305,93,0,257,129,289,0,tests,98
treatment,zauberzeug/nicegui,2024-11,code_smells,source_scope_difference_or_mixed,paper,25a633450d1223dcc8f1ad59d260d2e844b5519d,../treatment-repos/zauberzeug_nicegui,,1305,92,0,257,129,289,0,examples,151
treatment,zauberzeug/nicegui,2024-11,code_smells,source_scope_difference_or_mixed,paper,25a633450d1223dcc8f1ad59d260d2e844b5519d,../treatment-repos/zauberzeug_nicegui,,1305,6,0,257,129,289,0,(root),33
treatment,zauberzeug/nicegui,2024-11,code_smells,source_scope_difference_or_mixed,paper,25a633450d1223dcc8f1ad59d260d2e844b5519d,../treatment-repos/zauberzeug_nicegui,,1305,2,0,257,129,289,0,.github,11
treatment,zauberzeug/nicegui,2024-11,code_smells,source_scope_difference_or_mixed,paper,25a633450d1223dcc8f1ad59d260d2e844b5519d,../treatment-repos/zauberzeug_nicegui,,1305,0,0,257,129,289,0,scripts,5
treatment,zauberzeug/nicegui,2024-11,code_smells,source_scope_difference_or_mixed,paper,25a633450d1223dcc8f1ad59d260d2e844b5519d,../treatment-repos/zauberzeug_nicegui,,1305,0,0,257,129,289,0,.devcontainer,2
treatment,zauberzeug/nicegui,2024-11,code_smells,source_scope_difference_or_mixed,paper,25a633450d1223dcc8f1ad59d260d2e844b5519d,../treatment-repos/zauberzeug_nicegui,,1305,0,0,257,129,289,0,.vscode,1
treatment,cgevans/qslib,2025-05,ncloc,paper_commit_missing,our,d02b38180d3a4f06775d13e613b0f382447d7c6b,../treatment-repos/cgevans_qslib,,7,0,0,0,0,1,0,(root),5
treatment,cgevans/qslib,2025-05,ncloc,paper_commit_missing,our,d02b38180d3a4f06775d13e613b0f382447d7c6b,../treatment-repos/cgevans_qslib,,7,0,0,0,0,1,0,src,2
treatment,PostHog/posthog,2025-04,cognitive_complexity,source_scope_difference_or_mixed,paper,08f147eb9879e899fb7939f4b9413c86164ba7f9,../treatment-repos/PostHog_posthog,,9860,2388,0,3195,1676,107,897,posthog,2619
treatment,PostHog/posthog,2025-04,cognitive_complexity,source_scope_difference_or_mixed,paper,08f147eb9879e899fb7939f4b9413c86164ba7f9,../treatment-repos/PostHog_posthog,,9860,363,0,3195,1676,107,897,ee,426
treatment,PostHog/posthog,2025-04,cognitive_complexity,source_scope_difference_or_mixed,paper,08f147eb9879e899fb7939f4b9413c86164ba7f9,../treatment-repos/PostHog_posthog,,9860,74,0,3195,1676,107,897,products,198
treatment,PostHog/posthog,2025-04,cognitive_complexity,source_scope_difference_or_mixed,paper,08f147eb9879e899fb7939f4b9413c86164ba7f9,../treatment-repos/PostHog_posthog,,9860,20,0,3195,1676,107,897,dags,22
treatment,PostHog/posthog,2025-04,cognitive_complexity,source_scope_difference_or_mixed,paper,08f147eb9879e899fb7939f4b9413c86164ba7f9,../treatment-repos/PostHog_posthog,,9860,17,0,3195,1676,107,897,common,244
treatment,PostHog/posthog,2025-04,cognitive_complexity,source_scope_difference_or_mixed,paper,08f147eb9879e899fb7939f4b9413c86164ba7f9,../treatment-repos/PostHog_posthog,,9860,6,0,3195,1676,107,897,infra-scripts,9
treatment,PostHog/posthog,2025-04,cognitive_complexity,source_scope_difference_or_mixed,paper,08f147eb9879e899fb7939f4b9413c86164ba7f9,../treatment-repos/PostHog_posthog,,9860,4,0,3195,1676,107,897,bin,42
treatment,PostHog/posthog,2025-04,cognitive_complexity,source_scope_difference_or_mixed,paper,08f147eb9879e899fb7939f4b9413c86164ba7f9,../treatment-repos/PostHog_posthog,,9860,2,0,3195,1676,107,897,plugin-server,554
treatment,PostHog/posthog,2025-04,cognitive_complexity,source_scope_difference_or_mixed,paper,08f147eb9879e899fb7939f4b9413c86164ba7f9,../treatment-repos/PostHog_posthog,,9860,2,0,3195,1676,107,897,(root),53
treatment,PostHog/posthog,2025-04,cognitive_complexity,source_scope_difference_or_mixed,paper,08f147eb9879e899fb7939f4b9413c86164ba7f9,../treatment-repos/PostHog_posthog,,9860,1,0,3195,1676,107,897,cypress,78
treatment,PostHog/posthog,2025-04,cognitive_complexity,source_scope_difference_or_mixed,paper,08f147eb9879e899fb7939f4b9413c86164ba7f9,../treatment-repos/PostHog_posthog,,9860,0,0,3195,1676,107,897,frontend,4923
treatment,PostHog/posthog,2025-04,cognitive_complexity,source_scope_difference_or_mixed,paper,08f147eb9879e899fb7939f4b9413c86164ba7f9,../treatment-repos/PostHog_posthog,,9860,0,0,3195,1676,107,897,rust,469
treatment,zauberzeug/nicegui,2025-02,static_analysis_warnings,source_scope_difference_or_mixed,paper,b71074ef73498f532234a837ea04a08ffbf4e804,../treatment-repos/zauberzeug_nicegui,,1326,351,0,258,131,298,0,nicegui,835
treatment,zauberzeug/nicegui,2025-02,static_analysis_warnings,source_scope_difference_or_mixed,paper,b71074ef73498f532234a837ea04a08ffbf4e804,../treatment-repos/zauberzeug_nicegui,,1326,138,0,258,131,298,0,website,180
treatment,zauberzeug/nicegui,2025-02,static_analysis_warnings,source_scope_difference_or_mixed,paper,b71074ef73498f532234a837ea04a08ffbf4e804,../treatment-repos/zauberzeug_nicegui,,1326,95,0,258,131,298,0,examples,158
treatment,zauberzeug/nicegui,2025-02,static_analysis_warnings,source_scope_difference_or_mixed,paper,b71074ef73498f532234a837ea04a08ffbf4e804,../treatment-repos/zauberzeug_nicegui,,1326,95,0,258,131,298,0,tests,100
treatment,zauberzeug/nicegui,2025-02,static_analysis_warnings,source_scope_difference_or_mixed,paper,b71074ef73498f532234a837ea04a08ffbf4e804,../treatment-repos/zauberzeug_nicegui,,1326,8,0,258,131,298,0,(root),35
treatment,zauberzeug/nicegui,2025-02,static_analysis_warnings,source_scope_difference_or_mixed,paper,b71074ef73498f532234a837ea04a08ffbf4e804,../treatment-repos/zauberzeug_nicegui,,1326,1,0,258,131,298,0,.github,10
treatment,zauberzeug/nicegui,2025-02,static_analysis_warnings,source_scope_difference_or_mixed,paper,b71074ef73498f532234a837ea04a08ffbf4e804,../treatment-repos/zauberzeug_nicegui,,1326,0,0,258,131,298,0,scripts,5
treatment,zauberzeug/nicegui,2025-02,static_analysis_warnings,source_scope_difference_or_mixed,paper,b71074ef73498f532234a837ea04a08ffbf4e804,../treatment-repos/zauberzeug_nicegui,,1326,0,0,258,131,298,0,.devcontainer,2
treatment,zauberzeug/nicegui,2025-02,static_analysis_warnings,source_scope_difference_or_mixed,paper,b71074ef73498f532234a837ea04a08ffbf4e804,../treatment-repos/zauberzeug_nicegui,,1326,0,0,258,131,298,0,.vscode,1
treatment,zauberzeug/nicegui,2025-01,static_analysis_warnings,source_scope_difference_or_mixed,paper,7a540bf3dded6f1e58d32bf21a97d9a5c013afc1,../treatment-repos/zauberzeug_nicegui,,1322,349,0,258,130,298,0,nicegui,833
treatment,zauberzeug/nicegui,2025-01,static_analysis_warnings,source_scope_difference_or_mixed,paper,7a540bf3dded6f1e58d32bf21a97d9a5c013afc1,../treatment-repos/zauberzeug_nicegui,,1322,137,0,258,130,298,0,website,179
treatment,zauberzeug/nicegui,2025-01,static_analysis_warnings,source_scope_difference_or_mixed,paper,7a540bf3dded6f1e58d32bf21a97d9a5c013afc1,../treatment-repos/zauberzeug_nicegui,,1322,95,0,258,130,298,0,examples,159
treatment,zauberzeug/nicegui,2025-01,static_analysis_warnings,source_scope_difference_or_mixed,paper,7a540bf3dded6f1e58d32bf21a97d9a5c013afc1,../treatment-repos/zauberzeug_nicegui,,1322,94,0,258,130,298,0,tests,99
treatment,zauberzeug/nicegui,2025-01,static_analysis_warnings,source_scope_difference_or_mixed,paper,7a540bf3dded6f1e58d32bf21a97d9a5c013afc1,../treatment-repos/zauberzeug_nicegui,,1322,6,0,258,130,298,0,(root),33
treatment,zauberzeug/nicegui,2025-01,static_analysis_warnings,source_scope_difference_or_mixed,paper,7a540bf3dded6f1e58d32bf21a97d9a5c013afc1,../treatment-repos/zauberzeug_nicegui,,1322,2,0,258,130,298,0,.github,11
treatment,zauberzeug/nicegui,2025-01,static_analysis_warnings,source_scope_difference_or_mixed,paper,7a540bf3dded6f1e58d32bf21a97d9a5c013afc1,../treatment-repos/zauberzeug_nicegui,,1322,0,0,258,130,298,0,scripts,5
treatment,zauberzeug/nicegui,2025-01,static_analysis_warnings,source_scope_difference_or_mixed,paper,7a540bf3dded6f1e58d32bf21a97d9a5c013afc1,../treatment-repos/zauberzeug_nicegui,,1322,0,0,258,130,298,0,.devcontainer,2
treatment,zauberzeug/nicegui,2025-01,static_analysis_warnings,source_scope_difference_or_mixed,paper,7a540bf3dded6f1e58d32bf21a97d9a5c013afc1,../treatment-repos/zauberzeug_nicegui,,1322,0,0,258,130,298,0,.vscode,1
treatment,zauberzeug/nicegui,2025-03,static_analysis_warnings,source_scope_difference_or_mixed,paper,745167c81c219beda5ebaf850dfb7a3e772f96ac,../treatment-repos/zauberzeug_nicegui,,1334,352,0,258,132,302,0,nicegui,836
treatment,zauberzeug/nicegui,2025-03,static_analysis_warnings,source_scope_difference_or_mixed,paper,745167c81c219beda5ebaf850dfb7a3e772f96ac,../treatment-repos/zauberzeug_nicegui,,1334,139,0,258,132,302,0,website,181
treatment,zauberzeug/nicegui,2025-03,static_analysis_warnings,source_scope_difference_or_mixed,paper,745167c81c219beda5ebaf850dfb7a3e772f96ac,../treatment-repos/zauberzeug_nicegui,,1334,97,0,258,132,302,0,examples,161
treatment,zauberzeug/nicegui,2025-03,static_analysis_warnings,source_scope_difference_or_mixed,paper,745167c81c219beda5ebaf850dfb7a3e772f96ac,../treatment-repos/zauberzeug_nicegui,,1334,96,0,258,132,302,0,tests,101
treatment,zauberzeug/nicegui,2025-03,static_analysis_warnings,source_scope_difference_or_mixed,paper,745167c81c219beda5ebaf850dfb7a3e772f96ac,../treatment-repos/zauberzeug_nicegui,,1334,8,0,258,132,302,0,(root),36
treatment,zauberzeug/nicegui,2025-03,static_analysis_warnings,source_scope_difference_or_mixed,paper,745167c81c219beda5ebaf850dfb7a3e772f96ac,../treatment-repos/zauberzeug_nicegui,,1334,1,0,258,132,302,0,.github,9
treatment,zauberzeug/nicegui,2025-03,static_analysis_warnings,source_scope_difference_or_mixed,paper,745167c81c219beda5ebaf850dfb7a3e772f96ac,../treatment-repos/zauberzeug_nicegui,,1334,0,0,258,132,302,0,scripts,5
treatment,zauberzeug/nicegui,2025-03,static_analysis_warnings,source_scope_difference_or_mixed,paper,745167c81c219beda5ebaf850dfb7a3e772f96ac,../treatment-repos/zauberzeug_nicegui,,1334,0,0,258,132,302,0,.cursor,2
treatment,zauberzeug/nicegui,2025-03,static_analysis_warnings,source_scope_difference_or_mixed,paper,745167c81c219beda5ebaf850dfb7a3e772f96ac,../treatment-repos/zauberzeug_nicegui,,1334,0,0,258,132,302,0,.devcontainer,2
treatment,zauberzeug/nicegui,2025-03,static_analysis_warnings,source_scope_difference_or_mixed,paper,745167c81c219beda5ebaf850dfb7a3e772f96ac,../treatment-repos/zauberzeug_nicegui,,1334,0,0,258,132,302,0,.vscode,1
treatment,zauberzeug/nicegui,2024-12,static_analysis_warnings,source_scope_difference_or_mixed,paper,343dc0da8de0cf2f645cf8b5d76f5b439cb817f3,../treatment-repos/zauberzeug_nicegui,,1305,343,0,257,129,289,0,nicegui,826
treatment,zauberzeug/nicegui,2024-12,static_analysis_warnings,source_scope_difference_or_mixed,paper,343dc0da8de0cf2f645cf8b5d76f5b439cb817f3,../treatment-repos/zauberzeug_nicegui,,1305,136,0,257,129,289,0,website,178
treatment,zauberzeug/nicegui,2024-12,static_analysis_warnings,source_scope_difference_or_mixed,paper,343dc0da8de0cf2f645cf8b5d76f5b439cb817f3,../treatment-repos/zauberzeug_nicegui,,1305,93,0,257,129,289,0,tests,98
treatment,zauberzeug/nicegui,2024-12,static_analysis_warnings,source_scope_difference_or_mixed,paper,343dc0da8de0cf2f645cf8b5d76f5b439cb817f3,../treatment-repos/zauberzeug_nicegui,,1305,92,0,257,129,289,0,examples,151
treatment,zauberzeug/nicegui,2024-12,static_analysis_warnings,source_scope_difference_or_mixed,paper,343dc0da8de0cf2f645cf8b5d76f5b439cb817f3,../treatment-repos/zauberzeug_nicegui,,1305,6,0,257,129,289,0,(root),33
treatment,zauberzeug/nicegui,2024-12,static_analysis_warnings,source_scope_difference_or_mixed,paper,343dc0da8de0cf2f645cf8b5d76f5b439cb817f3,../treatment-repos/zauberzeug_nicegui,,1305,2,0,257,129,289,0,.github,11
treatment,zauberzeug/nicegui,2024-12,static_analysis_warnings,source_scope_difference_or_mixed,paper,343dc0da8de0cf2f645cf8b5d76f5b439cb817f3,../treatment-repos/zauberzeug_nicegui,,1305,0,0,257,129,289,0,scripts,5
treatment,zauberzeug/nicegui,2024-12,static_analysis_warnings,source_scope_difference_or_mixed,paper,343dc0da8de0cf2f645cf8b5d76f5b439cb817f3,../treatment-repos/zauberzeug_nicegui,,1305,0,0,257,129,289,0,.devcontainer,2
treatment,zauberzeug/nicegui,2024-12,static_analysis_warnings,source_scope_difference_or_mixed,paper,343dc0da8de0cf2f645cf8b5d76f5b439cb817f3,../treatment-repos/zauberzeug_nicegui,,1305,0,0,257,129,289,0,.vscode,1
treatment,cgevans/qslib,2025-08,ncloc,commit_selection_difference,paper,76acc07a52d0995fe6db5a2dbbe4a9495bfbbaea,../treatment-repos/cgevans_qslib,,81,17,1,0,17,18,0,python,18
treatment,cgevans/qslib,2025-08,ncloc,commit_selection_difference,paper,76acc07a52d0995fe6db5a2dbbe4a9495bfbbaea,../treatment-repos/cgevans_qslib,,81,13,1,0,17,18,0,tests,16
treatment,cgevans/qslib,2025-08,ncloc,commit_selection_difference,paper,76acc07a52d0995fe6db5a2dbbe4a9495bfbbaea,../treatment-repos/cgevans_qslib,,81,1,1,0,17,18,0,docs,15
treatment,cgevans/qslib,2025-08,ncloc,commit_selection_difference,paper,76acc07a52d0995fe6db5a2dbbe4a9495bfbbaea,../treatment-repos/cgevans_qslib,,81,0,1,0,17,18,0,(root),14
treatment,cgevans/qslib,2025-08,ncloc,commit_selection_difference,paper,76acc07a52d0995fe6db5a2dbbe4a9495bfbbaea,../treatment-repos/cgevans_qslib,,81,0,1,0,17,18,0,src,10
treatment,cgevans/qslib,2025-08,ncloc,commit_selection_difference,paper,76acc07a52d0995fe6db5a2dbbe4a9495bfbbaea,../treatment-repos/cgevans_qslib,,81,0,1,0,17,18,0,LICENSES,2
treatment,cgevans/qslib,2025-08,ncloc,commit_selection_difference,paper,76acc07a52d0995fe6db5a2dbbe4a9495bfbbaea,../treatment-repos/cgevans_qslib,,81,0,1,0,17,18,0,benches,2
treatment,cgevans/qslib,2025-08,ncloc,commit_selection_difference,paper,76acc07a52d0995fe6db5a2dbbe4a9495bfbbaea,../treatment-repos/cgevans_qslib,,81,0,1,0,17,18,0,examples,2
treatment,cgevans/qslib,2025-08,ncloc,commit_selection_difference,paper,76acc07a52d0995fe6db5a2dbbe4a9495bfbbaea,../treatment-repos/cgevans_qslib,,81,0,1,0,17,18,0,.github,1
treatment,cgevans/qslib,2025-08,ncloc,commit_selection_difference,paper,76acc07a52d0995fe6db5a2dbbe4a9495bfbbaea,../treatment-repos/cgevans_qslib,,81,0,1,0,17,18,0,.reuse,1
treatment,cgevans/qslib,2025-08,ncloc,commit_selection_difference,our,8f7d15ae779d1e4381e4fe9cdbec6871a0e43678,../treatment-repos/cgevans_qslib,,81,17,1,0,17,18,0,python,18
treatment,cgevans/qslib,2025-08,ncloc,commit_selection_difference,our,8f7d15ae779d1e4381e4fe9cdbec6871a0e43678,../treatment-repos/cgevans_qslib,,81,13,1,0,17,18,0,tests,16
treatment,cgevans/qslib,2025-08,ncloc,commit_selection_difference,our,8f7d15ae779d1e4381e4fe9cdbec6871a0e43678,../treatment-repos/cgevans_qslib,,81,1,1,0,17,18,0,docs,15
treatment,cgevans/qslib,2025-08,ncloc,commit_selection_difference,our,8f7d15ae779d1e4381e4fe9cdbec6871a0e43678,../treatment-repos/cgevans_qslib,,81,0,1,0,17,18,0,(root),14
treatment,cgevans/qslib,2025-08,ncloc,commit_selection_difference,our,8f7d15ae779d1e4381e4fe9cdbec6871a0e43678,../treatment-repos/cgevans_qslib,,81,0,1,0,17,18,0,src,10
treatment,cgevans/qslib,2025-08,ncloc,commit_selection_difference,our,8f7d15ae779d1e4381e4fe9cdbec6871a0e43678,../treatment-repos/cgevans_qslib,,81,0,1,0,17,18,0,LICENSES,2
treatment,cgevans/qslib,2025-08,ncloc,commit_selection_difference,our,8f7d15ae779d1e4381e4fe9cdbec6871a0e43678,../treatment-repos/cgevans_qslib,,81,0,1,0,17,18,0,benches,2
treatment,cgevans/qslib,2025-08,ncloc,commit_selection_difference,our,8f7d15ae779d1e4381e4fe9cdbec6871a0e43678,../treatment-repos/cgevans_qslib,,81,0,1,0,17,18,0,examples,2
treatment,cgevans/qslib,2025-08,ncloc,commit_selection_difference,our,8f7d15ae779d1e4381e4fe9cdbec6871a0e43678,../treatment-repos/cgevans_qslib,,81,0,1,0,17,18,0,.github,1
treatment,cgevans/qslib,2025-08,ncloc,commit_selection_difference,our,8f7d15ae779d1e4381e4fe9cdbec6871a0e43678,../treatment-repos/cgevans_qslib,,81,0,1,0,17,18,0,.reuse,1
treatment,zauberzeug/nicegui,2024-11,static_analysis_warnings,source_scope_difference_or_mixed,paper,25a633450d1223dcc8f1ad59d260d2e844b5519d,../treatment-repos/zauberzeug_nicegui,,1305,342,0,257,129,289,0,nicegui,825
treatment,zauberzeug/nicegui,2024-11,static_analysis_warnings,source_scope_difference_or_mixed,paper,25a633450d1223dcc8f1ad59d260d2e844b5519d,../treatment-repos/zauberzeug_nicegui,,1305,137,0,257,129,289,0,website,179
treatment,zauberzeug/nicegui,2024-11,static_analysis_warnings,source_scope_difference_or_mixed,paper,25a633450d1223dcc8f1ad59d260d2e844b5519d,../treatment-repos/zauberzeug_nicegui,,1305,93,0,257,129,289,0,tests,98
treatment,zauberzeug/nicegui,2024-11,static_analysis_warnings,source_scope_difference_or_mixed,paper,25a633450d1223dcc8f1ad59d260d2e844b5519d,../treatment-repos/zauberzeug_nicegui,,1305,92,0,257,129,289,0,examples,151
treatment,zauberzeug/nicegui,2024-11,static_analysis_warnings,source_scope_difference_or_mixed,paper,25a633450d1223dcc8f1ad59d260d2e844b5519d,../treatment-repos/zauberzeug_nicegui,,1305,6,0,257,129,289,0,(root),33
treatment,zauberzeug/nicegui,2024-11,static_analysis_warnings,source_scope_difference_or_mixed,paper,25a633450d1223dcc8f1ad59d260d2e844b5519d,../treatment-repos/zauberzeug_nicegui,,1305,2,0,257,129,289,0,.github,11
treatment,zauberzeug/nicegui,2024-11,static_analysis_warnings,source_scope_difference_or_mixed,paper,25a633450d1223dcc8f1ad59d260d2e844b5519d,../treatment-repos/zauberzeug_nicegui,,1305,0,0,257,129,289,0,scripts,5
treatment,zauberzeug/nicegui,2024-11,static_analysis_warnings,source_scope_difference_or_mixed,paper,25a633450d1223dcc8f1ad59d260d2e844b5519d,../treatment-repos/zauberzeug_nicegui,,1305,0,0,257,129,289,0,.devcontainer,2
treatment,zauberzeug/nicegui,2024-11,static_analysis_warnings,source_scope_difference_or_mixed,paper,25a633450d1223dcc8f1ad59d260d2e844b5519d,../treatment-repos/zauberzeug_nicegui,,1305,0,0,257,129,289,0,.vscode,1
treatment,PostHog/posthog,2025-08,cognitive_complexity,source_scope_difference_or_mixed,paper,79cf381322842888a721905c09490e85f98a5a2a,../treatment-repos/PostHog_posthog,,12087,2791,0,3904,2058,119,1080,posthog,3054
treatment,PostHog/posthog,2025-08,cognitive_complexity,source_scope_difference_or_mixed,paper,79cf381322842888a721905c09490e85f98a5a2a,../treatment-repos/PostHog_posthog,,12087,461,0,3904,2058,119,1080,ee,535
treatment,PostHog/posthog,2025-08,cognitive_complexity,source_scope_difference_or_mixed,paper,79cf381322842888a721905c09490e85f98a5a2a,../treatment-repos/PostHog_posthog,,12087,271,0,3904,2058,119,1080,products,669
treatment,PostHog/posthog,2025-08,cognitive_complexity,source_scope_difference_or_mixed,paper,79cf381322842888a721905c09490e85f98a5a2a,../treatment-repos/PostHog_posthog,,12087,52,0,3904,2058,119,1080,dags,54
treatment,PostHog/posthog,2025-08,cognitive_complexity,source_scope_difference_or_mixed,paper,79cf381322842888a721905c09490e85f98a5a2a,../treatment-repos/PostHog_posthog,,12087,19,0,3904,2058,119,1080,common,244
treatment,PostHog/posthog,2025-08,cognitive_complexity,source_scope_difference_or_mixed,paper,79cf381322842888a721905c09490e85f98a5a2a,../treatment-repos/PostHog_posthog,,12087,6,0,3904,2058,119,1080,infra-scripts,9
treatment,PostHog/posthog,2025-08,cognitive_complexity,source_scope_difference_or_mixed,paper,79cf381322842888a721905c09490e85f98a5a2a,../treatment-repos/PostHog_posthog,,12087,5,0,3904,2058,119,1080,bin,52
treatment,PostHog/posthog,2025-08,cognitive_complexity,source_scope_difference_or_mixed,paper,79cf381322842888a721905c09490e85f98a5a2a,../treatment-repos/PostHog_posthog,,12087,2,0,3904,2058,119,1080,plugin-server,710
treatment,PostHog/posthog,2025-08,cognitive_complexity,source_scope_difference_or_mixed,paper,79cf381322842888a721905c09490e85f98a5a2a,../treatment-repos/PostHog_posthog,,12087,2,0,3904,2058,119,1080,(root),53
treatment,PostHog/posthog,2025-08,cognitive_complexity,source_scope_difference_or_mixed,paper,79cf381322842888a721905c09490e85f98a5a2a,../treatment-repos/PostHog_posthog,,12087,0,0,3904,2058,119,1080,frontend,5886
treatment,PostHog/posthog,2025-08,cognitive_complexity,source_scope_difference_or_mixed,paper,79cf381322842888a721905c09490e85f98a5a2a,../treatment-repos/PostHog_posthog,,12087,0,0,3904,2058,119,1080,rust,575
treatment,PostHog/posthog,2025-08,cognitive_complexity,source_scope_difference_or_mixed,paper,79cf381322842888a721905c09490e85f98a5a2a,../treatment-repos/PostHog_posthog,,12087,0,0,3904,2058,119,1080,.github,56
treatment,zauberzeug/nicegui,2025-05,code_smells,source_scope_difference_or_mixed,paper,947772d66c6d108a7d12fe65b8b76f6110f7d20e,../treatment-repos/zauberzeug_nicegui,,1241,353,0,256,133,305,0,nicegui,738
treatment,zauberzeug/nicegui,2025-05,code_smells,source_scope_difference_or_mixed,paper,947772d66c6d108a7d12fe65b8b76f6110f7d20e,../treatment-repos/zauberzeug_nicegui,,1241,143,0,256,133,305,0,website,185
treatment,zauberzeug/nicegui,2025-05,code_smells,source_scope_difference_or_mixed,paper,947772d66c6d108a7d12fe65b8b76f6110f7d20e,../treatment-repos/zauberzeug_nicegui,,1241,97,0,256,133,305,0,examples,161
treatment,zauberzeug/nicegui,2025-05,code_smells,source_scope_difference_or_mixed,paper,947772d66c6d108a7d12fe65b8b76f6110f7d20e,../treatment-repos/zauberzeug_nicegui,,1241,97,0,256,133,305,0,tests,102
treatment,zauberzeug/nicegui,2025-05,code_smells,source_scope_difference_or_mixed,paper,947772d66c6d108a7d12fe65b8b76f6110f7d20e,../treatment-repos/zauberzeug_nicegui,,1241,7,0,256,133,305,0,(root),35
treatment,zauberzeug/nicegui,2025-05,code_smells,source_scope_difference_or_mixed,paper,947772d66c6d108a7d12fe65b8b76f6110f7d20e,../treatment-repos/zauberzeug_nicegui,,1241,1,0,256,133,305,0,.github,10
treatment,zauberzeug/nicegui,2025-05,code_smells,source_scope_difference_or_mixed,paper,947772d66c6d108a7d12fe65b8b76f6110f7d20e,../treatment-repos/zauberzeug_nicegui,,1241,0,0,256,133,305,0,scripts,5
treatment,zauberzeug/nicegui,2025-05,code_smells,source_scope_difference_or_mixed,paper,947772d66c6d108a7d12fe65b8b76f6110f7d20e,../treatment-repos/zauberzeug_nicegui,,1241,0,0,256,133,305,0,.cursor,2
treatment,zauberzeug/nicegui,2025-05,code_smells,source_scope_difference_or_mixed,paper,947772d66c6d108a7d12fe65b8b76f6110f7d20e,../treatment-repos/zauberzeug_nicegui,,1241,0,0,256,133,305,0,.devcontainer,2
treatment,zauberzeug/nicegui,2025-05,code_smells,source_scope_difference_or_mixed,paper,947772d66c6d108a7d12fe65b8b76f6110f7d20e,../treatment-repos/zauberzeug_nicegui,,1241,0,0,256,133,305,0,.vscode,1
treatment,zauberzeug/nicegui,2025-08,code_smells,source_scope_difference_or_mixed,paper,47a9542199eda065b82bfefe2f159323621d3d38,../treatment-repos/zauberzeug_nicegui,,1263,361,0,259,138,307,0,nicegui,750
treatment,zauberzeug/nicegui,2025-08,code_smells,source_scope_difference_or_mixed,paper,47a9542199eda065b82bfefe2f159323621d3d38,../treatment-repos/zauberzeug_nicegui,,1263,146,0,259,138,307,0,website,189
treatment,zauberzeug/nicegui,2025-08,code_smells,source_scope_difference_or_mixed,paper,47a9542199eda065b82bfefe2f159323621d3d38,../treatment-repos/zauberzeug_nicegui,,1263,102,0,259,138,307,0,tests,107
treatment,zauberzeug/nicegui,2025-08,code_smells,source_scope_difference_or_mixed,paper,47a9542199eda065b82bfefe2f159323621d3d38,../treatment-repos/zauberzeug_nicegui,,1263,97,0,259,138,307,0,examples,160
treatment,zauberzeug/nicegui,2025-08,code_smells,source_scope_difference_or_mixed,paper,47a9542199eda065b82bfefe2f159323621d3d38,../treatment-repos/zauberzeug_nicegui,,1263,9,0,259,138,307,0,(root),37
treatment,zauberzeug/nicegui,2025-08,code_smells,source_scope_difference_or_mixed,paper,47a9542199eda065b82bfefe2f159323621d3d38,../treatment-repos/zauberzeug_nicegui,,1263,1,0,259,138,307,0,.github,10
treatment,zauberzeug/nicegui,2025-08,code_smells,source_scope_difference_or_mixed,paper,47a9542199eda065b82bfefe2f159323621d3d38,../treatment-repos/zauberzeug_nicegui,,1263,0,0,259,138,307,0,scripts,5
treatment,zauberzeug/nicegui,2025-08,code_smells,source_scope_difference_or_mixed,paper,47a9542199eda065b82bfefe2f159323621d3d38,../treatment-repos/zauberzeug_nicegui,,1263,0,0,259,138,307,0,.cursor,2
treatment,zauberzeug/nicegui,2025-08,code_smells,source_scope_difference_or_mixed,paper,47a9542199eda065b82bfefe2f159323621d3d38,../treatment-repos/zauberzeug_nicegui,,1263,0,0,259,138,307,0,.devcontainer,2
treatment,zauberzeug/nicegui,2025-08,code_smells,source_scope_difference_or_mixed,paper,47a9542199eda065b82bfefe2f159323621d3d38,../treatment-repos/zauberzeug_nicegui,,1263,0,0,259,138,307,0,.vscode,1
treatment,zauberzeug/nicegui,2025-07,code_smells,source_scope_difference_or_mixed,paper,30a70325d55e110b87a6279664e6b7987ceb2067,../treatment-repos/zauberzeug_nicegui,,1261,361,0,258,138,305,0,nicegui,749
treatment,zauberzeug/nicegui,2025-07,code_smells,source_scope_difference_or_mixed,paper,30a70325d55e110b87a6279664e6b7987ceb2067,../treatment-repos/zauberzeug_nicegui,,1261,147,0,258,138,305,0,website,190
treatment,zauberzeug/nicegui,2025-07,code_smells,source_scope_difference_or_mixed,paper,30a70325d55e110b87a6279664e6b7987ceb2067,../treatment-repos/zauberzeug_nicegui,,1261,102,0,258,138,305,0,tests,107
treatment,zauberzeug/nicegui,2025-07,code_smells,source_scope_difference_or_mixed,paper,30a70325d55e110b87a6279664e6b7987ceb2067,../treatment-repos/zauberzeug_nicegui,,1261,96,0,258,138,305,0,examples,158
treatment,zauberzeug/nicegui,2025-07,code_smells,source_scope_difference_or_mixed,paper,30a70325d55e110b87a6279664e6b7987ceb2067,../treatment-repos/zauberzeug_nicegui,,1261,8,0,258,138,305,0,(root),37
treatment,zauberzeug/nicegui,2025-07,code_smells,source_scope_difference_or_mixed,paper,30a70325d55e110b87a6279664e6b7987ceb2067,../treatment-repos/zauberzeug_nicegui,,1261,1,0,258,138,305,0,.github,10
treatment,zauberzeug/nicegui,2025-07,code_smells,source_scope_difference_or_mixed,paper,30a70325d55e110b87a6279664e6b7987ceb2067,../treatment-repos/zauberzeug_nicegui,,1261,0,0,258,138,305,0,scripts,5
treatment,zauberzeug/nicegui,2025-07,code_smells,source_scope_difference_or_mixed,paper,30a70325d55e110b87a6279664e6b7987ceb2067,../treatment-repos/zauberzeug_nicegui,,1261,0,0,258,138,305,0,.cursor,2
treatment,zauberzeug/nicegui,2025-07,code_smells,source_scope_difference_or_mixed,paper,30a70325d55e110b87a6279664e6b7987ceb2067,../treatment-repos/zauberzeug_nicegui,,1261,0,0,258,138,305,0,.devcontainer,2
treatment,zauberzeug/nicegui,2025-07,code_smells,source_scope_difference_or_mixed,paper,30a70325d55e110b87a6279664e6b7987ceb2067,../treatment-repos/zauberzeug_nicegui,,1261,0,0,258,138,305,0,.vscode,1
treatment,zauberzeug/nicegui,2025-06,code_smells,source_scope_difference_or_mixed,paper,b3ea0df4e3b73a6e9e8f8fa57b8c052deb8f3694,../treatment-repos/zauberzeug_nicegui,,1244,353,0,256,134,305,0,nicegui,738
treatment,zauberzeug/nicegui,2025-06,code_smells,source_scope_difference_or_mixed,paper,b3ea0df4e3b73a6e9e8f8fa57b8c052deb8f3694,../treatment-repos/zauberzeug_nicegui,,1244,143,0,256,134,305,0,website,185
treatment,zauberzeug/nicegui,2025-06,code_smells,source_scope_difference_or_mixed,paper,b3ea0df4e3b73a6e9e8f8fa57b8c052deb8f3694,../treatment-repos/zauberzeug_nicegui,,1244,98,0,256,134,305,0,tests,103
treatment,zauberzeug/nicegui,2025-06,code_smells,source_scope_difference_or_mixed,paper,b3ea0df4e3b73a6e9e8f8fa57b8c052deb8f3694,../treatment-repos/zauberzeug_nicegui,,1244,97,0,256,134,305,0,examples,161
treatment,zauberzeug/nicegui,2025-06,code_smells,source_scope_difference_or_mixed,paper,b3ea0df4e3b73a6e9e8f8fa57b8c052deb8f3694,../treatment-repos/zauberzeug_nicegui,,1244,8,0,256,134,305,0,(root),37
treatment,zauberzeug/nicegui,2025-06,code_smells,source_scope_difference_or_mixed,paper,b3ea0df4e3b73a6e9e8f8fa57b8c052deb8f3694,../treatment-repos/zauberzeug_nicegui,,1244,1,0,256,134,305,0,.github,10
treatment,zauberzeug/nicegui,2025-06,code_smells,source_scope_difference_or_mixed,paper,b3ea0df4e3b73a6e9e8f8fa57b8c052deb8f3694,../treatment-repos/zauberzeug_nicegui,,1244,0,0,256,134,305,0,scripts,5
treatment,zauberzeug/nicegui,2025-06,code_smells,source_scope_difference_or_mixed,paper,b3ea0df4e3b73a6e9e8f8fa57b8c052deb8f3694,../treatment-repos/zauberzeug_nicegui,,1244,0,0,256,134,305,0,.cursor,2
treatment,zauberzeug/nicegui,2025-06,code_smells,source_scope_difference_or_mixed,paper,b3ea0df4e3b73a6e9e8f8fa57b8c052deb8f3694,../treatment-repos/zauberzeug_nicegui,,1244,0,0,256,134,305,0,.devcontainer,2
treatment,zauberzeug/nicegui,2025-06,code_smells,source_scope_difference_or_mixed,paper,b3ea0df4e3b73a6e9e8f8fa57b8c052deb8f3694,../treatment-repos/zauberzeug_nicegui,,1244,0,0,256,134,305,0,.vscode,1
treatment,zauberzeug/nicegui,2025-04,bugs,source_scope_difference_or_mixed,paper,2b8b1a696992e64578f2e4c5fc285e90b60b87a6,../treatment-repos/zauberzeug_nicegui,,1238,353,0,256,133,303,0,nicegui,738
treatment,zauberzeug/nicegui,2025-04,bugs,source_scope_difference_or_mixed,paper,2b8b1a696992e64578f2e4c5fc285e90b60b87a6,../treatment-repos/zauberzeug_nicegui,,1238,140,0,256,133,303,0,website,182
treatment,zauberzeug/nicegui,2025-04,bugs,source_scope_difference_or_mixed,paper,2b8b1a696992e64578f2e4c5fc285e90b60b87a6,../treatment-repos/zauberzeug_nicegui,,1238,97,0,256,133,303,0,examples,161
treatment,zauberzeug/nicegui,2025-04,bugs,source_scope_difference_or_mixed,paper,2b8b1a696992e64578f2e4c5fc285e90b60b87a6,../treatment-repos/zauberzeug_nicegui,,1238,97,0,256,133,303,0,tests,102
treatment,zauberzeug/nicegui,2025-04,bugs,source_scope_difference_or_mixed,paper,2b8b1a696992e64578f2e4c5fc285e90b60b87a6,../treatment-repos/zauberzeug_nicegui,,1238,8,0,256,133,303,0,(root),36
treatment,zauberzeug/nicegui,2025-04,bugs,source_scope_difference_or_mixed,paper,2b8b1a696992e64578f2e4c5fc285e90b60b87a6,../treatment-repos/zauberzeug_nicegui,,1238,1,0,256,133,303,0,.github,9
treatment,zauberzeug/nicegui,2025-04,bugs,source_scope_difference_or_mixed,paper,2b8b1a696992e64578f2e4c5fc285e90b60b87a6,../treatment-repos/zauberzeug_nicegui,,1238,0,0,256,133,303,0,scripts,5
treatment,zauberzeug/nicegui,2025-04,bugs,source_scope_difference_or_mixed,paper,2b8b1a696992e64578f2e4c5fc285e90b60b87a6,../treatment-repos/zauberzeug_nicegui,,1238,0,0,256,133,303,0,.cursor,2
treatment,zauberzeug/nicegui,2025-04,bugs,source_scope_difference_or_mixed,paper,2b8b1a696992e64578f2e4c5fc285e90b60b87a6,../treatment-repos/zauberzeug_nicegui,,1238,0,0,256,133,303,0,.devcontainer,2
treatment,zauberzeug/nicegui,2025-04,bugs,source_scope_difference_or_mixed,paper,2b8b1a696992e64578f2e4c5fc285e90b60b87a6,../treatment-repos/zauberzeug_nicegui,,1238,0,0,256,133,303,0,.vscode,1
treatment,PostHog/posthog,2025-07,cognitive_complexity,commit_selection_difference,paper,0208352822068d8747214c905d729dff4ebe49f1,../treatment-repos/PostHog_posthog,,11645,2680,0,3757,1929,115,1041,posthog,2936
treatment,PostHog/posthog,2025-07,cognitive_complexity,commit_selection_difference,paper,0208352822068d8747214c905d729dff4ebe49f1,../treatment-repos/PostHog_posthog,,11645,423,0,3757,1929,115,1041,ee,496
treatment,PostHog/posthog,2025-07,cognitive_complexity,commit_selection_difference,paper,0208352822068d8747214c905d729dff4ebe49f1,../treatment-repos/PostHog_posthog,,11645,210,0,3757,1929,115,1041,products,544
treatment,PostHog/posthog,2025-07,cognitive_complexity,commit_selection_difference,paper,0208352822068d8747214c905d729dff4ebe49f1,../treatment-repos/PostHog_posthog,,11645,42,0,3757,1929,115,1041,dags,44
treatment,PostHog/posthog,2025-07,cognitive_complexity,commit_selection_difference,paper,0208352822068d8747214c905d729dff4ebe49f1,../treatment-repos/PostHog_posthog,,11645,17,0,3757,1929,115,1041,common,242
treatment,PostHog/posthog,2025-07,cognitive_complexity,commit_selection_difference,paper,0208352822068d8747214c905d729dff4ebe49f1,../treatment-repos/PostHog_posthog,,11645,6,0,3757,1929,115,1041,infra-scripts,9
treatment,PostHog/posthog,2025-07,cognitive_complexity,commit_selection_difference,paper,0208352822068d8747214c905d729dff4ebe49f1,../treatment-repos/PostHog_posthog,,11645,5,0,3757,1929,115,1041,bin,47
treatment,PostHog/posthog,2025-07,cognitive_complexity,commit_selection_difference,paper,0208352822068d8747214c905d729dff4ebe49f1,../treatment-repos/PostHog_posthog,,11645,2,0,3757,1929,115,1041,plugin-server,665
treatment,PostHog/posthog,2025-07,cognitive_complexity,commit_selection_difference,paper,0208352822068d8747214c905d729dff4ebe49f1,../treatment-repos/PostHog_posthog,,11645,2,0,3757,1929,115,1041,(root),51
treatment,PostHog/posthog,2025-07,cognitive_complexity,commit_selection_difference,paper,0208352822068d8747214c905d729dff4ebe49f1,../treatment-repos/PostHog_posthog,,11645,1,0,3757,1929,115,1041,cypress,78
treatment,PostHog/posthog,2025-07,cognitive_complexity,commit_selection_difference,paper,0208352822068d8747214c905d729dff4ebe49f1,../treatment-repos/PostHog_posthog,,11645,0,0,3757,1929,115,1041,frontend,5763
treatment,PostHog/posthog,2025-07,cognitive_complexity,commit_selection_difference,paper,0208352822068d8747214c905d729dff4ebe49f1,../treatment-repos/PostHog_posthog,,11645,0,0,3757,1929,115,1041,rust,536
treatment,PostHog/posthog,2025-07,cognitive_complexity,commit_selection_difference,our,8e13bf3cbfe9684eb907f7ddf706aa9fae2099e0,../treatment-repos/PostHog_posthog,,11645,2680,0,3757,1929,115,1041,posthog,2936
treatment,PostHog/posthog,2025-07,cognitive_complexity,commit_selection_difference,our,8e13bf3cbfe9684eb907f7ddf706aa9fae2099e0,../treatment-repos/PostHog_posthog,,11645,423,0,3757,1929,115,1041,ee,496
treatment,PostHog/posthog,2025-07,cognitive_complexity,commit_selection_difference,our,8e13bf3cbfe9684eb907f7ddf706aa9fae2099e0,../treatment-repos/PostHog_posthog,,11645,210,0,3757,1929,115,1041,products,544
treatment,PostHog/posthog,2025-07,cognitive_complexity,commit_selection_difference,our,8e13bf3cbfe9684eb907f7ddf706aa9fae2099e0,../treatment-repos/PostHog_posthog,,11645,42,0,3757,1929,115,1041,dags,44
treatment,PostHog/posthog,2025-07,cognitive_complexity,commit_selection_difference,our,8e13bf3cbfe9684eb907f7ddf706aa9fae2099e0,../treatment-repos/PostHog_posthog,,11645,17,0,3757,1929,115,1041,common,242
treatment,PostHog/posthog,2025-07,cognitive_complexity,commit_selection_difference,our,8e13bf3cbfe9684eb907f7ddf706aa9fae2099e0,../treatment-repos/PostHog_posthog,,11645,6,0,3757,1929,115,1041,infra-scripts,9
treatment,PostHog/posthog,2025-07,cognitive_complexity,commit_selection_difference,our,8e13bf3cbfe9684eb907f7ddf706aa9fae2099e0,../treatment-repos/PostHog_posthog,,11645,5,0,3757,1929,115,1041,bin,47
treatment,PostHog/posthog,2025-07,cognitive_complexity,commit_selection_difference,our,8e13bf3cbfe9684eb907f7ddf706aa9fae2099e0,../treatment-repos/PostHog_posthog,,11645,2,0,3757,1929,115,1041,plugin-server,665
treatment,PostHog/posthog,2025-07,cognitive_complexity,commit_selection_difference,our,8e13bf3cbfe9684eb907f7ddf706aa9fae2099e0,../treatment-repos/PostHog_posthog,,11645,2,0,3757,1929,115,1041,(root),51
treatment,PostHog/posthog,2025-07,cognitive_complexity,commit_selection_difference,our,8e13bf3cbfe9684eb907f7ddf706aa9fae2099e0,../treatment-repos/PostHog_posthog,,11645,1,0,3757,1929,115,1041,cypress,78
treatment,PostHog/posthog,2025-07,cognitive_complexity,commit_selection_difference,our,8e13bf3cbfe9684eb907f7ddf706aa9fae2099e0,../treatment-repos/PostHog_posthog,,11645,0,0,3757,1929,115,1041,frontend,5763
treatment,PostHog/posthog,2025-07,cognitive_complexity,commit_selection_difference,our,8e13bf3cbfe9684eb907f7ddf706aa9fae2099e0,../treatment-repos/PostHog_posthog,,11645,0,0,3757,1929,115,1041,rust,536
control,ysj9909/SHViT,2024-04,technical_debt,rule_config_analyzer_profile_signal,paper,fee7ce4258e81baf9e929e90f26168d632d186a7,../control-repos/ysj9909_SHViT,,72,45,0,0,3,0,3,downstream,51
control,ysj9909/SHViT,2024-04,technical_debt,rule_config_analyzer_profile_signal,paper,fee7ce4258e81baf9e929e90f26168d632d186a7,../control-repos/ysj9909_SHViT,,72,6,0,0,3,0,3,(root),10
control,ysj9909/SHViT,2024-04,technical_debt,rule_config_analyzer_profile_signal,paper,fee7ce4258e81baf9e929e90f26168d632d186a7,../control-repos/ysj9909_SHViT,,72,4,0,0,3,0,3,data,8
control,ysj9909/SHViT,2024-04,technical_debt,rule_config_analyzer_profile_signal,paper,fee7ce4258e81baf9e929e90f26168d632d186a7,../control-repos/ysj9909_SHViT,,72,3,0,0,3,0,3,model,3
control,ysj9909/SHViT,2024-05,technical_debt,rule_config_analyzer_profile_signal,paper,20819cb8f624e183b1fa2ce941ed18ab8037b07d,../control-repos/ysj9909_SHViT,,73,45,0,0,3,0,3,downstream,52
control,ysj9909/SHViT,2024-05,technical_debt,rule_config_analyzer_profile_signal,paper,20819cb8f624e183b1fa2ce941ed18ab8037b07d,../control-repos/ysj9909_SHViT,,73,6,0,0,3,0,3,(root),10
control,ysj9909/SHViT,2024-05,technical_debt,rule_config_analyzer_profile_signal,paper,20819cb8f624e183b1fa2ce941ed18ab8037b07d,../control-repos/ysj9909_SHViT,,73,4,0,0,3,0,3,data,8
control,ysj9909/SHViT,2024-05,technical_debt,rule_config_analyzer_profile_signal,paper,20819cb8f624e183b1fa2ce941ed18ab8037b07d,../control-repos/ysj9909_SHViT,,73,3,0,0,3,0,3,model,3
control,ysj9909/SHViT,2024-06,technical_debt,rule_config_analyzer_profile_signal,paper,6a729ccf18e0b941714b529638bd3d9bacebcef0,../control-repos/ysj9909_SHViT,,69,45,0,0,3,0,3,downstream,48
control,ysj9909/SHViT,2024-06,technical_debt,rule_config_analyzer_profile_signal,paper,6a729ccf18e0b941714b529638bd3d9bacebcef0,../control-repos/ysj9909_SHViT,,69,6,0,0,3,0,3,(root),10
control,ysj9909/SHViT,2024-06,technical_debt,rule_config_analyzer_profile_signal,paper,6a729ccf18e0b941714b529638bd3d9bacebcef0,../control-repos/ysj9909_SHViT,,69,4,0,0,3,0,3,data,8
control,ysj9909/SHViT,2024-06,technical_debt,rule_config_analyzer_profile_signal,paper,6a729ccf18e0b941714b529638bd3d9bacebcef0,../control-repos/ysj9909_SHViT,,69,3,0,0,3,0,3,model,3
treatment,whiteducksoftware/flock,2025-06,ncloc,commit_selection_difference,paper,1e82eb29281c426f81723a19f28c2b8302cf75ce,../treatment-repos/whiteducksoftware_flock,,667,180,0,0,18,64,2,src,564
treatment,whiteducksoftware/flock,2025-06,ncloc,commit_selection_difference,paper,1e82eb29281c426f81723a19f28c2b8302cf75ce,../treatment-repos/whiteducksoftware_flock,,667,15,0,0,18,64,2,tests,15
treatment,whiteducksoftware/flock,2025-06,ncloc,commit_selection_difference,paper,1e82eb29281c426f81723a19f28c2b8302cf75ce,../treatment-repos/whiteducksoftware_flock,,667,3,0,0,18,64,2,scripts,3
treatment,whiteducksoftware/flock,2025-06,ncloc,commit_selection_difference,paper,1e82eb29281c426f81723a19f28c2b8302cf75ce,../treatment-repos/whiteducksoftware_flock,,667,1,0,0,18,64,2,docs,57
treatment,whiteducksoftware/flock,2025-06,ncloc,commit_selection_difference,paper,1e82eb29281c426f81723a19f28c2b8302cf75ce,../treatment-repos/whiteducksoftware_flock,,667,1,0,0,18,64,2,(root),15
treatment,whiteducksoftware/flock,2025-06,ncloc,commit_selection_difference,paper,1e82eb29281c426f81723a19f28c2b8302cf75ce,../treatment-repos/whiteducksoftware_flock,,667,0,0,0,18,64,2,.github,9
treatment,whiteducksoftware/flock,2025-06,ncloc,commit_selection_difference,paper,1e82eb29281c426f81723a19f28c2b8302cf75ce,../treatment-repos/whiteducksoftware_flock,,667,0,0,0,18,64,2,.vscode,3
treatment,whiteducksoftware/flock,2025-06,ncloc,commit_selection_difference,paper,1e82eb29281c426f81723a19f28c2b8302cf75ce,../treatment-repos/whiteducksoftware_flock,,667,0,0,0,18,64,2,.devcontainer,1
treatment,whiteducksoftware/flock,2025-06,ncloc,commit_selection_difference,our,db5e65e61bdb943cae439f796be085c5a8218a3c,../treatment-repos/whiteducksoftware_flock,,712,168,0,0,26,68,2,src,551
treatment,whiteducksoftware/flock,2025-06,ncloc,commit_selection_difference,our,db5e65e61bdb943cae439f796be085c5a8218a3c,../treatment-repos/whiteducksoftware_flock,,712,44,0,0,26,68,2,legacy,45
treatment,whiteducksoftware/flock,2025-06,ncloc,commit_selection_difference,our,db5e65e61bdb943cae439f796be085c5a8218a3c,../treatment-repos/whiteducksoftware_flock,,712,24,0,0,26,68,2,tests,24
treatment,whiteducksoftware/flock,2025-06,ncloc,commit_selection_difference,our,db5e65e61bdb943cae439f796be085c5a8218a3c,../treatment-repos/whiteducksoftware_flock,,712,3,0,0,26,68,2,scripts,3
treatment,whiteducksoftware/flock,2025-06,ncloc,commit_selection_difference,our,db5e65e61bdb943cae439f796be085c5a8218a3c,../treatment-repos/whiteducksoftware_flock,,712,1,0,0,26,68,2,docs,61
treatment,whiteducksoftware/flock,2025-06,ncloc,commit_selection_difference,our,db5e65e61bdb943cae439f796be085c5a8218a3c,../treatment-repos/whiteducksoftware_flock,,712,0,0,0,26,68,2,(root),15
treatment,whiteducksoftware/flock,2025-06,ncloc,commit_selection_difference,our,db5e65e61bdb943cae439f796be085c5a8218a3c,../treatment-repos/whiteducksoftware_flock,,712,0,0,0,26,68,2,.github,9
treatment,whiteducksoftware/flock,2025-06,ncloc,commit_selection_difference,our,db5e65e61bdb943cae439f796be085c5a8218a3c,../treatment-repos/whiteducksoftware_flock,,712,0,0,0,26,68,2,.vscode,3
treatment,whiteducksoftware/flock,2025-06,ncloc,commit_selection_difference,our,db5e65e61bdb943cae439f796be085c5a8218a3c,../treatment-repos/whiteducksoftware_flock,,712,0,0,0,26,68,2,.devcontainer,1
treatment,whiteducksoftware/flock,2025-05,ncloc,commit_selection_difference,paper,8e542bb4c8252648f6a7705a46124a8e76a4e19c,../treatment-repos/whiteducksoftware_flock,,667,180,0,0,18,64,2,src,564
treatment,whiteducksoftware/flock,2025-05,ncloc,commit_selection_difference,paper,8e542bb4c8252648f6a7705a46124a8e76a4e19c,../treatment-repos/whiteducksoftware_flock,,667,15,0,0,18,64,2,tests,15
treatment,whiteducksoftware/flock,2025-05,ncloc,commit_selection_difference,paper,8e542bb4c8252648f6a7705a46124a8e76a4e19c,../treatment-repos/whiteducksoftware_flock,,667,3,0,0,18,64,2,scripts,3
treatment,whiteducksoftware/flock,2025-05,ncloc,commit_selection_difference,paper,8e542bb4c8252648f6a7705a46124a8e76a4e19c,../treatment-repos/whiteducksoftware_flock,,667,1,0,0,18,64,2,docs,57
treatment,whiteducksoftware/flock,2025-05,ncloc,commit_selection_difference,paper,8e542bb4c8252648f6a7705a46124a8e76a4e19c,../treatment-repos/whiteducksoftware_flock,,667,1,0,0,18,64,2,(root),15
treatment,whiteducksoftware/flock,2025-05,ncloc,commit_selection_difference,paper,8e542bb4c8252648f6a7705a46124a8e76a4e19c,../treatment-repos/whiteducksoftware_flock,,667,0,0,0,18,64,2,.github,9
treatment,whiteducksoftware/flock,2025-05,ncloc,commit_selection_difference,paper,8e542bb4c8252648f6a7705a46124a8e76a4e19c,../treatment-repos/whiteducksoftware_flock,,667,0,0,0,18,64,2,.vscode,3
treatment,whiteducksoftware/flock,2025-05,ncloc,commit_selection_difference,paper,8e542bb4c8252648f6a7705a46124a8e76a4e19c,../treatment-repos/whiteducksoftware_flock,,667,0,0,0,18,64,2,.devcontainer,1
treatment,whiteducksoftware/flock,2025-05,ncloc,commit_selection_difference,our,c60e12a13b66d7f9b7c92f42c2681e331c8ed31d,../treatment-repos/whiteducksoftware_flock,,712,168,0,0,26,68,2,src,551
treatment,whiteducksoftware/flock,2025-05,ncloc,commit_selection_difference,our,c60e12a13b66d7f9b7c92f42c2681e331c8ed31d,../treatment-repos/whiteducksoftware_flock,,712,44,0,0,26,68,2,legacy,45
treatment,whiteducksoftware/flock,2025-05,ncloc,commit_selection_difference,our,c60e12a13b66d7f9b7c92f42c2681e331c8ed31d,../treatment-repos/whiteducksoftware_flock,,712,24,0,0,26,68,2,tests,24
treatment,whiteducksoftware/flock,2025-05,ncloc,commit_selection_difference,our,c60e12a13b66d7f9b7c92f42c2681e331c8ed31d,../treatment-repos/whiteducksoftware_flock,,712,3,0,0,26,68,2,scripts,3
treatment,whiteducksoftware/flock,2025-05,ncloc,commit_selection_difference,our,c60e12a13b66d7f9b7c92f42c2681e331c8ed31d,../treatment-repos/whiteducksoftware_flock,,712,1,0,0,26,68,2,docs,61
treatment,whiteducksoftware/flock,2025-05,ncloc,commit_selection_difference,our,c60e12a13b66d7f9b7c92f42c2681e331c8ed31d,../treatment-repos/whiteducksoftware_flock,,712,0,0,0,26,68,2,(root),15
treatment,whiteducksoftware/flock,2025-05,ncloc,commit_selection_difference,our,c60e12a13b66d7f9b7c92f42c2681e331c8ed31d,../treatment-repos/whiteducksoftware_flock,,712,0,0,0,26,68,2,.github,9
treatment,whiteducksoftware/flock,2025-05,ncloc,commit_selection_difference,our,c60e12a13b66d7f9b7c92f42c2681e331c8ed31d,../treatment-repos/whiteducksoftware_flock,,712,0,0,0,26,68,2,.vscode,3
treatment,whiteducksoftware/flock,2025-05,ncloc,commit_selection_difference,our,c60e12a13b66d7f9b7c92f42c2681e331c8ed31d,../treatment-repos/whiteducksoftware_flock,,712,0,0,0,26,68,2,.devcontainer,1
treatment,PostHog/posthog,2025-06,cognitive_complexity,source_scope_difference_or_mixed,paper,bf87ddcb0e02027bb8c1e7a1aa2e03f0c4312e90,../treatment-repos/PostHog_posthog,,11026,2583,0,3570,1793,111,995,posthog,2823
treatment,PostHog/posthog,2025-06,cognitive_complexity,source_scope_difference_or_mixed,paper,bf87ddcb0e02027bb8c1e7a1aa2e03f0c4312e90,../treatment-repos/PostHog_posthog,,11026,374,0,3570,1793,111,995,ee,440
treatment,PostHog/posthog,2025-06,cognitive_complexity,source_scope_difference_or_mixed,paper,bf87ddcb0e02027bb8c1e7a1aa2e03f0c4312e90,../treatment-repos/PostHog_posthog,,11026,126,0,3570,1793,111,995,products,423
treatment,PostHog/posthog,2025-06,cognitive_complexity,source_scope_difference_or_mixed,paper,bf87ddcb0e02027bb8c1e7a1aa2e03f0c4312e90,../treatment-repos/PostHog_posthog,,11026,32,0,3570,1793,111,995,dags,34
treatment,PostHog/posthog,2025-06,cognitive_complexity,source_scope_difference_or_mixed,paper,bf87ddcb0e02027bb8c1e7a1aa2e03f0c4312e90,../treatment-repos/PostHog_posthog,,11026,17,0,3570,1793,111,995,common,237
treatment,PostHog/posthog,2025-06,cognitive_complexity,source_scope_difference_or_mixed,paper,bf87ddcb0e02027bb8c1e7a1aa2e03f0c4312e90,../treatment-repos/PostHog_posthog,,11026,6,0,3570,1793,111,995,infra-scripts,9
treatment,PostHog/posthog,2025-06,cognitive_complexity,source_scope_difference_or_mixed,paper,bf87ddcb0e02027bb8c1e7a1aa2e03f0c4312e90,../treatment-repos/PostHog_posthog,,11026,5,0,3570,1793,111,995,bin,44
treatment,PostHog/posthog,2025-06,cognitive_complexity,source_scope_difference_or_mixed,paper,bf87ddcb0e02027bb8c1e7a1aa2e03f0c4312e90,../treatment-repos/PostHog_posthog,,11026,2,0,3570,1793,111,995,plugin-server,617
treatment,PostHog/posthog,2025-06,cognitive_complexity,source_scope_difference_or_mixed,paper,bf87ddcb0e02027bb8c1e7a1aa2e03f0c4312e90,../treatment-repos/PostHog_posthog,,11026,2,0,3570,1793,111,995,(root),52
treatment,PostHog/posthog,2025-06,cognitive_complexity,source_scope_difference_or_mixed,paper,bf87ddcb0e02027bb8c1e7a1aa2e03f0c4312e90,../treatment-repos/PostHog_posthog,,11026,1,0,3570,1793,111,995,cypress,78
treatment,PostHog/posthog,2025-06,cognitive_complexity,source_scope_difference_or_mixed,paper,bf87ddcb0e02027bb8c1e7a1aa2e03f0c4312e90,../treatment-repos/PostHog_posthog,,11026,0,0,3570,1793,111,995,frontend,5499
treatment,PostHog/posthog,2025-06,cognitive_complexity,source_scope_difference_or_mixed,paper,bf87ddcb0e02027bb8c1e7a1aa2e03f0c4312e90,../treatment-repos/PostHog_posthog,,11026,0,0,3570,1793,111,995,rust,540
control,zhipeixu/FakeShield,2025-02,technical_debt,rule_config_analyzer_profile_signal,paper,b807b92ac958678bb278e741864ba4b821fb73c1,../control-repos/zhipeixu_FakeShield,,1119,368,0,1,14,2,35,MFLM,977
control,zhipeixu/FakeShield,2025-02,technical_debt,rule_config_analyzer_profile_signal,paper,b807b92ac958678bb278e741864ba4b821fb73c1,../control-repos/zhipeixu_FakeShield,,1119,50,0,1,14,2,35,DTE-FDM,100
control,zhipeixu/FakeShield,2025-02,technical_debt,rule_config_analyzer_profile_signal,paper,b807b92ac958678bb278e741864ba4b821fb73c1,../control-repos/zhipeixu_FakeShield,,1119,11,0,1,14,2,35,scripts,25
control,zhipeixu/FakeShield,2025-02,technical_debt,rule_config_analyzer_profile_signal,paper,b807b92ac958678bb278e741864ba4b821fb73c1,../control-repos/zhipeixu_FakeShield,,1119,1,0,1,14,2,35,playground,6
control,zhipeixu/FakeShield,2025-02,technical_debt,rule_config_analyzer_profile_signal,paper,b807b92ac958678bb278e741864ba4b821fb73c1,../control-repos/zhipeixu_FakeShield,,1119,0,0,1,14,2,35,assets,7
control,zhipeixu/FakeShield,2025-02,technical_debt,rule_config_analyzer_profile_signal,paper,b807b92ac958678bb278e741864ba4b821fb73c1,../control-repos/zhipeixu_FakeShield,,1119,0,0,1,14,2,35,(root),3
control,zhipeixu/FakeShield,2025-02,technical_debt,rule_config_analyzer_profile_signal,paper,b807b92ac958678bb278e741864ba4b821fb73c1,../control-repos/zhipeixu_FakeShield,,1119,0,0,1,14,2,35,weight,1
control,zhipeixu/FakeShield,2025-04,technical_debt,rule_config_analyzer_profile_signal,paper,2910fb826ea20e11c2c2553c36984630216c0bab,../control-repos/zhipeixu_FakeShield,,1119,368,0,1,14,2,35,MFLM,977
control,zhipeixu/FakeShield,2025-04,technical_debt,rule_config_analyzer_profile_signal,paper,2910fb826ea20e11c2c2553c36984630216c0bab,../control-repos/zhipeixu_FakeShield,,1119,50,0,1,14,2,35,DTE-FDM,100
control,zhipeixu/FakeShield,2025-04,technical_debt,rule_config_analyzer_profile_signal,paper,2910fb826ea20e11c2c2553c36984630216c0bab,../control-repos/zhipeixu_FakeShield,,1119,11,0,1,14,2,35,scripts,25
control,zhipeixu/FakeShield,2025-04,technical_debt,rule_config_analyzer_profile_signal,paper,2910fb826ea20e11c2c2553c36984630216c0bab,../control-repos/zhipeixu_FakeShield,,1119,1,0,1,14,2,35,playground,6
control,zhipeixu/FakeShield,2025-04,technical_debt,rule_config_analyzer_profile_signal,paper,2910fb826ea20e11c2c2553c36984630216c0bab,../control-repos/zhipeixu_FakeShield,,1119,0,0,1,14,2,35,assets,7
control,zhipeixu/FakeShield,2025-04,technical_debt,rule_config_analyzer_profile_signal,paper,2910fb826ea20e11c2c2553c36984630216c0bab,../control-repos/zhipeixu_FakeShield,,1119,0,0,1,14,2,35,(root),3
control,zhipeixu/FakeShield,2025-04,technical_debt,rule_config_analyzer_profile_signal,paper,2910fb826ea20e11c2c2553c36984630216c0bab,../control-repos/zhipeixu_FakeShield,,1119,0,0,1,14,2,35,weight,1
control,zhipeixu/FakeShield,2025-06,technical_debt,rule_config_analyzer_profile_signal,paper,346cb6c74c9a426c1c00d98b13e5f417161a94c1,../control-repos/zhipeixu_FakeShield,,1119,368,0,1,14,2,35,MFLM,977
control,zhipeixu/FakeShield,2025-06,technical_debt,rule_config_analyzer_profile_signal,paper,346cb6c74c9a426c1c00d98b13e5f417161a94c1,../control-repos/zhipeixu_FakeShield,,1119,50,0,1,14,2,35,DTE-FDM,100
control,zhipeixu/FakeShield,2025-06,technical_debt,rule_config_analyzer_profile_signal,paper,346cb6c74c9a426c1c00d98b13e5f417161a94c1,../control-repos/zhipeixu_FakeShield,,1119,11,0,1,14,2,35,scripts,25
control,zhipeixu/FakeShield,2025-06,technical_debt,rule_config_analyzer_profile_signal,paper,346cb6c74c9a426c1c00d98b13e5f417161a94c1,../control-repos/zhipeixu_FakeShield,,1119,1,0,1,14,2,35,playground,6
control,zhipeixu/FakeShield,2025-06,technical_debt,rule_config_analyzer_profile_signal,paper,346cb6c74c9a426c1c00d98b13e5f417161a94c1,../control-repos/zhipeixu_FakeShield,,1119,0,0,1,14,2,35,assets,7
control,zhipeixu/FakeShield,2025-06,technical_debt,rule_config_analyzer_profile_signal,paper,346cb6c74c9a426c1c00d98b13e5f417161a94c1,../control-repos/zhipeixu_FakeShield,,1119,0,0,1,14,2,35,(root),3
control,zhipeixu/FakeShield,2025-06,technical_debt,rule_config_analyzer_profile_signal,paper,346cb6c74c9a426c1c00d98b13e5f417161a94c1,../control-repos/zhipeixu_FakeShield,,1119,0,0,1,14,2,35,weight,1
control,zhipeixu/FakeShield,2025-05,technical_debt,rule_config_analyzer_profile_signal,paper,c34dab9b8df3dc77d2632344eb0d0af387d0658f,../control-repos/zhipeixu_FakeShield,,1119,368,0,1,14,2,35,MFLM,977
control,zhipeixu/FakeShield,2025-05,technical_debt,rule_config_analyzer_profile_signal,paper,c34dab9b8df3dc77d2632344eb0d0af387d0658f,../control-repos/zhipeixu_FakeShield,,1119,50,0,1,14,2,35,DTE-FDM,100
control,zhipeixu/FakeShield,2025-05,technical_debt,rule_config_analyzer_profile_signal,paper,c34dab9b8df3dc77d2632344eb0d0af387d0658f,../control-repos/zhipeixu_FakeShield,,1119,11,0,1,14,2,35,scripts,25
control,zhipeixu/FakeShield,2025-05,technical_debt,rule_config_analyzer_profile_signal,paper,c34dab9b8df3dc77d2632344eb0d0af387d0658f,../control-repos/zhipeixu_FakeShield,,1119,1,0,1,14,2,35,playground,6
control,zhipeixu/FakeShield,2025-05,technical_debt,rule_config_analyzer_profile_signal,paper,c34dab9b8df3dc77d2632344eb0d0af387d0658f,../control-repos/zhipeixu_FakeShield,,1119,0,0,1,14,2,35,assets,7
control,zhipeixu/FakeShield,2025-05,technical_debt,rule_config_analyzer_profile_signal,paper,c34dab9b8df3dc77d2632344eb0d0af387d0658f,../control-repos/zhipeixu_FakeShield,,1119,0,0,1,14,2,35,(root),3
control,zhipeixu/FakeShield,2025-05,technical_debt,rule_config_analyzer_profile_signal,paper,c34dab9b8df3dc77d2632344eb0d0af387d0658f,../control-repos/zhipeixu_FakeShield,,1119,0,0,1,14,2,35,weight,1
control,zhipeixu/FakeShield,2025-03,technical_debt,rule_config_analyzer_profile_signal,paper,7bd43c8badef7341807e85e55a8b216dac6c2424,../control-repos/zhipeixu_FakeShield,,1119,368,0,1,14,2,35,MFLM,977
control,zhipeixu/FakeShield,2025-03,technical_debt,rule_config_analyzer_profile_signal,paper,7bd43c8badef7341807e85e55a8b216dac6c2424,../control-repos/zhipeixu_FakeShield,,1119,50,0,1,14,2,35,DTE-FDM,100
control,zhipeixu/FakeShield,2025-03,technical_debt,rule_config_analyzer_profile_signal,paper,7bd43c8badef7341807e85e55a8b216dac6c2424,../control-repos/zhipeixu_FakeShield,,1119,11,0,1,14,2,35,scripts,25
control,zhipeixu/FakeShield,2025-03,technical_debt,rule_config_analyzer_profile_signal,paper,7bd43c8badef7341807e85e55a8b216dac6c2424,../control-repos/zhipeixu_FakeShield,,1119,1,0,1,14,2,35,playground,6
control,zhipeixu/FakeShield,2025-03,technical_debt,rule_config_analyzer_profile_signal,paper,7bd43c8badef7341807e85e55a8b216dac6c2424,../control-repos/zhipeixu_FakeShield,,1119,0,0,1,14,2,35,assets,7
control,zhipeixu/FakeShield,2025-03,technical_debt,rule_config_analyzer_profile_signal,paper,7bd43c8badef7341807e85e55a8b216dac6c2424,../control-repos/zhipeixu_FakeShield,,1119,0,0,1,14,2,35,(root),3
control,zhipeixu/FakeShield,2025-03,technical_debt,rule_config_analyzer_profile_signal,paper,7bd43c8badef7341807e85e55a8b216dac6c2424,../control-repos/zhipeixu_FakeShield,,1119,0,0,1,14,2,35,weight,1
treatment,zauberzeug/nicegui,2024-07,code_smells,source_scope_difference_or_mixed,paper,b0bc2078fb1e70607879d82ce96e3a488bc41f69,../treatment-repos/zauberzeug_nicegui,,1192,325,0,352,103,255,0,nicegui,754
treatment,zauberzeug/nicegui,2024-07,code_smells,source_scope_difference_or_mixed,paper,b0bc2078fb1e70607879d82ce96e3a488bc41f69,../treatment-repos/zauberzeug_nicegui,,1192,131,0,352,103,255,0,website,172
treatment,zauberzeug/nicegui,2024-07,code_smells,source_scope_difference_or_mixed,paper,b0bc2078fb1e70607879d82ce96e3a488bc41f69,../treatment-repos/zauberzeug_nicegui,,1192,88,0,352,103,255,0,tests,93
treatment,zauberzeug/nicegui,2024-07,code_smells,source_scope_difference_or_mixed,paper,b0bc2078fb1e70607879d82ce96e3a488bc41f69,../treatment-repos/zauberzeug_nicegui,,1192,75,0,352,103,255,0,examples,122
treatment,zauberzeug/nicegui,2024-07,code_smells,source_scope_difference_or_mixed,paper,b0bc2078fb1e70607879d82ce96e3a488bc41f69,../treatment-repos/zauberzeug_nicegui,,1192,7,0,352,103,255,0,(root),34
treatment,zauberzeug/nicegui,2024-07,code_smells,source_scope_difference_or_mixed,paper,b0bc2078fb1e70607879d82ce96e3a488bc41f69,../treatment-repos/zauberzeug_nicegui,,1192,2,0,352,103,255,0,.github,9
treatment,zauberzeug/nicegui,2024-07,code_smells,source_scope_difference_or_mixed,paper,b0bc2078fb1e70607879d82ce96e3a488bc41f69,../treatment-repos/zauberzeug_nicegui,,1192,0,0,352,103,255,0,scripts,5
treatment,zauberzeug/nicegui,2024-07,code_smells,source_scope_difference_or_mixed,paper,b0bc2078fb1e70607879d82ce96e3a488bc41f69,../treatment-repos/zauberzeug_nicegui,,1192,0,0,352,103,255,0,.devcontainer,2
treatment,zauberzeug/nicegui,2024-07,code_smells,source_scope_difference_or_mixed,paper,b0bc2078fb1e70607879d82ce96e3a488bc41f69,../treatment-repos/zauberzeug_nicegui,,1192,0,0,352,103,255,0,.vscode,1
treatment,zauberzeug/nicegui,2024-06,code_smells,source_scope_difference_or_mixed,paper,462af82d7027979fe68e7245b772c2c6cdbe7d94,../treatment-repos/zauberzeug_nicegui,,1191,325,0,351,103,255,0,nicegui,753
treatment,zauberzeug/nicegui,2024-06,code_smells,source_scope_difference_or_mixed,paper,462af82d7027979fe68e7245b772c2c6cdbe7d94,../treatment-repos/zauberzeug_nicegui,,1191,131,0,351,103,255,0,website,172
treatment,zauberzeug/nicegui,2024-06,code_smells,source_scope_difference_or_mixed,paper,462af82d7027979fe68e7245b772c2c6cdbe7d94,../treatment-repos/zauberzeug_nicegui,,1191,88,0,351,103,255,0,tests,93
treatment,zauberzeug/nicegui,2024-06,code_smells,source_scope_difference_or_mixed,paper,462af82d7027979fe68e7245b772c2c6cdbe7d94,../treatment-repos/zauberzeug_nicegui,,1191,75,0,351,103,255,0,examples,122
treatment,zauberzeug/nicegui,2024-06,code_smells,source_scope_difference_or_mixed,paper,462af82d7027979fe68e7245b772c2c6cdbe7d94,../treatment-repos/zauberzeug_nicegui,,1191,7,0,351,103,255,0,(root),34
treatment,zauberzeug/nicegui,2024-06,code_smells,source_scope_difference_or_mixed,paper,462af82d7027979fe68e7245b772c2c6cdbe7d94,../treatment-repos/zauberzeug_nicegui,,1191,2,0,351,103,255,0,.github,9
treatment,zauberzeug/nicegui,2024-06,code_smells,source_scope_difference_or_mixed,paper,462af82d7027979fe68e7245b772c2c6cdbe7d94,../treatment-repos/zauberzeug_nicegui,,1191,0,0,351,103,255,0,scripts,5
treatment,zauberzeug/nicegui,2024-06,code_smells,source_scope_difference_or_mixed,paper,462af82d7027979fe68e7245b772c2c6cdbe7d94,../treatment-repos/zauberzeug_nicegui,,1191,0,0,351,103,255,0,.devcontainer,2
treatment,zauberzeug/nicegui,2024-06,code_smells,source_scope_difference_or_mixed,paper,462af82d7027979fe68e7245b772c2c6cdbe7d94,../treatment-repos/zauberzeug_nicegui,,1191,0,0,351,103,255,0,.vscode,1
treatment,zauberzeug/nicegui,2024-05,code_smells,source_scope_difference_or_mixed,paper,92a0cf0fdaee28ffba8329483e55f2a5d5c529fe,../treatment-repos/zauberzeug_nicegui,,1178,323,0,349,102,248,0,nicegui,748
treatment,zauberzeug/nicegui,2024-05,code_smells,source_scope_difference_or_mixed,paper,92a0cf0fdaee28ffba8329483e55f2a5d5c529fe,../treatment-repos/zauberzeug_nicegui,,1178,129,0,349,102,248,0,website,170
treatment,zauberzeug/nicegui,2024-05,code_smells,source_scope_difference_or_mixed,paper,92a0cf0fdaee28ffba8329483e55f2a5d5c529fe,../treatment-repos/zauberzeug_nicegui,,1178,87,0,349,102,248,0,tests,92
treatment,zauberzeug/nicegui,2024-05,code_smells,source_scope_difference_or_mixed,paper,92a0cf0fdaee28ffba8329483e55f2a5d5c529fe,../treatment-repos/zauberzeug_nicegui,,1178,74,0,349,102,248,0,examples,117
treatment,zauberzeug/nicegui,2024-05,code_smells,source_scope_difference_or_mixed,paper,92a0cf0fdaee28ffba8329483e55f2a5d5c529fe,../treatment-repos/zauberzeug_nicegui,,1178,7,0,349,102,248,0,(root),34
treatment,zauberzeug/nicegui,2024-05,code_smells,source_scope_difference_or_mixed,paper,92a0cf0fdaee28ffba8329483e55f2a5d5c529fe,../treatment-repos/zauberzeug_nicegui,,1178,2,0,349,102,248,0,.github,9
treatment,zauberzeug/nicegui,2024-05,code_smells,source_scope_difference_or_mixed,paper,92a0cf0fdaee28ffba8329483e55f2a5d5c529fe,../treatment-repos/zauberzeug_nicegui,,1178,0,0,349,102,248,0,scripts,5
treatment,zauberzeug/nicegui,2024-05,code_smells,source_scope_difference_or_mixed,paper,92a0cf0fdaee28ffba8329483e55f2a5d5c529fe,../treatment-repos/zauberzeug_nicegui,,1178,0,0,349,102,248,0,.devcontainer,2
treatment,zauberzeug/nicegui,2024-05,code_smells,source_scope_difference_or_mixed,paper,92a0cf0fdaee28ffba8329483e55f2a5d5c529fe,../treatment-repos/zauberzeug_nicegui,,1178,0,0,349,102,248,0,.vscode,1
treatment,zauberzeug/nicegui,2024-04,code_smells,source_scope_difference_or_mixed,paper,1bce2bad367d5baf842badb51a0d78c8543a49ef,../treatment-repos/zauberzeug_nicegui,,1040,319,0,228,96,245,0,nicegui,623
treatment,zauberzeug/nicegui,2024-04,code_smells,source_scope_difference_or_mixed,paper,1bce2bad367d5baf842badb51a0d78c8543a49ef,../treatment-repos/zauberzeug_nicegui,,1040,127,0,228,96,245,0,website,168
treatment,zauberzeug/nicegui,2024-04,code_smells,source_scope_difference_or_mixed,paper,1bce2bad367d5baf842badb51a0d78c8543a49ef,../treatment-repos/zauberzeug_nicegui,,1040,84,0,228,96,245,0,tests,86
treatment,zauberzeug/nicegui,2024-04,code_smells,source_scope_difference_or_mixed,paper,1bce2bad367d5baf842badb51a0d78c8543a49ef,../treatment-repos/zauberzeug_nicegui,,1040,74,0,228,96,245,0,examples,117
treatment,zauberzeug/nicegui,2024-04,code_smells,source_scope_difference_or_mixed,paper,1bce2bad367d5baf842badb51a0d78c8543a49ef,../treatment-repos/zauberzeug_nicegui,,1040,7,0,228,96,245,0,(root),34
treatment,zauberzeug/nicegui,2024-04,code_smells,source_scope_difference_or_mixed,paper,1bce2bad367d5baf842badb51a0d78c8543a49ef,../treatment-repos/zauberzeug_nicegui,,1040,2,0,228,96,245,0,.github,9
treatment,zauberzeug/nicegui,2024-04,code_smells,source_scope_difference_or_mixed,paper,1bce2bad367d5baf842badb51a0d78c8543a49ef,../treatment-repos/zauberzeug_nicegui,,1040,0,0,228,96,245,0,.devcontainer,2
treatment,zauberzeug/nicegui,2024-04,code_smells,source_scope_difference_or_mixed,paper,1bce2bad367d5baf842badb51a0d78c8543a49ef,../treatment-repos/zauberzeug_nicegui,,1040,0,0,228,96,245,0,.vscode,1
treatment,zauberzeug/nicegui,2024-03,code_smells,source_scope_difference_or_mixed,paper,fff7b27eea91bf2b3d3f3080f0919c3ac62978b8,../treatment-repos/zauberzeug_nicegui,,1017,313,0,228,93,232,0,nicegui,617
treatment,zauberzeug/nicegui,2024-03,code_smells,source_scope_difference_or_mixed,paper,fff7b27eea91bf2b3d3f3080f0919c3ac62978b8,../treatment-repos/zauberzeug_nicegui,,1017,123,0,228,93,232,0,website,164
treatment,zauberzeug/nicegui,2024-03,code_smells,source_scope_difference_or_mixed,paper,fff7b27eea91bf2b3d3f3080f0919c3ac62978b8,../treatment-repos/zauberzeug_nicegui,,1017,81,0,228,93,232,0,tests,83
treatment,zauberzeug/nicegui,2024-03,code_smells,source_scope_difference_or_mixed,paper,fff7b27eea91bf2b3d3f3080f0919c3ac62978b8,../treatment-repos/zauberzeug_nicegui,,1017,69,0,228,93,232,0,examples,108
treatment,zauberzeug/nicegui,2024-03,code_smells,source_scope_difference_or_mixed,paper,fff7b27eea91bf2b3d3f3080f0919c3ac62978b8,../treatment-repos/zauberzeug_nicegui,,1017,7,0,228,93,232,0,(root),33
treatment,zauberzeug/nicegui,2024-03,code_smells,source_scope_difference_or_mixed,paper,fff7b27eea91bf2b3d3f3080f0919c3ac62978b8,../treatment-repos/zauberzeug_nicegui,,1017,2,0,228,93,232,0,.github,9
treatment,zauberzeug/nicegui,2024-03,code_smells,source_scope_difference_or_mixed,paper,fff7b27eea91bf2b3d3f3080f0919c3ac62978b8,../treatment-repos/zauberzeug_nicegui,,1017,0,0,228,93,232,0,.devcontainer,2
treatment,zauberzeug/nicegui,2024-03,code_smells,source_scope_difference_or_mixed,paper,fff7b27eea91bf2b3d3f3080f0919c3ac62978b8,../treatment-repos/zauberzeug_nicegui,,1017,0,0,228,93,232,0,.vscode,1
treatment,zauberzeug/nicegui,2024-02,code_smells,commit_selection_difference,paper,38fcfe13fd8e5b297a8cb12aa357f94ad3d84eda,../treatment-repos/zauberzeug_nicegui,,1008,311,0,227,92,226,0,nicegui,615
treatment,zauberzeug/nicegui,2024-02,code_smells,commit_selection_difference,paper,38fcfe13fd8e5b297a8cb12aa357f94ad3d84eda,../treatment-repos/zauberzeug_nicegui,,1008,121,0,227,92,226,0,website,162
treatment,zauberzeug/nicegui,2024-02,code_smells,commit_selection_difference,paper,38fcfe13fd8e5b297a8cb12aa357f94ad3d84eda,../treatment-repos/zauberzeug_nicegui,,1008,80,0,227,92,226,0,tests,82
treatment,zauberzeug/nicegui,2024-02,code_smells,commit_selection_difference,paper,38fcfe13fd8e5b297a8cb12aa357f94ad3d84eda,../treatment-repos/zauberzeug_nicegui,,1008,67,0,227,92,226,0,examples,104
treatment,zauberzeug/nicegui,2024-02,code_smells,commit_selection_difference,paper,38fcfe13fd8e5b297a8cb12aa357f94ad3d84eda,../treatment-repos/zauberzeug_nicegui,,1008,7,0,227,92,226,0,(root),33
treatment,zauberzeug/nicegui,2024-02,code_smells,commit_selection_difference,paper,38fcfe13fd8e5b297a8cb12aa357f94ad3d84eda,../treatment-repos/zauberzeug_nicegui,,1008,2,0,227,92,226,0,.github,9
treatment,zauberzeug/nicegui,2024-02,code_smells,commit_selection_difference,paper,38fcfe13fd8e5b297a8cb12aa357f94ad3d84eda,../treatment-repos/zauberzeug_nicegui,,1008,0,0,227,92,226,0,.devcontainer,2
treatment,zauberzeug/nicegui,2024-02,code_smells,commit_selection_difference,paper,38fcfe13fd8e5b297a8cb12aa357f94ad3d84eda,../treatment-repos/zauberzeug_nicegui,,1008,0,0,227,92,226,0,.vscode,1
treatment,zauberzeug/nicegui,2024-02,code_smells,commit_selection_difference,our,4a0c1c874fc3b56c4f2dc400a4367a71df5a66fe,../treatment-repos/zauberzeug_nicegui,,1008,311,0,227,92,226,0,nicegui,615
treatment,zauberzeug/nicegui,2024-02,code_smells,commit_selection_difference,our,4a0c1c874fc3b56c4f2dc400a4367a71df5a66fe,../treatment-repos/zauberzeug_nicegui,,1008,121,0,227,92,226,0,website,162
treatment,zauberzeug/nicegui,2024-02,code_smells,commit_selection_difference,our,4a0c1c874fc3b56c4f2dc400a4367a71df5a66fe,../treatment-repos/zauberzeug_nicegui,,1008,80,0,227,92,226,0,tests,82
treatment,zauberzeug/nicegui,2024-02,code_smells,commit_selection_difference,our,4a0c1c874fc3b56c4f2dc400a4367a71df5a66fe,../treatment-repos/zauberzeug_nicegui,,1008,67,0,227,92,226,0,examples,104
treatment,zauberzeug/nicegui,2024-02,code_smells,commit_selection_difference,our,4a0c1c874fc3b56c4f2dc400a4367a71df5a66fe,../treatment-repos/zauberzeug_nicegui,,1008,7,0,227,92,226,0,(root),33
treatment,zauberzeug/nicegui,2024-02,code_smells,commit_selection_difference,our,4a0c1c874fc3b56c4f2dc400a4367a71df5a66fe,../treatment-repos/zauberzeug_nicegui,,1008,2,0,227,92,226,0,.github,9
treatment,zauberzeug/nicegui,2024-02,code_smells,commit_selection_difference,our,4a0c1c874fc3b56c4f2dc400a4367a71df5a66fe,../treatment-repos/zauberzeug_nicegui,,1008,0,0,227,92,226,0,.devcontainer,2
treatment,zauberzeug/nicegui,2024-02,code_smells,commit_selection_difference,our,4a0c1c874fc3b56c4f2dc400a4367a71df5a66fe,../treatment-repos/zauberzeug_nicegui,,1008,0,0,227,92,226,0,.vscode,1
treatment,zauberzeug/nicegui,2024-01,code_smells,source_scope_difference_or_mixed,paper,f4c57a962f8cc96085eb41860c1346da77228824,../treatment-repos/zauberzeug_nicegui,,1004,308,0,225,90,223,0,nicegui,617
treatment,zauberzeug/nicegui,2024-01,code_smells,source_scope_difference_or_mixed,paper,f4c57a962f8cc96085eb41860c1346da77228824,../treatment-repos/zauberzeug_nicegui,,1004,118,0,225,90,223,0,website,159
treatment,zauberzeug/nicegui,2024-01,code_smells,source_scope_difference_or_mixed,paper,f4c57a962f8cc96085eb41860c1346da77228824,../treatment-repos/zauberzeug_nicegui,,1004,78,0,225,90,223,0,tests,80
treatment,zauberzeug/nicegui,2024-01,code_smells,source_scope_difference_or_mixed,paper,f4c57a962f8cc96085eb41860c1346da77228824,../treatment-repos/zauberzeug_nicegui,,1004,67,0,225,90,223,0,examples,104
treatment,zauberzeug/nicegui,2024-01,code_smells,source_scope_difference_or_mixed,paper,f4c57a962f8cc96085eb41860c1346da77228824,../treatment-repos/zauberzeug_nicegui,,1004,7,0,225,90,223,0,(root),33
treatment,zauberzeug/nicegui,2024-01,code_smells,source_scope_difference_or_mixed,paper,f4c57a962f8cc96085eb41860c1346da77228824,../treatment-repos/zauberzeug_nicegui,,1004,2,0,225,90,223,0,.github,8
treatment,zauberzeug/nicegui,2024-01,code_smells,source_scope_difference_or_mixed,paper,f4c57a962f8cc96085eb41860c1346da77228824,../treatment-repos/zauberzeug_nicegui,,1004,0,0,225,90,223,0,.devcontainer,2
treatment,zauberzeug/nicegui,2024-01,code_smells,source_scope_difference_or_mixed,paper,f4c57a962f8cc96085eb41860c1346da77228824,../treatment-repos/zauberzeug_nicegui,,1004,0,0,225,90,223,0,.vscode,1
treatment,PostHog/posthog,2025-05,cognitive_complexity,source_scope_difference_or_mixed,paper,fa2cab6b204f2efeabb5c5bbc1d35ff23c91ec8b,../treatment-repos/PostHog_posthog,,10468,2484,0,3351,1714,108,938,posthog,2718
treatment,PostHog/posthog,2025-05,cognitive_complexity,source_scope_difference_or_mixed,paper,fa2cab6b204f2efeabb5c5bbc1d35ff23c91ec8b,../treatment-repos/PostHog_posthog,,10468,364,0,3351,1714,108,938,ee,427
treatment,PostHog/posthog,2025-05,cognitive_complexity,source_scope_difference_or_mixed,paper,fa2cab6b204f2efeabb5c5bbc1d35ff23c91ec8b,../treatment-repos/PostHog_posthog,,10468,89,0,3351,1714,108,938,products,254
treatment,PostHog/posthog,2025-05,cognitive_complexity,source_scope_difference_or_mixed,paper,fa2cab6b204f2efeabb5c5bbc1d35ff23c91ec8b,../treatment-repos/PostHog_posthog,,10468,23,0,3351,1714,108,938,dags,25
treatment,PostHog/posthog,2025-05,cognitive_complexity,source_scope_difference_or_mixed,paper,fa2cab6b204f2efeabb5c5bbc1d35ff23c91ec8b,../treatment-repos/PostHog_posthog,,10468,17,0,3351,1714,108,938,common,245
treatment,PostHog/posthog,2025-05,cognitive_complexity,source_scope_difference_or_mixed,paper,fa2cab6b204f2efeabb5c5bbc1d35ff23c91ec8b,../treatment-repos/PostHog_posthog,,10468,6,0,3351,1714,108,938,infra-scripts,9
treatment,PostHog/posthog,2025-05,cognitive_complexity,source_scope_difference_or_mixed,paper,fa2cab6b204f2efeabb5c5bbc1d35ff23c91ec8b,../treatment-repos/PostHog_posthog,,10468,4,0,3351,1714,108,938,bin,42
treatment,PostHog/posthog,2025-05,cognitive_complexity,source_scope_difference_or_mixed,paper,fa2cab6b204f2efeabb5c5bbc1d35ff23c91ec8b,../treatment-repos/PostHog_posthog,,10468,2,0,3351,1714,108,938,plugin-server,570
treatment,PostHog/posthog,2025-05,cognitive_complexity,source_scope_difference_or_mixed,paper,fa2cab6b204f2efeabb5c5bbc1d35ff23c91ec8b,../treatment-repos/PostHog_posthog,,10468,2,0,3351,1714,108,938,(root),53
treatment,PostHog/posthog,2025-05,cognitive_complexity,source_scope_difference_or_mixed,paper,fa2cab6b204f2efeabb5c5bbc1d35ff23c91ec8b,../treatment-repos/PostHog_posthog,,10468,1,0,3351,1714,108,938,cypress,78
treatment,PostHog/posthog,2025-05,cognitive_complexity,source_scope_difference_or_mixed,paper,fa2cab6b204f2efeabb5c5bbc1d35ff23c91ec8b,../treatment-repos/PostHog_posthog,,10468,0,0,3351,1714,108,938,frontend,5312
treatment,PostHog/posthog,2025-05,cognitive_complexity,source_scope_difference_or_mixed,paper,fa2cab6b204f2efeabb5c5bbc1d35ff23c91ec8b,../treatment-repos/PostHog_posthog,,10468,0,0,3351,1714,108,938,rust,507
treatment,whiteducksoftware/flock,2025-08,ncloc,commit_selection_difference,our,88b363080e95e8bdd87e32924216febb6cb5e4c7,../treatment-repos/whiteducksoftware_flock,,729,169,0,0,40,68,2,src,552
treatment,whiteducksoftware/flock,2025-08,ncloc,commit_selection_difference,our,88b363080e95e8bdd87e32924216febb6cb5e4c7,../treatment-repos/whiteducksoftware_flock,,729,44,0,0,40,68,2,legacy,45
treatment,whiteducksoftware/flock,2025-08,ncloc,commit_selection_difference,our,88b363080e95e8bdd87e32924216febb6cb5e4c7,../treatment-repos/whiteducksoftware_flock,,729,35,0,0,40,68,2,tests,35
treatment,whiteducksoftware/flock,2025-08,ncloc,commit_selection_difference,our,88b363080e95e8bdd87e32924216febb6cb5e4c7,../treatment-repos/whiteducksoftware_flock,,729,3,0,0,40,68,2,scripts,3
treatment,whiteducksoftware/flock,2025-08,ncloc,commit_selection_difference,our,88b363080e95e8bdd87e32924216febb6cb5e4c7,../treatment-repos/whiteducksoftware_flock,,729,1,0,0,40,68,2,docs,62
treatment,whiteducksoftware/flock,2025-08,ncloc,commit_selection_difference,our,88b363080e95e8bdd87e32924216febb6cb5e4c7,../treatment-repos/whiteducksoftware_flock,,729,0,0,0,40,68,2,(root),18
treatment,whiteducksoftware/flock,2025-08,ncloc,commit_selection_difference,our,88b363080e95e8bdd87e32924216febb6cb5e4c7,../treatment-repos/whiteducksoftware_flock,,729,0,0,0,40,68,2,.github,10
treatment,whiteducksoftware/flock,2025-08,ncloc,commit_selection_difference,our,88b363080e95e8bdd87e32924216febb6cb5e4c7,../treatment-repos/whiteducksoftware_flock,,729,0,0,0,40,68,2,.vscode,3
treatment,whiteducksoftware/flock,2025-08,ncloc,commit_selection_difference,our,88b363080e95e8bdd87e32924216febb6cb5e4c7,../treatment-repos/whiteducksoftware_flock,,729,0,0,0,40,68,2,.devcontainer,1
treatment,PostHog/posthog,2025-03,cognitive_complexity,source_scope_difference_or_mixed,paper,ecdaddcfaf15967165806e2cd4f9bc0cfb40f0e1,../treatment-repos/PostHog_posthog,,9368,2321,0,3068,1520,107,865,posthog,2547
treatment,PostHog/posthog,2025-03,cognitive_complexity,source_scope_difference_or_mixed,paper,ecdaddcfaf15967165806e2cd4f9bc0cfb40f0e1,../treatment-repos/PostHog_posthog,,9368,341,0,3068,1520,107,865,ee,397
treatment,PostHog/posthog,2025-03,cognitive_complexity,source_scope_difference_or_mixed,paper,ecdaddcfaf15967165806e2cd4f9bc0cfb40f0e1,../treatment-repos/PostHog_posthog,,9368,20,0,3068,1520,107,865,dags,22
treatment,PostHog/posthog,2025-03,cognitive_complexity,source_scope_difference_or_mixed,paper,ecdaddcfaf15967165806e2cd4f9bc0cfb40f0e1,../treatment-repos/PostHog_posthog,,9368,17,0,3068,1520,107,865,common,242
treatment,PostHog/posthog,2025-03,cognitive_complexity,source_scope_difference_or_mixed,paper,ecdaddcfaf15967165806e2cd4f9bc0cfb40f0e1,../treatment-repos/PostHog_posthog,,9368,9,0,3068,1520,107,865,products,78
treatment,PostHog/posthog,2025-03,cognitive_complexity,source_scope_difference_or_mixed,paper,ecdaddcfaf15967165806e2cd4f9bc0cfb40f0e1,../treatment-repos/PostHog_posthog,,9368,3,0,3068,1520,107,865,bin,40
treatment,PostHog/posthog,2025-03,cognitive_complexity,source_scope_difference_or_mixed,paper,ecdaddcfaf15967165806e2cd4f9bc0cfb40f0e1,../treatment-repos/PostHog_posthog,,9368,2,0,3068,1520,107,865,plugin-server,553
treatment,PostHog/posthog,2025-03,cognitive_complexity,source_scope_difference_or_mixed,paper,ecdaddcfaf15967165806e2cd4f9bc0cfb40f0e1,../treatment-repos/PostHog_posthog,,9368,2,0,3068,1520,107,865,(root),53
treatment,PostHog/posthog,2025-03,cognitive_complexity,source_scope_difference_or_mixed,paper,ecdaddcfaf15967165806e2cd4f9bc0cfb40f0e1,../treatment-repos/PostHog_posthog,,9368,1,0,3068,1520,107,865,cypress,81
treatment,PostHog/posthog,2025-03,cognitive_complexity,source_scope_difference_or_mixed,paper,ecdaddcfaf15967165806e2cd4f9bc0cfb40f0e1,../treatment-repos/PostHog_posthog,,9368,0,0,3068,1520,107,865,frontend,4761
treatment,PostHog/posthog,2025-03,cognitive_complexity,source_scope_difference_or_mixed,paper,ecdaddcfaf15967165806e2cd4f9bc0cfb40f0e1,../treatment-repos/PostHog_posthog,,9368,0,0,3068,1520,107,865,rust,370
treatment,PostHog/posthog,2025-03,cognitive_complexity,source_scope_difference_or_mixed,paper,ecdaddcfaf15967165806e2cd4f9bc0cfb40f0e1,../treatment-repos/PostHog_posthog,,9368,0,0,3068,1520,107,865,.github,54
treatment,PostHog/posthog,2025-04,static_analysis_warnings,source_scope_difference_or_mixed,paper,08f147eb9879e899fb7939f4b9413c86164ba7f9,../treatment-repos/PostHog_posthog,,9860,2388,0,3195,1676,107,897,posthog,2619
treatment,PostHog/posthog,2025-04,static_analysis_warnings,source_scope_difference_or_mixed,paper,08f147eb9879e899fb7939f4b9413c86164ba7f9,../treatment-repos/PostHog_posthog,,9860,363,0,3195,1676,107,897,ee,426
treatment,PostHog/posthog,2025-04,static_analysis_warnings,source_scope_difference_or_mixed,paper,08f147eb9879e899fb7939f4b9413c86164ba7f9,../treatment-repos/PostHog_posthog,,9860,74,0,3195,1676,107,897,products,198
treatment,PostHog/posthog,2025-04,static_analysis_warnings,source_scope_difference_or_mixed,paper,08f147eb9879e899fb7939f4b9413c86164ba7f9,../treatment-repos/PostHog_posthog,,9860,20,0,3195,1676,107,897,dags,22
treatment,PostHog/posthog,2025-04,static_analysis_warnings,source_scope_difference_or_mixed,paper,08f147eb9879e899fb7939f4b9413c86164ba7f9,../treatment-repos/PostHog_posthog,,9860,17,0,3195,1676,107,897,common,244
treatment,PostHog/posthog,2025-04,static_analysis_warnings,source_scope_difference_or_mixed,paper,08f147eb9879e899fb7939f4b9413c86164ba7f9,../treatment-repos/PostHog_posthog,,9860,6,0,3195,1676,107,897,infra-scripts,9
treatment,PostHog/posthog,2025-04,static_analysis_warnings,source_scope_difference_or_mixed,paper,08f147eb9879e899fb7939f4b9413c86164ba7f9,../treatment-repos/PostHog_posthog,,9860,4,0,3195,1676,107,897,bin,42
treatment,PostHog/posthog,2025-04,static_analysis_warnings,source_scope_difference_or_mixed,paper,08f147eb9879e899fb7939f4b9413c86164ba7f9,../treatment-repos/PostHog_posthog,,9860,2,0,3195,1676,107,897,plugin-server,554
treatment,PostHog/posthog,2025-04,static_analysis_warnings,source_scope_difference_or_mixed,paper,08f147eb9879e899fb7939f4b9413c86164ba7f9,../treatment-repos/PostHog_posthog,,9860,2,0,3195,1676,107,897,(root),53
treatment,PostHog/posthog,2025-04,static_analysis_warnings,source_scope_difference_or_mixed,paper,08f147eb9879e899fb7939f4b9413c86164ba7f9,../treatment-repos/PostHog_posthog,,9860,1,0,3195,1676,107,897,cypress,78
treatment,PostHog/posthog,2025-04,static_analysis_warnings,source_scope_difference_or_mixed,paper,08f147eb9879e899fb7939f4b9413c86164ba7f9,../treatment-repos/PostHog_posthog,,9860,0,0,3195,1676,107,897,frontend,4923
treatment,PostHog/posthog,2025-04,static_analysis_warnings,source_scope_difference_or_mixed,paper,08f147eb9879e899fb7939f4b9413c86164ba7f9,../treatment-repos/PostHog_posthog,,9860,0,0,3195,1676,107,897,rust,469
treatment,getsentry/sentry,2025-02,code_smells,source_scope_difference_or_mixed,paper,c4502d06cff34abeb8f58810743fb907ee914348,../treatment-repos/getsentry_sentry,,16490,4019,0,6622,4625,490,1010,src,4631
treatment,getsentry/sentry,2025-02,code_smells,source_scope_difference_or_mixed,paper,c4502d06cff34abeb8f58810743fb907ee914348,../treatment-repos/getsentry_sentry,,16490,2279,0,6622,4625,490,1010,tests,4508
treatment,getsentry/sentry,2025-02,code_smells,source_scope_difference_or_mixed,paper,c4502d06cff34abeb8f58810743fb907ee914348,../treatment-repos/getsentry_sentry,,16490,194,0,6622,4625,490,1010,fixtures,479
treatment,getsentry/sentry,2025-02,code_smells,source_scope_difference_or_mixed,paper,c4502d06cff34abeb8f58810743fb907ee914348,../treatment-repos/getsentry_sentry,,16490,16,0,6622,4625,490,1010,tools,16
treatment,getsentry/sentry,2025-02,code_smells,source_scope_difference_or_mixed,paper,c4502d06cff34abeb8f58810743fb907ee914348,../treatment-repos/getsentry_sentry,,16490,4,0,6622,4625,490,1010,bin,21
treatment,getsentry/sentry,2025-02,code_smells,source_scope_difference_or_mixed,paper,c4502d06cff34abeb8f58810743fb907ee914348,../treatment-repos/getsentry_sentry,,16490,3,0,6622,4625,490,1010,scripts,12
treatment,getsentry/sentry,2025-02,code_smells,source_scope_difference_or_mixed,paper,c4502d06cff34abeb8f58810743fb907ee914348,../treatment-repos/getsentry_sentry,,16490,2,0,6622,4625,490,1010,.github,58
treatment,getsentry/sentry,2025-02,code_smells,source_scope_difference_or_mixed,paper,c4502d06cff34abeb8f58810743fb907ee914348,../treatment-repos/getsentry_sentry,,16490,2,0,6622,4625,490,1010,devenv,3
treatment,getsentry/sentry,2025-02,code_smells,source_scope_difference_or_mixed,paper,c4502d06cff34abeb8f58810743fb907ee914348,../treatment-repos/getsentry_sentry,,16490,1,0,6622,4625,490,1010,self-hosted,4
treatment,getsentry/sentry,2025-02,code_smells,source_scope_difference_or_mixed,paper,c4502d06cff34abeb8f58810743fb907ee914348,../treatment-repos/getsentry_sentry,,16490,0,0,6622,4625,490,1010,static,6631
treatment,getsentry/sentry,2025-02,code_smells,source_scope_difference_or_mixed,paper,c4502d06cff34abeb8f58810743fb907ee914348,../treatment-repos/getsentry_sentry,,16490,0,0,6622,4625,490,1010,api-docs,64
treatment,getsentry/sentry,2025-02,code_smells,source_scope_difference_or_mixed,paper,c4502d06cff34abeb8f58810743fb907ee914348,../treatment-repos/getsentry_sentry,,16490,0,0,6622,4625,490,1010,(root),40
treatment,PostHog/posthog,2025-04,code_smells,source_scope_difference_or_mixed,paper,08f147eb9879e899fb7939f4b9413c86164ba7f9,../treatment-repos/PostHog_posthog,,9860,2388,0,3195,1676,107,897,posthog,2619
treatment,PostHog/posthog,2025-04,code_smells,source_scope_difference_or_mixed,paper,08f147eb9879e899fb7939f4b9413c86164ba7f9,../treatment-repos/PostHog_posthog,,9860,363,0,3195,1676,107,897,ee,426
treatment,PostHog/posthog,2025-04,code_smells,source_scope_difference_or_mixed,paper,08f147eb9879e899fb7939f4b9413c86164ba7f9,../treatment-repos/PostHog_posthog,,9860,74,0,3195,1676,107,897,products,198
treatment,PostHog/posthog,2025-04,code_smells,source_scope_difference_or_mixed,paper,08f147eb9879e899fb7939f4b9413c86164ba7f9,../treatment-repos/PostHog_posthog,,9860,20,0,3195,1676,107,897,dags,22
treatment,PostHog/posthog,2025-04,code_smells,source_scope_difference_or_mixed,paper,08f147eb9879e899fb7939f4b9413c86164ba7f9,../treatment-repos/PostHog_posthog,,9860,17,0,3195,1676,107,897,common,244
treatment,PostHog/posthog,2025-04,code_smells,source_scope_difference_or_mixed,paper,08f147eb9879e899fb7939f4b9413c86164ba7f9,../treatment-repos/PostHog_posthog,,9860,6,0,3195,1676,107,897,infra-scripts,9
treatment,PostHog/posthog,2025-04,code_smells,source_scope_difference_or_mixed,paper,08f147eb9879e899fb7939f4b9413c86164ba7f9,../treatment-repos/PostHog_posthog,,9860,4,0,3195,1676,107,897,bin,42
treatment,PostHog/posthog,2025-04,code_smells,source_scope_difference_or_mixed,paper,08f147eb9879e899fb7939f4b9413c86164ba7f9,../treatment-repos/PostHog_posthog,,9860,2,0,3195,1676,107,897,plugin-server,554
treatment,PostHog/posthog,2025-04,code_smells,source_scope_difference_or_mixed,paper,08f147eb9879e899fb7939f4b9413c86164ba7f9,../treatment-repos/PostHog_posthog,,9860,2,0,3195,1676,107,897,(root),53
treatment,PostHog/posthog,2025-04,code_smells,source_scope_difference_or_mixed,paper,08f147eb9879e899fb7939f4b9413c86164ba7f9,../treatment-repos/PostHog_posthog,,9860,1,0,3195,1676,107,897,cypress,78
treatment,PostHog/posthog,2025-04,code_smells,source_scope_difference_or_mixed,paper,08f147eb9879e899fb7939f4b9413c86164ba7f9,../treatment-repos/PostHog_posthog,,9860,0,0,3195,1676,107,897,frontend,4923
treatment,PostHog/posthog,2025-04,code_smells,source_scope_difference_or_mixed,paper,08f147eb9879e899fb7939f4b9413c86164ba7f9,../treatment-repos/PostHog_posthog,,9860,0,0,3195,1676,107,897,rust,469
treatment,zauberzeug/nicegui,2024-11,bugs,source_scope_difference_or_mixed,paper,25a633450d1223dcc8f1ad59d260d2e844b5519d,../treatment-repos/zauberzeug_nicegui,,1305,342,0,257,129,289,0,nicegui,825
treatment,zauberzeug/nicegui,2024-11,bugs,source_scope_difference_or_mixed,paper,25a633450d1223dcc8f1ad59d260d2e844b5519d,../treatment-repos/zauberzeug_nicegui,,1305,137,0,257,129,289,0,website,179
treatment,zauberzeug/nicegui,2024-11,bugs,source_scope_difference_or_mixed,paper,25a633450d1223dcc8f1ad59d260d2e844b5519d,../treatment-repos/zauberzeug_nicegui,,1305,93,0,257,129,289,0,tests,98
treatment,zauberzeug/nicegui,2024-11,bugs,source_scope_difference_or_mixed,paper,25a633450d1223dcc8f1ad59d260d2e844b5519d,../treatment-repos/zauberzeug_nicegui,,1305,92,0,257,129,289,0,examples,151
treatment,zauberzeug/nicegui,2024-11,bugs,source_scope_difference_or_mixed,paper,25a633450d1223dcc8f1ad59d260d2e844b5519d,../treatment-repos/zauberzeug_nicegui,,1305,6,0,257,129,289,0,(root),33
treatment,zauberzeug/nicegui,2024-11,bugs,source_scope_difference_or_mixed,paper,25a633450d1223dcc8f1ad59d260d2e844b5519d,../treatment-repos/zauberzeug_nicegui,,1305,2,0,257,129,289,0,.github,11
treatment,zauberzeug/nicegui,2024-11,bugs,source_scope_difference_or_mixed,paper,25a633450d1223dcc8f1ad59d260d2e844b5519d,../treatment-repos/zauberzeug_nicegui,,1305,0,0,257,129,289,0,scripts,5
treatment,zauberzeug/nicegui,2024-11,bugs,source_scope_difference_or_mixed,paper,25a633450d1223dcc8f1ad59d260d2e844b5519d,../treatment-repos/zauberzeug_nicegui,,1305,0,0,257,129,289,0,.devcontainer,2
treatment,zauberzeug/nicegui,2024-11,bugs,source_scope_difference_or_mixed,paper,25a633450d1223dcc8f1ad59d260d2e844b5519d,../treatment-repos/zauberzeug_nicegui,,1305,0,0,257,129,289,0,.vscode,1
treatment,zauberzeug/nicegui,2025-03,bugs,source_scope_difference_or_mixed,paper,745167c81c219beda5ebaf850dfb7a3e772f96ac,../treatment-repos/zauberzeug_nicegui,,1334,352,0,258,132,302,0,nicegui,836
treatment,zauberzeug/nicegui,2025-03,bugs,source_scope_difference_or_mixed,paper,745167c81c219beda5ebaf850dfb7a3e772f96ac,../treatment-repos/zauberzeug_nicegui,,1334,139,0,258,132,302,0,website,181
treatment,zauberzeug/nicegui,2025-03,bugs,source_scope_difference_or_mixed,paper,745167c81c219beda5ebaf850dfb7a3e772f96ac,../treatment-repos/zauberzeug_nicegui,,1334,97,0,258,132,302,0,examples,161
treatment,zauberzeug/nicegui,2025-03,bugs,source_scope_difference_or_mixed,paper,745167c81c219beda5ebaf850dfb7a3e772f96ac,../treatment-repos/zauberzeug_nicegui,,1334,96,0,258,132,302,0,tests,101
treatment,zauberzeug/nicegui,2025-03,bugs,source_scope_difference_or_mixed,paper,745167c81c219beda5ebaf850dfb7a3e772f96ac,../treatment-repos/zauberzeug_nicegui,,1334,8,0,258,132,302,0,(root),36
treatment,zauberzeug/nicegui,2025-03,bugs,source_scope_difference_or_mixed,paper,745167c81c219beda5ebaf850dfb7a3e772f96ac,../treatment-repos/zauberzeug_nicegui,,1334,1,0,258,132,302,0,.github,9
treatment,zauberzeug/nicegui,2025-03,bugs,source_scope_difference_or_mixed,paper,745167c81c219beda5ebaf850dfb7a3e772f96ac,../treatment-repos/zauberzeug_nicegui,,1334,0,0,258,132,302,0,scripts,5
treatment,zauberzeug/nicegui,2025-03,bugs,source_scope_difference_or_mixed,paper,745167c81c219beda5ebaf850dfb7a3e772f96ac,../treatment-repos/zauberzeug_nicegui,,1334,0,0,258,132,302,0,.cursor,2
treatment,zauberzeug/nicegui,2025-03,bugs,source_scope_difference_or_mixed,paper,745167c81c219beda5ebaf850dfb7a3e772f96ac,../treatment-repos/zauberzeug_nicegui,,1334,0,0,258,132,302,0,.devcontainer,2
treatment,zauberzeug/nicegui,2025-03,bugs,source_scope_difference_or_mixed,paper,745167c81c219beda5ebaf850dfb7a3e772f96ac,../treatment-repos/zauberzeug_nicegui,,1334,0,0,258,132,302,0,.vscode,1
treatment,zauberzeug/nicegui,2025-01,bugs,source_scope_difference_or_mixed,paper,7a540bf3dded6f1e58d32bf21a97d9a5c013afc1,../treatment-repos/zauberzeug_nicegui,,1322,349,0,258,130,298,0,nicegui,833
treatment,zauberzeug/nicegui,2025-01,bugs,source_scope_difference_or_mixed,paper,7a540bf3dded6f1e58d32bf21a97d9a5c013afc1,../treatment-repos/zauberzeug_nicegui,,1322,137,0,258,130,298,0,website,179
treatment,zauberzeug/nicegui,2025-01,bugs,source_scope_difference_or_mixed,paper,7a540bf3dded6f1e58d32bf21a97d9a5c013afc1,../treatment-repos/zauberzeug_nicegui,,1322,95,0,258,130,298,0,examples,159
treatment,zauberzeug/nicegui,2025-01,bugs,source_scope_difference_or_mixed,paper,7a540bf3dded6f1e58d32bf21a97d9a5c013afc1,../treatment-repos/zauberzeug_nicegui,,1322,94,0,258,130,298,0,tests,99
treatment,zauberzeug/nicegui,2025-01,bugs,source_scope_difference_or_mixed,paper,7a540bf3dded6f1e58d32bf21a97d9a5c013afc1,../treatment-repos/zauberzeug_nicegui,,1322,6,0,258,130,298,0,(root),33
treatment,zauberzeug/nicegui,2025-01,bugs,source_scope_difference_or_mixed,paper,7a540bf3dded6f1e58d32bf21a97d9a5c013afc1,../treatment-repos/zauberzeug_nicegui,,1322,2,0,258,130,298,0,.github,11
treatment,zauberzeug/nicegui,2025-01,bugs,source_scope_difference_or_mixed,paper,7a540bf3dded6f1e58d32bf21a97d9a5c013afc1,../treatment-repos/zauberzeug_nicegui,,1322,0,0,258,130,298,0,scripts,5
treatment,zauberzeug/nicegui,2025-01,bugs,source_scope_difference_or_mixed,paper,7a540bf3dded6f1e58d32bf21a97d9a5c013afc1,../treatment-repos/zauberzeug_nicegui,,1322,0,0,258,130,298,0,.devcontainer,2
treatment,zauberzeug/nicegui,2025-01,bugs,source_scope_difference_or_mixed,paper,7a540bf3dded6f1e58d32bf21a97d9a5c013afc1,../treatment-repos/zauberzeug_nicegui,,1322,0,0,258,130,298,0,.vscode,1
treatment,zauberzeug/nicegui,2025-02,bugs,source_scope_difference_or_mixed,paper,b71074ef73498f532234a837ea04a08ffbf4e804,../treatment-repos/zauberzeug_nicegui,,1326,351,0,258,131,298,0,nicegui,835
treatment,zauberzeug/nicegui,2025-02,bugs,source_scope_difference_or_mixed,paper,b71074ef73498f532234a837ea04a08ffbf4e804,../treatment-repos/zauberzeug_nicegui,,1326,138,0,258,131,298,0,website,180
treatment,zauberzeug/nicegui,2025-02,bugs,source_scope_difference_or_mixed,paper,b71074ef73498f532234a837ea04a08ffbf4e804,../treatment-repos/zauberzeug_nicegui,,1326,95,0,258,131,298,0,examples,158
treatment,zauberzeug/nicegui,2025-02,bugs,source_scope_difference_or_mixed,paper,b71074ef73498f532234a837ea04a08ffbf4e804,../treatment-repos/zauberzeug_nicegui,,1326,95,0,258,131,298,0,tests,100
treatment,zauberzeug/nicegui,2025-02,bugs,source_scope_difference_or_mixed,paper,b71074ef73498f532234a837ea04a08ffbf4e804,../treatment-repos/zauberzeug_nicegui,,1326,8,0,258,131,298,0,(root),35
treatment,zauberzeug/nicegui,2025-02,bugs,source_scope_difference_or_mixed,paper,b71074ef73498f532234a837ea04a08ffbf4e804,../treatment-repos/zauberzeug_nicegui,,1326,1,0,258,131,298,0,.github,10
treatment,zauberzeug/nicegui,2025-02,bugs,source_scope_difference_or_mixed,paper,b71074ef73498f532234a837ea04a08ffbf4e804,../treatment-repos/zauberzeug_nicegui,,1326,0,0,258,131,298,0,scripts,5
treatment,zauberzeug/nicegui,2025-02,bugs,source_scope_difference_or_mixed,paper,b71074ef73498f532234a837ea04a08ffbf4e804,../treatment-repos/zauberzeug_nicegui,,1326,0,0,258,131,298,0,.devcontainer,2
treatment,zauberzeug/nicegui,2025-02,bugs,source_scope_difference_or_mixed,paper,b71074ef73498f532234a837ea04a08ffbf4e804,../treatment-repos/zauberzeug_nicegui,,1326,0,0,258,131,298,0,.vscode,1
treatment,zauberzeug/nicegui,2024-12,bugs,source_scope_difference_or_mixed,paper,343dc0da8de0cf2f645cf8b5d76f5b439cb817f3,../treatment-repos/zauberzeug_nicegui,,1305,343,0,257,129,289,0,nicegui,826
treatment,zauberzeug/nicegui,2024-12,bugs,source_scope_difference_or_mixed,paper,343dc0da8de0cf2f645cf8b5d76f5b439cb817f3,../treatment-repos/zauberzeug_nicegui,,1305,136,0,257,129,289,0,website,178
treatment,zauberzeug/nicegui,2024-12,bugs,source_scope_difference_or_mixed,paper,343dc0da8de0cf2f645cf8b5d76f5b439cb817f3,../treatment-repos/zauberzeug_nicegui,,1305,93,0,257,129,289,0,tests,98
treatment,zauberzeug/nicegui,2024-12,bugs,source_scope_difference_or_mixed,paper,343dc0da8de0cf2f645cf8b5d76f5b439cb817f3,../treatment-repos/zauberzeug_nicegui,,1305,92,0,257,129,289,0,examples,151
treatment,zauberzeug/nicegui,2024-12,bugs,source_scope_difference_or_mixed,paper,343dc0da8de0cf2f645cf8b5d76f5b439cb817f3,../treatment-repos/zauberzeug_nicegui,,1305,6,0,257,129,289,0,(root),33
treatment,zauberzeug/nicegui,2024-12,bugs,source_scope_difference_or_mixed,paper,343dc0da8de0cf2f645cf8b5d76f5b439cb817f3,../treatment-repos/zauberzeug_nicegui,,1305,2,0,257,129,289,0,.github,11
treatment,zauberzeug/nicegui,2024-12,bugs,source_scope_difference_or_mixed,paper,343dc0da8de0cf2f645cf8b5d76f5b439cb817f3,../treatment-repos/zauberzeug_nicegui,,1305,0,0,257,129,289,0,scripts,5
treatment,zauberzeug/nicegui,2024-12,bugs,source_scope_difference_or_mixed,paper,343dc0da8de0cf2f645cf8b5d76f5b439cb817f3,../treatment-repos/zauberzeug_nicegui,,1305,0,0,257,129,289,0,.devcontainer,2
treatment,zauberzeug/nicegui,2024-12,bugs,source_scope_difference_or_mixed,paper,343dc0da8de0cf2f645cf8b5d76f5b439cb817f3,../treatment-repos/zauberzeug_nicegui,,1305,0,0,257,129,289,0,.vscode,1
treatment,zauberzeug/nicegui,2025-08,bugs,source_scope_difference_or_mixed,paper,47a9542199eda065b82bfefe2f159323621d3d38,../treatment-repos/zauberzeug_nicegui,,1263,361,0,259,138,307,0,nicegui,750
treatment,zauberzeug/nicegui,2025-08,bugs,source_scope_difference_or_mixed,paper,47a9542199eda065b82bfefe2f159323621d3d38,../treatment-repos/zauberzeug_nicegui,,1263,146,0,259,138,307,0,website,189
treatment,zauberzeug/nicegui,2025-08,bugs,source_scope_difference_or_mixed,paper,47a9542199eda065b82bfefe2f159323621d3d38,../treatment-repos/zauberzeug_nicegui,,1263,102,0,259,138,307,0,tests,107
treatment,zauberzeug/nicegui,2025-08,bugs,source_scope_difference_or_mixed,paper,47a9542199eda065b82bfefe2f159323621d3d38,../treatment-repos/zauberzeug_nicegui,,1263,97,0,259,138,307,0,examples,160
treatment,zauberzeug/nicegui,2025-08,bugs,source_scope_difference_or_mixed,paper,47a9542199eda065b82bfefe2f159323621d3d38,../treatment-repos/zauberzeug_nicegui,,1263,9,0,259,138,307,0,(root),37
treatment,zauberzeug/nicegui,2025-08,bugs,source_scope_difference_or_mixed,paper,47a9542199eda065b82bfefe2f159323621d3d38,../treatment-repos/zauberzeug_nicegui,,1263,1,0,259,138,307,0,.github,10
treatment,zauberzeug/nicegui,2025-08,bugs,source_scope_difference_or_mixed,paper,47a9542199eda065b82bfefe2f159323621d3d38,../treatment-repos/zauberzeug_nicegui,,1263,0,0,259,138,307,0,scripts,5
treatment,zauberzeug/nicegui,2025-08,bugs,source_scope_difference_or_mixed,paper,47a9542199eda065b82bfefe2f159323621d3d38,../treatment-repos/zauberzeug_nicegui,,1263,0,0,259,138,307,0,.cursor,2
treatment,zauberzeug/nicegui,2025-08,bugs,source_scope_difference_or_mixed,paper,47a9542199eda065b82bfefe2f159323621d3d38,../treatment-repos/zauberzeug_nicegui,,1263,0,0,259,138,307,0,.devcontainer,2
treatment,zauberzeug/nicegui,2025-08,bugs,source_scope_difference_or_mixed,paper,47a9542199eda065b82bfefe2f159323621d3d38,../treatment-repos/zauberzeug_nicegui,,1263,0,0,259,138,307,0,.vscode,1
treatment,zauberzeug/nicegui,2025-06,bugs,source_scope_difference_or_mixed,paper,b3ea0df4e3b73a6e9e8f8fa57b8c052deb8f3694,../treatment-repos/zauberzeug_nicegui,,1244,353,0,256,134,305,0,nicegui,738
treatment,zauberzeug/nicegui,2025-06,bugs,source_scope_difference_or_mixed,paper,b3ea0df4e3b73a6e9e8f8fa57b8c052deb8f3694,../treatment-repos/zauberzeug_nicegui,,1244,143,0,256,134,305,0,website,185
treatment,zauberzeug/nicegui,2025-06,bugs,source_scope_difference_or_mixed,paper,b3ea0df4e3b73a6e9e8f8fa57b8c052deb8f3694,../treatment-repos/zauberzeug_nicegui,,1244,98,0,256,134,305,0,tests,103
treatment,zauberzeug/nicegui,2025-06,bugs,source_scope_difference_or_mixed,paper,b3ea0df4e3b73a6e9e8f8fa57b8c052deb8f3694,../treatment-repos/zauberzeug_nicegui,,1244,97,0,256,134,305,0,examples,161
treatment,zauberzeug/nicegui,2025-06,bugs,source_scope_difference_or_mixed,paper,b3ea0df4e3b73a6e9e8f8fa57b8c052deb8f3694,../treatment-repos/zauberzeug_nicegui,,1244,8,0,256,134,305,0,(root),37
treatment,zauberzeug/nicegui,2025-06,bugs,source_scope_difference_or_mixed,paper,b3ea0df4e3b73a6e9e8f8fa57b8c052deb8f3694,../treatment-repos/zauberzeug_nicegui,,1244,1,0,256,134,305,0,.github,10
treatment,zauberzeug/nicegui,2025-06,bugs,source_scope_difference_or_mixed,paper,b3ea0df4e3b73a6e9e8f8fa57b8c052deb8f3694,../treatment-repos/zauberzeug_nicegui,,1244,0,0,256,134,305,0,scripts,5
treatment,zauberzeug/nicegui,2025-06,bugs,source_scope_difference_or_mixed,paper,b3ea0df4e3b73a6e9e8f8fa57b8c052deb8f3694,../treatment-repos/zauberzeug_nicegui,,1244,0,0,256,134,305,0,.cursor,2
treatment,zauberzeug/nicegui,2025-06,bugs,source_scope_difference_or_mixed,paper,b3ea0df4e3b73a6e9e8f8fa57b8c052deb8f3694,../treatment-repos/zauberzeug_nicegui,,1244,0,0,256,134,305,0,.devcontainer,2
treatment,zauberzeug/nicegui,2025-06,bugs,source_scope_difference_or_mixed,paper,b3ea0df4e3b73a6e9e8f8fa57b8c052deb8f3694,../treatment-repos/zauberzeug_nicegui,,1244,0,0,256,134,305,0,.vscode,1
treatment,zauberzeug/nicegui,2025-07,bugs,source_scope_difference_or_mixed,paper,30a70325d55e110b87a6279664e6b7987ceb2067,../treatment-repos/zauberzeug_nicegui,,1261,361,0,258,138,305,0,nicegui,749
treatment,zauberzeug/nicegui,2025-07,bugs,source_scope_difference_or_mixed,paper,30a70325d55e110b87a6279664e6b7987ceb2067,../treatment-repos/zauberzeug_nicegui,,1261,147,0,258,138,305,0,website,190
treatment,zauberzeug/nicegui,2025-07,bugs,source_scope_difference_or_mixed,paper,30a70325d55e110b87a6279664e6b7987ceb2067,../treatment-repos/zauberzeug_nicegui,,1261,102,0,258,138,305,0,tests,107
treatment,zauberzeug/nicegui,2025-07,bugs,source_scope_difference_or_mixed,paper,30a70325d55e110b87a6279664e6b7987ceb2067,../treatment-repos/zauberzeug_nicegui,,1261,96,0,258,138,305,0,examples,158
treatment,zauberzeug/nicegui,2025-07,bugs,source_scope_difference_or_mixed,paper,30a70325d55e110b87a6279664e6b7987ceb2067,../treatment-repos/zauberzeug_nicegui,,1261,8,0,258,138,305,0,(root),37
treatment,zauberzeug/nicegui,2025-07,bugs,source_scope_difference_or_mixed,paper,30a70325d55e110b87a6279664e6b7987ceb2067,../treatment-repos/zauberzeug_nicegui,,1261,1,0,258,138,305,0,.github,10
treatment,zauberzeug/nicegui,2025-07,bugs,source_scope_difference_or_mixed,paper,30a70325d55e110b87a6279664e6b7987ceb2067,../treatment-repos/zauberzeug_nicegui,,1261,0,0,258,138,305,0,scripts,5
treatment,zauberzeug/nicegui,2025-07,bugs,source_scope_difference_or_mixed,paper,30a70325d55e110b87a6279664e6b7987ceb2067,../treatment-repos/zauberzeug_nicegui,,1261,0,0,258,138,305,0,.cursor,2
treatment,zauberzeug/nicegui,2025-07,bugs,source_scope_difference_or_mixed,paper,30a70325d55e110b87a6279664e6b7987ceb2067,../treatment-repos/zauberzeug_nicegui,,1261,0,0,258,138,305,0,.devcontainer,2
treatment,zauberzeug/nicegui,2025-07,bugs,source_scope_difference_or_mixed,paper,30a70325d55e110b87a6279664e6b7987ceb2067,../treatment-repos/zauberzeug_nicegui,,1261,0,0,258,138,305,0,.vscode,1
treatment,zauberzeug/nicegui,2025-05,bugs,source_scope_difference_or_mixed,paper,947772d66c6d108a7d12fe65b8b76f6110f7d20e,../treatment-repos/zauberzeug_nicegui,,1241,353,0,256,133,305,0,nicegui,738
treatment,zauberzeug/nicegui,2025-05,bugs,source_scope_difference_or_mixed,paper,947772d66c6d108a7d12fe65b8b76f6110f7d20e,../treatment-repos/zauberzeug_nicegui,,1241,143,0,256,133,305,0,website,185
treatment,zauberzeug/nicegui,2025-05,bugs,source_scope_difference_or_mixed,paper,947772d66c6d108a7d12fe65b8b76f6110f7d20e,../treatment-repos/zauberzeug_nicegui,,1241,97,0,256,133,305,0,examples,161
treatment,zauberzeug/nicegui,2025-05,bugs,source_scope_difference_or_mixed,paper,947772d66c6d108a7d12fe65b8b76f6110f7d20e,../treatment-repos/zauberzeug_nicegui,,1241,97,0,256,133,305,0,tests,102
treatment,zauberzeug/nicegui,2025-05,bugs,source_scope_difference_or_mixed,paper,947772d66c6d108a7d12fe65b8b76f6110f7d20e,../treatment-repos/zauberzeug_nicegui,,1241,7,0,256,133,305,0,(root),35
treatment,zauberzeug/nicegui,2025-05,bugs,source_scope_difference_or_mixed,paper,947772d66c6d108a7d12fe65b8b76f6110f7d20e,../treatment-repos/zauberzeug_nicegui,,1241,1,0,256,133,305,0,.github,10
treatment,zauberzeug/nicegui,2025-05,bugs,source_scope_difference_or_mixed,paper,947772d66c6d108a7d12fe65b8b76f6110f7d20e,../treatment-repos/zauberzeug_nicegui,,1241,0,0,256,133,305,0,scripts,5
treatment,zauberzeug/nicegui,2025-05,bugs,source_scope_difference_or_mixed,paper,947772d66c6d108a7d12fe65b8b76f6110f7d20e,../treatment-repos/zauberzeug_nicegui,,1241,0,0,256,133,305,0,.cursor,2
treatment,zauberzeug/nicegui,2025-05,bugs,source_scope_difference_or_mixed,paper,947772d66c6d108a7d12fe65b8b76f6110f7d20e,../treatment-repos/zauberzeug_nicegui,,1241,0,0,256,133,305,0,.devcontainer,2
treatment,zauberzeug/nicegui,2025-05,bugs,source_scope_difference_or_mixed,paper,947772d66c6d108a7d12fe65b8b76f6110f7d20e,../treatment-repos/zauberzeug_nicegui,,1241,0,0,256,133,305,0,.vscode,1
treatment,zauberzeug/nicegui,2025-05,static_analysis_warnings,source_scope_difference_or_mixed,paper,947772d66c6d108a7d12fe65b8b76f6110f7d20e,../treatment-repos/zauberzeug_nicegui,,1241,353,0,256,133,305,0,nicegui,738
treatment,zauberzeug/nicegui,2025-05,static_analysis_warnings,source_scope_difference_or_mixed,paper,947772d66c6d108a7d12fe65b8b76f6110f7d20e,../treatment-repos/zauberzeug_nicegui,,1241,143,0,256,133,305,0,website,185
treatment,zauberzeug/nicegui,2025-05,static_analysis_warnings,source_scope_difference_or_mixed,paper,947772d66c6d108a7d12fe65b8b76f6110f7d20e,../treatment-repos/zauberzeug_nicegui,,1241,97,0,256,133,305,0,examples,161
treatment,zauberzeug/nicegui,2025-05,static_analysis_warnings,source_scope_difference_or_mixed,paper,947772d66c6d108a7d12fe65b8b76f6110f7d20e,../treatment-repos/zauberzeug_nicegui,,1241,97,0,256,133,305,0,tests,102
treatment,zauberzeug/nicegui,2025-05,static_analysis_warnings,source_scope_difference_or_mixed,paper,947772d66c6d108a7d12fe65b8b76f6110f7d20e,../treatment-repos/zauberzeug_nicegui,,1241,7,0,256,133,305,0,(root),35
treatment,zauberzeug/nicegui,2025-05,static_analysis_warnings,source_scope_difference_or_mixed,paper,947772d66c6d108a7d12fe65b8b76f6110f7d20e,../treatment-repos/zauberzeug_nicegui,,1241,1,0,256,133,305,0,.github,10
treatment,zauberzeug/nicegui,2025-05,static_analysis_warnings,source_scope_difference_or_mixed,paper,947772d66c6d108a7d12fe65b8b76f6110f7d20e,../treatment-repos/zauberzeug_nicegui,,1241,0,0,256,133,305,0,scripts,5
treatment,zauberzeug/nicegui,2025-05,static_analysis_warnings,source_scope_difference_or_mixed,paper,947772d66c6d108a7d12fe65b8b76f6110f7d20e,../treatment-repos/zauberzeug_nicegui,,1241,0,0,256,133,305,0,.cursor,2
treatment,zauberzeug/nicegui,2025-05,static_analysis_warnings,source_scope_difference_or_mixed,paper,947772d66c6d108a7d12fe65b8b76f6110f7d20e,../treatment-repos/zauberzeug_nicegui,,1241,0,0,256,133,305,0,.devcontainer,2
treatment,zauberzeug/nicegui,2025-05,static_analysis_warnings,source_scope_difference_or_mixed,paper,947772d66c6d108a7d12fe65b8b76f6110f7d20e,../treatment-repos/zauberzeug_nicegui,,1241,0,0,256,133,305,0,.vscode,1
treatment,zauberzeug/nicegui,2025-07,static_analysis_warnings,source_scope_difference_or_mixed,paper,30a70325d55e110b87a6279664e6b7987ceb2067,../treatment-repos/zauberzeug_nicegui,,1261,361,0,258,138,305,0,nicegui,749
treatment,zauberzeug/nicegui,2025-07,static_analysis_warnings,source_scope_difference_or_mixed,paper,30a70325d55e110b87a6279664e6b7987ceb2067,../treatment-repos/zauberzeug_nicegui,,1261,147,0,258,138,305,0,website,190
treatment,zauberzeug/nicegui,2025-07,static_analysis_warnings,source_scope_difference_or_mixed,paper,30a70325d55e110b87a6279664e6b7987ceb2067,../treatment-repos/zauberzeug_nicegui,,1261,102,0,258,138,305,0,tests,107
treatment,zauberzeug/nicegui,2025-07,static_analysis_warnings,source_scope_difference_or_mixed,paper,30a70325d55e110b87a6279664e6b7987ceb2067,../treatment-repos/zauberzeug_nicegui,,1261,96,0,258,138,305,0,examples,158
treatment,zauberzeug/nicegui,2025-07,static_analysis_warnings,source_scope_difference_or_mixed,paper,30a70325d55e110b87a6279664e6b7987ceb2067,../treatment-repos/zauberzeug_nicegui,,1261,8,0,258,138,305,0,(root),37
treatment,zauberzeug/nicegui,2025-07,static_analysis_warnings,source_scope_difference_or_mixed,paper,30a70325d55e110b87a6279664e6b7987ceb2067,../treatment-repos/zauberzeug_nicegui,,1261,1,0,258,138,305,0,.github,10
treatment,zauberzeug/nicegui,2025-07,static_analysis_warnings,source_scope_difference_or_mixed,paper,30a70325d55e110b87a6279664e6b7987ceb2067,../treatment-repos/zauberzeug_nicegui,,1261,0,0,258,138,305,0,scripts,5
treatment,zauberzeug/nicegui,2025-07,static_analysis_warnings,source_scope_difference_or_mixed,paper,30a70325d55e110b87a6279664e6b7987ceb2067,../treatment-repos/zauberzeug_nicegui,,1261,0,0,258,138,305,0,.cursor,2
treatment,zauberzeug/nicegui,2025-07,static_analysis_warnings,source_scope_difference_or_mixed,paper,30a70325d55e110b87a6279664e6b7987ceb2067,../treatment-repos/zauberzeug_nicegui,,1261,0,0,258,138,305,0,.devcontainer,2
treatment,zauberzeug/nicegui,2025-07,static_analysis_warnings,source_scope_difference_or_mixed,paper,30a70325d55e110b87a6279664e6b7987ceb2067,../treatment-repos/zauberzeug_nicegui,,1261,0,0,258,138,305,0,.vscode,1
treatment,zauberzeug/nicegui,2025-08,static_analysis_warnings,source_scope_difference_or_mixed,paper,47a9542199eda065b82bfefe2f159323621d3d38,../treatment-repos/zauberzeug_nicegui,,1263,361,0,259,138,307,0,nicegui,750
treatment,zauberzeug/nicegui,2025-08,static_analysis_warnings,source_scope_difference_or_mixed,paper,47a9542199eda065b82bfefe2f159323621d3d38,../treatment-repos/zauberzeug_nicegui,,1263,146,0,259,138,307,0,website,189
treatment,zauberzeug/nicegui,2025-08,static_analysis_warnings,source_scope_difference_or_mixed,paper,47a9542199eda065b82bfefe2f159323621d3d38,../treatment-repos/zauberzeug_nicegui,,1263,102,0,259,138,307,0,tests,107
treatment,zauberzeug/nicegui,2025-08,static_analysis_warnings,source_scope_difference_or_mixed,paper,47a9542199eda065b82bfefe2f159323621d3d38,../treatment-repos/zauberzeug_nicegui,,1263,97,0,259,138,307,0,examples,160
treatment,zauberzeug/nicegui,2025-08,static_analysis_warnings,source_scope_difference_or_mixed,paper,47a9542199eda065b82bfefe2f159323621d3d38,../treatment-repos/zauberzeug_nicegui,,1263,9,0,259,138,307,0,(root),37
treatment,zauberzeug/nicegui,2025-08,static_analysis_warnings,source_scope_difference_or_mixed,paper,47a9542199eda065b82bfefe2f159323621d3d38,../treatment-repos/zauberzeug_nicegui,,1263,1,0,259,138,307,0,.github,10
treatment,zauberzeug/nicegui,2025-08,static_analysis_warnings,source_scope_difference_or_mixed,paper,47a9542199eda065b82bfefe2f159323621d3d38,../treatment-repos/zauberzeug_nicegui,,1263,0,0,259,138,307,0,scripts,5
treatment,zauberzeug/nicegui,2025-08,static_analysis_warnings,source_scope_difference_or_mixed,paper,47a9542199eda065b82bfefe2f159323621d3d38,../treatment-repos/zauberzeug_nicegui,,1263,0,0,259,138,307,0,.cursor,2
treatment,zauberzeug/nicegui,2025-08,static_analysis_warnings,source_scope_difference_or_mixed,paper,47a9542199eda065b82bfefe2f159323621d3d38,../treatment-repos/zauberzeug_nicegui,,1263,0,0,259,138,307,0,.devcontainer,2
treatment,zauberzeug/nicegui,2025-08,static_analysis_warnings,source_scope_difference_or_mixed,paper,47a9542199eda065b82bfefe2f159323621d3d38,../treatment-repos/zauberzeug_nicegui,,1263,0,0,259,138,307,0,.vscode,1
treatment,zauberzeug/nicegui,2025-06,static_analysis_warnings,source_scope_difference_or_mixed,paper,b3ea0df4e3b73a6e9e8f8fa57b8c052deb8f3694,../treatment-repos/zauberzeug_nicegui,,1244,353,0,256,134,305,0,nicegui,738
treatment,zauberzeug/nicegui,2025-06,static_analysis_warnings,source_scope_difference_or_mixed,paper,b3ea0df4e3b73a6e9e8f8fa57b8c052deb8f3694,../treatment-repos/zauberzeug_nicegui,,1244,143,0,256,134,305,0,website,185
treatment,zauberzeug/nicegui,2025-06,static_analysis_warnings,source_scope_difference_or_mixed,paper,b3ea0df4e3b73a6e9e8f8fa57b8c052deb8f3694,../treatment-repos/zauberzeug_nicegui,,1244,98,0,256,134,305,0,tests,103
treatment,zauberzeug/nicegui,2025-06,static_analysis_warnings,source_scope_difference_or_mixed,paper,b3ea0df4e3b73a6e9e8f8fa57b8c052deb8f3694,../treatment-repos/zauberzeug_nicegui,,1244,97,0,256,134,305,0,examples,161
treatment,zauberzeug/nicegui,2025-06,static_analysis_warnings,source_scope_difference_or_mixed,paper,b3ea0df4e3b73a6e9e8f8fa57b8c052deb8f3694,../treatment-repos/zauberzeug_nicegui,,1244,8,0,256,134,305,0,(root),37
treatment,zauberzeug/nicegui,2025-06,static_analysis_warnings,source_scope_difference_or_mixed,paper,b3ea0df4e3b73a6e9e8f8fa57b8c052deb8f3694,../treatment-repos/zauberzeug_nicegui,,1244,1,0,256,134,305,0,.github,10
treatment,zauberzeug/nicegui,2025-06,static_analysis_warnings,source_scope_difference_or_mixed,paper,b3ea0df4e3b73a6e9e8f8fa57b8c052deb8f3694,../treatment-repos/zauberzeug_nicegui,,1244,0,0,256,134,305,0,scripts,5
treatment,zauberzeug/nicegui,2025-06,static_analysis_warnings,source_scope_difference_or_mixed,paper,b3ea0df4e3b73a6e9e8f8fa57b8c052deb8f3694,../treatment-repos/zauberzeug_nicegui,,1244,0,0,256,134,305,0,.cursor,2
treatment,zauberzeug/nicegui,2025-06,static_analysis_warnings,source_scope_difference_or_mixed,paper,b3ea0df4e3b73a6e9e8f8fa57b8c052deb8f3694,../treatment-repos/zauberzeug_nicegui,,1244,0,0,256,134,305,0,.devcontainer,2
treatment,zauberzeug/nicegui,2025-06,static_analysis_warnings,source_scope_difference_or_mixed,paper,b3ea0df4e3b73a6e9e8f8fa57b8c052deb8f3694,../treatment-repos/zauberzeug_nicegui,,1244,0,0,256,134,305,0,.vscode,1
treatment,PostHog/posthog,2025-05,static_analysis_warnings,source_scope_difference_or_mixed,paper,fa2cab6b204f2efeabb5c5bbc1d35ff23c91ec8b,../treatment-repos/PostHog_posthog,,10468,2484,0,3351,1714,108,938,posthog,2718
treatment,PostHog/posthog,2025-05,static_analysis_warnings,source_scope_difference_or_mixed,paper,fa2cab6b204f2efeabb5c5bbc1d35ff23c91ec8b,../treatment-repos/PostHog_posthog,,10468,364,0,3351,1714,108,938,ee,427
treatment,PostHog/posthog,2025-05,static_analysis_warnings,source_scope_difference_or_mixed,paper,fa2cab6b204f2efeabb5c5bbc1d35ff23c91ec8b,../treatment-repos/PostHog_posthog,,10468,89,0,3351,1714,108,938,products,254
treatment,PostHog/posthog,2025-05,static_analysis_warnings,source_scope_difference_or_mixed,paper,fa2cab6b204f2efeabb5c5bbc1d35ff23c91ec8b,../treatment-repos/PostHog_posthog,,10468,23,0,3351,1714,108,938,dags,25
treatment,PostHog/posthog,2025-05,static_analysis_warnings,source_scope_difference_or_mixed,paper,fa2cab6b204f2efeabb5c5bbc1d35ff23c91ec8b,../treatment-repos/PostHog_posthog,,10468,17,0,3351,1714,108,938,common,245
treatment,PostHog/posthog,2025-05,static_analysis_warnings,source_scope_difference_or_mixed,paper,fa2cab6b204f2efeabb5c5bbc1d35ff23c91ec8b,../treatment-repos/PostHog_posthog,,10468,6,0,3351,1714,108,938,infra-scripts,9
treatment,PostHog/posthog,2025-05,static_analysis_warnings,source_scope_difference_or_mixed,paper,fa2cab6b204f2efeabb5c5bbc1d35ff23c91ec8b,../treatment-repos/PostHog_posthog,,10468,4,0,3351,1714,108,938,bin,42
treatment,PostHog/posthog,2025-05,static_analysis_warnings,source_scope_difference_or_mixed,paper,fa2cab6b204f2efeabb5c5bbc1d35ff23c91ec8b,../treatment-repos/PostHog_posthog,,10468,2,0,3351,1714,108,938,plugin-server,570
treatment,PostHog/posthog,2025-05,static_analysis_warnings,source_scope_difference_or_mixed,paper,fa2cab6b204f2efeabb5c5bbc1d35ff23c91ec8b,../treatment-repos/PostHog_posthog,,10468,2,0,3351,1714,108,938,(root),53
treatment,PostHog/posthog,2025-05,static_analysis_warnings,source_scope_difference_or_mixed,paper,fa2cab6b204f2efeabb5c5bbc1d35ff23c91ec8b,../treatment-repos/PostHog_posthog,,10468,1,0,3351,1714,108,938,cypress,78
treatment,PostHog/posthog,2025-05,static_analysis_warnings,source_scope_difference_or_mixed,paper,fa2cab6b204f2efeabb5c5bbc1d35ff23c91ec8b,../treatment-repos/PostHog_posthog,,10468,0,0,3351,1714,108,938,frontend,5312
treatment,PostHog/posthog,2025-05,static_analysis_warnings,source_scope_difference_or_mixed,paper,fa2cab6b204f2efeabb5c5bbc1d35ff23c91ec8b,../treatment-repos/PostHog_posthog,,10468,0,0,3351,1714,108,938,rust,507
control,PennyLaneAI/catalyst,2025-08,technical_debt,rule_config_analyzer_profile_signal,paper,0150699ff9adda89142bf65e2600619d61f6d55a,../control-repos/PennyLaneAI_catalyst,,885,195,6,0,267,115,29,frontend,224
control,PennyLaneAI/catalyst,2025-08,technical_debt,rule_config_analyzer_profile_signal,paper,0150699ff9adda89142bf65e2600619d61f6d55a,../control-repos/PennyLaneAI_catalyst,,885,13,6,0,267,115,29,benchmark,18
control,PennyLaneAI/catalyst,2025-08,technical_debt,rule_config_analyzer_profile_signal,paper,0150699ff9adda89142bf65e2600619d61f6d55a,../control-repos/PennyLaneAI_catalyst,,885,7,6,0,267,115,29,mlir,417
control,PennyLaneAI/catalyst,2025-08,technical_debt,rule_config_analyzer_profile_signal,paper,0150699ff9adda89142bf65e2600619d61f6d55a,../control-repos/PennyLaneAI_catalyst,,885,4,6,0,267,115,29,bin,4
control,PennyLaneAI/catalyst,2025-08,technical_debt,rule_config_analyzer_profile_signal,paper,0150699ff9adda89142bf65e2600619d61f6d55a,../control-repos/PennyLaneAI_catalyst,,885,3,6,0,267,115,29,standalone_plugin_wheel,4
control,PennyLaneAI/catalyst,2025-08,technical_debt,rule_config_analyzer_profile_signal,paper,0150699ff9adda89142bf65e2600619d61f6d55a,../control-repos/PennyLaneAI_catalyst,,885,2,6,0,267,115,29,doc,112
control,PennyLaneAI/catalyst,2025-08,technical_debt,rule_config_analyzer_profile_signal,paper,0150699ff9adda89142bf65e2600619d61f6d55a,../control-repos/PennyLaneAI_catalyst,,885,2,6,0,267,115,29,.github,34
control,PennyLaneAI/catalyst,2025-08,technical_debt,rule_config_analyzer_profile_signal,paper,0150699ff9adda89142bf65e2600619d61f6d55a,../control-repos/PennyLaneAI_catalyst,,885,1,6,0,267,115,29,(root),16
control,PennyLaneAI/catalyst,2025-08,technical_debt,rule_config_analyzer_profile_signal,paper,0150699ff9adda89142bf65e2600619d61f6d55a,../control-repos/PennyLaneAI_catalyst,,885,0,6,0,267,115,29,runtime,50
control,PennyLaneAI/catalyst,2025-08,technical_debt,rule_config_analyzer_profile_signal,paper,0150699ff9adda89142bf65e2600619d61f6d55a,../control-repos/PennyLaneAI_catalyst,,885,0,6,0,267,115,29,demos,6
treatment,PostHog/posthog,2025-05,code_smells,source_scope_difference_or_mixed,paper,fa2cab6b204f2efeabb5c5bbc1d35ff23c91ec8b,../treatment-repos/PostHog_posthog,,10468,2484,0,3351,1714,108,938,posthog,2718
treatment,PostHog/posthog,2025-05,code_smells,source_scope_difference_or_mixed,paper,fa2cab6b204f2efeabb5c5bbc1d35ff23c91ec8b,../treatment-repos/PostHog_posthog,,10468,364,0,3351,1714,108,938,ee,427
treatment,PostHog/posthog,2025-05,code_smells,source_scope_difference_or_mixed,paper,fa2cab6b204f2efeabb5c5bbc1d35ff23c91ec8b,../treatment-repos/PostHog_posthog,,10468,89,0,3351,1714,108,938,products,254
treatment,PostHog/posthog,2025-05,code_smells,source_scope_difference_or_mixed,paper,fa2cab6b204f2efeabb5c5bbc1d35ff23c91ec8b,../treatment-repos/PostHog_posthog,,10468,23,0,3351,1714,108,938,dags,25
treatment,PostHog/posthog,2025-05,code_smells,source_scope_difference_or_mixed,paper,fa2cab6b204f2efeabb5c5bbc1d35ff23c91ec8b,../treatment-repos/PostHog_posthog,,10468,17,0,3351,1714,108,938,common,245
treatment,PostHog/posthog,2025-05,code_smells,source_scope_difference_or_mixed,paper,fa2cab6b204f2efeabb5c5bbc1d35ff23c91ec8b,../treatment-repos/PostHog_posthog,,10468,6,0,3351,1714,108,938,infra-scripts,9
treatment,PostHog/posthog,2025-05,code_smells,source_scope_difference_or_mixed,paper,fa2cab6b204f2efeabb5c5bbc1d35ff23c91ec8b,../treatment-repos/PostHog_posthog,,10468,4,0,3351,1714,108,938,bin,42
treatment,PostHog/posthog,2025-05,code_smells,source_scope_difference_or_mixed,paper,fa2cab6b204f2efeabb5c5bbc1d35ff23c91ec8b,../treatment-repos/PostHog_posthog,,10468,2,0,3351,1714,108,938,plugin-server,570
treatment,PostHog/posthog,2025-05,code_smells,source_scope_difference_or_mixed,paper,fa2cab6b204f2efeabb5c5bbc1d35ff23c91ec8b,../treatment-repos/PostHog_posthog,,10468,2,0,3351,1714,108,938,(root),53
treatment,PostHog/posthog,2025-05,code_smells,source_scope_difference_or_mixed,paper,fa2cab6b204f2efeabb5c5bbc1d35ff23c91ec8b,../treatment-repos/PostHog_posthog,,10468,1,0,3351,1714,108,938,cypress,78
treatment,PostHog/posthog,2025-05,code_smells,source_scope_difference_or_mixed,paper,fa2cab6b204f2efeabb5c5bbc1d35ff23c91ec8b,../treatment-repos/PostHog_posthog,,10468,0,0,3351,1714,108,938,frontend,5312
treatment,PostHog/posthog,2025-05,code_smells,source_scope_difference_or_mixed,paper,fa2cab6b204f2efeabb5c5bbc1d35ff23c91ec8b,../treatment-repos/PostHog_posthog,,10468,0,0,3351,1714,108,938,rust,507
treatment,PostHog/posthog,2025-02,cognitive_complexity,source_scope_difference_or_mixed,paper,e6cdfed56138f74a1e8bcac05f60036d96ab9a6a,../treatment-repos/PostHog_posthog,,9081,2223,0,2992,1440,99,832,posthog,2466
treatment,PostHog/posthog,2025-02,cognitive_complexity,source_scope_difference_or_mixed,paper,e6cdfed56138f74a1e8bcac05f60036d96ab9a6a,../treatment-repos/PostHog_posthog,,9081,310,0,2992,1440,99,832,ee,368
treatment,PostHog/posthog,2025-02,cognitive_complexity,source_scope_difference_or_mixed,paper,e6cdfed56138f74a1e8bcac05f60036d96ab9a6a,../treatment-repos/PostHog_posthog,,9081,17,0,2992,1440,99,832,common,234
treatment,PostHog/posthog,2025-02,cognitive_complexity,source_scope_difference_or_mixed,paper,e6cdfed56138f74a1e8bcac05f60036d96ab9a6a,../treatment-repos/PostHog_posthog,,9081,14,0,2992,1440,99,832,dags,14
treatment,PostHog/posthog,2025-02,cognitive_complexity,source_scope_difference_or_mixed,paper,e6cdfed56138f74a1e8bcac05f60036d96ab9a6a,../treatment-repos/PostHog_posthog,,9081,9,0,2992,1440,99,832,products,56
treatment,PostHog/posthog,2025-02,cognitive_complexity,source_scope_difference_or_mixed,paper,e6cdfed56138f74a1e8bcac05f60036d96ab9a6a,../treatment-repos/PostHog_posthog,,9081,3,0,2992,1440,99,832,bin,40
treatment,PostHog/posthog,2025-02,cognitive_complexity,source_scope_difference_or_mixed,paper,e6cdfed56138f74a1e8bcac05f60036d96ab9a6a,../treatment-repos/PostHog_posthog,,9081,2,0,2992,1440,99,832,(root),54
treatment,PostHog/posthog,2025-02,cognitive_complexity,source_scope_difference_or_mixed,paper,e6cdfed56138f74a1e8bcac05f60036d96ab9a6a,../treatment-repos/PostHog_posthog,,9081,1,0,2992,1440,99,832,plugin-server,567
treatment,PostHog/posthog,2025-02,cognitive_complexity,source_scope_difference_or_mixed,paper,e6cdfed56138f74a1e8bcac05f60036d96ab9a6a,../treatment-repos/PostHog_posthog,,9081,1,0,2992,1440,99,832,cypress,85
treatment,PostHog/posthog,2025-02,cognitive_complexity,source_scope_difference_or_mixed,paper,e6cdfed56138f74a1e8bcac05f60036d96ab9a6a,../treatment-repos/PostHog_posthog,,9081,0,0,2992,1440,99,832,frontend,4687
treatment,PostHog/posthog,2025-02,cognitive_complexity,source_scope_difference_or_mixed,paper,e6cdfed56138f74a1e8bcac05f60036d96ab9a6a,../treatment-repos/PostHog_posthog,,9081,0,0,2992,1440,99,832,rust,329
treatment,PostHog/posthog,2025-02,cognitive_complexity,source_scope_difference_or_mixed,paper,e6cdfed56138f74a1e8bcac05f60036d96ab9a6a,../treatment-repos/PostHog_posthog,,9081,0,0,2992,1440,99,832,.github,50
treatment,getsentry/sentry,2025-02,static_analysis_warnings,source_scope_difference_or_mixed,paper,c4502d06cff34abeb8f58810743fb907ee914348,../treatment-repos/getsentry_sentry,,16490,4019,0,6622,4625,490,1010,src,4631
treatment,getsentry/sentry,2025-02,static_analysis_warnings,source_scope_difference_or_mixed,paper,c4502d06cff34abeb8f58810743fb907ee914348,../treatment-repos/getsentry_sentry,,16490,2279,0,6622,4625,490,1010,tests,4508
treatment,getsentry/sentry,2025-02,static_analysis_warnings,source_scope_difference_or_mixed,paper,c4502d06cff34abeb8f58810743fb907ee914348,../treatment-repos/getsentry_sentry,,16490,194,0,6622,4625,490,1010,fixtures,479
treatment,getsentry/sentry,2025-02,static_analysis_warnings,source_scope_difference_or_mixed,paper,c4502d06cff34abeb8f58810743fb907ee914348,../treatment-repos/getsentry_sentry,,16490,16,0,6622,4625,490,1010,tools,16
treatment,getsentry/sentry,2025-02,static_analysis_warnings,source_scope_difference_or_mixed,paper,c4502d06cff34abeb8f58810743fb907ee914348,../treatment-repos/getsentry_sentry,,16490,4,0,6622,4625,490,1010,bin,21
treatment,getsentry/sentry,2025-02,static_analysis_warnings,source_scope_difference_or_mixed,paper,c4502d06cff34abeb8f58810743fb907ee914348,../treatment-repos/getsentry_sentry,,16490,3,0,6622,4625,490,1010,scripts,12
treatment,getsentry/sentry,2025-02,static_analysis_warnings,source_scope_difference_or_mixed,paper,c4502d06cff34abeb8f58810743fb907ee914348,../treatment-repos/getsentry_sentry,,16490,2,0,6622,4625,490,1010,.github,58
treatment,getsentry/sentry,2025-02,static_analysis_warnings,source_scope_difference_or_mixed,paper,c4502d06cff34abeb8f58810743fb907ee914348,../treatment-repos/getsentry_sentry,,16490,2,0,6622,4625,490,1010,devenv,3
treatment,getsentry/sentry,2025-02,static_analysis_warnings,source_scope_difference_or_mixed,paper,c4502d06cff34abeb8f58810743fb907ee914348,../treatment-repos/getsentry_sentry,,16490,1,0,6622,4625,490,1010,self-hosted,4
treatment,getsentry/sentry,2025-02,static_analysis_warnings,source_scope_difference_or_mixed,paper,c4502d06cff34abeb8f58810743fb907ee914348,../treatment-repos/getsentry_sentry,,16490,0,0,6622,4625,490,1010,static,6631
treatment,getsentry/sentry,2025-02,static_analysis_warnings,source_scope_difference_or_mixed,paper,c4502d06cff34abeb8f58810743fb907ee914348,../treatment-repos/getsentry_sentry,,16490,0,0,6622,4625,490,1010,api-docs,64
treatment,getsentry/sentry,2025-02,static_analysis_warnings,source_scope_difference_or_mixed,paper,c4502d06cff34abeb8f58810743fb907ee914348,../treatment-repos/getsentry_sentry,,16490,0,0,6622,4625,490,1010,(root),40
control,PennyLaneAI/catalyst,2025-07,technical_debt,commit_selection_difference,paper,0aa4fab8450c1c8f0d5baeeb48b8cef919b155f5,../control-repos/PennyLaneAI_catalyst,,839,194,6,0,263,79,29,frontend,223
control,PennyLaneAI/catalyst,2025-07,technical_debt,commit_selection_difference,paper,0aa4fab8450c1c8f0d5baeeb48b8cef919b155f5,../control-repos/PennyLaneAI_catalyst,,839,13,6,0,263,79,29,benchmark,18
control,PennyLaneAI/catalyst,2025-07,technical_debt,commit_selection_difference,paper,0aa4fab8450c1c8f0d5baeeb48b8cef919b155f5,../control-repos/PennyLaneAI_catalyst,,839,7,6,0,263,79,29,mlir,408
control,PennyLaneAI/catalyst,2025-07,technical_debt,commit_selection_difference,paper,0aa4fab8450c1c8f0d5baeeb48b8cef919b155f5,../control-repos/PennyLaneAI_catalyst,,839,4,6,0,263,79,29,bin,4
control,PennyLaneAI/catalyst,2025-07,technical_debt,commit_selection_difference,paper,0aa4fab8450c1c8f0d5baeeb48b8cef919b155f5,../control-repos/PennyLaneAI_catalyst,,839,3,6,0,263,79,29,.github,34
control,PennyLaneAI/catalyst,2025-07,technical_debt,commit_selection_difference,paper,0aa4fab8450c1c8f0d5baeeb48b8cef919b155f5,../control-repos/PennyLaneAI_catalyst,,839,3,6,0,263,79,29,standalone_plugin_wheel,4
control,PennyLaneAI/catalyst,2025-07,technical_debt,commit_selection_difference,paper,0aa4fab8450c1c8f0d5baeeb48b8cef919b155f5,../control-repos/PennyLaneAI_catalyst,,839,2,6,0,263,79,29,doc,76
control,PennyLaneAI/catalyst,2025-07,technical_debt,commit_selection_difference,paper,0aa4fab8450c1c8f0d5baeeb48b8cef919b155f5,../control-repos/PennyLaneAI_catalyst,,839,1,6,0,263,79,29,(root),16
control,PennyLaneAI/catalyst,2025-07,technical_debt,commit_selection_difference,paper,0aa4fab8450c1c8f0d5baeeb48b8cef919b155f5,../control-repos/PennyLaneAI_catalyst,,839,0,6,0,263,79,29,runtime,50
control,PennyLaneAI/catalyst,2025-07,technical_debt,commit_selection_difference,paper,0aa4fab8450c1c8f0d5baeeb48b8cef919b155f5,../control-repos/PennyLaneAI_catalyst,,839,0,6,0,263,79,29,demos,6
control,PennyLaneAI/catalyst,2025-07,technical_debt,commit_selection_difference,our,4f4b01a142d5224279c4d0fcd6b944fcc80b343b,../control-repos/PennyLaneAI_catalyst,,839,194,6,0,263,79,29,frontend,223
control,PennyLaneAI/catalyst,2025-07,technical_debt,commit_selection_difference,our,4f4b01a142d5224279c4d0fcd6b944fcc80b343b,../control-repos/PennyLaneAI_catalyst,,839,13,6,0,263,79,29,benchmark,18
control,PennyLaneAI/catalyst,2025-07,technical_debt,commit_selection_difference,our,4f4b01a142d5224279c4d0fcd6b944fcc80b343b,../control-repos/PennyLaneAI_catalyst,,839,7,6,0,263,79,29,mlir,408
control,PennyLaneAI/catalyst,2025-07,technical_debt,commit_selection_difference,our,4f4b01a142d5224279c4d0fcd6b944fcc80b343b,../control-repos/PennyLaneAI_catalyst,,839,4,6,0,263,79,29,bin,4
control,PennyLaneAI/catalyst,2025-07,technical_debt,commit_selection_difference,our,4f4b01a142d5224279c4d0fcd6b944fcc80b343b,../control-repos/PennyLaneAI_catalyst,,839,3,6,0,263,79,29,.github,34
control,PennyLaneAI/catalyst,2025-07,technical_debt,commit_selection_difference,our,4f4b01a142d5224279c4d0fcd6b944fcc80b343b,../control-repos/PennyLaneAI_catalyst,,839,3,6,0,263,79,29,standalone_plugin_wheel,4
control,PennyLaneAI/catalyst,2025-07,technical_debt,commit_selection_difference,our,4f4b01a142d5224279c4d0fcd6b944fcc80b343b,../control-repos/PennyLaneAI_catalyst,,839,2,6,0,263,79,29,doc,76
control,PennyLaneAI/catalyst,2025-07,technical_debt,commit_selection_difference,our,4f4b01a142d5224279c4d0fcd6b944fcc80b343b,../control-repos/PennyLaneAI_catalyst,,839,1,6,0,263,79,29,(root),16
control,PennyLaneAI/catalyst,2025-07,technical_debt,commit_selection_difference,our,4f4b01a142d5224279c4d0fcd6b944fcc80b343b,../control-repos/PennyLaneAI_catalyst,,839,0,6,0,263,79,29,runtime,50
control,PennyLaneAI/catalyst,2025-07,technical_debt,commit_selection_difference,our,4f4b01a142d5224279c4d0fcd6b944fcc80b343b,../control-repos/PennyLaneAI_catalyst,,839,0,6,0,263,79,29,demos,6
control,PennyLaneAI/catalyst,2025-06,technical_debt,rule_config_analyzer_profile_signal,paper,f43af48a983a734ca863a04362b99176d506bcb8,../control-repos/PennyLaneAI_catalyst,,815,188,6,0,257,78,28,frontend,217
control,PennyLaneAI/catalyst,2025-06,technical_debt,rule_config_analyzer_profile_signal,paper,f43af48a983a734ca863a04362b99176d506bcb8,../control-repos/PennyLaneAI_catalyst,,815,13,6,0,257,78,28,benchmark,18
control,PennyLaneAI/catalyst,2025-06,technical_debt,rule_config_analyzer_profile_signal,paper,f43af48a983a734ca863a04362b99176d506bcb8,../control-repos/PennyLaneAI_catalyst,,815,7,6,0,257,78,28,mlir,393
control,PennyLaneAI/catalyst,2025-06,technical_debt,rule_config_analyzer_profile_signal,paper,f43af48a983a734ca863a04362b99176d506bcb8,../control-repos/PennyLaneAI_catalyst,,815,4,6,0,257,78,28,bin,4
control,PennyLaneAI/catalyst,2025-06,technical_debt,rule_config_analyzer_profile_signal,paper,f43af48a983a734ca863a04362b99176d506bcb8,../control-repos/PennyLaneAI_catalyst,,815,3,6,0,257,78,28,standalone_plugin_wheel,4
control,PennyLaneAI/catalyst,2025-06,technical_debt,rule_config_analyzer_profile_signal,paper,f43af48a983a734ca863a04362b99176d506bcb8,../control-repos/PennyLaneAI_catalyst,,815,2,6,0,257,78,28,doc,75
control,PennyLaneAI/catalyst,2025-06,technical_debt,rule_config_analyzer_profile_signal,paper,f43af48a983a734ca863a04362b99176d506bcb8,../control-repos/PennyLaneAI_catalyst,,815,2,6,0,257,78,28,.github,32
control,PennyLaneAI/catalyst,2025-06,technical_debt,rule_config_analyzer_profile_signal,paper,f43af48a983a734ca863a04362b99176d506bcb8,../control-repos/PennyLaneAI_catalyst,,815,1,6,0,257,78,28,(root),16
control,PennyLaneAI/catalyst,2025-06,technical_debt,rule_config_analyzer_profile_signal,paper,f43af48a983a734ca863a04362b99176d506bcb8,../control-repos/PennyLaneAI_catalyst,,815,0,6,0,257,78,28,runtime,50
control,PennyLaneAI/catalyst,2025-06,technical_debt,rule_config_analyzer_profile_signal,paper,f43af48a983a734ca863a04362b99176d506bcb8,../control-repos/PennyLaneAI_catalyst,,815,0,6,0,257,78,28,demos,6
treatment,PostHog/posthog,2025-03,static_analysis_warnings,source_scope_difference_or_mixed,paper,ecdaddcfaf15967165806e2cd4f9bc0cfb40f0e1,../treatment-repos/PostHog_posthog,,9368,2321,0,3068,1520,107,865,posthog,2547
treatment,PostHog/posthog,2025-03,static_analysis_warnings,source_scope_difference_or_mixed,paper,ecdaddcfaf15967165806e2cd4f9bc0cfb40f0e1,../treatment-repos/PostHog_posthog,,9368,341,0,3068,1520,107,865,ee,397
treatment,PostHog/posthog,2025-03,static_analysis_warnings,source_scope_difference_or_mixed,paper,ecdaddcfaf15967165806e2cd4f9bc0cfb40f0e1,../treatment-repos/PostHog_posthog,,9368,20,0,3068,1520,107,865,dags,22
treatment,PostHog/posthog,2025-03,static_analysis_warnings,source_scope_difference_or_mixed,paper,ecdaddcfaf15967165806e2cd4f9bc0cfb40f0e1,../treatment-repos/PostHog_posthog,,9368,17,0,3068,1520,107,865,common,242
treatment,PostHog/posthog,2025-03,static_analysis_warnings,source_scope_difference_or_mixed,paper,ecdaddcfaf15967165806e2cd4f9bc0cfb40f0e1,../treatment-repos/PostHog_posthog,,9368,9,0,3068,1520,107,865,products,78
treatment,PostHog/posthog,2025-03,static_analysis_warnings,source_scope_difference_or_mixed,paper,ecdaddcfaf15967165806e2cd4f9bc0cfb40f0e1,../treatment-repos/PostHog_posthog,,9368,3,0,3068,1520,107,865,bin,40
treatment,PostHog/posthog,2025-03,static_analysis_warnings,source_scope_difference_or_mixed,paper,ecdaddcfaf15967165806e2cd4f9bc0cfb40f0e1,../treatment-repos/PostHog_posthog,,9368,2,0,3068,1520,107,865,plugin-server,553
treatment,PostHog/posthog,2025-03,static_analysis_warnings,source_scope_difference_or_mixed,paper,ecdaddcfaf15967165806e2cd4f9bc0cfb40f0e1,../treatment-repos/PostHog_posthog,,9368,2,0,3068,1520,107,865,(root),53
treatment,PostHog/posthog,2025-03,static_analysis_warnings,source_scope_difference_or_mixed,paper,ecdaddcfaf15967165806e2cd4f9bc0cfb40f0e1,../treatment-repos/PostHog_posthog,,9368,1,0,3068,1520,107,865,cypress,81
treatment,PostHog/posthog,2025-03,static_analysis_warnings,source_scope_difference_or_mixed,paper,ecdaddcfaf15967165806e2cd4f9bc0cfb40f0e1,../treatment-repos/PostHog_posthog,,9368,0,0,3068,1520,107,865,frontend,4761
treatment,PostHog/posthog,2025-03,static_analysis_warnings,source_scope_difference_or_mixed,paper,ecdaddcfaf15967165806e2cd4f9bc0cfb40f0e1,../treatment-repos/PostHog_posthog,,9368,0,0,3068,1520,107,865,rust,370
treatment,PostHog/posthog,2025-03,static_analysis_warnings,source_scope_difference_or_mixed,paper,ecdaddcfaf15967165806e2cd4f9bc0cfb40f0e1,../treatment-repos/PostHog_posthog,,9368,0,0,3068,1520,107,865,.github,54
treatment,zauberzeug/nicegui,2024-06,bugs,source_scope_difference_or_mixed,paper,462af82d7027979fe68e7245b772c2c6cdbe7d94,../treatment-repos/zauberzeug_nicegui,,1191,325,0,351,103,255,0,nicegui,753
treatment,zauberzeug/nicegui,2024-06,bugs,source_scope_difference_or_mixed,paper,462af82d7027979fe68e7245b772c2c6cdbe7d94,../treatment-repos/zauberzeug_nicegui,,1191,131,0,351,103,255,0,website,172
treatment,zauberzeug/nicegui,2024-06,bugs,source_scope_difference_or_mixed,paper,462af82d7027979fe68e7245b772c2c6cdbe7d94,../treatment-repos/zauberzeug_nicegui,,1191,88,0,351,103,255,0,tests,93
treatment,zauberzeug/nicegui,2024-06,bugs,source_scope_difference_or_mixed,paper,462af82d7027979fe68e7245b772c2c6cdbe7d94,../treatment-repos/zauberzeug_nicegui,,1191,75,0,351,103,255,0,examples,122
treatment,zauberzeug/nicegui,2024-06,bugs,source_scope_difference_or_mixed,paper,462af82d7027979fe68e7245b772c2c6cdbe7d94,../treatment-repos/zauberzeug_nicegui,,1191,7,0,351,103,255,0,(root),34
treatment,zauberzeug/nicegui,2024-06,bugs,source_scope_difference_or_mixed,paper,462af82d7027979fe68e7245b772c2c6cdbe7d94,../treatment-repos/zauberzeug_nicegui,,1191,2,0,351,103,255,0,.github,9
treatment,zauberzeug/nicegui,2024-06,bugs,source_scope_difference_or_mixed,paper,462af82d7027979fe68e7245b772c2c6cdbe7d94,../treatment-repos/zauberzeug_nicegui,,1191,0,0,351,103,255,0,scripts,5
treatment,zauberzeug/nicegui,2024-06,bugs,source_scope_difference_or_mixed,paper,462af82d7027979fe68e7245b772c2c6cdbe7d94,../treatment-repos/zauberzeug_nicegui,,1191,0,0,351,103,255,0,.devcontainer,2
treatment,zauberzeug/nicegui,2024-06,bugs,source_scope_difference_or_mixed,paper,462af82d7027979fe68e7245b772c2c6cdbe7d94,../treatment-repos/zauberzeug_nicegui,,1191,0,0,351,103,255,0,.vscode,1
treatment,zauberzeug/nicegui,2024-04,bugs,source_scope_difference_or_mixed,paper,1bce2bad367d5baf842badb51a0d78c8543a49ef,../treatment-repos/zauberzeug_nicegui,,1040,319,0,228,96,245,0,nicegui,623
treatment,zauberzeug/nicegui,2024-04,bugs,source_scope_difference_or_mixed,paper,1bce2bad367d5baf842badb51a0d78c8543a49ef,../treatment-repos/zauberzeug_nicegui,,1040,127,0,228,96,245,0,website,168
treatment,zauberzeug/nicegui,2024-04,bugs,source_scope_difference_or_mixed,paper,1bce2bad367d5baf842badb51a0d78c8543a49ef,../treatment-repos/zauberzeug_nicegui,,1040,84,0,228,96,245,0,tests,86
treatment,zauberzeug/nicegui,2024-04,bugs,source_scope_difference_or_mixed,paper,1bce2bad367d5baf842badb51a0d78c8543a49ef,../treatment-repos/zauberzeug_nicegui,,1040,74,0,228,96,245,0,examples,117
treatment,zauberzeug/nicegui,2024-04,bugs,source_scope_difference_or_mixed,paper,1bce2bad367d5baf842badb51a0d78c8543a49ef,../treatment-repos/zauberzeug_nicegui,,1040,7,0,228,96,245,0,(root),34
treatment,zauberzeug/nicegui,2024-04,bugs,source_scope_difference_or_mixed,paper,1bce2bad367d5baf842badb51a0d78c8543a49ef,../treatment-repos/zauberzeug_nicegui,,1040,2,0,228,96,245,0,.github,9
treatment,zauberzeug/nicegui,2024-04,bugs,source_scope_difference_or_mixed,paper,1bce2bad367d5baf842badb51a0d78c8543a49ef,../treatment-repos/zauberzeug_nicegui,,1040,0,0,228,96,245,0,.devcontainer,2
treatment,zauberzeug/nicegui,2024-04,bugs,source_scope_difference_or_mixed,paper,1bce2bad367d5baf842badb51a0d78c8543a49ef,../treatment-repos/zauberzeug_nicegui,,1040,0,0,228,96,245,0,.vscode,1
treatment,zauberzeug/nicegui,2024-01,bugs,source_scope_difference_or_mixed,paper,f4c57a962f8cc96085eb41860c1346da77228824,../treatment-repos/zauberzeug_nicegui,,1004,308,0,225,90,223,0,nicegui,617
treatment,zauberzeug/nicegui,2024-01,bugs,source_scope_difference_or_mixed,paper,f4c57a962f8cc96085eb41860c1346da77228824,../treatment-repos/zauberzeug_nicegui,,1004,118,0,225,90,223,0,website,159
treatment,zauberzeug/nicegui,2024-01,bugs,source_scope_difference_or_mixed,paper,f4c57a962f8cc96085eb41860c1346da77228824,../treatment-repos/zauberzeug_nicegui,,1004,78,0,225,90,223,0,tests,80
treatment,zauberzeug/nicegui,2024-01,bugs,source_scope_difference_or_mixed,paper,f4c57a962f8cc96085eb41860c1346da77228824,../treatment-repos/zauberzeug_nicegui,,1004,67,0,225,90,223,0,examples,104
treatment,zauberzeug/nicegui,2024-01,bugs,source_scope_difference_or_mixed,paper,f4c57a962f8cc96085eb41860c1346da77228824,../treatment-repos/zauberzeug_nicegui,,1004,7,0,225,90,223,0,(root),33
treatment,zauberzeug/nicegui,2024-01,bugs,source_scope_difference_or_mixed,paper,f4c57a962f8cc96085eb41860c1346da77228824,../treatment-repos/zauberzeug_nicegui,,1004,2,0,225,90,223,0,.github,8
treatment,zauberzeug/nicegui,2024-01,bugs,source_scope_difference_or_mixed,paper,f4c57a962f8cc96085eb41860c1346da77228824,../treatment-repos/zauberzeug_nicegui,,1004,0,0,225,90,223,0,.devcontainer,2
treatment,zauberzeug/nicegui,2024-01,bugs,source_scope_difference_or_mixed,paper,f4c57a962f8cc96085eb41860c1346da77228824,../treatment-repos/zauberzeug_nicegui,,1004,0,0,225,90,223,0,.vscode,1
treatment,zauberzeug/nicegui,2024-05,bugs,source_scope_difference_or_mixed,paper,92a0cf0fdaee28ffba8329483e55f2a5d5c529fe,../treatment-repos/zauberzeug_nicegui,,1178,323,0,349,102,248,0,nicegui,748
treatment,zauberzeug/nicegui,2024-05,bugs,source_scope_difference_or_mixed,paper,92a0cf0fdaee28ffba8329483e55f2a5d5c529fe,../treatment-repos/zauberzeug_nicegui,,1178,129,0,349,102,248,0,website,170
treatment,zauberzeug/nicegui,2024-05,bugs,source_scope_difference_or_mixed,paper,92a0cf0fdaee28ffba8329483e55f2a5d5c529fe,../treatment-repos/zauberzeug_nicegui,,1178,87,0,349,102,248,0,tests,92
treatment,zauberzeug/nicegui,2024-05,bugs,source_scope_difference_or_mixed,paper,92a0cf0fdaee28ffba8329483e55f2a5d5c529fe,../treatment-repos/zauberzeug_nicegui,,1178,74,0,349,102,248,0,examples,117
treatment,zauberzeug/nicegui,2024-05,bugs,source_scope_difference_or_mixed,paper,92a0cf0fdaee28ffba8329483e55f2a5d5c529fe,../treatment-repos/zauberzeug_nicegui,,1178,7,0,349,102,248,0,(root),34
treatment,zauberzeug/nicegui,2024-05,bugs,source_scope_difference_or_mixed,paper,92a0cf0fdaee28ffba8329483e55f2a5d5c529fe,../treatment-repos/zauberzeug_nicegui,,1178,2,0,349,102,248,0,.github,9
treatment,zauberzeug/nicegui,2024-05,bugs,source_scope_difference_or_mixed,paper,92a0cf0fdaee28ffba8329483e55f2a5d5c529fe,../treatment-repos/zauberzeug_nicegui,,1178,0,0,349,102,248,0,scripts,5
treatment,zauberzeug/nicegui,2024-05,bugs,source_scope_difference_or_mixed,paper,92a0cf0fdaee28ffba8329483e55f2a5d5c529fe,../treatment-repos/zauberzeug_nicegui,,1178,0,0,349,102,248,0,.devcontainer,2
treatment,zauberzeug/nicegui,2024-05,bugs,source_scope_difference_or_mixed,paper,92a0cf0fdaee28ffba8329483e55f2a5d5c529fe,../treatment-repos/zauberzeug_nicegui,,1178,0,0,349,102,248,0,.vscode,1
treatment,zauberzeug/nicegui,2024-02,bugs,commit_selection_difference,paper,38fcfe13fd8e5b297a8cb12aa357f94ad3d84eda,../treatment-repos/zauberzeug_nicegui,,1008,311,0,227,92,226,0,nicegui,615
treatment,zauberzeug/nicegui,2024-02,bugs,commit_selection_difference,paper,38fcfe13fd8e5b297a8cb12aa357f94ad3d84eda,../treatment-repos/zauberzeug_nicegui,,1008,121,0,227,92,226,0,website,162
treatment,zauberzeug/nicegui,2024-02,bugs,commit_selection_difference,paper,38fcfe13fd8e5b297a8cb12aa357f94ad3d84eda,../treatment-repos/zauberzeug_nicegui,,1008,80,0,227,92,226,0,tests,82
treatment,zauberzeug/nicegui,2024-02,bugs,commit_selection_difference,paper,38fcfe13fd8e5b297a8cb12aa357f94ad3d84eda,../treatment-repos/zauberzeug_nicegui,,1008,67,0,227,92,226,0,examples,104
treatment,zauberzeug/nicegui,2024-02,bugs,commit_selection_difference,paper,38fcfe13fd8e5b297a8cb12aa357f94ad3d84eda,../treatment-repos/zauberzeug_nicegui,,1008,7,0,227,92,226,0,(root),33
treatment,zauberzeug/nicegui,2024-02,bugs,commit_selection_difference,paper,38fcfe13fd8e5b297a8cb12aa357f94ad3d84eda,../treatment-repos/zauberzeug_nicegui,,1008,2,0,227,92,226,0,.github,9
treatment,zauberzeug/nicegui,2024-02,bugs,commit_selection_difference,paper,38fcfe13fd8e5b297a8cb12aa357f94ad3d84eda,../treatment-repos/zauberzeug_nicegui,,1008,0,0,227,92,226,0,.devcontainer,2
treatment,zauberzeug/nicegui,2024-02,bugs,commit_selection_difference,paper,38fcfe13fd8e5b297a8cb12aa357f94ad3d84eda,../treatment-repos/zauberzeug_nicegui,,1008,0,0,227,92,226,0,.vscode,1
treatment,zauberzeug/nicegui,2024-02,bugs,commit_selection_difference,our,4a0c1c874fc3b56c4f2dc400a4367a71df5a66fe,../treatment-repos/zauberzeug_nicegui,,1008,311,0,227,92,226,0,nicegui,615
treatment,zauberzeug/nicegui,2024-02,bugs,commit_selection_difference,our,4a0c1c874fc3b56c4f2dc400a4367a71df5a66fe,../treatment-repos/zauberzeug_nicegui,,1008,121,0,227,92,226,0,website,162
treatment,zauberzeug/nicegui,2024-02,bugs,commit_selection_difference,our,4a0c1c874fc3b56c4f2dc400a4367a71df5a66fe,../treatment-repos/zauberzeug_nicegui,,1008,80,0,227,92,226,0,tests,82
treatment,zauberzeug/nicegui,2024-02,bugs,commit_selection_difference,our,4a0c1c874fc3b56c4f2dc400a4367a71df5a66fe,../treatment-repos/zauberzeug_nicegui,,1008,67,0,227,92,226,0,examples,104
treatment,zauberzeug/nicegui,2024-02,bugs,commit_selection_difference,our,4a0c1c874fc3b56c4f2dc400a4367a71df5a66fe,../treatment-repos/zauberzeug_nicegui,,1008,7,0,227,92,226,0,(root),33
treatment,zauberzeug/nicegui,2024-02,bugs,commit_selection_difference,our,4a0c1c874fc3b56c4f2dc400a4367a71df5a66fe,../treatment-repos/zauberzeug_nicegui,,1008,2,0,227,92,226,0,.github,9
treatment,zauberzeug/nicegui,2024-02,bugs,commit_selection_difference,our,4a0c1c874fc3b56c4f2dc400a4367a71df5a66fe,../treatment-repos/zauberzeug_nicegui,,1008,0,0,227,92,226,0,.devcontainer,2
treatment,zauberzeug/nicegui,2024-02,bugs,commit_selection_difference,our,4a0c1c874fc3b56c4f2dc400a4367a71df5a66fe,../treatment-repos/zauberzeug_nicegui,,1008,0,0,227,92,226,0,.vscode,1
treatment,zauberzeug/nicegui,2024-07,bugs,source_scope_difference_or_mixed,paper,b0bc2078fb1e70607879d82ce96e3a488bc41f69,../treatment-repos/zauberzeug_nicegui,,1192,325,0,352,103,255,0,nicegui,754
treatment,zauberzeug/nicegui,2024-07,bugs,source_scope_difference_or_mixed,paper,b0bc2078fb1e70607879d82ce96e3a488bc41f69,../treatment-repos/zauberzeug_nicegui,,1192,131,0,352,103,255,0,website,172
treatment,zauberzeug/nicegui,2024-07,bugs,source_scope_difference_or_mixed,paper,b0bc2078fb1e70607879d82ce96e3a488bc41f69,../treatment-repos/zauberzeug_nicegui,,1192,88,0,352,103,255,0,tests,93
treatment,zauberzeug/nicegui,2024-07,bugs,source_scope_difference_or_mixed,paper,b0bc2078fb1e70607879d82ce96e3a488bc41f69,../treatment-repos/zauberzeug_nicegui,,1192,75,0,352,103,255,0,examples,122
treatment,zauberzeug/nicegui,2024-07,bugs,source_scope_difference_or_mixed,paper,b0bc2078fb1e70607879d82ce96e3a488bc41f69,../treatment-repos/zauberzeug_nicegui,,1192,7,0,352,103,255,0,(root),34
treatment,zauberzeug/nicegui,2024-07,bugs,source_scope_difference_or_mixed,paper,b0bc2078fb1e70607879d82ce96e3a488bc41f69,../treatment-repos/zauberzeug_nicegui,,1192,2,0,352,103,255,0,.github,9
treatment,zauberzeug/nicegui,2024-07,bugs,source_scope_difference_or_mixed,paper,b0bc2078fb1e70607879d82ce96e3a488bc41f69,../treatment-repos/zauberzeug_nicegui,,1192,0,0,352,103,255,0,scripts,5
treatment,zauberzeug/nicegui,2024-07,bugs,source_scope_difference_or_mixed,paper,b0bc2078fb1e70607879d82ce96e3a488bc41f69,../treatment-repos/zauberzeug_nicegui,,1192,0,0,352,103,255,0,.devcontainer,2
treatment,zauberzeug/nicegui,2024-07,bugs,source_scope_difference_or_mixed,paper,b0bc2078fb1e70607879d82ce96e3a488bc41f69,../treatment-repos/zauberzeug_nicegui,,1192,0,0,352,103,255,0,.vscode,1
treatment,zauberzeug/nicegui,2024-03,bugs,source_scope_difference_or_mixed,paper,fff7b27eea91bf2b3d3f3080f0919c3ac62978b8,../treatment-repos/zauberzeug_nicegui,,1017,313,0,228,93,232,0,nicegui,617
treatment,zauberzeug/nicegui,2024-03,bugs,source_scope_difference_or_mixed,paper,fff7b27eea91bf2b3d3f3080f0919c3ac62978b8,../treatment-repos/zauberzeug_nicegui,,1017,123,0,228,93,232,0,website,164
treatment,zauberzeug/nicegui,2024-03,bugs,source_scope_difference_or_mixed,paper,fff7b27eea91bf2b3d3f3080f0919c3ac62978b8,../treatment-repos/zauberzeug_nicegui,,1017,81,0,228,93,232,0,tests,83
treatment,zauberzeug/nicegui,2024-03,bugs,source_scope_difference_or_mixed,paper,fff7b27eea91bf2b3d3f3080f0919c3ac62978b8,../treatment-repos/zauberzeug_nicegui,,1017,69,0,228,93,232,0,examples,108
treatment,zauberzeug/nicegui,2024-03,bugs,source_scope_difference_or_mixed,paper,fff7b27eea91bf2b3d3f3080f0919c3ac62978b8,../treatment-repos/zauberzeug_nicegui,,1017,7,0,228,93,232,0,(root),33
treatment,zauberzeug/nicegui,2024-03,bugs,source_scope_difference_or_mixed,paper,fff7b27eea91bf2b3d3f3080f0919c3ac62978b8,../treatment-repos/zauberzeug_nicegui,,1017,2,0,228,93,232,0,.github,9
treatment,zauberzeug/nicegui,2024-03,bugs,source_scope_difference_or_mixed,paper,fff7b27eea91bf2b3d3f3080f0919c3ac62978b8,../treatment-repos/zauberzeug_nicegui,,1017,0,0,228,93,232,0,.devcontainer,2
treatment,zauberzeug/nicegui,2024-03,bugs,source_scope_difference_or_mixed,paper,fff7b27eea91bf2b3d3f3080f0919c3ac62978b8,../treatment-repos/zauberzeug_nicegui,,1017,0,0,228,93,232,0,.vscode,1
treatment,PostHog/posthog,2025-03,code_smells,source_scope_difference_or_mixed,paper,ecdaddcfaf15967165806e2cd4f9bc0cfb40f0e1,../treatment-repos/PostHog_posthog,,9368,2321,0,3068,1520,107,865,posthog,2547
treatment,PostHog/posthog,2025-03,code_smells,source_scope_difference_or_mixed,paper,ecdaddcfaf15967165806e2cd4f9bc0cfb40f0e1,../treatment-repos/PostHog_posthog,,9368,341,0,3068,1520,107,865,ee,397
treatment,PostHog/posthog,2025-03,code_smells,source_scope_difference_or_mixed,paper,ecdaddcfaf15967165806e2cd4f9bc0cfb40f0e1,../treatment-repos/PostHog_posthog,,9368,20,0,3068,1520,107,865,dags,22
treatment,PostHog/posthog,2025-03,code_smells,source_scope_difference_or_mixed,paper,ecdaddcfaf15967165806e2cd4f9bc0cfb40f0e1,../treatment-repos/PostHog_posthog,,9368,17,0,3068,1520,107,865,common,242
treatment,PostHog/posthog,2025-03,code_smells,source_scope_difference_or_mixed,paper,ecdaddcfaf15967165806e2cd4f9bc0cfb40f0e1,../treatment-repos/PostHog_posthog,,9368,9,0,3068,1520,107,865,products,78
treatment,PostHog/posthog,2025-03,code_smells,source_scope_difference_or_mixed,paper,ecdaddcfaf15967165806e2cd4f9bc0cfb40f0e1,../treatment-repos/PostHog_posthog,,9368,3,0,3068,1520,107,865,bin,40
treatment,PostHog/posthog,2025-03,code_smells,source_scope_difference_or_mixed,paper,ecdaddcfaf15967165806e2cd4f9bc0cfb40f0e1,../treatment-repos/PostHog_posthog,,9368,2,0,3068,1520,107,865,plugin-server,553
treatment,PostHog/posthog,2025-03,code_smells,source_scope_difference_or_mixed,paper,ecdaddcfaf15967165806e2cd4f9bc0cfb40f0e1,../treatment-repos/PostHog_posthog,,9368,2,0,3068,1520,107,865,(root),53
treatment,PostHog/posthog,2025-03,code_smells,source_scope_difference_or_mixed,paper,ecdaddcfaf15967165806e2cd4f9bc0cfb40f0e1,../treatment-repos/PostHog_posthog,,9368,1,0,3068,1520,107,865,cypress,81
treatment,PostHog/posthog,2025-03,code_smells,source_scope_difference_or_mixed,paper,ecdaddcfaf15967165806e2cd4f9bc0cfb40f0e1,../treatment-repos/PostHog_posthog,,9368,0,0,3068,1520,107,865,frontend,4761
treatment,PostHog/posthog,2025-03,code_smells,source_scope_difference_or_mixed,paper,ecdaddcfaf15967165806e2cd4f9bc0cfb40f0e1,../treatment-repos/PostHog_posthog,,9368,0,0,3068,1520,107,865,rust,370
treatment,PostHog/posthog,2025-03,code_smells,source_scope_difference_or_mixed,paper,ecdaddcfaf15967165806e2cd4f9bc0cfb40f0e1,../treatment-repos/PostHog_posthog,,9368,0,0,3068,1520,107,865,.github,54
treatment,PostHog/posthog,2025-02,static_analysis_warnings,source_scope_difference_or_mixed,paper,e6cdfed56138f74a1e8bcac05f60036d96ab9a6a,../treatment-repos/PostHog_posthog,,9081,2223,0,2992,1440,99,832,posthog,2466
treatment,PostHog/posthog,2025-02,static_analysis_warnings,source_scope_difference_or_mixed,paper,e6cdfed56138f74a1e8bcac05f60036d96ab9a6a,../treatment-repos/PostHog_posthog,,9081,310,0,2992,1440,99,832,ee,368
treatment,PostHog/posthog,2025-02,static_analysis_warnings,source_scope_difference_or_mixed,paper,e6cdfed56138f74a1e8bcac05f60036d96ab9a6a,../treatment-repos/PostHog_posthog,,9081,17,0,2992,1440,99,832,common,234
treatment,PostHog/posthog,2025-02,static_analysis_warnings,source_scope_difference_or_mixed,paper,e6cdfed56138f74a1e8bcac05f60036d96ab9a6a,../treatment-repos/PostHog_posthog,,9081,14,0,2992,1440,99,832,dags,14
treatment,PostHog/posthog,2025-02,static_analysis_warnings,source_scope_difference_or_mixed,paper,e6cdfed56138f74a1e8bcac05f60036d96ab9a6a,../treatment-repos/PostHog_posthog,,9081,9,0,2992,1440,99,832,products,56
treatment,PostHog/posthog,2025-02,static_analysis_warnings,source_scope_difference_or_mixed,paper,e6cdfed56138f74a1e8bcac05f60036d96ab9a6a,../treatment-repos/PostHog_posthog,,9081,3,0,2992,1440,99,832,bin,40
treatment,PostHog/posthog,2025-02,static_analysis_warnings,source_scope_difference_or_mixed,paper,e6cdfed56138f74a1e8bcac05f60036d96ab9a6a,../treatment-repos/PostHog_posthog,,9081,2,0,2992,1440,99,832,(root),54
treatment,PostHog/posthog,2025-02,static_analysis_warnings,source_scope_difference_or_mixed,paper,e6cdfed56138f74a1e8bcac05f60036d96ab9a6a,../treatment-repos/PostHog_posthog,,9081,1,0,2992,1440,99,832,plugin-server,567
treatment,PostHog/posthog,2025-02,static_analysis_warnings,source_scope_difference_or_mixed,paper,e6cdfed56138f74a1e8bcac05f60036d96ab9a6a,../treatment-repos/PostHog_posthog,,9081,1,0,2992,1440,99,832,cypress,85
treatment,PostHog/posthog,2025-02,static_analysis_warnings,source_scope_difference_or_mixed,paper,e6cdfed56138f74a1e8bcac05f60036d96ab9a6a,../treatment-repos/PostHog_posthog,,9081,0,0,2992,1440,99,832,frontend,4687
treatment,PostHog/posthog,2025-02,static_analysis_warnings,source_scope_difference_or_mixed,paper,e6cdfed56138f74a1e8bcac05f60036d96ab9a6a,../treatment-repos/PostHog_posthog,,9081,0,0,2992,1440,99,832,rust,329
treatment,PostHog/posthog,2025-02,static_analysis_warnings,source_scope_difference_or_mixed,paper,e6cdfed56138f74a1e8bcac05f60036d96ab9a6a,../treatment-repos/PostHog_posthog,,9081,0,0,2992,1440,99,832,.github,50
treatment,PostHog/posthog,2025-02,code_smells,source_scope_difference_or_mixed,paper,e6cdfed56138f74a1e8bcac05f60036d96ab9a6a,../treatment-repos/PostHog_posthog,,9081,2223,0,2992,1440,99,832,posthog,2466
treatment,PostHog/posthog,2025-02,code_smells,source_scope_difference_or_mixed,paper,e6cdfed56138f74a1e8bcac05f60036d96ab9a6a,../treatment-repos/PostHog_posthog,,9081,310,0,2992,1440,99,832,ee,368
treatment,PostHog/posthog,2025-02,code_smells,source_scope_difference_or_mixed,paper,e6cdfed56138f74a1e8bcac05f60036d96ab9a6a,../treatment-repos/PostHog_posthog,,9081,17,0,2992,1440,99,832,common,234
treatment,PostHog/posthog,2025-02,code_smells,source_scope_difference_or_mixed,paper,e6cdfed56138f74a1e8bcac05f60036d96ab9a6a,../treatment-repos/PostHog_posthog,,9081,14,0,2992,1440,99,832,dags,14
treatment,PostHog/posthog,2025-02,code_smells,source_scope_difference_or_mixed,paper,e6cdfed56138f74a1e8bcac05f60036d96ab9a6a,../treatment-repos/PostHog_posthog,,9081,9,0,2992,1440,99,832,products,56
treatment,PostHog/posthog,2025-02,code_smells,source_scope_difference_or_mixed,paper,e6cdfed56138f74a1e8bcac05f60036d96ab9a6a,../treatment-repos/PostHog_posthog,,9081,3,0,2992,1440,99,832,bin,40
treatment,PostHog/posthog,2025-02,code_smells,source_scope_difference_or_mixed,paper,e6cdfed56138f74a1e8bcac05f60036d96ab9a6a,../treatment-repos/PostHog_posthog,,9081,2,0,2992,1440,99,832,(root),54
treatment,PostHog/posthog,2025-02,code_smells,source_scope_difference_or_mixed,paper,e6cdfed56138f74a1e8bcac05f60036d96ab9a6a,../treatment-repos/PostHog_posthog,,9081,1,0,2992,1440,99,832,plugin-server,567
treatment,PostHog/posthog,2025-02,code_smells,source_scope_difference_or_mixed,paper,e6cdfed56138f74a1e8bcac05f60036d96ab9a6a,../treatment-repos/PostHog_posthog,,9081,1,0,2992,1440,99,832,cypress,85
treatment,PostHog/posthog,2025-02,code_smells,source_scope_difference_or_mixed,paper,e6cdfed56138f74a1e8bcac05f60036d96ab9a6a,../treatment-repos/PostHog_posthog,,9081,0,0,2992,1440,99,832,frontend,4687
treatment,PostHog/posthog,2025-02,code_smells,source_scope_difference_or_mixed,paper,e6cdfed56138f74a1e8bcac05f60036d96ab9a6a,../treatment-repos/PostHog_posthog,,9081,0,0,2992,1440,99,832,rust,329
treatment,PostHog/posthog,2025-02,code_smells,source_scope_difference_or_mixed,paper,e6cdfed56138f74a1e8bcac05f60036d96ab9a6a,../treatment-repos/PostHog_posthog,,9081,0,0,2992,1440,99,832,.github,50
treatment,zauberzeug/nicegui,2024-07,static_analysis_warnings,source_scope_difference_or_mixed,paper,b0bc2078fb1e70607879d82ce96e3a488bc41f69,../treatment-repos/zauberzeug_nicegui,,1192,325,0,352,103,255,0,nicegui,754
treatment,zauberzeug/nicegui,2024-07,static_analysis_warnings,source_scope_difference_or_mixed,paper,b0bc2078fb1e70607879d82ce96e3a488bc41f69,../treatment-repos/zauberzeug_nicegui,,1192,131,0,352,103,255,0,website,172
treatment,zauberzeug/nicegui,2024-07,static_analysis_warnings,source_scope_difference_or_mixed,paper,b0bc2078fb1e70607879d82ce96e3a488bc41f69,../treatment-repos/zauberzeug_nicegui,,1192,88,0,352,103,255,0,tests,93
treatment,zauberzeug/nicegui,2024-07,static_analysis_warnings,source_scope_difference_or_mixed,paper,b0bc2078fb1e70607879d82ce96e3a488bc41f69,../treatment-repos/zauberzeug_nicegui,,1192,75,0,352,103,255,0,examples,122
treatment,zauberzeug/nicegui,2024-07,static_analysis_warnings,source_scope_difference_or_mixed,paper,b0bc2078fb1e70607879d82ce96e3a488bc41f69,../treatment-repos/zauberzeug_nicegui,,1192,7,0,352,103,255,0,(root),34
treatment,zauberzeug/nicegui,2024-07,static_analysis_warnings,source_scope_difference_or_mixed,paper,b0bc2078fb1e70607879d82ce96e3a488bc41f69,../treatment-repos/zauberzeug_nicegui,,1192,2,0,352,103,255,0,.github,9
treatment,zauberzeug/nicegui,2024-07,static_analysis_warnings,source_scope_difference_or_mixed,paper,b0bc2078fb1e70607879d82ce96e3a488bc41f69,../treatment-repos/zauberzeug_nicegui,,1192,0,0,352,103,255,0,scripts,5
treatment,zauberzeug/nicegui,2024-07,static_analysis_warnings,source_scope_difference_or_mixed,paper,b0bc2078fb1e70607879d82ce96e3a488bc41f69,../treatment-repos/zauberzeug_nicegui,,1192,0,0,352,103,255,0,.devcontainer,2
treatment,zauberzeug/nicegui,2024-07,static_analysis_warnings,source_scope_difference_or_mixed,paper,b0bc2078fb1e70607879d82ce96e3a488bc41f69,../treatment-repos/zauberzeug_nicegui,,1192,0,0,352,103,255,0,.vscode,1
treatment,zauberzeug/nicegui,2024-06,static_analysis_warnings,source_scope_difference_or_mixed,paper,462af82d7027979fe68e7245b772c2c6cdbe7d94,../treatment-repos/zauberzeug_nicegui,,1191,325,0,351,103,255,0,nicegui,753
treatment,zauberzeug/nicegui,2024-06,static_analysis_warnings,source_scope_difference_or_mixed,paper,462af82d7027979fe68e7245b772c2c6cdbe7d94,../treatment-repos/zauberzeug_nicegui,,1191,131,0,351,103,255,0,website,172
treatment,zauberzeug/nicegui,2024-06,static_analysis_warnings,source_scope_difference_or_mixed,paper,462af82d7027979fe68e7245b772c2c6cdbe7d94,../treatment-repos/zauberzeug_nicegui,,1191,88,0,351,103,255,0,tests,93
treatment,zauberzeug/nicegui,2024-06,static_analysis_warnings,source_scope_difference_or_mixed,paper,462af82d7027979fe68e7245b772c2c6cdbe7d94,../treatment-repos/zauberzeug_nicegui,,1191,75,0,351,103,255,0,examples,122
treatment,zauberzeug/nicegui,2024-06,static_analysis_warnings,source_scope_difference_or_mixed,paper,462af82d7027979fe68e7245b772c2c6cdbe7d94,../treatment-repos/zauberzeug_nicegui,,1191,7,0,351,103,255,0,(root),34
treatment,zauberzeug/nicegui,2024-06,static_analysis_warnings,source_scope_difference_or_mixed,paper,462af82d7027979fe68e7245b772c2c6cdbe7d94,../treatment-repos/zauberzeug_nicegui,,1191,2,0,351,103,255,0,.github,9
treatment,zauberzeug/nicegui,2024-06,static_analysis_warnings,source_scope_difference_or_mixed,paper,462af82d7027979fe68e7245b772c2c6cdbe7d94,../treatment-repos/zauberzeug_nicegui,,1191,0,0,351,103,255,0,scripts,5
treatment,zauberzeug/nicegui,2024-06,static_analysis_warnings,source_scope_difference_or_mixed,paper,462af82d7027979fe68e7245b772c2c6cdbe7d94,../treatment-repos/zauberzeug_nicegui,,1191,0,0,351,103,255,0,.devcontainer,2
treatment,zauberzeug/nicegui,2024-06,static_analysis_warnings,source_scope_difference_or_mixed,paper,462af82d7027979fe68e7245b772c2c6cdbe7d94,../treatment-repos/zauberzeug_nicegui,,1191,0,0,351,103,255,0,.vscode,1
treatment,PostHog/posthog,2025-08,code_smells,source_scope_difference_or_mixed,paper,79cf381322842888a721905c09490e85f98a5a2a,../treatment-repos/PostHog_posthog,,12087,2791,0,3904,2058,119,1080,posthog,3054
treatment,PostHog/posthog,2025-08,code_smells,source_scope_difference_or_mixed,paper,79cf381322842888a721905c09490e85f98a5a2a,../treatment-repos/PostHog_posthog,,12087,461,0,3904,2058,119,1080,ee,535
treatment,PostHog/posthog,2025-08,code_smells,source_scope_difference_or_mixed,paper,79cf381322842888a721905c09490e85f98a5a2a,../treatment-repos/PostHog_posthog,,12087,271,0,3904,2058,119,1080,products,669
treatment,PostHog/posthog,2025-08,code_smells,source_scope_difference_or_mixed,paper,79cf381322842888a721905c09490e85f98a5a2a,../treatment-repos/PostHog_posthog,,12087,52,0,3904,2058,119,1080,dags,54
treatment,PostHog/posthog,2025-08,code_smells,source_scope_difference_or_mixed,paper,79cf381322842888a721905c09490e85f98a5a2a,../treatment-repos/PostHog_posthog,,12087,19,0,3904,2058,119,1080,common,244
treatment,PostHog/posthog,2025-08,code_smells,source_scope_difference_or_mixed,paper,79cf381322842888a721905c09490e85f98a5a2a,../treatment-repos/PostHog_posthog,,12087,6,0,3904,2058,119,1080,infra-scripts,9
treatment,PostHog/posthog,2025-08,code_smells,source_scope_difference_or_mixed,paper,79cf381322842888a721905c09490e85f98a5a2a,../treatment-repos/PostHog_posthog,,12087,5,0,3904,2058,119,1080,bin,52
treatment,PostHog/posthog,2025-08,code_smells,source_scope_difference_or_mixed,paper,79cf381322842888a721905c09490e85f98a5a2a,../treatment-repos/PostHog_posthog,,12087,2,0,3904,2058,119,1080,plugin-server,710
treatment,PostHog/posthog,2025-08,code_smells,source_scope_difference_or_mixed,paper,79cf381322842888a721905c09490e85f98a5a2a,../treatment-repos/PostHog_posthog,,12087,2,0,3904,2058,119,1080,(root),53
treatment,PostHog/posthog,2025-08,code_smells,source_scope_difference_or_mixed,paper,79cf381322842888a721905c09490e85f98a5a2a,../treatment-repos/PostHog_posthog,,12087,0,0,3904,2058,119,1080,frontend,5886
treatment,PostHog/posthog,2025-08,code_smells,source_scope_difference_or_mixed,paper,79cf381322842888a721905c09490e85f98a5a2a,../treatment-repos/PostHog_posthog,,12087,0,0,3904,2058,119,1080,rust,575
treatment,PostHog/posthog,2025-08,code_smells,source_scope_difference_or_mixed,paper,79cf381322842888a721905c09490e85f98a5a2a,../treatment-repos/PostHog_posthog,,12087,0,0,3904,2058,119,1080,.github,56
treatment,zauberzeug/nicegui,2024-05,static_analysis_warnings,source_scope_difference_or_mixed,paper,92a0cf0fdaee28ffba8329483e55f2a5d5c529fe,../treatment-repos/zauberzeug_nicegui,,1178,323,0,349,102,248,0,nicegui,748
treatment,zauberzeug/nicegui,2024-05,static_analysis_warnings,source_scope_difference_or_mixed,paper,92a0cf0fdaee28ffba8329483e55f2a5d5c529fe,../treatment-repos/zauberzeug_nicegui,,1178,129,0,349,102,248,0,website,170
treatment,zauberzeug/nicegui,2024-05,static_analysis_warnings,source_scope_difference_or_mixed,paper,92a0cf0fdaee28ffba8329483e55f2a5d5c529fe,../treatment-repos/zauberzeug_nicegui,,1178,87,0,349,102,248,0,tests,92
treatment,zauberzeug/nicegui,2024-05,static_analysis_warnings,source_scope_difference_or_mixed,paper,92a0cf0fdaee28ffba8329483e55f2a5d5c529fe,../treatment-repos/zauberzeug_nicegui,,1178,74,0,349,102,248,0,examples,117
treatment,zauberzeug/nicegui,2024-05,static_analysis_warnings,source_scope_difference_or_mixed,paper,92a0cf0fdaee28ffba8329483e55f2a5d5c529fe,../treatment-repos/zauberzeug_nicegui,,1178,7,0,349,102,248,0,(root),34
treatment,zauberzeug/nicegui,2024-05,static_analysis_warnings,source_scope_difference_or_mixed,paper,92a0cf0fdaee28ffba8329483e55f2a5d5c529fe,../treatment-repos/zauberzeug_nicegui,,1178,2,0,349,102,248,0,.github,9
treatment,zauberzeug/nicegui,2024-05,static_analysis_warnings,source_scope_difference_or_mixed,paper,92a0cf0fdaee28ffba8329483e55f2a5d5c529fe,../treatment-repos/zauberzeug_nicegui,,1178,0,0,349,102,248,0,scripts,5
treatment,zauberzeug/nicegui,2024-05,static_analysis_warnings,source_scope_difference_or_mixed,paper,92a0cf0fdaee28ffba8329483e55f2a5d5c529fe,../treatment-repos/zauberzeug_nicegui,,1178,0,0,349,102,248,0,.devcontainer,2
treatment,zauberzeug/nicegui,2024-05,static_analysis_warnings,source_scope_difference_or_mixed,paper,92a0cf0fdaee28ffba8329483e55f2a5d5c529fe,../treatment-repos/zauberzeug_nicegui,,1178,0,0,349,102,248,0,.vscode,1
treatment,zauberzeug/nicegui,2024-04,static_analysis_warnings,source_scope_difference_or_mixed,paper,1bce2bad367d5baf842badb51a0d78c8543a49ef,../treatment-repos/zauberzeug_nicegui,,1040,319,0,228,96,245,0,nicegui,623
treatment,zauberzeug/nicegui,2024-04,static_analysis_warnings,source_scope_difference_or_mixed,paper,1bce2bad367d5baf842badb51a0d78c8543a49ef,../treatment-repos/zauberzeug_nicegui,,1040,127,0,228,96,245,0,website,168
treatment,zauberzeug/nicegui,2024-04,static_analysis_warnings,source_scope_difference_or_mixed,paper,1bce2bad367d5baf842badb51a0d78c8543a49ef,../treatment-repos/zauberzeug_nicegui,,1040,84,0,228,96,245,0,tests,86
treatment,zauberzeug/nicegui,2024-04,static_analysis_warnings,source_scope_difference_or_mixed,paper,1bce2bad367d5baf842badb51a0d78c8543a49ef,../treatment-repos/zauberzeug_nicegui,,1040,74,0,228,96,245,0,examples,117
treatment,zauberzeug/nicegui,2024-04,static_analysis_warnings,source_scope_difference_or_mixed,paper,1bce2bad367d5baf842badb51a0d78c8543a49ef,../treatment-repos/zauberzeug_nicegui,,1040,7,0,228,96,245,0,(root),34
treatment,zauberzeug/nicegui,2024-04,static_analysis_warnings,source_scope_difference_or_mixed,paper,1bce2bad367d5baf842badb51a0d78c8543a49ef,../treatment-repos/zauberzeug_nicegui,,1040,2,0,228,96,245,0,.github,9
treatment,zauberzeug/nicegui,2024-04,static_analysis_warnings,source_scope_difference_or_mixed,paper,1bce2bad367d5baf842badb51a0d78c8543a49ef,../treatment-repos/zauberzeug_nicegui,,1040,0,0,228,96,245,0,.devcontainer,2
treatment,zauberzeug/nicegui,2024-04,static_analysis_warnings,source_scope_difference_or_mixed,paper,1bce2bad367d5baf842badb51a0d78c8543a49ef,../treatment-repos/zauberzeug_nicegui,,1040,0,0,228,96,245,0,.vscode,1
treatment,zauberzeug/nicegui,2024-03,static_analysis_warnings,source_scope_difference_or_mixed,paper,fff7b27eea91bf2b3d3f3080f0919c3ac62978b8,../treatment-repos/zauberzeug_nicegui,,1017,313,0,228,93,232,0,nicegui,617
treatment,zauberzeug/nicegui,2024-03,static_analysis_warnings,source_scope_difference_or_mixed,paper,fff7b27eea91bf2b3d3f3080f0919c3ac62978b8,../treatment-repos/zauberzeug_nicegui,,1017,123,0,228,93,232,0,website,164
treatment,zauberzeug/nicegui,2024-03,static_analysis_warnings,source_scope_difference_or_mixed,paper,fff7b27eea91bf2b3d3f3080f0919c3ac62978b8,../treatment-repos/zauberzeug_nicegui,,1017,81,0,228,93,232,0,tests,83
treatment,zauberzeug/nicegui,2024-03,static_analysis_warnings,source_scope_difference_or_mixed,paper,fff7b27eea91bf2b3d3f3080f0919c3ac62978b8,../treatment-repos/zauberzeug_nicegui,,1017,69,0,228,93,232,0,examples,108
treatment,zauberzeug/nicegui,2024-03,static_analysis_warnings,source_scope_difference_or_mixed,paper,fff7b27eea91bf2b3d3f3080f0919c3ac62978b8,../treatment-repos/zauberzeug_nicegui,,1017,7,0,228,93,232,0,(root),33
treatment,zauberzeug/nicegui,2024-03,static_analysis_warnings,source_scope_difference_or_mixed,paper,fff7b27eea91bf2b3d3f3080f0919c3ac62978b8,../treatment-repos/zauberzeug_nicegui,,1017,2,0,228,93,232,0,.github,9
treatment,zauberzeug/nicegui,2024-03,static_analysis_warnings,source_scope_difference_or_mixed,paper,fff7b27eea91bf2b3d3f3080f0919c3ac62978b8,../treatment-repos/zauberzeug_nicegui,,1017,0,0,228,93,232,0,.devcontainer,2
treatment,zauberzeug/nicegui,2024-03,static_analysis_warnings,source_scope_difference_or_mixed,paper,fff7b27eea91bf2b3d3f3080f0919c3ac62978b8,../treatment-repos/zauberzeug_nicegui,,1017,0,0,228,93,232,0,.vscode,1
treatment,PostHog/posthog,2025-08,static_analysis_warnings,source_scope_difference_or_mixed,paper,79cf381322842888a721905c09490e85f98a5a2a,../treatment-repos/PostHog_posthog,,12087,2791,0,3904,2058,119,1080,posthog,3054
treatment,PostHog/posthog,2025-08,static_analysis_warnings,source_scope_difference_or_mixed,paper,79cf381322842888a721905c09490e85f98a5a2a,../treatment-repos/PostHog_posthog,,12087,461,0,3904,2058,119,1080,ee,535
treatment,PostHog/posthog,2025-08,static_analysis_warnings,source_scope_difference_or_mixed,paper,79cf381322842888a721905c09490e85f98a5a2a,../treatment-repos/PostHog_posthog,,12087,271,0,3904,2058,119,1080,products,669
treatment,PostHog/posthog,2025-08,static_analysis_warnings,source_scope_difference_or_mixed,paper,79cf381322842888a721905c09490e85f98a5a2a,../treatment-repos/PostHog_posthog,,12087,52,0,3904,2058,119,1080,dags,54
treatment,PostHog/posthog,2025-08,static_analysis_warnings,source_scope_difference_or_mixed,paper,79cf381322842888a721905c09490e85f98a5a2a,../treatment-repos/PostHog_posthog,,12087,19,0,3904,2058,119,1080,common,244
treatment,PostHog/posthog,2025-08,static_analysis_warnings,source_scope_difference_or_mixed,paper,79cf381322842888a721905c09490e85f98a5a2a,../treatment-repos/PostHog_posthog,,12087,6,0,3904,2058,119,1080,infra-scripts,9
treatment,PostHog/posthog,2025-08,static_analysis_warnings,source_scope_difference_or_mixed,paper,79cf381322842888a721905c09490e85f98a5a2a,../treatment-repos/PostHog_posthog,,12087,5,0,3904,2058,119,1080,bin,52
treatment,PostHog/posthog,2025-08,static_analysis_warnings,source_scope_difference_or_mixed,paper,79cf381322842888a721905c09490e85f98a5a2a,../treatment-repos/PostHog_posthog,,12087,2,0,3904,2058,119,1080,plugin-server,710
treatment,PostHog/posthog,2025-08,static_analysis_warnings,source_scope_difference_or_mixed,paper,79cf381322842888a721905c09490e85f98a5a2a,../treatment-repos/PostHog_posthog,,12087,2,0,3904,2058,119,1080,(root),53
treatment,PostHog/posthog,2025-08,static_analysis_warnings,source_scope_difference_or_mixed,paper,79cf381322842888a721905c09490e85f98a5a2a,../treatment-repos/PostHog_posthog,,12087,0,0,3904,2058,119,1080,frontend,5886
treatment,PostHog/posthog,2025-08,static_analysis_warnings,source_scope_difference_or_mixed,paper,79cf381322842888a721905c09490e85f98a5a2a,../treatment-repos/PostHog_posthog,,12087,0,0,3904,2058,119,1080,rust,575
treatment,PostHog/posthog,2025-08,static_analysis_warnings,source_scope_difference_or_mixed,paper,79cf381322842888a721905c09490e85f98a5a2a,../treatment-repos/PostHog_posthog,,12087,0,0,3904,2058,119,1080,.github,56
control,PennyLaneAI/catalyst,2025-05,technical_debt,rule_config_analyzer_profile_signal,paper,06db0834814629bbac4bea9188101898cc4b0a91,../control-repos/PennyLaneAI_catalyst,,801,179,6,0,249,78,28,frontend,208
control,PennyLaneAI/catalyst,2025-05,technical_debt,rule_config_analyzer_profile_signal,paper,06db0834814629bbac4bea9188101898cc4b0a91,../control-repos/PennyLaneAI_catalyst,,801,13,6,0,249,78,28,benchmark,18
control,PennyLaneAI/catalyst,2025-05,technical_debt,rule_config_analyzer_profile_signal,paper,06db0834814629bbac4bea9188101898cc4b0a91,../control-repos/PennyLaneAI_catalyst,,801,7,6,0,249,78,28,mlir,389
control,PennyLaneAI/catalyst,2025-05,technical_debt,rule_config_analyzer_profile_signal,paper,06db0834814629bbac4bea9188101898cc4b0a91,../control-repos/PennyLaneAI_catalyst,,801,4,6,0,249,78,28,bin,4
control,PennyLaneAI/catalyst,2025-05,technical_debt,rule_config_analyzer_profile_signal,paper,06db0834814629bbac4bea9188101898cc4b0a91,../control-repos/PennyLaneAI_catalyst,,801,3,6,0,249,78,28,standalone_plugin_wheel,4
control,PennyLaneAI/catalyst,2025-05,technical_debt,rule_config_analyzer_profile_signal,paper,06db0834814629bbac4bea9188101898cc4b0a91,../control-repos/PennyLaneAI_catalyst,,801,2,6,0,249,78,28,doc,75
control,PennyLaneAI/catalyst,2025-05,technical_debt,rule_config_analyzer_profile_signal,paper,06db0834814629bbac4bea9188101898cc4b0a91,../control-repos/PennyLaneAI_catalyst,,801,2,6,0,249,78,28,.github,31
control,PennyLaneAI/catalyst,2025-05,technical_debt,rule_config_analyzer_profile_signal,paper,06db0834814629bbac4bea9188101898cc4b0a91,../control-repos/PennyLaneAI_catalyst,,801,1,6,0,249,78,28,(root),16
control,PennyLaneAI/catalyst,2025-05,technical_debt,rule_config_analyzer_profile_signal,paper,06db0834814629bbac4bea9188101898cc4b0a91,../control-repos/PennyLaneAI_catalyst,,801,0,6,0,249,78,28,runtime,50
control,PennyLaneAI/catalyst,2025-05,technical_debt,rule_config_analyzer_profile_signal,paper,06db0834814629bbac4bea9188101898cc4b0a91,../control-repos/PennyLaneAI_catalyst,,801,0,6,0,249,78,28,demos,6
treatment,getsentry/sentry,2024-01,code_smells,source_scope_difference_or_mixed,paper,8073feb6eac31a856f6a389a1c289430b35e3589,../treatment-repos/getsentry_sentry,,13503,3568,0,4849,3871,463,750,src,4156
treatment,getsentry/sentry,2024-01,code_smells,source_scope_difference_or_mixed,paper,8073feb6eac31a856f6a389a1c289430b35e3589,../treatment-repos/getsentry_sentry,,13503,1918,0,4849,3871,463,750,tests,3776
treatment,getsentry/sentry,2024-01,code_smells,source_scope_difference_or_mixed,paper,8073feb6eac31a856f6a389a1c289430b35e3589,../treatment-repos/getsentry_sentry,,13503,86,0,4849,3871,463,750,fixtures,489
treatment,getsentry/sentry,2024-01,code_smells,source_scope_difference_or_mixed,paper,8073feb6eac31a856f6a389a1c289430b35e3589,../treatment-repos/getsentry_sentry,,13503,15,0,4849,3871,463,750,tools,15
treatment,getsentry/sentry,2024-01,code_smells,source_scope_difference_or_mixed,paper,8073feb6eac31a856f6a389a1c289430b35e3589,../treatment-repos/getsentry_sentry,,13503,5,0,4849,3871,463,750,scripts,20
treatment,getsentry/sentry,2024-01,code_smells,source_scope_difference_or_mixed,paper,8073feb6eac31a856f6a389a1c289430b35e3589,../treatment-repos/getsentry_sentry,,13503,4,0,4849,3871,463,750,bin,21
treatment,getsentry/sentry,2024-01,code_smells,source_scope_difference_or_mixed,paper,8073feb6eac31a856f6a389a1c289430b35e3589,../treatment-repos/getsentry_sentry,,13503,1,0,4849,3871,463,750,(root),42
treatment,getsentry/sentry,2024-01,code_smells,source_scope_difference_or_mixed,paper,8073feb6eac31a856f6a389a1c289430b35e3589,../treatment-repos/getsentry_sentry,,13503,1,0,4849,3871,463,750,self-hosted,4
treatment,getsentry/sentry,2024-01,code_smells,source_scope_difference_or_mixed,paper,8073feb6eac31a856f6a389a1c289430b35e3589,../treatment-repos/getsentry_sentry,,13503,0,0,4849,3871,463,750,static,4824
treatment,getsentry/sentry,2024-01,code_smells,source_scope_difference_or_mixed,paper,8073feb6eac31a856f6a389a1c289430b35e3589,../treatment-repos/getsentry_sentry,,13503,0,0,4849,3871,463,750,api-docs,75
treatment,getsentry/sentry,2024-01,code_smells,source_scope_difference_or_mixed,paper,8073feb6eac31a856f6a389a1c289430b35e3589,../treatment-repos/getsentry_sentry,,13503,0,0,4849,3871,463,750,.github,55
treatment,getsentry/sentry,2024-01,code_smells,source_scope_difference_or_mixed,paper,8073feb6eac31a856f6a389a1c289430b35e3589,../treatment-repos/getsentry_sentry,,13503,0,0,4849,3871,463,750,config,18
treatment,zauberzeug/nicegui,2024-02,static_analysis_warnings,commit_selection_difference,paper,38fcfe13fd8e5b297a8cb12aa357f94ad3d84eda,../treatment-repos/zauberzeug_nicegui,,1008,311,0,227,92,226,0,nicegui,615
treatment,zauberzeug/nicegui,2024-02,static_analysis_warnings,commit_selection_difference,paper,38fcfe13fd8e5b297a8cb12aa357f94ad3d84eda,../treatment-repos/zauberzeug_nicegui,,1008,121,0,227,92,226,0,website,162
treatment,zauberzeug/nicegui,2024-02,static_analysis_warnings,commit_selection_difference,paper,38fcfe13fd8e5b297a8cb12aa357f94ad3d84eda,../treatment-repos/zauberzeug_nicegui,,1008,80,0,227,92,226,0,tests,82
treatment,zauberzeug/nicegui,2024-02,static_analysis_warnings,commit_selection_difference,paper,38fcfe13fd8e5b297a8cb12aa357f94ad3d84eda,../treatment-repos/zauberzeug_nicegui,,1008,67,0,227,92,226,0,examples,104
treatment,zauberzeug/nicegui,2024-02,static_analysis_warnings,commit_selection_difference,paper,38fcfe13fd8e5b297a8cb12aa357f94ad3d84eda,../treatment-repos/zauberzeug_nicegui,,1008,7,0,227,92,226,0,(root),33
treatment,zauberzeug/nicegui,2024-02,static_analysis_warnings,commit_selection_difference,paper,38fcfe13fd8e5b297a8cb12aa357f94ad3d84eda,../treatment-repos/zauberzeug_nicegui,,1008,2,0,227,92,226,0,.github,9
treatment,zauberzeug/nicegui,2024-02,static_analysis_warnings,commit_selection_difference,paper,38fcfe13fd8e5b297a8cb12aa357f94ad3d84eda,../treatment-repos/zauberzeug_nicegui,,1008,0,0,227,92,226,0,.devcontainer,2
treatment,zauberzeug/nicegui,2024-02,static_analysis_warnings,commit_selection_difference,paper,38fcfe13fd8e5b297a8cb12aa357f94ad3d84eda,../treatment-repos/zauberzeug_nicegui,,1008,0,0,227,92,226,0,.vscode,1
treatment,zauberzeug/nicegui,2024-02,static_analysis_warnings,commit_selection_difference,our,4a0c1c874fc3b56c4f2dc400a4367a71df5a66fe,../treatment-repos/zauberzeug_nicegui,,1008,311,0,227,92,226,0,nicegui,615
treatment,zauberzeug/nicegui,2024-02,static_analysis_warnings,commit_selection_difference,our,4a0c1c874fc3b56c4f2dc400a4367a71df5a66fe,../treatment-repos/zauberzeug_nicegui,,1008,121,0,227,92,226,0,website,162
treatment,zauberzeug/nicegui,2024-02,static_analysis_warnings,commit_selection_difference,our,4a0c1c874fc3b56c4f2dc400a4367a71df5a66fe,../treatment-repos/zauberzeug_nicegui,,1008,80,0,227,92,226,0,tests,82
treatment,zauberzeug/nicegui,2024-02,static_analysis_warnings,commit_selection_difference,our,4a0c1c874fc3b56c4f2dc400a4367a71df5a66fe,../treatment-repos/zauberzeug_nicegui,,1008,67,0,227,92,226,0,examples,104
treatment,zauberzeug/nicegui,2024-02,static_analysis_warnings,commit_selection_difference,our,4a0c1c874fc3b56c4f2dc400a4367a71df5a66fe,../treatment-repos/zauberzeug_nicegui,,1008,7,0,227,92,226,0,(root),33
treatment,zauberzeug/nicegui,2024-02,static_analysis_warnings,commit_selection_difference,our,4a0c1c874fc3b56c4f2dc400a4367a71df5a66fe,../treatment-repos/zauberzeug_nicegui,,1008,2,0,227,92,226,0,.github,9
treatment,zauberzeug/nicegui,2024-02,static_analysis_warnings,commit_selection_difference,our,4a0c1c874fc3b56c4f2dc400a4367a71df5a66fe,../treatment-repos/zauberzeug_nicegui,,1008,0,0,227,92,226,0,.devcontainer,2
treatment,zauberzeug/nicegui,2024-02,static_analysis_warnings,commit_selection_difference,our,4a0c1c874fc3b56c4f2dc400a4367a71df5a66fe,../treatment-repos/zauberzeug_nicegui,,1008,0,0,227,92,226,0,.vscode,1
treatment,PostHog/posthog,2025-01,static_analysis_warnings,source_scope_difference_or_mixed,paper,1253d960c415d65583dac034353702ad74016da1,../treatment-repos/PostHog_posthog,,8598,2145,0,2771,1355,90,801,posthog,2379
treatment,PostHog/posthog,2025-01,static_analysis_warnings,source_scope_difference_or_mixed,paper,1253d960c415d65583dac034353702ad74016da1,../treatment-repos/PostHog_posthog,,8598,299,0,2771,1355,90,801,ee,356
treatment,PostHog/posthog,2025-01,static_analysis_warnings,source_scope_difference_or_mixed,paper,1253d960c415d65583dac034353702ad74016da1,../treatment-repos/PostHog_posthog,,8598,16,0,2771,1355,90,801,common,203
treatment,PostHog/posthog,2025-01,static_analysis_warnings,source_scope_difference_or_mixed,paper,1253d960c415d65583dac034353702ad74016da1,../treatment-repos/PostHog_posthog,,8598,9,0,2771,1355,90,801,products,50
treatment,PostHog/posthog,2025-01,static_analysis_warnings,source_scope_difference_or_mixed,paper,1253d960c415d65583dac034353702ad74016da1,../treatment-repos/PostHog_posthog,,8598,8,0,2771,1355,90,801,dags,8
treatment,PostHog/posthog,2025-01,static_analysis_warnings,source_scope_difference_or_mixed,paper,1253d960c415d65583dac034353702ad74016da1,../treatment-repos/PostHog_posthog,,8598,3,0,2771,1355,90,801,bin,38
treatment,PostHog/posthog,2025-01,static_analysis_warnings,source_scope_difference_or_mixed,paper,1253d960c415d65583dac034353702ad74016da1,../treatment-repos/PostHog_posthog,,8598,2,0,2771,1355,90,801,(root),57
treatment,PostHog/posthog,2025-01,static_analysis_warnings,source_scope_difference_or_mixed,paper,1253d960c415d65583dac034353702ad74016da1,../treatment-repos/PostHog_posthog,,8598,2,0,2771,1355,90,801,dags_test,2
treatment,PostHog/posthog,2025-01,static_analysis_warnings,source_scope_difference_or_mixed,paper,1253d960c415d65583dac034353702ad74016da1,../treatment-repos/PostHog_posthog,,8598,1,0,2771,1355,90,801,plugin-server,431
treatment,PostHog/posthog,2025-01,static_analysis_warnings,source_scope_difference_or_mixed,paper,1253d960c415d65583dac034353702ad74016da1,../treatment-repos/PostHog_posthog,,8598,1,0,2771,1355,90,801,cypress,96
treatment,PostHog/posthog,2025-01,static_analysis_warnings,source_scope_difference_or_mixed,paper,1253d960c415d65583dac034353702ad74016da1,../treatment-repos/PostHog_posthog,,8598,0,0,2771,1355,90,801,frontend,4513
treatment,PostHog/posthog,2025-01,static_analysis_warnings,source_scope_difference_or_mixed,paper,1253d960c415d65583dac034353702ad74016da1,../treatment-repos/PostHog_posthog,,8598,0,0,2771,1355,90,801,rust,309
treatment,PostHog/posthog,2025-01,cognitive_complexity,source_scope_difference_or_mixed,paper,1253d960c415d65583dac034353702ad74016da1,../treatment-repos/PostHog_posthog,,8598,2145,0,2771,1355,90,801,posthog,2379
treatment,PostHog/posthog,2025-01,cognitive_complexity,source_scope_difference_or_mixed,paper,1253d960c415d65583dac034353702ad74016da1,../treatment-repos/PostHog_posthog,,8598,299,0,2771,1355,90,801,ee,356
treatment,PostHog/posthog,2025-01,cognitive_complexity,source_scope_difference_or_mixed,paper,1253d960c415d65583dac034353702ad74016da1,../treatment-repos/PostHog_posthog,,8598,16,0,2771,1355,90,801,common,203
treatment,PostHog/posthog,2025-01,cognitive_complexity,source_scope_difference_or_mixed,paper,1253d960c415d65583dac034353702ad74016da1,../treatment-repos/PostHog_posthog,,8598,9,0,2771,1355,90,801,products,50
treatment,PostHog/posthog,2025-01,cognitive_complexity,source_scope_difference_or_mixed,paper,1253d960c415d65583dac034353702ad74016da1,../treatment-repos/PostHog_posthog,,8598,8,0,2771,1355,90,801,dags,8
treatment,PostHog/posthog,2025-01,cognitive_complexity,source_scope_difference_or_mixed,paper,1253d960c415d65583dac034353702ad74016da1,../treatment-repos/PostHog_posthog,,8598,3,0,2771,1355,90,801,bin,38
treatment,PostHog/posthog,2025-01,cognitive_complexity,source_scope_difference_or_mixed,paper,1253d960c415d65583dac034353702ad74016da1,../treatment-repos/PostHog_posthog,,8598,2,0,2771,1355,90,801,(root),57
treatment,PostHog/posthog,2025-01,cognitive_complexity,source_scope_difference_or_mixed,paper,1253d960c415d65583dac034353702ad74016da1,../treatment-repos/PostHog_posthog,,8598,2,0,2771,1355,90,801,dags_test,2
treatment,PostHog/posthog,2025-01,cognitive_complexity,source_scope_difference_or_mixed,paper,1253d960c415d65583dac034353702ad74016da1,../treatment-repos/PostHog_posthog,,8598,1,0,2771,1355,90,801,plugin-server,431
treatment,PostHog/posthog,2025-01,cognitive_complexity,source_scope_difference_or_mixed,paper,1253d960c415d65583dac034353702ad74016da1,../treatment-repos/PostHog_posthog,,8598,1,0,2771,1355,90,801,cypress,96
treatment,PostHog/posthog,2025-01,cognitive_complexity,source_scope_difference_or_mixed,paper,1253d960c415d65583dac034353702ad74016da1,../treatment-repos/PostHog_posthog,,8598,0,0,2771,1355,90,801,frontend,4513
treatment,PostHog/posthog,2025-01,cognitive_complexity,source_scope_difference_or_mixed,paper,1253d960c415d65583dac034353702ad74016da1,../treatment-repos/PostHog_posthog,,8598,0,0,2771,1355,90,801,rust,309
treatment,PostHog/posthog,2025-07,static_analysis_warnings,commit_selection_difference,paper,0208352822068d8747214c905d729dff4ebe49f1,../treatment-repos/PostHog_posthog,,11645,2680,0,3757,1929,115,1041,posthog,2936
treatment,PostHog/posthog,2025-07,static_analysis_warnings,commit_selection_difference,paper,0208352822068d8747214c905d729dff4ebe49f1,../treatment-repos/PostHog_posthog,,11645,423,0,3757,1929,115,1041,ee,496
treatment,PostHog/posthog,2025-07,static_analysis_warnings,commit_selection_difference,paper,0208352822068d8747214c905d729dff4ebe49f1,../treatment-repos/PostHog_posthog,,11645,210,0,3757,1929,115,1041,products,544
treatment,PostHog/posthog,2025-07,static_analysis_warnings,commit_selection_difference,paper,0208352822068d8747214c905d729dff4ebe49f1,../treatment-repos/PostHog_posthog,,11645,42,0,3757,1929,115,1041,dags,44
treatment,PostHog/posthog,2025-07,static_analysis_warnings,commit_selection_difference,paper,0208352822068d8747214c905d729dff4ebe49f1,../treatment-repos/PostHog_posthog,,11645,17,0,3757,1929,115,1041,common,242
treatment,PostHog/posthog,2025-07,static_analysis_warnings,commit_selection_difference,paper,0208352822068d8747214c905d729dff4ebe49f1,../treatment-repos/PostHog_posthog,,11645,6,0,3757,1929,115,1041,infra-scripts,9
treatment,PostHog/posthog,2025-07,static_analysis_warnings,commit_selection_difference,paper,0208352822068d8747214c905d729dff4ebe49f1,../treatment-repos/PostHog_posthog,,11645,5,0,3757,1929,115,1041,bin,47
treatment,PostHog/posthog,2025-07,static_analysis_warnings,commit_selection_difference,paper,0208352822068d8747214c905d729dff4ebe49f1,../treatment-repos/PostHog_posthog,,11645,2,0,3757,1929,115,1041,plugin-server,665
treatment,PostHog/posthog,2025-07,static_analysis_warnings,commit_selection_difference,paper,0208352822068d8747214c905d729dff4ebe49f1,../treatment-repos/PostHog_posthog,,11645,2,0,3757,1929,115,1041,(root),51
treatment,PostHog/posthog,2025-07,static_analysis_warnings,commit_selection_difference,paper,0208352822068d8747214c905d729dff4ebe49f1,../treatment-repos/PostHog_posthog,,11645,1,0,3757,1929,115,1041,cypress,78
treatment,PostHog/posthog,2025-07,static_analysis_warnings,commit_selection_difference,paper,0208352822068d8747214c905d729dff4ebe49f1,../treatment-repos/PostHog_posthog,,11645,0,0,3757,1929,115,1041,frontend,5763
treatment,PostHog/posthog,2025-07,static_analysis_warnings,commit_selection_difference,paper,0208352822068d8747214c905d729dff4ebe49f1,../treatment-repos/PostHog_posthog,,11645,0,0,3757,1929,115,1041,rust,536
treatment,PostHog/posthog,2025-07,static_analysis_warnings,commit_selection_difference,our,8e13bf3cbfe9684eb907f7ddf706aa9fae2099e0,../treatment-repos/PostHog_posthog,,11645,2680,0,3757,1929,115,1041,posthog,2936
treatment,PostHog/posthog,2025-07,static_analysis_warnings,commit_selection_difference,our,8e13bf3cbfe9684eb907f7ddf706aa9fae2099e0,../treatment-repos/PostHog_posthog,,11645,423,0,3757,1929,115,1041,ee,496
treatment,PostHog/posthog,2025-07,static_analysis_warnings,commit_selection_difference,our,8e13bf3cbfe9684eb907f7ddf706aa9fae2099e0,../treatment-repos/PostHog_posthog,,11645,210,0,3757,1929,115,1041,products,544
treatment,PostHog/posthog,2025-07,static_analysis_warnings,commit_selection_difference,our,8e13bf3cbfe9684eb907f7ddf706aa9fae2099e0,../treatment-repos/PostHog_posthog,,11645,42,0,3757,1929,115,1041,dags,44
treatment,PostHog/posthog,2025-07,static_analysis_warnings,commit_selection_difference,our,8e13bf3cbfe9684eb907f7ddf706aa9fae2099e0,../treatment-repos/PostHog_posthog,,11645,17,0,3757,1929,115,1041,common,242
treatment,PostHog/posthog,2025-07,static_analysis_warnings,commit_selection_difference,our,8e13bf3cbfe9684eb907f7ddf706aa9fae2099e0,../treatment-repos/PostHog_posthog,,11645,6,0,3757,1929,115,1041,infra-scripts,9
treatment,PostHog/posthog,2025-07,static_analysis_warnings,commit_selection_difference,our,8e13bf3cbfe9684eb907f7ddf706aa9fae2099e0,../treatment-repos/PostHog_posthog,,11645,5,0,3757,1929,115,1041,bin,47
treatment,PostHog/posthog,2025-07,static_analysis_warnings,commit_selection_difference,our,8e13bf3cbfe9684eb907f7ddf706aa9fae2099e0,../treatment-repos/PostHog_posthog,,11645,2,0,3757,1929,115,1041,plugin-server,665
treatment,PostHog/posthog,2025-07,static_analysis_warnings,commit_selection_difference,our,8e13bf3cbfe9684eb907f7ddf706aa9fae2099e0,../treatment-repos/PostHog_posthog,,11645,2,0,3757,1929,115,1041,(root),51
treatment,PostHog/posthog,2025-07,static_analysis_warnings,commit_selection_difference,our,8e13bf3cbfe9684eb907f7ddf706aa9fae2099e0,../treatment-repos/PostHog_posthog,,11645,1,0,3757,1929,115,1041,cypress,78
treatment,PostHog/posthog,2025-07,static_analysis_warnings,commit_selection_difference,our,8e13bf3cbfe9684eb907f7ddf706aa9fae2099e0,../treatment-repos/PostHog_posthog,,11645,0,0,3757,1929,115,1041,frontend,5763
treatment,PostHog/posthog,2025-07,static_analysis_warnings,commit_selection_difference,our,8e13bf3cbfe9684eb907f7ddf706aa9fae2099e0,../treatment-repos/PostHog_posthog,,11645,0,0,3757,1929,115,1041,rust,536
treatment,PostHog/posthog,2025-07,code_smells,commit_selection_difference,paper,0208352822068d8747214c905d729dff4ebe49f1,../treatment-repos/PostHog_posthog,,11645,2680,0,3757,1929,115,1041,posthog,2936
treatment,PostHog/posthog,2025-07,code_smells,commit_selection_difference,paper,0208352822068d8747214c905d729dff4ebe49f1,../treatment-repos/PostHog_posthog,,11645,423,0,3757,1929,115,1041,ee,496
treatment,PostHog/posthog,2025-07,code_smells,commit_selection_difference,paper,0208352822068d8747214c905d729dff4ebe49f1,../treatment-repos/PostHog_posthog,,11645,210,0,3757,1929,115,1041,products,544
treatment,PostHog/posthog,2025-07,code_smells,commit_selection_difference,paper,0208352822068d8747214c905d729dff4ebe49f1,../treatment-repos/PostHog_posthog,,11645,42,0,3757,1929,115,1041,dags,44
treatment,PostHog/posthog,2025-07,code_smells,commit_selection_difference,paper,0208352822068d8747214c905d729dff4ebe49f1,../treatment-repos/PostHog_posthog,,11645,17,0,3757,1929,115,1041,common,242
treatment,PostHog/posthog,2025-07,code_smells,commit_selection_difference,paper,0208352822068d8747214c905d729dff4ebe49f1,../treatment-repos/PostHog_posthog,,11645,6,0,3757,1929,115,1041,infra-scripts,9
treatment,PostHog/posthog,2025-07,code_smells,commit_selection_difference,paper,0208352822068d8747214c905d729dff4ebe49f1,../treatment-repos/PostHog_posthog,,11645,5,0,3757,1929,115,1041,bin,47
treatment,PostHog/posthog,2025-07,code_smells,commit_selection_difference,paper,0208352822068d8747214c905d729dff4ebe49f1,../treatment-repos/PostHog_posthog,,11645,2,0,3757,1929,115,1041,plugin-server,665
treatment,PostHog/posthog,2025-07,code_smells,commit_selection_difference,paper,0208352822068d8747214c905d729dff4ebe49f1,../treatment-repos/PostHog_posthog,,11645,2,0,3757,1929,115,1041,(root),51
treatment,PostHog/posthog,2025-07,code_smells,commit_selection_difference,paper,0208352822068d8747214c905d729dff4ebe49f1,../treatment-repos/PostHog_posthog,,11645,1,0,3757,1929,115,1041,cypress,78
treatment,PostHog/posthog,2025-07,code_smells,commit_selection_difference,paper,0208352822068d8747214c905d729dff4ebe49f1,../treatment-repos/PostHog_posthog,,11645,0,0,3757,1929,115,1041,frontend,5763
treatment,PostHog/posthog,2025-07,code_smells,commit_selection_difference,paper,0208352822068d8747214c905d729dff4ebe49f1,../treatment-repos/PostHog_posthog,,11645,0,0,3757,1929,115,1041,rust,536
treatment,PostHog/posthog,2025-07,code_smells,commit_selection_difference,our,8e13bf3cbfe9684eb907f7ddf706aa9fae2099e0,../treatment-repos/PostHog_posthog,,11645,2680,0,3757,1929,115,1041,posthog,2936
treatment,PostHog/posthog,2025-07,code_smells,commit_selection_difference,our,8e13bf3cbfe9684eb907f7ddf706aa9fae2099e0,../treatment-repos/PostHog_posthog,,11645,423,0,3757,1929,115,1041,ee,496
treatment,PostHog/posthog,2025-07,code_smells,commit_selection_difference,our,8e13bf3cbfe9684eb907f7ddf706aa9fae2099e0,../treatment-repos/PostHog_posthog,,11645,210,0,3757,1929,115,1041,products,544
treatment,PostHog/posthog,2025-07,code_smells,commit_selection_difference,our,8e13bf3cbfe9684eb907f7ddf706aa9fae2099e0,../treatment-repos/PostHog_posthog,,11645,42,0,3757,1929,115,1041,dags,44
treatment,PostHog/posthog,2025-07,code_smells,commit_selection_difference,our,8e13bf3cbfe9684eb907f7ddf706aa9fae2099e0,../treatment-repos/PostHog_posthog,,11645,17,0,3757,1929,115,1041,common,242
treatment,PostHog/posthog,2025-07,code_smells,commit_selection_difference,our,8e13bf3cbfe9684eb907f7ddf706aa9fae2099e0,../treatment-repos/PostHog_posthog,,11645,6,0,3757,1929,115,1041,infra-scripts,9
treatment,PostHog/posthog,2025-07,code_smells,commit_selection_difference,our,8e13bf3cbfe9684eb907f7ddf706aa9fae2099e0,../treatment-repos/PostHog_posthog,,11645,5,0,3757,1929,115,1041,bin,47
treatment,PostHog/posthog,2025-07,code_smells,commit_selection_difference,our,8e13bf3cbfe9684eb907f7ddf706aa9fae2099e0,../treatment-repos/PostHog_posthog,,11645,2,0,3757,1929,115,1041,plugin-server,665
treatment,PostHog/posthog,2025-07,code_smells,commit_selection_difference,our,8e13bf3cbfe9684eb907f7ddf706aa9fae2099e0,../treatment-repos/PostHog_posthog,,11645,2,0,3757,1929,115,1041,(root),51
treatment,PostHog/posthog,2025-07,code_smells,commit_selection_difference,our,8e13bf3cbfe9684eb907f7ddf706aa9fae2099e0,../treatment-repos/PostHog_posthog,,11645,1,0,3757,1929,115,1041,cypress,78
treatment,PostHog/posthog,2025-07,code_smells,commit_selection_difference,our,8e13bf3cbfe9684eb907f7ddf706aa9fae2099e0,../treatment-repos/PostHog_posthog,,11645,0,0,3757,1929,115,1041,frontend,5763
treatment,PostHog/posthog,2025-07,code_smells,commit_selection_difference,our,8e13bf3cbfe9684eb907f7ddf706aa9fae2099e0,../treatment-repos/PostHog_posthog,,11645,0,0,3757,1929,115,1041,rust,536
treatment,getsentry/sentry,2025-06,code_smells,source_scope_difference_or_mixed,paper,4f2be477198bf2814c6d6cd4b80ba19cbe386908,../treatment-repos/getsentry_sentry,,17273,3905,0,7334,4872,507,634,src,4526
treatment,getsentry/sentry,2025-06,code_smells,source_scope_difference_or_mixed,paper,4f2be477198bf2814c6d6cd4b80ba19cbe386908,../treatment-repos/getsentry_sentry,,17273,2424,0,7334,4872,507,634,tests,4706
treatment,getsentry/sentry,2025-06,code_smells,source_scope_difference_or_mixed,paper,4f2be477198bf2814c6d6cd4b80ba19cbe386908,../treatment-repos/getsentry_sentry,,17273,185,0,7334,4872,507,634,fixtures,479
treatment,getsentry/sentry,2025-06,code_smells,source_scope_difference_or_mixed,paper,4f2be477198bf2814c6d6cd4b80ba19cbe386908,../treatment-repos/getsentry_sentry,,17273,20,0,7334,4872,507,634,tools,20
treatment,getsentry/sentry,2025-06,code_smells,source_scope_difference_or_mixed,paper,4f2be477198bf2814c6d6cd4b80ba19cbe386908,../treatment-repos/getsentry_sentry,,17273,4,0,7334,4872,507,634,bin,24
treatment,getsentry/sentry,2025-06,code_smells,source_scope_difference_or_mixed,paper,4f2be477198bf2814c6d6cd4b80ba19cbe386908,../treatment-repos/getsentry_sentry,,17273,2,0,7334,4872,507,634,.github,58
treatment,getsentry/sentry,2025-06,code_smells,source_scope_difference_or_mixed,paper,4f2be477198bf2814c6d6cd4b80ba19cbe386908,../treatment-repos/getsentry_sentry,,17273,2,0,7334,4872,507,634,devenv,3
treatment,getsentry/sentry,2025-06,code_smells,source_scope_difference_or_mixed,paper,4f2be477198bf2814c6d6cd4b80ba19cbe386908,../treatment-repos/getsentry_sentry,,17273,1,0,7334,4872,507,634,scripts,9
treatment,getsentry/sentry,2025-06,code_smells,source_scope_difference_or_mixed,paper,4f2be477198bf2814c6d6cd4b80ba19cbe386908,../treatment-repos/getsentry_sentry,,17273,1,0,7334,4872,507,634,self-hosted,4
treatment,getsentry/sentry,2025-06,code_smells,source_scope_difference_or_mixed,paper,4f2be477198bf2814c6d6cd4b80ba19cbe386908,../treatment-repos/getsentry_sentry,,17273,0,0,7334,4872,507,634,static,7312
treatment,getsentry/sentry,2025-06,code_smells,source_scope_difference_or_mixed,paper,4f2be477198bf2814c6d6cd4b80ba19cbe386908,../treatment-repos/getsentry_sentry,,17273,0,0,7334,4872,507,634,api-docs,67
treatment,getsentry/sentry,2025-06,code_smells,source_scope_difference_or_mixed,paper,4f2be477198bf2814c6d6cd4b80ba19cbe386908,../treatment-repos/getsentry_sentry,,17273,0,0,7334,4872,507,634,(root),41
control,PennyLaneAI/catalyst,2025-03,technical_debt,rule_config_analyzer_profile_signal,paper,d5329df09ed618392f858c17160e1d7833a2588c,../control-repos/PennyLaneAI_catalyst,,761,173,6,0,237,75,33,frontend,202
control,PennyLaneAI/catalyst,2025-03,technical_debt,rule_config_analyzer_profile_signal,paper,d5329df09ed618392f858c17160e1d7833a2588c,../control-repos/PennyLaneAI_catalyst,,761,13,6,0,237,75,33,benchmark,18
control,PennyLaneAI/catalyst,2025-03,technical_debt,rule_config_analyzer_profile_signal,paper,d5329df09ed618392f858c17160e1d7833a2588c,../control-repos/PennyLaneAI_catalyst,,761,6,6,0,237,75,33,mlir,351
control,PennyLaneAI/catalyst,2025-03,technical_debt,rule_config_analyzer_profile_signal,paper,d5329df09ed618392f858c17160e1d7833a2588c,../control-repos/PennyLaneAI_catalyst,,761,4,6,0,237,75,33,bin,4
control,PennyLaneAI/catalyst,2025-03,technical_debt,rule_config_analyzer_profile_signal,paper,d5329df09ed618392f858c17160e1d7833a2588c,../control-repos/PennyLaneAI_catalyst,,761,3,6,0,237,75,33,standalone_plugin_wheel,4
control,PennyLaneAI/catalyst,2025-03,technical_debt,rule_config_analyzer_profile_signal,paper,d5329df09ed618392f858c17160e1d7833a2588c,../control-repos/PennyLaneAI_catalyst,,761,2,6,0,237,75,33,doc,72
control,PennyLaneAI/catalyst,2025-03,technical_debt,rule_config_analyzer_profile_signal,paper,d5329df09ed618392f858c17160e1d7833a2588c,../control-repos/PennyLaneAI_catalyst,,761,2,6,0,237,75,33,.github,38
control,PennyLaneAI/catalyst,2025-03,technical_debt,rule_config_analyzer_profile_signal,paper,d5329df09ed618392f858c17160e1d7833a2588c,../control-repos/PennyLaneAI_catalyst,,761,1,6,0,237,75,33,(root),16
control,PennyLaneAI/catalyst,2025-03,technical_debt,rule_config_analyzer_profile_signal,paper,d5329df09ed618392f858c17160e1d7833a2588c,../control-repos/PennyLaneAI_catalyst,,761,0,6,0,237,75,33,runtime,50
control,PennyLaneAI/catalyst,2025-03,technical_debt,rule_config_analyzer_profile_signal,paper,d5329df09ed618392f858c17160e1d7833a2588c,../control-repos/PennyLaneAI_catalyst,,761,0,6,0,237,75,33,demos,6
treatment,getsentry/sentry,2025-01,code_smells,source_scope_difference_or_mixed,paper,d210118fce94310ef5858d51efe16ee26c995a48,../treatment-repos/getsentry_sentry,,16038,3986,0,6137,4706,489,960,src,4597
treatment,getsentry/sentry,2025-01,code_smells,source_scope_difference_or_mixed,paper,d210118fce94310ef5858d51efe16ee26c995a48,../treatment-repos/getsentry_sentry,,16038,2261,0,6137,4706,489,960,tests,4588
treatment,getsentry/sentry,2025-01,code_smells,source_scope_difference_or_mixed,paper,d210118fce94310ef5858d51efe16ee26c995a48,../treatment-repos/getsentry_sentry,,16038,194,0,6137,4706,489,960,fixtures,478
treatment,getsentry/sentry,2025-01,code_smells,source_scope_difference_or_mixed,paper,d210118fce94310ef5858d51efe16ee26c995a48,../treatment-repos/getsentry_sentry,,16038,16,0,6137,4706,489,960,tools,16
treatment,getsentry/sentry,2025-01,code_smells,source_scope_difference_or_mixed,paper,d210118fce94310ef5858d51efe16ee26c995a48,../treatment-repos/getsentry_sentry,,16038,4,0,6137,4706,489,960,bin,21
treatment,getsentry/sentry,2025-01,code_smells,source_scope_difference_or_mixed,paper,d210118fce94310ef5858d51efe16ee26c995a48,../treatment-repos/getsentry_sentry,,16038,3,0,6137,4706,489,960,scripts,12
treatment,getsentry/sentry,2025-01,code_smells,source_scope_difference_or_mixed,paper,d210118fce94310ef5858d51efe16ee26c995a48,../treatment-repos/getsentry_sentry,,16038,2,0,6137,4706,489,960,.github,58
treatment,getsentry/sentry,2025-01,code_smells,source_scope_difference_or_mixed,paper,d210118fce94310ef5858d51efe16ee26c995a48,../treatment-repos/getsentry_sentry,,16038,2,0,6137,4706,489,960,devenv,3
treatment,getsentry/sentry,2025-01,code_smells,source_scope_difference_or_mixed,paper,d210118fce94310ef5858d51efe16ee26c995a48,../treatment-repos/getsentry_sentry,,16038,1,0,6137,4706,489,960,self-hosted,4
treatment,getsentry/sentry,2025-01,code_smells,source_scope_difference_or_mixed,paper,d210118fce94310ef5858d51efe16ee26c995a48,../treatment-repos/getsentry_sentry,,16038,0,0,6137,4706,489,960,static,6135
treatment,getsentry/sentry,2025-01,code_smells,source_scope_difference_or_mixed,paper,d210118fce94310ef5858d51efe16ee26c995a48,../treatment-repos/getsentry_sentry,,16038,0,0,6137,4706,489,960,api-docs,64
treatment,getsentry/sentry,2025-01,code_smells,source_scope_difference_or_mixed,paper,d210118fce94310ef5858d51efe16ee26c995a48,../treatment-repos/getsentry_sentry,,16038,0,0,6137,4706,489,960,(root),40
control,PennyLaneAI/catalyst,2025-02,technical_debt,rule_config_analyzer_profile_signal,paper,f4f4105451484b80b4fb3f71dc41ff395c188cce,../control-repos/PennyLaneAI_catalyst,,732,172,6,0,230,73,33,frontend,201
control,PennyLaneAI/catalyst,2025-02,technical_debt,rule_config_analyzer_profile_signal,paper,f4f4105451484b80b4fb3f71dc41ff395c188cce,../control-repos/PennyLaneAI_catalyst,,732,13,6,0,230,73,33,benchmark,18
control,PennyLaneAI/catalyst,2025-02,technical_debt,rule_config_analyzer_profile_signal,paper,f4f4105451484b80b4fb3f71dc41ff395c188cce,../control-repos/PennyLaneAI_catalyst,,732,5,6,0,230,73,33,mlir,324
control,PennyLaneAI/catalyst,2025-02,technical_debt,rule_config_analyzer_profile_signal,paper,f4f4105451484b80b4fb3f71dc41ff395c188cce,../control-repos/PennyLaneAI_catalyst,,732,4,6,0,230,73,33,bin,4
control,PennyLaneAI/catalyst,2025-02,technical_debt,rule_config_analyzer_profile_signal,paper,f4f4105451484b80b4fb3f71dc41ff395c188cce,../control-repos/PennyLaneAI_catalyst,,732,3,6,0,230,73,33,standalone_plugin_wheel,4
control,PennyLaneAI/catalyst,2025-02,technical_debt,rule_config_analyzer_profile_signal,paper,f4f4105451484b80b4fb3f71dc41ff395c188cce,../control-repos/PennyLaneAI_catalyst,,732,2,6,0,230,73,33,doc,72
control,PennyLaneAI/catalyst,2025-02,technical_debt,rule_config_analyzer_profile_signal,paper,f4f4105451484b80b4fb3f71dc41ff395c188cce,../control-repos/PennyLaneAI_catalyst,,732,2,6,0,230,73,33,.github,36
control,PennyLaneAI/catalyst,2025-02,technical_debt,rule_config_analyzer_profile_signal,paper,f4f4105451484b80b4fb3f71dc41ff395c188cce,../control-repos/PennyLaneAI_catalyst,,732,1,6,0,230,73,33,(root),16
control,PennyLaneAI/catalyst,2025-02,technical_debt,rule_config_analyzer_profile_signal,paper,f4f4105451484b80b4fb3f71dc41ff395c188cce,../control-repos/PennyLaneAI_catalyst,,732,0,6,0,230,73,33,runtime,51
control,PennyLaneAI/catalyst,2025-02,technical_debt,rule_config_analyzer_profile_signal,paper,f4f4105451484b80b4fb3f71dc41ff395c188cce,../control-repos/PennyLaneAI_catalyst,,732,0,6,0,230,73,33,demos,6
treatment,PostHog/posthog,2025-06,static_analysis_warnings,source_scope_difference_or_mixed,paper,bf87ddcb0e02027bb8c1e7a1aa2e03f0c4312e90,../treatment-repos/PostHog_posthog,,11026,2583,0,3570,1793,111,995,posthog,2823
treatment,PostHog/posthog,2025-06,static_analysis_warnings,source_scope_difference_or_mixed,paper,bf87ddcb0e02027bb8c1e7a1aa2e03f0c4312e90,../treatment-repos/PostHog_posthog,,11026,374,0,3570,1793,111,995,ee,440
treatment,PostHog/posthog,2025-06,static_analysis_warnings,source_scope_difference_or_mixed,paper,bf87ddcb0e02027bb8c1e7a1aa2e03f0c4312e90,../treatment-repos/PostHog_posthog,,11026,126,0,3570,1793,111,995,products,423
treatment,PostHog/posthog,2025-06,static_analysis_warnings,source_scope_difference_or_mixed,paper,bf87ddcb0e02027bb8c1e7a1aa2e03f0c4312e90,../treatment-repos/PostHog_posthog,,11026,32,0,3570,1793,111,995,dags,34
treatment,PostHog/posthog,2025-06,static_analysis_warnings,source_scope_difference_or_mixed,paper,bf87ddcb0e02027bb8c1e7a1aa2e03f0c4312e90,../treatment-repos/PostHog_posthog,,11026,17,0,3570,1793,111,995,common,237
treatment,PostHog/posthog,2025-06,static_analysis_warnings,source_scope_difference_or_mixed,paper,bf87ddcb0e02027bb8c1e7a1aa2e03f0c4312e90,../treatment-repos/PostHog_posthog,,11026,6,0,3570,1793,111,995,infra-scripts,9
treatment,PostHog/posthog,2025-06,static_analysis_warnings,source_scope_difference_or_mixed,paper,bf87ddcb0e02027bb8c1e7a1aa2e03f0c4312e90,../treatment-repos/PostHog_posthog,,11026,5,0,3570,1793,111,995,bin,44
treatment,PostHog/posthog,2025-06,static_analysis_warnings,source_scope_difference_or_mixed,paper,bf87ddcb0e02027bb8c1e7a1aa2e03f0c4312e90,../treatment-repos/PostHog_posthog,,11026,2,0,3570,1793,111,995,plugin-server,617
treatment,PostHog/posthog,2025-06,static_analysis_warnings,source_scope_difference_or_mixed,paper,bf87ddcb0e02027bb8c1e7a1aa2e03f0c4312e90,../treatment-repos/PostHog_posthog,,11026,2,0,3570,1793,111,995,(root),52
treatment,PostHog/posthog,2025-06,static_analysis_warnings,source_scope_difference_or_mixed,paper,bf87ddcb0e02027bb8c1e7a1aa2e03f0c4312e90,../treatment-repos/PostHog_posthog,,11026,1,0,3570,1793,111,995,cypress,78
treatment,PostHog/posthog,2025-06,static_analysis_warnings,source_scope_difference_or_mixed,paper,bf87ddcb0e02027bb8c1e7a1aa2e03f0c4312e90,../treatment-repos/PostHog_posthog,,11026,0,0,3570,1793,111,995,frontend,5499
treatment,PostHog/posthog,2025-06,static_analysis_warnings,source_scope_difference_or_mixed,paper,bf87ddcb0e02027bb8c1e7a1aa2e03f0c4312e90,../treatment-repos/PostHog_posthog,,11026,0,0,3570,1793,111,995,rust,540
control,PennyLaneAI/catalyst,2025-01,technical_debt,rule_config_analyzer_profile_signal,paper,d7391b2a18820e80af59095204f668f1758e2278,../control-repos/PennyLaneAI_catalyst,,705,168,6,0,216,73,42,frontend,201
control,PennyLaneAI/catalyst,2025-01,technical_debt,rule_config_analyzer_profile_signal,paper,d7391b2a18820e80af59095204f668f1758e2278,../control-repos/PennyLaneAI_catalyst,,705,13,6,0,216,73,42,benchmark,18
control,PennyLaneAI/catalyst,2025-01,technical_debt,rule_config_analyzer_profile_signal,paper,d7391b2a18820e80af59095204f668f1758e2278,../control-repos/PennyLaneAI_catalyst,,705,5,6,0,216,73,42,mlir,306
control,PennyLaneAI/catalyst,2025-01,technical_debt,rule_config_analyzer_profile_signal,paper,d7391b2a18820e80af59095204f668f1758e2278,../control-repos/PennyLaneAI_catalyst,,705,4,6,0,216,73,42,bin,4
control,PennyLaneAI/catalyst,2025-01,technical_debt,rule_config_analyzer_profile_signal,paper,d7391b2a18820e80af59095204f668f1758e2278,../control-repos/PennyLaneAI_catalyst,,705,3,6,0,216,73,42,standalone_plugin_wheel,4
control,PennyLaneAI/catalyst,2025-01,technical_debt,rule_config_analyzer_profile_signal,paper,d7391b2a18820e80af59095204f668f1758e2278,../control-repos/PennyLaneAI_catalyst,,705,2,6,0,216,73,42,doc,72
control,PennyLaneAI/catalyst,2025-01,technical_debt,rule_config_analyzer_profile_signal,paper,d7391b2a18820e80af59095204f668f1758e2278,../control-repos/PennyLaneAI_catalyst,,705,2,6,0,216,73,42,.github,36
control,PennyLaneAI/catalyst,2025-01,technical_debt,rule_config_analyzer_profile_signal,paper,d7391b2a18820e80af59095204f668f1758e2278,../control-repos/PennyLaneAI_catalyst,,705,1,6,0,216,73,42,(root),16
control,PennyLaneAI/catalyst,2025-01,technical_debt,rule_config_analyzer_profile_signal,paper,d7391b2a18820e80af59095204f668f1758e2278,../control-repos/PennyLaneAI_catalyst,,705,0,6,0,216,73,42,runtime,42
control,PennyLaneAI/catalyst,2025-01,technical_debt,rule_config_analyzer_profile_signal,paper,d7391b2a18820e80af59095204f668f1758e2278,../control-repos/PennyLaneAI_catalyst,,705,0,6,0,216,73,42,demos,6
treatment,zauberzeug/nicegui,2024-01,static_analysis_warnings,source_scope_difference_or_mixed,paper,f4c57a962f8cc96085eb41860c1346da77228824,../treatment-repos/zauberzeug_nicegui,,1004,308,0,225,90,223,0,nicegui,617
treatment,zauberzeug/nicegui,2024-01,static_analysis_warnings,source_scope_difference_or_mixed,paper,f4c57a962f8cc96085eb41860c1346da77228824,../treatment-repos/zauberzeug_nicegui,,1004,118,0,225,90,223,0,website,159
treatment,zauberzeug/nicegui,2024-01,static_analysis_warnings,source_scope_difference_or_mixed,paper,f4c57a962f8cc96085eb41860c1346da77228824,../treatment-repos/zauberzeug_nicegui,,1004,78,0,225,90,223,0,tests,80
treatment,zauberzeug/nicegui,2024-01,static_analysis_warnings,source_scope_difference_or_mixed,paper,f4c57a962f8cc96085eb41860c1346da77228824,../treatment-repos/zauberzeug_nicegui,,1004,67,0,225,90,223,0,examples,104
treatment,zauberzeug/nicegui,2024-01,static_analysis_warnings,source_scope_difference_or_mixed,paper,f4c57a962f8cc96085eb41860c1346da77228824,../treatment-repos/zauberzeug_nicegui,,1004,7,0,225,90,223,0,(root),33
treatment,zauberzeug/nicegui,2024-01,static_analysis_warnings,source_scope_difference_or_mixed,paper,f4c57a962f8cc96085eb41860c1346da77228824,../treatment-repos/zauberzeug_nicegui,,1004,2,0,225,90,223,0,.github,8
treatment,zauberzeug/nicegui,2024-01,static_analysis_warnings,source_scope_difference_or_mixed,paper,f4c57a962f8cc96085eb41860c1346da77228824,../treatment-repos/zauberzeug_nicegui,,1004,0,0,225,90,223,0,.devcontainer,2
treatment,zauberzeug/nicegui,2024-01,static_analysis_warnings,source_scope_difference_or_mixed,paper,f4c57a962f8cc96085eb41860c1346da77228824,../treatment-repos/zauberzeug_nicegui,,1004,0,0,225,90,223,0,.vscode,1
treatment,PostHog/posthog,2024-12,cognitive_complexity,source_scope_difference_or_mixed,paper,3aa25f3257f981db0b7e8b5411dc209b66c6f4c2,../treatment-repos/PostHog_posthog,,8156,2096,0,2560,1287,84,770,posthog,2322
treatment,PostHog/posthog,2024-12,cognitive_complexity,source_scope_difference_or_mixed,paper,3aa25f3257f981db0b7e8b5411dc209b66c6f4c2,../treatment-repos/PostHog_posthog,,8156,288,0,2560,1287,84,770,ee,347
treatment,PostHog/posthog,2024-12,cognitive_complexity,source_scope_difference_or_mixed,paper,3aa25f3257f981db0b7e8b5411dc209b66c6f4c2,../treatment-repos/PostHog_posthog,,8156,15,0,2560,1287,84,770,hogvm,167
treatment,PostHog/posthog,2024-12,cognitive_complexity,source_scope_difference_or_mixed,paper,3aa25f3257f981db0b7e8b5411dc209b66c6f4c2,../treatment-repos/PostHog_posthog,,8156,3,0,2560,1287,84,770,bin,37
treatment,PostHog/posthog,2024-12,cognitive_complexity,source_scope_difference_or_mixed,paper,3aa25f3257f981db0b7e8b5411dc209b66c6f4c2,../treatment-repos/PostHog_posthog,,8156,2,0,2560,1287,84,770,(root),55
treatment,PostHog/posthog,2024-12,cognitive_complexity,source_scope_difference_or_mixed,paper,3aa25f3257f981db0b7e8b5411dc209b66c6f4c2,../treatment-repos/PostHog_posthog,,8156,1,0,2560,1287,84,770,plugin-server,306
treatment,PostHog/posthog,2024-12,cognitive_complexity,source_scope_difference_or_mixed,paper,3aa25f3257f981db0b7e8b5411dc209b66c6f4c2,../treatment-repos/PostHog_posthog,,8156,1,0,2560,1287,84,770,cypress,96
treatment,PostHog/posthog,2024-12,cognitive_complexity,source_scope_difference_or_mixed,paper,3aa25f3257f981db0b7e8b5411dc209b66c6f4c2,../treatment-repos/PostHog_posthog,,8156,1,0,2560,1287,84,770,hogql_parser,26
treatment,PostHog/posthog,2024-12,cognitive_complexity,source_scope_difference_or_mixed,paper,3aa25f3257f981db0b7e8b5411dc209b66c6f4c2,../treatment-repos/PostHog_posthog,,8156,0,0,2560,1287,84,770,frontend,4359
treatment,PostHog/posthog,2024-12,cognitive_complexity,source_scope_difference_or_mixed,paper,3aa25f3257f981db0b7e8b5411dc209b66c6f4c2,../treatment-repos/PostHog_posthog,,8156,0,0,2560,1287,84,770,rust,283
treatment,PostHog/posthog,2024-12,cognitive_complexity,source_scope_difference_or_mixed,paper,3aa25f3257f981db0b7e8b5411dc209b66c6f4c2,../treatment-repos/PostHog_posthog,,8156,0,0,2560,1287,84,770,.github,49
treatment,PostHog/posthog,2024-12,cognitive_complexity,source_scope_difference_or_mixed,paper,3aa25f3257f981db0b7e8b5411dc209b66c6f4c2,../treatment-repos/PostHog_posthog,,8156,0,0,2560,1287,84,770,livestream,34
treatment,PostHog/posthog,2024-11,cognitive_complexity,source_scope_difference_or_mixed,paper,b4d51e3b746e6174a7d60c525ea22387f00dcafe,../treatment-repos/PostHog_posthog,,8022,2035,0,2516,1271,84,753,posthog,2257
treatment,PostHog/posthog,2024-11,cognitive_complexity,source_scope_difference_or_mixed,paper,b4d51e3b746e6174a7d60c525ea22387f00dcafe,../treatment-repos/PostHog_posthog,,8022,284,0,2516,1271,84,753,ee,343
treatment,PostHog/posthog,2024-11,cognitive_complexity,source_scope_difference_or_mixed,paper,b4d51e3b746e6174a7d60c525ea22387f00dcafe,../treatment-repos/PostHog_posthog,,8022,15,0,2516,1271,84,753,hogvm,167
treatment,PostHog/posthog,2024-11,cognitive_complexity,source_scope_difference_or_mixed,paper,b4d51e3b746e6174a7d60c525ea22387f00dcafe,../treatment-repos/PostHog_posthog,,8022,3,0,2516,1271,84,753,bin,36
treatment,PostHog/posthog,2024-11,cognitive_complexity,source_scope_difference_or_mixed,paper,b4d51e3b746e6174a7d60c525ea22387f00dcafe,../treatment-repos/PostHog_posthog,,8022,2,0,2516,1271,84,753,(root),54
treatment,PostHog/posthog,2024-11,cognitive_complexity,source_scope_difference_or_mixed,paper,b4d51e3b746e6174a7d60c525ea22387f00dcafe,../treatment-repos/PostHog_posthog,,8022,1,0,2516,1271,84,753,plugin-server,303
treatment,PostHog/posthog,2024-11,cognitive_complexity,source_scope_difference_or_mixed,paper,b4d51e3b746e6174a7d60c525ea22387f00dcafe,../treatment-repos/PostHog_posthog,,8022,1,0,2516,1271,84,753,cypress,95
treatment,PostHog/posthog,2024-11,cognitive_complexity,source_scope_difference_or_mixed,paper,b4d51e3b746e6174a7d60c525ea22387f00dcafe,../treatment-repos/PostHog_posthog,,8022,1,0,2516,1271,84,753,hogql_parser,26
treatment,PostHog/posthog,2024-11,cognitive_complexity,source_scope_difference_or_mixed,paper,b4d51e3b746e6174a7d60c525ea22387f00dcafe,../treatment-repos/PostHog_posthog,,8022,0,0,2516,1271,84,753,frontend,4310
treatment,PostHog/posthog,2024-11,cognitive_complexity,source_scope_difference_or_mixed,paper,b4d51e3b746e6174a7d60c525ea22387f00dcafe,../treatment-repos/PostHog_posthog,,8022,0,0,2516,1271,84,753,rust,278
treatment,PostHog/posthog,2024-11,cognitive_complexity,source_scope_difference_or_mixed,paper,b4d51e3b746e6174a7d60c525ea22387f00dcafe,../treatment-repos/PostHog_posthog,,8022,0,0,2516,1271,84,753,.github,49
treatment,PostHog/posthog,2024-11,cognitive_complexity,source_scope_difference_or_mixed,paper,b4d51e3b746e6174a7d60c525ea22387f00dcafe,../treatment-repos/PostHog_posthog,,8022,0,0,2516,1271,84,753,livestream,34
treatment,cgevans/qslib,2025-05,cognitive_complexity,paper_commit_missing,our,d02b38180d3a4f06775d13e613b0f382447d7c6b,../treatment-repos/cgevans_qslib,,7,0,0,0,0,1,0,(root),5
treatment,cgevans/qslib,2025-05,cognitive_complexity,paper_commit_missing,our,d02b38180d3a4f06775d13e613b0f382447d7c6b,../treatment-repos/cgevans_qslib,,7,0,0,0,0,1,0,src,2
treatment,getsentry/sentry,2024-01,static_analysis_warnings,source_scope_difference_or_mixed,paper,8073feb6eac31a856f6a389a1c289430b35e3589,../treatment-repos/getsentry_sentry,,13503,3568,0,4849,3871,463,750,src,4156
treatment,getsentry/sentry,2024-01,static_analysis_warnings,source_scope_difference_or_mixed,paper,8073feb6eac31a856f6a389a1c289430b35e3589,../treatment-repos/getsentry_sentry,,13503,1918,0,4849,3871,463,750,tests,3776
treatment,getsentry/sentry,2024-01,static_analysis_warnings,source_scope_difference_or_mixed,paper,8073feb6eac31a856f6a389a1c289430b35e3589,../treatment-repos/getsentry_sentry,,13503,86,0,4849,3871,463,750,fixtures,489
treatment,getsentry/sentry,2024-01,static_analysis_warnings,source_scope_difference_or_mixed,paper,8073feb6eac31a856f6a389a1c289430b35e3589,../treatment-repos/getsentry_sentry,,13503,15,0,4849,3871,463,750,tools,15
treatment,getsentry/sentry,2024-01,static_analysis_warnings,source_scope_difference_or_mixed,paper,8073feb6eac31a856f6a389a1c289430b35e3589,../treatment-repos/getsentry_sentry,,13503,5,0,4849,3871,463,750,scripts,20
treatment,getsentry/sentry,2024-01,static_analysis_warnings,source_scope_difference_or_mixed,paper,8073feb6eac31a856f6a389a1c289430b35e3589,../treatment-repos/getsentry_sentry,,13503,4,0,4849,3871,463,750,bin,21
treatment,getsentry/sentry,2024-01,static_analysis_warnings,source_scope_difference_or_mixed,paper,8073feb6eac31a856f6a389a1c289430b35e3589,../treatment-repos/getsentry_sentry,,13503,1,0,4849,3871,463,750,(root),42
treatment,getsentry/sentry,2024-01,static_analysis_warnings,source_scope_difference_or_mixed,paper,8073feb6eac31a856f6a389a1c289430b35e3589,../treatment-repos/getsentry_sentry,,13503,1,0,4849,3871,463,750,self-hosted,4
treatment,getsentry/sentry,2024-01,static_analysis_warnings,source_scope_difference_or_mixed,paper,8073feb6eac31a856f6a389a1c289430b35e3589,../treatment-repos/getsentry_sentry,,13503,0,0,4849,3871,463,750,static,4824
treatment,getsentry/sentry,2024-01,static_analysis_warnings,source_scope_difference_or_mixed,paper,8073feb6eac31a856f6a389a1c289430b35e3589,../treatment-repos/getsentry_sentry,,13503,0,0,4849,3871,463,750,api-docs,75
treatment,getsentry/sentry,2024-01,static_analysis_warnings,source_scope_difference_or_mixed,paper,8073feb6eac31a856f6a389a1c289430b35e3589,../treatment-repos/getsentry_sentry,,13503,0,0,4849,3871,463,750,.github,55
treatment,getsentry/sentry,2024-01,static_analysis_warnings,source_scope_difference_or_mixed,paper,8073feb6eac31a856f6a389a1c289430b35e3589,../treatment-repos/getsentry_sentry,,13503,0,0,4849,3871,463,750,config,18
treatment,PostHog/posthog,2024-10,cognitive_complexity,source_scope_difference_or_mixed,paper,12ff477551dfc5a197aca3006e14e4193183dbd8,../treatment-repos/PostHog_posthog,,7770,1990,0,2411,1209,84,728,posthog,2213
treatment,PostHog/posthog,2024-10,cognitive_complexity,source_scope_difference_or_mixed,paper,12ff477551dfc5a197aca3006e14e4193183dbd8,../treatment-repos/PostHog_posthog,,7770,238,0,2411,1209,84,728,ee,297
treatment,PostHog/posthog,2024-10,cognitive_complexity,source_scope_difference_or_mixed,paper,12ff477551dfc5a197aca3006e14e4193183dbd8,../treatment-repos/PostHog_posthog,,7770,15,0,2411,1209,84,728,hogvm,133
treatment,PostHog/posthog,2024-10,cognitive_complexity,source_scope_difference_or_mixed,paper,12ff477551dfc5a197aca3006e14e4193183dbd8,../treatment-repos/PostHog_posthog,,7770,3,0,2411,1209,84,728,bin,36
treatment,PostHog/posthog,2024-10,cognitive_complexity,source_scope_difference_or_mixed,paper,12ff477551dfc5a197aca3006e14e4193183dbd8,../treatment-repos/PostHog_posthog,,7770,2,0,2411,1209,84,728,(root),55
treatment,PostHog/posthog,2024-10,cognitive_complexity,source_scope_difference_or_mixed,paper,12ff477551dfc5a197aca3006e14e4193183dbd8,../treatment-repos/PostHog_posthog,,7770,1,0,2411,1209,84,728,plugin-server,304
treatment,PostHog/posthog,2024-10,cognitive_complexity,source_scope_difference_or_mixed,paper,12ff477551dfc5a197aca3006e14e4193183dbd8,../treatment-repos/PostHog_posthog,,7770,1,0,2411,1209,84,728,cypress,95
treatment,PostHog/posthog,2024-10,cognitive_complexity,source_scope_difference_or_mixed,paper,12ff477551dfc5a197aca3006e14e4193183dbd8,../treatment-repos/PostHog_posthog,,7770,1,0,2411,1209,84,728,hogql_parser,26
treatment,PostHog/posthog,2024-10,cognitive_complexity,source_scope_difference_or_mixed,paper,12ff477551dfc5a197aca3006e14e4193183dbd8,../treatment-repos/PostHog_posthog,,7770,0,0,2411,1209,84,728,frontend,4211
treatment,PostHog/posthog,2024-10,cognitive_complexity,source_scope_difference_or_mixed,paper,12ff477551dfc5a197aca3006e14e4193183dbd8,../treatment-repos/PostHog_posthog,,7770,0,0,2411,1209,84,728,rust,247
treatment,PostHog/posthog,2024-10,cognitive_complexity,source_scope_difference_or_mixed,paper,12ff477551dfc5a197aca3006e14e4193183dbd8,../treatment-repos/PostHog_posthog,,7770,0,0,2411,1209,84,728,.github,49
treatment,PostHog/posthog,2024-10,cognitive_complexity,source_scope_difference_or_mixed,paper,12ff477551dfc5a197aca3006e14e4193183dbd8,../treatment-repos/PostHog_posthog,,7770,0,0,2411,1209,84,728,livestream,34
treatment,cgevans/qslib,2025-05,technical_debt,paper_commit_missing,our,d02b38180d3a4f06775d13e613b0f382447d7c6b,../treatment-repos/cgevans_qslib,,7,0,0,0,0,1,0,(root),5
treatment,cgevans/qslib,2025-05,technical_debt,paper_commit_missing,our,d02b38180d3a4f06775d13e613b0f382447d7c6b,../treatment-repos/cgevans_qslib,,7,0,0,0,0,1,0,src,2
treatment,cgevans/qslib,2025-02,cognitive_complexity,source_scope_difference_or_mixed,paper,f231361a93b274928e71ff2cb06bee91e0bb2c11,../treatment-repos/cgevans_qslib,,17,0,0,0,2,0,0,src,9
treatment,cgevans/qslib,2025-02,cognitive_complexity,source_scope_difference_or_mixed,paper,f231361a93b274928e71ff2cb06bee91e0bb2c11,../treatment-repos/cgevans_qslib,,17,0,0,0,2,0,0,(root),5
treatment,cgevans/qslib,2025-02,cognitive_complexity,source_scope_difference_or_mixed,paper,f231361a93b274928e71ff2cb06bee91e0bb2c11,../treatment-repos/cgevans_qslib,,17,0,0,0,2,0,0,benches,2
treatment,cgevans/qslib,2025-02,cognitive_complexity,source_scope_difference_or_mixed,paper,f231361a93b274928e71ff2cb06bee91e0bb2c11,../treatment-repos/cgevans_qslib,,17,0,0,0,2,0,0,tests,1
control,lancedb/lancedb,2025-06,cognitive_complexity,source_scope_difference_or_mixed,paper,1dadb2aefa8c7e20098f8bdd4fad45383a8ebab7,../control-repos/lancedb_lancedb,,683,88,12,67,87,373,13,python,108
control,lancedb/lancedb,2025-06,cognitive_complexity,source_scope_difference_or_mixed,paper,1dadb2aefa8c7e20098f8bdd4fad45383a8ebab7,../control-repos/lancedb_lancedb,,683,6,12,67,87,373,13,ci,18
control,lancedb/lancedb,2025-06,cognitive_complexity,source_scope_difference_or_mixed,paper,1dadb2aefa8c7e20098f8bdd4fad45383a8ebab7,../control-repos/lancedb_lancedb,,683,3,12,67,87,373,13,docs,299
control,lancedb/lancedb,2025-06,cognitive_complexity,source_scope_difference_or_mixed,paper,1dadb2aefa8c7e20098f8bdd4fad45383a8ebab7,../control-repos/lancedb_lancedb,,683,0,12,67,87,373,13,nodejs,83
control,lancedb/lancedb,2025-06,cognitive_complexity,source_scope_difference_or_mixed,paper,1dadb2aefa8c7e20098f8bdd4fad45383a8ebab7,../control-repos/lancedb_lancedb,,683,0,12,67,87,373,13,rust,63
control,lancedb/lancedb,2025-06,cognitive_complexity,source_scope_difference_or_mixed,paper,1dadb2aefa8c7e20098f8bdd4fad45383a8ebab7,../control-repos/lancedb_lancedb,,683,0,12,67,87,373,13,node,35
control,lancedb/lancedb,2025-06,cognitive_complexity,source_scope_difference_or_mixed,paper,1dadb2aefa8c7e20098f8bdd4fad45383a8ebab7,../control-repos/lancedb_lancedb,,683,0,12,67,87,373,13,java,34
control,lancedb/lancedb,2025-06,cognitive_complexity,source_scope_difference_or_mixed,paper,1dadb2aefa8c7e20098f8bdd4fad45383a8ebab7,../control-repos/lancedb_lancedb,,683,0,12,67,87,373,13,.github,29
control,lancedb/lancedb,2025-06,cognitive_complexity,source_scope_difference_or_mixed,paper,1dadb2aefa8c7e20098f8bdd4fad45383a8ebab7,../control-repos/lancedb_lancedb,,683,0,12,67,87,373,13,(root),12
control,lancedb/lancedb,2025-06,cognitive_complexity,source_scope_difference_or_mixed,paper,1dadb2aefa8c7e20098f8bdd4fad45383a8ebab7,../control-repos/lancedb_lancedb,,683,0,12,67,87,373,13,.cargo,1
control,lancedb/lancedb,2025-06,cognitive_complexity,source_scope_difference_or_mixed,paper,1dadb2aefa8c7e20098f8bdd4fad45383a8ebab7,../control-repos/lancedb_lancedb,,683,0,12,67,87,373,13,dockerfiles,1
control,lancedb/lancedb,2025-07,cognitive_complexity,source_scope_difference_or_mixed,paper,c7afa724ddf1a3a5ff0633edc75c93570b9a5689,../control-repos/lancedb_lancedb,,697,89,12,68,89,375,13,python,111
control,lancedb/lancedb,2025-07,cognitive_complexity,source_scope_difference_or_mixed,paper,c7afa724ddf1a3a5ff0633edc75c93570b9a5689,../control-repos/lancedb_lancedb,,697,6,12,68,89,375,13,ci,18
control,lancedb/lancedb,2025-07,cognitive_complexity,source_scope_difference_or_mixed,paper,c7afa724ddf1a3a5ff0633edc75c93570b9a5689,../control-repos/lancedb_lancedb,,697,3,12,68,89,375,13,docs,301
control,lancedb/lancedb,2025-07,cognitive_complexity,source_scope_difference_or_mixed,paper,c7afa724ddf1a3a5ff0633edc75c93570b9a5689,../control-repos/lancedb_lancedb,,697,0,12,68,89,375,13,nodejs,86
control,lancedb/lancedb,2025-07,cognitive_complexity,source_scope_difference_or_mixed,paper,c7afa724ddf1a3a5ff0633edc75c93570b9a5689,../control-repos/lancedb_lancedb,,697,0,12,68,89,375,13,rust,63
control,lancedb/lancedb,2025-07,cognitive_complexity,source_scope_difference_or_mixed,paper,c7afa724ddf1a3a5ff0633edc75c93570b9a5689,../control-repos/lancedb_lancedb,,697,0,12,68,89,375,13,java,39
control,lancedb/lancedb,2025-07,cognitive_complexity,source_scope_difference_or_mixed,paper,c7afa724ddf1a3a5ff0633edc75c93570b9a5689,../control-repos/lancedb_lancedb,,697,0,12,68,89,375,13,node,35
control,lancedb/lancedb,2025-07,cognitive_complexity,source_scope_difference_or_mixed,paper,c7afa724ddf1a3a5ff0633edc75c93570b9a5689,../control-repos/lancedb_lancedb,,697,0,12,68,89,375,13,.github,29
control,lancedb/lancedb,2025-07,cognitive_complexity,source_scope_difference_or_mixed,paper,c7afa724ddf1a3a5ff0633edc75c93570b9a5689,../control-repos/lancedb_lancedb,,697,0,12,68,89,375,13,(root),13
control,lancedb/lancedb,2025-07,cognitive_complexity,source_scope_difference_or_mixed,paper,c7afa724ddf1a3a5ff0633edc75c93570b9a5689,../control-repos/lancedb_lancedb,,697,0,12,68,89,375,13,.cargo,1
control,lancedb/lancedb,2025-07,cognitive_complexity,source_scope_difference_or_mixed,paper,c7afa724ddf1a3a5ff0633edc75c93570b9a5689,../control-repos/lancedb_lancedb,,697,0,12,68,89,375,13,dockerfiles,1
control,lancedb/lancedb,2025-05,cognitive_complexity,source_scope_difference_or_mixed,paper,0525c055fcc6b25297084bdaddc072d206345df1,../control-repos/lancedb_lancedb,,679,88,12,67,87,369,13,python,108
control,lancedb/lancedb,2025-05,cognitive_complexity,source_scope_difference_or_mixed,paper,0525c055fcc6b25297084bdaddc072d206345df1,../control-repos/lancedb_lancedb,,679,5,12,67,87,369,13,ci,16
control,lancedb/lancedb,2025-05,cognitive_complexity,source_scope_difference_or_mixed,paper,0525c055fcc6b25297084bdaddc072d206345df1,../control-repos/lancedb_lancedb,,679,3,12,67,87,369,13,docs,295
control,lancedb/lancedb,2025-05,cognitive_complexity,source_scope_difference_or_mixed,paper,0525c055fcc6b25297084bdaddc072d206345df1,../control-repos/lancedb_lancedb,,679,0,12,67,87,369,13,nodejs,83
control,lancedb/lancedb,2025-05,cognitive_complexity,source_scope_difference_or_mixed,paper,0525c055fcc6b25297084bdaddc072d206345df1,../control-repos/lancedb_lancedb,,679,0,12,67,87,369,13,rust,63
control,lancedb/lancedb,2025-05,cognitive_complexity,source_scope_difference_or_mixed,paper,0525c055fcc6b25297084bdaddc072d206345df1,../control-repos/lancedb_lancedb,,679,0,12,67,87,369,13,node,35
control,lancedb/lancedb,2025-05,cognitive_complexity,source_scope_difference_or_mixed,paper,0525c055fcc6b25297084bdaddc072d206345df1,../control-repos/lancedb_lancedb,,679,0,12,67,87,369,13,java,34
control,lancedb/lancedb,2025-05,cognitive_complexity,source_scope_difference_or_mixed,paper,0525c055fcc6b25297084bdaddc072d206345df1,../control-repos/lancedb_lancedb,,679,0,12,67,87,369,13,.github,31
control,lancedb/lancedb,2025-05,cognitive_complexity,source_scope_difference_or_mixed,paper,0525c055fcc6b25297084bdaddc072d206345df1,../control-repos/lancedb_lancedb,,679,0,12,67,87,369,13,(root),12
control,lancedb/lancedb,2025-05,cognitive_complexity,source_scope_difference_or_mixed,paper,0525c055fcc6b25297084bdaddc072d206345df1,../control-repos/lancedb_lancedb,,679,0,12,67,87,369,13,.cargo,1
control,lancedb/lancedb,2025-05,cognitive_complexity,source_scope_difference_or_mixed,paper,0525c055fcc6b25297084bdaddc072d206345df1,../control-repos/lancedb_lancedb,,679,0,12,67,87,369,13,dockerfiles,1
control,lancedb/lancedb,2025-08,cognitive_complexity,source_scope_difference_or_mixed,paper,47747287b616d4a2f1dd14f811f218e3caee7f8d,../control-repos/lancedb_lancedb,,646,93,12,45,85,365,8,python,115
control,lancedb/lancedb,2025-08,cognitive_complexity,source_scope_difference_or_mixed,paper,47747287b616d4a2f1dd14f811f218e3caee7f8d,../control-repos/lancedb_lancedb,,646,6,12,45,85,365,8,ci,10
control,lancedb/lancedb,2025-08,cognitive_complexity,source_scope_difference_or_mixed,paper,47747287b616d4a2f1dd14f811f218e3caee7f8d,../control-repos/lancedb_lancedb,,646,3,12,45,85,365,8,docs,302
control,lancedb/lancedb,2025-08,cognitive_complexity,source_scope_difference_or_mixed,paper,47747287b616d4a2f1dd14f811f218e3caee7f8d,../control-repos/lancedb_lancedb,,646,0,12,45,85,365,8,nodejs,86
control,lancedb/lancedb,2025-08,cognitive_complexity,source_scope_difference_or_mixed,paper,47747287b616d4a2f1dd14f811f218e3caee7f8d,../control-repos/lancedb_lancedb,,646,0,12,45,85,365,8,rust,51
control,lancedb/lancedb,2025-08,cognitive_complexity,source_scope_difference_or_mixed,paper,47747287b616d4a2f1dd14f811f218e3caee7f8d,../control-repos/lancedb_lancedb,,646,0,12,45,85,365,8,java,39
control,lancedb/lancedb,2025-08,cognitive_complexity,source_scope_difference_or_mixed,paper,47747287b616d4a2f1dd14f811f218e3caee7f8d,../control-repos/lancedb_lancedb,,646,0,12,45,85,365,8,.github,28
control,lancedb/lancedb,2025-08,cognitive_complexity,source_scope_difference_or_mixed,paper,47747287b616d4a2f1dd14f811f218e3caee7f8d,../control-repos/lancedb_lancedb,,646,0,12,45,85,365,8,(root),13
control,lancedb/lancedb,2025-08,cognitive_complexity,source_scope_difference_or_mixed,paper,47747287b616d4a2f1dd14f811f218e3caee7f8d,../control-repos/lancedb_lancedb,,646,0,12,45,85,365,8,.cargo,1
control,lancedb/lancedb,2025-08,cognitive_complexity,source_scope_difference_or_mixed,paper,47747287b616d4a2f1dd14f811f218e3caee7f8d,../control-repos/lancedb_lancedb,,646,0,12,45,85,365,8,dockerfiles,1
control,lancedb/lancedb,2025-04,cognitive_complexity,source_scope_difference_or_mixed,paper,3cc670ac3860bb9990d89f61d9b1644b0e4c658f,../control-repos/lancedb_lancedb,,666,88,12,67,87,356,13,python,108
control,lancedb/lancedb,2025-04,cognitive_complexity,source_scope_difference_or_mixed,paper,3cc670ac3860bb9990d89f61d9b1644b0e4c658f,../control-repos/lancedb_lancedb,,666,5,12,67,87,356,13,ci,16
control,lancedb/lancedb,2025-04,cognitive_complexity,source_scope_difference_or_mixed,paper,3cc670ac3860bb9990d89f61d9b1644b0e4c658f,../control-repos/lancedb_lancedb,,666,3,12,67,87,356,13,docs,282
control,lancedb/lancedb,2025-04,cognitive_complexity,source_scope_difference_or_mixed,paper,3cc670ac3860bb9990d89f61d9b1644b0e4c658f,../control-repos/lancedb_lancedb,,666,0,12,67,87,356,13,nodejs,83
control,lancedb/lancedb,2025-04,cognitive_complexity,source_scope_difference_or_mixed,paper,3cc670ac3860bb9990d89f61d9b1644b0e4c658f,../control-repos/lancedb_lancedb,,666,0,12,67,87,356,13,rust,63
control,lancedb/lancedb,2025-04,cognitive_complexity,source_scope_difference_or_mixed,paper,3cc670ac3860bb9990d89f61d9b1644b0e4c658f,../control-repos/lancedb_lancedb,,666,0,12,67,87,356,13,node,35
control,lancedb/lancedb,2025-04,cognitive_complexity,source_scope_difference_or_mixed,paper,3cc670ac3860bb9990d89f61d9b1644b0e4c658f,../control-repos/lancedb_lancedb,,666,0,12,67,87,356,13,java,34
control,lancedb/lancedb,2025-04,cognitive_complexity,source_scope_difference_or_mixed,paper,3cc670ac3860bb9990d89f61d9b1644b0e4c658f,../control-repos/lancedb_lancedb,,666,0,12,67,87,356,13,.github,31
control,lancedb/lancedb,2025-04,cognitive_complexity,source_scope_difference_or_mixed,paper,3cc670ac3860bb9990d89f61d9b1644b0e4c658f,../control-repos/lancedb_lancedb,,666,0,12,67,87,356,13,(root),12
control,lancedb/lancedb,2025-04,cognitive_complexity,source_scope_difference_or_mixed,paper,3cc670ac3860bb9990d89f61d9b1644b0e4c658f,../control-repos/lancedb_lancedb,,666,0,12,67,87,356,13,.cargo,1
control,lancedb/lancedb,2025-04,cognitive_complexity,source_scope_difference_or_mixed,paper,3cc670ac3860bb9990d89f61d9b1644b0e4c658f,../control-repos/lancedb_lancedb,,666,0,12,67,87,356,13,dockerfiles,1
treatment,PostHog/posthog,2024-09,cognitive_complexity,source_scope_difference_or_mixed,paper,761c6ce0ab4db14ddede62cb61b6d6854dff7ea7,../treatment-repos/PostHog_posthog,,7517,1922,0,2335,1159,84,696,posthog,2122
treatment,PostHog/posthog,2024-09,cognitive_complexity,source_scope_difference_or_mixed,paper,761c6ce0ab4db14ddede62cb61b6d6854dff7ea7,../treatment-repos/PostHog_posthog,,7517,225,0,2335,1159,84,696,ee,284
treatment,PostHog/posthog,2024-09,cognitive_complexity,source_scope_difference_or_mixed,paper,761c6ce0ab4db14ddede62cb61b6d6854dff7ea7,../treatment-repos/PostHog_posthog,,7517,15,0,2335,1159,84,696,hogvm,133
treatment,PostHog/posthog,2024-09,cognitive_complexity,source_scope_difference_or_mixed,paper,761c6ce0ab4db14ddede62cb61b6d6854dff7ea7,../treatment-repos/PostHog_posthog,,7517,3,0,2335,1159,84,696,bin,36
treatment,PostHog/posthog,2024-09,cognitive_complexity,source_scope_difference_or_mixed,paper,761c6ce0ab4db14ddede62cb61b6d6854dff7ea7,../treatment-repos/PostHog_posthog,,7517,2,0,2335,1159,84,696,(root),55
treatment,PostHog/posthog,2024-09,cognitive_complexity,source_scope_difference_or_mixed,paper,761c6ce0ab4db14ddede62cb61b6d6854dff7ea7,../treatment-repos/PostHog_posthog,,7517,1,0,2335,1159,84,696,plugin-server,301
treatment,PostHog/posthog,2024-09,cognitive_complexity,source_scope_difference_or_mixed,paper,761c6ce0ab4db14ddede62cb61b6d6854dff7ea7,../treatment-repos/PostHog_posthog,,7517,1,0,2335,1159,84,696,cypress,94
treatment,PostHog/posthog,2024-09,cognitive_complexity,source_scope_difference_or_mixed,paper,761c6ce0ab4db14ddede62cb61b6d6854dff7ea7,../treatment-repos/PostHog_posthog,,7517,1,0,2335,1159,84,696,hogql_parser,26
treatment,PostHog/posthog,2024-09,cognitive_complexity,source_scope_difference_or_mixed,paper,761c6ce0ab4db14ddede62cb61b6d6854dff7ea7,../treatment-repos/PostHog_posthog,,7517,0,0,2335,1159,84,696,frontend,4088
treatment,PostHog/posthog,2024-09,cognitive_complexity,source_scope_difference_or_mixed,paper,761c6ce0ab4db14ddede62cb61b6d6854dff7ea7,../treatment-repos/PostHog_posthog,,7517,0,0,2335,1159,84,696,rust,233
treatment,PostHog/posthog,2024-09,cognitive_complexity,source_scope_difference_or_mixed,paper,761c6ce0ab4db14ddede62cb61b6d6854dff7ea7,../treatment-repos/PostHog_posthog,,7517,0,0,2335,1159,84,696,.github,48
treatment,PostHog/posthog,2024-09,cognitive_complexity,source_scope_difference_or_mixed,paper,761c6ce0ab4db14ddede62cb61b6d6854dff7ea7,../treatment-repos/PostHog_posthog,,7517,0,0,2335,1159,84,696,livestream,34
treatment,whiteducksoftware/flock,2025-08,technical_debt,commit_selection_difference,our,88b363080e95e8bdd87e32924216febb6cb5e4c7,../treatment-repos/whiteducksoftware_flock,,729,169,0,0,40,68,2,src,552
treatment,whiteducksoftware/flock,2025-08,technical_debt,commit_selection_difference,our,88b363080e95e8bdd87e32924216febb6cb5e4c7,../treatment-repos/whiteducksoftware_flock,,729,44,0,0,40,68,2,legacy,45
treatment,whiteducksoftware/flock,2025-08,technical_debt,commit_selection_difference,our,88b363080e95e8bdd87e32924216febb6cb5e4c7,../treatment-repos/whiteducksoftware_flock,,729,35,0,0,40,68,2,tests,35
treatment,whiteducksoftware/flock,2025-08,technical_debt,commit_selection_difference,our,88b363080e95e8bdd87e32924216febb6cb5e4c7,../treatment-repos/whiteducksoftware_flock,,729,3,0,0,40,68,2,scripts,3
treatment,whiteducksoftware/flock,2025-08,technical_debt,commit_selection_difference,our,88b363080e95e8bdd87e32924216febb6cb5e4c7,../treatment-repos/whiteducksoftware_flock,,729,1,0,0,40,68,2,docs,62
treatment,whiteducksoftware/flock,2025-08,technical_debt,commit_selection_difference,our,88b363080e95e8bdd87e32924216febb6cb5e4c7,../treatment-repos/whiteducksoftware_flock,,729,0,0,0,40,68,2,(root),18
treatment,whiteducksoftware/flock,2025-08,technical_debt,commit_selection_difference,our,88b363080e95e8bdd87e32924216febb6cb5e4c7,../treatment-repos/whiteducksoftware_flock,,729,0,0,0,40,68,2,.github,10
treatment,whiteducksoftware/flock,2025-08,technical_debt,commit_selection_difference,our,88b363080e95e8bdd87e32924216febb6cb5e4c7,../treatment-repos/whiteducksoftware_flock,,729,0,0,0,40,68,2,.vscode,3
treatment,whiteducksoftware/flock,2025-08,technical_debt,commit_selection_difference,our,88b363080e95e8bdd87e32924216febb6cb5e4c7,../treatment-repos/whiteducksoftware_flock,,729,0,0,0,40,68,2,.devcontainer,1
control,lancedb/lancedb,2025-03,cognitive_complexity,source_scope_difference_or_mixed,paper,e59f9382a0de2f70b931373b29a11a27824bf639,../control-repos/lancedb_lancedb,,651,87,12,67,87,345,13,python,107
control,lancedb/lancedb,2025-03,cognitive_complexity,source_scope_difference_or_mixed,paper,e59f9382a0de2f70b931373b29a11a27824bf639,../control-repos/lancedb_lancedb,,651,5,12,67,87,345,13,ci,16
control,lancedb/lancedb,2025-03,cognitive_complexity,source_scope_difference_or_mixed,paper,e59f9382a0de2f70b931373b29a11a27824bf639,../control-repos/lancedb_lancedb,,651,3,12,67,87,345,13,docs,271
control,lancedb/lancedb,2025-03,cognitive_complexity,source_scope_difference_or_mixed,paper,e59f9382a0de2f70b931373b29a11a27824bf639,../control-repos/lancedb_lancedb,,651,0,12,67,87,345,13,nodejs,83
control,lancedb/lancedb,2025-03,cognitive_complexity,source_scope_difference_or_mixed,paper,e59f9382a0de2f70b931373b29a11a27824bf639,../control-repos/lancedb_lancedb,,651,0,12,67,87,345,13,rust,60
control,lancedb/lancedb,2025-03,cognitive_complexity,source_scope_difference_or_mixed,paper,e59f9382a0de2f70b931373b29a11a27824bf639,../control-repos/lancedb_lancedb,,651,0,12,67,87,345,13,node,35
control,lancedb/lancedb,2025-03,cognitive_complexity,source_scope_difference_or_mixed,paper,e59f9382a0de2f70b931373b29a11a27824bf639,../control-repos/lancedb_lancedb,,651,0,12,67,87,345,13,java,34
control,lancedb/lancedb,2025-03,cognitive_complexity,source_scope_difference_or_mixed,paper,e59f9382a0de2f70b931373b29a11a27824bf639,../control-repos/lancedb_lancedb,,651,0,12,67,87,345,13,.github,31
control,lancedb/lancedb,2025-03,cognitive_complexity,source_scope_difference_or_mixed,paper,e59f9382a0de2f70b931373b29a11a27824bf639,../control-repos/lancedb_lancedb,,651,0,12,67,87,345,13,(root),12
control,lancedb/lancedb,2025-03,cognitive_complexity,source_scope_difference_or_mixed,paper,e59f9382a0de2f70b931373b29a11a27824bf639,../control-repos/lancedb_lancedb,,651,0,12,67,87,345,13,.cargo,1
control,lancedb/lancedb,2025-03,cognitive_complexity,source_scope_difference_or_mixed,paper,e59f9382a0de2f70b931373b29a11a27824bf639,../control-repos/lancedb_lancedb,,651,0,12,67,87,345,13,dockerfiles,1
treatment,whiteducksoftware/flock,2025-05,technical_debt,commit_selection_difference,paper,8e542bb4c8252648f6a7705a46124a8e76a4e19c,../treatment-repos/whiteducksoftware_flock,,667,180,0,0,18,64,2,src,564
treatment,whiteducksoftware/flock,2025-05,technical_debt,commit_selection_difference,paper,8e542bb4c8252648f6a7705a46124a8e76a4e19c,../treatment-repos/whiteducksoftware_flock,,667,15,0,0,18,64,2,tests,15
treatment,whiteducksoftware/flock,2025-05,technical_debt,commit_selection_difference,paper,8e542bb4c8252648f6a7705a46124a8e76a4e19c,../treatment-repos/whiteducksoftware_flock,,667,3,0,0,18,64,2,scripts,3
treatment,whiteducksoftware/flock,2025-05,technical_debt,commit_selection_difference,paper,8e542bb4c8252648f6a7705a46124a8e76a4e19c,../treatment-repos/whiteducksoftware_flock,,667,1,0,0,18,64,2,docs,57
treatment,whiteducksoftware/flock,2025-05,technical_debt,commit_selection_difference,paper,8e542bb4c8252648f6a7705a46124a8e76a4e19c,../treatment-repos/whiteducksoftware_flock,,667,1,0,0,18,64,2,(root),15
treatment,whiteducksoftware/flock,2025-05,technical_debt,commit_selection_difference,paper,8e542bb4c8252648f6a7705a46124a8e76a4e19c,../treatment-repos/whiteducksoftware_flock,,667,0,0,0,18,64,2,.github,9
treatment,whiteducksoftware/flock,2025-05,technical_debt,commit_selection_difference,paper,8e542bb4c8252648f6a7705a46124a8e76a4e19c,../treatment-repos/whiteducksoftware_flock,,667,0,0,0,18,64,2,.vscode,3
treatment,whiteducksoftware/flock,2025-05,technical_debt,commit_selection_difference,paper,8e542bb4c8252648f6a7705a46124a8e76a4e19c,../treatment-repos/whiteducksoftware_flock,,667,0,0,0,18,64,2,.devcontainer,1
treatment,whiteducksoftware/flock,2025-05,technical_debt,commit_selection_difference,our,c60e12a13b66d7f9b7c92f42c2681e331c8ed31d,../treatment-repos/whiteducksoftware_flock,,712,168,0,0,26,68,2,src,551
treatment,whiteducksoftware/flock,2025-05,technical_debt,commit_selection_difference,our,c60e12a13b66d7f9b7c92f42c2681e331c8ed31d,../treatment-repos/whiteducksoftware_flock,,712,44,0,0,26,68,2,legacy,45
treatment,whiteducksoftware/flock,2025-05,technical_debt,commit_selection_difference,our,c60e12a13b66d7f9b7c92f42c2681e331c8ed31d,../treatment-repos/whiteducksoftware_flock,,712,24,0,0,26,68,2,tests,24
treatment,whiteducksoftware/flock,2025-05,technical_debt,commit_selection_difference,our,c60e12a13b66d7f9b7c92f42c2681e331c8ed31d,../treatment-repos/whiteducksoftware_flock,,712,3,0,0,26,68,2,scripts,3
treatment,whiteducksoftware/flock,2025-05,technical_debt,commit_selection_difference,our,c60e12a13b66d7f9b7c92f42c2681e331c8ed31d,../treatment-repos/whiteducksoftware_flock,,712,1,0,0,26,68,2,docs,61
treatment,whiteducksoftware/flock,2025-05,technical_debt,commit_selection_difference,our,c60e12a13b66d7f9b7c92f42c2681e331c8ed31d,../treatment-repos/whiteducksoftware_flock,,712,0,0,0,26,68,2,(root),15
treatment,whiteducksoftware/flock,2025-05,technical_debt,commit_selection_difference,our,c60e12a13b66d7f9b7c92f42c2681e331c8ed31d,../treatment-repos/whiteducksoftware_flock,,712,0,0,0,26,68,2,.github,9
treatment,whiteducksoftware/flock,2025-05,technical_debt,commit_selection_difference,our,c60e12a13b66d7f9b7c92f42c2681e331c8ed31d,../treatment-repos/whiteducksoftware_flock,,712,0,0,0,26,68,2,.vscode,3
treatment,whiteducksoftware/flock,2025-05,technical_debt,commit_selection_difference,our,c60e12a13b66d7f9b7c92f42c2681e331c8ed31d,../treatment-repos/whiteducksoftware_flock,,712,0,0,0,26,68,2,.devcontainer,1
treatment,whiteducksoftware/flock,2025-06,technical_debt,commit_selection_difference,paper,1e82eb29281c426f81723a19f28c2b8302cf75ce,../treatment-repos/whiteducksoftware_flock,,667,180,0,0,18,64,2,src,564
treatment,whiteducksoftware/flock,2025-06,technical_debt,commit_selection_difference,paper,1e82eb29281c426f81723a19f28c2b8302cf75ce,../treatment-repos/whiteducksoftware_flock,,667,15,0,0,18,64,2,tests,15
treatment,whiteducksoftware/flock,2025-06,technical_debt,commit_selection_difference,paper,1e82eb29281c426f81723a19f28c2b8302cf75ce,../treatment-repos/whiteducksoftware_flock,,667,3,0,0,18,64,2,scripts,3
treatment,whiteducksoftware/flock,2025-06,technical_debt,commit_selection_difference,paper,1e82eb29281c426f81723a19f28c2b8302cf75ce,../treatment-repos/whiteducksoftware_flock,,667,1,0,0,18,64,2,docs,57
treatment,whiteducksoftware/flock,2025-06,technical_debt,commit_selection_difference,paper,1e82eb29281c426f81723a19f28c2b8302cf75ce,../treatment-repos/whiteducksoftware_flock,,667,1,0,0,18,64,2,(root),15
treatment,whiteducksoftware/flock,2025-06,technical_debt,commit_selection_difference,paper,1e82eb29281c426f81723a19f28c2b8302cf75ce,../treatment-repos/whiteducksoftware_flock,,667,0,0,0,18,64,2,.github,9
treatment,whiteducksoftware/flock,2025-06,technical_debt,commit_selection_difference,paper,1e82eb29281c426f81723a19f28c2b8302cf75ce,../treatment-repos/whiteducksoftware_flock,,667,0,0,0,18,64,2,.vscode,3
treatment,whiteducksoftware/flock,2025-06,technical_debt,commit_selection_difference,paper,1e82eb29281c426f81723a19f28c2b8302cf75ce,../treatment-repos/whiteducksoftware_flock,,667,0,0,0,18,64,2,.devcontainer,1
treatment,whiteducksoftware/flock,2025-06,technical_debt,commit_selection_difference,our,db5e65e61bdb943cae439f796be085c5a8218a3c,../treatment-repos/whiteducksoftware_flock,,712,168,0,0,26,68,2,src,551
treatment,whiteducksoftware/flock,2025-06,technical_debt,commit_selection_difference,our,db5e65e61bdb943cae439f796be085c5a8218a3c,../treatment-repos/whiteducksoftware_flock,,712,44,0,0,26,68,2,legacy,45
treatment,whiteducksoftware/flock,2025-06,technical_debt,commit_selection_difference,our,db5e65e61bdb943cae439f796be085c5a8218a3c,../treatment-repos/whiteducksoftware_flock,,712,24,0,0,26,68,2,tests,24
treatment,whiteducksoftware/flock,2025-06,technical_debt,commit_selection_difference,our,db5e65e61bdb943cae439f796be085c5a8218a3c,../treatment-repos/whiteducksoftware_flock,,712,3,0,0,26,68,2,scripts,3
treatment,whiteducksoftware/flock,2025-06,technical_debt,commit_selection_difference,our,db5e65e61bdb943cae439f796be085c5a8218a3c,../treatment-repos/whiteducksoftware_flock,,712,1,0,0,26,68,2,docs,61
treatment,whiteducksoftware/flock,2025-06,technical_debt,commit_selection_difference,our,db5e65e61bdb943cae439f796be085c5a8218a3c,../treatment-repos/whiteducksoftware_flock,,712,0,0,0,26,68,2,(root),15
treatment,whiteducksoftware/flock,2025-06,technical_debt,commit_selection_difference,our,db5e65e61bdb943cae439f796be085c5a8218a3c,../treatment-repos/whiteducksoftware_flock,,712,0,0,0,26,68,2,.github,9
treatment,whiteducksoftware/flock,2025-06,technical_debt,commit_selection_difference,our,db5e65e61bdb943cae439f796be085c5a8218a3c,../treatment-repos/whiteducksoftware_flock,,712,0,0,0,26,68,2,.vscode,3
treatment,whiteducksoftware/flock,2025-06,technical_debt,commit_selection_difference,our,db5e65e61bdb943cae439f796be085c5a8218a3c,../treatment-repos/whiteducksoftware_flock,,712,0,0,0,26,68,2,.devcontainer,1
control,ysj9909/SHViT,2024-04,static_analysis_warnings,rule_config_analyzer_profile_signal,paper,fee7ce4258e81baf9e929e90f26168d632d186a7,../control-repos/ysj9909_SHViT,,72,45,0,0,3,0,3,downstream,51
control,ysj9909/SHViT,2024-04,static_analysis_warnings,rule_config_analyzer_profile_signal,paper,fee7ce4258e81baf9e929e90f26168d632d186a7,../control-repos/ysj9909_SHViT,,72,6,0,0,3,0,3,(root),10
control,ysj9909/SHViT,2024-04,static_analysis_warnings,rule_config_analyzer_profile_signal,paper,fee7ce4258e81baf9e929e90f26168d632d186a7,../control-repos/ysj9909_SHViT,,72,4,0,0,3,0,3,data,8
control,ysj9909/SHViT,2024-04,static_analysis_warnings,rule_config_analyzer_profile_signal,paper,fee7ce4258e81baf9e929e90f26168d632d186a7,../control-repos/ysj9909_SHViT,,72,3,0,0,3,0,3,model,3
control,ysj9909/SHViT,2024-06,static_analysis_warnings,rule_config_analyzer_profile_signal,paper,6a729ccf18e0b941714b529638bd3d9bacebcef0,../control-repos/ysj9909_SHViT,,69,45,0,0,3,0,3,downstream,48
control,ysj9909/SHViT,2024-06,static_analysis_warnings,rule_config_analyzer_profile_signal,paper,6a729ccf18e0b941714b529638bd3d9bacebcef0,../control-repos/ysj9909_SHViT,,69,6,0,0,3,0,3,(root),10
control,ysj9909/SHViT,2024-06,static_analysis_warnings,rule_config_analyzer_profile_signal,paper,6a729ccf18e0b941714b529638bd3d9bacebcef0,../control-repos/ysj9909_SHViT,,69,4,0,0,3,0,3,data,8
control,ysj9909/SHViT,2024-06,static_analysis_warnings,rule_config_analyzer_profile_signal,paper,6a729ccf18e0b941714b529638bd3d9bacebcef0,../control-repos/ysj9909_SHViT,,69,3,0,0,3,0,3,model,3
control,ysj9909/SHViT,2024-05,static_analysis_warnings,rule_config_analyzer_profile_signal,paper,20819cb8f624e183b1fa2ce941ed18ab8037b07d,../control-repos/ysj9909_SHViT,,73,45,0,0,3,0,3,downstream,52
control,ysj9909/SHViT,2024-05,static_analysis_warnings,rule_config_analyzer_profile_signal,paper,20819cb8f624e183b1fa2ce941ed18ab8037b07d,../control-repos/ysj9909_SHViT,,73,6,0,0,3,0,3,(root),10
control,ysj9909/SHViT,2024-05,static_analysis_warnings,rule_config_analyzer_profile_signal,paper,20819cb8f624e183b1fa2ce941ed18ab8037b07d,../control-repos/ysj9909_SHViT,,73,4,0,0,3,0,3,data,8
control,ysj9909/SHViT,2024-05,static_analysis_warnings,rule_config_analyzer_profile_signal,paper,20819cb8f624e183b1fa2ce941ed18ab8037b07d,../control-repos/ysj9909_SHViT,,73,3,0,0,3,0,3,model,3
control,ysj9909/SHViT,2024-06,code_smells,rule_config_analyzer_profile_signal,paper,6a729ccf18e0b941714b529638bd3d9bacebcef0,../control-repos/ysj9909_SHViT,,69,45,0,0,3,0,3,downstream,48
control,ysj9909/SHViT,2024-06,code_smells,rule_config_analyzer_profile_signal,paper,6a729ccf18e0b941714b529638bd3d9bacebcef0,../control-repos/ysj9909_SHViT,,69,6,0,0,3,0,3,(root),10
control,ysj9909/SHViT,2024-06,code_smells,rule_config_analyzer_profile_signal,paper,6a729ccf18e0b941714b529638bd3d9bacebcef0,../control-repos/ysj9909_SHViT,,69,4,0,0,3,0,3,data,8
control,ysj9909/SHViT,2024-06,code_smells,rule_config_analyzer_profile_signal,paper,6a729ccf18e0b941714b529638bd3d9bacebcef0,../control-repos/ysj9909_SHViT,,69,3,0,0,3,0,3,model,3
control,ysj9909/SHViT,2024-04,code_smells,rule_config_analyzer_profile_signal,paper,fee7ce4258e81baf9e929e90f26168d632d186a7,../control-repos/ysj9909_SHViT,,72,45,0,0,3,0,3,downstream,51
control,ysj9909/SHViT,2024-04,code_smells,rule_config_analyzer_profile_signal,paper,fee7ce4258e81baf9e929e90f26168d632d186a7,../control-repos/ysj9909_SHViT,,72,6,0,0,3,0,3,(root),10
control,ysj9909/SHViT,2024-04,code_smells,rule_config_analyzer_profile_signal,paper,fee7ce4258e81baf9e929e90f26168d632d186a7,../control-repos/ysj9909_SHViT,,72,4,0,0,3,0,3,data,8
control,ysj9909/SHViT,2024-04,code_smells,rule_config_analyzer_profile_signal,paper,fee7ce4258e81baf9e929e90f26168d632d186a7,../control-repos/ysj9909_SHViT,,72,3,0,0,3,0,3,model,3
control,ysj9909/SHViT,2024-05,code_smells,rule_config_analyzer_profile_signal,paper,20819cb8f624e183b1fa2ce941ed18ab8037b07d,../control-repos/ysj9909_SHViT,,73,45,0,0,3,0,3,downstream,52
control,ysj9909/SHViT,2024-05,code_smells,rule_config_analyzer_profile_signal,paper,20819cb8f624e183b1fa2ce941ed18ab8037b07d,../control-repos/ysj9909_SHViT,,73,6,0,0,3,0,3,(root),10
control,ysj9909/SHViT,2024-05,code_smells,rule_config_analyzer_profile_signal,paper,20819cb8f624e183b1fa2ce941ed18ab8037b07d,../control-repos/ysj9909_SHViT,,73,4,0,0,3,0,3,data,8
control,ysj9909/SHViT,2024-05,code_smells,rule_config_analyzer_profile_signal,paper,20819cb8f624e183b1fa2ce941ed18ab8037b07d,../control-repos/ysj9909_SHViT,,73,3,0,0,3,0,3,model,3
control,zhipeixu/FakeShield,2025-03,static_analysis_warnings,rule_config_analyzer_profile_signal,paper,7bd43c8badef7341807e85e55a8b216dac6c2424,../control-repos/zhipeixu_FakeShield,,1119,368,0,1,14,2,35,MFLM,977
control,zhipeixu/FakeShield,2025-03,static_analysis_warnings,rule_config_analyzer_profile_signal,paper,7bd43c8badef7341807e85e55a8b216dac6c2424,../control-repos/zhipeixu_FakeShield,,1119,50,0,1,14,2,35,DTE-FDM,100
control,zhipeixu/FakeShield,2025-03,static_analysis_warnings,rule_config_analyzer_profile_signal,paper,7bd43c8badef7341807e85e55a8b216dac6c2424,../control-repos/zhipeixu_FakeShield,,1119,11,0,1,14,2,35,scripts,25
control,zhipeixu/FakeShield,2025-03,static_analysis_warnings,rule_config_analyzer_profile_signal,paper,7bd43c8badef7341807e85e55a8b216dac6c2424,../control-repos/zhipeixu_FakeShield,,1119,1,0,1,14,2,35,playground,6
control,zhipeixu/FakeShield,2025-03,static_analysis_warnings,rule_config_analyzer_profile_signal,paper,7bd43c8badef7341807e85e55a8b216dac6c2424,../control-repos/zhipeixu_FakeShield,,1119,0,0,1,14,2,35,assets,7
control,zhipeixu/FakeShield,2025-03,static_analysis_warnings,rule_config_analyzer_profile_signal,paper,7bd43c8badef7341807e85e55a8b216dac6c2424,../control-repos/zhipeixu_FakeShield,,1119,0,0,1,14,2,35,(root),3
control,zhipeixu/FakeShield,2025-03,static_analysis_warnings,rule_config_analyzer_profile_signal,paper,7bd43c8badef7341807e85e55a8b216dac6c2424,../control-repos/zhipeixu_FakeShield,,1119,0,0,1,14,2,35,weight,1
control,zhipeixu/FakeShield,2025-06,static_analysis_warnings,rule_config_analyzer_profile_signal,paper,346cb6c74c9a426c1c00d98b13e5f417161a94c1,../control-repos/zhipeixu_FakeShield,,1119,368,0,1,14,2,35,MFLM,977
control,zhipeixu/FakeShield,2025-06,static_analysis_warnings,rule_config_analyzer_profile_signal,paper,346cb6c74c9a426c1c00d98b13e5f417161a94c1,../control-repos/zhipeixu_FakeShield,,1119,50,0,1,14,2,35,DTE-FDM,100
control,zhipeixu/FakeShield,2025-06,static_analysis_warnings,rule_config_analyzer_profile_signal,paper,346cb6c74c9a426c1c00d98b13e5f417161a94c1,../control-repos/zhipeixu_FakeShield,,1119,11,0,1,14,2,35,scripts,25
control,zhipeixu/FakeShield,2025-06,static_analysis_warnings,rule_config_analyzer_profile_signal,paper,346cb6c74c9a426c1c00d98b13e5f417161a94c1,../control-repos/zhipeixu_FakeShield,,1119,1,0,1,14,2,35,playground,6
control,zhipeixu/FakeShield,2025-06,static_analysis_warnings,rule_config_analyzer_profile_signal,paper,346cb6c74c9a426c1c00d98b13e5f417161a94c1,../control-repos/zhipeixu_FakeShield,,1119,0,0,1,14,2,35,assets,7
control,zhipeixu/FakeShield,2025-06,static_analysis_warnings,rule_config_analyzer_profile_signal,paper,346cb6c74c9a426c1c00d98b13e5f417161a94c1,../control-repos/zhipeixu_FakeShield,,1119,0,0,1,14,2,35,(root),3
control,zhipeixu/FakeShield,2025-06,static_analysis_warnings,rule_config_analyzer_profile_signal,paper,346cb6c74c9a426c1c00d98b13e5f417161a94c1,../control-repos/zhipeixu_FakeShield,,1119,0,0,1,14,2,35,weight,1
control,zhipeixu/FakeShield,2025-02,static_analysis_warnings,rule_config_analyzer_profile_signal,paper,b807b92ac958678bb278e741864ba4b821fb73c1,../control-repos/zhipeixu_FakeShield,,1119,368,0,1,14,2,35,MFLM,977
control,zhipeixu/FakeShield,2025-02,static_analysis_warnings,rule_config_analyzer_profile_signal,paper,b807b92ac958678bb278e741864ba4b821fb73c1,../control-repos/zhipeixu_FakeShield,,1119,50,0,1,14,2,35,DTE-FDM,100
control,zhipeixu/FakeShield,2025-02,static_analysis_warnings,rule_config_analyzer_profile_signal,paper,b807b92ac958678bb278e741864ba4b821fb73c1,../control-repos/zhipeixu_FakeShield,,1119,11,0,1,14,2,35,scripts,25
control,zhipeixu/FakeShield,2025-02,static_analysis_warnings,rule_config_analyzer_profile_signal,paper,b807b92ac958678bb278e741864ba4b821fb73c1,../control-repos/zhipeixu_FakeShield,,1119,1,0,1,14,2,35,playground,6
control,zhipeixu/FakeShield,2025-02,static_analysis_warnings,rule_config_analyzer_profile_signal,paper,b807b92ac958678bb278e741864ba4b821fb73c1,../control-repos/zhipeixu_FakeShield,,1119,0,0,1,14,2,35,assets,7
control,zhipeixu/FakeShield,2025-02,static_analysis_warnings,rule_config_analyzer_profile_signal,paper,b807b92ac958678bb278e741864ba4b821fb73c1,../control-repos/zhipeixu_FakeShield,,1119,0,0,1,14,2,35,(root),3
control,zhipeixu/FakeShield,2025-02,static_analysis_warnings,rule_config_analyzer_profile_signal,paper,b807b92ac958678bb278e741864ba4b821fb73c1,../control-repos/zhipeixu_FakeShield,,1119,0,0,1,14,2,35,weight,1
control,zhipeixu/FakeShield,2025-05,static_analysis_warnings,rule_config_analyzer_profile_signal,paper,c34dab9b8df3dc77d2632344eb0d0af387d0658f,../control-repos/zhipeixu_FakeShield,,1119,368,0,1,14,2,35,MFLM,977
control,zhipeixu/FakeShield,2025-05,static_analysis_warnings,rule_config_analyzer_profile_signal,paper,c34dab9b8df3dc77d2632344eb0d0af387d0658f,../control-repos/zhipeixu_FakeShield,,1119,50,0,1,14,2,35,DTE-FDM,100
control,zhipeixu/FakeShield,2025-05,static_analysis_warnings,rule_config_analyzer_profile_signal,paper,c34dab9b8df3dc77d2632344eb0d0af387d0658f,../control-repos/zhipeixu_FakeShield,,1119,11,0,1,14,2,35,scripts,25
control,zhipeixu/FakeShield,2025-05,static_analysis_warnings,rule_config_analyzer_profile_signal,paper,c34dab9b8df3dc77d2632344eb0d0af387d0658f,../control-repos/zhipeixu_FakeShield,,1119,1,0,1,14,2,35,playground,6
control,zhipeixu/FakeShield,2025-05,static_analysis_warnings,rule_config_analyzer_profile_signal,paper,c34dab9b8df3dc77d2632344eb0d0af387d0658f,../control-repos/zhipeixu_FakeShield,,1119,0,0,1,14,2,35,assets,7
control,zhipeixu/FakeShield,2025-05,static_analysis_warnings,rule_config_analyzer_profile_signal,paper,c34dab9b8df3dc77d2632344eb0d0af387d0658f,../control-repos/zhipeixu_FakeShield,,1119,0,0,1,14,2,35,(root),3
control,zhipeixu/FakeShield,2025-05,static_analysis_warnings,rule_config_analyzer_profile_signal,paper,c34dab9b8df3dc77d2632344eb0d0af387d0658f,../control-repos/zhipeixu_FakeShield,,1119,0,0,1,14,2,35,weight,1
control,zhipeixu/FakeShield,2025-04,static_analysis_warnings,rule_config_analyzer_profile_signal,paper,2910fb826ea20e11c2c2553c36984630216c0bab,../control-repos/zhipeixu_FakeShield,,1119,368,0,1,14,2,35,MFLM,977
control,zhipeixu/FakeShield,2025-04,static_analysis_warnings,rule_config_analyzer_profile_signal,paper,2910fb826ea20e11c2c2553c36984630216c0bab,../control-repos/zhipeixu_FakeShield,,1119,50,0,1,14,2,35,DTE-FDM,100
control,zhipeixu/FakeShield,2025-04,static_analysis_warnings,rule_config_analyzer_profile_signal,paper,2910fb826ea20e11c2c2553c36984630216c0bab,../control-repos/zhipeixu_FakeShield,,1119,11,0,1,14,2,35,scripts,25
control,zhipeixu/FakeShield,2025-04,static_analysis_warnings,rule_config_analyzer_profile_signal,paper,2910fb826ea20e11c2c2553c36984630216c0bab,../control-repos/zhipeixu_FakeShield,,1119,1,0,1,14,2,35,playground,6
control,zhipeixu/FakeShield,2025-04,static_analysis_warnings,rule_config_analyzer_profile_signal,paper,2910fb826ea20e11c2c2553c36984630216c0bab,../control-repos/zhipeixu_FakeShield,,1119,0,0,1,14,2,35,assets,7
control,zhipeixu/FakeShield,2025-04,static_analysis_warnings,rule_config_analyzer_profile_signal,paper,2910fb826ea20e11c2c2553c36984630216c0bab,../control-repos/zhipeixu_FakeShield,,1119,0,0,1,14,2,35,(root),3
control,zhipeixu/FakeShield,2025-04,static_analysis_warnings,rule_config_analyzer_profile_signal,paper,2910fb826ea20e11c2c2553c36984630216c0bab,../control-repos/zhipeixu_FakeShield,,1119,0,0,1,14,2,35,weight,1
control,zhipeixu/FakeShield,2025-02,code_smells,rule_config_analyzer_profile_signal,paper,b807b92ac958678bb278e741864ba4b821fb73c1,../control-repos/zhipeixu_FakeShield,,1119,368,0,1,14,2,35,MFLM,977
control,zhipeixu/FakeShield,2025-02,code_smells,rule_config_analyzer_profile_signal,paper,b807b92ac958678bb278e741864ba4b821fb73c1,../control-repos/zhipeixu_FakeShield,,1119,50,0,1,14,2,35,DTE-FDM,100
control,zhipeixu/FakeShield,2025-02,code_smells,rule_config_analyzer_profile_signal,paper,b807b92ac958678bb278e741864ba4b821fb73c1,../control-repos/zhipeixu_FakeShield,,1119,11,0,1,14,2,35,scripts,25
control,zhipeixu/FakeShield,2025-02,code_smells,rule_config_analyzer_profile_signal,paper,b807b92ac958678bb278e741864ba4b821fb73c1,../control-repos/zhipeixu_FakeShield,,1119,1,0,1,14,2,35,playground,6
control,zhipeixu/FakeShield,2025-02,code_smells,rule_config_analyzer_profile_signal,paper,b807b92ac958678bb278e741864ba4b821fb73c1,../control-repos/zhipeixu_FakeShield,,1119,0,0,1,14,2,35,assets,7
control,zhipeixu/FakeShield,2025-02,code_smells,rule_config_analyzer_profile_signal,paper,b807b92ac958678bb278e741864ba4b821fb73c1,../control-repos/zhipeixu_FakeShield,,1119,0,0,1,14,2,35,(root),3
control,zhipeixu/FakeShield,2025-02,code_smells,rule_config_analyzer_profile_signal,paper,b807b92ac958678bb278e741864ba4b821fb73c1,../control-repos/zhipeixu_FakeShield,,1119,0,0,1,14,2,35,weight,1
control,zhipeixu/FakeShield,2025-03,code_smells,rule_config_analyzer_profile_signal,paper,7bd43c8badef7341807e85e55a8b216dac6c2424,../control-repos/zhipeixu_FakeShield,,1119,368,0,1,14,2,35,MFLM,977
control,zhipeixu/FakeShield,2025-03,code_smells,rule_config_analyzer_profile_signal,paper,7bd43c8badef7341807e85e55a8b216dac6c2424,../control-repos/zhipeixu_FakeShield,,1119,50,0,1,14,2,35,DTE-FDM,100
control,zhipeixu/FakeShield,2025-03,code_smells,rule_config_analyzer_profile_signal,paper,7bd43c8badef7341807e85e55a8b216dac6c2424,../control-repos/zhipeixu_FakeShield,,1119,11,0,1,14,2,35,scripts,25
control,zhipeixu/FakeShield,2025-03,code_smells,rule_config_analyzer_profile_signal,paper,7bd43c8badef7341807e85e55a8b216dac6c2424,../control-repos/zhipeixu_FakeShield,,1119,1,0,1,14,2,35,playground,6
control,zhipeixu/FakeShield,2025-03,code_smells,rule_config_analyzer_profile_signal,paper,7bd43c8badef7341807e85e55a8b216dac6c2424,../control-repos/zhipeixu_FakeShield,,1119,0,0,1,14,2,35,assets,7
control,zhipeixu/FakeShield,2025-03,code_smells,rule_config_analyzer_profile_signal,paper,7bd43c8badef7341807e85e55a8b216dac6c2424,../control-repos/zhipeixu_FakeShield,,1119,0,0,1,14,2,35,(root),3
control,zhipeixu/FakeShield,2025-03,code_smells,rule_config_analyzer_profile_signal,paper,7bd43c8badef7341807e85e55a8b216dac6c2424,../control-repos/zhipeixu_FakeShield,,1119,0,0,1,14,2,35,weight,1
control,zhipeixu/FakeShield,2025-04,code_smells,rule_config_analyzer_profile_signal,paper,2910fb826ea20e11c2c2553c36984630216c0bab,../control-repos/zhipeixu_FakeShield,,1119,368,0,1,14,2,35,MFLM,977
control,zhipeixu/FakeShield,2025-04,code_smells,rule_config_analyzer_profile_signal,paper,2910fb826ea20e11c2c2553c36984630216c0bab,../control-repos/zhipeixu_FakeShield,,1119,50,0,1,14,2,35,DTE-FDM,100
control,zhipeixu/FakeShield,2025-04,code_smells,rule_config_analyzer_profile_signal,paper,2910fb826ea20e11c2c2553c36984630216c0bab,../control-repos/zhipeixu_FakeShield,,1119,11,0,1,14,2,35,scripts,25
control,zhipeixu/FakeShield,2025-04,code_smells,rule_config_analyzer_profile_signal,paper,2910fb826ea20e11c2c2553c36984630216c0bab,../control-repos/zhipeixu_FakeShield,,1119,1,0,1,14,2,35,playground,6
control,zhipeixu/FakeShield,2025-04,code_smells,rule_config_analyzer_profile_signal,paper,2910fb826ea20e11c2c2553c36984630216c0bab,../control-repos/zhipeixu_FakeShield,,1119,0,0,1,14,2,35,assets,7
control,zhipeixu/FakeShield,2025-04,code_smells,rule_config_analyzer_profile_signal,paper,2910fb826ea20e11c2c2553c36984630216c0bab,../control-repos/zhipeixu_FakeShield,,1119,0,0,1,14,2,35,(root),3
control,zhipeixu/FakeShield,2025-04,code_smells,rule_config_analyzer_profile_signal,paper,2910fb826ea20e11c2c2553c36984630216c0bab,../control-repos/zhipeixu_FakeShield,,1119,0,0,1,14,2,35,weight,1
control,zhipeixu/FakeShield,2025-06,code_smells,rule_config_analyzer_profile_signal,paper,346cb6c74c9a426c1c00d98b13e5f417161a94c1,../control-repos/zhipeixu_FakeShield,,1119,368,0,1,14,2,35,MFLM,977
control,zhipeixu/FakeShield,2025-06,code_smells,rule_config_analyzer_profile_signal,paper,346cb6c74c9a426c1c00d98b13e5f417161a94c1,../control-repos/zhipeixu_FakeShield,,1119,50,0,1,14,2,35,DTE-FDM,100
control,zhipeixu/FakeShield,2025-06,code_smells,rule_config_analyzer_profile_signal,paper,346cb6c74c9a426c1c00d98b13e5f417161a94c1,../control-repos/zhipeixu_FakeShield,,1119,11,0,1,14,2,35,scripts,25
control,zhipeixu/FakeShield,2025-06,code_smells,rule_config_analyzer_profile_signal,paper,346cb6c74c9a426c1c00d98b13e5f417161a94c1,../control-repos/zhipeixu_FakeShield,,1119,1,0,1,14,2,35,playground,6
control,zhipeixu/FakeShield,2025-06,code_smells,rule_config_analyzer_profile_signal,paper,346cb6c74c9a426c1c00d98b13e5f417161a94c1,../control-repos/zhipeixu_FakeShield,,1119,0,0,1,14,2,35,assets,7
control,zhipeixu/FakeShield,2025-06,code_smells,rule_config_analyzer_profile_signal,paper,346cb6c74c9a426c1c00d98b13e5f417161a94c1,../control-repos/zhipeixu_FakeShield,,1119,0,0,1,14,2,35,(root),3
control,zhipeixu/FakeShield,2025-06,code_smells,rule_config_analyzer_profile_signal,paper,346cb6c74c9a426c1c00d98b13e5f417161a94c1,../control-repos/zhipeixu_FakeShield,,1119,0,0,1,14,2,35,weight,1
control,zhipeixu/FakeShield,2025-05,code_smells,rule_config_analyzer_profile_signal,paper,c34dab9b8df3dc77d2632344eb0d0af387d0658f,../control-repos/zhipeixu_FakeShield,,1119,368,0,1,14,2,35,MFLM,977
control,zhipeixu/FakeShield,2025-05,code_smells,rule_config_analyzer_profile_signal,paper,c34dab9b8df3dc77d2632344eb0d0af387d0658f,../control-repos/zhipeixu_FakeShield,,1119,50,0,1,14,2,35,DTE-FDM,100
control,zhipeixu/FakeShield,2025-05,code_smells,rule_config_analyzer_profile_signal,paper,c34dab9b8df3dc77d2632344eb0d0af387d0658f,../control-repos/zhipeixu_FakeShield,,1119,11,0,1,14,2,35,scripts,25
control,zhipeixu/FakeShield,2025-05,code_smells,rule_config_analyzer_profile_signal,paper,c34dab9b8df3dc77d2632344eb0d0af387d0658f,../control-repos/zhipeixu_FakeShield,,1119,1,0,1,14,2,35,playground,6
control,zhipeixu/FakeShield,2025-05,code_smells,rule_config_analyzer_profile_signal,paper,c34dab9b8df3dc77d2632344eb0d0af387d0658f,../control-repos/zhipeixu_FakeShield,,1119,0,0,1,14,2,35,assets,7
control,zhipeixu/FakeShield,2025-05,code_smells,rule_config_analyzer_profile_signal,paper,c34dab9b8df3dc77d2632344eb0d0af387d0658f,../control-repos/zhipeixu_FakeShield,,1119,0,0,1,14,2,35,(root),3
control,zhipeixu/FakeShield,2025-05,code_smells,rule_config_analyzer_profile_signal,paper,c34dab9b8df3dc77d2632344eb0d0af387d0658f,../control-repos/zhipeixu_FakeShield,,1119,0,0,1,14,2,35,weight,1
treatment,getsentry/sentry,2025-07,bugs,source_scope_difference_or_mixed,paper,71c2f5f3925610f3aa1871ace1c20f48eeff3db8,../treatment-repos/getsentry_sentry,,16730,3992,0,7580,3981,507,671,src,4618
treatment,getsentry/sentry,2025-07,bugs,source_scope_difference_or_mixed,paper,71c2f5f3925610f3aa1871ace1c20f48eeff3db8,../treatment-repos/getsentry_sentry,,16730,2453,0,7580,3981,507,671,tests,3800
treatment,getsentry/sentry,2025-07,bugs,source_scope_difference_or_mixed,paper,71c2f5f3925610f3aa1871ace1c20f48eeff3db8,../treatment-repos/getsentry_sentry,,16730,186,0,7580,3981,507,671,fixtures,487
treatment,getsentry/sentry,2025-07,bugs,source_scope_difference_or_mixed,paper,71c2f5f3925610f3aa1871ace1c20f48eeff3db8,../treatment-repos/getsentry_sentry,,16730,20,0,7580,3981,507,671,tools,20
treatment,getsentry/sentry,2025-07,bugs,source_scope_difference_or_mixed,paper,71c2f5f3925610f3aa1871ace1c20f48eeff3db8,../treatment-repos/getsentry_sentry,,16730,4,0,7580,3981,507,671,bin,24
treatment,getsentry/sentry,2025-07,bugs,source_scope_difference_or_mixed,paper,71c2f5f3925610f3aa1871ace1c20f48eeff3db8,../treatment-repos/getsentry_sentry,,16730,2,0,7580,3981,507,671,.github,62
treatment,getsentry/sentry,2025-07,bugs,source_scope_difference_or_mixed,paper,71c2f5f3925610f3aa1871ace1c20f48eeff3db8,../treatment-repos/getsentry_sentry,,16730,2,0,7580,3981,507,671,devenv,3
treatment,getsentry/sentry,2025-07,bugs,source_scope_difference_or_mixed,paper,71c2f5f3925610f3aa1871ace1c20f48eeff3db8,../treatment-repos/getsentry_sentry,,16730,1,0,7580,3981,507,671,scripts,9
treatment,getsentry/sentry,2025-07,bugs,source_scope_difference_or_mixed,paper,71c2f5f3925610f3aa1871ace1c20f48eeff3db8,../treatment-repos/getsentry_sentry,,16730,1,0,7580,3981,507,671,self-hosted,4
treatment,getsentry/sentry,2025-07,bugs,source_scope_difference_or_mixed,paper,71c2f5f3925610f3aa1871ace1c20f48eeff3db8,../treatment-repos/getsentry_sentry,,16730,0,0,7580,3981,507,671,static,7570
treatment,getsentry/sentry,2025-07,bugs,source_scope_difference_or_mixed,paper,71c2f5f3925610f3aa1871ace1c20f48eeff3db8,../treatment-repos/getsentry_sentry,,16730,0,0,7580,3981,507,671,api-docs,64
treatment,getsentry/sentry,2025-07,bugs,source_scope_difference_or_mixed,paper,71c2f5f3925610f3aa1871ace1c20f48eeff3db8,../treatment-repos/getsentry_sentry,,16730,0,0,7580,3981,507,671,(root),41
treatment,getsentry/sentry,2025-08,bugs,source_scope_difference_or_mixed,paper,b9dc9712a91c4dbf3cb1550254113c1599388e57,../treatment-repos/getsentry_sentry,,16868,4097,0,7555,4032,511,700,src,4725
treatment,getsentry/sentry,2025-08,bugs,source_scope_difference_or_mixed,paper,b9dc9712a91c4dbf3cb1550254113c1599388e57,../treatment-repos/getsentry_sentry,,16868,2500,0,7555,4032,511,700,tests,3835
treatment,getsentry/sentry,2025-08,bugs,source_scope_difference_or_mixed,paper,b9dc9712a91c4dbf3cb1550254113c1599388e57,../treatment-repos/getsentry_sentry,,16868,186,0,7555,4032,511,700,fixtures,494
treatment,getsentry/sentry,2025-08,bugs,source_scope_difference_or_mixed,paper,b9dc9712a91c4dbf3cb1550254113c1599388e57,../treatment-repos/getsentry_sentry,,16868,20,0,7555,4032,511,700,tools,20
treatment,getsentry/sentry,2025-08,bugs,source_scope_difference_or_mixed,paper,b9dc9712a91c4dbf3cb1550254113c1599388e57,../treatment-repos/getsentry_sentry,,16868,4,0,7555,4032,511,700,bin,24
treatment,getsentry/sentry,2025-08,bugs,source_scope_difference_or_mixed,paper,b9dc9712a91c4dbf3cb1550254113c1599388e57,../treatment-repos/getsentry_sentry,,16868,2,0,7555,4032,511,700,.github,63
treatment,getsentry/sentry,2025-08,bugs,source_scope_difference_or_mixed,paper,b9dc9712a91c4dbf3cb1550254113c1599388e57,../treatment-repos/getsentry_sentry,,16868,2,0,7555,4032,511,700,devenv,3
treatment,getsentry/sentry,2025-08,bugs,source_scope_difference_or_mixed,paper,b9dc9712a91c4dbf3cb1550254113c1599388e57,../treatment-repos/getsentry_sentry,,16868,1,0,7555,4032,511,700,scripts,9
treatment,getsentry/sentry,2025-08,bugs,source_scope_difference_or_mixed,paper,b9dc9712a91c4dbf3cb1550254113c1599388e57,../treatment-repos/getsentry_sentry,,16868,1,0,7555,4032,511,700,self-hosted,4
treatment,getsentry/sentry,2025-08,bugs,source_scope_difference_or_mixed,paper,b9dc9712a91c4dbf3cb1550254113c1599388e57,../treatment-repos/getsentry_sentry,,16868,0,0,7555,4032,511,700,static,7562
treatment,getsentry/sentry,2025-08,bugs,source_scope_difference_or_mixed,paper,b9dc9712a91c4dbf3cb1550254113c1599388e57,../treatment-repos/getsentry_sentry,,16868,0,0,7555,4032,511,700,api-docs,64
treatment,getsentry/sentry,2025-08,bugs,source_scope_difference_or_mixed,paper,b9dc9712a91c4dbf3cb1550254113c1599388e57,../treatment-repos/getsentry_sentry,,16868,0,0,7555,4032,511,700,(root),37
treatment,PostHog/posthog,2025-07,technical_debt,commit_selection_difference,paper,0208352822068d8747214c905d729dff4ebe49f1,../treatment-repos/PostHog_posthog,,11645,2680,0,3757,1929,115,1041,posthog,2936
treatment,PostHog/posthog,2025-07,technical_debt,commit_selection_difference,paper,0208352822068d8747214c905d729dff4ebe49f1,../treatment-repos/PostHog_posthog,,11645,423,0,3757,1929,115,1041,ee,496
treatment,PostHog/posthog,2025-07,technical_debt,commit_selection_difference,paper,0208352822068d8747214c905d729dff4ebe49f1,../treatment-repos/PostHog_posthog,,11645,210,0,3757,1929,115,1041,products,544
treatment,PostHog/posthog,2025-07,technical_debt,commit_selection_difference,paper,0208352822068d8747214c905d729dff4ebe49f1,../treatment-repos/PostHog_posthog,,11645,42,0,3757,1929,115,1041,dags,44
treatment,PostHog/posthog,2025-07,technical_debt,commit_selection_difference,paper,0208352822068d8747214c905d729dff4ebe49f1,../treatment-repos/PostHog_posthog,,11645,17,0,3757,1929,115,1041,common,242
treatment,PostHog/posthog,2025-07,technical_debt,commit_selection_difference,paper,0208352822068d8747214c905d729dff4ebe49f1,../treatment-repos/PostHog_posthog,,11645,6,0,3757,1929,115,1041,infra-scripts,9
treatment,PostHog/posthog,2025-07,technical_debt,commit_selection_difference,paper,0208352822068d8747214c905d729dff4ebe49f1,../treatment-repos/PostHog_posthog,,11645,5,0,3757,1929,115,1041,bin,47
treatment,PostHog/posthog,2025-07,technical_debt,commit_selection_difference,paper,0208352822068d8747214c905d729dff4ebe49f1,../treatment-repos/PostHog_posthog,,11645,2,0,3757,1929,115,1041,plugin-server,665
treatment,PostHog/posthog,2025-07,technical_debt,commit_selection_difference,paper,0208352822068d8747214c905d729dff4ebe49f1,../treatment-repos/PostHog_posthog,,11645,2,0,3757,1929,115,1041,(root),51
treatment,PostHog/posthog,2025-07,technical_debt,commit_selection_difference,paper,0208352822068d8747214c905d729dff4ebe49f1,../treatment-repos/PostHog_posthog,,11645,1,0,3757,1929,115,1041,cypress,78
treatment,PostHog/posthog,2025-07,technical_debt,commit_selection_difference,paper,0208352822068d8747214c905d729dff4ebe49f1,../treatment-repos/PostHog_posthog,,11645,0,0,3757,1929,115,1041,frontend,5763
treatment,PostHog/posthog,2025-07,technical_debt,commit_selection_difference,paper,0208352822068d8747214c905d729dff4ebe49f1,../treatment-repos/PostHog_posthog,,11645,0,0,3757,1929,115,1041,rust,536
treatment,PostHog/posthog,2025-07,technical_debt,commit_selection_difference,our,8e13bf3cbfe9684eb907f7ddf706aa9fae2099e0,../treatment-repos/PostHog_posthog,,11645,2680,0,3757,1929,115,1041,posthog,2936
treatment,PostHog/posthog,2025-07,technical_debt,commit_selection_difference,our,8e13bf3cbfe9684eb907f7ddf706aa9fae2099e0,../treatment-repos/PostHog_posthog,,11645,423,0,3757,1929,115,1041,ee,496
treatment,PostHog/posthog,2025-07,technical_debt,commit_selection_difference,our,8e13bf3cbfe9684eb907f7ddf706aa9fae2099e0,../treatment-repos/PostHog_posthog,,11645,210,0,3757,1929,115,1041,products,544
treatment,PostHog/posthog,2025-07,technical_debt,commit_selection_difference,our,8e13bf3cbfe9684eb907f7ddf706aa9fae2099e0,../treatment-repos/PostHog_posthog,,11645,42,0,3757,1929,115,1041,dags,44
treatment,PostHog/posthog,2025-07,technical_debt,commit_selection_difference,our,8e13bf3cbfe9684eb907f7ddf706aa9fae2099e0,../treatment-repos/PostHog_posthog,,11645,17,0,3757,1929,115,1041,common,242
treatment,PostHog/posthog,2025-07,technical_debt,commit_selection_difference,our,8e13bf3cbfe9684eb907f7ddf706aa9fae2099e0,../treatment-repos/PostHog_posthog,,11645,6,0,3757,1929,115,1041,infra-scripts,9
treatment,PostHog/posthog,2025-07,technical_debt,commit_selection_difference,our,8e13bf3cbfe9684eb907f7ddf706aa9fae2099e0,../treatment-repos/PostHog_posthog,,11645,5,0,3757,1929,115,1041,bin,47
treatment,PostHog/posthog,2025-07,technical_debt,commit_selection_difference,our,8e13bf3cbfe9684eb907f7ddf706aa9fae2099e0,../treatment-repos/PostHog_posthog,,11645,2,0,3757,1929,115,1041,plugin-server,665
treatment,PostHog/posthog,2025-07,technical_debt,commit_selection_difference,our,8e13bf3cbfe9684eb907f7ddf706aa9fae2099e0,../treatment-repos/PostHog_posthog,,11645,2,0,3757,1929,115,1041,(root),51
treatment,PostHog/posthog,2025-07,technical_debt,commit_selection_difference,our,8e13bf3cbfe9684eb907f7ddf706aa9fae2099e0,../treatment-repos/PostHog_posthog,,11645,1,0,3757,1929,115,1041,cypress,78
treatment,PostHog/posthog,2025-07,technical_debt,commit_selection_difference,our,8e13bf3cbfe9684eb907f7ddf706aa9fae2099e0,../treatment-repos/PostHog_posthog,,11645,0,0,3757,1929,115,1041,frontend,5763
treatment,PostHog/posthog,2025-07,technical_debt,commit_selection_difference,our,8e13bf3cbfe9684eb907f7ddf706aa9fae2099e0,../treatment-repos/PostHog_posthog,,11645,0,0,3757,1929,115,1041,rust,536
treatment,getsentry/sentry,2025-06,bugs,source_scope_difference_or_mixed,paper,4f2be477198bf2814c6d6cd4b80ba19cbe386908,../treatment-repos/getsentry_sentry,,17273,3905,0,7334,4872,507,634,src,4526
treatment,getsentry/sentry,2025-06,bugs,source_scope_difference_or_mixed,paper,4f2be477198bf2814c6d6cd4b80ba19cbe386908,../treatment-repos/getsentry_sentry,,17273,2424,0,7334,4872,507,634,tests,4706
treatment,getsentry/sentry,2025-06,bugs,source_scope_difference_or_mixed,paper,4f2be477198bf2814c6d6cd4b80ba19cbe386908,../treatment-repos/getsentry_sentry,,17273,185,0,7334,4872,507,634,fixtures,479
treatment,getsentry/sentry,2025-06,bugs,source_scope_difference_or_mixed,paper,4f2be477198bf2814c6d6cd4b80ba19cbe386908,../treatment-repos/getsentry_sentry,,17273,20,0,7334,4872,507,634,tools,20
treatment,getsentry/sentry,2025-06,bugs,source_scope_difference_or_mixed,paper,4f2be477198bf2814c6d6cd4b80ba19cbe386908,../treatment-repos/getsentry_sentry,,17273,4,0,7334,4872,507,634,bin,24
treatment,getsentry/sentry,2025-06,bugs,source_scope_difference_or_mixed,paper,4f2be477198bf2814c6d6cd4b80ba19cbe386908,../treatment-repos/getsentry_sentry,,17273,2,0,7334,4872,507,634,.github,58
treatment,getsentry/sentry,2025-06,bugs,source_scope_difference_or_mixed,paper,4f2be477198bf2814c6d6cd4b80ba19cbe386908,../treatment-repos/getsentry_sentry,,17273,2,0,7334,4872,507,634,devenv,3
treatment,getsentry/sentry,2025-06,bugs,source_scope_difference_or_mixed,paper,4f2be477198bf2814c6d6cd4b80ba19cbe386908,../treatment-repos/getsentry_sentry,,17273,1,0,7334,4872,507,634,scripts,9
treatment,getsentry/sentry,2025-06,bugs,source_scope_difference_or_mixed,paper,4f2be477198bf2814c6d6cd4b80ba19cbe386908,../treatment-repos/getsentry_sentry,,17273,1,0,7334,4872,507,634,self-hosted,4
treatment,getsentry/sentry,2025-06,bugs,source_scope_difference_or_mixed,paper,4f2be477198bf2814c6d6cd4b80ba19cbe386908,../treatment-repos/getsentry_sentry,,17273,0,0,7334,4872,507,634,static,7312
treatment,getsentry/sentry,2025-06,bugs,source_scope_difference_or_mixed,paper,4f2be477198bf2814c6d6cd4b80ba19cbe386908,../treatment-repos/getsentry_sentry,,17273,0,0,7334,4872,507,634,api-docs,67
treatment,getsentry/sentry,2025-06,bugs,source_scope_difference_or_mixed,paper,4f2be477198bf2814c6d6cd4b80ba19cbe386908,../treatment-repos/getsentry_sentry,,17273,0,0,7334,4872,507,634,(root),41
control,jacebrowning/datafiles,2024-11,static_analysis_warnings,rule_config_analyzer_profile_signal,paper,51ad26394a2b99ed8dfab0bd1538abfca73db233,../control-repos/jacebrowning_datafiles,,101,28,9,0,28,19,0,datafiles,29
control,jacebrowning/datafiles,2024-11,static_analysis_warnings,rule_config_analyzer_profile_signal,paper,51ad26394a2b99ed8dfab0bd1538abfca73db233,../control-repos/jacebrowning_datafiles,,101,17,9,0,28,19,0,tests,17
control,jacebrowning/datafiles,2024-11,static_analysis_warnings,rule_config_analyzer_profile_signal,paper,51ad26394a2b99ed8dfab0bd1538abfca73db233,../control-repos/jacebrowning_datafiles,,101,2,9,0,28,19,0,notebooks,15
control,jacebrowning/datafiles,2024-11,static_analysis_warnings,rule_config_analyzer_profile_signal,paper,51ad26394a2b99ed8dfab0bd1538abfca73db233,../control-repos/jacebrowning_datafiles,,101,0,9,0,28,19,0,(root),18
control,jacebrowning/datafiles,2024-11,static_analysis_warnings,rule_config_analyzer_profile_signal,paper,51ad26394a2b99ed8dfab0bd1538abfca73db233,../control-repos/jacebrowning_datafiles,,101,0,9,0,28,19,0,docs,16
control,jacebrowning/datafiles,2024-11,static_analysis_warnings,rule_config_analyzer_profile_signal,paper,51ad26394a2b99ed8dfab0bd1538abfca73db233,../control-repos/jacebrowning_datafiles,,101,0,9,0,28,19,0,bin,4
control,jacebrowning/datafiles,2024-11,static_analysis_warnings,rule_config_analyzer_profile_signal,paper,51ad26394a2b99ed8dfab0bd1538abfca73db233,../control-repos/jacebrowning_datafiles,,101,0,9,0,28,19,0,.github,2
control,jacebrowning/datafiles,2024-10,static_analysis_warnings,rule_config_analyzer_profile_signal,paper,46280de29975a61a5d4cd09f36c806a2fb7db769,../control-repos/jacebrowning_datafiles,,101,28,9,0,28,19,0,datafiles,29
control,jacebrowning/datafiles,2024-10,static_analysis_warnings,rule_config_analyzer_profile_signal,paper,46280de29975a61a5d4cd09f36c806a2fb7db769,../control-repos/jacebrowning_datafiles,,101,17,9,0,28,19,0,tests,17
control,jacebrowning/datafiles,2024-10,static_analysis_warnings,rule_config_analyzer_profile_signal,paper,46280de29975a61a5d4cd09f36c806a2fb7db769,../control-repos/jacebrowning_datafiles,,101,2,9,0,28,19,0,notebooks,15
control,jacebrowning/datafiles,2024-10,static_analysis_warnings,rule_config_analyzer_profile_signal,paper,46280de29975a61a5d4cd09f36c806a2fb7db769,../control-repos/jacebrowning_datafiles,,101,0,9,0,28,19,0,(root),18
control,jacebrowning/datafiles,2024-10,static_analysis_warnings,rule_config_analyzer_profile_signal,paper,46280de29975a61a5d4cd09f36c806a2fb7db769,../control-repos/jacebrowning_datafiles,,101,0,9,0,28,19,0,docs,16
control,jacebrowning/datafiles,2024-10,static_analysis_warnings,rule_config_analyzer_profile_signal,paper,46280de29975a61a5d4cd09f36c806a2fb7db769,../control-repos/jacebrowning_datafiles,,101,0,9,0,28,19,0,bin,4
control,jacebrowning/datafiles,2024-10,static_analysis_warnings,rule_config_analyzer_profile_signal,paper,46280de29975a61a5d4cd09f36c806a2fb7db769,../control-repos/jacebrowning_datafiles,,101,0,9,0,28,19,0,.github,2
control,jacebrowning/datafiles,2025-05,static_analysis_warnings,rule_config_analyzer_profile_signal,paper,7516af8388fd968e6b7abbfb0df7d51d658142d2,../control-repos/jacebrowning_datafiles,,101,28,9,0,28,19,0,datafiles,29
control,jacebrowning/datafiles,2025-05,static_analysis_warnings,rule_config_analyzer_profile_signal,paper,7516af8388fd968e6b7abbfb0df7d51d658142d2,../control-repos/jacebrowning_datafiles,,101,17,9,0,28,19,0,tests,17
control,jacebrowning/datafiles,2025-05,static_analysis_warnings,rule_config_analyzer_profile_signal,paper,7516af8388fd968e6b7abbfb0df7d51d658142d2,../control-repos/jacebrowning_datafiles,,101,2,9,0,28,19,0,notebooks,15
control,jacebrowning/datafiles,2025-05,static_analysis_warnings,rule_config_analyzer_profile_signal,paper,7516af8388fd968e6b7abbfb0df7d51d658142d2,../control-repos/jacebrowning_datafiles,,101,0,9,0,28,19,0,(root),18
control,jacebrowning/datafiles,2025-05,static_analysis_warnings,rule_config_analyzer_profile_signal,paper,7516af8388fd968e6b7abbfb0df7d51d658142d2,../control-repos/jacebrowning_datafiles,,101,0,9,0,28,19,0,docs,16
control,jacebrowning/datafiles,2025-05,static_analysis_warnings,rule_config_analyzer_profile_signal,paper,7516af8388fd968e6b7abbfb0df7d51d658142d2,../control-repos/jacebrowning_datafiles,,101,0,9,0,28,19,0,bin,4
control,jacebrowning/datafiles,2025-05,static_analysis_warnings,rule_config_analyzer_profile_signal,paper,7516af8388fd968e6b7abbfb0df7d51d658142d2,../control-repos/jacebrowning_datafiles,,101,0,9,0,28,19,0,.github,2
control,jacebrowning/datafiles,2025-04,static_analysis_warnings,rule_config_analyzer_profile_signal,paper,e07b38ed8d6e89f0887aa5ec6712934467742b36,../control-repos/jacebrowning_datafiles,,101,28,9,0,28,19,0,datafiles,29
control,jacebrowning/datafiles,2025-04,static_analysis_warnings,rule_config_analyzer_profile_signal,paper,e07b38ed8d6e89f0887aa5ec6712934467742b36,../control-repos/jacebrowning_datafiles,,101,17,9,0,28,19,0,tests,17
control,jacebrowning/datafiles,2025-04,static_analysis_warnings,rule_config_analyzer_profile_signal,paper,e07b38ed8d6e89f0887aa5ec6712934467742b36,../control-repos/jacebrowning_datafiles,,101,2,9,0,28,19,0,notebooks,15
control,jacebrowning/datafiles,2025-04,static_analysis_warnings,rule_config_analyzer_profile_signal,paper,e07b38ed8d6e89f0887aa5ec6712934467742b36,../control-repos/jacebrowning_datafiles,,101,0,9,0,28,19,0,(root),18
control,jacebrowning/datafiles,2025-04,static_analysis_warnings,rule_config_analyzer_profile_signal,paper,e07b38ed8d6e89f0887aa5ec6712934467742b36,../control-repos/jacebrowning_datafiles,,101,0,9,0,28,19,0,docs,16
control,jacebrowning/datafiles,2025-04,static_analysis_warnings,rule_config_analyzer_profile_signal,paper,e07b38ed8d6e89f0887aa5ec6712934467742b36,../control-repos/jacebrowning_datafiles,,101,0,9,0,28,19,0,bin,4
control,jacebrowning/datafiles,2025-04,static_analysis_warnings,rule_config_analyzer_profile_signal,paper,e07b38ed8d6e89f0887aa5ec6712934467742b36,../control-repos/jacebrowning_datafiles,,101,0,9,0,28,19,0,.github,2
control,jacebrowning/datafiles,2025-06,static_analysis_warnings,rule_config_analyzer_profile_signal,paper,cb3628112394669d5a93a5804f4d6e23cf161eba,../control-repos/jacebrowning_datafiles,,101,28,9,0,28,19,0,datafiles,29
control,jacebrowning/datafiles,2025-06,static_analysis_warnings,rule_config_analyzer_profile_signal,paper,cb3628112394669d5a93a5804f4d6e23cf161eba,../control-repos/jacebrowning_datafiles,,101,17,9,0,28,19,0,tests,17
control,jacebrowning/datafiles,2025-06,static_analysis_warnings,rule_config_analyzer_profile_signal,paper,cb3628112394669d5a93a5804f4d6e23cf161eba,../control-repos/jacebrowning_datafiles,,101,2,9,0,28,19,0,notebooks,15
control,jacebrowning/datafiles,2025-06,static_analysis_warnings,rule_config_analyzer_profile_signal,paper,cb3628112394669d5a93a5804f4d6e23cf161eba,../control-repos/jacebrowning_datafiles,,101,0,9,0,28,19,0,(root),18
control,jacebrowning/datafiles,2025-06,static_analysis_warnings,rule_config_analyzer_profile_signal,paper,cb3628112394669d5a93a5804f4d6e23cf161eba,../control-repos/jacebrowning_datafiles,,101,0,9,0,28,19,0,docs,16
control,jacebrowning/datafiles,2025-06,static_analysis_warnings,rule_config_analyzer_profile_signal,paper,cb3628112394669d5a93a5804f4d6e23cf161eba,../control-repos/jacebrowning_datafiles,,101,0,9,0,28,19,0,bin,4
control,jacebrowning/datafiles,2025-06,static_analysis_warnings,rule_config_analyzer_profile_signal,paper,cb3628112394669d5a93a5804f4d6e23cf161eba,../control-repos/jacebrowning_datafiles,,101,0,9,0,28,19,0,.github,2
control,jacebrowning/datafiles,2025-07,static_analysis_warnings,rule_config_analyzer_profile_signal,paper,a7737126dae693f755013f0fcd11df7867274df6,../control-repos/jacebrowning_datafiles,,101,28,9,0,28,19,0,datafiles,29
control,jacebrowning/datafiles,2025-07,static_analysis_warnings,rule_config_analyzer_profile_signal,paper,a7737126dae693f755013f0fcd11df7867274df6,../control-repos/jacebrowning_datafiles,,101,17,9,0,28,19,0,tests,17
control,jacebrowning/datafiles,2025-07,static_analysis_warnings,rule_config_analyzer_profile_signal,paper,a7737126dae693f755013f0fcd11df7867274df6,../control-repos/jacebrowning_datafiles,,101,2,9,0,28,19,0,notebooks,15
control,jacebrowning/datafiles,2025-07,static_analysis_warnings,rule_config_analyzer_profile_signal,paper,a7737126dae693f755013f0fcd11df7867274df6,../control-repos/jacebrowning_datafiles,,101,0,9,0,28,19,0,(root),18
control,jacebrowning/datafiles,2025-07,static_analysis_warnings,rule_config_analyzer_profile_signal,paper,a7737126dae693f755013f0fcd11df7867274df6,../control-repos/jacebrowning_datafiles,,101,0,9,0,28,19,0,docs,16
control,jacebrowning/datafiles,2025-07,static_analysis_warnings,rule_config_analyzer_profile_signal,paper,a7737126dae693f755013f0fcd11df7867274df6,../control-repos/jacebrowning_datafiles,,101,0,9,0,28,19,0,bin,4
control,jacebrowning/datafiles,2025-07,static_analysis_warnings,rule_config_analyzer_profile_signal,paper,a7737126dae693f755013f0fcd11df7867274df6,../control-repos/jacebrowning_datafiles,,101,0,9,0,28,19,0,.github,2
control,jacebrowning/datafiles,2025-02,static_analysis_warnings,rule_config_analyzer_profile_signal,paper,4c2b99a126d0f7ad8d13f5c55e098b07c3f51045,../control-repos/jacebrowning_datafiles,,101,28,9,0,28,19,0,datafiles,29
control,jacebrowning/datafiles,2025-02,static_analysis_warnings,rule_config_analyzer_profile_signal,paper,4c2b99a126d0f7ad8d13f5c55e098b07c3f51045,../control-repos/jacebrowning_datafiles,,101,17,9,0,28,19,0,tests,17
control,jacebrowning/datafiles,2025-02,static_analysis_warnings,rule_config_analyzer_profile_signal,paper,4c2b99a126d0f7ad8d13f5c55e098b07c3f51045,../control-repos/jacebrowning_datafiles,,101,2,9,0,28,19,0,notebooks,15
control,jacebrowning/datafiles,2025-02,static_analysis_warnings,rule_config_analyzer_profile_signal,paper,4c2b99a126d0f7ad8d13f5c55e098b07c3f51045,../control-repos/jacebrowning_datafiles,,101,0,9,0,28,19,0,(root),18
control,jacebrowning/datafiles,2025-02,static_analysis_warnings,rule_config_analyzer_profile_signal,paper,4c2b99a126d0f7ad8d13f5c55e098b07c3f51045,../control-repos/jacebrowning_datafiles,,101,0,9,0,28,19,0,docs,16
control,jacebrowning/datafiles,2025-02,static_analysis_warnings,rule_config_analyzer_profile_signal,paper,4c2b99a126d0f7ad8d13f5c55e098b07c3f51045,../control-repos/jacebrowning_datafiles,,101,0,9,0,28,19,0,bin,4
control,jacebrowning/datafiles,2025-02,static_analysis_warnings,rule_config_analyzer_profile_signal,paper,4c2b99a126d0f7ad8d13f5c55e098b07c3f51045,../control-repos/jacebrowning_datafiles,,101,0,9,0,28,19,0,.github,2
control,jacebrowning/datafiles,2024-08,static_analysis_warnings,rule_config_analyzer_profile_signal,paper,03281501945c2ae93ad35c5a618178d65bb2d0d8,../control-repos/jacebrowning_datafiles,,100,28,9,0,28,19,0,datafiles,29
control,jacebrowning/datafiles,2024-08,static_analysis_warnings,rule_config_analyzer_profile_signal,paper,03281501945c2ae93ad35c5a618178d65bb2d0d8,../control-repos/jacebrowning_datafiles,,100,17,9,0,28,19,0,tests,17
control,jacebrowning/datafiles,2024-08,static_analysis_warnings,rule_config_analyzer_profile_signal,paper,03281501945c2ae93ad35c5a618178d65bb2d0d8,../control-repos/jacebrowning_datafiles,,100,2,9,0,28,19,0,notebooks,14
control,jacebrowning/datafiles,2024-08,static_analysis_warnings,rule_config_analyzer_profile_signal,paper,03281501945c2ae93ad35c5a618178d65bb2d0d8,../control-repos/jacebrowning_datafiles,,100,0,9,0,28,19,0,(root),18
control,jacebrowning/datafiles,2024-08,static_analysis_warnings,rule_config_analyzer_profile_signal,paper,03281501945c2ae93ad35c5a618178d65bb2d0d8,../control-repos/jacebrowning_datafiles,,100,0,9,0,28,19,0,docs,16
control,jacebrowning/datafiles,2024-08,static_analysis_warnings,rule_config_analyzer_profile_signal,paper,03281501945c2ae93ad35c5a618178d65bb2d0d8,../control-repos/jacebrowning_datafiles,,100,0,9,0,28,19,0,bin,4
control,jacebrowning/datafiles,2024-08,static_analysis_warnings,rule_config_analyzer_profile_signal,paper,03281501945c2ae93ad35c5a618178d65bb2d0d8,../control-repos/jacebrowning_datafiles,,100,0,9,0,28,19,0,.github,2
control,jacebrowning/datafiles,2024-07,static_analysis_warnings,rule_config_analyzer_profile_signal,paper,8840d02caab67fec49efe08a7912d1f39949a100,../control-repos/jacebrowning_datafiles,,100,28,9,0,28,19,0,datafiles,29
control,jacebrowning/datafiles,2024-07,static_analysis_warnings,rule_config_analyzer_profile_signal,paper,8840d02caab67fec49efe08a7912d1f39949a100,../control-repos/jacebrowning_datafiles,,100,17,9,0,28,19,0,tests,17
control,jacebrowning/datafiles,2024-07,static_analysis_warnings,rule_config_analyzer_profile_signal,paper,8840d02caab67fec49efe08a7912d1f39949a100,../control-repos/jacebrowning_datafiles,,100,2,9,0,28,19,0,notebooks,14
control,jacebrowning/datafiles,2024-07,static_analysis_warnings,rule_config_analyzer_profile_signal,paper,8840d02caab67fec49efe08a7912d1f39949a100,../control-repos/jacebrowning_datafiles,,100,0,9,0,28,19,0,(root),18
control,jacebrowning/datafiles,2024-07,static_analysis_warnings,rule_config_analyzer_profile_signal,paper,8840d02caab67fec49efe08a7912d1f39949a100,../control-repos/jacebrowning_datafiles,,100,0,9,0,28,19,0,docs,16
control,jacebrowning/datafiles,2024-07,static_analysis_warnings,rule_config_analyzer_profile_signal,paper,8840d02caab67fec49efe08a7912d1f39949a100,../control-repos/jacebrowning_datafiles,,100,0,9,0,28,19,0,bin,4
control,jacebrowning/datafiles,2024-07,static_analysis_warnings,rule_config_analyzer_profile_signal,paper,8840d02caab67fec49efe08a7912d1f39949a100,../control-repos/jacebrowning_datafiles,,100,0,9,0,28,19,0,.github,2
control,jacebrowning/datafiles,2024-05,static_analysis_warnings,rule_config_analyzer_profile_signal,paper,59566a650f2624f2fc214bd9d8b3c5e7d825da57,../control-repos/jacebrowning_datafiles,,100,28,9,0,28,19,0,datafiles,29
control,jacebrowning/datafiles,2024-05,static_analysis_warnings,rule_config_analyzer_profile_signal,paper,59566a650f2624f2fc214bd9d8b3c5e7d825da57,../control-repos/jacebrowning_datafiles,,100,17,9,0,28,19,0,tests,17
control,jacebrowning/datafiles,2024-05,static_analysis_warnings,rule_config_analyzer_profile_signal,paper,59566a650f2624f2fc214bd9d8b3c5e7d825da57,../control-repos/jacebrowning_datafiles,,100,2,9,0,28,19,0,notebooks,14
control,jacebrowning/datafiles,2024-05,static_analysis_warnings,rule_config_analyzer_profile_signal,paper,59566a650f2624f2fc214bd9d8b3c5e7d825da57,../control-repos/jacebrowning_datafiles,,100,0,9,0,28,19,0,(root),18
control,jacebrowning/datafiles,2024-05,static_analysis_warnings,rule_config_analyzer_profile_signal,paper,59566a650f2624f2fc214bd9d8b3c5e7d825da57,../control-repos/jacebrowning_datafiles,,100,0,9,0,28,19,0,docs,16
control,jacebrowning/datafiles,2024-05,static_analysis_warnings,rule_config_analyzer_profile_signal,paper,59566a650f2624f2fc214bd9d8b3c5e7d825da57,../control-repos/jacebrowning_datafiles,,100,0,9,0,28,19,0,bin,4
control,jacebrowning/datafiles,2024-05,static_analysis_warnings,rule_config_analyzer_profile_signal,paper,59566a650f2624f2fc214bd9d8b3c5e7d825da57,../control-repos/jacebrowning_datafiles,,100,0,9,0,28,19,0,.github,2
control,jacebrowning/datafiles,2024-01,static_analysis_warnings,rule_config_analyzer_profile_signal,paper,47ae5be927e7c079ca0b9a6b01b811bf9ffcf9bd,../control-repos/jacebrowning_datafiles,,100,28,9,0,28,19,0,datafiles,29
control,jacebrowning/datafiles,2024-01,static_analysis_warnings,rule_config_analyzer_profile_signal,paper,47ae5be927e7c079ca0b9a6b01b811bf9ffcf9bd,../control-repos/jacebrowning_datafiles,,100,17,9,0,28,19,0,tests,17
control,jacebrowning/datafiles,2024-01,static_analysis_warnings,rule_config_analyzer_profile_signal,paper,47ae5be927e7c079ca0b9a6b01b811bf9ffcf9bd,../control-repos/jacebrowning_datafiles,,100,2,9,0,28,19,0,notebooks,14
control,jacebrowning/datafiles,2024-01,static_analysis_warnings,rule_config_analyzer_profile_signal,paper,47ae5be927e7c079ca0b9a6b01b811bf9ffcf9bd,../control-repos/jacebrowning_datafiles,,100,0,9,0,28,19,0,(root),19
control,jacebrowning/datafiles,2024-01,static_analysis_warnings,rule_config_analyzer_profile_signal,paper,47ae5be927e7c079ca0b9a6b01b811bf9ffcf9bd,../control-repos/jacebrowning_datafiles,,100,0,9,0,28,19,0,docs,16
control,jacebrowning/datafiles,2024-01,static_analysis_warnings,rule_config_analyzer_profile_signal,paper,47ae5be927e7c079ca0b9a6b01b811bf9ffcf9bd,../control-repos/jacebrowning_datafiles,,100,0,9,0,28,19,0,bin,4
control,jacebrowning/datafiles,2024-01,static_analysis_warnings,rule_config_analyzer_profile_signal,paper,47ae5be927e7c079ca0b9a6b01b811bf9ffcf9bd,../control-repos/jacebrowning_datafiles,,100,0,9,0,28,19,0,.github,1
control,jacebrowning/datafiles,2024-03,static_analysis_warnings,rule_config_analyzer_profile_signal,paper,fc623e81f9e7476938a04e191b471aa90dc11d76,../control-repos/jacebrowning_datafiles,,100,28,9,0,28,19,0,datafiles,29
control,jacebrowning/datafiles,2024-03,static_analysis_warnings,rule_config_analyzer_profile_signal,paper,fc623e81f9e7476938a04e191b471aa90dc11d76,../control-repos/jacebrowning_datafiles,,100,17,9,0,28,19,0,tests,17
control,jacebrowning/datafiles,2024-03,static_analysis_warnings,rule_config_analyzer_profile_signal,paper,fc623e81f9e7476938a04e191b471aa90dc11d76,../control-repos/jacebrowning_datafiles,,100,2,9,0,28,19,0,notebooks,14
control,jacebrowning/datafiles,2024-03,static_analysis_warnings,rule_config_analyzer_profile_signal,paper,fc623e81f9e7476938a04e191b471aa90dc11d76,../control-repos/jacebrowning_datafiles,,100,0,9,0,28,19,0,(root),19
control,jacebrowning/datafiles,2024-03,static_analysis_warnings,rule_config_analyzer_profile_signal,paper,fc623e81f9e7476938a04e191b471aa90dc11d76,../control-repos/jacebrowning_datafiles,,100,0,9,0,28,19,0,docs,16
control,jacebrowning/datafiles,2024-03,static_analysis_warnings,rule_config_analyzer_profile_signal,paper,fc623e81f9e7476938a04e191b471aa90dc11d76,../control-repos/jacebrowning_datafiles,,100,0,9,0,28,19,0,bin,4
control,jacebrowning/datafiles,2024-03,static_analysis_warnings,rule_config_analyzer_profile_signal,paper,fc623e81f9e7476938a04e191b471aa90dc11d76,../control-repos/jacebrowning_datafiles,,100,0,9,0,28,19,0,.github,1
treatment,getsentry/sentry,2024-12,bugs,source_scope_difference_or_mixed,paper,707f353d2d1933fbf951478c414838f9e5956b38,../treatment-repos/getsentry_sentry,,15745,3904,0,5986,4654,483,907,src,4513
treatment,getsentry/sentry,2024-12,bugs,source_scope_difference_or_mixed,paper,707f353d2d1933fbf951478c414838f9e5956b38,../treatment-repos/getsentry_sentry,,15745,2223,0,5986,4654,483,907,tests,4536
treatment,getsentry/sentry,2024-12,bugs,source_scope_difference_or_mixed,paper,707f353d2d1933fbf951478c414838f9e5956b38,../treatment-repos/getsentry_sentry,,15745,180,0,5986,4654,483,907,fixtures,468
treatment,getsentry/sentry,2024-12,bugs,source_scope_difference_or_mixed,paper,707f353d2d1933fbf951478c414838f9e5956b38,../treatment-repos/getsentry_sentry,,15745,16,0,5986,4654,483,907,tools,16
treatment,getsentry/sentry,2024-12,bugs,source_scope_difference_or_mixed,paper,707f353d2d1933fbf951478c414838f9e5956b38,../treatment-repos/getsentry_sentry,,15745,4,0,5986,4654,483,907,bin,21
treatment,getsentry/sentry,2024-12,bugs,source_scope_difference_or_mixed,paper,707f353d2d1933fbf951478c414838f9e5956b38,../treatment-repos/getsentry_sentry,,15745,3,0,5986,4654,483,907,scripts,12
treatment,getsentry/sentry,2024-12,bugs,source_scope_difference_or_mixed,paper,707f353d2d1933fbf951478c414838f9e5956b38,../treatment-repos/getsentry_sentry,,15745,2,0,5986,4654,483,907,.github,61
treatment,getsentry/sentry,2024-12,bugs,source_scope_difference_or_mixed,paper,707f353d2d1933fbf951478c414838f9e5956b38,../treatment-repos/getsentry_sentry,,15745,2,0,5986,4654,483,907,devenv,3
treatment,getsentry/sentry,2024-12,bugs,source_scope_difference_or_mixed,paper,707f353d2d1933fbf951478c414838f9e5956b38,../treatment-repos/getsentry_sentry,,15745,1,0,5986,4654,483,907,self-hosted,4
treatment,getsentry/sentry,2024-12,bugs,source_scope_difference_or_mixed,paper,707f353d2d1933fbf951478c414838f9e5956b38,../treatment-repos/getsentry_sentry,,15745,0,0,5986,4654,483,907,static,5982
treatment,getsentry/sentry,2024-12,bugs,source_scope_difference_or_mixed,paper,707f353d2d1933fbf951478c414838f9e5956b38,../treatment-repos/getsentry_sentry,,15745,0,0,5986,4654,483,907,api-docs,64
treatment,getsentry/sentry,2024-12,bugs,source_scope_difference_or_mixed,paper,707f353d2d1933fbf951478c414838f9e5956b38,../treatment-repos/getsentry_sentry,,15745,0,0,5986,4654,483,907,(root),40
treatment,getsentry/sentry,2024-11,bugs,source_scope_difference_or_mixed,paper,8e45680a887ec96c50c1f43fffe1ac8f2b6c54aa,../treatment-repos/getsentry_sentry,,15615,3856,0,5924,4637,486,862,src,4466
treatment,getsentry/sentry,2024-11,bugs,source_scope_difference_or_mixed,paper,8e45680a887ec96c50c1f43fffe1ac8f2b6c54aa,../treatment-repos/getsentry_sentry,,15615,2206,0,5924,4637,486,862,tests,4520
treatment,getsentry/sentry,2024-11,bugs,source_scope_difference_or_mixed,paper,8e45680a887ec96c50c1f43fffe1ac8f2b6c54aa,../treatment-repos/getsentry_sentry,,15615,180,0,5924,4637,486,862,fixtures,464
treatment,getsentry/sentry,2024-11,bugs,source_scope_difference_or_mixed,paper,8e45680a887ec96c50c1f43fffe1ac8f2b6c54aa,../treatment-repos/getsentry_sentry,,15615,16,0,5924,4637,486,862,tools,16
treatment,getsentry/sentry,2024-11,bugs,source_scope_difference_or_mixed,paper,8e45680a887ec96c50c1f43fffe1ac8f2b6c54aa,../treatment-repos/getsentry_sentry,,15615,4,0,5924,4637,486,862,bin,21
treatment,getsentry/sentry,2024-11,bugs,source_scope_difference_or_mixed,paper,8e45680a887ec96c50c1f43fffe1ac8f2b6c54aa,../treatment-repos/getsentry_sentry,,15615,3,0,5924,4637,486,862,scripts,12
treatment,getsentry/sentry,2024-11,bugs,source_scope_difference_or_mixed,paper,8e45680a887ec96c50c1f43fffe1ac8f2b6c54aa,../treatment-repos/getsentry_sentry,,15615,2,0,5924,4637,486,862,.github,61
treatment,getsentry/sentry,2024-11,bugs,source_scope_difference_or_mixed,paper,8e45680a887ec96c50c1f43fffe1ac8f2b6c54aa,../treatment-repos/getsentry_sentry,,15615,2,0,5924,4637,486,862,devenv,3
treatment,getsentry/sentry,2024-11,bugs,source_scope_difference_or_mixed,paper,8e45680a887ec96c50c1f43fffe1ac8f2b6c54aa,../treatment-repos/getsentry_sentry,,15615,1,0,5924,4637,486,862,self-hosted,4
treatment,getsentry/sentry,2024-11,bugs,source_scope_difference_or_mixed,paper,8e45680a887ec96c50c1f43fffe1ac8f2b6c54aa,../treatment-repos/getsentry_sentry,,15615,0,0,5924,4637,486,862,static,5918
treatment,getsentry/sentry,2024-11,bugs,source_scope_difference_or_mixed,paper,8e45680a887ec96c50c1f43fffe1ac8f2b6c54aa,../treatment-repos/getsentry_sentry,,15615,0,0,5924,4637,486,862,api-docs,64
treatment,getsentry/sentry,2024-11,bugs,source_scope_difference_or_mixed,paper,8e45680a887ec96c50c1f43fffe1ac8f2b6c54aa,../treatment-repos/getsentry_sentry,,15615,0,0,5924,4637,486,862,(root),41
treatment,getsentry/sentry,2025-01,bugs,source_scope_difference_or_mixed,paper,d210118fce94310ef5858d51efe16ee26c995a48,../treatment-repos/getsentry_sentry,,16038,3986,0,6137,4706,489,960,src,4597
treatment,getsentry/sentry,2025-01,bugs,source_scope_difference_or_mixed,paper,d210118fce94310ef5858d51efe16ee26c995a48,../treatment-repos/getsentry_sentry,,16038,2261,0,6137,4706,489,960,tests,4588
treatment,getsentry/sentry,2025-01,bugs,source_scope_difference_or_mixed,paper,d210118fce94310ef5858d51efe16ee26c995a48,../treatment-repos/getsentry_sentry,,16038,194,0,6137,4706,489,960,fixtures,478
treatment,getsentry/sentry,2025-01,bugs,source_scope_difference_or_mixed,paper,d210118fce94310ef5858d51efe16ee26c995a48,../treatment-repos/getsentry_sentry,,16038,16,0,6137,4706,489,960,tools,16
treatment,getsentry/sentry,2025-01,bugs,source_scope_difference_or_mixed,paper,d210118fce94310ef5858d51efe16ee26c995a48,../treatment-repos/getsentry_sentry,,16038,4,0,6137,4706,489,960,bin,21
treatment,getsentry/sentry,2025-01,bugs,source_scope_difference_or_mixed,paper,d210118fce94310ef5858d51efe16ee26c995a48,../treatment-repos/getsentry_sentry,,16038,3,0,6137,4706,489,960,scripts,12
treatment,getsentry/sentry,2025-01,bugs,source_scope_difference_or_mixed,paper,d210118fce94310ef5858d51efe16ee26c995a48,../treatment-repos/getsentry_sentry,,16038,2,0,6137,4706,489,960,.github,58
treatment,getsentry/sentry,2025-01,bugs,source_scope_difference_or_mixed,paper,d210118fce94310ef5858d51efe16ee26c995a48,../treatment-repos/getsentry_sentry,,16038,2,0,6137,4706,489,960,devenv,3
treatment,getsentry/sentry,2025-01,bugs,source_scope_difference_or_mixed,paper,d210118fce94310ef5858d51efe16ee26c995a48,../treatment-repos/getsentry_sentry,,16038,1,0,6137,4706,489,960,self-hosted,4
treatment,getsentry/sentry,2025-01,bugs,source_scope_difference_or_mixed,paper,d210118fce94310ef5858d51efe16ee26c995a48,../treatment-repos/getsentry_sentry,,16038,0,0,6137,4706,489,960,static,6135
treatment,getsentry/sentry,2025-01,bugs,source_scope_difference_or_mixed,paper,d210118fce94310ef5858d51efe16ee26c995a48,../treatment-repos/getsentry_sentry,,16038,0,0,6137,4706,489,960,api-docs,64
treatment,getsentry/sentry,2025-01,bugs,source_scope_difference_or_mixed,paper,d210118fce94310ef5858d51efe16ee26c995a48,../treatment-repos/getsentry_sentry,,16038,0,0,6137,4706,489,960,(root),40
treatment,getsentry/sentry,2025-02,bugs,source_scope_difference_or_mixed,paper,c4502d06cff34abeb8f58810743fb907ee914348,../treatment-repos/getsentry_sentry,,16490,4019,0,6622,4625,490,1010,src,4631
treatment,getsentry/sentry,2025-02,bugs,source_scope_difference_or_mixed,paper,c4502d06cff34abeb8f58810743fb907ee914348,../treatment-repos/getsentry_sentry,,16490,2279,0,6622,4625,490,1010,tests,4508
treatment,getsentry/sentry,2025-02,bugs,source_scope_difference_or_mixed,paper,c4502d06cff34abeb8f58810743fb907ee914348,../treatment-repos/getsentry_sentry,,16490,194,0,6622,4625,490,1010,fixtures,479
treatment,getsentry/sentry,2025-02,bugs,source_scope_difference_or_mixed,paper,c4502d06cff34abeb8f58810743fb907ee914348,../treatment-repos/getsentry_sentry,,16490,16,0,6622,4625,490,1010,tools,16
treatment,getsentry/sentry,2025-02,bugs,source_scope_difference_or_mixed,paper,c4502d06cff34abeb8f58810743fb907ee914348,../treatment-repos/getsentry_sentry,,16490,4,0,6622,4625,490,1010,bin,21
treatment,getsentry/sentry,2025-02,bugs,source_scope_difference_or_mixed,paper,c4502d06cff34abeb8f58810743fb907ee914348,../treatment-repos/getsentry_sentry,,16490,3,0,6622,4625,490,1010,scripts,12
treatment,getsentry/sentry,2025-02,bugs,source_scope_difference_or_mixed,paper,c4502d06cff34abeb8f58810743fb907ee914348,../treatment-repos/getsentry_sentry,,16490,2,0,6622,4625,490,1010,.github,58
treatment,getsentry/sentry,2025-02,bugs,source_scope_difference_or_mixed,paper,c4502d06cff34abeb8f58810743fb907ee914348,../treatment-repos/getsentry_sentry,,16490,2,0,6622,4625,490,1010,devenv,3
treatment,getsentry/sentry,2025-02,bugs,source_scope_difference_or_mixed,paper,c4502d06cff34abeb8f58810743fb907ee914348,../treatment-repos/getsentry_sentry,,16490,1,0,6622,4625,490,1010,self-hosted,4
treatment,getsentry/sentry,2025-02,bugs,source_scope_difference_or_mixed,paper,c4502d06cff34abeb8f58810743fb907ee914348,../treatment-repos/getsentry_sentry,,16490,0,0,6622,4625,490,1010,static,6631
treatment,getsentry/sentry,2025-02,bugs,source_scope_difference_or_mixed,paper,c4502d06cff34abeb8f58810743fb907ee914348,../treatment-repos/getsentry_sentry,,16490,0,0,6622,4625,490,1010,api-docs,64
treatment,getsentry/sentry,2025-02,bugs,source_scope_difference_or_mixed,paper,c4502d06cff34abeb8f58810743fb907ee914348,../treatment-repos/getsentry_sentry,,16490,0,0,6622,4625,490,1010,(root),40
treatment,getsentry/sentry,2024-10,bugs,source_scope_difference_or_mixed,paper,ad46b361e2e960136b68f1647b936af1b3f6752a,../treatment-repos/getsentry_sentry,,14736,3810,0,5884,3931,485,731,src,4419
treatment,getsentry/sentry,2024-10,bugs,source_scope_difference_or_mixed,paper,ad46b361e2e960136b68f1647b936af1b3f6752a,../treatment-repos/getsentry_sentry,,14736,2195,0,5884,3931,485,731,tests,3815
treatment,getsentry/sentry,2024-10,bugs,source_scope_difference_or_mixed,paper,ad46b361e2e960136b68f1647b936af1b3f6752a,../treatment-repos/getsentry_sentry,,14736,95,0,5884,3931,485,731,fixtures,379
treatment,getsentry/sentry,2024-10,bugs,source_scope_difference_or_mixed,paper,ad46b361e2e960136b68f1647b936af1b3f6752a,../treatment-repos/getsentry_sentry,,14736,16,0,5884,3931,485,731,tools,16
treatment,getsentry/sentry,2024-10,bugs,source_scope_difference_or_mixed,paper,ad46b361e2e960136b68f1647b936af1b3f6752a,../treatment-repos/getsentry_sentry,,14736,4,0,5884,3931,485,731,bin,21
treatment,getsentry/sentry,2024-10,bugs,source_scope_difference_or_mixed,paper,ad46b361e2e960136b68f1647b936af1b3f6752a,../treatment-repos/getsentry_sentry,,14736,3,0,5884,3931,485,731,scripts,14
treatment,getsentry/sentry,2024-10,bugs,source_scope_difference_or_mixed,paper,ad46b361e2e960136b68f1647b936af1b3f6752a,../treatment-repos/getsentry_sentry,,14736,2,0,5884,3931,485,731,.github,61
treatment,getsentry/sentry,2024-10,bugs,source_scope_difference_or_mixed,paper,ad46b361e2e960136b68f1647b936af1b3f6752a,../treatment-repos/getsentry_sentry,,14736,2,0,5884,3931,485,731,devenv,3
treatment,getsentry/sentry,2024-10,bugs,source_scope_difference_or_mixed,paper,ad46b361e2e960136b68f1647b936af1b3f6752a,../treatment-repos/getsentry_sentry,,14736,1,0,5884,3931,485,731,self-hosted,4
treatment,getsentry/sentry,2024-10,bugs,source_scope_difference_or_mixed,paper,ad46b361e2e960136b68f1647b936af1b3f6752a,../treatment-repos/getsentry_sentry,,14736,0,0,5884,3931,485,731,static,5875
treatment,getsentry/sentry,2024-10,bugs,source_scope_difference_or_mixed,paper,ad46b361e2e960136b68f1647b936af1b3f6752a,../treatment-repos/getsentry_sentry,,14736,0,0,5884,3931,485,731,api-docs,64
treatment,getsentry/sentry,2024-10,bugs,source_scope_difference_or_mixed,paper,ad46b361e2e960136b68f1647b936af1b3f6752a,../treatment-repos/getsentry_sentry,,14736,0,0,5884,3931,485,731,(root),41
treatment,getsentry/sentry,2024-09,bugs,source_scope_difference_or_mixed,paper,6c6024b9d8999b88166c60580a677d809252fc04,../treatment-repos/getsentry_sentry,,14496,3771,0,5784,3831,484,706,src,4382
treatment,getsentry/sentry,2024-09,bugs,source_scope_difference_or_mixed,paper,6c6024b9d8999b88166c60580a677d809252fc04,../treatment-repos/getsentry_sentry,,14496,2173,0,5784,3831,484,706,tests,3723
treatment,getsentry/sentry,2024-09,bugs,source_scope_difference_or_mixed,paper,6c6024b9d8999b88166c60580a677d809252fc04,../treatment-repos/getsentry_sentry,,14496,89,0,5784,3831,484,706,fixtures,373
treatment,getsentry/sentry,2024-09,bugs,source_scope_difference_or_mixed,paper,6c6024b9d8999b88166c60580a677d809252fc04,../treatment-repos/getsentry_sentry,,14496,17,0,5784,3831,484,706,tools,17
treatment,getsentry/sentry,2024-09,bugs,source_scope_difference_or_mixed,paper,6c6024b9d8999b88166c60580a677d809252fc04,../treatment-repos/getsentry_sentry,,14496,4,0,5784,3831,484,706,bin,21
treatment,getsentry/sentry,2024-09,bugs,source_scope_difference_or_mixed,paper,6c6024b9d8999b88166c60580a677d809252fc04,../treatment-repos/getsentry_sentry,,14496,3,0,5784,3831,484,706,scripts,14
treatment,getsentry/sentry,2024-09,bugs,source_scope_difference_or_mixed,paper,6c6024b9d8999b88166c60580a677d809252fc04,../treatment-repos/getsentry_sentry,,14496,2,0,5784,3831,484,706,.github,58
treatment,getsentry/sentry,2024-09,bugs,source_scope_difference_or_mixed,paper,6c6024b9d8999b88166c60580a677d809252fc04,../treatment-repos/getsentry_sentry,,14496,2,0,5784,3831,484,706,devenv,3
treatment,getsentry/sentry,2024-09,bugs,source_scope_difference_or_mixed,paper,6c6024b9d8999b88166c60580a677d809252fc04,../treatment-repos/getsentry_sentry,,14496,1,0,5784,3831,484,706,self-hosted,4
treatment,getsentry/sentry,2024-09,bugs,source_scope_difference_or_mixed,paper,6c6024b9d8999b88166c60580a677d809252fc04,../treatment-repos/getsentry_sentry,,14496,0,0,5784,3831,484,706,static,5772
treatment,getsentry/sentry,2024-09,bugs,source_scope_difference_or_mixed,paper,6c6024b9d8999b88166c60580a677d809252fc04,../treatment-repos/getsentry_sentry,,14496,0,0,5784,3831,484,706,api-docs,68
treatment,getsentry/sentry,2024-09,bugs,source_scope_difference_or_mixed,paper,6c6024b9d8999b88166c60580a677d809252fc04,../treatment-repos/getsentry_sentry,,14496,0,0,5784,3831,484,706,(root),41
control,PennyLaneAI/catalyst,2025-08,static_analysis_warnings,rule_config_analyzer_profile_signal,paper,0150699ff9adda89142bf65e2600619d61f6d55a,../control-repos/PennyLaneAI_catalyst,,885,195,6,0,267,115,29,frontend,224
control,PennyLaneAI/catalyst,2025-08,static_analysis_warnings,rule_config_analyzer_profile_signal,paper,0150699ff9adda89142bf65e2600619d61f6d55a,../control-repos/PennyLaneAI_catalyst,,885,13,6,0,267,115,29,benchmark,18
control,PennyLaneAI/catalyst,2025-08,static_analysis_warnings,rule_config_analyzer_profile_signal,paper,0150699ff9adda89142bf65e2600619d61f6d55a,../control-repos/PennyLaneAI_catalyst,,885,7,6,0,267,115,29,mlir,417
control,PennyLaneAI/catalyst,2025-08,static_analysis_warnings,rule_config_analyzer_profile_signal,paper,0150699ff9adda89142bf65e2600619d61f6d55a,../control-repos/PennyLaneAI_catalyst,,885,4,6,0,267,115,29,bin,4
control,PennyLaneAI/catalyst,2025-08,static_analysis_warnings,rule_config_analyzer_profile_signal,paper,0150699ff9adda89142bf65e2600619d61f6d55a,../control-repos/PennyLaneAI_catalyst,,885,3,6,0,267,115,29,standalone_plugin_wheel,4
control,PennyLaneAI/catalyst,2025-08,static_analysis_warnings,rule_config_analyzer_profile_signal,paper,0150699ff9adda89142bf65e2600619d61f6d55a,../control-repos/PennyLaneAI_catalyst,,885,2,6,0,267,115,29,doc,112
control,PennyLaneAI/catalyst,2025-08,static_analysis_warnings,rule_config_analyzer_profile_signal,paper,0150699ff9adda89142bf65e2600619d61f6d55a,../control-repos/PennyLaneAI_catalyst,,885,2,6,0,267,115,29,.github,34
control,PennyLaneAI/catalyst,2025-08,static_analysis_warnings,rule_config_analyzer_profile_signal,paper,0150699ff9adda89142bf65e2600619d61f6d55a,../control-repos/PennyLaneAI_catalyst,,885,1,6,0,267,115,29,(root),16
control,PennyLaneAI/catalyst,2025-08,static_analysis_warnings,rule_config_analyzer_profile_signal,paper,0150699ff9adda89142bf65e2600619d61f6d55a,../control-repos/PennyLaneAI_catalyst,,885,0,6,0,267,115,29,runtime,50
control,PennyLaneAI/catalyst,2025-08,static_analysis_warnings,rule_config_analyzer_profile_signal,paper,0150699ff9adda89142bf65e2600619d61f6d55a,../control-repos/PennyLaneAI_catalyst,,885,0,6,0,267,115,29,demos,6
control,PennyLaneAI/catalyst,2025-07,static_analysis_warnings,commit_selection_difference,paper,0aa4fab8450c1c8f0d5baeeb48b8cef919b155f5,../control-repos/PennyLaneAI_catalyst,,839,194,6,0,263,79,29,frontend,223
control,PennyLaneAI/catalyst,2025-07,static_analysis_warnings,commit_selection_difference,paper,0aa4fab8450c1c8f0d5baeeb48b8cef919b155f5,../control-repos/PennyLaneAI_catalyst,,839,13,6,0,263,79,29,benchmark,18
control,PennyLaneAI/catalyst,2025-07,static_analysis_warnings,commit_selection_difference,paper,0aa4fab8450c1c8f0d5baeeb48b8cef919b155f5,../control-repos/PennyLaneAI_catalyst,,839,7,6,0,263,79,29,mlir,408
control,PennyLaneAI/catalyst,2025-07,static_analysis_warnings,commit_selection_difference,paper,0aa4fab8450c1c8f0d5baeeb48b8cef919b155f5,../control-repos/PennyLaneAI_catalyst,,839,4,6,0,263,79,29,bin,4
control,PennyLaneAI/catalyst,2025-07,static_analysis_warnings,commit_selection_difference,paper,0aa4fab8450c1c8f0d5baeeb48b8cef919b155f5,../control-repos/PennyLaneAI_catalyst,,839,3,6,0,263,79,29,.github,34
control,PennyLaneAI/catalyst,2025-07,static_analysis_warnings,commit_selection_difference,paper,0aa4fab8450c1c8f0d5baeeb48b8cef919b155f5,../control-repos/PennyLaneAI_catalyst,,839,3,6,0,263,79,29,standalone_plugin_wheel,4
control,PennyLaneAI/catalyst,2025-07,static_analysis_warnings,commit_selection_difference,paper,0aa4fab8450c1c8f0d5baeeb48b8cef919b155f5,../control-repos/PennyLaneAI_catalyst,,839,2,6,0,263,79,29,doc,76
control,PennyLaneAI/catalyst,2025-07,static_analysis_warnings,commit_selection_difference,paper,0aa4fab8450c1c8f0d5baeeb48b8cef919b155f5,../control-repos/PennyLaneAI_catalyst,,839,1,6,0,263,79,29,(root),16
control,PennyLaneAI/catalyst,2025-07,static_analysis_warnings,commit_selection_difference,paper,0aa4fab8450c1c8f0d5baeeb48b8cef919b155f5,../control-repos/PennyLaneAI_catalyst,,839,0,6,0,263,79,29,runtime,50
control,PennyLaneAI/catalyst,2025-07,static_analysis_warnings,commit_selection_difference,paper,0aa4fab8450c1c8f0d5baeeb48b8cef919b155f5,../control-repos/PennyLaneAI_catalyst,,839,0,6,0,263,79,29,demos,6
control,PennyLaneAI/catalyst,2025-07,static_analysis_warnings,commit_selection_difference,our,4f4b01a142d5224279c4d0fcd6b944fcc80b343b,../control-repos/PennyLaneAI_catalyst,,839,194,6,0,263,79,29,frontend,223
control,PennyLaneAI/catalyst,2025-07,static_analysis_warnings,commit_selection_difference,our,4f4b01a142d5224279c4d0fcd6b944fcc80b343b,../control-repos/PennyLaneAI_catalyst,,839,13,6,0,263,79,29,benchmark,18
control,PennyLaneAI/catalyst,2025-07,static_analysis_warnings,commit_selection_difference,our,4f4b01a142d5224279c4d0fcd6b944fcc80b343b,../control-repos/PennyLaneAI_catalyst,,839,7,6,0,263,79,29,mlir,408
control,PennyLaneAI/catalyst,2025-07,static_analysis_warnings,commit_selection_difference,our,4f4b01a142d5224279c4d0fcd6b944fcc80b343b,../control-repos/PennyLaneAI_catalyst,,839,4,6,0,263,79,29,bin,4
control,PennyLaneAI/catalyst,2025-07,static_analysis_warnings,commit_selection_difference,our,4f4b01a142d5224279c4d0fcd6b944fcc80b343b,../control-repos/PennyLaneAI_catalyst,,839,3,6,0,263,79,29,.github,34
control,PennyLaneAI/catalyst,2025-07,static_analysis_warnings,commit_selection_difference,our,4f4b01a142d5224279c4d0fcd6b944fcc80b343b,../control-repos/PennyLaneAI_catalyst,,839,3,6,0,263,79,29,standalone_plugin_wheel,4
control,PennyLaneAI/catalyst,2025-07,static_analysis_warnings,commit_selection_difference,our,4f4b01a142d5224279c4d0fcd6b944fcc80b343b,../control-repos/PennyLaneAI_catalyst,,839,2,6,0,263,79,29,doc,76
control,PennyLaneAI/catalyst,2025-07,static_analysis_warnings,commit_selection_difference,our,4f4b01a142d5224279c4d0fcd6b944fcc80b343b,../control-repos/PennyLaneAI_catalyst,,839,1,6,0,263,79,29,(root),16
control,PennyLaneAI/catalyst,2025-07,static_analysis_warnings,commit_selection_difference,our,4f4b01a142d5224279c4d0fcd6b944fcc80b343b,../control-repos/PennyLaneAI_catalyst,,839,0,6,0,263,79,29,runtime,50
control,PennyLaneAI/catalyst,2025-07,static_analysis_warnings,commit_selection_difference,our,4f4b01a142d5224279c4d0fcd6b944fcc80b343b,../control-repos/PennyLaneAI_catalyst,,839,0,6,0,263,79,29,demos,6
control,PennyLaneAI/catalyst,2025-06,static_analysis_warnings,rule_config_analyzer_profile_signal,paper,f43af48a983a734ca863a04362b99176d506bcb8,../control-repos/PennyLaneAI_catalyst,,815,188,6,0,257,78,28,frontend,217
control,PennyLaneAI/catalyst,2025-06,static_analysis_warnings,rule_config_analyzer_profile_signal,paper,f43af48a983a734ca863a04362b99176d506bcb8,../control-repos/PennyLaneAI_catalyst,,815,13,6,0,257,78,28,benchmark,18
control,PennyLaneAI/catalyst,2025-06,static_analysis_warnings,rule_config_analyzer_profile_signal,paper,f43af48a983a734ca863a04362b99176d506bcb8,../control-repos/PennyLaneAI_catalyst,,815,7,6,0,257,78,28,mlir,393
control,PennyLaneAI/catalyst,2025-06,static_analysis_warnings,rule_config_analyzer_profile_signal,paper,f43af48a983a734ca863a04362b99176d506bcb8,../control-repos/PennyLaneAI_catalyst,,815,4,6,0,257,78,28,bin,4
control,PennyLaneAI/catalyst,2025-06,static_analysis_warnings,rule_config_analyzer_profile_signal,paper,f43af48a983a734ca863a04362b99176d506bcb8,../control-repos/PennyLaneAI_catalyst,,815,3,6,0,257,78,28,standalone_plugin_wheel,4
control,PennyLaneAI/catalyst,2025-06,static_analysis_warnings,rule_config_analyzer_profile_signal,paper,f43af48a983a734ca863a04362b99176d506bcb8,../control-repos/PennyLaneAI_catalyst,,815,2,6,0,257,78,28,doc,75
control,PennyLaneAI/catalyst,2025-06,static_analysis_warnings,rule_config_analyzer_profile_signal,paper,f43af48a983a734ca863a04362b99176d506bcb8,../control-repos/PennyLaneAI_catalyst,,815,2,6,0,257,78,28,.github,32
control,PennyLaneAI/catalyst,2025-06,static_analysis_warnings,rule_config_analyzer_profile_signal,paper,f43af48a983a734ca863a04362b99176d506bcb8,../control-repos/PennyLaneAI_catalyst,,815,1,6,0,257,78,28,(root),16
control,PennyLaneAI/catalyst,2025-06,static_analysis_warnings,rule_config_analyzer_profile_signal,paper,f43af48a983a734ca863a04362b99176d506bcb8,../control-repos/PennyLaneAI_catalyst,,815,0,6,0,257,78,28,runtime,50
control,PennyLaneAI/catalyst,2025-06,static_analysis_warnings,rule_config_analyzer_profile_signal,paper,f43af48a983a734ca863a04362b99176d506bcb8,../control-repos/PennyLaneAI_catalyst,,815,0,6,0,257,78,28,demos,6
control,PennyLaneAI/catalyst,2025-05,static_analysis_warnings,rule_config_analyzer_profile_signal,paper,06db0834814629bbac4bea9188101898cc4b0a91,../control-repos/PennyLaneAI_catalyst,,801,179,6,0,249,78,28,frontend,208
control,PennyLaneAI/catalyst,2025-05,static_analysis_warnings,rule_config_analyzer_profile_signal,paper,06db0834814629bbac4bea9188101898cc4b0a91,../control-repos/PennyLaneAI_catalyst,,801,13,6,0,249,78,28,benchmark,18
control,PennyLaneAI/catalyst,2025-05,static_analysis_warnings,rule_config_analyzer_profile_signal,paper,06db0834814629bbac4bea9188101898cc4b0a91,../control-repos/PennyLaneAI_catalyst,,801,7,6,0,249,78,28,mlir,389
control,PennyLaneAI/catalyst,2025-05,static_analysis_warnings,rule_config_analyzer_profile_signal,paper,06db0834814629bbac4bea9188101898cc4b0a91,../control-repos/PennyLaneAI_catalyst,,801,4,6,0,249,78,28,bin,4
control,PennyLaneAI/catalyst,2025-05,static_analysis_warnings,rule_config_analyzer_profile_signal,paper,06db0834814629bbac4bea9188101898cc4b0a91,../control-repos/PennyLaneAI_catalyst,,801,3,6,0,249,78,28,standalone_plugin_wheel,4
control,PennyLaneAI/catalyst,2025-05,static_analysis_warnings,rule_config_analyzer_profile_signal,paper,06db0834814629bbac4bea9188101898cc4b0a91,../control-repos/PennyLaneAI_catalyst,,801,2,6,0,249,78,28,doc,75
control,PennyLaneAI/catalyst,2025-05,static_analysis_warnings,rule_config_analyzer_profile_signal,paper,06db0834814629bbac4bea9188101898cc4b0a91,../control-repos/PennyLaneAI_catalyst,,801,2,6,0,249,78,28,.github,31
control,PennyLaneAI/catalyst,2025-05,static_analysis_warnings,rule_config_analyzer_profile_signal,paper,06db0834814629bbac4bea9188101898cc4b0a91,../control-repos/PennyLaneAI_catalyst,,801,1,6,0,249,78,28,(root),16
control,PennyLaneAI/catalyst,2025-05,static_analysis_warnings,rule_config_analyzer_profile_signal,paper,06db0834814629bbac4bea9188101898cc4b0a91,../control-repos/PennyLaneAI_catalyst,,801,0,6,0,249,78,28,runtime,50
control,PennyLaneAI/catalyst,2025-05,static_analysis_warnings,rule_config_analyzer_profile_signal,paper,06db0834814629bbac4bea9188101898cc4b0a91,../control-repos/PennyLaneAI_catalyst,,801,0,6,0,249,78,28,demos,6
control,PennyLaneAI/catalyst,2025-08,code_smells,rule_config_analyzer_profile_signal,paper,0150699ff9adda89142bf65e2600619d61f6d55a,../control-repos/PennyLaneAI_catalyst,,885,195,6,0,267,115,29,frontend,224
control,PennyLaneAI/catalyst,2025-08,code_smells,rule_config_analyzer_profile_signal,paper,0150699ff9adda89142bf65e2600619d61f6d55a,../control-repos/PennyLaneAI_catalyst,,885,13,6,0,267,115,29,benchmark,18
control,PennyLaneAI/catalyst,2025-08,code_smells,rule_config_analyzer_profile_signal,paper,0150699ff9adda89142bf65e2600619d61f6d55a,../control-repos/PennyLaneAI_catalyst,,885,7,6,0,267,115,29,mlir,417
control,PennyLaneAI/catalyst,2025-08,code_smells,rule_config_analyzer_profile_signal,paper,0150699ff9adda89142bf65e2600619d61f6d55a,../control-repos/PennyLaneAI_catalyst,,885,4,6,0,267,115,29,bin,4
control,PennyLaneAI/catalyst,2025-08,code_smells,rule_config_analyzer_profile_signal,paper,0150699ff9adda89142bf65e2600619d61f6d55a,../control-repos/PennyLaneAI_catalyst,,885,3,6,0,267,115,29,standalone_plugin_wheel,4
control,PennyLaneAI/catalyst,2025-08,code_smells,rule_config_analyzer_profile_signal,paper,0150699ff9adda89142bf65e2600619d61f6d55a,../control-repos/PennyLaneAI_catalyst,,885,2,6,0,267,115,29,doc,112
control,PennyLaneAI/catalyst,2025-08,code_smells,rule_config_analyzer_profile_signal,paper,0150699ff9adda89142bf65e2600619d61f6d55a,../control-repos/PennyLaneAI_catalyst,,885,2,6,0,267,115,29,.github,34
control,PennyLaneAI/catalyst,2025-08,code_smells,rule_config_analyzer_profile_signal,paper,0150699ff9adda89142bf65e2600619d61f6d55a,../control-repos/PennyLaneAI_catalyst,,885,1,6,0,267,115,29,(root),16
control,PennyLaneAI/catalyst,2025-08,code_smells,rule_config_analyzer_profile_signal,paper,0150699ff9adda89142bf65e2600619d61f6d55a,../control-repos/PennyLaneAI_catalyst,,885,0,6,0,267,115,29,runtime,50
control,PennyLaneAI/catalyst,2025-08,code_smells,rule_config_analyzer_profile_signal,paper,0150699ff9adda89142bf65e2600619d61f6d55a,../control-repos/PennyLaneAI_catalyst,,885,0,6,0,267,115,29,demos,6
control,PennyLaneAI/catalyst,2025-07,code_smells,commit_selection_difference,paper,0aa4fab8450c1c8f0d5baeeb48b8cef919b155f5,../control-repos/PennyLaneAI_catalyst,,839,194,6,0,263,79,29,frontend,223
control,PennyLaneAI/catalyst,2025-07,code_smells,commit_selection_difference,paper,0aa4fab8450c1c8f0d5baeeb48b8cef919b155f5,../control-repos/PennyLaneAI_catalyst,,839,13,6,0,263,79,29,benchmark,18
control,PennyLaneAI/catalyst,2025-07,code_smells,commit_selection_difference,paper,0aa4fab8450c1c8f0d5baeeb48b8cef919b155f5,../control-repos/PennyLaneAI_catalyst,,839,7,6,0,263,79,29,mlir,408
control,PennyLaneAI/catalyst,2025-07,code_smells,commit_selection_difference,paper,0aa4fab8450c1c8f0d5baeeb48b8cef919b155f5,../control-repos/PennyLaneAI_catalyst,,839,4,6,0,263,79,29,bin,4
control,PennyLaneAI/catalyst,2025-07,code_smells,commit_selection_difference,paper,0aa4fab8450c1c8f0d5baeeb48b8cef919b155f5,../control-repos/PennyLaneAI_catalyst,,839,3,6,0,263,79,29,.github,34
control,PennyLaneAI/catalyst,2025-07,code_smells,commit_selection_difference,paper,0aa4fab8450c1c8f0d5baeeb48b8cef919b155f5,../control-repos/PennyLaneAI_catalyst,,839,3,6,0,263,79,29,standalone_plugin_wheel,4
control,PennyLaneAI/catalyst,2025-07,code_smells,commit_selection_difference,paper,0aa4fab8450c1c8f0d5baeeb48b8cef919b155f5,../control-repos/PennyLaneAI_catalyst,,839,2,6,0,263,79,29,doc,76
control,PennyLaneAI/catalyst,2025-07,code_smells,commit_selection_difference,paper,0aa4fab8450c1c8f0d5baeeb48b8cef919b155f5,../control-repos/PennyLaneAI_catalyst,,839,1,6,0,263,79,29,(root),16
control,PennyLaneAI/catalyst,2025-07,code_smells,commit_selection_difference,paper,0aa4fab8450c1c8f0d5baeeb48b8cef919b155f5,../control-repos/PennyLaneAI_catalyst,,839,0,6,0,263,79,29,runtime,50
control,PennyLaneAI/catalyst,2025-07,code_smells,commit_selection_difference,paper,0aa4fab8450c1c8f0d5baeeb48b8cef919b155f5,../control-repos/PennyLaneAI_catalyst,,839,0,6,0,263,79,29,demos,6
control,PennyLaneAI/catalyst,2025-07,code_smells,commit_selection_difference,our,4f4b01a142d5224279c4d0fcd6b944fcc80b343b,../control-repos/PennyLaneAI_catalyst,,839,194,6,0,263,79,29,frontend,223
control,PennyLaneAI/catalyst,2025-07,code_smells,commit_selection_difference,our,4f4b01a142d5224279c4d0fcd6b944fcc80b343b,../control-repos/PennyLaneAI_catalyst,,839,13,6,0,263,79,29,benchmark,18
control,PennyLaneAI/catalyst,2025-07,code_smells,commit_selection_difference,our,4f4b01a142d5224279c4d0fcd6b944fcc80b343b,../control-repos/PennyLaneAI_catalyst,,839,7,6,0,263,79,29,mlir,408
control,PennyLaneAI/catalyst,2025-07,code_smells,commit_selection_difference,our,4f4b01a142d5224279c4d0fcd6b944fcc80b343b,../control-repos/PennyLaneAI_catalyst,,839,4,6,0,263,79,29,bin,4
control,PennyLaneAI/catalyst,2025-07,code_smells,commit_selection_difference,our,4f4b01a142d5224279c4d0fcd6b944fcc80b343b,../control-repos/PennyLaneAI_catalyst,,839,3,6,0,263,79,29,.github,34
control,PennyLaneAI/catalyst,2025-07,code_smells,commit_selection_difference,our,4f4b01a142d5224279c4d0fcd6b944fcc80b343b,../control-repos/PennyLaneAI_catalyst,,839,3,6,0,263,79,29,standalone_plugin_wheel,4
control,PennyLaneAI/catalyst,2025-07,code_smells,commit_selection_difference,our,4f4b01a142d5224279c4d0fcd6b944fcc80b343b,../control-repos/PennyLaneAI_catalyst,,839,2,6,0,263,79,29,doc,76
control,PennyLaneAI/catalyst,2025-07,code_smells,commit_selection_difference,our,4f4b01a142d5224279c4d0fcd6b944fcc80b343b,../control-repos/PennyLaneAI_catalyst,,839,1,6,0,263,79,29,(root),16
control,PennyLaneAI/catalyst,2025-07,code_smells,commit_selection_difference,our,4f4b01a142d5224279c4d0fcd6b944fcc80b343b,../control-repos/PennyLaneAI_catalyst,,839,0,6,0,263,79,29,runtime,50
control,PennyLaneAI/catalyst,2025-07,code_smells,commit_selection_difference,our,4f4b01a142d5224279c4d0fcd6b944fcc80b343b,../control-repos/PennyLaneAI_catalyst,,839,0,6,0,263,79,29,demos,6
control,PennyLaneAI/catalyst,2025-06,code_smells,rule_config_analyzer_profile_signal,paper,f43af48a983a734ca863a04362b99176d506bcb8,../control-repos/PennyLaneAI_catalyst,,815,188,6,0,257,78,28,frontend,217
control,PennyLaneAI/catalyst,2025-06,code_smells,rule_config_analyzer_profile_signal,paper,f43af48a983a734ca863a04362b99176d506bcb8,../control-repos/PennyLaneAI_catalyst,,815,13,6,0,257,78,28,benchmark,18
control,PennyLaneAI/catalyst,2025-06,code_smells,rule_config_analyzer_profile_signal,paper,f43af48a983a734ca863a04362b99176d506bcb8,../control-repos/PennyLaneAI_catalyst,,815,7,6,0,257,78,28,mlir,393
control,PennyLaneAI/catalyst,2025-06,code_smells,rule_config_analyzer_profile_signal,paper,f43af48a983a734ca863a04362b99176d506bcb8,../control-repos/PennyLaneAI_catalyst,,815,4,6,0,257,78,28,bin,4
control,PennyLaneAI/catalyst,2025-06,code_smells,rule_config_analyzer_profile_signal,paper,f43af48a983a734ca863a04362b99176d506bcb8,../control-repos/PennyLaneAI_catalyst,,815,3,6,0,257,78,28,standalone_plugin_wheel,4
control,PennyLaneAI/catalyst,2025-06,code_smells,rule_config_analyzer_profile_signal,paper,f43af48a983a734ca863a04362b99176d506bcb8,../control-repos/PennyLaneAI_catalyst,,815,2,6,0,257,78,28,doc,75
control,PennyLaneAI/catalyst,2025-06,code_smells,rule_config_analyzer_profile_signal,paper,f43af48a983a734ca863a04362b99176d506bcb8,../control-repos/PennyLaneAI_catalyst,,815,2,6,0,257,78,28,.github,32
control,PennyLaneAI/catalyst,2025-06,code_smells,rule_config_analyzer_profile_signal,paper,f43af48a983a734ca863a04362b99176d506bcb8,../control-repos/PennyLaneAI_catalyst,,815,1,6,0,257,78,28,(root),16
control,PennyLaneAI/catalyst,2025-06,code_smells,rule_config_analyzer_profile_signal,paper,f43af48a983a734ca863a04362b99176d506bcb8,../control-repos/PennyLaneAI_catalyst,,815,0,6,0,257,78,28,runtime,50
control,PennyLaneAI/catalyst,2025-06,code_smells,rule_config_analyzer_profile_signal,paper,f43af48a983a734ca863a04362b99176d506bcb8,../control-repos/PennyLaneAI_catalyst,,815,0,6,0,257,78,28,demos,6
control,PennyLaneAI/catalyst,2025-05,code_smells,rule_config_analyzer_profile_signal,paper,06db0834814629bbac4bea9188101898cc4b0a91,../control-repos/PennyLaneAI_catalyst,,801,179,6,0,249,78,28,frontend,208
control,PennyLaneAI/catalyst,2025-05,code_smells,rule_config_analyzer_profile_signal,paper,06db0834814629bbac4bea9188101898cc4b0a91,../control-repos/PennyLaneAI_catalyst,,801,13,6,0,249,78,28,benchmark,18
control,PennyLaneAI/catalyst,2025-05,code_smells,rule_config_analyzer_profile_signal,paper,06db0834814629bbac4bea9188101898cc4b0a91,../control-repos/PennyLaneAI_catalyst,,801,7,6,0,249,78,28,mlir,389
control,PennyLaneAI/catalyst,2025-05,code_smells,rule_config_analyzer_profile_signal,paper,06db0834814629bbac4bea9188101898cc4b0a91,../control-repos/PennyLaneAI_catalyst,,801,4,6,0,249,78,28,bin,4
control,PennyLaneAI/catalyst,2025-05,code_smells,rule_config_analyzer_profile_signal,paper,06db0834814629bbac4bea9188101898cc4b0a91,../control-repos/PennyLaneAI_catalyst,,801,3,6,0,249,78,28,standalone_plugin_wheel,4
control,PennyLaneAI/catalyst,2025-05,code_smells,rule_config_analyzer_profile_signal,paper,06db0834814629bbac4bea9188101898cc4b0a91,../control-repos/PennyLaneAI_catalyst,,801,2,6,0,249,78,28,doc,75
control,PennyLaneAI/catalyst,2025-05,code_smells,rule_config_analyzer_profile_signal,paper,06db0834814629bbac4bea9188101898cc4b0a91,../control-repos/PennyLaneAI_catalyst,,801,2,6,0,249,78,28,.github,31
control,PennyLaneAI/catalyst,2025-05,code_smells,rule_config_analyzer_profile_signal,paper,06db0834814629bbac4bea9188101898cc4b0a91,../control-repos/PennyLaneAI_catalyst,,801,1,6,0,249,78,28,(root),16
control,PennyLaneAI/catalyst,2025-05,code_smells,rule_config_analyzer_profile_signal,paper,06db0834814629bbac4bea9188101898cc4b0a91,../control-repos/PennyLaneAI_catalyst,,801,0,6,0,249,78,28,runtime,50
control,PennyLaneAI/catalyst,2025-05,code_smells,rule_config_analyzer_profile_signal,paper,06db0834814629bbac4bea9188101898cc4b0a91,../control-repos/PennyLaneAI_catalyst,,801,0,6,0,249,78,28,demos,6
control,jacebrowning/datafiles,2024-11,bugs,rule_config_analyzer_profile_signal,paper,51ad26394a2b99ed8dfab0bd1538abfca73db233,../control-repos/jacebrowning_datafiles,,101,28,9,0,28,19,0,datafiles,29
control,jacebrowning/datafiles,2024-11,bugs,rule_config_analyzer_profile_signal,paper,51ad26394a2b99ed8dfab0bd1538abfca73db233,../control-repos/jacebrowning_datafiles,,101,17,9,0,28,19,0,tests,17
control,jacebrowning/datafiles,2024-11,bugs,rule_config_analyzer_profile_signal,paper,51ad26394a2b99ed8dfab0bd1538abfca73db233,../control-repos/jacebrowning_datafiles,,101,2,9,0,28,19,0,notebooks,15
control,jacebrowning/datafiles,2024-11,bugs,rule_config_analyzer_profile_signal,paper,51ad26394a2b99ed8dfab0bd1538abfca73db233,../control-repos/jacebrowning_datafiles,,101,0,9,0,28,19,0,(root),18
control,jacebrowning/datafiles,2024-11,bugs,rule_config_analyzer_profile_signal,paper,51ad26394a2b99ed8dfab0bd1538abfca73db233,../control-repos/jacebrowning_datafiles,,101,0,9,0,28,19,0,docs,16
control,jacebrowning/datafiles,2024-11,bugs,rule_config_analyzer_profile_signal,paper,51ad26394a2b99ed8dfab0bd1538abfca73db233,../control-repos/jacebrowning_datafiles,,101,0,9,0,28,19,0,bin,4
control,jacebrowning/datafiles,2024-11,bugs,rule_config_analyzer_profile_signal,paper,51ad26394a2b99ed8dfab0bd1538abfca73db233,../control-repos/jacebrowning_datafiles,,101,0,9,0,28,19,0,.github,2
control,jacebrowning/datafiles,2025-05,bugs,rule_config_analyzer_profile_signal,paper,7516af8388fd968e6b7abbfb0df7d51d658142d2,../control-repos/jacebrowning_datafiles,,101,28,9,0,28,19,0,datafiles,29
control,jacebrowning/datafiles,2025-05,bugs,rule_config_analyzer_profile_signal,paper,7516af8388fd968e6b7abbfb0df7d51d658142d2,../control-repos/jacebrowning_datafiles,,101,17,9,0,28,19,0,tests,17
control,jacebrowning/datafiles,2025-05,bugs,rule_config_analyzer_profile_signal,paper,7516af8388fd968e6b7abbfb0df7d51d658142d2,../control-repos/jacebrowning_datafiles,,101,2,9,0,28,19,0,notebooks,15
control,jacebrowning/datafiles,2025-05,bugs,rule_config_analyzer_profile_signal,paper,7516af8388fd968e6b7abbfb0df7d51d658142d2,../control-repos/jacebrowning_datafiles,,101,0,9,0,28,19,0,(root),18
control,jacebrowning/datafiles,2025-05,bugs,rule_config_analyzer_profile_signal,paper,7516af8388fd968e6b7abbfb0df7d51d658142d2,../control-repos/jacebrowning_datafiles,,101,0,9,0,28,19,0,docs,16
control,jacebrowning/datafiles,2025-05,bugs,rule_config_analyzer_profile_signal,paper,7516af8388fd968e6b7abbfb0df7d51d658142d2,../control-repos/jacebrowning_datafiles,,101,0,9,0,28,19,0,bin,4
control,jacebrowning/datafiles,2025-05,bugs,rule_config_analyzer_profile_signal,paper,7516af8388fd968e6b7abbfb0df7d51d658142d2,../control-repos/jacebrowning_datafiles,,101,0,9,0,28,19,0,.github,2
control,jacebrowning/datafiles,2025-02,bugs,rule_config_analyzer_profile_signal,paper,4c2b99a126d0f7ad8d13f5c55e098b07c3f51045,../control-repos/jacebrowning_datafiles,,101,28,9,0,28,19,0,datafiles,29
control,jacebrowning/datafiles,2025-02,bugs,rule_config_analyzer_profile_signal,paper,4c2b99a126d0f7ad8d13f5c55e098b07c3f51045,../control-repos/jacebrowning_datafiles,,101,17,9,0,28,19,0,tests,17
control,jacebrowning/datafiles,2025-02,bugs,rule_config_analyzer_profile_signal,paper,4c2b99a126d0f7ad8d13f5c55e098b07c3f51045,../control-repos/jacebrowning_datafiles,,101,2,9,0,28,19,0,notebooks,15
control,jacebrowning/datafiles,2025-02,bugs,rule_config_analyzer_profile_signal,paper,4c2b99a126d0f7ad8d13f5c55e098b07c3f51045,../control-repos/jacebrowning_datafiles,,101,0,9,0,28,19,0,(root),18
control,jacebrowning/datafiles,2025-02,bugs,rule_config_analyzer_profile_signal,paper,4c2b99a126d0f7ad8d13f5c55e098b07c3f51045,../control-repos/jacebrowning_datafiles,,101,0,9,0,28,19,0,docs,16
control,jacebrowning/datafiles,2025-02,bugs,rule_config_analyzer_profile_signal,paper,4c2b99a126d0f7ad8d13f5c55e098b07c3f51045,../control-repos/jacebrowning_datafiles,,101,0,9,0,28,19,0,bin,4
control,jacebrowning/datafiles,2025-02,bugs,rule_config_analyzer_profile_signal,paper,4c2b99a126d0f7ad8d13f5c55e098b07c3f51045,../control-repos/jacebrowning_datafiles,,101,0,9,0,28,19,0,.github,2
control,jacebrowning/datafiles,2025-04,bugs,rule_config_analyzer_profile_signal,paper,e07b38ed8d6e89f0887aa5ec6712934467742b36,../control-repos/jacebrowning_datafiles,,101,28,9,0,28,19,0,datafiles,29
control,jacebrowning/datafiles,2025-04,bugs,rule_config_analyzer_profile_signal,paper,e07b38ed8d6e89f0887aa5ec6712934467742b36,../control-repos/jacebrowning_datafiles,,101,17,9,0,28,19,0,tests,17
control,jacebrowning/datafiles,2025-04,bugs,rule_config_analyzer_profile_signal,paper,e07b38ed8d6e89f0887aa5ec6712934467742b36,../control-repos/jacebrowning_datafiles,,101,2,9,0,28,19,0,notebooks,15
control,jacebrowning/datafiles,2025-04,bugs,rule_config_analyzer_profile_signal,paper,e07b38ed8d6e89f0887aa5ec6712934467742b36,../control-repos/jacebrowning_datafiles,,101,0,9,0,28,19,0,(root),18
control,jacebrowning/datafiles,2025-04,bugs,rule_config_analyzer_profile_signal,paper,e07b38ed8d6e89f0887aa5ec6712934467742b36,../control-repos/jacebrowning_datafiles,,101,0,9,0,28,19,0,docs,16
control,jacebrowning/datafiles,2025-04,bugs,rule_config_analyzer_profile_signal,paper,e07b38ed8d6e89f0887aa5ec6712934467742b36,../control-repos/jacebrowning_datafiles,,101,0,9,0,28,19,0,bin,4
control,jacebrowning/datafiles,2025-04,bugs,rule_config_analyzer_profile_signal,paper,e07b38ed8d6e89f0887aa5ec6712934467742b36,../control-repos/jacebrowning_datafiles,,101,0,9,0,28,19,0,.github,2
control,jacebrowning/datafiles,2025-06,bugs,rule_config_analyzer_profile_signal,paper,cb3628112394669d5a93a5804f4d6e23cf161eba,../control-repos/jacebrowning_datafiles,,101,28,9,0,28,19,0,datafiles,29
control,jacebrowning/datafiles,2025-06,bugs,rule_config_analyzer_profile_signal,paper,cb3628112394669d5a93a5804f4d6e23cf161eba,../control-repos/jacebrowning_datafiles,,101,17,9,0,28,19,0,tests,17
control,jacebrowning/datafiles,2025-06,bugs,rule_config_analyzer_profile_signal,paper,cb3628112394669d5a93a5804f4d6e23cf161eba,../control-repos/jacebrowning_datafiles,,101,2,9,0,28,19,0,notebooks,15
control,jacebrowning/datafiles,2025-06,bugs,rule_config_analyzer_profile_signal,paper,cb3628112394669d5a93a5804f4d6e23cf161eba,../control-repos/jacebrowning_datafiles,,101,0,9,0,28,19,0,(root),18
control,jacebrowning/datafiles,2025-06,bugs,rule_config_analyzer_profile_signal,paper,cb3628112394669d5a93a5804f4d6e23cf161eba,../control-repos/jacebrowning_datafiles,,101,0,9,0,28,19,0,docs,16
control,jacebrowning/datafiles,2025-06,bugs,rule_config_analyzer_profile_signal,paper,cb3628112394669d5a93a5804f4d6e23cf161eba,../control-repos/jacebrowning_datafiles,,101,0,9,0,28,19,0,bin,4
control,jacebrowning/datafiles,2025-06,bugs,rule_config_analyzer_profile_signal,paper,cb3628112394669d5a93a5804f4d6e23cf161eba,../control-repos/jacebrowning_datafiles,,101,0,9,0,28,19,0,.github,2
control,jacebrowning/datafiles,2024-10,bugs,rule_config_analyzer_profile_signal,paper,46280de29975a61a5d4cd09f36c806a2fb7db769,../control-repos/jacebrowning_datafiles,,101,28,9,0,28,19,0,datafiles,29
control,jacebrowning/datafiles,2024-10,bugs,rule_config_analyzer_profile_signal,paper,46280de29975a61a5d4cd09f36c806a2fb7db769,../control-repos/jacebrowning_datafiles,,101,17,9,0,28,19,0,tests,17
control,jacebrowning/datafiles,2024-10,bugs,rule_config_analyzer_profile_signal,paper,46280de29975a61a5d4cd09f36c806a2fb7db769,../control-repos/jacebrowning_datafiles,,101,2,9,0,28,19,0,notebooks,15
control,jacebrowning/datafiles,2024-10,bugs,rule_config_analyzer_profile_signal,paper,46280de29975a61a5d4cd09f36c806a2fb7db769,../control-repos/jacebrowning_datafiles,,101,0,9,0,28,19,0,(root),18
control,jacebrowning/datafiles,2024-10,bugs,rule_config_analyzer_profile_signal,paper,46280de29975a61a5d4cd09f36c806a2fb7db769,../control-repos/jacebrowning_datafiles,,101,0,9,0,28,19,0,docs,16
control,jacebrowning/datafiles,2024-10,bugs,rule_config_analyzer_profile_signal,paper,46280de29975a61a5d4cd09f36c806a2fb7db769,../control-repos/jacebrowning_datafiles,,101,0,9,0,28,19,0,bin,4
control,jacebrowning/datafiles,2024-10,bugs,rule_config_analyzer_profile_signal,paper,46280de29975a61a5d4cd09f36c806a2fb7db769,../control-repos/jacebrowning_datafiles,,101,0,9,0,28,19,0,.github,2
control,jacebrowning/datafiles,2025-07,bugs,rule_config_analyzer_profile_signal,paper,a7737126dae693f755013f0fcd11df7867274df6,../control-repos/jacebrowning_datafiles,,101,28,9,0,28,19,0,datafiles,29
control,jacebrowning/datafiles,2025-07,bugs,rule_config_analyzer_profile_signal,paper,a7737126dae693f755013f0fcd11df7867274df6,../control-repos/jacebrowning_datafiles,,101,17,9,0,28,19,0,tests,17
control,jacebrowning/datafiles,2025-07,bugs,rule_config_analyzer_profile_signal,paper,a7737126dae693f755013f0fcd11df7867274df6,../control-repos/jacebrowning_datafiles,,101,2,9,0,28,19,0,notebooks,15
control,jacebrowning/datafiles,2025-07,bugs,rule_config_analyzer_profile_signal,paper,a7737126dae693f755013f0fcd11df7867274df6,../control-repos/jacebrowning_datafiles,,101,0,9,0,28,19,0,(root),18
control,jacebrowning/datafiles,2025-07,bugs,rule_config_analyzer_profile_signal,paper,a7737126dae693f755013f0fcd11df7867274df6,../control-repos/jacebrowning_datafiles,,101,0,9,0,28,19,0,docs,16
control,jacebrowning/datafiles,2025-07,bugs,rule_config_analyzer_profile_signal,paper,a7737126dae693f755013f0fcd11df7867274df6,../control-repos/jacebrowning_datafiles,,101,0,9,0,28,19,0,bin,4
control,jacebrowning/datafiles,2025-07,bugs,rule_config_analyzer_profile_signal,paper,a7737126dae693f755013f0fcd11df7867274df6,../control-repos/jacebrowning_datafiles,,101,0,9,0,28,19,0,.github,2
control,jacebrowning/datafiles,2024-05,bugs,rule_config_analyzer_profile_signal,paper,59566a650f2624f2fc214bd9d8b3c5e7d825da57,../control-repos/jacebrowning_datafiles,,100,28,9,0,28,19,0,datafiles,29
control,jacebrowning/datafiles,2024-05,bugs,rule_config_analyzer_profile_signal,paper,59566a650f2624f2fc214bd9d8b3c5e7d825da57,../control-repos/jacebrowning_datafiles,,100,17,9,0,28,19,0,tests,17
control,jacebrowning/datafiles,2024-05,bugs,rule_config_analyzer_profile_signal,paper,59566a650f2624f2fc214bd9d8b3c5e7d825da57,../control-repos/jacebrowning_datafiles,,100,2,9,0,28,19,0,notebooks,14
control,jacebrowning/datafiles,2024-05,bugs,rule_config_analyzer_profile_signal,paper,59566a650f2624f2fc214bd9d8b3c5e7d825da57,../control-repos/jacebrowning_datafiles,,100,0,9,0,28,19,0,(root),18
control,jacebrowning/datafiles,2024-05,bugs,rule_config_analyzer_profile_signal,paper,59566a650f2624f2fc214bd9d8b3c5e7d825da57,../control-repos/jacebrowning_datafiles,,100,0,9,0,28,19,0,docs,16
control,jacebrowning/datafiles,2024-05,bugs,rule_config_analyzer_profile_signal,paper,59566a650f2624f2fc214bd9d8b3c5e7d825da57,../control-repos/jacebrowning_datafiles,,100,0,9,0,28,19,0,bin,4
control,jacebrowning/datafiles,2024-05,bugs,rule_config_analyzer_profile_signal,paper,59566a650f2624f2fc214bd9d8b3c5e7d825da57,../control-repos/jacebrowning_datafiles,,100,0,9,0,28,19,0,.github,2
control,jacebrowning/datafiles,2024-08,bugs,rule_config_analyzer_profile_signal,paper,03281501945c2ae93ad35c5a618178d65bb2d0d8,../control-repos/jacebrowning_datafiles,,100,28,9,0,28,19,0,datafiles,29
control,jacebrowning/datafiles,2024-08,bugs,rule_config_analyzer_profile_signal,paper,03281501945c2ae93ad35c5a618178d65bb2d0d8,../control-repos/jacebrowning_datafiles,,100,17,9,0,28,19,0,tests,17
control,jacebrowning/datafiles,2024-08,bugs,rule_config_analyzer_profile_signal,paper,03281501945c2ae93ad35c5a618178d65bb2d0d8,../control-repos/jacebrowning_datafiles,,100,2,9,0,28,19,0,notebooks,14
control,jacebrowning/datafiles,2024-08,bugs,rule_config_analyzer_profile_signal,paper,03281501945c2ae93ad35c5a618178d65bb2d0d8,../control-repos/jacebrowning_datafiles,,100,0,9,0,28,19,0,(root),18
control,jacebrowning/datafiles,2024-08,bugs,rule_config_analyzer_profile_signal,paper,03281501945c2ae93ad35c5a618178d65bb2d0d8,../control-repos/jacebrowning_datafiles,,100,0,9,0,28,19,0,docs,16
control,jacebrowning/datafiles,2024-08,bugs,rule_config_analyzer_profile_signal,paper,03281501945c2ae93ad35c5a618178d65bb2d0d8,../control-repos/jacebrowning_datafiles,,100,0,9,0,28,19,0,bin,4
control,jacebrowning/datafiles,2024-08,bugs,rule_config_analyzer_profile_signal,paper,03281501945c2ae93ad35c5a618178d65bb2d0d8,../control-repos/jacebrowning_datafiles,,100,0,9,0,28,19,0,.github,2
control,jacebrowning/datafiles,2024-07,bugs,rule_config_analyzer_profile_signal,paper,8840d02caab67fec49efe08a7912d1f39949a100,../control-repos/jacebrowning_datafiles,,100,28,9,0,28,19,0,datafiles,29
control,jacebrowning/datafiles,2024-07,bugs,rule_config_analyzer_profile_signal,paper,8840d02caab67fec49efe08a7912d1f39949a100,../control-repos/jacebrowning_datafiles,,100,17,9,0,28,19,0,tests,17
control,jacebrowning/datafiles,2024-07,bugs,rule_config_analyzer_profile_signal,paper,8840d02caab67fec49efe08a7912d1f39949a100,../control-repos/jacebrowning_datafiles,,100,2,9,0,28,19,0,notebooks,14
control,jacebrowning/datafiles,2024-07,bugs,rule_config_analyzer_profile_signal,paper,8840d02caab67fec49efe08a7912d1f39949a100,../control-repos/jacebrowning_datafiles,,100,0,9,0,28,19,0,(root),18
control,jacebrowning/datafiles,2024-07,bugs,rule_config_analyzer_profile_signal,paper,8840d02caab67fec49efe08a7912d1f39949a100,../control-repos/jacebrowning_datafiles,,100,0,9,0,28,19,0,docs,16
control,jacebrowning/datafiles,2024-07,bugs,rule_config_analyzer_profile_signal,paper,8840d02caab67fec49efe08a7912d1f39949a100,../control-repos/jacebrowning_datafiles,,100,0,9,0,28,19,0,bin,4
control,jacebrowning/datafiles,2024-07,bugs,rule_config_analyzer_profile_signal,paper,8840d02caab67fec49efe08a7912d1f39949a100,../control-repos/jacebrowning_datafiles,,100,0,9,0,28,19,0,.github,2
control,jacebrowning/datafiles,2024-03,bugs,rule_config_analyzer_profile_signal,paper,fc623e81f9e7476938a04e191b471aa90dc11d76,../control-repos/jacebrowning_datafiles,,100,28,9,0,28,19,0,datafiles,29
control,jacebrowning/datafiles,2024-03,bugs,rule_config_analyzer_profile_signal,paper,fc623e81f9e7476938a04e191b471aa90dc11d76,../control-repos/jacebrowning_datafiles,,100,17,9,0,28,19,0,tests,17
control,jacebrowning/datafiles,2024-03,bugs,rule_config_analyzer_profile_signal,paper,fc623e81f9e7476938a04e191b471aa90dc11d76,../control-repos/jacebrowning_datafiles,,100,2,9,0,28,19,0,notebooks,14
control,jacebrowning/datafiles,2024-03,bugs,rule_config_analyzer_profile_signal,paper,fc623e81f9e7476938a04e191b471aa90dc11d76,../control-repos/jacebrowning_datafiles,,100,0,9,0,28,19,0,(root),19
control,jacebrowning/datafiles,2024-03,bugs,rule_config_analyzer_profile_signal,paper,fc623e81f9e7476938a04e191b471aa90dc11d76,../control-repos/jacebrowning_datafiles,,100,0,9,0,28,19,0,docs,16
control,jacebrowning/datafiles,2024-03,bugs,rule_config_analyzer_profile_signal,paper,fc623e81f9e7476938a04e191b471aa90dc11d76,../control-repos/jacebrowning_datafiles,,100,0,9,0,28,19,0,bin,4
control,jacebrowning/datafiles,2024-03,bugs,rule_config_analyzer_profile_signal,paper,fc623e81f9e7476938a04e191b471aa90dc11d76,../control-repos/jacebrowning_datafiles,,100,0,9,0,28,19,0,.github,1
control,jacebrowning/datafiles,2024-01,bugs,rule_config_analyzer_profile_signal,paper,47ae5be927e7c079ca0b9a6b01b811bf9ffcf9bd,../control-repos/jacebrowning_datafiles,,100,28,9,0,28,19,0,datafiles,29
control,jacebrowning/datafiles,2024-01,bugs,rule_config_analyzer_profile_signal,paper,47ae5be927e7c079ca0b9a6b01b811bf9ffcf9bd,../control-repos/jacebrowning_datafiles,,100,17,9,0,28,19,0,tests,17
control,jacebrowning/datafiles,2024-01,bugs,rule_config_analyzer_profile_signal,paper,47ae5be927e7c079ca0b9a6b01b811bf9ffcf9bd,../control-repos/jacebrowning_datafiles,,100,2,9,0,28,19,0,notebooks,14
control,jacebrowning/datafiles,2024-01,bugs,rule_config_analyzer_profile_signal,paper,47ae5be927e7c079ca0b9a6b01b811bf9ffcf9bd,../control-repos/jacebrowning_datafiles,,100,0,9,0,28,19,0,(root),19
control,jacebrowning/datafiles,2024-01,bugs,rule_config_analyzer_profile_signal,paper,47ae5be927e7c079ca0b9a6b01b811bf9ffcf9bd,../control-repos/jacebrowning_datafiles,,100,0,9,0,28,19,0,docs,16
control,jacebrowning/datafiles,2024-01,bugs,rule_config_analyzer_profile_signal,paper,47ae5be927e7c079ca0b9a6b01b811bf9ffcf9bd,../control-repos/jacebrowning_datafiles,,100,0,9,0,28,19,0,bin,4
control,jacebrowning/datafiles,2024-01,bugs,rule_config_analyzer_profile_signal,paper,47ae5be927e7c079ca0b9a6b01b811bf9ffcf9bd,../control-repos/jacebrowning_datafiles,,100,0,9,0,28,19,0,.github,1
control,PennyLaneAI/catalyst,2025-03,code_smells,rule_config_analyzer_profile_signal,paper,d5329df09ed618392f858c17160e1d7833a2588c,../control-repos/PennyLaneAI_catalyst,,761,173,6,0,237,75,33,frontend,202
control,PennyLaneAI/catalyst,2025-03,code_smells,rule_config_analyzer_profile_signal,paper,d5329df09ed618392f858c17160e1d7833a2588c,../control-repos/PennyLaneAI_catalyst,,761,13,6,0,237,75,33,benchmark,18
control,PennyLaneAI/catalyst,2025-03,code_smells,rule_config_analyzer_profile_signal,paper,d5329df09ed618392f858c17160e1d7833a2588c,../control-repos/PennyLaneAI_catalyst,,761,6,6,0,237,75,33,mlir,351
control,PennyLaneAI/catalyst,2025-03,code_smells,rule_config_analyzer_profile_signal,paper,d5329df09ed618392f858c17160e1d7833a2588c,../control-repos/PennyLaneAI_catalyst,,761,4,6,0,237,75,33,bin,4
control,PennyLaneAI/catalyst,2025-03,code_smells,rule_config_analyzer_profile_signal,paper,d5329df09ed618392f858c17160e1d7833a2588c,../control-repos/PennyLaneAI_catalyst,,761,3,6,0,237,75,33,standalone_plugin_wheel,4
control,PennyLaneAI/catalyst,2025-03,code_smells,rule_config_analyzer_profile_signal,paper,d5329df09ed618392f858c17160e1d7833a2588c,../control-repos/PennyLaneAI_catalyst,,761,2,6,0,237,75,33,doc,72
control,PennyLaneAI/catalyst,2025-03,code_smells,rule_config_analyzer_profile_signal,paper,d5329df09ed618392f858c17160e1d7833a2588c,../control-repos/PennyLaneAI_catalyst,,761,2,6,0,237,75,33,.github,38
control,PennyLaneAI/catalyst,2025-03,code_smells,rule_config_analyzer_profile_signal,paper,d5329df09ed618392f858c17160e1d7833a2588c,../control-repos/PennyLaneAI_catalyst,,761,1,6,0,237,75,33,(root),16
control,PennyLaneAI/catalyst,2025-03,code_smells,rule_config_analyzer_profile_signal,paper,d5329df09ed618392f858c17160e1d7833a2588c,../control-repos/PennyLaneAI_catalyst,,761,0,6,0,237,75,33,runtime,50
control,PennyLaneAI/catalyst,2025-03,code_smells,rule_config_analyzer_profile_signal,paper,d5329df09ed618392f858c17160e1d7833a2588c,../control-repos/PennyLaneAI_catalyst,,761,0,6,0,237,75,33,demos,6
control,PennyLaneAI/catalyst,2025-01,code_smells,rule_config_analyzer_profile_signal,paper,d7391b2a18820e80af59095204f668f1758e2278,../control-repos/PennyLaneAI_catalyst,,705,168,6,0,216,73,42,frontend,201
control,PennyLaneAI/catalyst,2025-01,code_smells,rule_config_analyzer_profile_signal,paper,d7391b2a18820e80af59095204f668f1758e2278,../control-repos/PennyLaneAI_catalyst,,705,13,6,0,216,73,42,benchmark,18
control,PennyLaneAI/catalyst,2025-01,code_smells,rule_config_analyzer_profile_signal,paper,d7391b2a18820e80af59095204f668f1758e2278,../control-repos/PennyLaneAI_catalyst,,705,5,6,0,216,73,42,mlir,306
control,PennyLaneAI/catalyst,2025-01,code_smells,rule_config_analyzer_profile_signal,paper,d7391b2a18820e80af59095204f668f1758e2278,../control-repos/PennyLaneAI_catalyst,,705,4,6,0,216,73,42,bin,4
control,PennyLaneAI/catalyst,2025-01,code_smells,rule_config_analyzer_profile_signal,paper,d7391b2a18820e80af59095204f668f1758e2278,../control-repos/PennyLaneAI_catalyst,,705,3,6,0,216,73,42,standalone_plugin_wheel,4
control,PennyLaneAI/catalyst,2025-01,code_smells,rule_config_analyzer_profile_signal,paper,d7391b2a18820e80af59095204f668f1758e2278,../control-repos/PennyLaneAI_catalyst,,705,2,6,0,216,73,42,doc,72
control,PennyLaneAI/catalyst,2025-01,code_smells,rule_config_analyzer_profile_signal,paper,d7391b2a18820e80af59095204f668f1758e2278,../control-repos/PennyLaneAI_catalyst,,705,2,6,0,216,73,42,.github,36
control,PennyLaneAI/catalyst,2025-01,code_smells,rule_config_analyzer_profile_signal,paper,d7391b2a18820e80af59095204f668f1758e2278,../control-repos/PennyLaneAI_catalyst,,705,1,6,0,216,73,42,(root),16
control,PennyLaneAI/catalyst,2025-01,code_smells,rule_config_analyzer_profile_signal,paper,d7391b2a18820e80af59095204f668f1758e2278,../control-repos/PennyLaneAI_catalyst,,705,0,6,0,216,73,42,runtime,42
control,PennyLaneAI/catalyst,2025-01,code_smells,rule_config_analyzer_profile_signal,paper,d7391b2a18820e80af59095204f668f1758e2278,../control-repos/PennyLaneAI_catalyst,,705,0,6,0,216,73,42,demos,6
control,PennyLaneAI/catalyst,2025-02,code_smells,rule_config_analyzer_profile_signal,paper,f4f4105451484b80b4fb3f71dc41ff395c188cce,../control-repos/PennyLaneAI_catalyst,,732,172,6,0,230,73,33,frontend,201
control,PennyLaneAI/catalyst,2025-02,code_smells,rule_config_analyzer_profile_signal,paper,f4f4105451484b80b4fb3f71dc41ff395c188cce,../control-repos/PennyLaneAI_catalyst,,732,13,6,0,230,73,33,benchmark,18
control,PennyLaneAI/catalyst,2025-02,code_smells,rule_config_analyzer_profile_signal,paper,f4f4105451484b80b4fb3f71dc41ff395c188cce,../control-repos/PennyLaneAI_catalyst,,732,5,6,0,230,73,33,mlir,324
control,PennyLaneAI/catalyst,2025-02,code_smells,rule_config_analyzer_profile_signal,paper,f4f4105451484b80b4fb3f71dc41ff395c188cce,../control-repos/PennyLaneAI_catalyst,,732,4,6,0,230,73,33,bin,4
control,PennyLaneAI/catalyst,2025-02,code_smells,rule_config_analyzer_profile_signal,paper,f4f4105451484b80b4fb3f71dc41ff395c188cce,../control-repos/PennyLaneAI_catalyst,,732,3,6,0,230,73,33,standalone_plugin_wheel,4
control,PennyLaneAI/catalyst,2025-02,code_smells,rule_config_analyzer_profile_signal,paper,f4f4105451484b80b4fb3f71dc41ff395c188cce,../control-repos/PennyLaneAI_catalyst,,732,2,6,0,230,73,33,doc,72
control,PennyLaneAI/catalyst,2025-02,code_smells,rule_config_analyzer_profile_signal,paper,f4f4105451484b80b4fb3f71dc41ff395c188cce,../control-repos/PennyLaneAI_catalyst,,732,2,6,0,230,73,33,.github,36
control,PennyLaneAI/catalyst,2025-02,code_smells,rule_config_analyzer_profile_signal,paper,f4f4105451484b80b4fb3f71dc41ff395c188cce,../control-repos/PennyLaneAI_catalyst,,732,1,6,0,230,73,33,(root),16
control,PennyLaneAI/catalyst,2025-02,code_smells,rule_config_analyzer_profile_signal,paper,f4f4105451484b80b4fb3f71dc41ff395c188cce,../control-repos/PennyLaneAI_catalyst,,732,0,6,0,230,73,33,runtime,51
control,PennyLaneAI/catalyst,2025-02,code_smells,rule_config_analyzer_profile_signal,paper,f4f4105451484b80b4fb3f71dc41ff395c188cce,../control-repos/PennyLaneAI_catalyst,,732,0,6,0,230,73,33,demos,6
control,PennyLaneAI/catalyst,2024-12,code_smells,rule_config_analyzer_profile_signal,paper,4ab437d35491088597bb6f2e4261bab3c3cedc2b,../control-repos/PennyLaneAI_catalyst,,704,167,6,0,215,72,45,frontend,200
control,PennyLaneAI/catalyst,2024-12,code_smells,rule_config_analyzer_profile_signal,paper,4ab437d35491088597bb6f2e4261bab3c3cedc2b,../control-repos/PennyLaneAI_catalyst,,704,13,6,0,215,72,45,benchmark,18
control,PennyLaneAI/catalyst,2024-12,code_smells,rule_config_analyzer_profile_signal,paper,4ab437d35491088597bb6f2e4261bab3c3cedc2b,../control-repos/PennyLaneAI_catalyst,,704,5,6,0,215,72,45,mlir,305
control,PennyLaneAI/catalyst,2024-12,code_smells,rule_config_analyzer_profile_signal,paper,4ab437d35491088597bb6f2e4261bab3c3cedc2b,../control-repos/PennyLaneAI_catalyst,,704,4,6,0,215,72,45,bin,4
control,PennyLaneAI/catalyst,2024-12,code_smells,rule_config_analyzer_profile_signal,paper,4ab437d35491088597bb6f2e4261bab3c3cedc2b,../control-repos/PennyLaneAI_catalyst,,704,3,6,0,215,72,45,standalone_plugin_wheel,4
control,PennyLaneAI/catalyst,2024-12,code_smells,rule_config_analyzer_profile_signal,paper,4ab437d35491088597bb6f2e4261bab3c3cedc2b,../control-repos/PennyLaneAI_catalyst,,704,2,6,0,215,72,45,doc,71
control,PennyLaneAI/catalyst,2024-12,code_smells,rule_config_analyzer_profile_signal,paper,4ab437d35491088597bb6f2e4261bab3c3cedc2b,../control-repos/PennyLaneAI_catalyst,,704,2,6,0,215,72,45,.github,38
control,PennyLaneAI/catalyst,2024-12,code_smells,rule_config_analyzer_profile_signal,paper,4ab437d35491088597bb6f2e4261bab3c3cedc2b,../control-repos/PennyLaneAI_catalyst,,704,1,6,0,215,72,45,(root),16
control,PennyLaneAI/catalyst,2024-12,code_smells,rule_config_analyzer_profile_signal,paper,4ab437d35491088597bb6f2e4261bab3c3cedc2b,../control-repos/PennyLaneAI_catalyst,,704,0,6,0,215,72,45,runtime,42
control,PennyLaneAI/catalyst,2024-12,code_smells,rule_config_analyzer_profile_signal,paper,4ab437d35491088597bb6f2e4261bab3c3cedc2b,../control-repos/PennyLaneAI_catalyst,,704,0,6,0,215,72,45,demos,6
treatment,cgevans/qslib,2025-05,static_analysis_warnings,paper_commit_missing,our,d02b38180d3a4f06775d13e613b0f382447d7c6b,../treatment-repos/cgevans_qslib,,7,0,0,0,0,1,0,(root),5
treatment,cgevans/qslib,2025-05,static_analysis_warnings,paper_commit_missing,our,d02b38180d3a4f06775d13e613b0f382447d7c6b,../treatment-repos/cgevans_qslib,,7,0,0,0,0,1,0,src,2
treatment,cgevans/qslib,2025-05,code_smells,paper_commit_missing,our,d02b38180d3a4f06775d13e613b0f382447d7c6b,../treatment-repos/cgevans_qslib,,7,0,0,0,0,1,0,(root),5
treatment,cgevans/qslib,2025-05,code_smells,paper_commit_missing,our,d02b38180d3a4f06775d13e613b0f382447d7c6b,../treatment-repos/cgevans_qslib,,7,0,0,0,0,1,0,src,2
