dataset_source,rows,repos,mean_commits,mean_lines_added,mean_log_commits,mean_log_lines_added,mean_contributors_log,panel
treatment,3372,378,93.3505338078292,61420.2838078292,3.4322209016702,8.60346846005663,1.45552866707995,main_unbalanced
control,2871,393,40.6489028213166,16063.1954022989,2.7216720854221,7.0868509220579,1.26176389258068,main_unbalanced
treatment,4988,378,63.107056936648,41521.490978348,2.32025839623736,5.81613786032698,0.983970061225661,main_balanced
control,7242,447,16.1147473073737,6368.0521955261,1.07897273643287,2.80949309544714,0.500210457829211,main_balanced
treatment,2925,336,91.5275213675214,60313.4526495727,3.41946094674912,8.61232589767853,1.46241683703661,strict_1to3_unbalanced
control,2573,354,38.5717061795569,14885.0932763311,2.67461975908335,6.98803624597249,1.26034255707248,strict_1to3_unbalanced
treatment,4398,336,60.8726693951796,40112.97157799,2.27419810578471,5.72784294013409,0.972616927769913,strict_1to3_balanced
control,6568,404,15.1103836784409,5831.20356272838,1.04777658954346,2.73754830403277,0.493736510253881,strict_1to3_balanced
