dataset_source,rows,repos,mean_commits,mean_lines_added,mean_log_commits,mean_log_lines_added,mean_contributors_log
treatment,2925,336,91.5275213675214,60313.4526495727,3.41946094674912,8.61232589767853,1.46241683703661
control,2573,354,38.5717061795569,14885.0932763311,2.67461975908335,6.98803624597249,1.26034255707248
