outcome_label,estimate,std_error,conf_low,conf_high,percent_change,conf_low_percent,conf_high_percent,p_value_final,stars,ci_excludes_zero,effect_percent_ci
Static analysis warnings,0.0486485092775415,0.0443535398843387,-0.0382844288957624,0.135581447450845,4.985127289772451,-3.756084354956546,14.520246585762674,0.27271358276688895,,False,"5.0% [-3.8%, 14.5%]"
Duplicate line density,0.0386256840739803,0.0716125030539181,-0.101734821911699,0.17898619005966,3.9381353832010024,-9.673095292786915,19.60042273068099,0.5896311116868638,,False,"3.9% [-9.7%, 19.6%]"
Code complexity,0.159332786056825,0.0494923409076567,0.0623277978778177,0.256337774235832,17.27281493266586,6.431116649510749,29.218912242752594,0.0012848501568363258,**,True,"17.3%** [6.4%, 29.2%]"
