dataset_source,rows,repos,mean_commits,mean_lines_added,mean_log_commits,mean_log_lines_added,mean_contributors_log
treatment,4398,336,60.8726693951796,40112.97157799,2.27419810578471,5.72784294013409,0.972616927769913
control,6568,404,15.1103836784409,5831.20356272838,1.04777658954346,2.73754830403277,0.493736510253881
