repo_name,time,dataset_source,ever_treated,is_treatment,is_treatment_dynamic,event,post_event,time_to_event,lead_6,lead_5,lead_4,lead_3,lead_2,lead_1,lag_0,lag_1,lag_2,lag_3,lag_4,lag_5,lag_6,cursor,commits,lines_added,lines_removed,contributors,matched_as_control,matched_treatment_repos,match_ranks,matched_periods
1mrat/cursor-taskrunner,2024-08,treatment,1,1,1,2024-08,1,0,0,0,0,0,0,0,1,0,0,0,0,0,0,True,4.0,264.0,8.0,1.0,,,,
1mrat/cursor-taskrunner,2024-09,treatment,1,1,0,2024-08,1,1,0,0,0,0,0,0,0,1,0,0,0,0,0,False,0.0,0.0,0.0,0.0,,,,
1mrat/cursor-taskrunner,2024-10,treatment,1,1,0,2024-08,1,2,0,0,0,0,0,0,0,0,1,0,0,0,0,False,0.0,0.0,0.0,0.0,,,,
1mrat/cursor-taskrunner,2024-11,treatment,1,1,0,2024-08,1,3,0,0,0,0,0,0,0,0,0,1,0,0,0,False,0.0,0.0,0.0,0.0,,,,
1mrat/cursor-taskrunner,2024-12,treatment,1,1,0,2024-08,1,4,0,0,0,0,0,0,0,0,0,0,1,0,0,False,0.0,0.0,0.0,0.0,,,,
1mrat/cursor-taskrunner,2025-01,treatment,1,1,0,2024-08,1,5,0,0,0,0,0,0,0,0,0,0,0,1,0,False,0.0,0.0,0.0,0.0,,,,
1mrat/cursor-taskrunner,2025-02,treatment,1,1,0,2024-08,1,6,0,0,0,0,0,0,0,0,0,0,0,0,1,False,0.0,0.0,0.0,0.0,,,,
1mrat/cursor-taskrunner,2025-03,treatment,1,1,0,2024-08,1,7,0,0,0,0,0,0,0,0,0,0,0,0,1,False,0.0,0.0,0.0,0.0,,,,
1mrat/cursor-taskrunner,2025-04,treatment,1,1,0,2024-08,1,8,0,0,0,0,0,0,0,0,0,0,0,0,1,False,0.0,0.0,0.0,0.0,,,,
1mrat/cursor-taskrunner,2025-05,treatment,1,1,0,2024-08,1,9,0,0,0,0,0,0,0,0,0,0,0,0,1,False,0.0,0.0,0.0,0.0,,,,
1mrat/cursor-taskrunner,2025-06,treatment,1,1,0,2024-08,1,10,0,0,0,0,0,0,0,0,0,0,0,0,1,False,0.0,0.0,0.0,0.0,,,,
1mrat/cursor-taskrunner,2025-07,treatment,1,1,0,2024-08,1,11,0,0,0,0,0,0,0,0,0,0,0,0,1,False,0.0,0.0,0.0,0.0,,,,
1mrat/cursor-taskrunner,2025-08,treatment,1,1,0,2024-08,1,12,0,0,0,0,0,0,0,0,0,0,0,0,1,False,0.0,0.0,0.0,0.0,,,,
Anemll/Anemll,2025-02,treatment,1,1,1,2025-02,1,0,0,0,0,0,0,0,1,0,0,0,0,0,0,True,8.0,2742.0,701.0,2.0,,,,
Anemll/Anemll,2025-03,treatment,1,1,0,2025-02,1,1,0,0,0,0,0,0,0,1,0,0,0,0,0,False,0.0,0.0,0.0,0.0,,,,
Anemll/Anemll,2025-04,treatment,1,1,1,2025-02,1,2,0,0,0,0,0,0,0,0,1,0,0,0,0,True,5.0,23138.0,423.0,2.0,,,,
Anemll/Anemll,2025-05,treatment,1,1,0,2025-02,1,3,0,0,0,0,0,0,0,0,0,1,0,0,0,False,1.0,2.0,2.0,1.0,,,,
Anemll/Anemll,2025-06,treatment,1,1,1,2025-02,1,4,0,0,0,0,0,0,0,0,0,0,1,0,0,True,65.0,91287.0,9154.0,3.0,,,,
Anemll/Anemll,2025-07,treatment,1,1,0,2025-02,1,5,0,0,0,0,0,0,0,0,0,0,0,1,0,False,1.0,5389.0,567.0,1.0,,,,
Anemll/Anemll,2025-08,treatment,1,1,0,2025-02,1,6,0,0,0,0,0,0,0,0,0,0,0,0,1,False,0.0,0.0,0.0,0.0,,,,
Apocrathia/home-assistant-config,2024-01,treatment,1,0,0,2025-02,0,-13,1,0,0,0,0,0,0,0,0,0,0,0,0,False,5.0,32.0,22.0,1.0,,,,
Apocrathia/home-assistant-config,2024-02,treatment,1,0,0,2025-02,0,-12,1,0,0,0,0,0,0,0,0,0,0,0,0,False,1.0,1.0,1.0,1.0,,,,
Apocrathia/home-assistant-config,2024-03,treatment,1,0,0,2025-02,0,-11,1,0,0,0,0,0,0,0,0,0,0,0,0,False,3.0,14.0,147.0,1.0,,,,
Apocrathia/home-assistant-config,2024-04,treatment,1,0,0,2025-02,0,-10,1,0,0,0,0,0,0,0,0,0,0,0,0,False,6.0,108.0,40.0,1.0,,,,
Apocrathia/home-assistant-config,2024-05,treatment,1,0,0,2025-02,0,-9,1,0,0,0,0,0,0,0,0,0,0,0,0,False,17.0,120.0,46.0,4.0,,,,
Apocrathia/home-assistant-config,2024-06,treatment,1,0,0,2025-02,0,-8,1,0,0,0,0,0,0,0,0,0,0,0,0,False,1.0,5.0,5.0,1.0,,,,
Apocrathia/home-assistant-config,2024-07,treatment,1,0,0,2025-02,0,-7,1,0,0,0,0,0,0,0,0,0,0,0,0,False,17.0,500.0,61.0,3.0,,,,
Apocrathia/home-assistant-config,2024-08,treatment,1,0,0,2025-02,0,-6,1,0,0,0,0,0,0,0,0,0,0,0,0,False,0.0,0.0,0.0,0.0,,,,
Apocrathia/home-assistant-config,2024-09,treatment,1,0,0,2025-02,0,-5,0,1,0,0,0,0,0,0,0,0,0,0,0,False,0.0,0.0,0.0,0.0,,,,
Apocrathia/home-assistant-config,2024-10,treatment,1,0,0,2025-02,0,-4,0,0,1,0,0,0,0,0,0,0,0,0,0,False,1.0,5.0,5.0,1.0,,,,
Apocrathia/home-assistant-config,2024-11,treatment,1,0,0,2025-02,0,-3,0,0,0,1,0,0,0,0,0,0,0,0,0,False,46.0,315.0,450.0,3.0,,,,
Apocrathia/home-assistant-config,2024-12,treatment,1,0,0,2025-02,0,-2,0,0,0,0,1,0,0,0,0,0,0,0,0,False,2.0,26.0,8.0,1.0,,,,
Apocrathia/home-assistant-config,2025-01,treatment,1,0,0,2025-02,0,-1,0,0,0,0,0,1,0,0,0,0,0,0,0,False,22.0,465.0,213.0,2.0,,,,
Apocrathia/home-assistant-config,2025-02,treatment,1,1,1,2025-02,1,0,0,0,0,0,0,0,1,0,0,0,0,0,0,True,7.0,207.0,78.0,1.0,,,,
Apocrathia/home-assistant-config,2025-03,treatment,1,1,0,2025-02,1,1,0,0,0,0,0,0,0,1,0,0,0,0,0,False,4.0,16.0,9.0,1.0,,,,
Apocrathia/home-assistant-config,2025-04,treatment,1,1,0,2025-02,1,2,0,0,0,0,0,0,0,0,1,0,0,0,0,False,0.0,0.0,0.0,0.0,,,,
Apocrathia/home-assistant-config,2025-05,treatment,1,1,0,2025-02,1,3,0,0,0,0,0,0,0,0,0,1,0,0,0,False,1.0,1.0,1.0,1.0,,,,
Apocrathia/home-assistant-config,2025-06,treatment,1,1,0,2025-02,1,4,0,0,0,0,0,0,0,0,0,0,1,0,0,False,1.0,14.0,2.0,1.0,,,,
Apocrathia/home-assistant-config,2025-07,treatment,1,1,0,2025-02,1,5,0,0,0,0,0,0,0,0,0,0,0,1,0,False,26.0,855.0,159.0,3.0,,,,
Apocrathia/home-assistant-config,2025-08,treatment,1,1,0,2025-02,1,6,0,0,0,0,0,0,0,0,0,0,0,0,1,False,7.0,133.0,35.0,3.0,,,,
Aronnaxx/Behold-Urwar-Droid-Concepts,2025-03,treatment,1,1,1,2025-03,1,0,0,0,0,0,0,0,1,0,0,0,0,0,0,True,64.0,357094.0,344695.0,3.0,,,,
Aronnaxx/Behold-Urwar-Droid-Concepts,2025-04,treatment,1,1,0,2025-03,1,1,0,0,0,0,0,0,0,1,0,0,0,0,0,False,2.0,3.0,1.0,1.0,,,,
Aronnaxx/Behold-Urwar-Droid-Concepts,2025-05,treatment,1,1,0,2025-03,1,2,0,0,0,0,0,0,0,0,1,0,0,0,0,False,0.0,0.0,0.0,0.0,,,,
Aronnaxx/Behold-Urwar-Droid-Concepts,2025-06,treatment,1,1,0,2025-03,1,3,0,0,0,0,0,0,0,0,0,1,0,0,0,False,1.0,3.0,3.0,1.0,,,,
Aronnaxx/Behold-Urwar-Droid-Concepts,2025-07,treatment,1,1,0,2025-03,1,4,0,0,0,0,0,0,0,0,0,0,1,0,0,False,0.0,0.0,0.0,0.0,,,,
Aronnaxx/Behold-Urwar-Droid-Concepts,2025-08,treatment,1,1,0,2025-03,1,5,0,0,0,0,0,0,0,0,0,0,0,1,0,False,1.0,1009.0,1.0,1.0,,,,
Chocksy/qc-options-framework,2024-04,treatment,1,0,0,2025-03,0,-11,1,0,0,0,0,0,0,0,0,0,0,0,0,False,4.0,7346.0,12.0,1.0,,,,
Chocksy/qc-options-framework,2024-05,treatment,1,0,0,2025-03,0,-10,1,0,0,0,0,0,0,0,0,0,0,0,0,False,0.0,0.0,0.0,0.0,,,,
Chocksy/qc-options-framework,2024-06,treatment,1,0,0,2025-03,0,-9,1,0,0,0,0,0,0,0,0,0,0,0,0,False,11.0,462.0,501.0,2.0,,,,
Chocksy/qc-options-framework,2024-07,treatment,1,0,0,2025-03,0,-8,1,0,0,0,0,0,0,0,0,0,0,0,0,False,5.0,246.0,159.0,2.0,,,,
Chocksy/qc-options-framework,2024-08,treatment,1,0,0,2025-03,0,-7,1,0,0,0,0,0,0,0,0,0,0,0,0,False,18.0,4116.0,1083.0,3.0,,,,
Chocksy/qc-options-framework,2024-09,treatment,1,0,0,2025-03,0,-6,1,0,0,0,0,0,0,0,0,0,0,0,0,False,16.0,1088.0,608.0,2.0,,,,
Chocksy/qc-options-framework,2024-10,treatment,1,0,0,2025-03,0,-5,0,1,0,0,0,0,0,0,0,0,0,0,0,False,2.0,46.0,14.0,1.0,,,,
Chocksy/qc-options-framework,2024-11,treatment,1,0,0,2025-03,0,-4,0,0,1,0,0,0,0,0,0,0,0,0,0,False,27.0,8666.0,1236.0,1.0,,,,
Chocksy/qc-options-framework,2024-12,treatment,1,0,0,2025-03,0,-3,0,0,0,1,0,0,0,0,0,0,0,0,0,False,9.0,316.0,148.0,1.0,,,,
Chocksy/qc-options-framework,2025-01,treatment,1,0,0,2025-03,0,-2,0,0,0,0,1,0,0,0,0,0,0,0,0,False,3.0,73.0,7.0,2.0,,,,
Chocksy/qc-options-framework,2025-02,treatment,1,0,0,2025-03,0,-1,0,0,0,0,0,1,0,0,0,0,0,0,0,False,0.0,0.0,0.0,0.0,,,,
Chocksy/qc-options-framework,2025-03,treatment,1,1,1,2025-03,1,0,0,0,0,0,0,0,1,0,0,0,0,0,0,True,5.0,6077.0,1105.0,1.0,,,,
Chocksy/qc-options-framework,2025-04,treatment,1,1,0,2025-03,1,1,0,0,0,0,0,0,0,1,0,0,0,0,0,False,0.0,0.0,0.0,0.0,,,,
Chocksy/qc-options-framework,2025-05,treatment,1,1,0,2025-03,1,2,0,0,0,0,0,0,0,0,1,0,0,0,0,False,0.0,0.0,0.0,0.0,,,,
Chocksy/qc-options-framework,2025-06,treatment,1,1,0,2025-03,1,3,0,0,0,0,0,0,0,0,0,1,0,0,0,False,0.0,0.0,0.0,0.0,,,,
Chocksy/qc-options-framework,2025-07,treatment,1,1,0,2025-03,1,4,0,0,0,0,0,0,0,0,0,0,1,0,0,False,0.0,0.0,0.0,0.0,,,,
Chocksy/qc-options-framework,2025-08,treatment,1,1,0,2025-03,1,5,0,0,0,0,0,0,0,0,0,0,0,1,0,False,0.0,0.0,0.0,0.0,,,,
DannyMac180/mirror,2024-12,treatment,1,1,1,2024-12,1,0,0,0,0,0,0,0,1,0,0,0,0,0,0,True,15.0,7096.0,1779.0,1.0,,,,
DannyMac180/mirror,2025-01,treatment,1,1,0,2024-12,1,1,0,0,0,0,0,0,0,1,0,0,0,0,0,False,0.0,0.0,0.0,0.0,,,,
DannyMac180/mirror,2025-02,treatment,1,1,0,2024-12,1,2,0,0,0,0,0,0,0,0,1,0,0,0,0,False,0.0,0.0,0.0,0.0,,,,
DannyMac180/mirror,2025-03,treatment,1,1,0,2024-12,1,3,0,0,0,0,0,0,0,0,0,1,0,0,0,False,0.0,0.0,0.0,0.0,,,,
DannyMac180/mirror,2025-04,treatment,1,1,0,2024-12,1,4,0,0,0,0,0,0,0,0,0,0,1,0,0,False,0.0,0.0,0.0,0.0,,,,
DannyMac180/mirror,2025-05,treatment,1,1,0,2024-12,1,5,0,0,0,0,0,0,0,0,0,0,0,1,0,False,0.0,0.0,0.0,0.0,,,,
DannyMac180/mirror,2025-06,treatment,1,1,0,2024-12,1,6,0,0,0,0,0,0,0,0,0,0,0,0,1,False,0.0,0.0,0.0,0.0,,,,
DannyMac180/mirror,2025-07,treatment,1,1,0,2024-12,1,7,0,0,0,0,0,0,0,0,0,0,0,0,1,False,0.0,0.0,0.0,0.0,,,,
DannyMac180/mirror,2025-08,treatment,1,1,0,2024-12,1,8,0,0,0,0,0,0,0,0,0,0,0,0,1,False,0.0,0.0,0.0,0.0,,,,
DataDog/integrations-core,2024-01,treatment,1,0,0,2025-03,0,-14,1,0,0,0,0,0,0,0,0,0,0,0,0,False,235.0,48568.0,7872.0,45.0,,,,
DataDog/integrations-core,2024-02,treatment,1,0,0,2025-03,0,-13,1,0,0,0,0,0,0,0,0,0,0,0,0,False,199.0,44603.0,13161.0,51.0,,,,
DataDog/integrations-core,2024-03,treatment,1,0,0,2025-03,0,-12,1,0,0,0,0,0,0,0,0,0,0,0,0,False,220.0,115076.0,16734.0,52.0,,,,
DataDog/integrations-core,2024-04,treatment,1,0,0,2025-03,0,-11,1,0,0,0,0,0,0,0,0,0,0,0,0,False,110.0,21104.0,3587.0,37.0,,,,
DataDog/integrations-core,2024-05,treatment,1,0,0,2025-03,0,-10,1,0,0,0,0,0,0,0,0,0,0,0,0,False,141.0,29120.0,3821.0,45.0,,,,
DataDog/integrations-core,2024-06,treatment,1,0,0,2025-03,0,-9,1,0,0,0,0,0,0,0,0,0,0,0,0,False,155.0,13412.0,4653.0,44.0,,,,
DataDog/integrations-core,2024-07,treatment,1,0,0,2025-03,0,-8,1,0,0,0,0,0,0,0,0,0,0,0,0,False,148.0,108977.0,6988.0,53.0,,,,
DataDog/integrations-core,2024-08,treatment,1,0,0,2025-03,0,-7,1,0,0,0,0,0,0,0,0,0,0,0,0,False,209.0,59996.0,5918.0,53.0,,,,
DataDog/integrations-core,2024-09,treatment,1,0,0,2025-03,0,-6,1,0,0,0,0,0,0,0,0,0,0,0,0,False,171.0,114966.0,22299.0,53.0,,,,
DataDog/integrations-core,2024-10,treatment,1,0,0,2025-03,0,-5,0,1,0,0,0,0,0,0,0,0,0,0,0,False,141.0,100590.0,78175.0,55.0,,,,
DataDog/integrations-core,2024-11,treatment,1,0,0,2025-03,0,-4,0,0,1,0,0,0,0,0,0,0,0,0,0,False,128.0,82686.0,5126.0,51.0,,,,
DataDog/integrations-core,2024-12,treatment,1,0,0,2025-03,0,-3,0,0,0,1,0,0,0,0,0,0,0,0,0,False,111.0,59478.0,2322.0,46.0,,,,
DataDog/integrations-core,2025-01,treatment,1,0,0,2025-03,0,-2,0,0,0,0,1,0,0,0,0,0,0,0,0,False,137.0,73303.0,6537.0,41.0,,,,
DataDog/integrations-core,2025-02,treatment,1,0,0,2025-03,0,-1,0,0,0,0,0,1,0,0,0,0,0,0,0,False,153.0,97879.0,4721.0,48.0,,,,
DataDog/integrations-core,2025-03,treatment,1,1,1,2025-03,1,0,0,0,0,0,0,0,1,0,0,0,0,0,0,True,149.0,55897.0,6165.0,61.0,,,,
DataDog/integrations-core,2025-04,treatment,1,1,1,2025-03,1,1,0,0,0,0,0,0,0,1,0,0,0,0,0,True,154.0,46834.0,3096.0,61.0,,,,
DataDog/integrations-core,2025-05,treatment,1,1,1,2025-03,1,2,0,0,0,0,0,0,0,0,1,0,0,0,0,True,162.0,116050.0,8249.0,59.0,,,,
DataDog/integrations-core,2025-06,treatment,1,1,1,2025-03,1,3,0,0,0,0,0,0,0,0,0,1,0,0,0,True,142.0,79085.0,9677.0,70.0,,,,
DataDog/integrations-core,2025-07,treatment,1,1,1,2025-03,1,4,0,0,0,0,0,0,0,0,0,0,1,0,0,True,173.0,103880.0,19789.0,57.0,,,,
DataDog/integrations-core,2025-08,treatment,1,1,0,2025-03,1,5,0,0,0,0,0,0,0,0,0,0,0,1,0,False,169.0,93802.0,37434.0,71.0,,,,
DataScienceUIBK/Rankify,2025-02,treatment,1,0,0,2025-03,0,-1,0,0,0,0,0,1,0,0,0,0,0,0,0,False,79.0,9035.0,5653.0,4.0,,,,
DataScienceUIBK/Rankify,2025-03,treatment,1,1,1,2025-03,1,0,0,0,0,0,0,0,1,0,0,0,0,0,0,True,47.0,4648.0,2673.0,3.0,,,,
DataScienceUIBK/Rankify,2025-04,treatment,1,1,0,2025-03,1,1,0,0,0,0,0,0,0,1,0,0,0,0,0,False,22.0,276.0,83.0,3.0,,,,
DataScienceUIBK/Rankify,2025-05,treatment,1,1,0,2025-03,1,2,0,0,0,0,0,0,0,0,1,0,0,0,0,False,37.0,5551.0,839.0,4.0,,,,
DataScienceUIBK/Rankify,2025-06,treatment,1,1,0,2025-03,1,3,0,0,0,0,0,0,0,0,0,1,0,0,0,False,76.0,29160.0,7807.0,8.0,,,,
DataScienceUIBK/Rankify,2025-07,treatment,1,1,0,2025-03,1,4,0,0,0,0,0,0,0,0,0,0,1,0,0,False,7.0,2649417.0,1064.0,3.0,,,,
DataScienceUIBK/Rankify,2025-08,treatment,1,1,0,2025-03,1,5,0,0,0,0,0,0,0,0,0,0,0,1,0,False,40.0,3130.0,2648080.0,4.0,,,,
Elevate-Code/better-voice-typing,2024-10,treatment,1,1,1,2024-10,1,0,0,0,0,0,0,0,1,0,0,0,0,0,0,True,1.0,0.0,0.0,1.0,,,,
Elevate-Code/better-voice-typing,2024-11,treatment,1,1,1,2024-10,1,1,0,0,0,0,0,0,0,1,0,0,0,0,0,True,12.0,2001.0,1726.0,1.0,,,,
Elevate-Code/better-voice-typing,2024-12,treatment,1,1,0,2024-10,1,2,0,0,0,0,0,0,0,0,1,0,0,0,0,False,1.0,1.0,0.0,1.0,,,,
Elevate-Code/better-voice-typing,2025-01,treatment,1,1,0,2024-10,1,3,0,0,0,0,0,0,0,0,0,1,0,0,0,False,1.0,52.0,7.0,1.0,,,,
Elevate-Code/better-voice-typing,2025-02,treatment,1,1,0,2024-10,1,4,0,0,0,0,0,0,0,0,0,0,1,0,0,False,2.0,66.0,20.0,1.0,,,,
Elevate-Code/better-voice-typing,2025-03,treatment,1,1,1,2024-10,1,5,0,0,0,0,0,0,0,0,0,0,0,1,0,True,5.0,710.0,404.0,1.0,,,,
Elevate-Code/better-voice-typing,2025-04,treatment,1,1,0,2024-10,1,6,0,0,0,0,0,0,0,0,0,0,0,0,1,False,0.0,0.0,0.0,0.0,,,,
Elevate-Code/better-voice-typing,2025-05,treatment,1,1,0,2024-10,1,7,0,0,0,0,0,0,0,0,0,0,0,0,1,False,0.0,0.0,0.0,0.0,,,,
Elevate-Code/better-voice-typing,2025-06,treatment,1,1,1,2024-10,1,8,0,0,0,0,0,0,0,0,0,0,0,0,1,True,6.0,1380.0,223.0,1.0,,,,
Elevate-Code/better-voice-typing,2025-07,treatment,1,1,0,2024-10,1,9,0,0,0,0,0,0,0,0,0,0,0,0,1,False,7.0,467.0,138.0,1.0,,,,
Elevate-Code/better-voice-typing,2025-08,treatment,1,1,0,2024-10,1,10,0,0,0,0,0,0,0,0,0,0,0,0,1,False,2.0,486.0,227.0,1.0,,,,
Hankanman/Area-Occupancy-Detection,2024-11,treatment,1,0,0,2024-12,0,-1,0,0,0,0,0,1,0,0,0,0,0,0,0,False,43.0,13664.0,7720.0,2.0,,,,
Hankanman/Area-Occupancy-Detection,2024-12,treatment,1,1,1,2024-12,1,0,0,0,0,0,0,0,1,0,0,0,0,0,0,True,144.0,31582.0,28221.0,2.0,,,,
Hankanman/Area-Occupancy-Detection,2025-01,treatment,1,1,0,2024-12,1,1,0,0,0,0,0,0,0,1,0,0,0,0,0,False,0.0,0.0,0.0,0.0,,,,
Hankanman/Area-Occupancy-Detection,2025-02,treatment,1,1,0,2024-12,1,2,0,0,0,0,0,0,0,0,1,0,0,0,0,False,7.0,3084.0,2128.0,1.0,,,,
Hankanman/Area-Occupancy-Detection,2025-03,treatment,1,1,0,2024-12,1,3,0,0,0,0,0,0,0,0,0,1,0,0,0,False,8.0,4239.0,2505.0,2.0,,,,
Hankanman/Area-Occupancy-Detection,2025-04,treatment,1,1,1,2024-12,1,4,0,0,0,0,0,0,0,0,0,0,1,0,0,True,81.0,30102.0,15525.0,2.0,,,,
Hankanman/Area-Occupancy-Detection,2025-05,treatment,1,1,1,2024-12,1,5,0,0,0,0,0,0,0,0,0,0,0,1,0,True,18.0,4922.0,2725.0,2.0,,,,
Hankanman/Area-Occupancy-Detection,2025-06,treatment,1,1,1,2024-12,1,6,0,0,0,0,0,0,0,0,0,0,0,0,1,True,136.0,96517.0,63738.0,3.0,,,,
Hankanman/Area-Occupancy-Detection,2025-07,treatment,1,1,0,2024-12,1,7,0,0,0,0,0,0,0,0,0,0,0,0,1,False,141.0,44597.0,37764.0,3.0,,,,
Hankanman/Area-Occupancy-Detection,2025-08,treatment,1,1,0,2024-12,1,8,0,0,0,0,0,0,0,0,0,0,0,0,1,False,57.0,27296.0,37906.0,3.0,,,,
Kiln-AI/Kiln,2024-08,treatment,1,0,0,2025-01,0,-5,0,1,0,0,0,0,0,0,0,0,0,0,0,False,160.0,9596.0,1499.0,2.0,,,,
Kiln-AI/Kiln,2024-09,treatment,1,0,0,2025-01,0,-4,0,0,1,0,0,0,0,0,0,0,0,0,0,False,58.0,4016.0,1297.0,2.0,,,,
Kiln-AI/Kiln,2024-10,treatment,1,0,0,2025-01,0,-3,0,0,0,1,0,0,0,0,0,0,0,0,0,False,306.0,46885.0,14728.0,2.0,,,,
Kiln-AI/Kiln,2024-11,treatment,1,0,0,2025-01,0,-2,0,0,0,0,1,0,0,0,0,0,0,0,0,False,238.0,23224.0,3121.0,2.0,,,,
Kiln-AI/Kiln,2024-12,treatment,1,0,0,2025-01,0,-1,0,0,0,0,0,1,0,0,0,0,0,0,0,False,189.0,29627.0,4455.0,4.0,,,,
Kiln-AI/Kiln,2025-01,treatment,1,1,1,2025-01,1,0,0,0,0,0,0,0,1,0,0,0,0,0,0,True,111.0,6877.0,2338.0,6.0,,,,
Kiln-AI/Kiln,2025-02,treatment,1,1,1,2025-01,1,1,0,0,0,0,0,0,0,1,0,0,0,0,0,True,247.0,42187.0,11148.0,4.0,,,,
Kiln-AI/Kiln,2025-03,treatment,1,1,1,2025-01,1,2,0,0,0,0,0,0,0,0,1,0,0,0,0,True,172.0,27697.0,8362.0,4.0,,,,
Kiln-AI/Kiln,2025-04,treatment,1,1,0,2025-01,1,3,0,0,0,0,0,0,0,0,0,1,0,0,0,False,108.0,10998.0,2953.0,4.0,,,,
Kiln-AI/Kiln,2025-05,treatment,1,1,1,2025-01,1,4,0,0,0,0,0,0,0,0,0,0,1,0,0,True,180.0,19780.0,4559.0,5.0,,,,
Kiln-AI/Kiln,2025-06,treatment,1,1,1,2025-01,1,5,0,0,0,0,0,0,0,0,0,0,0,1,0,True,317.0,33217.0,11744.0,5.0,,,,
Kiln-AI/Kiln,2025-07,treatment,1,1,1,2025-01,1,6,0,0,0,0,0,0,0,0,0,0,0,0,1,True,337.0,65576.0,16036.0,7.0,,,,
Kiln-AI/Kiln,2025-08,treatment,1,1,1,2025-01,1,7,0,0,0,0,0,0,0,0,0,0,0,0,1,True,415.0,125629.0,40777.0,10.0,,,,
KroMiose/nekro-agent,2024-07,treatment,1,0,0,2025-01,0,-6,1,0,0,0,0,0,0,0,0,0,0,0,0,False,7.0,2085.0,1169.0,1.0,,,,
KroMiose/nekro-agent,2024-08,treatment,1,0,0,2025-01,0,-5,0,1,0,0,0,0,0,0,0,0,0,0,0,False,35.0,5745.0,3158.0,2.0,,,,
KroMiose/nekro-agent,2024-09,treatment,1,0,0,2025-01,0,-4,0,0,1,0,0,0,0,0,0,0,0,0,0,False,49.0,2404.0,311.0,1.0,,,,
KroMiose/nekro-agent,2024-10,treatment,1,0,0,2025-01,0,-3,0,0,0,1,0,0,0,0,0,0,0,0,0,False,23.0,517.0,178.0,3.0,,,,
KroMiose/nekro-agent,2024-11,treatment,1,0,0,2025-01,0,-2,0,0,0,0,1,0,0,0,0,0,0,0,0,False,12.0,1291.0,81.0,1.0,,,,
KroMiose/nekro-agent,2024-12,treatment,1,0,0,2025-01,0,-1,0,0,0,0,0,1,0,0,0,0,0,0,0,False,60.0,3469.0,1484.0,2.0,,,,
KroMiose/nekro-agent,2025-01,treatment,1,1,1,2025-01,1,0,0,0,0,0,0,0,1,0,0,0,0,0,0,True,115.0,17923.0,8049.0,2.0,,,,
KroMiose/nekro-agent,2025-02,treatment,1,1,1,2025-01,1,1,0,0,0,0,0,0,0,1,0,0,0,0,0,True,119.0,18867.0,5878.0,6.0,,,,
KroMiose/nekro-agent,2025-03,treatment,1,1,0,2025-01,1,2,0,0,0,0,0,0,0,0,1,0,0,0,0,False,14.0,883.0,420.0,3.0,,,,
KroMiose/nekro-agent,2025-04,treatment,1,1,1,2025-01,1,3,0,0,0,0,0,0,0,0,0,1,0,0,0,True,67.0,25032.0,11229.0,4.0,,,,
KroMiose/nekro-agent,2025-05,treatment,1,1,1,2025-01,1,4,0,0,0,0,0,0,0,0,0,0,1,0,0,True,47.0,22693.0,8016.0,4.0,,,,
KroMiose/nekro-agent,2025-06,treatment,1,1,1,2025-01,1,5,0,0,0,0,0,0,0,0,0,0,0,1,0,True,6.0,23269.0,8871.0,4.0,,,,
KroMiose/nekro-agent,2025-07,treatment,1,1,0,2025-01,1,6,0,0,0,0,0,0,0,0,0,0,0,0,1,False,17.0,7281.0,682.0,3.0,,,,
KroMiose/nekro-agent,2025-08,treatment,1,1,1,2025-01,1,7,0,0,0,0,0,0,0,0,0,0,0,0,1,True,33.0,2706.0,1745.0,4.0,,,,
LearningCircuit/local-deep-research,2025-02,treatment,1,0,0,2025-03,0,-1,0,0,0,0,0,1,0,0,0,0,0,0,0,False,58.0,14295.0,1476.0,5.0,,,,
LearningCircuit/local-deep-research,2025-03,treatment,1,1,1,2025-03,1,0,0,0,0,0,0,0,1,0,0,0,0,0,0,True,377.0,167162.0,74409.0,12.0,,,,
LearningCircuit/local-deep-research,2025-04,treatment,1,1,0,2025-03,1,1,0,0,0,0,0,0,0,1,0,0,0,0,0,False,225.0,148688.0,51142.0,7.0,,,,
LearningCircuit/local-deep-research,2025-05,treatment,1,1,0,2025-03,1,2,0,0,0,0,0,0,0,0,1,0,0,0,0,False,222.0,97620.0,27494.0,5.0,,,,
LearningCircuit/local-deep-research,2025-06,treatment,1,1,0,2025-03,1,3,0,0,0,0,0,0,0,0,0,1,0,0,0,False,285.0,311435.0,45542.0,11.0,,,,
LearningCircuit/local-deep-research,2025-07,treatment,1,1,0,2025-03,1,4,0,0,0,0,0,0,0,0,0,0,1,0,0,False,196.0,282854.0,65204.0,5.0,,,,
LearningCircuit/local-deep-research,2025-08,treatment,1,1,0,2025-03,1,5,0,0,0,0,0,0,0,0,0,0,0,1,0,False,350.0,348277.0,78229.0,7.0,,,,
MDGrey33/pyvisionai,2024-11,treatment,1,0,0,2025-01,0,-2,0,0,0,0,1,0,0,0,0,0,0,0,0,False,14.0,2203.0,1689.0,2.0,,,,
MDGrey33/pyvisionai,2024-12,treatment,1,0,0,2025-01,0,-1,0,0,0,0,0,1,0,0,0,0,0,0,0,False,12.0,549.0,227.0,2.0,,,,
MDGrey33/pyvisionai,2025-01,treatment,1,1,1,2025-01,1,0,0,0,0,0,0,0,1,0,0,0,0,0,0,True,106.0,13590.0,6100.0,2.0,,,,
MDGrey33/pyvisionai,2025-02,treatment,1,1,1,2025-01,1,1,0,0,0,0,0,0,0,1,0,0,0,0,0,True,10.0,2854.0,564.0,1.0,,,,
MDGrey33/pyvisionai,2025-03,treatment,1,1,0,2025-01,1,2,0,0,0,0,0,0,0,0,1,0,0,0,0,False,0.0,0.0,0.0,0.0,,,,
MDGrey33/pyvisionai,2025-04,treatment,1,1,0,2025-01,1,3,0,0,0,0,0,0,0,0,0,1,0,0,0,False,0.0,0.0,0.0,0.0,,,,
MDGrey33/pyvisionai,2025-05,treatment,1,1,0,2025-01,1,4,0,0,0,0,0,0,0,0,0,0,1,0,0,False,0.0,0.0,0.0,0.0,,,,
MDGrey33/pyvisionai,2025-06,treatment,1,1,0,2025-01,1,5,0,0,0,0,0,0,0,0,0,0,0,1,0,False,2.0,4208.0,294.0,1.0,,,,
MDGrey33/pyvisionai,2025-07,treatment,1,1,0,2025-01,1,6,0,0,0,0,0,0,0,0,0,0,0,0,1,False,3.0,1873.0,36.0,1.0,,,,
MDGrey33/pyvisionai,2025-08,treatment,1,1,0,2025-01,1,7,0,0,0,0,0,0,0,0,0,0,0,0,1,False,0.0,0.0,0.0,0.0,,,,
Mineru98/mysql-mcp-server,2025-03,treatment,1,1,1,2025-03,1,0,0,0,0,0,0,0,1,0,0,0,0,0,0,True,62.0,4696.0,1493.0,2.0,,,,
Mineru98/mysql-mcp-server,2025-04,treatment,1,1,0,2025-03,1,1,0,0,0,0,0,0,0,1,0,0,0,0,0,False,0.0,0.0,0.0,0.0,,,,
Mineru98/mysql-mcp-server,2025-05,treatment,1,1,0,2025-03,1,2,0,0,0,0,0,0,0,0,1,0,0,0,0,False,0.0,0.0,0.0,0.0,,,,
Mineru98/mysql-mcp-server,2025-06,treatment,1,1,0,2025-03,1,3,0,0,0,0,0,0,0,0,0,1,0,0,0,False,0.0,0.0,0.0,0.0,,,,
Mineru98/mysql-mcp-server,2025-07,treatment,1,1,0,2025-03,1,4,0,0,0,0,0,0,0,0,0,0,1,0,0,False,0.0,0.0,0.0,0.0,,,,
Mineru98/mysql-mcp-server,2025-08,treatment,1,1,0,2025-03,1,5,0,0,0,0,0,0,0,0,0,0,0,1,0,False,0.0,0.0,0.0,0.0,,,,
Multi-V-VM/MVVM,2024-01,treatment,1,0,0,2025-03,0,-14,1,0,0,0,0,0,0,0,0,0,0,0,0,False,48.0,7987.0,4432.0,4.0,,,,
Multi-V-VM/MVVM,2024-02,treatment,1,0,0,2025-03,0,-13,1,0,0,0,0,0,0,0,0,0,0,0,0,False,49.0,12210.0,86213.0,3.0,,,,
Multi-V-VM/MVVM,2024-03,treatment,1,0,0,2025-03,0,-12,1,0,0,0,0,0,0,0,0,0,0,0,0,False,20.0,6878.0,3041.0,2.0,,,,
Multi-V-VM/MVVM,2024-04,treatment,1,0,0,2025-03,0,-11,1,0,0,0,0,0,0,0,0,0,0,0,0,False,10.0,1973.0,531.0,2.0,,,,
Multi-V-VM/MVVM,2024-05,treatment,1,0,0,2025-03,0,-10,1,0,0,0,0,0,0,0,0,0,0,0,0,False,8.0,322489.0,294721.0,2.0,,,,
Multi-V-VM/MVVM,2024-06,treatment,1,0,0,2025-03,0,-9,1,0,0,0,0,0,0,0,0,0,0,0,0,False,0.0,0.0,0.0,0.0,,,,
Multi-V-VM/MVVM,2024-07,treatment,1,0,0,2025-03,0,-8,1,0,0,0,0,0,0,0,0,0,0,0,0,False,0.0,0.0,0.0,0.0,,,,
Multi-V-VM/MVVM,2024-08,treatment,1,0,0,2025-03,0,-7,1,0,0,0,0,0,0,0,0,0,0,0,0,False,0.0,0.0,0.0,0.0,,,,
Multi-V-VM/MVVM,2024-09,treatment,1,0,0,2025-03,0,-6,1,0,0,0,0,0,0,0,0,0,0,0,0,False,0.0,0.0,0.0,0.0,,,,
Multi-V-VM/MVVM,2024-10,treatment,1,0,0,2025-03,0,-5,0,1,0,0,0,0,0,0,0,0,0,0,0,False,0.0,0.0,0.0,0.0,,,,
Multi-V-VM/MVVM,2024-11,treatment,1,0,0,2025-03,0,-4,0,0,1,0,0,0,0,0,0,0,0,0,0,False,0.0,0.0,0.0,0.0,,,,
Multi-V-VM/MVVM,2024-12,treatment,1,0,0,2025-03,0,-3,0,0,0,1,0,0,0,0,0,0,0,0,0,False,9.0,1109924.0,760.0,2.0,,,,
Multi-V-VM/MVVM,2025-01,treatment,1,0,0,2025-03,0,-2,0,0,0,0,1,0,0,0,0,0,0,0,0,False,0.0,0.0,0.0,0.0,,,,
Multi-V-VM/MVVM,2025-02,treatment,1,0,0,2025-03,0,-1,0,0,0,0,0,1,0,0,0,0,0,0,0,False,0.0,0.0,0.0,0.0,,,,
Multi-V-VM/MVVM,2025-03,treatment,1,1,1,2025-03,1,0,0,0,0,0,0,0,1,0,0,0,0,0,0,True,9.0,1141426.0,2081.0,2.0,,,,
Multi-V-VM/MVVM,2025-04,treatment,1,1,0,2025-03,1,1,0,0,0,0,0,0,0,1,0,0,0,0,0,False,0.0,0.0,0.0,0.0,,,,
Multi-V-VM/MVVM,2025-05,treatment,1,1,0,2025-03,1,2,0,0,0,0,0,0,0,0,1,0,0,0,0,False,0.0,0.0,0.0,0.0,,,,
Multi-V-VM/MVVM,2025-06,treatment,1,1,0,2025-03,1,3,0,0,0,0,0,0,0,0,0,1,0,0,0,False,3.0,8698.0,730.0,1.0,,,,
Multi-V-VM/MVVM,2025-07,treatment,1,1,0,2025-03,1,4,0,0,0,0,0,0,0,0,0,0,1,0,0,False,11.0,13017.0,4328.0,3.0,,,,
Multi-V-VM/MVVM,2025-08,treatment,1,1,0,2025-03,1,5,0,0,0,0,0,0,0,0,0,0,0,1,0,False,0.0,0.0,0.0,0.0,,,,
Ody-Z/Trading_Game_Simulator,2025-02,treatment,1,1,1,2025-02,1,0,0,0,0,0,0,0,1,0,0,0,0,0,0,True,4.0,37.0,57.0,1.0,,,,
Ody-Z/Trading_Game_Simulator,2025-03,treatment,1,1,0,2025-02,1,1,0,0,0,0,0,0,0,1,0,0,0,0,0,False,0.0,0.0,0.0,0.0,,,,
Ody-Z/Trading_Game_Simulator,2025-04,treatment,1,1,0,2025-02,1,2,0,0,0,0,0,0,0,0,1,0,0,0,0,False,0.0,0.0,0.0,0.0,,,,
Ody-Z/Trading_Game_Simulator,2025-05,treatment,1,1,0,2025-02,1,3,0,0,0,0,0,0,0,0,0,1,0,0,0,False,0.0,0.0,0.0,0.0,,,,
Ody-Z/Trading_Game_Simulator,2025-06,treatment,1,1,0,2025-02,1,4,0,0,0,0,0,0,0,0,0,0,1,0,0,False,0.0,0.0,0.0,0.0,,,,
Ody-Z/Trading_Game_Simulator,2025-07,treatment,1,1,0,2025-02,1,5,0,0,0,0,0,0,0,0,0,0,0,1,0,False,0.0,0.0,0.0,0.0,,,,
Ody-Z/Trading_Game_Simulator,2025-08,treatment,1,1,0,2025-02,1,6,0,0,0,0,0,0,0,0,0,0,0,0,1,False,0.0,0.0,0.0,0.0,,,,
OpenMOSS/Language-Model-SAEs,2024-03,treatment,1,0,0,2024-12,0,-9,1,0,0,0,0,0,0,0,0,0,0,0,0,False,110.0,24509.0,3792.0,7.0,,,,
OpenMOSS/Language-Model-SAEs,2024-04,treatment,1,0,0,2024-12,0,-8,1,0,0,0,0,0,0,0,0,0,0,0,0,False,37.0,4019.0,2418.0,4.0,,,,
OpenMOSS/Language-Model-SAEs,2024-05,treatment,1,0,0,2024-12,0,-7,1,0,0,0,0,0,0,0,0,0,0,0,0,False,9.0,914.0,395.0,3.0,,,,
OpenMOSS/Language-Model-SAEs,2024-06,treatment,1,0,0,2024-12,0,-6,1,0,0,0,0,0,0,0,0,0,0,0,0,False,69.0,463508.0,21392.0,5.0,,,,
OpenMOSS/Language-Model-SAEs,2024-07,treatment,1,0,0,2024-12,0,-5,0,1,0,0,0,0,0,0,0,0,0,0,0,False,65.0,5595.0,2012.0,8.0,,,,
OpenMOSS/Language-Model-SAEs,2024-08,treatment,1,0,0,2024-12,0,-4,0,0,1,0,0,0,0,0,0,0,0,0,0,False,40.0,38049.0,7234.0,6.0,,,,
OpenMOSS/Language-Model-SAEs,2024-09,treatment,1,0,0,2024-12,0,-3,0,0,0,1,0,0,0,0,0,0,0,0,0,False,17.0,1620.0,523.0,4.0,,,,
OpenMOSS/Language-Model-SAEs,2024-10,treatment,1,0,0,2024-12,0,-2,0,0,0,0,1,0,0,0,0,0,0,0,0,False,29.0,7146.0,474258.0,5.0,,,,
OpenMOSS/Language-Model-SAEs,2024-11,treatment,1,0,0,2024-12,0,-1,0,0,0,0,0,1,0,0,0,0,0,0,0,False,18.0,3253.0,3909.0,5.0,,,,
OpenMOSS/Language-Model-SAEs,2024-12,treatment,1,1,1,2024-12,1,0,0,0,0,0,0,0,1,0,0,0,0,0,0,True,40.0,9898.0,7812.0,4.0,,,,
OpenMOSS/Language-Model-SAEs,2025-01,treatment,1,1,1,2024-12,1,1,0,0,0,0,0,0,0,1,0,0,0,0,0,True,88.0,14248.0,11975.0,7.0,,,,
OpenMOSS/Language-Model-SAEs,2025-02,treatment,1,1,0,2024-12,1,2,0,0,0,0,0,0,0,0,1,0,0,0,0,False,60.0,5343.0,2976.0,5.0,,,,
OpenMOSS/Language-Model-SAEs,2025-03,treatment,1,1,0,2024-12,1,3,0,0,0,0,0,0,0,0,0,1,0,0,0,False,25.0,1148.0,990.0,3.0,,,,
OpenMOSS/Language-Model-SAEs,2025-04,treatment,1,1,1,2024-12,1,4,0,0,0,0,0,0,0,0,0,0,1,0,0,True,31.0,5062.0,2924.0,1.0,,,,
OpenMOSS/Language-Model-SAEs,2025-05,treatment,1,1,0,2024-12,1,5,0,0,0,0,0,0,0,0,0,0,0,1,0,False,53.0,10985.0,10958.0,3.0,,,,
OpenMOSS/Language-Model-SAEs,2025-06,treatment,1,1,1,2024-12,1,6,0,0,0,0,0,0,0,0,0,0,0,0,1,True,65.0,15408.0,10083.0,7.0,,,,
OpenMOSS/Language-Model-SAEs,2025-07,treatment,1,1,0,2024-12,1,7,0,0,0,0,0,0,0,0,0,0,0,0,1,False,55.0,10768.0,3469.0,6.0,,,,
OpenMOSS/Language-Model-SAEs,2025-08,treatment,1,1,0,2024-12,1,8,0,0,0,0,0,0,0,0,0,0,0,0,1,False,31.0,43124.0,2646.0,2.0,,,,
OpenSPP/openspp-modules,2024-01,treatment,1,0,0,2025-03,0,-14,1,0,0,0,0,0,0,0,0,0,0,0,0,False,68.0,3520.0,2424.0,6.0,,,,
OpenSPP/openspp-modules,2024-02,treatment,1,0,0,2025-03,0,-13,1,0,0,0,0,0,0,0,0,0,0,0,0,False,132.0,22638.0,26820.0,7.0,,,,
OpenSPP/openspp-modules,2024-03,treatment,1,0,0,2025-03,0,-12,1,0,0,0,0,0,0,0,0,0,0,0,0,False,92.0,379633.0,3307.0,8.0,,,,
OpenSPP/openspp-modules,2024-04,treatment,1,0,0,2025-03,0,-11,1,0,0,0,0,0,0,0,0,0,0,0,0,False,131.0,74882.0,2584.0,9.0,,,,
OpenSPP/openspp-modules,2024-05,treatment,1,0,0,2025-03,0,-10,1,0,0,0,0,0,0,0,0,0,0,0,0,False,186.0,190791.0,10699.0,9.0,,,,
OpenSPP/openspp-modules,2024-06,treatment,1,0,0,2025-03,0,-9,1,0,0,0,0,0,0,0,0,0,0,0,0,False,25.0,5285.0,207011.0,9.0,,,,
OpenSPP/openspp-modules,2024-07,treatment,1,0,0,2025-03,0,-8,1,0,0,0,0,0,0,0,0,0,0,0,0,False,86.0,6655.0,389.0,6.0,,,,
OpenSPP/openspp-modules,2024-08,treatment,1,0,0,2025-03,0,-7,1,0,0,0,0,0,0,0,0,0,0,0,0,False,220.0,92444.0,10081.0,11.0,,,,
OpenSPP/openspp-modules,2024-09,treatment,1,0,0,2025-03,0,-6,1,0,0,0,0,0,0,0,0,0,0,0,0,False,177.0,8105.0,2700.0,6.0,,,,
OpenSPP/openspp-modules,2024-10,treatment,1,0,0,2025-03,0,-5,0,1,0,0,0,0,0,0,0,0,0,0,0,False,177.0,167054.0,23998.0,8.0,,,,
OpenSPP/openspp-modules,2024-11,treatment,1,0,0,2025-03,0,-4,0,0,1,0,0,0,0,0,0,0,0,0,0,False,166.0,88515.0,36204.0,9.0,,,,
OpenSPP/openspp-modules,2024-12,treatment,1,0,0,2025-03,0,-3,0,0,0,1,0,0,0,0,0,0,0,0,0,False,51.0,16349.0,3011.0,8.0,,,,
OpenSPP/openspp-modules,2025-01,treatment,1,0,0,2025-03,0,-2,0,0,0,0,1,0,0,0,0,0,0,0,0,False,80.0,15057.0,1507.0,7.0,,,,
OpenSPP/openspp-modules,2025-02,treatment,1,0,0,2025-03,0,-1,0,0,0,0,0,1,0,0,0,0,0,0,0,False,140.0,134218.0,17932.0,9.0,,,,
OpenSPP/openspp-modules,2025-03,treatment,1,1,1,2025-03,1,0,0,0,0,0,0,0,1,0,0,0,0,0,0,True,42.0,53729.0,4442.0,7.0,,,,
OpenSPP/openspp-modules,2025-04,treatment,1,1,0,2025-03,1,1,0,0,0,0,0,0,0,1,0,0,0,0,0,False,25.0,3087.0,1648.0,5.0,,,,
OpenSPP/openspp-modules,2025-05,treatment,1,1,0,2025-03,1,2,0,0,0,0,0,0,0,0,1,0,0,0,0,False,40.0,1249.0,526.0,4.0,,,,
OpenSPP/openspp-modules,2025-06,treatment,1,1,0,2025-03,1,3,0,0,0,0,0,0,0,0,0,1,0,0,0,False,4.0,58.0,3.0,3.0,,,,
OpenSPP/openspp-modules,2025-07,treatment,1,1,0,2025-03,1,4,0,0,0,0,0,0,0,0,0,0,1,0,0,False,7.0,364.0,2417.0,4.0,,,,
OpenSPP/openspp-modules,2025-08,treatment,1,1,0,2025-03,1,5,0,0,0,0,0,0,0,0,0,0,0,1,0,False,17.0,6952.0,15282.0,1.0,,,,
PiotrCzapla/smart_dictation,2024-10,treatment,1,1,1,2024-10,1,0,0,0,0,0,0,0,1,0,0,0,0,0,0,True,6.0,2559.0,2416.0,2.0,,,,
PiotrCzapla/smart_dictation,2024-11,treatment,1,1,0,2024-10,1,1,0,0,0,0,0,0,0,1,0,0,0,0,0,False,0.0,0.0,0.0,0.0,,,,
PiotrCzapla/smart_dictation,2024-12,treatment,1,1,0,2024-10,1,2,0,0,0,0,0,0,0,0,1,0,0,0,0,False,0.0,0.0,0.0,0.0,,,,
PiotrCzapla/smart_dictation,2025-01,treatment,1,1,0,2024-10,1,3,0,0,0,0,0,0,0,0,0,1,0,0,0,False,0.0,0.0,0.0,0.0,,,,
PiotrCzapla/smart_dictation,2025-02,treatment,1,1,0,2024-10,1,4,0,0,0,0,0,0,0,0,0,0,1,0,0,False,0.0,0.0,0.0,0.0,,,,
PiotrCzapla/smart_dictation,2025-03,treatment,1,1,0,2024-10,1,5,0,0,0,0,0,0,0,0,0,0,0,1,0,False,0.0,0.0,0.0,0.0,,,,
PiotrCzapla/smart_dictation,2025-04,treatment,1,1,0,2024-10,1,6,0,0,0,0,0,0,0,0,0,0,0,0,1,False,0.0,0.0,0.0,0.0,,,,
PiotrCzapla/smart_dictation,2025-05,treatment,1,1,0,2024-10,1,7,0,0,0,0,0,0,0,0,0,0,0,0,1,False,0.0,0.0,0.0,0.0,,,,
PiotrCzapla/smart_dictation,2025-06,treatment,1,1,0,2024-10,1,8,0,0,0,0,0,0,0,0,0,0,0,0,1,False,0.0,0.0,0.0,0.0,,,,
PiotrCzapla/smart_dictation,2025-07,treatment,1,1,0,2024-10,1,9,0,0,0,0,0,0,0,0,0,0,0,0,1,False,0.0,0.0,0.0,0.0,,,,
PiotrCzapla/smart_dictation,2025-08,treatment,1,1,0,2024-10,1,10,0,0,0,0,0,0,0,0,0,0,0,0,1,False,0.0,0.0,0.0,0.0,,,,
PostHog/posthog,2024-01,treatment,1,0,0,2025-02,0,-13,1,0,0,0,0,0,0,0,0,0,0,0,0,False,443.0,82664.0,46216.0,33.0,,,,
PostHog/posthog,2024-02,treatment,1,0,0,2025-02,0,-12,1,0,0,0,0,0,0,0,0,0,0,0,0,False,431.0,137939.0,79964.0,33.0,,,,
PostHog/posthog,2024-03,treatment,1,0,0,2025-02,0,-11,1,0,0,0,0,0,0,0,0,0,0,0,0,False,399.0,63801.0,29562.0,35.0,,,,
PostHog/posthog,2024-04,treatment,1,0,0,2025-02,0,-10,1,0,0,0,0,0,0,0,0,0,0,0,0,False,505.0,72205.0,40295.0,41.0,,,,
PostHog/posthog,2024-05,treatment,1,0,0,2025-02,0,-9,1,0,0,0,0,0,0,0,0,0,0,0,0,False,456.0,168250.0,127733.0,45.0,,,,
PostHog/posthog,2024-06,treatment,1,0,0,2025-02,0,-8,1,0,0,0,0,0,0,0,0,0,0,0,0,False,496.0,151255.0,64043.0,40.0,,,,
PostHog/posthog,2024-07,treatment,1,0,0,2025-02,0,-7,1,0,0,0,0,0,0,0,0,0,0,0,0,False,581.0,91815.0,57652.0,41.0,,,,
PostHog/posthog,2024-08,treatment,1,0,0,2025-02,0,-6,1,0,0,0,0,0,0,0,0,0,0,0,0,False,400.0,70831.0,37328.0,40.0,,,,
PostHog/posthog,2024-09,treatment,1,0,0,2025-02,0,-5,0,1,0,0,0,0,0,0,0,0,0,0,0,False,393.0,80912.0,32743.0,38.0,,,,
PostHog/posthog,2024-10,treatment,1,0,0,2025-02,0,-4,0,0,1,0,0,0,0,0,0,0,0,0,0,False,446.0,122595.0,66264.0,35.0,,,,
PostHog/posthog,2024-11,treatment,1,0,0,2025-02,0,-3,0,0,0,1,0,0,0,0,0,0,0,0,0,False,426.0,109037.0,59875.0,47.0,,,,
PostHog/posthog,2024-12,treatment,1,0,0,2025-02,0,-2,0,0,0,0,1,0,0,0,0,0,0,0,0,False,439.0,101533.0,52801.0,44.0,,,,
PostHog/posthog,2025-01,treatment,1,0,0,2025-02,0,-1,0,0,0,0,0,1,0,0,0,0,0,0,0,False,725.0,282233.0,108937.0,59.0,,,,
PostHog/posthog,2025-02,treatment,1,1,1,2025-02,1,0,0,0,0,0,0,0,1,0,0,0,0,0,0,True,897.0,197144.0,219825.0,58.0,,,,
PostHog/posthog,2025-03,treatment,1,1,1,2025-02,1,1,0,0,0,0,0,0,0,1,0,0,0,0,0,True,942.0,199769.0,113000.0,60.0,,,,
PostHog/posthog,2025-04,treatment,1,1,1,2025-02,1,2,0,0,0,0,0,0,0,0,1,0,0,0,0,True,880.0,168900.0,92484.0,63.0,,,,
PostHog/posthog,2025-05,treatment,1,1,0,2025-02,1,3,0,0,0,0,0,0,0,0,0,1,0,0,0,False,748.0,225422.0,61653.0,67.0,,,,
PostHog/posthog,2025-06,treatment,1,1,1,2025-02,1,4,0,0,0,0,0,0,0,0,0,0,1,0,0,True,1043.0,237242.0,128385.0,76.0,,,,
PostHog/posthog,2025-07,treatment,1,1,0,2025-02,1,5,0,0,0,0,0,0,0,0,0,0,0,1,0,False,1143.0,325484.0,161054.0,80.0,,,,
PostHog/posthog,2025-08,treatment,1,1,0,2025-02,1,6,0,0,0,0,0,0,0,0,0,0,0,0,1,False,990.0,320595.0,190823.0,79.0,,,,
ResearchHub/researchhub-backend,2024-01,treatment,1,0,0,2025-03,0,-14,1,0,0,0,0,0,0,0,0,0,0,0,0,False,12.0,10050.0,3258.0,3.0,,,,
ResearchHub/researchhub-backend,2024-02,treatment,1,0,0,2025-03,0,-13,1,0,0,0,0,0,0,0,0,0,0,0,0,False,29.0,4787.0,1985.0,2.0,,,,
ResearchHub/researchhub-backend,2024-03,treatment,1,0,0,2025-03,0,-12,1,0,0,0,0,0,0,0,0,0,0,0,0,False,185.0,5113.0,4719.0,9.0,,,,
ResearchHub/researchhub-backend,2024-04,treatment,1,0,0,2025-03,0,-11,1,0,0,0,0,0,0,0,0,0,0,0,0,False,177.0,5200.0,10115.0,4.0,,,,
ResearchHub/researchhub-backend,2024-05,treatment,1,0,0,2025-03,0,-10,1,0,0,0,0,0,0,0,0,0,0,0,0,False,163.0,31561.0,8996.0,5.0,,,,
ResearchHub/researchhub-backend,2024-06,treatment,1,0,0,2025-03,0,-9,1,0,0,0,0,0,0,0,0,0,0,0,0,False,92.0,15943.0,2396.0,5.0,,,,
ResearchHub/researchhub-backend,2024-07,treatment,1,0,0,2025-03,0,-8,1,0,0,0,0,0,0,0,0,0,0,0,0,False,348.0,75973.0,7507.0,4.0,,,,
ResearchHub/researchhub-backend,2024-08,treatment,1,0,0,2025-03,0,-7,1,0,0,0,0,0,0,0,0,0,0,0,0,False,278.0,22223.0,22622.0,4.0,,,,
ResearchHub/researchhub-backend,2024-09,treatment,1,0,0,2025-03,0,-6,1,0,0,0,0,0,0,0,0,0,0,0,0,False,185.0,20040.0,6491.0,7.0,,,,
ResearchHub/researchhub-backend,2024-10,treatment,1,0,0,2025-03,0,-5,0,1,0,0,0,0,0,0,0,0,0,0,0,False,241.0,17434.0,17490.0,6.0,,,,
ResearchHub/researchhub-backend,2024-11,treatment,1,0,0,2025-03,0,-4,0,0,1,0,0,0,0,0,0,0,0,0,0,False,241.0,11058.0,10405.0,6.0,,,,
ResearchHub/researchhub-backend,2024-12,treatment,1,0,0,2025-03,0,-3,0,0,0,1,0,0,0,0,0,0,0,0,0,False,128.0,6576.0,8256.0,4.0,,,,
ResearchHub/researchhub-backend,2025-01,treatment,1,0,0,2025-03,0,-2,0,0,0,0,1,0,0,0,0,0,0,0,0,False,142.0,7807.0,2394.0,6.0,,,,
ResearchHub/researchhub-backend,2025-02,treatment,1,0,0,2025-03,0,-1,0,0,0,0,0,1,0,0,0,0,0,0,0,False,199.0,11077.0,13536.0,7.0,,,,
ResearchHub/researchhub-backend,2025-03,treatment,1,1,1,2025-03,1,0,0,0,0,0,0,0,1,0,0,0,0,0,0,True,282.0,27671.0,8960.0,7.0,,,,
ResearchHub/researchhub-backend,2025-04,treatment,1,1,0,2025-03,1,1,0,0,0,0,0,0,0,1,0,0,0,0,0,False,243.0,15281.0,5402.0,7.0,,,,
ResearchHub/researchhub-backend,2025-05,treatment,1,1,0,2025-03,1,2,0,0,0,0,0,0,0,0,1,0,0,0,0,False,212.0,21119.0,4590.0,8.0,,,,
ResearchHub/researchhub-backend,2025-06,treatment,1,1,0,2025-03,1,3,0,0,0,0,0,0,0,0,0,1,0,0,0,False,257.0,19807.0,4378.0,7.0,,,,
ResearchHub/researchhub-backend,2025-07,treatment,1,1,0,2025-03,1,4,0,0,0,0,0,0,0,0,0,0,1,0,0,False,170.0,14189.0,6567.0,3.0,,,,
ResearchHub/researchhub-backend,2025-08,treatment,1,1,0,2025-03,1,5,0,0,0,0,0,0,0,0,0,0,0,1,0,False,363.0,31523.0,61340.0,8.0,,,,
Scrapybara/codecapy,2025-01,treatment,1,1,1,2025-01,1,0,0,0,0,0,0,0,1,0,0,0,0,0,0,True,7.0,1515.0,831.0,1.0,,,,
Scrapybara/codecapy,2025-02,treatment,1,1,0,2025-01,1,1,0,0,0,0,0,0,0,1,0,0,0,0,0,False,28.0,2795.0,961.0,1.0,,,,
Scrapybara/codecapy,2025-03,treatment,1,1,0,2025-01,1,2,0,0,0,0,0,0,0,0,1,0,0,0,0,False,0.0,0.0,0.0,0.0,,,,
Scrapybara/codecapy,2025-04,treatment,1,1,0,2025-01,1,3,0,0,0,0,0,0,0,0,0,1,0,0,0,False,0.0,0.0,0.0,0.0,,,,
Scrapybara/codecapy,2025-05,treatment,1,1,0,2025-01,1,4,0,0,0,0,0,0,0,0,0,0,1,0,0,False,0.0,0.0,0.0,0.0,,,,
Scrapybara/codecapy,2025-06,treatment,1,1,0,2025-01,1,5,0,0,0,0,0,0,0,0,0,0,0,1,0,False,0.0,0.0,0.0,0.0,,,,
Scrapybara/codecapy,2025-07,treatment,1,1,0,2025-01,1,6,0,0,0,0,0,0,0,0,0,0,0,0,1,False,0.0,0.0,0.0,0.0,,,,
Scrapybara/codecapy,2025-08,treatment,1,1,0,2025-01,1,7,0,0,0,0,0,0,0,0,0,0,0,0,1,False,0.0,0.0,0.0,0.0,,,,
SlyyCooper/cursorrules-architect,2024-11,treatment,1,0,0,2024-12,0,-1,0,0,0,0,0,1,0,0,0,0,0,0,0,False,2.0,55.0,55.0,1.0,,,,
SlyyCooper/cursorrules-architect,2024-12,treatment,1,1,1,2024-12,1,0,0,0,0,0,0,0,1,0,0,0,0,0,0,True,3.0,3019.0,1355.0,1.0,,,,
SlyyCooper/cursorrules-architect,2025-01,treatment,1,1,1,2024-12,1,1,0,0,0,0,0,0,0,1,0,0,0,0,0,True,1.0,1483.0,131.0,1.0,,,,
SlyyCooper/cursorrules-architect,2025-02,treatment,1,1,1,2024-12,1,2,0,0,0,0,0,0,0,0,1,0,0,0,0,True,1.0,1002.0,1029.0,1.0,,,,
SlyyCooper/cursorrules-architect,2025-03,treatment,1,1,1,2024-12,1,3,0,0,0,0,0,0,0,0,0,1,0,0,0,True,4.0,11459.0,3860.0,1.0,,,,
SlyyCooper/cursorrules-architect,2025-04,treatment,1,1,1,2024-12,1,4,0,0,0,0,0,0,0,0,0,0,1,0,0,True,2.0,1944.0,1652.0,1.0,,,,
SlyyCooper/cursorrules-architect,2025-05,treatment,1,1,0,2024-12,1,5,0,0,0,0,0,0,0,0,0,0,0,1,0,False,0.0,0.0,0.0,0.0,,,,
SlyyCooper/cursorrules-architect,2025-06,treatment,1,1,0,2024-12,1,6,0,0,0,0,0,0,0,0,0,0,0,0,1,False,0.0,0.0,0.0,0.0,,,,
SlyyCooper/cursorrules-architect,2025-07,treatment,1,1,0,2024-12,1,7,0,0,0,0,0,0,0,0,0,0,0,0,1,False,0.0,0.0,0.0,0.0,,,,
SlyyCooper/cursorrules-architect,2025-08,treatment,1,1,0,2024-12,1,8,0,0,0,0,0,0,0,0,0,0,0,0,1,False,0.0,0.0,0.0,0.0,,,,
TextGeneratorio/text-generator.io,2024-01,treatment,1,0,0,2025-03,0,-14,1,0,0,0,0,0,0,0,0,0,0,0,0,False,4.0,2555.0,13.0,1.0,,,,
TextGeneratorio/text-generator.io,2024-02,treatment,1,0,0,2025-03,0,-13,1,0,0,0,0,0,0,0,0,0,0,0,0,False,3.0,19.0,10.0,1.0,,,,
TextGeneratorio/text-generator.io,2024-03,treatment,1,0,0,2025-03,0,-12,1,0,0,0,0,0,0,0,0,0,0,0,0,False,0.0,0.0,0.0,0.0,,,,
TextGeneratorio/text-generator.io,2024-04,treatment,1,0,0,2025-03,0,-11,1,0,0,0,0,0,0,0,0,0,0,0,0,False,0.0,0.0,0.0,0.0,,,,
TextGeneratorio/text-generator.io,2024-05,treatment,1,0,0,2025-03,0,-10,1,0,0,0,0,0,0,0,0,0,0,0,0,False,9.0,88.0,87.0,1.0,,,,
TextGeneratorio/text-generator.io,2024-06,treatment,1,0,0,2025-03,0,-9,1,0,0,0,0,0,0,0,0,0,0,0,0,False,0.0,0.0,0.0,0.0,,,,
TextGeneratorio/text-generator.io,2024-07,treatment,1,0,0,2025-03,0,-8,1,0,0,0,0,0,0,0,0,0,0,0,0,False,2.0,29.0,14.0,1.0,,,,
TextGeneratorio/text-generator.io,2024-08,treatment,1,0,0,2025-03,0,-7,1,0,0,0,0,0,0,0,0,0,0,0,0,False,20.0,1283.0,419.0,1.0,,,,
TextGeneratorio/text-generator.io,2024-09,treatment,1,0,0,2025-03,0,-6,1,0,0,0,0,0,0,0,0,0,0,0,0,False,0.0,0.0,0.0,0.0,,,,
TextGeneratorio/text-generator.io,2024-10,treatment,1,0,0,2025-03,0,-5,0,1,0,0,0,0,0,0,0,0,0,0,0,False,0.0,0.0,0.0,0.0,,,,
TextGeneratorio/text-generator.io,2024-11,treatment,1,0,0,2025-03,0,-4,0,0,1,0,0,0,0,0,0,0,0,0,0,False,4.0,1524.0,170682.0,1.0,,,,
TextGeneratorio/text-generator.io,2024-12,treatment,1,0,0,2025-03,0,-3,0,0,0,1,0,0,0,0,0,0,0,0,0,False,5.0,701.0,1141.0,1.0,,,,
TextGeneratorio/text-generator.io,2025-01,treatment,1,0,0,2025-03,0,-2,0,0,0,0,1,0,0,0,0,0,0,0,0,False,10.0,1931.0,991.0,1.0,,,,
TextGeneratorio/text-generator.io,2025-02,treatment,1,0,0,2025-03,0,-1,0,0,0,0,0,1,0,0,0,0,0,0,0,False,4.0,191.0,15.0,1.0,,,,
TextGeneratorio/text-generator.io,2025-03,treatment,1,1,1,2025-03,1,0,0,0,0,0,0,0,1,0,0,0,0,0,0,True,2.0,34.0,15.0,1.0,,,,
TextGeneratorio/text-generator.io,2025-04,treatment,1,1,1,2025-03,1,1,0,0,0,0,0,0,0,1,0,0,0,0,0,True,16.0,8558.0,2387.0,1.0,,,,
TextGeneratorio/text-generator.io,2025-05,treatment,1,1,0,2025-03,1,2,0,0,0,0,0,0,0,0,1,0,0,0,0,False,19.0,4001.0,5842.0,2.0,,,,
TextGeneratorio/text-generator.io,2025-06,treatment,1,1,0,2025-03,1,3,0,0,0,0,0,0,0,0,0,1,0,0,0,False,18.0,7976.0,7258.0,2.0,,,,
TextGeneratorio/text-generator.io,2025-07,treatment,1,1,1,2025-03,1,4,0,0,0,0,0,0,0,0,0,0,1,0,0,True,44.0,28172.0,5896.0,2.0,,,,
TextGeneratorio/text-generator.io,2025-08,treatment,1,1,1,2025-03,1,5,0,0,0,0,0,0,0,0,0,0,0,1,0,True,7.0,2941.0,183.0,1.0,,,,
The-Pocket/PocketFlow,2024-12,treatment,1,0,0,2025-02,0,-2,0,0,0,0,1,0,0,0,0,0,0,0,0,False,82.0,7315.0,2708.0,2.0,,,,
The-Pocket/PocketFlow,2025-01,treatment,1,0,0,2025-02,0,-1,0,0,0,0,0,1,0,0,0,0,0,0,0,False,122.0,2868.0,1747.0,4.0,,,,
The-Pocket/PocketFlow,2025-02,treatment,1,1,1,2025-02,1,0,0,0,0,0,0,0,1,0,0,0,0,0,0,True,61.0,3872.0,1577.0,3.0,,,,
The-Pocket/PocketFlow,2025-03,treatment,1,1,1,2025-02,1,1,0,0,0,0,0,0,0,1,0,0,0,0,0,True,233.0,38530.0,5859.0,7.0,,,,
The-Pocket/PocketFlow,2025-04,treatment,1,1,1,2025-02,1,2,0,0,0,0,0,0,0,0,1,0,0,0,0,True,53.0,13717.0,4858.0,10.0,,,,
The-Pocket/PocketFlow,2025-05,treatment,1,1,1,2025-02,1,3,0,0,0,0,0,0,0,0,0,1,0,0,0,True,52.0,13135.0,2238.0,8.0,,,,
The-Pocket/PocketFlow,2025-06,treatment,1,1,1,2025-02,1,4,0,0,0,0,0,0,0,0,0,0,1,0,0,True,10.0,4281.0,28.0,4.0,,,,
The-Pocket/PocketFlow,2025-07,treatment,1,1,1,2025-02,1,5,0,0,0,0,0,0,0,0,0,0,0,1,0,True,15.0,346.0,434.0,7.0,,,,
The-Pocket/PocketFlow,2025-08,treatment,1,1,1,2025-02,1,6,0,0,0,0,0,0,0,0,0,0,0,0,1,True,4.0,553.0,27.0,3.0,,,,
The-Pocket/PocketFlow-Template-Python,2025-02,treatment,1,1,1,2025-02,1,0,0,0,0,0,0,0,1,0,0,0,0,0,0,True,7.0,2372.0,7.0,2.0,,,,
The-Pocket/PocketFlow-Template-Python,2025-03,treatment,1,1,1,2025-02,1,1,0,0,0,0,0,0,0,1,0,0,0,0,0,True,24.0,9633.0,6748.0,3.0,,,,
The-Pocket/PocketFlow-Template-Python,2025-04,treatment,1,1,0,2025-02,1,2,0,0,0,0,0,0,0,0,1,0,0,0,0,False,3.0,3331.0,6.0,2.0,,,,
The-Pocket/PocketFlow-Template-Python,2025-05,treatment,1,1,0,2025-02,1,3,0,0,0,0,0,0,0,0,0,1,0,0,0,False,5.0,17.0,10.0,3.0,,,,
The-Pocket/PocketFlow-Template-Python,2025-06,treatment,1,1,1,2025-02,1,4,0,0,0,0,0,0,0,0,0,0,1,0,0,True,3.0,3468.0,110.0,1.0,,,,
The-Pocket/PocketFlow-Template-Python,2025-07,treatment,1,1,0,2025-02,1,5,0,0,0,0,0,0,0,0,0,0,0,1,0,False,2.0,1677.0,1.0,1.0,,,,
The-Pocket/PocketFlow-Template-Python,2025-08,treatment,1,1,1,2025-02,1,6,0,0,0,0,0,0,0,0,0,0,0,0,1,True,2.0,855.0,85.0,1.0,,,,
The-Pocket/Tutorial-AI-Paul-Graham,2025-02,treatment,1,0,0,2025-03,0,-1,0,0,0,0,0,1,0,0,0,0,0,0,0,False,12.0,307.0,33.0,2.0,,,,
The-Pocket/Tutorial-AI-Paul-Graham,2025-03,treatment,1,1,1,2025-03,1,0,0,0,0,0,0,0,1,0,0,0,0,0,0,True,12.0,3612.0,1426.0,2.0,,,,
The-Pocket/Tutorial-AI-Paul-Graham,2025-04,treatment,1,1,0,2025-03,1,1,0,0,0,0,0,0,0,1,0,0,0,0,0,False,0.0,0.0,0.0,0.0,,,,
The-Pocket/Tutorial-AI-Paul-Graham,2025-05,treatment,1,1,0,2025-03,1,2,0,0,0,0,0,0,0,0,1,0,0,0,0,False,0.0,0.0,0.0,0.0,,,,
The-Pocket/Tutorial-AI-Paul-Graham,2025-06,treatment,1,1,0,2025-03,1,3,0,0,0,0,0,0,0,0,0,1,0,0,0,False,0.0,0.0,0.0,0.0,,,,
The-Pocket/Tutorial-AI-Paul-Graham,2025-07,treatment,1,1,0,2025-03,1,4,0,0,0,0,0,0,0,0,0,0,1,0,0,False,0.0,0.0,0.0,0.0,,,,
The-Pocket/Tutorial-AI-Paul-Graham,2025-08,treatment,1,1,0,2025-03,1,5,0,0,0,0,0,0,0,0,0,0,0,1,0,False,0.0,0.0,0.0,0.0,,,,
The-Pocket/Tutorial-Cold-Email-Personalization,2025-03,treatment,1,1,1,2025-03,1,0,0,0,0,0,0,0,1,0,0,0,0,0,0,True,8.0,577.0,22.0,2.0,,,,
The-Pocket/Tutorial-Cold-Email-Personalization,2025-04,treatment,1,1,0,2025-03,1,1,0,0,0,0,0,0,0,1,0,0,0,0,0,False,0.0,0.0,0.0,0.0,,,,
The-Pocket/Tutorial-Cold-Email-Personalization,2025-05,treatment,1,1,0,2025-03,1,2,0,0,0,0,0,0,0,0,1,0,0,0,0,False,0.0,0.0,0.0,0.0,,,,
The-Pocket/Tutorial-Cold-Email-Personalization,2025-06,treatment,1,1,0,2025-03,1,3,0,0,0,0,0,0,0,0,0,1,0,0,0,False,0.0,0.0,0.0,0.0,,,,
The-Pocket/Tutorial-Cold-Email-Personalization,2025-07,treatment,1,1,0,2025-03,1,4,0,0,0,0,0,0,0,0,0,0,1,0,0,False,0.0,0.0,0.0,0.0,,,,
The-Pocket/Tutorial-Cold-Email-Personalization,2025-08,treatment,1,1,0,2025-03,1,5,0,0,0,0,0,0,0,0,0,0,0,1,0,False,0.0,0.0,0.0,0.0,,,,
The-Pocket/Tutorial-Cursor,2025-03,treatment,1,1,1,2025-03,1,0,0,0,0,0,0,0,1,0,0,0,0,0,0,True,24.0,7493.0,203.0,2.0,,,,
The-Pocket/Tutorial-Cursor,2025-04,treatment,1,1,0,2025-03,1,1,0,0,0,0,0,0,0,1,0,0,0,0,0,False,0.0,0.0,0.0,0.0,,,,
The-Pocket/Tutorial-Cursor,2025-05,treatment,1,1,0,2025-03,1,2,0,0,0,0,0,0,0,0,1,0,0,0,0,False,0.0,0.0,0.0,0.0,,,,
The-Pocket/Tutorial-Cursor,2025-06,treatment,1,1,0,2025-03,1,3,0,0,0,0,0,0,0,0,0,1,0,0,0,False,0.0,0.0,0.0,0.0,,,,
The-Pocket/Tutorial-Cursor,2025-07,treatment,1,1,0,2025-03,1,4,0,0,0,0,0,0,0,0,0,0,1,0,0,False,0.0,0.0,0.0,0.0,,,,
The-Pocket/Tutorial-Cursor,2025-08,treatment,1,1,0,2025-03,1,5,0,0,0,0,0,0,0,0,0,0,0,1,0,False,0.0,0.0,0.0,0.0,,,,
TheSethRose/Agent-Chat,2024-10,treatment,1,1,1,2024-10,1,0,0,0,0,0,0,0,1,0,0,0,0,0,0,True,8.0,302.0,181.0,2.0,,,,
TheSethRose/Agent-Chat,2024-11,treatment,1,1,0,2024-10,1,1,0,0,0,0,0,0,0,1,0,0,0,0,0,False,0.0,0.0,0.0,0.0,,,,
TheSethRose/Agent-Chat,2024-12,treatment,1,1,0,2024-10,1,2,0,0,0,0,0,0,0,0,1,0,0,0,0,False,0.0,0.0,0.0,0.0,,,,
TheSethRose/Agent-Chat,2025-01,treatment,1,1,0,2024-10,1,3,0,0,0,0,0,0,0,0,0,1,0,0,0,False,0.0,0.0,0.0,0.0,,,,
TheSethRose/Agent-Chat,2025-02,treatment,1,1,0,2024-10,1,4,0,0,0,0,0,0,0,0,0,0,1,0,0,False,0.0,0.0,0.0,0.0,,,,
TheSethRose/Agent-Chat,2025-03,treatment,1,1,0,2024-10,1,5,0,0,0,0,0,0,0,0,0,0,0,1,0,False,0.0,0.0,0.0,0.0,,,,
TheSethRose/Agent-Chat,2025-04,treatment,1,1,0,2024-10,1,6,0,0,0,0,0,0,0,0,0,0,0,0,1,False,0.0,0.0,0.0,0.0,,,,
TheSethRose/Agent-Chat,2025-05,treatment,1,1,0,2024-10,1,7,0,0,0,0,0,0,0,0,0,0,0,0,1,False,0.0,0.0,0.0,0.0,,,,
TheSethRose/Agent-Chat,2025-06,treatment,1,1,0,2024-10,1,8,0,0,0,0,0,0,0,0,0,0,0,0,1,False,0.0,0.0,0.0,0.0,,,,
TheSethRose/Agent-Chat,2025-07,treatment,1,1,0,2024-10,1,9,0,0,0,0,0,0,0,0,0,0,0,0,1,False,0.0,0.0,0.0,0.0,,,,
TheSethRose/Agent-Chat,2025-08,treatment,1,1,0,2024-10,1,10,0,0,0,0,0,0,0,0,0,0,0,0,1,False,0.0,0.0,0.0,0.0,,,,
ToolUse/infinite-ai-seo,2025-02,treatment,1,1,1,2025-02,1,0,0,0,0,0,0,0,1,0,0,0,0,0,0,True,7.0,1115.0,563.0,1.0,,,,
ToolUse/infinite-ai-seo,2025-03,treatment,1,1,0,2025-02,1,1,0,0,0,0,0,0,0,1,0,0,0,0,0,False,0.0,0.0,0.0,0.0,,,,
ToolUse/infinite-ai-seo,2025-04,treatment,1,1,0,2025-02,1,2,0,0,0,0,0,0,0,0,1,0,0,0,0,False,0.0,0.0,0.0,0.0,,,,
ToolUse/infinite-ai-seo,2025-05,treatment,1,1,0,2025-02,1,3,0,0,0,0,0,0,0,0,0,1,0,0,0,False,0.0,0.0,0.0,0.0,,,,
ToolUse/infinite-ai-seo,2025-06,treatment,1,1,0,2025-02,1,4,0,0,0,0,0,0,0,0,0,0,1,0,0,False,0.0,0.0,0.0,0.0,,,,
ToolUse/infinite-ai-seo,2025-07,treatment,1,1,0,2025-02,1,5,0,0,0,0,0,0,0,0,0,0,0,1,0,False,0.0,0.0,0.0,0.0,,,,
ToolUse/infinite-ai-seo,2025-08,treatment,1,1,0,2025-02,1,6,0,0,0,0,0,0,0,0,0,0,0,0,1,False,0.0,0.0,0.0,0.0,,,,
ToolUse/tool-use-ai,2024-09,treatment,1,0,0,2024-12,0,-3,0,0,0,1,0,0,0,0,0,0,0,0,0,False,1.0,0.0,0.0,1.0,,,,
ToolUse/tool-use-ai,2024-10,treatment,1,0,0,2024-12,0,-2,0,0,0,0,1,0,0,0,0,0,0,0,0,False,39.0,10239.0,682.0,3.0,,,,
ToolUse/tool-use-ai,2024-11,treatment,1,0,0,2024-12,0,-1,0,0,0,0,0,1,0,0,0,0,0,0,0,False,29.0,3389.0,447.0,4.0,,,,
ToolUse/tool-use-ai,2024-12,treatment,1,1,1,2024-12,1,0,0,0,0,0,0,0,1,0,0,0,0,0,0,True,5.0,1162.0,4.0,1.0,,,,
ToolUse/tool-use-ai,2025-01,treatment,1,1,0,2024-12,1,1,0,0,0,0,0,0,0,1,0,0,0,0,0,False,0.0,0.0,0.0,0.0,,,,
ToolUse/tool-use-ai,2025-02,treatment,1,1,0,2024-12,1,2,0,0,0,0,0,0,0,0,1,0,0,0,0,False,0.0,0.0,0.0,0.0,,,,
ToolUse/tool-use-ai,2025-03,treatment,1,1,0,2024-12,1,3,0,0,0,0,0,0,0,0,0,1,0,0,0,False,0.0,0.0,0.0,0.0,,,,
ToolUse/tool-use-ai,2025-04,treatment,1,1,0,2024-12,1,4,0,0,0,0,0,0,0,0,0,0,1,0,0,False,1.0,2.0,2.0,1.0,,,,
ToolUse/tool-use-ai,2025-05,treatment,1,1,0,2024-12,1,5,0,0,0,0,0,0,0,0,0,0,0,1,0,False,0.0,0.0,0.0,0.0,,,,
ToolUse/tool-use-ai,2025-06,treatment,1,1,0,2024-12,1,6,0,0,0,0,0,0,0,0,0,0,0,0,1,False,0.0,0.0,0.0,0.0,,,,
ToolUse/tool-use-ai,2025-07,treatment,1,1,0,2024-12,1,7,0,0,0,0,0,0,0,0,0,0,0,0,1,False,0.0,0.0,0.0,0.0,,,,
ToolUse/tool-use-ai,2025-08,treatment,1,1,0,2024-12,1,8,0,0,0,0,0,0,0,0,0,0,0,0,1,False,0.0,0.0,0.0,0.0,,,,
VRSEN/agency-swarm,2024-01,treatment,1,0,0,2024-10,0,-9,1,0,0,0,0,0,0,0,0,0,0,0,0,False,72.0,7419.0,3473.0,2.0,,,,
VRSEN/agency-swarm,2024-02,treatment,1,0,0,2024-10,0,-8,1,0,0,0,0,0,0,0,0,0,0,0,0,False,51.0,4731.0,1990.0,5.0,,,,
VRSEN/agency-swarm,2024-03,treatment,1,0,0,2024-10,0,-7,1,0,0,0,0,0,0,0,0,0,0,0,0,False,39.0,3328.0,4899.0,1.0,,,,
VRSEN/agency-swarm,2024-04,treatment,1,0,0,2024-10,0,-6,1,0,0,0,0,0,0,0,0,0,0,0,0,False,32.0,3460.0,555.0,1.0,,,,
VRSEN/agency-swarm,2024-05,treatment,1,0,0,2024-10,0,-5,0,1,0,0,0,0,0,0,0,0,0,0,0,False,60.0,3021.0,2304.0,6.0,,,,
VRSEN/agency-swarm,2024-06,treatment,1,0,0,2024-10,0,-4,0,0,1,0,0,0,0,0,0,0,0,0,0,False,5.0,15.0,26.0,2.0,,,,
VRSEN/agency-swarm,2024-07,treatment,1,0,0,2024-10,0,-3,0,0,0,1,0,0,0,0,0,0,0,0,0,False,30.0,1398.0,1050.0,1.0,,,,
VRSEN/agency-swarm,2024-08,treatment,1,0,0,2024-10,0,-2,0,0,0,0,1,0,0,0,0,0,0,0,0,False,34.0,711.0,364.0,1.0,,,,
VRSEN/agency-swarm,2024-09,treatment,1,0,0,2024-10,0,-1,0,0,0,0,0,1,0,0,0,0,0,0,0,False,10.0,29.0,16.0,4.0,,,,
VRSEN/agency-swarm,2024-10,treatment,1,1,1,2024-10,1,0,0,0,0,0,0,0,1,0,0,0,0,0,0,True,13.0,414.0,77.0,2.0,,,,
VRSEN/agency-swarm,2024-11,treatment,1,1,0,2024-10,1,1,0,0,0,0,0,0,0,1,0,0,0,0,0,False,62.0,14277.0,7078.0,5.0,,,,
VRSEN/agency-swarm,2024-12,treatment,1,1,1,2024-10,1,2,0,0,0,0,0,0,0,0,1,0,0,0,0,True,22.0,7832.0,4899.0,3.0,,,,
VRSEN/agency-swarm,2025-01,treatment,1,1,0,2024-10,1,3,0,0,0,0,0,0,0,0,0,1,0,0,0,False,3.0,32.0,4.0,1.0,,,,
VRSEN/agency-swarm,2025-02,treatment,1,1,1,2024-10,1,4,0,0,0,0,0,0,0,0,0,0,1,0,0,True,43.0,9763.0,7070.0,6.0,,,,
VRSEN/agency-swarm,2025-03,treatment,1,1,1,2024-10,1,5,0,0,0,0,0,0,0,0,0,0,0,1,0,True,30.0,7539.0,3613.0,6.0,,,,
VRSEN/agency-swarm,2025-04,treatment,1,1,1,2024-10,1,6,0,0,0,0,0,0,0,0,0,0,0,0,1,True,47.0,5694.0,1328.0,6.0,,,,
VRSEN/agency-swarm,2025-05,treatment,1,1,1,2024-10,1,7,0,0,0,0,0,0,0,0,0,0,0,0,1,True,90.0,22703.0,21224.0,7.0,,,,
VRSEN/agency-swarm,2025-06,treatment,1,1,1,2024-10,1,8,0,0,0,0,0,0,0,0,0,0,0,0,1,True,203.0,59562.0,47421.0,5.0,,,,
VRSEN/agency-swarm,2025-07,treatment,1,1,1,2024-10,1,9,0,0,0,0,0,0,0,0,0,0,0,0,1,True,129.0,30308.0,20847.0,4.0,,,,
VRSEN/agency-swarm,2025-08,treatment,1,1,1,2024-10,1,10,0,0,0,0,0,0,0,0,0,0,0,0,1,True,333.0,78826.0,43207.0,4.0,,,,
VRSEN/agency-swarm-memory-demo,2025-02,treatment,1,1,1,2025-02,1,0,0,0,0,0,0,0,1,0,0,0,0,0,0,True,12.0,1315.0,339.0,2.0,,,,
VRSEN/agency-swarm-memory-demo,2025-03,treatment,1,1,0,2025-02,1,1,0,0,0,0,0,0,0,1,0,0,0,0,0,False,0.0,0.0,0.0,0.0,,,,
VRSEN/agency-swarm-memory-demo,2025-04,treatment,1,1,0,2025-02,1,2,0,0,0,0,0,0,0,0,1,0,0,0,0,False,0.0,0.0,0.0,0.0,,,,
VRSEN/agency-swarm-memory-demo,2025-05,treatment,1,1,0,2025-02,1,3,0,0,0,0,0,0,0,0,0,1,0,0,0,False,0.0,0.0,0.0,0.0,,,,
VRSEN/agency-swarm-memory-demo,2025-06,treatment,1,1,0,2025-02,1,4,0,0,0,0,0,0,0,0,0,0,1,0,0,False,0.0,0.0,0.0,0.0,,,,
VRSEN/agency-swarm-memory-demo,2025-07,treatment,1,1,0,2025-02,1,5,0,0,0,0,0,0,0,0,0,0,0,1,0,False,0.0,0.0,0.0,0.0,,,,
VRSEN/agency-swarm-memory-demo,2025-08,treatment,1,1,0,2025-02,1,6,0,0,0,0,0,0,0,0,0,0,0,0,1,False,0.0,0.0,0.0,0.0,,,,
VRSEN/agency-voice-interface,2024-10,treatment,1,1,1,2024-10,1,0,0,0,0,0,0,0,1,0,0,0,0,0,0,True,54.0,8163.0,4041.0,2.0,,,,
VRSEN/agency-voice-interface,2024-11,treatment,1,1,0,2024-10,1,1,0,0,0,0,0,0,0,1,0,0,0,0,0,False,1.0,4.0,4.0,1.0,,,,
VRSEN/agency-voice-interface,2024-12,treatment,1,1,0,2024-10,1,2,0,0,0,0,0,0,0,0,1,0,0,0,0,False,0.0,0.0,0.0,0.0,,,,
VRSEN/agency-voice-interface,2025-01,treatment,1,1,0,2024-10,1,3,0,0,0,0,0,0,0,0,0,1,0,0,0,False,2.0,2.0,16.0,1.0,,,,
VRSEN/agency-voice-interface,2025-02,treatment,1,1,0,2024-10,1,4,0,0,0,0,0,0,0,0,0,0,1,0,0,False,0.0,0.0,0.0,0.0,,,,
VRSEN/agency-voice-interface,2025-03,treatment,1,1,0,2024-10,1,5,0,0,0,0,0,0,0,0,0,0,0,1,0,False,0.0,0.0,0.0,0.0,,,,
VRSEN/agency-voice-interface,2025-04,treatment,1,1,0,2024-10,1,6,0,0,0,0,0,0,0,0,0,0,0,0,1,False,0.0,0.0,0.0,0.0,,,,
VRSEN/agency-voice-interface,2025-05,treatment,1,1,0,2024-10,1,7,0,0,0,0,0,0,0,0,0,0,0,0,1,False,0.0,0.0,0.0,0.0,,,,
VRSEN/agency-voice-interface,2025-06,treatment,1,1,0,2024-10,1,8,0,0,0,0,0,0,0,0,0,0,0,0,1,False,0.0,0.0,0.0,0.0,,,,
VRSEN/agency-voice-interface,2025-07,treatment,1,1,0,2024-10,1,9,0,0,0,0,0,0,0,0,0,0,0,0,1,False,0.0,0.0,0.0,0.0,,,,
VRSEN/agency-voice-interface,2025-08,treatment,1,1,0,2024-10,1,10,0,0,0,0,0,0,0,0,0,0,0,0,1,False,0.0,0.0,0.0,0.0,,,,
W1ndys/Blog,2024-03,treatment,1,0,0,2025-01,0,-10,1,0,0,0,0,0,0,0,0,0,0,0,0,False,176.0,82850.0,7636.0,5.0,,,,
W1ndys/Blog,2024-04,treatment,1,0,0,2025-01,0,-9,1,0,0,0,0,0,0,0,0,0,0,0,0,False,146.0,43990.0,126319.0,4.0,,,,
W1ndys/Blog,2024-05,treatment,1,0,0,2025-01,0,-8,1,0,0,0,0,0,0,0,0,0,0,0,0,False,68.0,1711.0,968.0,3.0,,,,
W1ndys/Blog,2024-06,treatment,1,0,0,2025-01,0,-7,1,0,0,0,0,0,0,0,0,0,0,0,0,False,50.0,3730.0,782.0,3.0,,,,
W1ndys/Blog,2024-07,treatment,1,0,0,2025-01,0,-6,1,0,0,0,0,0,0,0,0,0,0,0,0,False,68.0,1981.0,1338.0,1.0,,,,
W1ndys/Blog,2024-08,treatment,1,0,0,2025-01,0,-5,0,1,0,0,0,0,0,0,0,0,0,0,0,False,33.0,1236.0,583.0,1.0,,,,
W1ndys/Blog,2024-09,treatment,1,0,0,2025-01,0,-4,0,0,1,0,0,0,0,0,0,0,0,0,0,False,41.0,1641.0,113.0,2.0,,,,
W1ndys/Blog,2024-10,treatment,1,0,0,2025-01,0,-3,0,0,0,1,0,0,0,0,0,0,0,0,0,False,19.0,1055.0,19.0,3.0,,,,
W1ndys/Blog,2024-11,treatment,1,0,0,2025-01,0,-2,0,0,0,0,1,0,0,0,0,0,0,0,0,False,13.0,918.0,52.0,1.0,,,,
W1ndys/Blog,2024-12,treatment,1,0,0,2025-01,0,-1,0,0,0,0,0,1,0,0,0,0,0,0,0,False,19.0,742.0,3374.0,2.0,,,,
W1ndys/Blog,2025-01,treatment,1,1,1,2025-01,1,0,0,0,0,0,0,0,1,0,0,0,0,0,0,True,112.0,7557.0,8838.0,1.0,,,,
W1ndys/Blog,2025-02,treatment,1,1,0,2025-01,1,1,0,0,0,0,0,0,0,1,0,0,0,0,0,False,13.0,347.0,519.0,1.0,,,,
W1ndys/Blog,2025-03,treatment,1,1,0,2025-01,1,2,0,0,0,0,0,0,0,0,1,0,0,0,0,False,5.0,214.0,171.0,3.0,,,,
W1ndys/Blog,2025-04,treatment,1,1,0,2025-01,1,3,0,0,0,0,0,0,0,0,0,1,0,0,0,False,15.0,407.0,56.0,3.0,,,,
W1ndys/Blog,2025-05,treatment,1,1,0,2025-01,1,4,0,0,0,0,0,0,0,0,0,0,1,0,0,False,20.0,916.0,256.0,1.0,,,,
W1ndys/Blog,2025-06,treatment,1,1,0,2025-01,1,5,0,0,0,0,0,0,0,0,0,0,0,1,0,False,3.0,234.0,11.0,1.0,,,,
W1ndys/Blog,2025-07,treatment,1,1,0,2025-01,1,6,0,0,0,0,0,0,0,0,0,0,0,0,1,False,0.0,0.0,0.0,0.0,,,,
W1ndys/Blog,2025-08,treatment,1,1,0,2025-01,1,7,0,0,0,0,0,0,0,0,0,0,0,0,1,False,0.0,0.0,0.0,0.0,,,,
WangQrkkk/ThinkingCursor,2025-01,treatment,1,1,1,2025-01,1,0,0,0,0,0,0,0,1,0,0,0,0,0,0,True,2.0,1.0,1.0,1.0,,,,
WangQrkkk/ThinkingCursor,2025-02,treatment,1,1,0,2025-01,1,1,0,0,0,0,0,0,0,1,0,0,0,0,0,False,3.0,306.0,9.0,1.0,,,,
WangQrkkk/ThinkingCursor,2025-03,treatment,1,1,0,2025-01,1,2,0,0,0,0,0,0,0,0,1,0,0,0,0,False,0.0,0.0,0.0,0.0,,,,
WangQrkkk/ThinkingCursor,2025-04,treatment,1,1,0,2025-01,1,3,0,0,0,0,0,0,0,0,0,1,0,0,0,False,0.0,0.0,0.0,0.0,,,,
WangQrkkk/ThinkingCursor,2025-05,treatment,1,1,0,2025-01,1,4,0,0,0,0,0,0,0,0,0,0,1,0,0,False,0.0,0.0,0.0,0.0,,,,
WangQrkkk/ThinkingCursor,2025-06,treatment,1,1,0,2025-01,1,5,0,0,0,0,0,0,0,0,0,0,0,1,0,False,0.0,0.0,0.0,0.0,,,,
WangQrkkk/ThinkingCursor,2025-07,treatment,1,1,0,2025-01,1,6,0,0,0,0,0,0,0,0,0,0,0,0,1,False,0.0,0.0,0.0,0.0,,,,
WangQrkkk/ThinkingCursor,2025-08,treatment,1,1,0,2025-01,1,7,0,0,0,0,0,0,0,0,0,0,0,0,1,False,0.0,0.0,0.0,0.0,,,,
airweave-ai/airweave,2024-12,treatment,1,0,0,2025-03,0,-3,0,0,0,1,0,0,0,0,0,0,0,0,0,False,28.0,12613.0,2611.0,3.0,,,,
airweave-ai/airweave,2025-01,treatment,1,0,0,2025-03,0,-2,0,0,0,0,1,0,0,0,0,0,0,0,0,False,162.0,68222.0,6028.0,6.0,,,,
airweave-ai/airweave,2025-02,treatment,1,0,0,2025-03,0,-1,0,0,0,0,0,1,0,0,0,0,0,0,0,False,160.0,26970.0,11806.0,8.0,,,,
airweave-ai/airweave,2025-03,treatment,1,1,1,2025-03,1,0,0,0,0,0,0,0,1,0,0,0,0,0,0,True,148.0,52600.0,20261.0,8.0,,,,
airweave-ai/airweave,2025-04,treatment,1,1,1,2025-03,1,1,0,0,0,0,0,0,0,1,0,0,0,0,0,True,327.0,88457.0,45894.0,11.0,,,,
airweave-ai/airweave,2025-05,treatment,1,1,1,2025-03,1,2,0,0,0,0,0,0,0,0,1,0,0,0,0,True,220.0,122110.0,62891.0,9.0,,,,
airweave-ai/airweave,2025-06,treatment,1,1,0,2025-03,1,3,0,0,0,0,0,0,0,0,0,1,0,0,0,False,119.0,60591.0,35091.0,5.0,,,,
airweave-ai/airweave,2025-07,treatment,1,1,1,2025-03,1,4,0,0,0,0,0,0,0,0,0,0,1,0,0,True,188.0,87951.0,26133.0,8.0,,,,
airweave-ai/airweave,2025-08,treatment,1,1,1,2025-03,1,5,0,0,0,0,0,0,0,0,0,0,0,1,0,True,295.0,184266.0,66623.0,12.0,,,,
allthingslinux/tux,2024-01,treatment,1,0,0,2025-02,0,-13,1,0,0,0,0,0,0,0,0,0,0,0,0,False,85.0,6346.0,2762.0,9.0,,,,
allthingslinux/tux,2024-02,treatment,1,0,0,2025-02,0,-12,1,0,0,0,0,0,0,0,0,0,0,0,0,False,0.0,0.0,0.0,0.0,,,,
allthingslinux/tux,2024-03,treatment,1,0,0,2025-02,0,-11,1,0,0,0,0,0,0,0,0,0,0,0,0,False,109.0,8128.0,4416.0,8.0,,,,
allthingslinux/tux,2024-04,treatment,1,0,0,2025-02,0,-10,1,0,0,0,0,0,0,0,0,0,0,0,0,False,219.0,25725.0,8222.0,16.0,,,,
allthingslinux/tux,2024-05,treatment,1,0,0,2025-02,0,-9,1,0,0,0,0,0,0,0,0,0,0,0,0,False,75.0,3719.0,1249.0,7.0,,,,
allthingslinux/tux,2024-06,treatment,1,0,0,2025-02,0,-8,1,0,0,0,0,0,0,0,0,0,0,0,0,False,113.0,6105.0,5081.0,8.0,,,,
allthingslinux/tux,2024-07,treatment,1,0,0,2025-02,0,-7,1,0,0,0,0,0,0,0,0,0,0,0,0,False,192.0,26635.0,11615.0,15.0,,,,
allthingslinux/tux,2024-08,treatment,1,0,0,2025-02,0,-6,1,0,0,0,0,0,0,0,0,0,0,0,0,False,373.0,39638.0,36552.0,27.0,,,,
allthingslinux/tux,2024-09,treatment,1,0,0,2025-02,0,-5,0,1,0,0,0,0,0,0,0,0,0,0,0,False,300.0,19616.0,13473.0,19.0,,,,
allthingslinux/tux,2024-10,treatment,1,0,0,2025-02,0,-4,0,0,1,0,0,0,0,0,0,0,0,0,0,False,115.0,4099.0,3326.0,9.0,,,,
allthingslinux/tux,2024-11,treatment,1,0,0,2025-02,0,-3,0,0,0,1,0,0,0,0,0,0,0,0,0,False,54.0,2422.0,2659.0,6.0,,,,
allthingslinux/tux,2024-12,treatment,1,0,0,2025-02,0,-2,0,0,0,0,1,0,0,0,0,0,0,0,0,False,47.0,1249.0,1305.0,7.0,,,,
allthingslinux/tux,2025-01,treatment,1,0,0,2025-02,0,-1,0,0,0,0,0,1,0,0,0,0,0,0,0,False,32.0,4691.0,3754.0,6.0,,,,
allthingslinux/tux,2025-02,treatment,1,1,1,2025-02,1,0,0,0,0,0,0,0,1,0,0,0,0,0,0,True,56.0,9277.0,4104.0,4.0,,,,
allthingslinux/tux,2025-03,treatment,1,1,1,2025-02,1,1,0,0,0,0,0,0,0,1,0,0,0,0,0,True,60.0,3695.0,1909.0,6.0,,,,
allthingslinux/tux,2025-04,treatment,1,1,1,2025-02,1,2,0,0,0,0,0,0,0,0,1,0,0,0,0,True,281.0,60154.0,20577.0,10.0,,,,
allthingslinux/tux,2025-05,treatment,1,1,0,2025-02,1,3,0,0,0,0,0,0,0,0,0,1,0,0,0,False,73.0,3928.0,2699.0,11.0,,,,
allthingslinux/tux,2025-06,treatment,1,1,1,2025-02,1,4,0,0,0,0,0,0,0,0,0,0,1,0,0,True,209.0,22793.0,13657.0,16.0,,,,
allthingslinux/tux,2025-07,treatment,1,1,0,2025-02,1,5,0,0,0,0,0,0,0,0,0,0,0,1,0,False,68.0,59652.0,6077.0,10.0,,,,
allthingslinux/tux,2025-08,treatment,1,1,0,2025-02,1,6,0,0,0,0,0,0,0,0,0,0,0,0,1,False,260.0,57223.0,104815.0,10.0,,,,
appl-team/appl,2024-05,treatment,1,0,0,2024-12,0,-7,1,0,0,0,0,0,0,0,0,0,0,0,0,False,5.0,14.0,16.0,1.0,,,,
appl-team/appl,2024-06,treatment,1,0,0,2024-12,0,-6,1,0,0,0,0,0,0,0,0,0,0,0,0,False,3.0,14.0,97.0,1.0,,,,
appl-team/appl,2024-07,treatment,1,0,0,2024-12,0,-5,0,1,0,0,0,0,0,0,0,0,0,0,0,False,1.0,1858.0,877.0,1.0,,,,
appl-team/appl,2024-08,treatment,1,0,0,2024-12,0,-4,0,0,1,0,0,0,0,0,0,0,0,0,0,False,1.0,158.0,83.0,1.0,,,,
appl-team/appl,2024-09,treatment,1,0,0,2024-12,0,-3,0,0,0,1,0,0,0,0,0,0,0,0,0,False,3.0,2330.0,1402.0,1.0,,,,
appl-team/appl,2024-10,treatment,1,0,0,2024-12,0,-2,0,0,0,0,1,0,0,0,0,0,0,0,0,False,1.0,742.0,150.0,1.0,,,,
appl-team/appl,2024-11,treatment,1,0,0,2024-12,0,-1,0,0,0,0,0,1,0,0,0,0,0,0,0,False,1.0,1449.0,433.0,1.0,,,,
appl-team/appl,2024-12,treatment,1,1,1,2024-12,1,0,0,0,0,0,0,0,1,0,0,0,0,0,0,True,6.0,5665.0,1395.0,2.0,,,,
appl-team/appl,2025-01,treatment,1,1,0,2024-12,1,1,0,0,0,0,0,0,0,1,0,0,0,0,0,False,3.0,211.0,44.0,1.0,,,,
appl-team/appl,2025-02,treatment,1,1,0,2024-12,1,2,0,0,0,0,0,0,0,0,1,0,0,0,0,False,0.0,0.0,0.0,0.0,,,,
appl-team/appl,2025-03,treatment,1,1,0,2024-12,1,3,0,0,0,0,0,0,0,0,0,1,0,0,0,False,0.0,0.0,0.0,0.0,,,,
appl-team/appl,2025-04,treatment,1,1,0,2024-12,1,4,0,0,0,0,0,0,0,0,0,0,1,0,0,False,0.0,0.0,0.0,0.0,,,,
appl-team/appl,2025-05,treatment,1,1,0,2024-12,1,5,0,0,0,0,0,0,0,0,0,0,0,1,0,False,0.0,0.0,0.0,0.0,,,,
appl-team/appl,2025-06,treatment,1,1,0,2024-12,1,6,0,0,0,0,0,0,0,0,0,0,0,0,1,False,0.0,0.0,0.0,0.0,,,,
appl-team/appl,2025-07,treatment,1,1,0,2024-12,1,7,0,0,0,0,0,0,0,0,0,0,0,0,1,False,0.0,0.0,0.0,0.0,,,,
appl-team/appl,2025-08,treatment,1,1,0,2024-12,1,8,0,0,0,0,0,0,0,0,0,0,0,0,1,False,0.0,0.0,0.0,0.0,,,,
askjohngeorge/pipecat-lead-qualifier,2025-01,treatment,1,1,1,2025-01,1,0,0,0,0,0,0,0,1,0,0,0,0,0,0,True,174.0,18196.0,5669.0,1.0,,,,
askjohngeorge/pipecat-lead-qualifier,2025-02,treatment,1,1,1,2025-01,1,1,0,0,0,0,0,0,0,1,0,0,0,0,0,True,222.0,8015.0,17382.0,1.0,,,,
askjohngeorge/pipecat-lead-qualifier,2025-03,treatment,1,1,0,2025-01,1,2,0,0,0,0,0,0,0,0,1,0,0,0,0,False,0.0,0.0,0.0,0.0,,,,
askjohngeorge/pipecat-lead-qualifier,2025-04,treatment,1,1,0,2025-01,1,3,0,0,0,0,0,0,0,0,0,1,0,0,0,False,0.0,0.0,0.0,0.0,,,,
askjohngeorge/pipecat-lead-qualifier,2025-05,treatment,1,1,0,2025-01,1,4,0,0,0,0,0,0,0,0,0,0,1,0,0,False,0.0,0.0,0.0,0.0,,,,
askjohngeorge/pipecat-lead-qualifier,2025-06,treatment,1,1,0,2025-01,1,5,0,0,0,0,0,0,0,0,0,0,0,1,0,False,0.0,0.0,0.0,0.0,,,,
askjohngeorge/pipecat-lead-qualifier,2025-07,treatment,1,1,0,2025-01,1,6,0,0,0,0,0,0,0,0,0,0,0,0,1,False,0.0,0.0,0.0,0.0,,,,
askjohngeorge/pipecat-lead-qualifier,2025-08,treatment,1,1,0,2025-01,1,7,0,0,0,0,0,0,0,0,0,0,0,0,1,False,0.0,0.0,0.0,0.0,,,,
c4fun/tell-stories-webui,2025-02,treatment,1,1,1,2025-02,1,0,0,0,0,0,0,0,1,0,0,0,0,0,0,True,18.0,1115.0,149.0,2.0,,,,
c4fun/tell-stories-webui,2025-03,treatment,1,1,0,2025-02,1,1,0,0,0,0,0,0,0,1,0,0,0,0,0,False,0.0,0.0,0.0,0.0,,,,
c4fun/tell-stories-webui,2025-04,treatment,1,1,0,2025-02,1,2,0,0,0,0,0,0,0,0,1,0,0,0,0,False,2.0,4.0,4.0,2.0,,,,
c4fun/tell-stories-webui,2025-05,treatment,1,1,0,2025-02,1,3,0,0,0,0,0,0,0,0,0,1,0,0,0,False,0.0,0.0,0.0,0.0,,,,
c4fun/tell-stories-webui,2025-06,treatment,1,1,0,2025-02,1,4,0,0,0,0,0,0,0,0,0,0,1,0,0,False,0.0,0.0,0.0,0.0,,,,
c4fun/tell-stories-webui,2025-07,treatment,1,1,0,2025-02,1,5,0,0,0,0,0,0,0,0,0,0,0,1,0,False,0.0,0.0,0.0,0.0,,,,
c4fun/tell-stories-webui,2025-08,treatment,1,1,0,2025-02,1,6,0,0,0,0,0,0,0,0,0,0,0,0,1,False,0.0,0.0,0.0,0.0,,,,
cgevans/qslib,2024-01,treatment,1,0,0,2025-02,0,-13,1,0,0,0,0,0,0,0,0,0,0,0,0,False,0.0,0.0,0.0,0.0,,,,
cgevans/qslib,2024-02,treatment,1,0,0,2025-02,0,-12,1,0,0,0,0,0,0,0,0,0,0,0,0,False,1.0,23.0,8.0,1.0,,,,
cgevans/qslib,2024-03,treatment,1,0,0,2025-02,0,-11,1,0,0,0,0,0,0,0,0,0,0,0,0,False,2.0,111.0,38.0,1.0,,,,
cgevans/qslib,2024-04,treatment,1,0,0,2025-02,0,-10,1,0,0,0,0,0,0,0,0,0,0,0,0,False,0.0,0.0,0.0,0.0,,,,
cgevans/qslib,2024-05,treatment,1,0,0,2025-02,0,-9,1,0,0,0,0,0,0,0,0,0,0,0,0,False,1.0,18.0,5.0,1.0,,,,
cgevans/qslib,2024-06,treatment,1,0,0,2025-02,0,-8,1,0,0,0,0,0,0,0,0,0,0,0,0,False,0.0,0.0,0.0,0.0,,,,
cgevans/qslib,2024-07,treatment,1,0,0,2025-02,0,-7,1,0,0,0,0,0,0,0,0,0,0,0,0,False,0.0,0.0,0.0,0.0,,,,
cgevans/qslib,2024-08,treatment,1,0,0,2025-02,0,-6,1,0,0,0,0,0,0,0,0,0,0,0,0,False,4.0,472.0,406.0,1.0,,,,
cgevans/qslib,2024-09,treatment,1,0,0,2025-02,0,-5,0,1,0,0,0,0,0,0,0,0,0,0,0,False,0.0,0.0,0.0,0.0,,,,
cgevans/qslib,2024-10,treatment,1,0,0,2025-02,0,-4,0,0,1,0,0,0,0,0,0,0,0,0,0,False,5.0,417.0,214.0,1.0,,,,
cgevans/qslib,2024-11,treatment,1,0,0,2025-02,0,-3,0,0,0,1,0,0,0,0,0,0,0,0,0,False,7.0,122.0,19.0,1.0,,,,
cgevans/qslib,2024-12,treatment,1,0,0,2025-02,0,-2,0,0,0,0,1,0,0,0,0,0,0,0,0,False,4.0,197.0,60.0,1.0,,,,
cgevans/qslib,2025-01,treatment,1,0,0,2025-02,0,-1,0,0,0,0,0,1,0,0,0,0,0,0,0,False,1.0,25.0,21.0,1.0,,,,
cgevans/qslib,2025-02,treatment,1,1,1,2025-02,1,0,0,0,0,0,0,0,1,0,0,0,0,0,0,True,68.0,12344.0,7415.0,2.0,,,,
cgevans/qslib,2025-03,treatment,1,1,1,2025-02,1,1,0,0,0,0,0,0,0,1,0,0,0,0,0,True,60.0,15997.0,2945.0,1.0,,,,
cgevans/qslib,2025-04,treatment,1,1,0,2025-02,1,2,0,0,0,0,0,0,0,0,1,0,0,0,0,False,1.0,11.0,0.0,1.0,,,,
cgevans/qslib,2025-05,treatment,1,1,0,2025-02,1,3,0,0,0,0,0,0,0,0,0,1,0,0,0,False,1.0,15.0,15.0,1.0,,,,
cgevans/qslib,2025-06,treatment,1,1,0,2025-02,1,4,0,0,0,0,0,0,0,0,0,0,1,0,0,False,1.0,1.0,145.0,1.0,,,,
cgevans/qslib,2025-07,treatment,1,1,0,2025-02,1,5,0,0,0,0,0,0,0,0,0,0,0,1,0,False,4.0,65.0,8.0,1.0,,,,
cgevans/qslib,2025-08,treatment,1,1,0,2025-02,1,6,0,0,0,0,0,0,0,0,0,0,0,0,1,False,8.0,1112.0,464.0,1.0,,,,
codingforentrepreneurs/Cursor-Django,2024-10,treatment,1,1,1,2024-10,1,0,0,0,0,0,0,0,1,0,0,0,0,0,0,True,32.0,1517.0,275.0,2.0,,,,
codingforentrepreneurs/Cursor-Django,2024-11,treatment,1,1,0,2024-10,1,1,0,0,0,0,0,0,0,1,0,0,0,0,0,False,0.0,0.0,0.0,0.0,,,,
codingforentrepreneurs/Cursor-Django,2024-12,treatment,1,1,0,2024-10,1,2,0,0,0,0,0,0,0,0,1,0,0,0,0,False,0.0,0.0,0.0,0.0,,,,
codingforentrepreneurs/Cursor-Django,2025-01,treatment,1,1,0,2024-10,1,3,0,0,0,0,0,0,0,0,0,1,0,0,0,False,0.0,0.0,0.0,0.0,,,,
codingforentrepreneurs/Cursor-Django,2025-02,treatment,1,1,0,2024-10,1,4,0,0,0,0,0,0,0,0,0,0,1,0,0,False,0.0,0.0,0.0,0.0,,,,
codingforentrepreneurs/Cursor-Django,2025-03,treatment,1,1,0,2024-10,1,5,0,0,0,0,0,0,0,0,0,0,0,1,0,False,0.0,0.0,0.0,0.0,,,,
codingforentrepreneurs/Cursor-Django,2025-04,treatment,1,1,0,2024-10,1,6,0,0,0,0,0,0,0,0,0,0,0,0,1,False,0.0,0.0,0.0,0.0,,,,
codingforentrepreneurs/Cursor-Django,2025-05,treatment,1,1,0,2024-10,1,7,0,0,0,0,0,0,0,0,0,0,0,0,1,False,0.0,0.0,0.0,0.0,,,,
codingforentrepreneurs/Cursor-Django,2025-06,treatment,1,1,0,2024-10,1,8,0,0,0,0,0,0,0,0,0,0,0,0,1,False,0.0,0.0,0.0,0.0,,,,
codingforentrepreneurs/Cursor-Django,2025-07,treatment,1,1,0,2024-10,1,9,0,0,0,0,0,0,0,0,0,0,0,0,1,False,0.0,0.0,0.0,0.0,,,,
codingforentrepreneurs/Cursor-Django,2025-08,treatment,1,1,0,2024-10,1,10,0,0,0,0,0,0,0,0,0,0,0,0,1,False,0.0,0.0,0.0,0.0,,,,
cohnen/mcp-google-ads,2025-03,treatment,1,1,1,2025-03,1,0,0,0,0,0,0,0,1,0,0,0,0,0,0,True,10.0,1423.0,139.0,1.0,,,,
cohnen/mcp-google-ads,2025-04,treatment,1,1,0,2025-03,1,1,0,0,0,0,0,0,0,1,0,0,0,0,0,False,2.0,422.0,22.0,2.0,,,,
cohnen/mcp-google-ads,2025-05,treatment,1,1,0,2025-03,1,2,0,0,0,0,0,0,0,0,1,0,0,0,0,False,0.0,0.0,0.0,0.0,,,,
cohnen/mcp-google-ads,2025-06,treatment,1,1,0,2025-03,1,3,0,0,0,0,0,0,0,0,0,1,0,0,0,False,0.0,0.0,0.0,0.0,,,,
cohnen/mcp-google-ads,2025-07,treatment,1,1,0,2025-03,1,4,0,0,0,0,0,0,0,0,0,0,1,0,0,False,3.0,76.0,27.0,2.0,,,,
cohnen/mcp-google-ads,2025-08,treatment,1,1,0,2025-03,1,5,0,0,0,0,0,0,0,0,0,0,0,1,0,False,3.0,51.0,6.0,2.0,,,,
daojiAnime/vmq-fastapi,2025-01,treatment,1,1,1,2025-01,1,0,0,0,0,0,0,0,1,0,0,0,0,0,0,True,3.0,229.0,208.0,1.0,,,,
daojiAnime/vmq-fastapi,2025-02,treatment,1,1,0,2025-01,1,1,0,0,0,0,0,0,0,1,0,0,0,0,0,False,27.0,1326.0,254.0,2.0,,,,
daojiAnime/vmq-fastapi,2025-03,treatment,1,1,0,2025-01,1,2,0,0,0,0,0,0,0,0,1,0,0,0,0,False,8.0,28.0,7.0,3.0,,,,
daojiAnime/vmq-fastapi,2025-04,treatment,1,1,0,2025-01,1,3,0,0,0,0,0,0,0,0,0,1,0,0,0,False,0.0,0.0,0.0,0.0,,,,
daojiAnime/vmq-fastapi,2025-05,treatment,1,1,0,2025-01,1,4,0,0,0,0,0,0,0,0,0,0,1,0,0,False,0.0,0.0,0.0,0.0,,,,
daojiAnime/vmq-fastapi,2025-06,treatment,1,1,0,2025-01,1,5,0,0,0,0,0,0,0,0,0,0,0,1,0,False,0.0,0.0,0.0,0.0,,,,
daojiAnime/vmq-fastapi,2025-07,treatment,1,1,0,2025-01,1,6,0,0,0,0,0,0,0,0,0,0,0,0,1,False,0.0,0.0,0.0,0.0,,,,
daojiAnime/vmq-fastapi,2025-08,treatment,1,1,0,2025-01,1,7,0,0,0,0,0,0,0,0,0,0,0,0,1,False,0.0,0.0,0.0,0.0,,,,
discus0434/nook,2025-02,treatment,1,1,1,2025-02,1,0,0,0,0,0,0,0,1,0,0,0,0,0,0,True,9.0,12.0,11.0,2.0,,,,
discus0434/nook,2025-03,treatment,1,1,0,2025-02,1,1,0,0,0,0,0,0,0,1,0,0,0,0,0,False,10.0,71.0,30.0,2.0,,,,
discus0434/nook,2025-04,treatment,1,1,0,2025-02,1,2,0,0,0,0,0,0,0,0,1,0,0,0,0,False,2.0,1101.0,621.0,1.0,,,,
discus0434/nook,2025-05,treatment,1,1,0,2025-02,1,3,0,0,0,0,0,0,0,0,0,1,0,0,0,False,0.0,0.0,0.0,0.0,,,,
discus0434/nook,2025-06,treatment,1,1,0,2025-02,1,4,0,0,0,0,0,0,0,0,0,0,1,0,0,False,0.0,0.0,0.0,0.0,,,,
discus0434/nook,2025-07,treatment,1,1,0,2025-02,1,5,0,0,0,0,0,0,0,0,0,0,0,1,0,False,0.0,0.0,0.0,0.0,,,,
discus0434/nook,2025-08,treatment,1,1,0,2025-02,1,6,0,0,0,0,0,0,0,0,0,0,0,0,1,False,0.0,0.0,0.0,0.0,,,,
ericmjl/llamabot,2024-01,treatment,1,0,0,2024-09,0,-8,1,0,0,0,0,0,0,0,0,0,0,0,0,False,86.0,6270.0,1741.0,4.0,,,,
ericmjl/llamabot,2024-02,treatment,1,0,0,2024-09,0,-7,1,0,0,0,0,0,0,0,0,0,0,0,0,False,106.0,2702.0,2224.0,8.0,,,,
ericmjl/llamabot,2024-03,treatment,1,0,0,2024-09,0,-6,1,0,0,0,0,0,0,0,0,0,0,0,0,False,75.0,5067.0,3392.0,5.0,,,,
ericmjl/llamabot,2024-04,treatment,1,0,0,2024-09,0,-5,0,1,0,0,0,0,0,0,0,0,0,0,0,False,14.0,143.0,52.0,3.0,,,,
ericmjl/llamabot,2024-05,treatment,1,0,0,2024-09,0,-4,0,0,1,0,0,0,0,0,0,0,0,0,0,False,3.0,22.0,3.0,1.0,,,,
ericmjl/llamabot,2024-06,treatment,1,0,0,2024-09,0,-3,0,0,0,1,0,0,0,0,0,0,0,0,0,False,8.0,498.0,104.0,3.0,,,,
ericmjl/llamabot,2024-07,treatment,1,0,0,2024-09,0,-2,0,0,0,0,1,0,0,0,0,0,0,0,0,False,186.0,77646.0,13773.0,9.0,,,,
ericmjl/llamabot,2024-08,treatment,1,0,0,2024-09,0,-1,0,0,0,0,0,1,0,0,0,0,0,0,0,False,73.0,30941.0,51681.0,3.0,,,,
ericmjl/llamabot,2024-09,treatment,1,1,1,2024-09,1,0,0,0,0,0,0,0,1,0,0,0,0,0,0,True,47.0,2371.0,509.0,3.0,,,,
ericmjl/llamabot,2024-10,treatment,1,1,1,2024-09,1,1,0,0,0,0,0,0,0,1,0,0,0,0,0,True,181.0,16369.0,12323.0,5.0,,,,
ericmjl/llamabot,2024-11,treatment,1,1,1,2024-09,1,2,0,0,0,0,0,0,0,0,1,0,0,0,0,True,83.0,13857.0,5477.0,5.0,,,,
ericmjl/llamabot,2024-12,treatment,1,1,0,2024-09,1,3,0,0,0,0,0,0,0,0,0,1,0,0,0,False,57.0,10018.0,6465.0,2.0,,,,
ericmjl/llamabot,2025-01,treatment,1,1,0,2024-09,1,4,0,0,0,0,0,0,0,0,0,0,1,0,0,False,40.0,4542.0,417.0,3.0,,,,
ericmjl/llamabot,2025-02,treatment,1,1,0,2024-09,1,5,0,0,0,0,0,0,0,0,0,0,0,1,0,False,60.0,4961.0,4685.0,2.0,,,,
ericmjl/llamabot,2025-03,treatment,1,1,0,2024-09,1,6,0,0,0,0,0,0,0,0,0,0,0,0,1,False,0.0,0.0,0.0,0.0,,,,
ericmjl/llamabot,2025-04,treatment,1,1,0,2024-09,1,7,0,0,0,0,0,0,0,0,0,0,0,0,1,False,33.0,8078.0,8427.0,3.0,,,,
ericmjl/llamabot,2025-05,treatment,1,1,1,2024-09,1,8,0,0,0,0,0,0,0,0,0,0,0,0,1,True,101.0,14871.0,28393.0,4.0,,,,
ericmjl/llamabot,2025-06,treatment,1,1,0,2024-09,1,9,0,0,0,0,0,0,0,0,0,0,0,0,1,False,23.0,596.0,116.0,3.0,,,,
ericmjl/llamabot,2025-07,treatment,1,1,0,2024-09,1,10,0,0,0,0,0,0,0,0,0,0,0,0,1,False,55.0,13265.0,8076.0,4.0,,,,
ericmjl/llamabot,2025-08,treatment,1,1,0,2024-09,1,11,0,0,0,0,0,0,0,0,0,0,0,0,1,False,54.0,5442.0,4798.0,4.0,,,,
ericmjl/pyds-cli,2024-01,treatment,1,0,0,2024-11,0,-10,1,0,0,0,0,0,0,0,0,0,0,0,0,False,0.0,0.0,0.0,0.0,,,,
ericmjl/pyds-cli,2024-02,treatment,1,0,0,2024-11,0,-9,1,0,0,0,0,0,0,0,0,0,0,0,0,False,14.0,267.0,283.0,1.0,,,,
ericmjl/pyds-cli,2024-03,treatment,1,0,0,2024-11,0,-8,1,0,0,0,0,0,0,0,0,0,0,0,0,False,26.0,228.0,277.0,1.0,,,,
ericmjl/pyds-cli,2024-04,treatment,1,0,0,2024-11,0,-7,1,0,0,0,0,0,0,0,0,0,0,0,0,False,35.0,630.0,485.0,3.0,,,,
ericmjl/pyds-cli,2024-05,treatment,1,0,0,2024-11,0,-6,1,0,0,0,0,0,0,0,0,0,0,0,0,False,6.0,72.0,16.0,3.0,,,,
ericmjl/pyds-cli,2024-06,treatment,1,0,0,2024-11,0,-5,0,1,0,0,0,0,0,0,0,0,0,0,0,False,5.0,77.0,7.0,3.0,,,,
ericmjl/pyds-cli,2024-07,treatment,1,0,0,2024-11,0,-4,0,0,1,0,0,0,0,0,0,0,0,0,0,False,41.0,20008.0,6606.0,3.0,,,,
ericmjl/pyds-cli,2024-08,treatment,1,0,0,2024-11,0,-3,0,0,0,1,0,0,0,0,0,0,0,0,0,False,24.0,1152.0,415.0,2.0,,,,
ericmjl/pyds-cli,2024-09,treatment,1,0,0,2024-11,0,-2,0,0,0,0,1,0,0,0,0,0,0,0,0,False,0.0,0.0,0.0,0.0,,,,
ericmjl/pyds-cli,2024-10,treatment,1,0,0,2024-11,0,-1,0,0,0,0,0,1,0,0,0,0,0,0,0,False,0.0,0.0,0.0,0.0,,,,
ericmjl/pyds-cli,2024-11,treatment,1,1,1,2024-11,1,0,0,0,0,0,0,0,1,0,0,0,0,0,0,True,44.0,4977.0,2662.0,2.0,,,,
ericmjl/pyds-cli,2024-12,treatment,1,1,0,2024-11,1,1,0,0,0,0,0,0,0,1,0,0,0,0,0,False,0.0,0.0,0.0,0.0,,,,
ericmjl/pyds-cli,2025-01,treatment,1,1,0,2024-11,1,2,0,0,0,0,0,0,0,0,1,0,0,0,0,False,0.0,0.0,0.0,0.0,,,,
ericmjl/pyds-cli,2025-02,treatment,1,1,0,2024-11,1,3,0,0,0,0,0,0,0,0,0,1,0,0,0,False,0.0,0.0,0.0,0.0,,,,
ericmjl/pyds-cli,2025-03,treatment,1,1,0,2024-11,1,4,0,0,0,0,0,0,0,0,0,0,1,0,0,False,14.0,941.0,2335.0,2.0,,,,
ericmjl/pyds-cli,2025-04,treatment,1,1,0,2024-11,1,5,0,0,0,0,0,0,0,0,0,0,0,1,0,False,8.0,54.0,37.0,3.0,,,,
ericmjl/pyds-cli,2025-05,treatment,1,1,0,2024-11,1,6,0,0,0,0,0,0,0,0,0,0,0,0,1,False,0.0,0.0,0.0,0.0,,,,
ericmjl/pyds-cli,2025-06,treatment,1,1,0,2024-11,1,7,0,0,0,0,0,0,0,0,0,0,0,0,1,False,0.0,0.0,0.0,0.0,,,,
ericmjl/pyds-cli,2025-07,treatment,1,1,0,2024-11,1,8,0,0,0,0,0,0,0,0,0,0,0,0,1,False,0.0,0.0,0.0,0.0,,,,
ericmjl/pyds-cli,2025-08,treatment,1,1,0,2024-11,1,9,0,0,0,0,0,0,0,0,0,0,0,0,1,False,0.0,0.0,0.0,0.0,,,,
ericyuegu/hal,2024-05,treatment,1,0,0,2025-02,0,-9,1,0,0,0,0,0,0,0,0,0,0,0,0,False,3.0,271.0,16.0,1.0,,,,
ericyuegu/hal,2024-06,treatment,1,0,0,2025-02,0,-8,1,0,0,0,0,0,0,0,0,0,0,0,0,False,48.0,2057.0,1060.0,1.0,,,,
ericyuegu/hal,2024-07,treatment,1,0,0,2025-02,0,-7,1,0,0,0,0,0,0,0,0,0,0,0,0,False,188.0,6950.0,4438.0,1.0,,,,
ericyuegu/hal,2024-08,treatment,1,0,0,2025-02,0,-6,1,0,0,0,0,0,0,0,0,0,0,0,0,False,9.0,223.0,177.0,1.0,,,,
ericyuegu/hal,2024-09,treatment,1,0,0,2025-02,0,-5,0,1,0,0,0,0,0,0,0,0,0,0,0,False,122.0,4116.0,1743.0,1.0,,,,
ericyuegu/hal,2024-10,treatment,1,0,0,2025-02,0,-4,0,0,1,0,0,0,0,0,0,0,0,0,0,False,37.0,1659.0,703.0,1.0,,,,
ericyuegu/hal,2024-11,treatment,1,0,0,2025-02,0,-3,0,0,0,1,0,0,0,0,0,0,0,0,0,False,56.0,2664.0,1553.0,1.0,,,,
ericyuegu/hal,2024-12,treatment,1,0,0,2025-02,0,-2,0,0,0,0,1,0,0,0,0,0,0,0,0,False,35.0,1471.0,1212.0,1.0,,,,
ericyuegu/hal,2025-01,treatment,1,0,0,2025-02,0,-1,0,0,0,0,0,1,0,0,0,0,0,0,0,False,0.0,0.0,0.0,0.0,,,,
ericyuegu/hal,2025-02,treatment,1,1,1,2025-02,1,0,0,0,0,0,0,0,1,0,0,0,0,0,0,True,193.0,11154.0,4942.0,1.0,,,,
ericyuegu/hal,2025-03,treatment,1,1,1,2025-02,1,1,0,0,0,0,0,0,0,1,0,0,0,0,0,True,57.0,3306.0,1147.0,1.0,,,,
ericyuegu/hal,2025-04,treatment,1,1,0,2025-02,1,2,0,0,0,0,0,0,0,0,1,0,0,0,0,False,0.0,0.0,0.0,0.0,,,,
ericyuegu/hal,2025-05,treatment,1,1,0,2025-02,1,3,0,0,0,0,0,0,0,0,0,1,0,0,0,False,0.0,0.0,0.0,0.0,,,,
ericyuegu/hal,2025-06,treatment,1,1,0,2025-02,1,4,0,0,0,0,0,0,0,0,0,0,1,0,0,False,0.0,0.0,0.0,0.0,,,,
ericyuegu/hal,2025-07,treatment,1,1,0,2025-02,1,5,0,0,0,0,0,0,0,0,0,0,0,1,0,False,0.0,0.0,0.0,0.0,,,,
ericyuegu/hal,2025-08,treatment,1,1,0,2025-02,1,6,0,0,0,0,0,0,0,0,0,0,0,0,1,False,0.0,0.0,0.0,0.0,,,,
ericzakariasson/uber-eats-mcp-server,2025-03,treatment,1,1,1,2025-03,1,0,0,0,0,0,0,0,1,0,0,0,0,0,0,True,5.0,230.0,28.0,3.0,,,,
ericzakariasson/uber-eats-mcp-server,2025-04,treatment,1,1,0,2025-03,1,1,0,0,0,0,0,0,0,1,0,0,0,0,0,False,0.0,0.0,0.0,0.0,,,,
ericzakariasson/uber-eats-mcp-server,2025-05,treatment,1,1,0,2025-03,1,2,0,0,0,0,0,0,0,0,1,0,0,0,0,False,0.0,0.0,0.0,0.0,,,,
ericzakariasson/uber-eats-mcp-server,2025-06,treatment,1,1,0,2025-03,1,3,0,0,0,0,0,0,0,0,0,1,0,0,0,False,0.0,0.0,0.0,0.0,,,,
ericzakariasson/uber-eats-mcp-server,2025-07,treatment,1,1,0,2025-03,1,4,0,0,0,0,0,0,0,0,0,0,1,0,0,False,0.0,0.0,0.0,0.0,,,,
ericzakariasson/uber-eats-mcp-server,2025-08,treatment,1,1,0,2025-03,1,5,0,0,0,0,0,0,0,0,0,0,0,1,0,False,0.0,0.0,0.0,0.0,,,,
ethyca/fides,2024-01,treatment,1,0,0,2025-03,0,-14,1,0,0,0,0,0,0,0,0,0,0,0,0,False,38.0,14410.0,17818.0,12.0,,,,
ethyca/fides,2024-02,treatment,1,0,0,2025-03,0,-13,1,0,0,0,0,0,0,0,0,0,0,0,0,False,23.0,4780.0,358.0,8.0,,,,
ethyca/fides,2024-03,treatment,1,0,0,2025-03,0,-12,1,0,0,0,0,0,0,0,0,0,0,0,0,False,58.0,30369.0,14428.0,15.0,,,,
ethyca/fides,2024-04,treatment,1,0,0,2025-03,0,-11,1,0,0,0,0,0,0,0,0,0,0,0,0,False,59.0,20196.0,7710.0,14.0,,,,
ethyca/fides,2024-05,treatment,1,0,0,2025-03,0,-10,1,0,0,0,0,0,0,0,0,0,0,0,0,False,80.0,18516.0,4427.0,16.0,,,,
ethyca/fides,2024-06,treatment,1,0,0,2025-03,0,-9,1,0,0,0,0,0,0,0,0,0,0,0,0,False,71.0,16358.0,6914.0,15.0,,,,
ethyca/fides,2024-07,treatment,1,0,0,2025-03,0,-8,1,0,0,0,0,0,0,0,0,0,0,0,0,False,98.0,22211.0,13007.0,20.0,,,,
ethyca/fides,2024-08,treatment,1,0,0,2025-03,0,-7,1,0,0,0,0,0,0,0,0,0,0,0,0,False,87.0,23400.0,13540.0,18.0,,,,
ethyca/fides,2024-09,treatment,1,0,0,2025-03,0,-6,1,0,0,0,0,0,0,0,0,0,0,0,0,False,58.0,23552.0,3215.0,17.0,,,,
ethyca/fides,2024-10,treatment,1,0,0,2025-03,0,-5,0,1,0,0,0,0,0,0,0,0,0,0,0,False,82.0,13173.0,26018.0,17.0,,,,
ethyca/fides,2024-11,treatment,1,0,0,2025-03,0,-4,0,0,1,0,0,0,0,0,0,0,0,0,0,False,70.0,11592.0,7700.0,13.0,,,,
ethyca/fides,2024-12,treatment,1,0,0,2025-03,0,-3,0,0,0,1,0,0,0,0,0,0,0,0,0,False,56.0,15948.0,32292.0,13.0,,,,
ethyca/fides,2025-01,treatment,1,0,0,2025-03,0,-2,0,0,0,0,1,0,0,0,0,0,0,0,0,False,52.0,14877.0,5327.0,15.0,,,,
ethyca/fides,2025-02,treatment,1,0,0,2025-03,0,-1,0,0,0,0,0,1,0,0,0,0,0,0,0,False,84.0,32694.0,6363.0,17.0,,,,
ethyca/fides,2025-03,treatment,1,1,1,2025-03,1,0,0,0,0,0,0,0,1,0,0,0,0,0,0,True,114.0,34633.0,19840.0,17.0,,,,
ethyca/fides,2025-04,treatment,1,1,0,2025-03,1,1,0,0,0,0,0,0,0,1,0,0,0,0,0,False,112.0,19441.0,5577.0,19.0,,,,
ethyca/fides,2025-05,treatment,1,1,0,2025-03,1,2,0,0,0,0,0,0,0,0,1,0,0,0,0,False,57.0,11737.0,4051.0,17.0,,,,
ethyca/fides,2025-06,treatment,1,1,1,2025-03,1,3,0,0,0,0,0,0,0,0,0,1,0,0,0,True,76.0,38728.0,25706.0,17.0,,,,
ethyca/fides,2025-07,treatment,1,1,0,2025-03,1,4,0,0,0,0,0,0,0,0,0,0,1,0,0,False,115.0,43018.0,11520.0,15.0,,,,
ethyca/fides,2025-08,treatment,1,1,0,2025-03,1,5,0,0,0,0,0,0,0,0,0,0,0,1,0,False,81.0,43108.0,8994.0,18.0,,,,
ezyang/codemcp,2025-03,treatment,1,1,1,2025-03,1,0,0,0,0,0,0,0,1,0,0,0,0,0,0,True,1019.0,43044.0,30258.0,8.0,,,,
ezyang/codemcp,2025-04,treatment,1,1,0,2025-03,1,1,0,0,0,0,0,0,0,1,0,0,0,0,0,False,34.0,1830.0,426.0,3.0,,,,
ezyang/codemcp,2025-05,treatment,1,1,0,2025-03,1,2,0,0,0,0,0,0,0,0,1,0,0,0,0,False,30.0,2783.0,2492.0,2.0,,,,
ezyang/codemcp,2025-06,treatment,1,1,0,2025-03,1,3,0,0,0,0,0,0,0,0,0,1,0,0,0,False,5.0,444.0,372.0,1.0,,,,
ezyang/codemcp,2025-07,treatment,1,1,0,2025-03,1,4,0,0,0,0,0,0,0,0,0,0,1,0,0,False,0.0,0.0,0.0,0.0,,,,
ezyang/codemcp,2025-08,treatment,1,1,0,2025-03,1,5,0,0,0,0,0,0,0,0,0,0,0,1,0,False,0.0,0.0,0.0,0.0,,,,
gerred/mcp-server-replicate,2025-01,treatment,1,1,1,2025-01,1,0,0,0,0,0,0,0,1,0,0,0,0,0,0,True,25.0,8751.0,2459.0,4.0,,,,
gerred/mcp-server-replicate,2025-02,treatment,1,1,0,2025-01,1,1,0,0,0,0,0,0,0,1,0,0,0,0,0,False,1.0,2.0,0.0,1.0,,,,
gerred/mcp-server-replicate,2025-03,treatment,1,1,0,2025-01,1,2,0,0,0,0,0,0,0,0,1,0,0,0,0,False,0.0,0.0,0.0,0.0,,,,
gerred/mcp-server-replicate,2025-04,treatment,1,1,0,2025-01,1,3,0,0,0,0,0,0,0,0,0,1,0,0,0,False,0.0,0.0,0.0,0.0,,,,
gerred/mcp-server-replicate,2025-05,treatment,1,1,0,2025-01,1,4,0,0,0,0,0,0,0,0,0,0,1,0,0,False,0.0,0.0,0.0,0.0,,,,
gerred/mcp-server-replicate,2025-06,treatment,1,1,0,2025-01,1,5,0,0,0,0,0,0,0,0,0,0,0,1,0,False,0.0,0.0,0.0,0.0,,,,
gerred/mcp-server-replicate,2025-07,treatment,1,1,0,2025-01,1,6,0,0,0,0,0,0,0,0,0,0,0,0,1,False,0.0,0.0,0.0,0.0,,,,
gerred/mcp-server-replicate,2025-08,treatment,1,1,0,2025-01,1,7,0,0,0,0,0,0,0,0,0,0,0,0,1,False,0.0,0.0,0.0,0.0,,,,
getsentry/sentry,2024-01,treatment,1,0,0,2025-02,0,-13,1,0,0,0,0,0,0,0,0,0,0,0,0,False,1359.0,123889.0,79595.0,94.0,,,,
getsentry/sentry,2024-02,treatment,1,0,0,2025-02,0,-12,1,0,0,0,0,0,0,0,0,0,0,0,0,False,1235.0,106935.0,66203.0,92.0,,,,
getsentry/sentry,2024-03,treatment,1,0,0,2025-02,0,-11,1,0,0,0,0,0,0,0,0,0,0,0,0,False,1354.0,85346.0,81409.0,106.0,,,,
getsentry/sentry,2024-04,treatment,1,0,0,2025-02,0,-10,1,0,0,0,0,0,0,0,0,0,0,0,0,False,1442.0,120583.0,67968.0,103.0,,,,
getsentry/sentry,2024-05,treatment,1,0,0,2025-02,0,-9,1,0,0,0,0,0,0,0,0,0,0,0,0,False,1386.0,105068.0,74537.0,108.0,,,,
getsentry/sentry,2024-06,treatment,1,0,0,2025-02,0,-8,1,0,0,0,0,0,0,0,0,0,0,0,0,False,1231.0,90487.0,57568.0,103.0,,,,
getsentry/sentry,2024-07,treatment,1,0,0,2025-02,0,-7,1,0,0,0,0,0,0,0,0,0,0,0,0,False,1335.0,109735.0,96810.0,102.0,,,,
getsentry/sentry,2024-08,treatment,1,0,0,2025-02,0,-6,1,0,0,0,0,0,0,0,0,0,0,0,0,False,1011.0,1371750.0,546869.0,102.0,,,,
getsentry/sentry,2024-09,treatment,1,0,0,2025-02,0,-5,0,1,0,0,0,0,0,0,0,0,0,0,0,False,1077.0,106524.0,92851.0,93.0,,,,
getsentry/sentry,2024-10,treatment,1,0,0,2025-02,0,-4,0,0,1,0,0,0,0,0,0,0,0,0,0,False,1242.0,109969.0,64007.0,97.0,,,,
getsentry/sentry,2024-11,treatment,1,0,0,2025-02,0,-3,0,0,0,1,0,0,0,0,0,0,0,0,0,False,1029.0,125272.0,69618.0,91.0,,,,
getsentry/sentry,2024-12,treatment,1,0,0,2025-02,0,-2,0,0,0,0,1,0,0,0,0,0,0,0,0,False,911.0,66669.0,42424.0,95.0,,,,
getsentry/sentry,2025-01,treatment,1,0,0,2025-02,0,-1,0,0,0,0,0,1,0,0,0,0,0,0,0,False,1408.0,115313.0,94649.0,105.0,,,,
getsentry/sentry,2025-02,treatment,1,1,1,2025-02,1,0,0,0,0,0,0,0,1,0,0,0,0,0,0,True,1403.0,223304.0,115200.0,98.0,,,,
getsentry/sentry,2025-03,treatment,1,1,0,2025-02,1,1,0,0,0,0,0,0,0,1,0,0,0,0,0,False,1777.0,183231.0,87506.0,111.0,,,,
getsentry/sentry,2025-04,treatment,1,1,1,2025-02,1,2,0,0,0,0,0,0,0,0,1,0,0,0,0,True,1981.0,166635.0,100395.0,119.0,,,,
getsentry/sentry,2025-05,treatment,1,1,1,2025-02,1,3,0,0,0,0,0,0,0,0,0,1,0,0,0,True,1593.0,140275.0,132865.0,119.0,,,,
getsentry/sentry,2025-06,treatment,1,1,1,2025-02,1,4,0,0,0,0,0,0,0,0,0,0,1,0,0,True,1738.0,158173.0,130970.0,131.0,,,,
getsentry/sentry,2025-07,treatment,1,1,1,2025-02,1,5,0,0,0,0,0,0,0,0,0,0,0,1,0,True,1816.0,185842.0,205435.0,127.0,,,,
getsentry/sentry,2025-08,treatment,1,1,1,2025-02,1,6,0,0,0,0,0,0,0,0,0,0,0,0,1,True,1202.0,155957.0,121463.0,124.0,,,,
grapeot/web_agentic_ai,2025-02,treatment,1,1,1,2025-02,1,0,0,0,0,0,0,0,1,0,0,0,0,0,0,True,46.0,12357.0,4217.0,2.0,,,,
grapeot/web_agentic_ai,2025-03,treatment,1,1,1,2025-02,1,1,0,0,0,0,0,0,0,1,0,0,0,0,0,True,27.0,27665.0,21311.0,2.0,,,,
grapeot/web_agentic_ai,2025-04,treatment,1,1,0,2025-02,1,2,0,0,0,0,0,0,0,0,1,0,0,0,0,False,0.0,0.0,0.0,0.0,,,,
grapeot/web_agentic_ai,2025-05,treatment,1,1,0,2025-02,1,3,0,0,0,0,0,0,0,0,0,1,0,0,0,False,0.0,0.0,0.0,0.0,,,,
grapeot/web_agentic_ai,2025-06,treatment,1,1,0,2025-02,1,4,0,0,0,0,0,0,0,0,0,0,1,0,0,False,0.0,0.0,0.0,0.0,,,,
grapeot/web_agentic_ai,2025-07,treatment,1,1,0,2025-02,1,5,0,0,0,0,0,0,0,0,0,0,0,1,0,False,0.0,0.0,0.0,0.0,,,,
grapeot/web_agentic_ai,2025-08,treatment,1,1,0,2025-02,1,6,0,0,0,0,0,0,0,0,0,0,0,0,1,False,0.0,0.0,0.0,0.0,,,,
hyperb1iss/droidmind,2025-02,treatment,1,0,0,2025-03,0,-1,0,0,0,0,0,1,0,0,0,0,0,0,0,False,1.0,0.0,0.0,1.0,,,,
hyperb1iss/droidmind,2025-03,treatment,1,1,1,2025-03,1,0,0,0,0,0,0,0,1,0,0,0,0,0,0,True,60.0,37801.0,10252.0,1.0,,,,
hyperb1iss/droidmind,2025-04,treatment,1,1,0,2025-03,1,1,0,0,0,0,0,0,0,1,0,0,0,0,0,False,0.0,0.0,0.0,0.0,,,,
hyperb1iss/droidmind,2025-05,treatment,1,1,0,2025-03,1,2,0,0,0,0,0,0,0,0,1,0,0,0,0,False,21.0,6302.0,20122.0,1.0,,,,
hyperb1iss/droidmind,2025-06,treatment,1,1,0,2025-03,1,3,0,0,0,0,0,0,0,0,0,1,0,0,0,False,0.0,0.0,0.0,0.0,,,,
hyperb1iss/droidmind,2025-07,treatment,1,1,0,2025-03,1,4,0,0,0,0,0,0,0,0,0,0,1,0,0,False,0.0,0.0,0.0,0.0,,,,
hyperb1iss/droidmind,2025-08,treatment,1,1,0,2025-03,1,5,0,0,0,0,0,0,0,0,0,0,0,1,0,False,0.0,0.0,0.0,0.0,,,,
ilanbenb/wa_llm,2024-12,treatment,1,0,0,2025-02,0,-2,0,0,0,0,1,0,0,0,0,0,0,0,0,False,1.0,0.0,0.0,1.0,,,,
ilanbenb/wa_llm,2025-01,treatment,1,0,0,2025-02,0,-1,0,0,0,0,0,1,0,0,0,0,0,0,0,False,71.0,10059.0,2447.0,3.0,,,,
ilanbenb/wa_llm,2025-02,treatment,1,1,1,2025-02,1,0,0,0,0,0,0,0,1,0,0,0,0,0,0,True,52.0,39740.0,883.0,3.0,,,,
ilanbenb/wa_llm,2025-03,treatment,1,1,0,2025-02,1,1,0,0,0,0,0,0,0,1,0,0,0,0,0,False,9.0,879.0,36899.0,1.0,,,,
ilanbenb/wa_llm,2025-04,treatment,1,1,0,2025-02,1,2,0,0,0,0,0,0,0,0,1,0,0,0,0,False,2.0,850.0,681.0,2.0,,,,
ilanbenb/wa_llm,2025-05,treatment,1,1,0,2025-02,1,3,0,0,0,0,0,0,0,0,0,1,0,0,0,False,19.0,564.0,177.0,4.0,,,,
ilanbenb/wa_llm,2025-06,treatment,1,1,1,2025-02,1,4,0,0,0,0,0,0,0,0,0,0,1,0,0,True,24.0,931.0,265.0,3.0,,,,
ilanbenb/wa_llm,2025-07,treatment,1,1,0,2025-02,1,5,0,0,0,0,0,0,0,0,0,0,0,1,0,False,14.0,466.0,411.0,2.0,,,,
ilanbenb/wa_llm,2025-08,treatment,1,1,0,2025-02,1,6,0,0,0,0,0,0,0,0,0,0,0,0,1,False,2.0,139.0,79.0,2.0,,,,
instructor-ai/instructor,2024-01,treatment,1,0,0,2025-03,0,-14,1,0,0,0,0,0,0,0,0,0,0,0,0,False,61.0,3768.0,1558.0,18.0,,,,
instructor-ai/instructor,2024-02,treatment,1,0,0,2025-03,0,-13,1,0,0,0,0,0,0,0,0,0,0,0,0,False,100.0,17655.0,10501.0,20.0,,,,
instructor-ai/instructor,2024-03,treatment,1,0,0,2025-03,0,-12,1,0,0,0,0,0,0,0,0,0,0,0,0,False,66.0,5045.0,2287.0,19.0,,,,
instructor-ai/instructor,2024-04,treatment,1,0,0,2025-03,0,-11,1,0,0,0,0,0,0,0,0,0,0,0,0,False,72.0,7942.0,4432.0,26.0,,,,
instructor-ai/instructor,2024-05,treatment,1,0,0,2025-03,0,-10,1,0,0,0,0,0,0,0,0,0,0,0,0,False,64.0,7632.0,1470.0,31.0,,,,
instructor-ai/instructor,2024-06,treatment,1,0,0,2025-03,0,-9,1,0,0,0,0,0,0,0,0,0,0,0,0,False,45.0,8030.0,6013.0,16.0,,,,
instructor-ai/instructor,2024-07,treatment,1,0,0,2025-03,0,-8,1,0,0,0,0,0,0,0,0,0,0,0,0,False,47.0,10195.0,2056.0,17.0,,,,
instructor-ai/instructor,2024-08,treatment,1,0,0,2025-03,0,-7,1,0,0,0,0,0,0,0,0,0,0,0,0,False,20.0,2960.0,2650.0,12.0,,,,
instructor-ai/instructor,2024-09,treatment,1,0,0,2025-03,0,-6,1,0,0,0,0,0,0,0,0,0,0,0,0,False,42.0,4997.0,1689.0,8.0,,,,
instructor-ai/instructor,2024-10,treatment,1,0,0,2025-03,0,-5,0,1,0,0,0,0,0,0,0,0,0,0,0,False,60.0,19704.0,6461.0,19.0,,,,
instructor-ai/instructor,2024-11,treatment,1,0,0,2025-03,0,-4,0,0,1,0,0,0,0,0,0,0,0,0,0,False,35.0,9133.0,5879.0,14.0,,,,
instructor-ai/instructor,2024-12,treatment,1,0,0,2025-03,0,-3,0,0,0,1,0,0,0,0,0,0,0,0,0,False,20.0,7821.0,7878.0,9.0,,,,
instructor-ai/instructor,2025-01,treatment,1,0,0,2025-03,0,-2,0,0,0,0,1,0,0,0,0,0,0,0,0,False,3.0,15.0,12.0,3.0,,,,
instructor-ai/instructor,2025-02,treatment,1,0,0,2025-03,0,-1,0,0,0,0,0,1,0,0,0,0,0,0,0,False,4.0,86.0,6.0,2.0,,,,
instructor-ai/instructor,2025-03,treatment,1,1,1,2025-03,1,0,0,0,0,0,0,0,1,0,0,0,0,0,0,True,46.0,18108.0,2110.0,13.0,,,,
instructor-ai/instructor,2025-04,treatment,1,1,0,2025-03,1,1,0,0,0,0,0,0,0,1,0,0,0,0,0,False,19.0,4907.0,378.0,9.0,,,,
instructor-ai/instructor,2025-05,treatment,1,1,0,2025-03,1,2,0,0,0,0,0,0,0,0,1,0,0,0,0,False,37.0,9647.0,3732.0,7.0,,,,
instructor-ai/instructor,2025-06,treatment,1,1,0,2025-03,1,3,0,0,0,0,0,0,0,0,0,1,0,0,0,False,30.0,14620.0,5058.0,9.0,,,,
instructor-ai/instructor,2025-07,treatment,1,1,0,2025-03,1,4,0,0,0,0,0,0,0,0,0,0,1,0,0,False,72.0,24251.0,17644.0,11.0,,,,
instructor-ai/instructor,2025-08,treatment,1,1,0,2025-03,1,5,0,0,0,0,0,0,0,0,0,0,0,1,0,False,46.0,12628.0,8287.0,10.0,,,,
jmurth1234/ClaudePlayer,2025-02,treatment,1,0,0,2025-03,0,-1,0,0,0,0,0,1,0,0,0,0,0,0,0,False,6.0,605.0,97.0,2.0,,,,
jmurth1234/ClaudePlayer,2025-03,treatment,1,1,1,2025-03,1,0,0,0,0,0,0,0,1,0,0,0,0,0,0,True,6.0,2681.0,1948.0,1.0,,,,
jmurth1234/ClaudePlayer,2025-04,treatment,1,1,0,2025-03,1,1,0,0,0,0,0,0,0,1,0,0,0,0,0,False,0.0,0.0,0.0,0.0,,,,
jmurth1234/ClaudePlayer,2025-05,treatment,1,1,0,2025-03,1,2,0,0,0,0,0,0,0,0,1,0,0,0,0,False,0.0,0.0,0.0,0.0,,,,
jmurth1234/ClaudePlayer,2025-06,treatment,1,1,0,2025-03,1,3,0,0,0,0,0,0,0,0,0,1,0,0,0,False,0.0,0.0,0.0,0.0,,,,
jmurth1234/ClaudePlayer,2025-07,treatment,1,1,0,2025-03,1,4,0,0,0,0,0,0,0,0,0,0,1,0,0,False,0.0,0.0,0.0,0.0,,,,
jmurth1234/ClaudePlayer,2025-08,treatment,1,1,0,2025-03,1,5,0,0,0,0,0,0,0,0,0,0,0,1,0,False,0.0,0.0,0.0,0.0,,,,
keephq/keep,2024-01,treatment,1,0,0,2025-03,0,-14,1,0,0,0,0,0,0,0,0,0,0,0,0,False,67.0,10629.0,5417.0,9.0,,,,
keephq/keep,2024-02,treatment,1,0,0,2025-03,0,-13,1,0,0,0,0,0,0,0,0,0,0,0,0,False,82.0,11503.0,6376.0,9.0,,,,
keephq/keep,2024-03,treatment,1,0,0,2025-03,0,-12,1,0,0,0,0,0,0,0,0,0,0,0,0,False,108.0,9033.0,3914.0,13.0,,,,
keephq/keep,2024-04,treatment,1,0,0,2025-03,0,-11,1,0,0,0,0,0,0,0,0,0,0,0,0,False,109.0,9847.0,2626.0,11.0,,,,
keephq/keep,2024-05,treatment,1,0,0,2025-03,0,-10,1,0,0,0,0,0,0,0,0,0,0,0,0,False,62.0,4082.0,2417.0,11.0,,,,
keephq/keep,2024-06,treatment,1,0,0,2025-03,0,-9,1,0,0,0,0,0,0,0,0,0,0,0,0,False,105.0,23494.0,5719.0,20.0,,,,
keephq/keep,2024-07,treatment,1,0,0,2025-03,0,-8,1,0,0,0,0,0,0,0,0,0,0,0,0,False,168.0,18508.0,4312.0,15.0,,,,
keephq/keep,2024-08,treatment,1,0,0,2025-03,0,-7,1,0,0,0,0,0,0,0,0,0,0,0,0,False,138.0,15823.0,9130.0,18.0,,,,
keephq/keep,2024-09,treatment,1,0,0,2025-03,0,-6,1,0,0,0,0,0,0,0,0,0,0,0,0,False,136.0,43056.0,11661.0,18.0,,,,
keephq/keep,2024-10,treatment,1,0,0,2025-03,0,-5,0,1,0,0,0,0,0,0,0,0,0,0,0,False,106.0,24735.0,8687.0,22.0,,,,
keephq/keep,2024-11,treatment,1,0,0,2025-03,0,-4,0,0,1,0,0,0,0,0,0,0,0,0,0,False,132.0,42733.0,29039.0,11.0,,,,
keephq/keep,2024-12,treatment,1,0,0,2025-03,0,-3,0,0,0,1,0,0,0,0,0,0,0,0,0,False,119.0,21791.0,11611.0,13.0,,,,
keephq/keep,2025-01,treatment,1,0,0,2025-03,0,-2,0,0,0,0,1,0,0,0,0,0,0,0,0,False,118.0,24700.0,6883.0,13.0,,,,
keephq/keep,2025-02,treatment,1,0,0,2025-03,0,-1,0,0,0,0,0,1,0,0,0,0,0,0,0,False,201.0,49243.0,22104.0,15.0,,,,
keephq/keep,2025-03,treatment,1,1,1,2025-03,1,0,0,0,0,0,0,0,1,0,0,0,0,0,0,True,245.0,51443.0,21990.0,17.0,,,,
keephq/keep,2025-04,treatment,1,1,0,2025-03,1,1,0,0,0,0,0,0,0,1,0,0,0,0,0,False,135.0,18903.0,8186.0,12.0,,,,
keephq/keep,2025-05,treatment,1,1,0,2025-03,1,2,0,0,0,0,0,0,0,0,1,0,0,0,0,False,109.0,26021.0,8442.0,18.0,,,,
keephq/keep,2025-06,treatment,1,1,0,2025-03,1,3,0,0,0,0,0,0,0,0,0,1,0,0,0,False,63.0,12360.0,2254.0,14.0,,,,
keephq/keep,2025-07,treatment,1,1,0,2025-03,1,4,0,0,0,0,0,0,0,0,0,0,1,0,0,False,31.0,4225.0,534.0,15.0,,,,
keephq/keep,2025-08,treatment,1,1,0,2025-03,1,5,0,0,0,0,0,0,0,0,0,0,0,1,0,False,19.0,3524.0,214.0,9.0,,,,
leettools-dev/leettools,2024-12,treatment,1,0,0,2025-03,0,-3,0,0,0,1,0,0,0,0,0,0,0,0,0,False,34.0,54037.0,4879.0,3.0,,,,
leettools-dev/leettools,2025-01,treatment,1,0,0,2025-03,0,-2,0,0,0,0,1,0,0,0,0,0,0,0,0,False,37.0,7090.0,2402.0,4.0,,,,
leettools-dev/leettools,2025-02,treatment,1,0,0,2025-03,0,-1,0,0,0,0,0,1,0,0,0,0,0,0,0,False,31.0,13190.0,1930.0,3.0,,,,
leettools-dev/leettools,2025-03,treatment,1,1,1,2025-03,1,0,0,0,0,0,0,0,1,0,0,0,0,0,0,True,25.0,7377.0,2618.0,2.0,,,,
leettools-dev/leettools,2025-04,treatment,1,1,1,2025-03,1,1,0,0,0,0,0,0,0,1,0,0,0,0,0,True,10.0,2489.0,1142.0,1.0,,,,
leettools-dev/leettools,2025-05,treatment,1,1,0,2025-03,1,2,0,0,0,0,0,0,0,0,1,0,0,0,0,False,0.0,0.0,0.0,0.0,,,,
leettools-dev/leettools,2025-06,treatment,1,1,0,2025-03,1,3,0,0,0,0,0,0,0,0,0,1,0,0,0,False,0.0,0.0,0.0,0.0,,,,
leettools-dev/leettools,2025-07,treatment,1,1,0,2025-03,1,4,0,0,0,0,0,0,0,0,0,0,1,0,0,False,0.0,0.0,0.0,0.0,,,,
leettools-dev/leettools,2025-08,treatment,1,1,0,2025-03,1,5,0,0,0,0,0,0,0,0,0,0,0,1,0,False,0.0,0.0,0.0,0.0,,,,
loftwah/auto-jira,2025-02,treatment,1,1,1,2025-02,1,0,0,0,0,0,0,0,1,0,0,0,0,0,0,True,34.0,2363.0,674.0,1.0,,,,
loftwah/auto-jira,2025-03,treatment,1,1,0,2025-02,1,1,0,0,0,0,0,0,0,1,0,0,0,0,0,False,0.0,0.0,0.0,0.0,,,,
loftwah/auto-jira,2025-04,treatment,1,1,0,2025-02,1,2,0,0,0,0,0,0,0,0,1,0,0,0,0,False,0.0,0.0,0.0,0.0,,,,
loftwah/auto-jira,2025-05,treatment,1,1,0,2025-02,1,3,0,0,0,0,0,0,0,0,0,1,0,0,0,False,0.0,0.0,0.0,0.0,,,,
loftwah/auto-jira,2025-06,treatment,1,1,0,2025-02,1,4,0,0,0,0,0,0,0,0,0,0,1,0,0,False,0.0,0.0,0.0,0.0,,,,
loftwah/auto-jira,2025-07,treatment,1,1,0,2025-02,1,5,0,0,0,0,0,0,0,0,0,0,0,1,0,False,0.0,0.0,0.0,0.0,,,,
loftwah/auto-jira,2025-08,treatment,1,1,0,2025-02,1,6,0,0,0,0,0,0,0,0,0,0,0,0,1,False,0.0,0.0,0.0,0.0,,,,
lss233/kirara-ai,2024-01,treatment,1,0,0,2025-02,0,-13,1,0,0,0,0,0,0,0,0,0,0,0,0,False,0.0,0.0,0.0,0.0,,,,
lss233/kirara-ai,2024-02,treatment,1,0,0,2025-02,0,-12,1,0,0,0,0,0,0,0,0,0,0,0,0,False,1.0,1.0,1.0,1.0,,,,
lss233/kirara-ai,2024-03,treatment,1,0,0,2025-02,0,-11,1,0,0,0,0,0,0,0,0,0,0,0,0,False,0.0,0.0,0.0,0.0,,,,
lss233/kirara-ai,2024-04,treatment,1,0,0,2025-02,0,-10,1,0,0,0,0,0,0,0,0,0,0,0,0,False,0.0,0.0,0.0,0.0,,,,
lss233/kirara-ai,2024-05,treatment,1,0,0,2025-02,0,-9,1,0,0,0,0,0,0,0,0,0,0,0,0,False,0.0,0.0,0.0,0.0,,,,
lss233/kirara-ai,2024-06,treatment,1,0,0,2025-02,0,-8,1,0,0,0,0,0,0,0,0,0,0,0,0,False,0.0,0.0,0.0,0.0,,,,
lss233/kirara-ai,2024-07,treatment,1,0,0,2025-02,0,-7,1,0,0,0,0,0,0,0,0,0,0,0,0,False,0.0,0.0,0.0,0.0,,,,
lss233/kirara-ai,2024-08,treatment,1,0,0,2025-02,0,-6,1,0,0,0,0,0,0,0,0,0,0,0,0,False,0.0,0.0,0.0,0.0,,,,
lss233/kirara-ai,2024-09,treatment,1,0,0,2025-02,0,-5,0,1,0,0,0,0,0,0,0,0,0,0,0,False,0.0,0.0,0.0,0.0,,,,
lss233/kirara-ai,2024-10,treatment,1,0,0,2025-02,0,-4,0,0,1,0,0,0,0,0,0,0,0,0,0,False,0.0,0.0,0.0,0.0,,,,
lss233/kirara-ai,2024-11,treatment,1,0,0,2025-02,0,-3,0,0,0,1,0,0,0,0,0,0,0,0,0,False,0.0,0.0,0.0,0.0,,,,
lss233/kirara-ai,2024-12,treatment,1,0,0,2025-02,0,-2,0,0,0,0,1,0,0,0,0,0,0,0,0,False,3.0,1621.0,10892.0,1.0,,,,
lss233/kirara-ai,2025-01,treatment,1,0,0,2025-02,0,-1,0,0,0,0,0,1,0,0,0,0,0,0,0,False,4.0,477.0,93.0,2.0,,,,
lss233/kirara-ai,2025-02,treatment,1,1,1,2025-02,1,0,0,0,0,0,0,0,1,0,0,0,0,0,0,True,132.0,33597.0,12444.0,6.0,,,,
lss233/kirara-ai,2025-03,treatment,1,1,0,2025-02,1,1,0,0,0,0,0,0,0,1,0,0,0,0,0,False,129.0,34765.0,5457.0,9.0,,,,
lss233/kirara-ai,2025-04,treatment,1,1,0,2025-02,1,2,0,0,0,0,0,0,0,0,1,0,0,0,0,False,55.0,16202.0,5039.0,5.0,,,,
lss233/kirara-ai,2025-05,treatment,1,1,0,2025-02,1,3,0,0,0,0,0,0,0,0,0,1,0,0,0,False,29.0,10918.0,891.0,5.0,,,,
lss233/kirara-ai,2025-06,treatment,1,1,0,2025-02,1,4,0,0,0,0,0,0,0,0,0,0,1,0,0,False,1.0,16.0,1.0,1.0,,,,
lss233/kirara-ai,2025-07,treatment,1,1,0,2025-02,1,5,0,0,0,0,0,0,0,0,0,0,0,1,0,False,0.0,0.0,0.0,0.0,,,,
lss233/kirara-ai,2025-08,treatment,1,1,0,2025-02,1,6,0,0,0,0,0,0,0,0,0,0,0,0,1,False,0.0,0.0,0.0,0.0,,,,
martinnormark/neural-mesh-simplification,2024-08,treatment,1,0,0,2025-01,0,-5,0,1,0,0,0,0,0,0,0,0,0,0,0,False,59.0,3546.0,339.0,2.0,,,,
martinnormark/neural-mesh-simplification,2024-09,treatment,1,0,0,2025-01,0,-4,0,0,1,0,0,0,0,0,0,0,0,0,0,False,0.0,0.0,0.0,0.0,,,,
martinnormark/neural-mesh-simplification,2024-10,treatment,1,0,0,2025-01,0,-3,0,0,0,1,0,0,0,0,0,0,0,0,0,False,0.0,0.0,0.0,0.0,,,,
martinnormark/neural-mesh-simplification,2024-11,treatment,1,0,0,2025-01,0,-2,0,0,0,0,1,0,0,0,0,0,0,0,0,False,0.0,0.0,0.0,0.0,,,,
martinnormark/neural-mesh-simplification,2024-12,treatment,1,0,0,2025-01,0,-1,0,0,0,0,0,1,0,0,0,0,0,0,0,False,1.0,269.0,2.0,1.0,,,,
martinnormark/neural-mesh-simplification,2025-01,treatment,1,1,1,2025-01,1,0,0,0,0,0,0,0,1,0,0,0,0,0,0,True,79.0,4961.0,2612.0,4.0,,,,
martinnormark/neural-mesh-simplification,2025-02,treatment,1,1,0,2025-01,1,1,0,0,0,0,0,0,0,1,0,0,0,0,0,False,3.0,143.0,49.0,1.0,,,,
martinnormark/neural-mesh-simplification,2025-03,treatment,1,1,0,2025-01,1,2,0,0,0,0,0,0,0,0,1,0,0,0,0,False,1.0,287.0,175.0,1.0,,,,
martinnormark/neural-mesh-simplification,2025-04,treatment,1,1,0,2025-01,1,3,0,0,0,0,0,0,0,0,0,1,0,0,0,False,0.0,0.0,0.0,0.0,,,,
martinnormark/neural-mesh-simplification,2025-05,treatment,1,1,0,2025-01,1,4,0,0,0,0,0,0,0,0,0,0,1,0,0,False,0.0,0.0,0.0,0.0,,,,
martinnormark/neural-mesh-simplification,2025-06,treatment,1,1,0,2025-01,1,5,0,0,0,0,0,0,0,0,0,0,0,1,0,False,0.0,0.0,0.0,0.0,,,,
martinnormark/neural-mesh-simplification,2025-07,treatment,1,1,0,2025-01,1,6,0,0,0,0,0,0,0,0,0,0,0,0,1,False,0.0,0.0,0.0,0.0,,,,
martinnormark/neural-mesh-simplification,2025-08,treatment,1,1,0,2025-01,1,7,0,0,0,0,0,0,0,0,0,0,0,0,1,False,0.0,0.0,0.0,0.0,,,,
matebenyovszky/healing-agent,2024-10,treatment,1,1,1,2024-10,1,0,0,0,0,0,0,0,1,0,0,0,0,0,0,True,8.0,2283.0,1265.0,2.0,,,,
matebenyovszky/healing-agent,2024-11,treatment,1,1,1,2024-10,1,1,0,0,0,0,0,0,0,1,0,0,0,0,0,True,6.0,1811.0,988.0,2.0,,,,
matebenyovszky/healing-agent,2024-12,treatment,1,1,0,2024-10,1,2,0,0,0,0,0,0,0,0,1,0,0,0,0,False,0.0,0.0,0.0,0.0,,,,
matebenyovszky/healing-agent,2025-01,treatment,1,1,0,2024-10,1,3,0,0,0,0,0,0,0,0,0,1,0,0,0,False,4.0,163.0,121.0,2.0,,,,
matebenyovszky/healing-agent,2025-02,treatment,1,1,0,2024-10,1,4,0,0,0,0,0,0,0,0,0,0,1,0,0,False,0.0,0.0,0.0,0.0,,,,
matebenyovszky/healing-agent,2025-03,treatment,1,1,0,2024-10,1,5,0,0,0,0,0,0,0,0,0,0,0,1,0,False,0.0,0.0,0.0,0.0,,,,
matebenyovszky/healing-agent,2025-04,treatment,1,1,0,2024-10,1,6,0,0,0,0,0,0,0,0,0,0,0,0,1,False,0.0,0.0,0.0,0.0,,,,
matebenyovszky/healing-agent,2025-05,treatment,1,1,0,2024-10,1,7,0,0,0,0,0,0,0,0,0,0,0,0,1,False,0.0,0.0,0.0,0.0,,,,
matebenyovszky/healing-agent,2025-06,treatment,1,1,0,2024-10,1,8,0,0,0,0,0,0,0,0,0,0,0,0,1,False,0.0,0.0,0.0,0.0,,,,
matebenyovszky/healing-agent,2025-07,treatment,1,1,0,2024-10,1,9,0,0,0,0,0,0,0,0,0,0,0,0,1,False,0.0,0.0,0.0,0.0,,,,
matebenyovszky/healing-agent,2025-08,treatment,1,1,0,2024-10,1,10,0,0,0,0,0,0,0,0,0,0,0,0,1,False,0.0,0.0,0.0,0.0,,,,
namuan/trading-utils,2024-01,treatment,1,0,0,2024-11,0,-10,1,0,0,0,0,0,0,0,0,0,0,0,0,False,0.0,0.0,0.0,0.0,,,,
namuan/trading-utils,2024-02,treatment,1,0,0,2024-11,0,-9,1,0,0,0,0,0,0,0,0,0,0,0,0,False,5.0,657.0,24.0,1.0,,,,
namuan/trading-utils,2024-03,treatment,1,0,0,2024-11,0,-8,1,0,0,0,0,0,0,0,0,0,0,0,0,False,8.0,417.0,256.0,1.0,,,,
namuan/trading-utils,2024-04,treatment,1,0,0,2024-11,0,-7,1,0,0,0,0,0,0,0,0,0,0,0,0,False,21.0,1338.0,288.0,1.0,,,,
namuan/trading-utils,2024-05,treatment,1,0,0,2024-11,0,-6,1,0,0,0,0,0,0,0,0,0,0,0,0,False,11.0,547.0,88.0,1.0,,,,
namuan/trading-utils,2024-06,treatment,1,0,0,2024-11,0,-5,0,1,0,0,0,0,0,0,0,0,0,0,0,False,10.0,586.0,90.0,1.0,,,,
namuan/trading-utils,2024-07,treatment,1,0,0,2024-11,0,-4,0,0,1,0,0,0,0,0,0,0,0,0,0,False,1.0,186.0,3.0,1.0,,,,
namuan/trading-utils,2024-08,treatment,1,0,0,2024-11,0,-3,0,0,0,1,0,0,0,0,0,0,0,0,0,False,91.0,6356.0,3628.0,2.0,,,,
namuan/trading-utils,2024-09,treatment,1,0,0,2024-11,0,-2,0,0,0,0,1,0,0,0,0,0,0,0,0,False,19.0,1590.0,737.0,1.0,,,,
namuan/trading-utils,2024-10,treatment,1,0,0,2024-11,0,-1,0,0,0,0,0,1,0,0,0,0,0,0,0,False,23.0,1829.0,112.0,2.0,,,,
namuan/trading-utils,2024-11,treatment,1,1,1,2024-11,1,0,0,0,0,0,0,0,1,0,0,0,0,0,0,True,116.0,7698.0,2305.0,2.0,,,,
namuan/trading-utils,2024-12,treatment,1,1,0,2024-11,1,1,0,0,0,0,0,0,0,1,0,0,0,0,0,False,133.0,9714.0,4254.0,2.0,,,,
namuan/trading-utils,2025-01,treatment,1,1,0,2024-11,1,2,0,0,0,0,0,0,0,0,1,0,0,0,0,False,29.0,1714.0,820.0,1.0,,,,
namuan/trading-utils,2025-02,treatment,1,1,0,2024-11,1,3,0,0,0,0,0,0,0,0,0,1,0,0,0,False,41.0,3414.0,1449.0,1.0,,,,
namuan/trading-utils,2025-03,treatment,1,1,0,2024-11,1,4,0,0,0,0,0,0,0,0,0,0,1,0,0,False,4.0,83.0,377.0,1.0,,,,
namuan/trading-utils,2025-04,treatment,1,1,0,2024-11,1,5,0,0,0,0,0,0,0,0,0,0,0,1,0,False,0.0,0.0,0.0,0.0,,,,
namuan/trading-utils,2025-05,treatment,1,1,0,2024-11,1,6,0,0,0,0,0,0,0,0,0,0,0,0,1,False,0.0,0.0,0.0,0.0,,,,
namuan/trading-utils,2025-06,treatment,1,1,0,2024-11,1,7,0,0,0,0,0,0,0,0,0,0,0,0,1,False,0.0,0.0,0.0,0.0,,,,
namuan/trading-utils,2025-07,treatment,1,1,0,2024-11,1,8,0,0,0,0,0,0,0,0,0,0,0,0,1,False,0.0,0.0,0.0,0.0,,,,
namuan/trading-utils,2025-08,treatment,1,1,0,2024-11,1,9,0,0,0,0,0,0,0,0,0,0,0,0,1,False,0.0,0.0,0.0,0.0,,,,
nextml-code/pytorch-datastream,2024-01,treatment,1,0,0,2025-01,0,-12,1,0,0,0,0,0,0,0,0,0,0,0,0,False,0.0,0.0,0.0,0.0,,,,
nextml-code/pytorch-datastream,2024-02,treatment,1,0,0,2025-01,0,-11,1,0,0,0,0,0,0,0,0,0,0,0,0,False,0.0,0.0,0.0,0.0,,,,
nextml-code/pytorch-datastream,2024-03,treatment,1,0,0,2025-01,0,-10,1,0,0,0,0,0,0,0,0,0,0,0,0,False,0.0,0.0,0.0,0.0,,,,
nextml-code/pytorch-datastream,2024-04,treatment,1,0,0,2025-01,0,-9,1,0,0,0,0,0,0,0,0,0,0,0,0,False,0.0,0.0,0.0,0.0,,,,
nextml-code/pytorch-datastream,2024-05,treatment,1,0,0,2025-01,0,-8,1,0,0,0,0,0,0,0,0,0,0,0,0,False,0.0,0.0,0.0,0.0,,,,
nextml-code/pytorch-datastream,2024-06,treatment,1,0,0,2025-01,0,-7,1,0,0,0,0,0,0,0,0,0,0,0,0,False,0.0,0.0,0.0,0.0,,,,
nextml-code/pytorch-datastream,2024-07,treatment,1,0,0,2025-01,0,-6,1,0,0,0,0,0,0,0,0,0,0,0,0,False,0.0,0.0,0.0,0.0,,,,
nextml-code/pytorch-datastream,2024-08,treatment,1,0,0,2025-01,0,-5,0,1,0,0,0,0,0,0,0,0,0,0,0,False,4.0,481.0,401.0,1.0,,,,
nextml-code/pytorch-datastream,2024-09,treatment,1,0,0,2025-01,0,-4,0,0,1,0,0,0,0,0,0,0,0,0,0,False,1.0,161.0,128.0,1.0,,,,
nextml-code/pytorch-datastream,2024-10,treatment,1,0,0,2025-01,0,-3,0,0,0,1,0,0,0,0,0,0,0,0,0,False,0.0,0.0,0.0,0.0,,,,
nextml-code/pytorch-datastream,2024-11,treatment,1,0,0,2025-01,0,-2,0,0,0,0,1,0,0,0,0,0,0,0,0,False,0.0,0.0,0.0,0.0,,,,
nextml-code/pytorch-datastream,2024-12,treatment,1,0,0,2025-01,0,-1,0,0,0,0,0,1,0,0,0,0,0,0,0,False,0.0,0.0,0.0,0.0,,,,
nextml-code/pytorch-datastream,2025-01,treatment,1,1,1,2025-01,1,0,0,0,0,0,0,0,1,0,0,0,0,0,0,True,8.0,2744.0,1486.0,1.0,,,,
nextml-code/pytorch-datastream,2025-02,treatment,1,1,0,2025-01,1,1,0,0,0,0,0,0,0,1,0,0,0,0,0,False,0.0,0.0,0.0,0.0,,,,
nextml-code/pytorch-datastream,2025-03,treatment,1,1,0,2025-01,1,2,0,0,0,0,0,0,0,0,1,0,0,0,0,False,0.0,0.0,0.0,0.0,,,,
nextml-code/pytorch-datastream,2025-04,treatment,1,1,0,2025-01,1,3,0,0,0,0,0,0,0,0,0,1,0,0,0,False,0.0,0.0,0.0,0.0,,,,
nextml-code/pytorch-datastream,2025-05,treatment,1,1,0,2025-01,1,4,0,0,0,0,0,0,0,0,0,0,1,0,0,False,0.0,0.0,0.0,0.0,,,,
nextml-code/pytorch-datastream,2025-06,treatment,1,1,0,2025-01,1,5,0,0,0,0,0,0,0,0,0,0,0,1,0,False,0.0,0.0,0.0,0.0,,,,
nextml-code/pytorch-datastream,2025-07,treatment,1,1,0,2025-01,1,6,0,0,0,0,0,0,0,0,0,0,0,0,1,False,0.0,0.0,0.0,0.0,,,,
nextml-code/pytorch-datastream,2025-08,treatment,1,1,0,2025-01,1,7,0,0,0,0,0,0,0,0,0,0,0,0,1,False,0.0,0.0,0.0,0.0,,,,
osomai/servicenow-mcp,2025-03,treatment,1,1,1,2025-03,1,0,0,0,0,0,0,0,1,0,0,0,0,0,0,True,29.0,39018.0,1672.0,6.0,,,,
osomai/servicenow-mcp,2025-04,treatment,1,1,0,2025-03,1,1,0,0,0,0,0,0,0,1,0,0,0,0,0,False,5.0,1817.0,4330.0,3.0,,,,
osomai/servicenow-mcp,2025-05,treatment,1,1,0,2025-03,1,2,0,0,0,0,0,0,0,0,1,0,0,0,0,False,2.0,4.0,0.0,2.0,,,,
osomai/servicenow-mcp,2025-06,treatment,1,1,0,2025-03,1,3,0,0,0,0,0,0,0,0,0,1,0,0,0,False,2.0,2483.0,10.0,2.0,,,,
osomai/servicenow-mcp,2025-07,treatment,1,1,0,2025-03,1,4,0,0,0,0,0,0,0,0,0,0,1,0,0,False,0.0,0.0,0.0,0.0,,,,
osomai/servicenow-mcp,2025-08,treatment,1,1,0,2025-03,1,5,0,0,0,0,0,0,0,0,0,0,0,1,0,False,2.0,238.0,42.0,2.0,,,,
panther-labs/panther-analysis,2024-01,treatment,1,0,0,2025-03,0,-14,1,0,0,0,0,0,0,0,0,0,0,0,0,False,33.0,2190.0,994.0,6.0,,,,
panther-labs/panther-analysis,2024-02,treatment,1,0,0,2025-03,0,-13,1,0,0,0,0,0,0,0,0,0,0,0,0,False,45.0,7269.0,1177.0,10.0,,,,
panther-labs/panther-analysis,2024-03,treatment,1,0,0,2025-03,0,-12,1,0,0,0,0,0,0,0,0,0,0,0,0,False,19.0,2205.0,2636.0,5.0,,,,
panther-labs/panther-analysis,2024-04,treatment,1,0,0,2025-03,0,-11,1,0,0,0,0,0,0,0,0,0,0,0,0,False,29.0,60998.0,62213.0,8.0,,,,
panther-labs/panther-analysis,2024-05,treatment,1,0,0,2025-03,0,-10,1,0,0,0,0,0,0,0,0,0,0,0,0,False,3.0,816.0,215.0,2.0,,,,
panther-labs/panther-analysis,2024-06,treatment,1,0,0,2025-03,0,-9,1,0,0,0,0,0,0,0,0,0,0,0,0,False,35.0,6520.0,5197.0,13.0,,,,
panther-labs/panther-analysis,2024-07,treatment,1,0,0,2025-03,0,-8,1,0,0,0,0,0,0,0,0,0,0,0,0,False,44.0,8955.0,426.0,13.0,,,,
panther-labs/panther-analysis,2024-08,treatment,1,0,0,2025-03,0,-7,1,0,0,0,0,0,0,0,0,0,0,0,0,False,53.0,12405.0,4555.0,9.0,,,,
panther-labs/panther-analysis,2024-09,treatment,1,0,0,2025-03,0,-6,1,0,0,0,0,0,0,0,0,0,0,0,0,False,29.0,8064.0,1555.0,7.0,,,,
panther-labs/panther-analysis,2024-10,treatment,1,0,0,2025-03,0,-5,0,1,0,0,0,0,0,0,0,0,0,0,0,False,35.0,9657.0,21124.0,11.0,,,,
panther-labs/panther-analysis,2024-11,treatment,1,0,0,2025-03,0,-4,0,0,1,0,0,0,0,0,0,0,0,0,0,False,24.0,11130.0,1840.0,8.0,,,,
panther-labs/panther-analysis,2024-12,treatment,1,0,0,2025-03,0,-3,0,0,0,1,0,0,0,0,0,0,0,0,0,False,13.0,3887.0,201.0,4.0,,,,
panther-labs/panther-analysis,2025-01,treatment,1,0,0,2025-03,0,-2,0,0,0,0,1,0,0,0,0,0,0,0,0,False,49.0,15169.0,3823.0,15.0,,,,
panther-labs/panther-analysis,2025-02,treatment,1,0,0,2025-03,0,-1,0,0,0,0,0,1,0,0,0,0,0,0,0,False,34.0,11610.0,1853.0,12.0,,,,
panther-labs/panther-analysis,2025-03,treatment,1,1,1,2025-03,1,0,0,0,0,0,0,0,1,0,0,0,0,0,0,True,35.0,21891.0,4481.0,6.0,,,,
panther-labs/panther-analysis,2025-04,treatment,1,1,0,2025-03,1,1,0,0,0,0,0,0,0,1,0,0,0,0,0,False,34.0,11605.0,720.0,7.0,,,,
panther-labs/panther-analysis,2025-05,treatment,1,1,0,2025-03,1,2,0,0,0,0,0,0,0,0,1,0,0,0,0,False,14.0,2807.0,2207.0,9.0,,,,
panther-labs/panther-analysis,2025-06,treatment,1,1,0,2025-03,1,3,0,0,0,0,0,0,0,0,0,1,0,0,0,False,15.0,1195.0,987.0,8.0,,,,
panther-labs/panther-analysis,2025-07,treatment,1,1,1,2025-03,1,4,0,0,0,0,0,0,0,0,0,0,1,0,0,True,23.0,8285.0,3259.0,8.0,,,,
panther-labs/panther-analysis,2025-08,treatment,1,1,0,2025-03,1,5,0,0,0,0,0,0,0,0,0,0,0,1,0,False,26.0,3034.0,3790.0,4.0,,,,
raphaelmansuy/code2prompt,2024-03,treatment,1,0,0,2024-09,0,-6,1,0,0,0,0,0,0,0,0,0,0,0,0,False,26.0,1397.0,185.0,2.0,,,,
raphaelmansuy/code2prompt,2024-04,treatment,1,0,0,2024-09,0,-5,0,1,0,0,0,0,0,0,0,0,0,0,0,False,0.0,0.0,0.0,0.0,,,,
raphaelmansuy/code2prompt,2024-05,treatment,1,0,0,2024-09,0,-4,0,0,1,0,0,0,0,0,0,0,0,0,0,False,0.0,0.0,0.0,0.0,,,,
raphaelmansuy/code2prompt,2024-06,treatment,1,0,0,2024-09,0,-3,0,0,0,1,0,0,0,0,0,0,0,0,0,False,46.0,4335.0,1487.0,1.0,,,,
raphaelmansuy/code2prompt,2024-07,treatment,1,0,0,2024-09,0,-2,0,0,0,0,1,0,0,0,0,0,0,0,0,False,60.0,9251.0,4158.0,4.0,,,,
raphaelmansuy/code2prompt,2024-08,treatment,1,0,0,2024-09,0,-1,0,0,0,0,0,1,0,0,0,0,0,0,0,False,0.0,0.0,0.0,0.0,,,,
raphaelmansuy/code2prompt,2024-09,treatment,1,1,1,2024-09,1,0,0,0,0,0,0,0,1,0,0,0,0,0,0,True,6.0,2414.0,801.0,3.0,,,,
raphaelmansuy/code2prompt,2024-10,treatment,1,1,0,2024-09,1,1,0,0,0,0,0,0,0,1,0,0,0,0,0,False,0.0,0.0,0.0,0.0,,,,
raphaelmansuy/code2prompt,2024-11,treatment,1,1,0,2024-09,1,2,0,0,0,0,0,0,0,0,1,0,0,0,0,False,0.0,0.0,0.0,0.0,,,,
raphaelmansuy/code2prompt,2024-12,treatment,1,1,0,2024-09,1,3,0,0,0,0,0,0,0,0,0,1,0,0,0,False,1.0,13.0,13.0,1.0,,,,
raphaelmansuy/code2prompt,2025-01,treatment,1,1,0,2024-09,1,4,0,0,0,0,0,0,0,0,0,0,1,0,0,False,2.0,5.0,5.0,2.0,,,,
raphaelmansuy/code2prompt,2025-02,treatment,1,1,0,2024-09,1,5,0,0,0,0,0,0,0,0,0,0,0,1,0,False,0.0,0.0,0.0,0.0,,,,
raphaelmansuy/code2prompt,2025-03,treatment,1,1,0,2024-09,1,6,0,0,0,0,0,0,0,0,0,0,0,0,1,False,0.0,0.0,0.0,0.0,,,,
raphaelmansuy/code2prompt,2025-04,treatment,1,1,0,2024-09,1,7,0,0,0,0,0,0,0,0,0,0,0,0,1,False,0.0,0.0,0.0,0.0,,,,
raphaelmansuy/code2prompt,2025-05,treatment,1,1,0,2024-09,1,8,0,0,0,0,0,0,0,0,0,0,0,0,1,False,0.0,0.0,0.0,0.0,,,,
raphaelmansuy/code2prompt,2025-06,treatment,1,1,0,2024-09,1,9,0,0,0,0,0,0,0,0,0,0,0,0,1,False,0.0,0.0,0.0,0.0,,,,
raphaelmansuy/code2prompt,2025-07,treatment,1,1,0,2024-09,1,10,0,0,0,0,0,0,0,0,0,0,0,0,1,False,0.0,0.0,0.0,0.0,,,,
raphaelmansuy/code2prompt,2025-08,treatment,1,1,0,2024-09,1,11,0,0,0,0,0,0,0,0,0,0,0,0,1,False,0.0,0.0,0.0,0.0,,,,
raphaelmansuy/iteration_of_tought,2024-09,treatment,1,1,1,2024-09,1,0,0,0,0,0,0,0,1,0,0,0,0,0,0,True,21.0,4109.0,423.0,2.0,,,,
raphaelmansuy/iteration_of_tought,2024-10,treatment,1,1,0,2024-09,1,1,0,0,0,0,0,0,0,1,0,0,0,0,0,False,0.0,0.0,0.0,0.0,,,,
raphaelmansuy/iteration_of_tought,2024-11,treatment,1,1,0,2024-09,1,2,0,0,0,0,0,0,0,0,1,0,0,0,0,False,0.0,0.0,0.0,0.0,,,,
raphaelmansuy/iteration_of_tought,2024-12,treatment,1,1,0,2024-09,1,3,0,0,0,0,0,0,0,0,0,1,0,0,0,False,0.0,0.0,0.0,0.0,,,,
raphaelmansuy/iteration_of_tought,2025-01,treatment,1,1,0,2024-09,1,4,0,0,0,0,0,0,0,0,0,0,1,0,0,False,0.0,0.0,0.0,0.0,,,,
raphaelmansuy/iteration_of_tought,2025-02,treatment,1,1,0,2024-09,1,5,0,0,0,0,0,0,0,0,0,0,0,1,0,False,0.0,0.0,0.0,0.0,,,,
raphaelmansuy/iteration_of_tought,2025-03,treatment,1,1,0,2024-09,1,6,0,0,0,0,0,0,0,0,0,0,0,0,1,False,0.0,0.0,0.0,0.0,,,,
raphaelmansuy/iteration_of_tought,2025-04,treatment,1,1,0,2024-09,1,7,0,0,0,0,0,0,0,0,0,0,0,0,1,False,0.0,0.0,0.0,0.0,,,,
raphaelmansuy/iteration_of_tought,2025-05,treatment,1,1,0,2024-09,1,8,0,0,0,0,0,0,0,0,0,0,0,0,1,False,0.0,0.0,0.0,0.0,,,,
raphaelmansuy/iteration_of_tought,2025-06,treatment,1,1,0,2024-09,1,9,0,0,0,0,0,0,0,0,0,0,0,0,1,False,0.0,0.0,0.0,0.0,,,,
raphaelmansuy/iteration_of_tought,2025-07,treatment,1,1,0,2024-09,1,10,0,0,0,0,0,0,0,0,0,0,0,0,1,False,0.0,0.0,0.0,0.0,,,,
raphaelmansuy/iteration_of_tought,2025-08,treatment,1,1,0,2024-09,1,11,0,0,0,0,0,0,0,0,0,0,0,0,1,False,0.0,0.0,0.0,0.0,,,,
samuelgursky/davinci-resolve-mcp,2025-03,treatment,1,1,1,2025-03,1,0,0,0,0,0,0,0,1,0,0,0,0,0,0,True,13.0,20155.0,5613.0,4.0,,,,
samuelgursky/davinci-resolve-mcp,2025-04,treatment,1,1,0,2025-03,1,1,0,0,0,0,0,0,0,1,0,0,0,0,0,False,2.0,180.0,43.0,2.0,,,,
samuelgursky/davinci-resolve-mcp,2025-05,treatment,1,1,0,2025-03,1,2,0,0,0,0,0,0,0,0,1,0,0,0,0,False,0.0,0.0,0.0,0.0,,,,
samuelgursky/davinci-resolve-mcp,2025-06,treatment,1,1,0,2025-03,1,3,0,0,0,0,0,0,0,0,0,1,0,0,0,False,0.0,0.0,0.0,0.0,,,,
samuelgursky/davinci-resolve-mcp,2025-07,treatment,1,1,0,2025-03,1,4,0,0,0,0,0,0,0,0,0,0,1,0,0,False,0.0,0.0,0.0,0.0,,,,
samuelgursky/davinci-resolve-mcp,2025-08,treatment,1,1,0,2025-03,1,5,0,0,0,0,0,0,0,0,0,0,0,1,0,False,0.0,0.0,0.0,0.0,,,,
sbomify/sbomify,2025-01,treatment,1,1,1,2025-01,1,0,0,0,0,0,0,0,1,0,0,0,0,0,0,True,16.0,176612.0,864.0,3.0,,,,
sbomify/sbomify,2025-02,treatment,1,1,1,2025-01,1,1,0,0,0,0,0,0,0,1,0,0,0,0,0,True,53.0,20943.0,5306.0,5.0,,,,
sbomify/sbomify,2025-03,treatment,1,1,0,2025-01,1,2,0,0,0,0,0,0,0,0,1,0,0,0,0,False,17.0,4926.0,6853.0,3.0,,,,
sbomify/sbomify,2025-04,treatment,1,1,0,2025-01,1,3,0,0,0,0,0,0,0,0,0,1,0,0,0,False,11.0,2260.0,244.0,3.0,,,,
sbomify/sbomify,2025-05,treatment,1,1,1,2025-01,1,4,0,0,0,0,0,0,0,0,0,0,1,0,0,True,150.0,63909.0,124059.0,2.0,,,,
sbomify/sbomify,2025-06,treatment,1,1,1,2025-01,1,5,0,0,0,0,0,0,0,0,0,0,0,1,0,True,69.0,45378.0,16131.0,2.0,,,,
sbomify/sbomify,2025-07,treatment,1,1,1,2025-01,1,6,0,0,0,0,0,0,0,0,0,0,0,0,1,True,170.0,179610.0,64184.0,5.0,,,,
sbomify/sbomify,2025-08,treatment,1,1,0,2025-01,1,7,0,0,0,0,0,0,0,0,0,0,0,0,1,False,123.0,17307.0,6312.0,4.0,,,,
sirkirby/unifi-network-rules,2024-09,treatment,1,0,0,2025-03,0,-6,1,0,0,0,0,0,0,0,0,0,0,0,0,False,9.0,1320.0,256.0,2.0,,,,
sirkirby/unifi-network-rules,2024-10,treatment,1,0,0,2025-03,0,-5,0,1,0,0,0,0,0,0,0,0,0,0,0,False,0.0,0.0,0.0,0.0,,,,
sirkirby/unifi-network-rules,2024-11,treatment,1,0,0,2025-03,0,-4,0,0,1,0,0,0,0,0,0,0,0,0,0,False,1.0,449.0,54.0,1.0,,,,
sirkirby/unifi-network-rules,2024-12,treatment,1,0,0,2025-03,0,-3,0,0,0,1,0,0,0,0,0,0,0,0,0,False,1.0,401.0,761.0,1.0,,,,
sirkirby/unifi-network-rules,2025-01,treatment,1,0,0,2025-03,0,-2,0,0,0,0,1,0,0,0,0,0,0,0,0,False,2.0,213.0,94.0,1.0,,,,
sirkirby/unifi-network-rules,2025-02,treatment,1,0,0,2025-03,0,-1,0,0,0,0,0,1,0,0,0,0,0,0,0,False,18.0,5117.0,2330.0,3.0,,,,
sirkirby/unifi-network-rules,2025-03,treatment,1,1,1,2025-03,1,0,0,0,0,0,0,0,1,0,0,0,0,0,0,True,11.0,23456.0,6862.0,2.0,,,,
sirkirby/unifi-network-rules,2025-04,treatment,1,1,0,2025-03,1,1,0,0,0,0,0,0,0,1,0,0,0,0,0,False,3.0,3368.0,1796.0,1.0,,,,
sirkirby/unifi-network-rules,2025-05,treatment,1,1,0,2025-03,1,2,0,0,0,0,0,0,0,0,1,0,0,0,0,False,0.0,0.0,0.0,0.0,,,,
sirkirby/unifi-network-rules,2025-06,treatment,1,1,0,2025-03,1,3,0,0,0,0,0,0,0,0,0,1,0,0,0,False,19.0,5387.0,1097.0,4.0,,,,
sirkirby/unifi-network-rules,2025-07,treatment,1,1,1,2025-03,1,4,0,0,0,0,0,0,0,0,0,0,1,0,0,True,16.0,2159.0,1079.0,3.0,,,,
sirkirby/unifi-network-rules,2025-08,treatment,1,1,0,2025-03,1,5,0,0,0,0,0,0,0,0,0,0,0,1,0,False,3.0,1193.0,55.0,2.0,,,,
smartian1/tgtrader,2024-12,treatment,1,0,0,2025-01,0,-1,0,0,0,0,0,1,0,0,0,0,0,0,0,False,61.0,10864.0,2023.0,3.0,,,,
smartian1/tgtrader,2025-01,treatment,1,1,1,2025-01,1,0,0,0,0,0,0,0,1,0,0,0,0,0,0,True,97.0,18300.0,3229.0,2.0,,,,
smartian1/tgtrader,2025-02,treatment,1,1,0,2025-01,1,1,0,0,0,0,0,0,0,1,0,0,0,0,0,False,67.0,6649.0,1663.0,2.0,,,,
smartian1/tgtrader,2025-03,treatment,1,1,0,2025-01,1,2,0,0,0,0,0,0,0,0,1,0,0,0,0,False,6.0,991.0,6.0,1.0,,,,
smartian1/tgtrader,2025-04,treatment,1,1,0,2025-01,1,3,0,0,0,0,0,0,0,0,0,1,0,0,0,False,14.0,2576.0,763.0,1.0,,,,
smartian1/tgtrader,2025-05,treatment,1,1,0,2025-01,1,4,0,0,0,0,0,0,0,0,0,0,1,0,0,False,0.0,0.0,0.0,0.0,,,,
smartian1/tgtrader,2025-06,treatment,1,1,0,2025-01,1,5,0,0,0,0,0,0,0,0,0,0,0,1,0,False,0.0,0.0,0.0,0.0,,,,
smartian1/tgtrader,2025-07,treatment,1,1,0,2025-01,1,6,0,0,0,0,0,0,0,0,0,0,0,0,1,False,0.0,0.0,0.0,0.0,,,,
smartian1/tgtrader,2025-08,treatment,1,1,0,2025-01,1,7,0,0,0,0,0,0,0,0,0,0,0,0,1,False,0.0,0.0,0.0,0.0,,,,
smorin/py-launch-blueprint,2025-01,treatment,1,0,0,2025-03,0,-2,0,0,0,0,1,0,0,0,0,0,0,0,0,False,69.0,3980.0,2773.0,4.0,,,,
smorin/py-launch-blueprint,2025-02,treatment,1,0,0,2025-03,0,-1,0,0,0,0,0,1,0,0,0,0,0,0,0,False,31.0,4511.0,2441.0,3.0,,,,
smorin/py-launch-blueprint,2025-03,treatment,1,1,1,2025-03,1,0,0,0,0,0,0,0,1,0,0,0,0,0,0,True,31.0,2541.0,211.0,4.0,,,,
smorin/py-launch-blueprint,2025-04,treatment,1,1,1,2025-03,1,1,0,0,0,0,0,0,0,1,0,0,0,0,0,True,130.0,17085.0,11824.0,7.0,,,,
smorin/py-launch-blueprint,2025-05,treatment,1,1,1,2025-03,1,2,0,0,0,0,0,0,0,0,1,0,0,0,0,True,67.0,3028.0,751.0,5.0,,,,
smorin/py-launch-blueprint,2025-06,treatment,1,1,1,2025-03,1,3,0,0,0,0,0,0,0,0,0,1,0,0,0,True,6.0,1429.0,650.0,3.0,,,,
smorin/py-launch-blueprint,2025-07,treatment,1,1,0,2025-03,1,4,0,0,0,0,0,0,0,0,0,0,1,0,0,False,0.0,0.0,0.0,0.0,,,,
smorin/py-launch-blueprint,2025-08,treatment,1,1,0,2025-03,1,5,0,0,0,0,0,0,0,0,0,0,0,1,0,False,0.0,0.0,0.0,0.0,,,,
sshtunnelvision/MCP-LOGO-GEN,2025-03,treatment,1,1,1,2025-03,1,0,0,0,0,0,0,0,1,0,0,0,0,0,0,True,15.0,1582.0,187.0,2.0,,,,
sshtunnelvision/MCP-LOGO-GEN,2025-04,treatment,1,1,0,2025-03,1,1,0,0,0,0,0,0,0,1,0,0,0,0,0,False,0.0,0.0,0.0,0.0,,,,
sshtunnelvision/MCP-LOGO-GEN,2025-05,treatment,1,1,0,2025-03,1,2,0,0,0,0,0,0,0,0,1,0,0,0,0,False,0.0,0.0,0.0,0.0,,,,
sshtunnelvision/MCP-LOGO-GEN,2025-06,treatment,1,1,0,2025-03,1,3,0,0,0,0,0,0,0,0,0,1,0,0,0,False,0.0,0.0,0.0,0.0,,,,
sshtunnelvision/MCP-LOGO-GEN,2025-07,treatment,1,1,0,2025-03,1,4,0,0,0,0,0,0,0,0,0,0,1,0,0,False,0.0,0.0,0.0,0.0,,,,
sshtunnelvision/MCP-LOGO-GEN,2025-08,treatment,1,1,0,2025-03,1,5,0,0,0,0,0,0,0,0,0,0,0,1,0,False,0.0,0.0,0.0,0.0,,,,
synaptiai/prompt-decorators,2025-02,treatment,1,0,0,2025-03,0,-1,0,0,0,0,0,1,0,0,0,0,0,0,0,False,3.0,22028.0,28.0,1.0,,,,
synaptiai/prompt-decorators,2025-03,treatment,1,1,1,2025-03,1,0,0,0,0,0,0,0,1,0,0,0,0,0,0,True,121.0,199860.0,137911.0,2.0,,,,
synaptiai/prompt-decorators,2025-04,treatment,1,1,0,2025-03,1,1,0,0,0,0,0,0,0,1,0,0,0,0,0,False,2.0,8.0,8.0,1.0,,,,
synaptiai/prompt-decorators,2025-05,treatment,1,1,0,2025-03,1,2,0,0,0,0,0,0,0,0,1,0,0,0,0,False,45.0,138993.0,1442.0,2.0,,,,
synaptiai/prompt-decorators,2025-06,treatment,1,1,0,2025-03,1,3,0,0,0,0,0,0,0,0,0,1,0,0,0,False,34.0,402.0,389.0,2.0,,,,
synaptiai/prompt-decorators,2025-07,treatment,1,1,0,2025-03,1,4,0,0,0,0,0,0,0,0,0,0,1,0,0,False,26.0,194.0,179.0,2.0,,,,
synaptiai/prompt-decorators,2025-08,treatment,1,1,0,2025-03,1,5,0,0,0,0,0,0,0,0,0,0,0,1,0,False,14.0,227.0,150.0,2.0,,,,
terryyin/lizard,2024-01,treatment,1,0,0,2025-01,0,-12,1,0,0,0,0,0,0,0,0,0,0,0,0,False,0.0,0.0,0.0,0.0,,,,
terryyin/lizard,2024-02,treatment,1,0,0,2025-01,0,-11,1,0,0,0,0,0,0,0,0,0,0,0,0,False,0.0,0.0,0.0,0.0,,,,
terryyin/lizard,2024-03,treatment,1,0,0,2025-01,0,-10,1,0,0,0,0,0,0,0,0,0,0,0,0,False,0.0,0.0,0.0,0.0,,,,
terryyin/lizard,2024-04,treatment,1,0,0,2025-01,0,-9,1,0,0,0,0,0,0,0,0,0,0,0,0,False,5.0,172.0,14.0,2.0,,,,
terryyin/lizard,2024-05,treatment,1,0,0,2025-01,0,-8,1,0,0,0,0,0,0,0,0,0,0,0,0,False,0.0,0.0,0.0,0.0,,,,
terryyin/lizard,2024-06,treatment,1,0,0,2025-01,0,-7,1,0,0,0,0,0,0,0,0,0,0,0,0,False,0.0,0.0,0.0,0.0,,,,
terryyin/lizard,2024-07,treatment,1,0,0,2025-01,0,-6,1,0,0,0,0,0,0,0,0,0,0,0,0,False,0.0,0.0,0.0,0.0,,,,
terryyin/lizard,2024-08,treatment,1,0,0,2025-01,0,-5,0,1,0,0,0,0,0,0,0,0,0,0,0,False,1.0,16.0,0.0,1.0,,,,
terryyin/lizard,2024-09,treatment,1,0,0,2025-01,0,-4,0,0,1,0,0,0,0,0,0,0,0,0,0,False,0.0,0.0,0.0,0.0,,,,
terryyin/lizard,2024-10,treatment,1,0,0,2025-01,0,-3,0,0,0,1,0,0,0,0,0,0,0,0,0,False,8.0,147.0,17.0,4.0,,,,
terryyin/lizard,2024-11,treatment,1,0,0,2025-01,0,-2,0,0,0,0,1,0,0,0,0,0,0,0,0,False,0.0,0.0,0.0,0.0,,,,
terryyin/lizard,2024-12,treatment,1,0,0,2025-01,0,-1,0,0,0,0,0,1,0,0,0,0,0,0,0,False,9.0,241.0,97.0,2.0,,,,
terryyin/lizard,2025-01,treatment,1,1,1,2025-01,1,0,0,0,0,0,0,0,1,0,0,0,0,0,0,True,38.0,1962.0,735.0,4.0,,,,
terryyin/lizard,2025-02,treatment,1,1,1,2025-01,1,1,0,0,0,0,0,0,0,1,0,0,0,0,0,True,58.0,1694.0,453.0,1.0,,,,
terryyin/lizard,2025-03,treatment,1,1,0,2025-01,1,2,0,0,0,0,0,0,0,0,1,0,0,0,0,False,14.0,2096.0,89.0,1.0,,,,
terryyin/lizard,2025-04,treatment,1,1,1,2025-01,1,3,0,0,0,0,0,0,0,0,0,1,0,0,0,True,8.0,430.0,66.0,1.0,,,,
terryyin/lizard,2025-05,treatment,1,1,0,2025-01,1,4,0,0,0,0,0,0,0,0,0,0,1,0,0,False,40.0,2147.0,993.0,1.0,,,,
terryyin/lizard,2025-06,treatment,1,1,0,2025-01,1,5,0,0,0,0,0,0,0,0,0,0,0,1,0,False,3.0,840.0,106.0,2.0,,,,
terryyin/lizard,2025-07,treatment,1,1,0,2025-01,1,6,0,0,0,0,0,0,0,0,0,0,0,0,1,False,2.0,30.0,0.0,2.0,,,,
terryyin/lizard,2025-08,treatment,1,1,0,2025-01,1,7,0,0,0,0,0,0,0,0,0,0,0,0,1,False,2.0,119.0,16.0,1.0,,,,
tmux-python/tmuxp,2024-01,treatment,1,0,0,2025-03,0,-14,1,0,0,0,0,0,0,0,0,0,0,0,0,False,4.0,208.0,187.0,1.0,,,,
tmux-python/tmuxp,2024-02,treatment,1,0,0,2025-03,0,-13,1,0,0,0,0,0,0,0,0,0,0,0,0,False,53.0,1582.0,1137.0,1.0,,,,
tmux-python/tmuxp,2024-03,treatment,1,0,0,2025-03,0,-12,1,0,0,0,0,0,0,0,0,0,0,0,0,False,47.0,1137.0,854.0,1.0,,,,
tmux-python/tmuxp,2024-04,treatment,1,0,0,2025-03,0,-11,1,0,0,0,0,0,0,0,0,0,0,0,0,False,36.0,960.0,786.0,1.0,,,,
tmux-python/tmuxp,2024-05,treatment,1,0,0,2025-03,0,-10,1,0,0,0,0,0,0,0,0,0,0,0,0,False,12.0,440.0,436.0,1.0,,,,
tmux-python/tmuxp,2024-06,treatment,1,0,0,2025-03,0,-9,1,0,0,0,0,0,0,0,0,0,0,0,0,False,10.0,204.0,220.0,1.0,,,,
tmux-python/tmuxp,2024-07,treatment,1,0,0,2025-03,0,-8,1,0,0,0,0,0,0,0,0,0,0,0,0,False,9.0,291.0,285.0,1.0,,,,
tmux-python/tmuxp,2024-08,treatment,1,0,0,2025-03,0,-7,1,0,0,0,0,0,0,0,0,0,0,0,0,False,7.0,353.0,324.0,2.0,,,,
tmux-python/tmuxp,2024-09,treatment,1,0,0,2025-03,0,-6,1,0,0,0,0,0,0,0,0,0,0,0,0,False,6.0,141.0,127.0,1.0,,,,
tmux-python/tmuxp,2024-10,treatment,1,0,0,2025-03,0,-5,0,1,0,0,0,0,0,0,0,0,0,0,0,False,10.0,254.0,232.0,1.0,,,,
tmux-python/tmuxp,2024-11,treatment,1,0,0,2025-03,0,-4,0,0,1,0,0,0,0,0,0,0,0,0,0,False,22.0,4347.0,4255.0,1.0,,,,
tmux-python/tmuxp,2024-12,treatment,1,0,0,2025-03,0,-3,0,0,0,1,0,0,0,0,0,0,0,0,0,False,24.0,1084.0,922.0,1.0,,,,
tmux-python/tmuxp,2025-01,treatment,1,0,0,2025-03,0,-2,0,0,0,0,1,0,0,0,0,0,0,0,0,False,25.0,1404.0,971.0,1.0,,,,
tmux-python/tmuxp,2025-02,treatment,1,0,0,2025-03,0,-1,0,0,0,0,0,1,0,0,0,0,0,0,0,False,71.0,2787.0,1290.0,1.0,,,,
tmux-python/tmuxp,2025-03,treatment,1,1,1,2025-03,1,0,0,0,0,0,0,0,1,0,0,0,0,0,0,True,10.0,877.0,249.0,2.0,,,,
tmux-python/tmuxp,2025-04,treatment,1,1,0,2025-03,1,1,0,0,0,0,0,0,0,1,0,0,0,0,0,False,10.0,1084.0,1074.0,1.0,,,,
tmux-python/tmuxp,2025-05,treatment,1,1,0,2025-03,1,2,0,0,0,0,0,0,0,0,1,0,0,0,0,False,12.0,995.0,958.0,1.0,,,,
tmux-python/tmuxp,2025-06,treatment,1,1,0,2025-03,1,3,0,0,0,0,0,0,0,0,0,1,0,0,0,False,14.0,345.0,295.0,1.0,,,,
tmux-python/tmuxp,2025-07,treatment,1,1,0,2025-03,1,4,0,0,0,0,0,0,0,0,0,0,1,0,0,False,9.0,436.0,377.0,1.0,,,,
tmux-python/tmuxp,2025-08,treatment,1,1,0,2025-03,1,5,0,0,0,0,0,0,0,0,0,0,0,1,0,False,11.0,799.0,747.0,1.0,,,,
tony/django-docutils,2024-01,treatment,1,0,0,2025-03,0,-14,1,0,0,0,0,0,0,0,0,0,0,0,0,False,6.0,216.0,213.0,1.0,,,,
tony/django-docutils,2024-02,treatment,1,0,0,2025-03,0,-13,1,0,0,0,0,0,0,0,0,0,0,0,0,False,24.0,567.0,410.0,1.0,,,,
tony/django-docutils,2024-03,treatment,1,0,0,2025-03,0,-12,1,0,0,0,0,0,0,0,0,0,0,0,0,False,21.0,608.0,468.0,1.0,,,,
tony/django-docutils,2024-04,treatment,1,0,0,2025-03,0,-11,1,0,0,0,0,0,0,0,0,0,0,0,0,False,16.0,411.0,358.0,1.0,,,,
tony/django-docutils,2024-05,treatment,1,0,0,2025-03,0,-10,1,0,0,0,0,0,0,0,0,0,0,0,0,False,7.0,374.0,369.0,1.0,,,,
tony/django-docutils,2024-06,treatment,1,0,0,2025-03,0,-9,1,0,0,0,0,0,0,0,0,0,0,0,0,False,9.0,207.0,209.0,1.0,,,,
tony/django-docutils,2024-07,treatment,1,0,0,2025-03,0,-8,1,0,0,0,0,0,0,0,0,0,0,0,0,False,13.0,240.0,206.0,1.0,,,,
tony/django-docutils,2024-08,treatment,1,0,0,2025-03,0,-7,1,0,0,0,0,0,0,0,0,0,0,0,0,False,10.0,389.0,350.0,1.0,,,,
tony/django-docutils,2024-09,treatment,1,0,0,2025-03,0,-6,1,0,0,0,0,0,0,0,0,0,0,0,0,False,6.0,166.0,152.0,1.0,,,,
tony/django-docutils,2024-10,treatment,1,0,0,2025-03,0,-5,0,1,0,0,0,0,0,0,0,0,0,0,0,False,8.0,260.0,238.0,1.0,,,,
tony/django-docutils,2024-11,treatment,1,0,0,2025-03,0,-4,0,0,1,0,0,0,0,0,0,0,0,0,0,False,13.0,3220.0,3482.0,1.0,,,,
tony/django-docutils,2024-12,treatment,1,0,0,2025-03,0,-3,0,0,0,1,0,0,0,0,0,0,0,0,0,False,29.0,1686.0,1170.0,1.0,,,,
tony/django-docutils,2025-01,treatment,1,0,0,2025-03,0,-2,0,0,0,0,1,0,0,0,0,0,0,0,0,False,21.0,934.0,636.0,1.0,,,,
tony/django-docutils,2025-02,treatment,1,0,0,2025-03,0,-1,0,0,0,0,0,1,0,0,0,0,0,0,0,False,13.0,475.0,399.0,1.0,,,,
tony/django-docutils,2025-03,treatment,1,1,1,2025-03,1,0,0,0,0,0,0,0,1,0,0,0,0,0,0,True,8.0,785.0,278.0,1.0,,,,
tony/django-docutils,2025-04,treatment,1,1,0,2025-03,1,1,0,0,0,0,0,0,0,1,0,0,0,0,0,False,10.0,1005.0,961.0,1.0,,,,
tony/django-docutils,2025-05,treatment,1,1,0,2025-03,1,2,0,0,0,0,0,0,0,0,1,0,0,0,0,False,12.0,1044.0,1006.0,1.0,,,,
tony/django-docutils,2025-06,treatment,1,1,0,2025-03,1,3,0,0,0,0,0,0,0,0,0,1,0,0,0,False,8.0,356.0,320.0,1.0,,,,
tony/django-docutils,2025-07,treatment,1,1,0,2025-03,1,4,0,0,0,0,0,0,0,0,0,0,1,0,0,False,8.0,351.0,317.0,1.0,,,,
tony/django-docutils,2025-08,treatment,1,1,0,2025-03,1,5,0,0,0,0,0,0,0,0,0,0,0,1,0,False,11.0,811.0,759.0,1.0,,,,
tony/django-slugify-processor,2024-01,treatment,1,0,0,2025-03,0,-14,1,0,0,0,0,0,0,0,0,0,0,0,0,False,5.0,194.0,191.0,1.0,,,,
tony/django-slugify-processor,2024-02,treatment,1,0,0,2025-03,0,-13,1,0,0,0,0,0,0,0,0,0,0,0,0,False,20.0,338.0,275.0,1.0,,,,
tony/django-slugify-processor,2024-03,treatment,1,0,0,2025-03,0,-12,1,0,0,0,0,0,0,0,0,0,0,0,0,False,14.0,330.0,259.0,1.0,,,,
tony/django-slugify-processor,2024-04,treatment,1,0,0,2025-03,0,-11,1,0,0,0,0,0,0,0,0,0,0,0,0,False,13.0,257.0,217.0,1.0,,,,
tony/django-slugify-processor,2024-05,treatment,1,0,0,2025-03,0,-10,1,0,0,0,0,0,0,0,0,0,0,0,0,False,7.0,344.0,354.0,1.0,,,,
tony/django-slugify-processor,2024-06,treatment,1,0,0,2025-03,0,-9,1,0,0,0,0,0,0,0,0,0,0,0,0,False,9.0,204.0,217.0,1.0,,,,
tony/django-slugify-processor,2024-07,treatment,1,0,0,2025-03,0,-8,1,0,0,0,0,0,0,0,0,0,0,0,0,False,6.0,173.0,173.0,1.0,,,,
tony/django-slugify-processor,2024-08,treatment,1,0,0,2025-03,0,-7,1,0,0,0,0,0,0,0,0,0,0,0,0,False,17.0,438.0,364.0,1.0,,,,
tony/django-slugify-processor,2024-09,treatment,1,0,0,2025-03,0,-6,1,0,0,0,0,0,0,0,0,0,0,0,0,False,6.0,154.0,140.0,1.0,,,,
tony/django-slugify-processor,2024-10,treatment,1,0,0,2025-03,0,-5,0,1,0,0,0,0,0,0,0,0,0,0,0,False,8.0,245.0,223.0,1.0,,,,
tony/django-slugify-processor,2024-11,treatment,1,0,0,2025-03,0,-4,0,0,1,0,0,0,0,0,0,0,0,0,0,False,13.0,3039.0,3321.0,1.0,,,,
tony/django-slugify-processor,2024-12,treatment,1,0,0,2025-03,0,-3,0,0,0,1,0,0,0,0,0,0,0,0,0,False,22.0,1431.0,978.0,1.0,,,,
tony/django-slugify-processor,2025-01,treatment,1,0,0,2025-03,0,-2,0,0,0,0,1,0,0,0,0,0,0,0,0,False,16.0,414.0,332.0,1.0,,,,
tony/django-slugify-processor,2025-02,treatment,1,0,0,2025-03,0,-1,0,0,0,0,0,1,0,0,0,0,0,0,0,False,13.0,458.0,383.0,1.0,,,,
tony/django-slugify-processor,2025-03,treatment,1,1,1,2025-03,1,0,0,0,0,0,0,0,1,0,0,0,0,0,0,True,8.0,772.0,255.0,1.0,,,,
tony/django-slugify-processor,2025-04,treatment,1,1,0,2025-03,1,1,0,0,0,0,0,0,0,1,0,0,0,0,0,False,10.0,994.0,950.0,1.0,,,,
tony/django-slugify-processor,2025-05,treatment,1,1,0,2025-03,1,2,0,0,0,0,0,0,0,0,1,0,0,0,0,False,12.0,1012.0,975.0,1.0,,,,
tony/django-slugify-processor,2025-06,treatment,1,1,0,2025-03,1,3,0,0,0,0,0,0,0,0,0,1,0,0,0,False,8.0,353.0,317.0,1.0,,,,
tony/django-slugify-processor,2025-07,treatment,1,1,0,2025-03,1,4,0,0,0,0,0,0,0,0,0,0,1,0,0,False,8.0,339.0,305.0,1.0,,,,
tony/django-slugify-processor,2025-08,treatment,1,1,0,2025-03,1,5,0,0,0,0,0,0,0,0,0,0,0,1,0,False,11.0,791.0,739.0,1.0,,,,
trycua/cua,2025-01,treatment,1,0,0,2025-03,0,-2,0,0,0,0,1,0,0,0,0,0,0,0,0,False,1.0,0.0,0.0,1.0,,,,
trycua/cua,2025-02,treatment,1,0,0,2025-03,0,-1,0,0,0,0,0,1,0,0,0,0,0,0,0,False,37.0,1158.0,460.0,4.0,,,,
trycua/cua,2025-03,treatment,1,1,1,2025-03,1,0,0,0,0,0,0,0,1,0,0,0,0,0,0,True,120.0,62016.0,14752.0,6.0,,,,
trycua/cua,2025-04,treatment,1,1,1,2025-03,1,1,0,0,0,0,0,0,0,1,0,0,0,0,0,True,286.0,68591.0,23084.0,12.0,,,,
trycua/cua,2025-05,treatment,1,1,0,2025-03,1,2,0,0,0,0,0,0,0,0,1,0,0,0,0,False,227.0,48737.0,32831.0,7.0,,,,
trycua/cua,2025-06,treatment,1,1,1,2025-03,1,3,0,0,0,0,0,0,0,0,0,1,0,0,0,True,189.0,55422.0,30785.0,5.0,,,,
trycua/cua,2025-07,treatment,1,1,1,2025-03,1,4,0,0,0,0,0,0,0,0,0,0,1,0,0,True,138.0,81213.0,64548.0,6.0,,,,
trycua/cua,2025-08,treatment,1,1,0,2025-03,1,5,0,0,0,0,0,0,0,0,0,0,0,1,0,False,278.0,518112.0,235949.0,10.0,,,,
tsukumijima/KonomiTV,2024-01,treatment,1,0,0,2025-01,0,-12,1,0,0,0,0,0,0,0,0,0,0,0,0,False,89.0,41093.0,11903.0,3.0,,,,
tsukumijima/KonomiTV,2024-02,treatment,1,0,0,2025-01,0,-11,1,0,0,0,0,0,0,0,0,0,0,0,0,False,84.0,5259.0,32930.0,4.0,,,,
tsukumijima/KonomiTV,2024-03,treatment,1,0,0,2025-01,0,-10,1,0,0,0,0,0,0,0,0,0,0,0,0,False,10.0,131.0,124.0,3.0,,,,
tsukumijima/KonomiTV,2024-04,treatment,1,0,0,2025-01,0,-9,1,0,0,0,0,0,0,0,0,0,0,0,0,False,53.0,4044.0,3910.0,3.0,,,,
tsukumijima/KonomiTV,2024-05,treatment,1,0,0,2025-01,0,-8,1,0,0,0,0,0,0,0,0,0,0,0,0,False,38.0,3028.0,1605.0,4.0,,,,
tsukumijima/KonomiTV,2024-06,treatment,1,0,0,2025-01,0,-7,1,0,0,0,0,0,0,0,0,0,0,0,0,False,40.0,2000.0,1702.0,5.0,,,,
tsukumijima/KonomiTV,2024-07,treatment,1,0,0,2025-01,0,-6,1,0,0,0,0,0,0,0,0,0,0,0,0,False,17.0,1531.0,1478.0,3.0,,,,
tsukumijima/KonomiTV,2024-08,treatment,1,0,0,2025-01,0,-5,0,1,0,0,0,0,0,0,0,0,0,0,0,False,142.0,8747.0,4960.0,3.0,,,,
tsukumijima/KonomiTV,2024-09,treatment,1,0,0,2025-01,0,-4,0,0,1,0,0,0,0,0,0,0,0,0,0,False,42.0,5170.0,4895.0,4.0,,,,
tsukumijima/KonomiTV,2024-10,treatment,1,0,0,2025-01,0,-3,0,0,0,1,0,0,0,0,0,0,0,0,0,False,30.0,2057.0,1818.0,5.0,,,,
tsukumijima/KonomiTV,2024-11,treatment,1,0,0,2025-01,0,-2,0,0,0,0,1,0,0,0,0,0,0,0,0,False,16.0,458.0,367.0,3.0,,,,
tsukumijima/KonomiTV,2024-12,treatment,1,0,0,2025-01,0,-1,0,0,0,0,0,1,0,0,0,0,0,0,0,False,18.0,778.0,751.0,4.0,,,,
tsukumijima/KonomiTV,2025-01,treatment,1,1,1,2025-01,1,0,0,0,0,0,0,0,1,0,0,0,0,0,0,True,45.0,6420.0,4494.0,4.0,,,,
tsukumijima/KonomiTV,2025-02,treatment,1,1,1,2025-01,1,1,0,0,0,0,0,0,0,1,0,0,0,0,0,True,187.0,20255.0,7290.0,6.0,,,,
tsukumijima/KonomiTV,2025-03,treatment,1,1,1,2025-01,1,2,0,0,0,0,0,0,0,0,1,0,0,0,0,True,70.0,8948.0,7829.0,5.0,,,,
tsukumijima/KonomiTV,2025-04,treatment,1,1,1,2025-01,1,3,0,0,0,0,0,0,0,0,0,1,0,0,0,True,47.0,6889.0,5660.0,5.0,,,,
tsukumijima/KonomiTV,2025-05,treatment,1,1,0,2025-01,1,4,0,0,0,0,0,0,0,0,0,0,1,0,0,False,7.0,160.0,38.0,3.0,,,,
tsukumijima/KonomiTV,2025-06,treatment,1,1,1,2025-01,1,5,0,0,0,0,0,0,0,0,0,0,0,1,0,True,57.0,9965.0,5986.0,4.0,,,,
tsukumijima/KonomiTV,2025-07,treatment,1,1,0,2025-01,1,6,0,0,0,0,0,0,0,0,0,0,0,0,1,False,8.0,424.0,370.0,2.0,,,,
tsukumijima/KonomiTV,2025-08,treatment,1,1,1,2025-01,1,7,0,0,0,0,0,0,0,0,0,0,0,0,1,True,33.0,7383.0,6841.0,1.0,,,,
tw-haiven/haiven,2024-04,treatment,1,0,0,2025-02,0,-10,1,0,0,0,0,0,0,0,0,0,0,0,0,False,225.0,22052.0,32438.0,8.0,,,,
tw-haiven/haiven,2024-05,treatment,1,0,0,2025-02,0,-9,1,0,0,0,0,0,0,0,0,0,0,0,0,False,223.0,64257.0,29460.0,9.0,,,,
tw-haiven/haiven,2024-06,treatment,1,0,0,2025-02,0,-8,1,0,0,0,0,0,0,0,0,0,0,0,0,False,37.0,2571.0,2384.0,4.0,,,,
tw-haiven/haiven,2024-07,treatment,1,0,0,2025-02,0,-7,1,0,0,0,0,0,0,0,0,0,0,0,0,False,36.0,1828.0,2711.0,5.0,,,,
tw-haiven/haiven,2024-08,treatment,1,0,0,2025-02,0,-6,1,0,0,0,0,0,0,0,0,0,0,0,0,False,166.0,12035.0,10644.0,4.0,,,,
tw-haiven/haiven,2024-09,treatment,1,0,0,2025-02,0,-5,0,1,0,0,0,0,0,0,0,0,0,0,0,False,101.0,12234.0,13522.0,7.0,,,,
tw-haiven/haiven,2024-10,treatment,1,0,0,2025-02,0,-4,0,0,1,0,0,0,0,0,0,0,0,0,0,False,120.0,11869.0,9297.0,8.0,,,,
tw-haiven/haiven,2024-11,treatment,1,0,0,2025-02,0,-3,0,0,0,1,0,0,0,0,0,0,0,0,0,False,107.0,5243.0,5386.0,4.0,,,,
tw-haiven/haiven,2024-12,treatment,1,0,0,2025-02,0,-2,0,0,0,0,1,0,0,0,0,0,0,0,0,False,87.0,11063.0,12381.0,4.0,,,,
tw-haiven/haiven,2025-01,treatment,1,0,0,2025-02,0,-1,0,0,0,0,0,1,0,0,0,0,0,0,0,False,29.0,5301.0,4565.0,4.0,,,,
tw-haiven/haiven,2025-02,treatment,1,1,1,2025-02,1,0,0,0,0,0,0,0,1,0,0,0,0,0,0,True,76.0,2623.0,2371.0,3.0,,,,
tw-haiven/haiven,2025-03,treatment,1,1,1,2025-02,1,1,0,0,0,0,0,0,0,1,0,0,0,0,0,True,125.0,12271.0,8443.0,5.0,,,,
tw-haiven/haiven,2025-04,treatment,1,1,0,2025-02,1,2,0,0,0,0,0,0,0,0,1,0,0,0,0,False,42.0,3907.0,3140.0,4.0,,,,
tw-haiven/haiven,2025-05,treatment,1,1,1,2025-02,1,3,0,0,0,0,0,0,0,0,0,1,0,0,0,True,53.0,4185.0,2408.0,4.0,,,,
tw-haiven/haiven,2025-06,treatment,1,1,0,2025-02,1,4,0,0,0,0,0,0,0,0,0,0,1,0,0,False,13.0,4909.0,4705.0,3.0,,,,
tw-haiven/haiven,2025-07,treatment,1,1,0,2025-02,1,5,0,0,0,0,0,0,0,0,0,0,0,1,0,False,31.0,13078.0,4082.0,3.0,,,,
tw-haiven/haiven,2025-08,treatment,1,1,0,2025-02,1,6,0,0,0,0,0,0,0,0,0,0,0,0,1,False,16.0,5905.0,2868.0,1.0,,,,
utensils/mcp-nixos,2025-03,treatment,1,1,1,2025-03,1,0,0,0,0,0,0,0,1,0,0,0,0,0,0,True,171.0,84673.0,60557.0,2.0,,,,
utensils/mcp-nixos,2025-04,treatment,1,1,1,2025-03,1,1,0,0,0,0,0,0,0,1,0,0,0,0,0,True,136.0,39616.0,6585.0,2.0,,,,
utensils/mcp-nixos,2025-05,treatment,1,1,1,2025-03,1,2,0,0,0,0,0,0,0,0,1,0,0,0,0,True,18.0,34462.0,30438.0,1.0,,,,
utensils/mcp-nixos,2025-06,treatment,1,1,0,2025-03,1,3,0,0,0,0,0,0,0,0,0,1,0,0,0,False,5.0,181.0,27.0,3.0,,,,
utensils/mcp-nixos,2025-07,treatment,1,1,0,2025-03,1,4,0,0,0,0,0,0,0,0,0,0,1,0,0,False,0.0,0.0,0.0,0.0,,,,
utensils/mcp-nixos,2025-08,treatment,1,1,0,2025-03,1,5,0,0,0,0,0,0,0,0,0,0,0,1,0,False,18.0,9648.0,12811.0,2.0,,,,
vcs-python/vcspull,2024-01,treatment,1,0,0,2025-03,0,-14,1,0,0,0,0,0,0,0,0,0,0,0,0,False,5.0,227.0,234.0,1.0,,,,
vcs-python/vcspull,2024-02,treatment,1,0,0,2025-03,0,-13,1,0,0,0,0,0,0,0,0,0,0,0,0,False,40.0,894.0,682.0,2.0,,,,
vcs-python/vcspull,2024-03,treatment,1,0,0,2025-03,0,-12,1,0,0,0,0,0,0,0,0,0,0,0,0,False,22.0,504.0,417.0,1.0,,,,
vcs-python/vcspull,2024-04,treatment,1,0,0,2025-03,0,-11,1,0,0,0,0,0,0,0,0,0,0,0,0,False,16.0,660.0,388.0,1.0,,,,
vcs-python/vcspull,2024-05,treatment,1,0,0,2025-03,0,-10,1,0,0,0,0,0,0,0,0,0,0,0,0,False,8.0,415.0,413.0,1.0,,,,
vcs-python/vcspull,2024-06,treatment,1,0,0,2025-03,0,-9,1,0,0,0,0,0,0,0,0,0,0,0,0,False,17.0,258.0,231.0,1.0,,,,
vcs-python/vcspull,2024-07,treatment,1,0,0,2025-03,0,-8,1,0,0,0,0,0,0,0,0,0,0,0,0,False,6.0,206.0,206.0,1.0,,,,
vcs-python/vcspull,2024-08,treatment,1,0,0,2025-03,0,-7,1,0,0,0,0,0,0,0,0,0,0,0,0,False,6.0,762.0,716.0,1.0,,,,
vcs-python/vcspull,2024-09,treatment,1,0,0,2025-03,0,-6,1,0,0,0,0,0,0,0,0,0,0,0,0,False,7.0,320.0,306.0,1.0,,,,
vcs-python/vcspull,2024-10,treatment,1,0,0,2025-03,0,-5,0,1,0,0,0,0,0,0,0,0,0,0,0,False,16.0,642.0,601.0,1.0,,,,
vcs-python/vcspull,2024-11,treatment,1,0,0,2025-03,0,-4,0,0,1,0,0,0,0,0,0,0,0,0,0,False,16.0,1888.0,2017.0,1.0,,,,
vcs-python/vcspull,2024-12,treatment,1,0,0,2025-03,0,-3,0,0,0,1,0,0,0,0,0,0,0,0,0,False,10.0,622.0,496.0,1.0,,,,
vcs-python/vcspull,2025-01,treatment,1,0,0,2025-03,0,-2,0,0,0,0,1,0,0,0,0,0,0,0,0,False,20.0,703.0,512.0,1.0,,,,
vcs-python/vcspull,2025-02,treatment,1,0,0,2025-03,0,-1,0,0,0,0,0,1,0,0,0,0,0,0,0,False,17.0,352.0,337.0,1.0,,,,
vcs-python/vcspull,2025-03,treatment,1,1,1,2025-03,1,0,0,0,0,0,0,0,1,0,0,0,0,0,0,True,13.0,822.0,234.0,1.0,,,,
vcs-python/vcspull,2025-04,treatment,1,1,0,2025-03,1,1,0,0,0,0,0,0,0,1,0,0,0,0,0,False,12.0,906.0,905.0,1.0,,,,
vcs-python/vcspull,2025-05,treatment,1,1,0,2025-03,1,2,0,0,0,0,0,0,0,0,1,0,0,0,0,False,12.0,983.0,946.0,1.0,,,,
vcs-python/vcspull,2025-06,treatment,1,1,1,2025-03,1,3,0,0,0,0,0,0,0,0,0,1,0,0,0,True,27.0,783.0,325.0,1.0,,,,
vcs-python/vcspull,2025-07,treatment,1,1,0,2025-03,1,4,0,0,0,0,0,0,0,0,0,0,1,0,0,False,8.0,317.0,283.0,1.0,,,,
vcs-python/vcspull,2025-08,treatment,1,1,0,2025-03,1,5,0,0,0,0,0,0,0,0,0,0,0,1,0,False,11.0,757.0,730.0,1.0,,,,
vietanhdev/anylabeling,2024-01,treatment,1,0,0,2025-03,0,-14,1,0,0,0,0,0,0,0,0,0,0,0,0,False,0.0,0.0,0.0,0.0,,,,
vietanhdev/anylabeling,2024-02,treatment,1,0,0,2025-03,0,-13,1,0,0,0,0,0,0,0,0,0,0,0,0,False,0.0,0.0,0.0,0.0,,,,
vietanhdev/anylabeling,2024-03,treatment,1,0,0,2025-03,0,-12,1,0,0,0,0,0,0,0,0,0,0,0,0,False,0.0,0.0,0.0,0.0,,,,
vietanhdev/anylabeling,2024-04,treatment,1,0,0,2025-03,0,-11,1,0,0,0,0,0,0,0,0,0,0,0,0,False,0.0,0.0,0.0,0.0,,,,
vietanhdev/anylabeling,2024-05,treatment,1,0,0,2025-03,0,-10,1,0,0,0,0,0,0,0,0,0,0,0,0,False,0.0,0.0,0.0,0.0,,,,
vietanhdev/anylabeling,2024-06,treatment,1,0,0,2025-03,0,-9,1,0,0,0,0,0,0,0,0,0,0,0,0,False,8.0,75932.0,75916.0,3.0,,,,
vietanhdev/anylabeling,2024-07,treatment,1,0,0,2025-03,0,-8,1,0,0,0,0,0,0,0,0,0,0,0,0,False,2.0,0.0,16.0,2.0,,,,
vietanhdev/anylabeling,2024-08,treatment,1,0,0,2025-03,0,-7,1,0,0,0,0,0,0,0,0,0,0,0,0,False,14.0,450.0,101.0,3.0,,,,
vietanhdev/anylabeling,2024-09,treatment,1,0,0,2025-03,0,-6,1,0,0,0,0,0,0,0,0,0,0,0,0,False,0.0,0.0,0.0,0.0,,,,
vietanhdev/anylabeling,2024-10,treatment,1,0,0,2025-03,0,-5,0,1,0,0,0,0,0,0,0,0,0,0,0,False,2.0,299684.0,299684.0,2.0,,,,
vietanhdev/anylabeling,2024-11,treatment,1,0,0,2025-03,0,-4,0,0,1,0,0,0,0,0,0,0,0,0,0,False,4.0,26.0,135.0,2.0,,,,
vietanhdev/anylabeling,2024-12,treatment,1,0,0,2025-03,0,-3,0,0,0,1,0,0,0,0,0,0,0,0,0,False,0.0,0.0,0.0,0.0,,,,
vietanhdev/anylabeling,2025-01,treatment,1,0,0,2025-03,0,-2,0,0,0,0,1,0,0,0,0,0,0,0,0,False,0.0,0.0,0.0,0.0,,,,
vietanhdev/anylabeling,2025-02,treatment,1,0,0,2025-03,0,-1,0,0,0,0,0,1,0,0,0,0,0,0,0,False,0.0,0.0,0.0,0.0,,,,
vietanhdev/anylabeling,2025-03,treatment,1,1,1,2025-03,1,0,0,0,0,0,0,0,1,0,0,0,0,0,0,True,4.0,51524.0,302174.0,2.0,,,,
vietanhdev/anylabeling,2025-04,treatment,1,1,0,2025-03,1,1,0,0,0,0,0,0,0,1,0,0,0,0,0,False,3.0,25031.0,24087.0,1.0,,,,
vietanhdev/anylabeling,2025-05,treatment,1,1,0,2025-03,1,2,0,0,0,0,0,0,0,0,1,0,0,0,0,False,11.0,84988.0,77351.0,2.0,,,,
vietanhdev/anylabeling,2025-06,treatment,1,1,0,2025-03,1,3,0,0,0,0,0,0,0,0,0,1,0,0,0,False,0.0,0.0,0.0,0.0,,,,
vietanhdev/anylabeling,2025-07,treatment,1,1,0,2025-03,1,4,0,0,0,0,0,0,0,0,0,0,1,0,0,False,3.0,247.0,96.0,1.0,,,,
vietanhdev/anylabeling,2025-08,treatment,1,1,0,2025-03,1,5,0,0,0,0,0,0,0,0,0,0,0,1,0,False,0.0,0.0,0.0,0.0,,,,
wdm0006/elote,2024-01,treatment,1,0,0,2025-02,0,-13,1,0,0,0,0,0,0,0,0,0,0,0,0,False,0.0,0.0,0.0,0.0,,,,
wdm0006/elote,2024-02,treatment,1,0,0,2025-02,0,-12,1,0,0,0,0,0,0,0,0,0,0,0,0,False,0.0,0.0,0.0,0.0,,,,
wdm0006/elote,2024-03,treatment,1,0,0,2025-02,0,-11,1,0,0,0,0,0,0,0,0,0,0,0,0,False,0.0,0.0,0.0,0.0,,,,
wdm0006/elote,2024-04,treatment,1,0,0,2025-02,0,-10,1,0,0,0,0,0,0,0,0,0,0,0,0,False,0.0,0.0,0.0,0.0,,,,
wdm0006/elote,2024-05,treatment,1,0,0,2025-02,0,-9,1,0,0,0,0,0,0,0,0,0,0,0,0,False,0.0,0.0,0.0,0.0,,,,
wdm0006/elote,2024-06,treatment,1,0,0,2025-02,0,-8,1,0,0,0,0,0,0,0,0,0,0,0,0,False,0.0,0.0,0.0,0.0,,,,
wdm0006/elote,2024-07,treatment,1,0,0,2025-02,0,-7,1,0,0,0,0,0,0,0,0,0,0,0,0,False,8.0,101.0,82.0,2.0,,,,
wdm0006/elote,2024-08,treatment,1,0,0,2025-02,0,-6,1,0,0,0,0,0,0,0,0,0,0,0,0,False,0.0,0.0,0.0,0.0,,,,
wdm0006/elote,2024-09,treatment,1,0,0,2025-02,0,-5,0,1,0,0,0,0,0,0,0,0,0,0,0,False,0.0,0.0,0.0,0.0,,,,
wdm0006/elote,2024-10,treatment,1,0,0,2025-02,0,-4,0,0,1,0,0,0,0,0,0,0,0,0,0,False,0.0,0.0,0.0,0.0,,,,
wdm0006/elote,2024-11,treatment,1,0,0,2025-02,0,-3,0,0,0,1,0,0,0,0,0,0,0,0,0,False,0.0,0.0,0.0,0.0,,,,
wdm0006/elote,2024-12,treatment,1,0,0,2025-02,0,-2,0,0,0,0,1,0,0,0,0,0,0,0,0,False,0.0,0.0,0.0,0.0,,,,
wdm0006/elote,2025-01,treatment,1,0,0,2025-02,0,-1,0,0,0,0,0,1,0,0,0,0,0,0,0,False,0.0,0.0,0.0,0.0,,,,
wdm0006/elote,2025-02,treatment,1,1,1,2025-02,1,0,0,0,0,0,0,0,1,0,0,0,0,0,0,True,9.0,9805.0,1505.0,2.0,,,,
wdm0006/elote,2025-03,treatment,1,1,1,2025-02,1,1,0,0,0,0,0,0,0,1,0,0,0,0,0,True,8.0,12526.0,17668.0,1.0,,,,
wdm0006/elote,2025-04,treatment,1,1,0,2025-02,1,2,0,0,0,0,0,0,0,0,1,0,0,0,0,False,4.0,2101.0,982.0,1.0,,,,
wdm0006/elote,2025-05,treatment,1,1,0,2025-02,1,3,0,0,0,0,0,0,0,0,0,1,0,0,0,False,0.0,0.0,0.0,0.0,,,,
wdm0006/elote,2025-06,treatment,1,1,0,2025-02,1,4,0,0,0,0,0,0,0,0,0,0,1,0,0,False,1.0,524.0,154.0,1.0,,,,
wdm0006/elote,2025-07,treatment,1,1,0,2025-02,1,5,0,0,0,0,0,0,0,0,0,0,0,1,0,False,0.0,0.0,0.0,0.0,,,,
wdm0006/elote,2025-08,treatment,1,1,0,2025-02,1,6,0,0,0,0,0,0,0,0,0,0,0,0,1,False,0.0,0.0,0.0,0.0,,,,
wdm0006/git-pandas,2024-01,treatment,1,0,0,2025-03,0,-14,1,0,0,0,0,0,0,0,0,0,0,0,0,False,0.0,0.0,0.0,0.0,,,,
wdm0006/git-pandas,2024-02,treatment,1,0,0,2025-03,0,-13,1,0,0,0,0,0,0,0,0,0,0,0,0,False,0.0,0.0,0.0,0.0,,,,
wdm0006/git-pandas,2024-03,treatment,1,0,0,2025-03,0,-12,1,0,0,0,0,0,0,0,0,0,0,0,0,False,0.0,0.0,0.0,0.0,,,,
wdm0006/git-pandas,2024-04,treatment,1,0,0,2025-03,0,-11,1,0,0,0,0,0,0,0,0,0,0,0,0,False,0.0,0.0,0.0,0.0,,,,
wdm0006/git-pandas,2024-05,treatment,1,0,0,2025-03,0,-10,1,0,0,0,0,0,0,0,0,0,0,0,0,False,0.0,0.0,0.0,0.0,,,,
wdm0006/git-pandas,2024-06,treatment,1,0,0,2025-03,0,-9,1,0,0,0,0,0,0,0,0,0,0,0,0,False,0.0,0.0,0.0,0.0,,,,
wdm0006/git-pandas,2024-07,treatment,1,0,0,2025-03,0,-8,1,0,0,0,0,0,0,0,0,0,0,0,0,False,1.0,275.0,56.0,1.0,,,,
wdm0006/git-pandas,2024-08,treatment,1,0,0,2025-03,0,-7,1,0,0,0,0,0,0,0,0,0,0,0,0,False,0.0,0.0,0.0,0.0,,,,
wdm0006/git-pandas,2024-09,treatment,1,0,0,2025-03,0,-6,1,0,0,0,0,0,0,0,0,0,0,0,0,False,0.0,0.0,0.0,0.0,,,,
wdm0006/git-pandas,2024-10,treatment,1,0,0,2025-03,0,-5,0,1,0,0,0,0,0,0,0,0,0,0,0,False,0.0,0.0,0.0,0.0,,,,
wdm0006/git-pandas,2024-11,treatment,1,0,0,2025-03,0,-4,0,0,1,0,0,0,0,0,0,0,0,0,0,False,0.0,0.0,0.0,0.0,,,,
wdm0006/git-pandas,2024-12,treatment,1,0,0,2025-03,0,-3,0,0,0,1,0,0,0,0,0,0,0,0,0,False,0.0,0.0,0.0,0.0,,,,
wdm0006/git-pandas,2025-01,treatment,1,0,0,2025-03,0,-2,0,0,0,0,1,0,0,0,0,0,0,0,0,False,0.0,0.0,0.0,0.0,,,,
wdm0006/git-pandas,2025-02,treatment,1,0,0,2025-03,0,-1,0,0,0,0,0,1,0,0,0,0,0,0,0,False,0.0,0.0,0.0,0.0,,,,
wdm0006/git-pandas,2025-03,treatment,1,1,1,2025-03,1,0,0,0,0,0,0,0,1,0,0,0,0,0,0,True,3.0,6398.0,2425.0,2.0,,,,
wdm0006/git-pandas,2025-04,treatment,1,1,0,2025-03,1,1,0,0,0,0,0,0,0,1,0,0,0,0,0,False,14.0,2017.0,694.0,2.0,,,,
wdm0006/git-pandas,2025-05,treatment,1,1,0,2025-03,1,2,0,0,0,0,0,0,0,0,1,0,0,0,0,False,2.0,2197.0,489.0,1.0,,,,
wdm0006/git-pandas,2025-06,treatment,1,1,0,2025-03,1,3,0,0,0,0,0,0,0,0,0,1,0,0,0,False,9.0,4642.0,133.0,1.0,,,,
wdm0006/git-pandas,2025-07,treatment,1,1,0,2025-03,1,4,0,0,0,0,0,0,0,0,0,0,1,0,0,False,12.0,6589.0,2340.0,1.0,,,,
wdm0006/git-pandas,2025-08,treatment,1,1,0,2025-03,1,5,0,0,0,0,0,0,0,0,0,0,0,1,0,False,0.0,0.0,0.0,0.0,,,,
wdm0006/pygeohash,2024-01,treatment,1,0,0,2025-03,0,-14,1,0,0,0,0,0,0,0,0,0,0,0,0,False,0.0,0.0,0.0,0.0,,,,
wdm0006/pygeohash,2024-02,treatment,1,0,0,2025-03,0,-13,1,0,0,0,0,0,0,0,0,0,0,0,0,False,0.0,0.0,0.0,0.0,,,,
wdm0006/pygeohash,2024-03,treatment,1,0,0,2025-03,0,-12,1,0,0,0,0,0,0,0,0,0,0,0,0,False,0.0,0.0,0.0,0.0,,,,
wdm0006/pygeohash,2024-04,treatment,1,0,0,2025-03,0,-11,1,0,0,0,0,0,0,0,0,0,0,0,0,False,0.0,0.0,0.0,0.0,,,,
wdm0006/pygeohash,2024-05,treatment,1,0,0,2025-03,0,-10,1,0,0,0,0,0,0,0,0,0,0,0,0,False,0.0,0.0,0.0,0.0,,,,
wdm0006/pygeohash,2024-06,treatment,1,0,0,2025-03,0,-9,1,0,0,0,0,0,0,0,0,0,0,0,0,False,1.0,1.0,1.0,1.0,,,,
wdm0006/pygeohash,2024-07,treatment,1,0,0,2025-03,0,-8,1,0,0,0,0,0,0,0,0,0,0,0,0,False,6.0,330.0,174.0,1.0,,,,
wdm0006/pygeohash,2024-08,treatment,1,0,0,2025-03,0,-7,1,0,0,0,0,0,0,0,0,0,0,0,0,False,0.0,0.0,0.0,0.0,,,,
wdm0006/pygeohash,2024-09,treatment,1,0,0,2025-03,0,-6,1,0,0,0,0,0,0,0,0,0,0,0,0,False,0.0,0.0,0.0,0.0,,,,
wdm0006/pygeohash,2024-10,treatment,1,0,0,2025-03,0,-5,0,1,0,0,0,0,0,0,0,0,0,0,0,False,0.0,0.0,0.0,0.0,,,,
wdm0006/pygeohash,2024-11,treatment,1,0,0,2025-03,0,-4,0,0,1,0,0,0,0,0,0,0,0,0,0,False,0.0,0.0,0.0,0.0,,,,
wdm0006/pygeohash,2024-12,treatment,1,0,0,2025-03,0,-3,0,0,0,1,0,0,0,0,0,0,0,0,0,False,1.0,1.0,1.0,1.0,,,,
wdm0006/pygeohash,2025-01,treatment,1,0,0,2025-03,0,-2,0,0,0,0,1,0,0,0,0,0,0,0,0,False,0.0,0.0,0.0,0.0,,,,
wdm0006/pygeohash,2025-02,treatment,1,0,0,2025-03,0,-1,0,0,0,0,0,1,0,0,0,0,0,0,0,False,20.0,9391.0,875.0,2.0,,,,
wdm0006/pygeohash,2025-03,treatment,1,1,1,2025-03,1,0,0,0,0,0,0,0,1,0,0,0,0,0,0,True,18.0,14194.0,4237.0,2.0,,,,
wdm0006/pygeohash,2025-04,treatment,1,1,0,2025-03,1,1,0,0,0,0,0,0,0,1,0,0,0,0,0,False,4.0,816.0,3560.0,1.0,,,,
wdm0006/pygeohash,2025-05,treatment,1,1,0,2025-03,1,2,0,0,0,0,0,0,0,0,1,0,0,0,0,False,3.0,229.0,45.0,1.0,,,,
wdm0006/pygeohash,2025-06,treatment,1,1,0,2025-03,1,3,0,0,0,0,0,0,0,0,0,1,0,0,0,False,0.0,0.0,0.0,0.0,,,,
wdm0006/pygeohash,2025-07,treatment,1,1,0,2025-03,1,4,0,0,0,0,0,0,0,0,0,0,1,0,0,False,2.0,112.0,54.0,1.0,,,,
wdm0006/pygeohash,2025-08,treatment,1,1,0,2025-03,1,5,0,0,0,0,0,0,0,0,0,0,0,1,0,False,0.0,0.0,0.0,0.0,,,,
whiteducksoftware/flock,2025-02,treatment,1,0,0,2025-03,0,-1,0,0,0,0,0,1,0,0,0,0,0,0,0,False,213.0,110489.0,26140.0,5.0,,,,
whiteducksoftware/flock,2025-03,treatment,1,1,1,2025-03,1,0,0,0,0,0,0,0,1,0,0,0,0,0,0,True,43.0,62348.0,27134.0,2.0,,,,
whiteducksoftware/flock,2025-04,treatment,1,1,1,2025-03,1,1,0,0,0,0,0,0,0,1,0,0,0,0,0,True,171.0,882217.0,1166210.0,6.0,,,,
whiteducksoftware/flock,2025-05,treatment,1,1,0,2025-03,1,2,0,0,0,0,0,0,0,0,1,0,0,0,0,False,345.0,200527.0,142376.0,6.0,,,,
whiteducksoftware/flock,2025-06,treatment,1,1,0,2025-03,1,3,0,0,0,0,0,0,0,0,0,1,0,0,0,False,9.0,7010.0,7866.0,2.0,,,,
whiteducksoftware/flock,2025-07,treatment,1,1,0,2025-03,1,4,0,0,0,0,0,0,0,0,0,0,1,0,0,False,26.0,968.0,215.0,6.0,,,,
whiteducksoftware/flock,2025-08,treatment,1,1,0,2025-03,1,5,0,0,0,0,0,0,0,0,0,0,0,1,0,False,69.0,56576.0,47482.0,5.0,,,,
xzq-xu/jvm-mcp-server,2025-03,treatment,1,1,1,2025-03,1,0,0,0,0,0,0,0,1,0,0,0,0,0,0,True,32.0,5564.0,1923.0,4.0,,,,
xzq-xu/jvm-mcp-server,2025-04,treatment,1,1,0,2025-03,1,1,0,0,0,0,0,0,0,1,0,0,0,0,0,False,0.0,0.0,0.0,0.0,,,,
xzq-xu/jvm-mcp-server,2025-05,treatment,1,1,0,2025-03,1,2,0,0,0,0,0,0,0,0,1,0,0,0,0,False,1.0,2.0,0.0,1.0,,,,
xzq-xu/jvm-mcp-server,2025-06,treatment,1,1,1,2025-03,1,3,0,0,0,0,0,0,0,0,0,1,0,0,0,True,7.0,5525.0,2262.0,3.0,,,,
xzq-xu/jvm-mcp-server,2025-07,treatment,1,1,0,2025-03,1,4,0,0,0,0,0,0,0,0,0,0,1,0,0,False,0.0,0.0,0.0,0.0,,,,
xzq-xu/jvm-mcp-server,2025-08,treatment,1,1,0,2025-03,1,5,0,0,0,0,0,0,0,0,0,0,0,1,0,False,0.0,0.0,0.0,0.0,,,,
yagami1997/CursorMind,2025-03,treatment,1,1,1,2025-03,1,0,0,0,0,0,0,0,1,0,0,0,0,0,0,True,31.0,9544.0,2687.0,1.0,,,,
yagami1997/CursorMind,2025-04,treatment,1,1,0,2025-03,1,1,0,0,0,0,0,0,0,1,0,0,0,0,0,False,0.0,0.0,0.0,0.0,,,,
yagami1997/CursorMind,2025-05,treatment,1,1,0,2025-03,1,2,0,0,0,0,0,0,0,0,1,0,0,0,0,False,0.0,0.0,0.0,0.0,,,,
yagami1997/CursorMind,2025-06,treatment,1,1,0,2025-03,1,3,0,0,0,0,0,0,0,0,0,1,0,0,0,False,0.0,0.0,0.0,0.0,,,,
yagami1997/CursorMind,2025-07,treatment,1,1,0,2025-03,1,4,0,0,0,0,0,0,0,0,0,0,1,0,0,False,0.0,0.0,0.0,0.0,,,,
yagami1997/CursorMind,2025-08,treatment,1,1,0,2025-03,1,5,0,0,0,0,0,0,0,0,0,0,0,1,0,False,0.0,0.0,0.0,0.0,,,,
yagami1997/TradeMind,2025-02,treatment,1,0,0,2025-03,0,-1,0,0,0,0,0,1,0,0,0,0,0,0,0,False,140.0,3671.0,2359.0,4.0,,,,
yagami1997/TradeMind,2025-03,treatment,1,1,1,2025-03,1,0,0,0,0,0,0,0,1,0,0,0,0,0,0,True,115.0,77533.0,52347.0,2.0,,,,
yagami1997/TradeMind,2025-04,treatment,1,1,0,2025-03,1,1,0,0,0,0,0,0,0,1,0,0,0,0,0,False,2.0,35.0,2131.0,1.0,,,,
yagami1997/TradeMind,2025-05,treatment,1,1,0,2025-03,1,2,0,0,0,0,0,0,0,0,1,0,0,0,0,False,16.0,3330.0,703.0,2.0,,,,
yagami1997/TradeMind,2025-06,treatment,1,1,0,2025-03,1,3,0,0,0,0,0,0,0,0,0,1,0,0,0,False,1.0,1.0,0.0,1.0,,,,
yagami1997/TradeMind,2025-07,treatment,1,1,0,2025-03,1,4,0,0,0,0,0,0,0,0,0,0,1,0,0,False,1.0,1.0,0.0,1.0,,,,
yagami1997/TradeMind,2025-08,treatment,1,1,0,2025-03,1,5,0,0,0,0,0,0,0,0,0,0,0,1,0,False,0.0,0.0,0.0,0.0,,,,
yeagerai/genlayer-studio,2024-03,treatment,1,0,0,2025-03,0,-12,1,0,0,0,0,0,0,0,0,0,0,0,0,False,6.0,9627.0,5.0,4.0,,,,
yeagerai/genlayer-studio,2024-04,treatment,1,0,0,2025-03,0,-11,1,0,0,0,0,0,0,0,0,0,0,0,0,False,49.0,19600.0,14576.0,7.0,,,,
yeagerai/genlayer-studio,2024-05,treatment,1,0,0,2025-03,0,-10,1,0,0,0,0,0,0,0,0,0,0,0,0,False,40.0,9920.0,4366.0,6.0,,,,
yeagerai/genlayer-studio,2024-06,treatment,1,0,0,2025-03,0,-9,1,0,0,0,0,0,0,0,0,0,0,0,0,False,22.0,9869.0,7802.0,5.0,,,,
yeagerai/genlayer-studio,2024-07,treatment,1,0,0,2025-03,0,-8,1,0,0,0,0,0,0,0,0,0,0,0,0,False,39.0,24768.0,16291.0,5.0,,,,
yeagerai/genlayer-studio,2024-08,treatment,1,0,0,2025-03,0,-7,1,0,0,0,0,0,0,0,0,0,0,0,0,False,43.0,16005.0,9976.0,8.0,,,,
yeagerai/genlayer-studio,2024-09,treatment,1,0,0,2025-03,0,-6,1,0,0,0,0,0,0,0,0,0,0,0,0,False,46.0,12926.0,5909.0,5.0,,,,
yeagerai/genlayer-studio,2024-10,treatment,1,0,0,2025-03,0,-5,0,1,0,0,0,0,0,0,0,0,0,0,0,False,14.0,5140.0,1538.0,3.0,,,,
yeagerai/genlayer-studio,2024-11,treatment,1,0,0,2025-03,0,-4,0,0,1,0,0,0,0,0,0,0,0,0,0,False,22.0,4035.0,3160.0,9.0,,,,
yeagerai/genlayer-studio,2024-12,treatment,1,0,0,2025-03,0,-3,0,0,0,1,0,0,0,0,0,0,0,0,0,False,33.0,15776.0,8605.0,8.0,,,,
yeagerai/genlayer-studio,2025-01,treatment,1,0,0,2025-03,0,-2,0,0,0,0,1,0,0,0,0,0,0,0,0,False,12.0,3877.0,1797.0,6.0,,,,
yeagerai/genlayer-studio,2025-02,treatment,1,0,0,2025-03,0,-1,0,0,0,0,0,1,0,0,0,0,0,0,0,False,23.0,8292.0,4452.0,6.0,,,,
yeagerai/genlayer-studio,2025-03,treatment,1,1,1,2025-03,1,0,0,0,0,0,0,0,1,0,0,0,0,0,0,True,9.0,1515.0,1287.0,4.0,,,,
yeagerai/genlayer-studio,2025-04,treatment,1,1,0,2025-03,1,1,0,0,0,0,0,0,0,1,0,0,0,0,0,False,31.0,16095.0,8734.0,7.0,,,,
yeagerai/genlayer-studio,2025-05,treatment,1,1,0,2025-03,1,2,0,0,0,0,0,0,0,0,1,0,0,0,0,False,19.0,3050.0,2102.0,6.0,,,,
yeagerai/genlayer-studio,2025-06,treatment,1,1,0,2025-03,1,3,0,0,0,0,0,0,0,0,0,1,0,0,0,False,15.0,2605.0,2026.0,3.0,,,,
yeagerai/genlayer-studio,2025-07,treatment,1,1,0,2025-03,1,4,0,0,0,0,0,0,0,0,0,0,1,0,0,False,17.0,4054.0,836.0,5.0,,,,
yeagerai/genlayer-studio,2025-08,treatment,1,1,0,2025-03,1,5,0,0,0,0,0,0,0,0,0,0,0,1,0,False,11.0,2258.0,521.0,4.0,,,,
zauberzeug/nicegui,2024-01,treatment,1,0,0,2025-03,0,-14,1,0,0,0,0,0,0,0,0,0,0,0,0,False,160.0,5721.0,2360.0,9.0,,,,
zauberzeug/nicegui,2024-02,treatment,1,0,0,2025-03,0,-13,1,0,0,0,0,0,0,0,0,0,0,0,0,False,137.0,16026.0,2913.0,16.0,,,,
zauberzeug/nicegui,2024-03,treatment,1,0,0,2025-03,0,-12,1,0,0,0,0,0,0,0,0,0,0,0,0,False,55.0,2406.0,1248.0,12.0,,,,
zauberzeug/nicegui,2024-04,treatment,1,0,0,2025-03,0,-11,1,0,0,0,0,0,0,0,0,0,0,0,0,False,82.0,3063.0,1437.0,20.0,,,,
zauberzeug/nicegui,2024-05,treatment,1,0,0,2025-03,0,-10,1,0,0,0,0,0,0,0,0,0,0,0,0,False,55.0,3429.0,1079.0,13.0,,,,
zauberzeug/nicegui,2024-06,treatment,1,0,0,2025-03,0,-9,1,0,0,0,0,0,0,0,0,0,0,0,0,False,31.0,1191.0,381.0,9.0,,,,
zauberzeug/nicegui,2024-07,treatment,1,0,0,2025-03,0,-8,1,0,0,0,0,0,0,0,0,0,0,0,0,False,27.0,920.0,490.0,8.0,,,,
zauberzeug/nicegui,2024-08,treatment,1,0,0,2025-03,0,-7,1,0,0,0,0,0,0,0,0,0,0,0,0,False,119.0,1105728.0,1363856.0,13.0,,,,
zauberzeug/nicegui,2024-09,treatment,1,0,0,2025-03,0,-6,1,0,0,0,0,0,0,0,0,0,0,0,0,False,55.0,1708.0,1265.0,9.0,,,,
zauberzeug/nicegui,2024-10,treatment,1,0,0,2025-03,0,-5,0,1,0,0,0,0,0,0,0,0,0,0,0,False,46.0,2018.0,1466.0,11.0,,,,
zauberzeug/nicegui,2024-11,treatment,1,0,0,2025-03,0,-4,0,0,1,0,0,0,0,0,0,0,0,0,0,False,38.0,2166.0,851.0,14.0,,,,
zauberzeug/nicegui,2024-12,treatment,1,0,0,2025-03,0,-3,0,0,0,1,0,0,0,0,0,0,0,0,0,False,36.0,1082.0,620.0,10.0,,,,
zauberzeug/nicegui,2025-01,treatment,1,0,0,2025-03,0,-2,0,0,0,0,1,0,0,0,0,0,0,0,0,False,49.0,2546.0,1303.0,13.0,,,,
zauberzeug/nicegui,2025-02,treatment,1,0,0,2025-03,0,-1,0,0,0,0,0,1,0,0,0,0,0,0,0,False,37.0,770.0,173.0,11.0,,,,
zauberzeug/nicegui,2025-03,treatment,1,1,1,2025-03,1,0,0,0,0,0,0,0,1,0,0,0,0,0,0,True,54.0,2112.0,961.0,19.0,,,,
zauberzeug/nicegui,2025-04,treatment,1,1,0,2025-03,1,1,0,0,0,0,0,0,0,1,0,0,0,0,0,False,43.0,1187.0,307002.0,11.0,,,,
zauberzeug/nicegui,2025-05,treatment,1,1,0,2025-03,1,2,0,0,0,0,0,0,0,0,1,0,0,0,0,False,53.0,1235.0,399.0,12.0,,,,
zauberzeug/nicegui,2025-06,treatment,1,1,1,2025-03,1,3,0,0,0,0,0,0,0,0,0,1,0,0,0,True,21.0,682.0,264.0,9.0,,,,
zauberzeug/nicegui,2025-07,treatment,1,1,1,2025-03,1,4,0,0,0,0,0,0,0,0,0,0,1,0,0,True,34.0,3259.0,649.0,6.0,,,,
zauberzeug/nicegui,2025-08,treatment,1,1,0,2025-03,1,5,0,0,0,0,0,0,0,0,0,0,0,1,0,False,58.0,153642.0,421381.0,9.0,,,,
zilliztech/mcp-server-milvus,2025-03,treatment,1,1,1,2025-03,1,0,0,0,0,0,0,0,1,0,0,0,0,0,0,True,23.0,2140.0,2886.0,4.0,,,,
zilliztech/mcp-server-milvus,2025-04,treatment,1,1,0,2025-03,1,1,0,0,0,0,0,0,0,1,0,0,0,0,0,False,1.0,2.0,15.0,1.0,,,,
zilliztech/mcp-server-milvus,2025-05,treatment,1,1,0,2025-03,1,2,0,0,0,0,0,0,0,0,1,0,0,0,0,False,4.0,477.0,72.0,3.0,,,,
zilliztech/mcp-server-milvus,2025-06,treatment,1,1,0,2025-03,1,3,0,0,0,0,0,0,0,0,0,1,0,0,0,False,2.0,606.0,418.0,2.0,,,,
zilliztech/mcp-server-milvus,2025-07,treatment,1,1,0,2025-03,1,4,0,0,0,0,0,0,0,0,0,0,1,0,0,False,0.0,0.0,0.0,0.0,,,,
zilliztech/mcp-server-milvus,2025-08,treatment,1,1,0,2025-03,1,5,0,0,0,0,0,0,0,0,0,0,0,1,0,False,0.0,0.0,0.0,0.0,,,,
2019211474/DL-NASA-SOH-CNN-BILSTM-Attention,2024-01,control,0,0,0,,0,,0,0,0,0,0,0,0,0,0,0,0,0,0,False,0.0,0.0,0.0,0.0,1.0,TextGeneratorio/text-generator.io,1,202502
2019211474/DL-NASA-SOH-CNN-BILSTM-Attention,2024-02,control,0,0,0,,0,,0,0,0,0,0,0,0,0,0,0,0,0,0,False,0.0,0.0,0.0,0.0,1.0,TextGeneratorio/text-generator.io,1,202502
2019211474/DL-NASA-SOH-CNN-BILSTM-Attention,2024-03,control,0,0,0,,0,,0,0,0,0,0,0,0,0,0,0,0,0,0,False,0.0,0.0,0.0,0.0,1.0,TextGeneratorio/text-generator.io,1,202502
2019211474/DL-NASA-SOH-CNN-BILSTM-Attention,2024-04,control,0,0,0,,0,,0,0,0,0,0,0,0,0,0,0,0,0,0,False,0.0,0.0,0.0,0.0,1.0,TextGeneratorio/text-generator.io,1,202502
2019211474/DL-NASA-SOH-CNN-BILSTM-Attention,2024-05,control,0,0,0,,0,,0,0,0,0,0,0,0,0,0,0,0,0,0,False,0.0,0.0,0.0,0.0,1.0,TextGeneratorio/text-generator.io,1,202502
2019211474/DL-NASA-SOH-CNN-BILSTM-Attention,2024-06,control,0,0,0,,0,,0,0,0,0,0,0,0,0,0,0,0,0,0,False,0.0,0.0,0.0,0.0,1.0,TextGeneratorio/text-generator.io,1,202502
2019211474/DL-NASA-SOH-CNN-BILSTM-Attention,2024-07,control,0,0,0,,0,,0,0,0,0,0,0,0,0,0,0,0,0,0,False,0.0,0.0,0.0,0.0,1.0,TextGeneratorio/text-generator.io,1,202502
2019211474/DL-NASA-SOH-CNN-BILSTM-Attention,2024-08,control,0,0,0,,0,,0,0,0,0,0,0,0,0,0,0,0,0,0,False,0.0,0.0,0.0,0.0,1.0,TextGeneratorio/text-generator.io,1,202502
2019211474/DL-NASA-SOH-CNN-BILSTM-Attention,2024-09,control,0,0,0,,0,,0,0,0,0,0,0,0,0,0,0,0,0,0,False,0.0,0.0,0.0,0.0,1.0,TextGeneratorio/text-generator.io,1,202502
2019211474/DL-NASA-SOH-CNN-BILSTM-Attention,2024-10,control,0,0,0,,0,,0,0,0,0,0,0,0,0,0,0,0,0,0,False,0.0,0.0,0.0,0.0,1.0,TextGeneratorio/text-generator.io,1,202502
2019211474/DL-NASA-SOH-CNN-BILSTM-Attention,2024-11,control,0,0,0,,0,,0,0,0,0,0,0,0,0,0,0,0,0,0,False,0.0,0.0,0.0,0.0,1.0,TextGeneratorio/text-generator.io,1,202502
2019211474/DL-NASA-SOH-CNN-BILSTM-Attention,2024-12,control,0,0,0,,0,,0,0,0,0,0,0,0,0,0,0,0,0,0,False,0.0,0.0,0.0,0.0,1.0,TextGeneratorio/text-generator.io,1,202502
2019211474/DL-NASA-SOH-CNN-BILSTM-Attention,2025-01,control,0,0,0,,0,,0,0,0,0,0,0,0,0,0,0,0,0,0,False,0.0,0.0,0.0,0.0,1.0,TextGeneratorio/text-generator.io,1,202502
2019211474/DL-NASA-SOH-CNN-BILSTM-Attention,2025-02,control,0,0,0,,0,,0,0,0,0,0,0,0,0,0,0,0,0,0,False,0.0,0.0,0.0,0.0,1.0,TextGeneratorio/text-generator.io,1,202502
2019211474/DL-NASA-SOH-CNN-BILSTM-Attention,2025-03,control,0,0,0,,0,,0,0,0,0,0,0,0,0,0,0,0,0,0,False,1.0,2.0,0.0,1.0,1.0,TextGeneratorio/text-generator.io,1,202502
2019211474/DL-NASA-SOH-CNN-BILSTM-Attention,2025-04,control,0,0,0,,0,,0,0,0,0,0,0,0,0,0,0,0,0,0,False,0.0,0.0,0.0,0.0,1.0,TextGeneratorio/text-generator.io,1,202502
2019211474/DL-NASA-SOH-CNN-BILSTM-Attention,2025-05,control,0,0,0,,0,,0,0,0,0,0,0,0,0,0,0,0,0,0,False,0.0,0.0,0.0,0.0,1.0,TextGeneratorio/text-generator.io,1,202502
2019211474/DL-NASA-SOH-CNN-BILSTM-Attention,2025-06,control,0,0,0,,0,,0,0,0,0,0,0,0,0,0,0,0,0,0,False,0.0,0.0,0.0,0.0,1.0,TextGeneratorio/text-generator.io,1,202502
2019211474/DL-NASA-SOH-CNN-BILSTM-Attention,2025-07,control,0,0,0,,0,,0,0,0,0,0,0,0,0,0,0,0,0,0,False,0.0,0.0,0.0,0.0,1.0,TextGeneratorio/text-generator.io,1,202502
2019211474/DL-NASA-SOH-CNN-BILSTM-Attention,2025-08,control,0,0,0,,0,,0,0,0,0,0,0,0,0,0,0,0,0,0,False,0.0,0.0,0.0,0.0,1.0,TextGeneratorio/text-generator.io,1,202502
4mritGiri/NumberTracker,2024-01,control,0,0,0,,0,,0,0,0,0,0,0,0,0,0,0,0,0,0,False,0.0,0.0,0.0,0.0,1.0,Multi-V-VM/MVVM,1,202502
4mritGiri/NumberTracker,2024-02,control,0,0,0,,0,,0,0,0,0,0,0,0,0,0,0,0,0,0,False,0.0,0.0,0.0,0.0,1.0,Multi-V-VM/MVVM,1,202502
4mritGiri/NumberTracker,2024-03,control,0,0,0,,0,,0,0,0,0,0,0,0,0,0,0,0,0,0,False,0.0,0.0,0.0,0.0,1.0,Multi-V-VM/MVVM,1,202502
4mritGiri/NumberTracker,2024-04,control,0,0,0,,0,,0,0,0,0,0,0,0,0,0,0,0,0,0,False,0.0,0.0,0.0,0.0,1.0,Multi-V-VM/MVVM,1,202502
4mritGiri/NumberTracker,2024-05,control,0,0,0,,0,,0,0,0,0,0,0,0,0,0,0,0,0,0,False,0.0,0.0,0.0,0.0,1.0,Multi-V-VM/MVVM,1,202502
4mritGiri/NumberTracker,2024-06,control,0,0,0,,0,,0,0,0,0,0,0,0,0,0,0,0,0,0,False,0.0,0.0,0.0,0.0,1.0,Multi-V-VM/MVVM,1,202502
4mritGiri/NumberTracker,2024-07,control,0,0,0,,0,,0,0,0,0,0,0,0,0,0,0,0,0,0,False,0.0,0.0,0.0,0.0,1.0,Multi-V-VM/MVVM,1,202502
4mritGiri/NumberTracker,2024-08,control,0,0,0,,0,,0,0,0,0,0,0,0,0,0,0,0,0,0,False,0.0,0.0,0.0,0.0,1.0,Multi-V-VM/MVVM,1,202502
4mritGiri/NumberTracker,2024-09,control,0,0,0,,0,,0,0,0,0,0,0,0,0,0,0,0,0,0,False,0.0,0.0,0.0,0.0,1.0,Multi-V-VM/MVVM,1,202502
4mritGiri/NumberTracker,2024-10,control,0,0,0,,0,,0,0,0,0,0,0,0,0,0,0,0,0,0,False,0.0,0.0,0.0,0.0,1.0,Multi-V-VM/MVVM,1,202502
4mritGiri/NumberTracker,2024-11,control,0,0,0,,0,,0,0,0,0,0,0,0,0,0,0,0,0,0,False,0.0,0.0,0.0,0.0,1.0,Multi-V-VM/MVVM,1,202502
4mritGiri/NumberTracker,2024-12,control,0,0,0,,0,,0,0,0,0,0,0,0,0,0,0,0,0,0,False,0.0,0.0,0.0,0.0,1.0,Multi-V-VM/MVVM,1,202502
4mritGiri/NumberTracker,2025-01,control,0,0,0,,0,,0,0,0,0,0,0,0,0,0,0,0,0,0,False,0.0,0.0,0.0,0.0,1.0,Multi-V-VM/MVVM,1,202502
4mritGiri/NumberTracker,2025-02,control,0,0,0,,0,,0,0,0,0,0,0,0,0,0,0,0,0,0,False,0.0,0.0,0.0,0.0,1.0,Multi-V-VM/MVVM,1,202502
4mritGiri/NumberTracker,2025-03,control,0,0,0,,0,,0,0,0,0,0,0,0,0,0,0,0,0,0,False,0.0,0.0,0.0,0.0,1.0,Multi-V-VM/MVVM,1,202502
4mritGiri/NumberTracker,2025-04,control,0,0,0,,0,,0,0,0,0,0,0,0,0,0,0,0,0,0,False,0.0,0.0,0.0,0.0,1.0,Multi-V-VM/MVVM,1,202502
4mritGiri/NumberTracker,2025-05,control,0,0,0,,0,,0,0,0,0,0,0,0,0,0,0,0,0,0,False,0.0,0.0,0.0,0.0,1.0,Multi-V-VM/MVVM,1,202502
4mritGiri/NumberTracker,2025-06,control,0,0,0,,0,,0,0,0,0,0,0,0,0,0,0,0,0,0,False,0.0,0.0,0.0,0.0,1.0,Multi-V-VM/MVVM,1,202502
4mritGiri/NumberTracker,2025-07,control,0,0,0,,0,,0,0,0,0,0,0,0,0,0,0,0,0,0,False,0.0,0.0,0.0,0.0,1.0,Multi-V-VM/MVVM,1,202502
4mritGiri/NumberTracker,2025-08,control,0,0,0,,0,,0,0,0,0,0,0,0,0,0,0,0,0,0,False,0.0,0.0,0.0,0.0,1.0,Multi-V-VM/MVVM,1,202502
666wcy/ARPT-Bot,2024-01,control,0,0,0,,0,,0,0,0,0,0,0,0,0,0,0,0,0,0,False,0.0,0.0,0.0,0.0,1.0,namuan/trading-utils,2,202410
666wcy/ARPT-Bot,2024-02,control,0,0,0,,0,,0,0,0,0,0,0,0,0,0,0,0,0,0,False,0.0,0.0,0.0,0.0,1.0,namuan/trading-utils,2,202410
666wcy/ARPT-Bot,2024-03,control,0,0,0,,0,,0,0,0,0,0,0,0,0,0,0,0,0,0,False,0.0,0.0,0.0,0.0,1.0,namuan/trading-utils,2,202410
666wcy/ARPT-Bot,2024-04,control,0,0,0,,0,,0,0,0,0,0,0,0,0,0,0,0,0,0,False,0.0,0.0,0.0,0.0,1.0,namuan/trading-utils,2,202410
666wcy/ARPT-Bot,2024-05,control,0,0,0,,0,,0,0,0,0,0,0,0,0,0,0,0,0,0,False,0.0,0.0,0.0,0.0,1.0,namuan/trading-utils,2,202410
666wcy/ARPT-Bot,2024-06,control,0,0,0,,0,,0,0,0,0,0,0,0,0,0,0,0,0,0,False,0.0,0.0,0.0,0.0,1.0,namuan/trading-utils,2,202410
666wcy/ARPT-Bot,2024-07,control,0,0,0,,0,,0,0,0,0,0,0,0,0,0,0,0,0,0,False,0.0,0.0,0.0,0.0,1.0,namuan/trading-utils,2,202410
666wcy/ARPT-Bot,2024-08,control,0,0,0,,0,,0,0,0,0,0,0,0,0,0,0,0,0,0,False,0.0,0.0,0.0,0.0,1.0,namuan/trading-utils,2,202410
666wcy/ARPT-Bot,2024-09,control,0,0,0,,0,,0,0,0,0,0,0,0,0,0,0,0,0,0,False,0.0,0.0,0.0,0.0,1.0,namuan/trading-utils,2,202410
666wcy/ARPT-Bot,2024-10,control,0,0,0,,0,,0,0,0,0,0,0,0,0,0,0,0,0,0,False,0.0,0.0,0.0,0.0,1.0,namuan/trading-utils,2,202410
666wcy/ARPT-Bot,2024-11,control,0,0,0,,0,,0,0,0,0,0,0,0,0,0,0,0,0,0,False,0.0,0.0,0.0,0.0,1.0,namuan/trading-utils,2,202410
666wcy/ARPT-Bot,2024-12,control,0,0,0,,0,,0,0,0,0,0,0,0,0,0,0,0,0,0,False,0.0,0.0,0.0,0.0,1.0,namuan/trading-utils,2,202410
666wcy/ARPT-Bot,2025-01,control,0,0,0,,0,,0,0,0,0,0,0,0,0,0,0,0,0,0,False,0.0,0.0,0.0,0.0,1.0,namuan/trading-utils,2,202410
666wcy/ARPT-Bot,2025-02,control,0,0,0,,0,,0,0,0,0,0,0,0,0,0,0,0,0,0,False,0.0,0.0,0.0,0.0,1.0,namuan/trading-utils,2,202410
666wcy/ARPT-Bot,2025-03,control,0,0,0,,0,,0,0,0,0,0,0,0,0,0,0,0,0,0,False,0.0,0.0,0.0,0.0,1.0,namuan/trading-utils,2,202410
666wcy/ARPT-Bot,2025-04,control,0,0,0,,0,,0,0,0,0,0,0,0,0,0,0,0,0,0,False,0.0,0.0,0.0,0.0,1.0,namuan/trading-utils,2,202410
666wcy/ARPT-Bot,2025-05,control,0,0,0,,0,,0,0,0,0,0,0,0,0,0,0,0,0,0,False,0.0,0.0,0.0,0.0,1.0,namuan/trading-utils,2,202410
666wcy/ARPT-Bot,2025-06,control,0,0,0,,0,,0,0,0,0,0,0,0,0,0,0,0,0,0,False,0.0,0.0,0.0,0.0,1.0,namuan/trading-utils,2,202410
666wcy/ARPT-Bot,2025-07,control,0,0,0,,0,,0,0,0,0,0,0,0,0,0,0,0,0,0,False,0.0,0.0,0.0,0.0,1.0,namuan/trading-utils,2,202410
666wcy/ARPT-Bot,2025-08,control,0,0,0,,0,,0,0,0,0,0,0,0,0,0,0,0,0,0,False,0.0,0.0,0.0,0.0,1.0,namuan/trading-utils,2,202410
AkariAsai/ScholarQABench,2024-11,control,0,0,0,,0,,0,0,0,0,0,0,0,0,0,0,0,0,0,False,3.0,12969.0,1.0,2.0,1.0,Hankanman/Area-Occupancy-Detection,1,202411
AkariAsai/ScholarQABench,2024-12,control,0,0,0,,0,,0,0,0,0,0,0,0,0,0,0,0,0,0,False,0.0,0.0,0.0,0.0,1.0,Hankanman/Area-Occupancy-Detection,1,202411
AkariAsai/ScholarQABench,2025-01,control,0,0,0,,0,,0,0,0,0,0,0,0,0,0,0,0,0,0,False,0.0,0.0,0.0,0.0,1.0,Hankanman/Area-Occupancy-Detection,1,202411
AkariAsai/ScholarQABench,2025-02,control,0,0,0,,0,,0,0,0,0,0,0,0,0,0,0,0,0,0,False,7.0,2632.0,3.0,2.0,1.0,Hankanman/Area-Occupancy-Detection,1,202411
AkariAsai/ScholarQABench,2025-03,control,0,0,0,,0,,0,0,0,0,0,0,0,0,0,0,0,0,0,False,0.0,0.0,0.0,0.0,1.0,Hankanman/Area-Occupancy-Detection,1,202411
AkariAsai/ScholarQABench,2025-04,control,0,0,0,,0,,0,0,0,0,0,0,0,0,0,0,0,0,0,False,2.0,202.0,3.0,1.0,1.0,Hankanman/Area-Occupancy-Detection,1,202411
AkariAsai/ScholarQABench,2025-05,control,0,0,0,,0,,0,0,0,0,0,0,0,0,0,0,0,0,0,False,0.0,0.0,0.0,0.0,1.0,Hankanman/Area-Occupancy-Detection,1,202411
AkariAsai/ScholarQABench,2025-06,control,0,0,0,,0,,0,0,0,0,0,0,0,0,0,0,0,0,0,False,0.0,0.0,0.0,0.0,1.0,Hankanman/Area-Occupancy-Detection,1,202411
AkariAsai/ScholarQABench,2025-07,control,0,0,0,,0,,0,0,0,0,0,0,0,0,0,0,0,0,0,False,3.0,13.0,21.0,1.0,1.0,Hankanman/Area-Occupancy-Detection,1,202411
AkariAsai/ScholarQABench,2025-08,control,0,0,0,,0,,0,0,0,0,0,0,0,0,0,0,0,0,0,False,2.0,6.0,7.0,1.0,1.0,Hankanman/Area-Occupancy-Detection,1,202411
AlexIoannides/pyspark-example-project,2024-01,control,0,0,0,,0,,0,0,0,0,0,0,0,0,0,0,0,0,0,False,0.0,0.0,0.0,0.0,1.0,tmux-python/tmuxp,2,202502
AlexIoannides/pyspark-example-project,2024-02,control,0,0,0,,0,,0,0,0,0,0,0,0,0,0,0,0,0,0,False,0.0,0.0,0.0,0.0,1.0,tmux-python/tmuxp,2,202502
AlexIoannides/pyspark-example-project,2024-03,control,0,0,0,,0,,0,0,0,0,0,0,0,0,0,0,0,0,0,False,0.0,0.0,0.0,0.0,1.0,tmux-python/tmuxp,2,202502
AlexIoannides/pyspark-example-project,2024-04,control,0,0,0,,0,,0,0,0,0,0,0,0,0,0,0,0,0,0,False,0.0,0.0,0.0,0.0,1.0,tmux-python/tmuxp,2,202502
AlexIoannides/pyspark-example-project,2024-05,control,0,0,0,,0,,0,0,0,0,0,0,0,0,0,0,0,0,0,False,0.0,0.0,0.0,0.0,1.0,tmux-python/tmuxp,2,202502
AlexIoannides/pyspark-example-project,2024-06,control,0,0,0,,0,,0,0,0,0,0,0,0,0,0,0,0,0,0,False,0.0,0.0,0.0,0.0,1.0,tmux-python/tmuxp,2,202502
AlexIoannides/pyspark-example-project,2024-07,control,0,0,0,,0,,0,0,0,0,0,0,0,0,0,0,0,0,0,False,0.0,0.0,0.0,0.0,1.0,tmux-python/tmuxp,2,202502
AlexIoannides/pyspark-example-project,2024-08,control,0,0,0,,0,,0,0,0,0,0,0,0,0,0,0,0,0,0,False,0.0,0.0,0.0,0.0,1.0,tmux-python/tmuxp,2,202502
AlexIoannides/pyspark-example-project,2024-09,control,0,0,0,,0,,0,0,0,0,0,0,0,0,0,0,0,0,0,False,0.0,0.0,0.0,0.0,1.0,tmux-python/tmuxp,2,202502
AlexIoannides/pyspark-example-project,2024-10,control,0,0,0,,0,,0,0,0,0,0,0,0,0,0,0,0,0,0,False,0.0,0.0,0.0,0.0,1.0,tmux-python/tmuxp,2,202502
AlexIoannides/pyspark-example-project,2024-11,control,0,0,0,,0,,0,0,0,0,0,0,0,0,0,0,0,0,0,False,0.0,0.0,0.0,0.0,1.0,tmux-python/tmuxp,2,202502
AlexIoannides/pyspark-example-project,2024-12,control,0,0,0,,0,,0,0,0,0,0,0,0,0,0,0,0,0,0,False,0.0,0.0,0.0,0.0,1.0,tmux-python/tmuxp,2,202502
AlexIoannides/pyspark-example-project,2025-01,control,0,0,0,,0,,0,0,0,0,0,0,0,0,0,0,0,0,0,False,0.0,0.0,0.0,0.0,1.0,tmux-python/tmuxp,2,202502
AlexIoannides/pyspark-example-project,2025-02,control,0,0,0,,0,,0,0,0,0,0,0,0,0,0,0,0,0,0,False,0.0,0.0,0.0,0.0,1.0,tmux-python/tmuxp,2,202502
AlexIoannides/pyspark-example-project,2025-03,control,0,0,0,,0,,0,0,0,0,0,0,0,0,0,0,0,0,0,False,0.0,0.0,0.0,0.0,1.0,tmux-python/tmuxp,2,202502
AlexIoannides/pyspark-example-project,2025-04,control,0,0,0,,0,,0,0,0,0,0,0,0,0,0,0,0,0,0,False,0.0,0.0,0.0,0.0,1.0,tmux-python/tmuxp,2,202502
AlexIoannides/pyspark-example-project,2025-05,control,0,0,0,,0,,0,0,0,0,0,0,0,0,0,0,0,0,0,False,0.0,0.0,0.0,0.0,1.0,tmux-python/tmuxp,2,202502
AlexIoannides/pyspark-example-project,2025-06,control,0,0,0,,0,,0,0,0,0,0,0,0,0,0,0,0,0,0,False,0.0,0.0,0.0,0.0,1.0,tmux-python/tmuxp,2,202502
AlexIoannides/pyspark-example-project,2025-07,control,0,0,0,,0,,0,0,0,0,0,0,0,0,0,0,0,0,0,False,0.0,0.0,0.0,0.0,1.0,tmux-python/tmuxp,2,202502
AlexIoannides/pyspark-example-project,2025-08,control,0,0,0,,0,,0,0,0,0,0,0,0,0,0,0,0,0,0,False,0.0,0.0,0.0,0.0,1.0,tmux-python/tmuxp,2,202502
ArpiarSaundersLab/annsql,2024-09,control,0,0,0,,0,,0,0,0,0,0,0,0,0,0,0,0,0,0,False,20.0,4392.0,1969.0,1.0,1.0,tw-haiven/haiven,2,202501
ArpiarSaundersLab/annsql,2024-10,control,0,0,0,,0,,0,0,0,0,0,0,0,0,0,0,0,0,0,False,22.0,3962.0,2405.0,1.0,1.0,tw-haiven/haiven,2,202501
ArpiarSaundersLab/annsql,2024-11,control,0,0,0,,0,,0,0,0,0,0,0,0,0,0,0,0,0,0,False,13.0,1776.0,772.0,1.0,1.0,tw-haiven/haiven,2,202501
ArpiarSaundersLab/annsql,2024-12,control,0,0,0,,0,,0,0,0,0,0,0,0,0,0,0,0,0,0,False,1.0,1.0,1.0,1.0,1.0,tw-haiven/haiven,2,202501
ArpiarSaundersLab/annsql,2025-01,control,0,0,0,,0,,0,0,0,0,0,0,0,0,0,0,0,0,0,False,5.0,1438.0,1120.0,1.0,1.0,tw-haiven/haiven,2,202501
ArpiarSaundersLab/annsql,2025-02,control,0,0,0,,0,,0,0,0,0,0,0,0,0,0,0,0,0,0,False,19.0,52835.0,5606.0,2.0,1.0,tw-haiven/haiven,2,202501
ArpiarSaundersLab/annsql,2025-03,control,0,0,0,,0,,0,0,0,0,0,0,0,0,0,0,0,0,0,False,18.0,6354.0,3146.0,2.0,1.0,tw-haiven/haiven,2,202501
ArpiarSaundersLab/annsql,2025-04,control,0,0,0,,0,,0,0,0,0,0,0,0,0,0,0,0,0,0,False,2.0,212.0,30.0,2.0,1.0,tw-haiven/haiven,2,202501
ArpiarSaundersLab/annsql,2025-05,control,0,0,0,,0,,0,0,0,0,0,0,0,0,0,0,0,0,0,False,2.0,108.0,44.0,2.0,1.0,tw-haiven/haiven,2,202501
ArpiarSaundersLab/annsql,2025-06,control,0,0,0,,0,,0,0,0,0,0,0,0,0,0,0,0,0,0,False,0.0,0.0,0.0,0.0,1.0,tw-haiven/haiven,2,202501
ArpiarSaundersLab/annsql,2025-07,control,0,0,0,,0,,0,0,0,0,0,0,0,0,0,0,0,0,0,False,0.0,0.0,0.0,0.0,1.0,tw-haiven/haiven,2,202501
ArpiarSaundersLab/annsql,2025-08,control,0,0,0,,0,,0,0,0,0,0,0,0,0,0,0,0,0,0,False,0.0,0.0,0.0,0.0,1.0,tw-haiven/haiven,2,202501
BalancerMaxis/multisig-ops,2024-01,control,0,0,0,,0,,0,0,0,0,0,0,0,0,0,0,0,0,0,False,217.0,54678.0,2253.0,14.0,1.0,yagami1997/TradeMind,2,202502
BalancerMaxis/multisig-ops,2024-02,control,0,0,0,,0,,0,0,0,0,0,0,0,0,0,0,0,0,0,False,161.0,30806.0,1567.0,12.0,1.0,yagami1997/TradeMind,2,202502
BalancerMaxis/multisig-ops,2024-03,control,0,0,0,,0,,0,0,0,0,0,0,0,0,0,0,0,0,0,False,290.0,44398.0,2509.0,15.0,1.0,yagami1997/TradeMind,2,202502
BalancerMaxis/multisig-ops,2024-04,control,0,0,0,,0,,0,0,0,0,0,0,0,0,0,0,0,0,0,False,290.0,59021.0,6330.0,22.0,1.0,yagami1997/TradeMind,2,202502
BalancerMaxis/multisig-ops,2024-05,control,0,0,0,,0,,0,0,0,0,0,0,0,0,0,0,0,0,0,False,317.0,72580.0,6055.0,21.0,1.0,yagami1997/TradeMind,2,202502
BalancerMaxis/multisig-ops,2024-06,control,0,0,0,,0,,0,0,0,0,0,0,0,0,0,0,0,0,0,False,321.0,107979.0,3877.0,20.0,1.0,yagami1997/TradeMind,2,202502
BalancerMaxis/multisig-ops,2024-07,control,0,0,0,,0,,0,0,0,0,0,0,0,0,0,0,0,0,0,False,330.0,59619.0,5936.0,23.0,1.0,yagami1997/TradeMind,2,202502
BalancerMaxis/multisig-ops,2024-08,control,0,0,0,,0,,0,0,0,0,0,0,0,0,0,0,0,0,0,False,265.0,76868.0,3415.0,22.0,1.0,yagami1997/TradeMind,2,202502
BalancerMaxis/multisig-ops,2024-09,control,0,0,0,,0,,0,0,0,0,0,0,0,0,0,0,0,0,0,False,307.0,51857.0,8532.0,23.0,1.0,yagami1997/TradeMind,2,202502
BalancerMaxis/multisig-ops,2024-10,control,0,0,0,,0,,0,0,0,0,0,0,0,0,0,0,0,0,0,False,363.0,393407.0,38106.0,23.0,1.0,yagami1997/TradeMind,2,202502
BalancerMaxis/multisig-ops,2024-11,control,0,0,0,,0,,0,0,0,0,0,0,0,0,0,0,0,0,0,False,143.0,61666.0,3845.0,16.0,1.0,yagami1997/TradeMind,2,202502
BalancerMaxis/multisig-ops,2024-12,control,0,0,0,,0,,0,0,0,0,0,0,0,0,0,0,0,0,0,False,338.0,283247.0,7464.0,23.0,1.0,yagami1997/TradeMind,2,202502
BalancerMaxis/multisig-ops,2025-01,control,0,0,0,,0,,0,0,0,0,0,0,0,0,0,0,0,0,0,False,306.0,126765.0,3348.0,19.0,1.0,yagami1997/TradeMind,2,202502
BalancerMaxis/multisig-ops,2025-02,control,0,0,0,,0,,0,0,0,0,0,0,0,0,0,0,0,0,0,False,328.0,68568.0,3238.0,16.0,1.0,yagami1997/TradeMind,2,202502
BalancerMaxis/multisig-ops,2025-03,control,0,0,0,,0,,0,0,0,0,0,0,0,0,0,0,0,0,0,False,301.0,83164.0,3801.0,18.0,1.0,yagami1997/TradeMind,2,202502
BalancerMaxis/multisig-ops,2025-04,control,0,0,0,,0,,0,0,0,0,0,0,0,0,0,0,0,0,0,False,395.0,61038.0,3295.0,21.0,1.0,yagami1997/TradeMind,2,202502
BalancerMaxis/multisig-ops,2025-05,control,0,0,0,,0,,0,0,0,0,0,0,0,0,0,0,0,0,0,False,362.0,132168.0,5276.0,23.0,1.0,yagami1997/TradeMind,2,202502
BalancerMaxis/multisig-ops,2025-06,control,0,0,0,,0,,0,0,0,0,0,0,0,0,0,0,0,0,0,False,317.0,52495.0,4880.0,22.0,1.0,yagami1997/TradeMind,2,202502
BalancerMaxis/multisig-ops,2025-07,control,0,0,0,,0,,0,0,0,0,0,0,0,0,0,0,0,0,0,False,336.0,134844.0,7729.0,23.0,1.0,yagami1997/TradeMind,2,202502
BalancerMaxis/multisig-ops,2025-08,control,0,0,0,,0,,0,0,0,0,0,0,0,0,0,0,0,0,0,False,450.0,134589.0,11444.0,25.0,1.0,yagami1997/TradeMind,2,202502
Benzauber/convert-commander,2024-11,control,0,0,0,,0,,0,0,0,0,0,0,0,0,0,0,0,0,0,False,16.0,1781.0,55.0,2.0,1.0,askjohngeorge/pipecat-lead-qualifier,2,202501
Benzauber/convert-commander,2024-12,control,0,0,0,,0,,0,0,0,0,0,0,0,0,0,0,0,0,0,False,3.0,4.0,18.0,1.0,1.0,askjohngeorge/pipecat-lead-qualifier,2,202501
Benzauber/convert-commander,2025-01,control,0,0,0,,0,,0,0,0,0,0,0,0,0,0,0,0,0,0,False,3.0,1116.0,398.0,2.0,1.0,askjohngeorge/pipecat-lead-qualifier,2,202501
Benzauber/convert-commander,2025-02,control,0,0,0,,0,,0,0,0,0,0,0,0,0,0,0,0,0,0,False,0.0,0.0,0.0,0.0,1.0,askjohngeorge/pipecat-lead-qualifier,2,202501
Benzauber/convert-commander,2025-03,control,0,0,0,,0,,0,0,0,0,0,0,0,0,0,0,0,0,0,False,7.0,327.0,141.0,2.0,1.0,askjohngeorge/pipecat-lead-qualifier,2,202501
Benzauber/convert-commander,2025-04,control,0,0,0,,0,,0,0,0,0,0,0,0,0,0,0,0,0,0,False,0.0,0.0,0.0,0.0,1.0,askjohngeorge/pipecat-lead-qualifier,2,202501
Benzauber/convert-commander,2025-05,control,0,0,0,,0,,0,0,0,0,0,0,0,0,0,0,0,0,0,False,5.0,120.0,105.0,2.0,1.0,askjohngeorge/pipecat-lead-qualifier,2,202501
Benzauber/convert-commander,2025-06,control,0,0,0,,0,,0,0,0,0,0,0,0,0,0,0,0,0,0,False,3.0,185.0,72.0,2.0,1.0,askjohngeorge/pipecat-lead-qualifier,2,202501
Benzauber/convert-commander,2025-07,control,0,0,0,,0,,0,0,0,0,0,0,0,0,0,0,0,0,0,False,2.0,203.0,1.0,1.0,1.0,askjohngeorge/pipecat-lead-qualifier,2,202501
Benzauber/convert-commander,2025-08,control,0,0,0,,0,,0,0,0,0,0,0,0,0,0,0,0,0,0,False,3.0,686.0,184.0,2.0,1.0,askjohngeorge/pipecat-lead-qualifier,2,202501
BiancoChiu/iOSRealRun-cli-18,2024-02,control,0,0,0,,0,,0,0,0,0,0,0,0,0,0,0,0,0,0,False,14.0,461.0,23.0,2.0,1.0,jmurth1234/ClaudePlayer,3,202502
BiancoChiu/iOSRealRun-cli-18,2024-03,control,0,0,0,,0,,0,0,0,0,0,0,0,0,0,0,0,0,0,False,3.0,13.0,13.0,2.0,1.0,jmurth1234/ClaudePlayer,3,202502
BiancoChiu/iOSRealRun-cli-18,2024-04,control,0,0,0,,0,,0,0,0,0,0,0,0,0,0,0,0,0,0,False,0.0,0.0,0.0,0.0,1.0,jmurth1234/ClaudePlayer,3,202502
BiancoChiu/iOSRealRun-cli-18,2024-05,control,0,0,0,,0,,0,0,0,0,0,0,0,0,0,0,0,0,0,False,0.0,0.0,0.0,0.0,1.0,jmurth1234/ClaudePlayer,3,202502
BiancoChiu/iOSRealRun-cli-18,2024-06,control,0,0,0,,0,,0,0,0,0,0,0,0,0,0,0,0,0,0,False,0.0,0.0,0.0,0.0,1.0,jmurth1234/ClaudePlayer,3,202502
BiancoChiu/iOSRealRun-cli-18,2024-07,control,0,0,0,,0,,0,0,0,0,0,0,0,0,0,0,0,0,0,False,0.0,0.0,0.0,0.0,1.0,jmurth1234/ClaudePlayer,3,202502
BiancoChiu/iOSRealRun-cli-18,2024-08,control,0,0,0,,0,,0,0,0,0,0,0,0,0,0,0,0,0,0,False,0.0,0.0,0.0,0.0,1.0,jmurth1234/ClaudePlayer,3,202502
BiancoChiu/iOSRealRun-cli-18,2024-09,control,0,0,0,,0,,0,0,0,0,0,0,0,0,0,0,0,0,0,False,0.0,0.0,0.0,0.0,1.0,jmurth1234/ClaudePlayer,3,202502
BiancoChiu/iOSRealRun-cli-18,2024-10,control,0,0,0,,0,,0,0,0,0,0,0,0,0,0,0,0,0,0,False,0.0,0.0,0.0,0.0,1.0,jmurth1234/ClaudePlayer,3,202502
BiancoChiu/iOSRealRun-cli-18,2024-11,control,0,0,0,,0,,0,0,0,0,0,0,0,0,0,0,0,0,0,False,0.0,0.0,0.0,0.0,1.0,jmurth1234/ClaudePlayer,3,202502
BiancoChiu/iOSRealRun-cli-18,2024-12,control,0,0,0,,0,,0,0,0,0,0,0,0,0,0,0,0,0,0,False,0.0,0.0,0.0,0.0,1.0,jmurth1234/ClaudePlayer,3,202502
BiancoChiu/iOSRealRun-cli-18,2025-01,control,0,0,0,,0,,0,0,0,0,0,0,0,0,0,0,0,0,0,False,0.0,0.0,0.0,0.0,1.0,jmurth1234/ClaudePlayer,3,202502
BiancoChiu/iOSRealRun-cli-18,2025-02,control,0,0,0,,0,,0,0,0,0,0,0,0,0,0,0,0,0,0,False,6.0,168.0,130.0,1.0,1.0,jmurth1234/ClaudePlayer,3,202502
BiancoChiu/iOSRealRun-cli-18,2025-03,control,0,0,0,,0,,0,0,0,0,0,0,0,0,0,0,0,0,0,False,3.0,8.0,18.0,1.0,1.0,jmurth1234/ClaudePlayer,3,202502
BiancoChiu/iOSRealRun-cli-18,2025-04,control,0,0,0,,0,,0,0,0,0,0,0,0,0,0,0,0,0,0,False,0.0,0.0,0.0,0.0,1.0,jmurth1234/ClaudePlayer,3,202502
BiancoChiu/iOSRealRun-cli-18,2025-05,control,0,0,0,,0,,0,0,0,0,0,0,0,0,0,0,0,0,0,False,1.0,3.0,3.0,1.0,1.0,jmurth1234/ClaudePlayer,3,202502
BiancoChiu/iOSRealRun-cli-18,2025-06,control,0,0,0,,0,,0,0,0,0,0,0,0,0,0,0,0,0,0,False,2.0,6.0,0.0,1.0,1.0,jmurth1234/ClaudePlayer,3,202502
BiancoChiu/iOSRealRun-cli-18,2025-07,control,0,0,0,,0,,0,0,0,0,0,0,0,0,0,0,0,0,0,False,0.0,0.0,0.0,0.0,1.0,jmurth1234/ClaudePlayer,3,202502
BiancoChiu/iOSRealRun-cli-18,2025-08,control,0,0,0,,0,,0,0,0,0,0,0,0,0,0,0,0,0,0,False,0.0,0.0,0.0,0.0,1.0,jmurth1234/ClaudePlayer,3,202502
C4NU/Paddie,2024-01,control,0,0,0,,0,,0,0,0,0,0,0,0,0,0,0,0,0,0,False,7.0,106.0,102.0,3.0,1.0,W1ndys/Blog,1,202412
C4NU/Paddie,2024-02,control,0,0,0,,0,,0,0,0,0,0,0,0,0,0,0,0,0,0,False,5.0,88.0,26.0,3.0,1.0,W1ndys/Blog,1,202412
C4NU/Paddie,2024-03,control,0,0,0,,0,,0,0,0,0,0,0,0,0,0,0,0,0,0,False,5.0,61.0,15.0,2.0,1.0,W1ndys/Blog,1,202412
C4NU/Paddie,2024-04,control,0,0,0,,0,,0,0,0,0,0,0,0,0,0,0,0,0,0,False,1.0,1.0,2.0,1.0,1.0,W1ndys/Blog,1,202412
C4NU/Paddie,2024-05,control,0,0,0,,0,,0,0,0,0,0,0,0,0,0,0,0,0,0,False,0.0,0.0,0.0,0.0,1.0,W1ndys/Blog,1,202412
C4NU/Paddie,2024-06,control,0,0,0,,0,,0,0,0,0,0,0,0,0,0,0,0,0,0,False,0.0,0.0,0.0,0.0,1.0,W1ndys/Blog,1,202412
C4NU/Paddie,2024-07,control,0,0,0,,0,,0,0,0,0,0,0,0,0,0,0,0,0,0,False,0.0,0.0,0.0,0.0,1.0,W1ndys/Blog,1,202412
C4NU/Paddie,2024-08,control,0,0,0,,0,,0,0,0,0,0,0,0,0,0,0,0,0,0,False,0.0,0.0,0.0,0.0,1.0,W1ndys/Blog,1,202412
C4NU/Paddie,2024-09,control,0,0,0,,0,,0,0,0,0,0,0,0,0,0,0,0,0,0,False,0.0,0.0,0.0,0.0,1.0,W1ndys/Blog,1,202412
C4NU/Paddie,2024-10,control,0,0,0,,0,,0,0,0,0,0,0,0,0,0,0,0,0,0,False,0.0,0.0,0.0,0.0,1.0,W1ndys/Blog,1,202412
C4NU/Paddie,2024-11,control,0,0,0,,0,,0,0,0,0,0,0,0,0,0,0,0,0,0,False,0.0,0.0,0.0,0.0,1.0,W1ndys/Blog,1,202412
C4NU/Paddie,2024-12,control,0,0,0,,0,,0,0,0,0,0,0,0,0,0,0,0,0,0,False,0.0,0.0,0.0,0.0,1.0,W1ndys/Blog,1,202412
C4NU/Paddie,2025-01,control,0,0,0,,0,,0,0,0,0,0,0,0,0,0,0,0,0,0,False,0.0,0.0,0.0,0.0,1.0,W1ndys/Blog,1,202412
C4NU/Paddie,2025-02,control,0,0,0,,0,,0,0,0,0,0,0,0,0,0,0,0,0,0,False,0.0,0.0,0.0,0.0,1.0,W1ndys/Blog,1,202412
C4NU/Paddie,2025-03,control,0,0,0,,0,,0,0,0,0,0,0,0,0,0,0,0,0,0,False,30.0,17902.0,26639.0,2.0,1.0,W1ndys/Blog,1,202412
C4NU/Paddie,2025-04,control,0,0,0,,0,,0,0,0,0,0,0,0,0,0,0,0,0,0,False,0.0,0.0,0.0,0.0,1.0,W1ndys/Blog,1,202412
C4NU/Paddie,2025-05,control,0,0,0,,0,,0,0,0,0,0,0,0,0,0,0,0,0,0,False,0.0,0.0,0.0,0.0,1.0,W1ndys/Blog,1,202412
C4NU/Paddie,2025-06,control,0,0,0,,0,,0,0,0,0,0,0,0,0,0,0,0,0,0,False,0.0,0.0,0.0,0.0,1.0,W1ndys/Blog,1,202412
C4NU/Paddie,2025-07,control,0,0,0,,0,,0,0,0,0,0,0,0,0,0,0,0,0,0,False,0.0,0.0,0.0,0.0,1.0,W1ndys/Blog,1,202412
C4NU/Paddie,2025-08,control,0,0,0,,0,,0,0,0,0,0,0,0,0,0,0,0,0,0,False,0.0,0.0,0.0,0.0,1.0,W1ndys/Blog,1,202412
Cherecho/Triangular-arbitrage,2024-01,control,0,0,0,,0,,0,0,0,0,0,0,0,0,0,0,0,0,0,False,0.0,0.0,0.0,0.0,1.0,nextml-code/pytorch-datastream,2,202412
Cherecho/Triangular-arbitrage,2024-02,control,0,0,0,,0,,0,0,0,0,0,0,0,0,0,0,0,0,0,False,0.0,0.0,0.0,0.0,1.0,nextml-code/pytorch-datastream,2,202412
Cherecho/Triangular-arbitrage,2024-03,control,0,0,0,,0,,0,0,0,0,0,0,0,0,0,0,0,0,0,False,0.0,0.0,0.0,0.0,1.0,nextml-code/pytorch-datastream,2,202412
Cherecho/Triangular-arbitrage,2024-04,control,0,0,0,,0,,0,0,0,0,0,0,0,0,0,0,0,0,0,False,0.0,0.0,0.0,0.0,1.0,nextml-code/pytorch-datastream,2,202412
Cherecho/Triangular-arbitrage,2024-05,control,0,0,0,,0,,0,0,0,0,0,0,0,0,0,0,0,0,0,False,0.0,0.0,0.0,0.0,1.0,nextml-code/pytorch-datastream,2,202412
Cherecho/Triangular-arbitrage,2024-06,control,0,0,0,,0,,0,0,0,0,0,0,0,0,0,0,0,0,0,False,0.0,0.0,0.0,0.0,1.0,nextml-code/pytorch-datastream,2,202412
Cherecho/Triangular-arbitrage,2024-07,control,0,0,0,,0,,0,0,0,0,0,0,0,0,0,0,0,0,0,False,0.0,0.0,0.0,0.0,1.0,nextml-code/pytorch-datastream,2,202412
Cherecho/Triangular-arbitrage,2024-08,control,0,0,0,,0,,0,0,0,0,0,0,0,0,0,0,0,0,0,False,0.0,0.0,0.0,0.0,1.0,nextml-code/pytorch-datastream,2,202412
Cherecho/Triangular-arbitrage,2024-09,control,0,0,0,,0,,0,0,0,0,0,0,0,0,0,0,0,0,0,False,0.0,0.0,0.0,0.0,1.0,nextml-code/pytorch-datastream,2,202412
Cherecho/Triangular-arbitrage,2024-10,control,0,0,0,,0,,0,0,0,0,0,0,0,0,0,0,0,0,0,False,0.0,0.0,0.0,0.0,1.0,nextml-code/pytorch-datastream,2,202412
Cherecho/Triangular-arbitrage,2024-11,control,0,0,0,,0,,0,0,0,0,0,0,0,0,0,0,0,0,0,False,0.0,0.0,0.0,0.0,1.0,nextml-code/pytorch-datastream,2,202412
Cherecho/Triangular-arbitrage,2024-12,control,0,0,0,,0,,0,0,0,0,0,0,0,0,0,0,0,0,0,False,0.0,0.0,0.0,0.0,1.0,nextml-code/pytorch-datastream,2,202412
Cherecho/Triangular-arbitrage,2025-01,control,0,0,0,,0,,0,0,0,0,0,0,0,0,0,0,0,0,0,False,0.0,0.0,0.0,0.0,1.0,nextml-code/pytorch-datastream,2,202412
Cherecho/Triangular-arbitrage,2025-02,control,0,0,0,,0,,0,0,0,0,0,0,0,0,0,0,0,0,0,False,0.0,0.0,0.0,0.0,1.0,nextml-code/pytorch-datastream,2,202412
Cherecho/Triangular-arbitrage,2025-03,control,0,0,0,,0,,0,0,0,0,0,0,0,0,0,0,0,0,0,False,0.0,0.0,0.0,0.0,1.0,nextml-code/pytorch-datastream,2,202412
Cherecho/Triangular-arbitrage,2025-04,control,0,0,0,,0,,0,0,0,0,0,0,0,0,0,0,0,0,0,False,0.0,0.0,0.0,0.0,1.0,nextml-code/pytorch-datastream,2,202412
Cherecho/Triangular-arbitrage,2025-05,control,0,0,0,,0,,0,0,0,0,0,0,0,0,0,0,0,0,0,False,0.0,0.0,0.0,0.0,1.0,nextml-code/pytorch-datastream,2,202412
Cherecho/Triangular-arbitrage,2025-06,control,0,0,0,,0,,0,0,0,0,0,0,0,0,0,0,0,0,0,False,0.0,0.0,0.0,0.0,1.0,nextml-code/pytorch-datastream,2,202412
Cherecho/Triangular-arbitrage,2025-07,control,0,0,0,,0,,0,0,0,0,0,0,0,0,0,0,0,0,0,False,0.0,0.0,0.0,0.0,1.0,nextml-code/pytorch-datastream,2,202412
Cherecho/Triangular-arbitrage,2025-08,control,0,0,0,,0,,0,0,0,0,0,0,0,0,0,0,0,0,0,False,0.0,0.0,0.0,0.0,1.0,nextml-code/pytorch-datastream,2,202412
Cjy-CN/PUBGRecognizeAndGunpress,2024-01,control,0,0,0,,0,,0,0,0,0,0,0,0,0,0,0,0,0,0,False,0.0,0.0,0.0,0.0,1.0,tony/django-slugify-processor,2,202502
Cjy-CN/PUBGRecognizeAndGunpress,2024-02,control,0,0,0,,0,,0,0,0,0,0,0,0,0,0,0,0,0,0,False,0.0,0.0,0.0,0.0,1.0,tony/django-slugify-processor,2,202502
Cjy-CN/PUBGRecognizeAndGunpress,2024-03,control,0,0,0,,0,,0,0,0,0,0,0,0,0,0,0,0,0,0,False,0.0,0.0,0.0,0.0,1.0,tony/django-slugify-processor,2,202502
Cjy-CN/PUBGRecognizeAndGunpress,2024-04,control,0,0,0,,0,,0,0,0,0,0,0,0,0,0,0,0,0,0,False,0.0,0.0,0.0,0.0,1.0,tony/django-slugify-processor,2,202502
Cjy-CN/PUBGRecognizeAndGunpress,2024-05,control,0,0,0,,0,,0,0,0,0,0,0,0,0,0,0,0,0,0,False,0.0,0.0,0.0,0.0,1.0,tony/django-slugify-processor,2,202502
Cjy-CN/PUBGRecognizeAndGunpress,2024-06,control,0,0,0,,0,,0,0,0,0,0,0,0,0,0,0,0,0,0,False,0.0,0.0,0.0,0.0,1.0,tony/django-slugify-processor,2,202502
Cjy-CN/PUBGRecognizeAndGunpress,2024-07,control,0,0,0,,0,,0,0,0,0,0,0,0,0,0,0,0,0,0,False,0.0,0.0,0.0,0.0,1.0,tony/django-slugify-processor,2,202502
Cjy-CN/PUBGRecognizeAndGunpress,2024-08,control,0,0,0,,0,,0,0,0,0,0,0,0,0,0,0,0,0,0,False,0.0,0.0,0.0,0.0,1.0,tony/django-slugify-processor,2,202502
Cjy-CN/PUBGRecognizeAndGunpress,2024-09,control,0,0,0,,0,,0,0,0,0,0,0,0,0,0,0,0,0,0,False,0.0,0.0,0.0,0.0,1.0,tony/django-slugify-processor,2,202502
Cjy-CN/PUBGRecognizeAndGunpress,2024-10,control,0,0,0,,0,,0,0,0,0,0,0,0,0,0,0,0,0,0,False,0.0,0.0,0.0,0.0,1.0,tony/django-slugify-processor,2,202502
Cjy-CN/PUBGRecognizeAndGunpress,2024-11,control,0,0,0,,0,,0,0,0,0,0,0,0,0,0,0,0,0,0,False,0.0,0.0,0.0,0.0,1.0,tony/django-slugify-processor,2,202502
Cjy-CN/PUBGRecognizeAndGunpress,2024-12,control,0,0,0,,0,,0,0,0,0,0,0,0,0,0,0,0,0,0,False,0.0,0.0,0.0,0.0,1.0,tony/django-slugify-processor,2,202502
Cjy-CN/PUBGRecognizeAndGunpress,2025-01,control,0,0,0,,0,,0,0,0,0,0,0,0,0,0,0,0,0,0,False,0.0,0.0,0.0,0.0,1.0,tony/django-slugify-processor,2,202502
Cjy-CN/PUBGRecognizeAndGunpress,2025-02,control,0,0,0,,0,,0,0,0,0,0,0,0,0,0,0,0,0,0,False,0.0,0.0,0.0,0.0,1.0,tony/django-slugify-processor,2,202502
Cjy-CN/PUBGRecognizeAndGunpress,2025-03,control,0,0,0,,0,,0,0,0,0,0,0,0,0,0,0,0,0,0,False,0.0,0.0,0.0,0.0,1.0,tony/django-slugify-processor,2,202502
Cjy-CN/PUBGRecognizeAndGunpress,2025-04,control,0,0,0,,0,,0,0,0,0,0,0,0,0,0,0,0,0,0,False,0.0,0.0,0.0,0.0,1.0,tony/django-slugify-processor,2,202502
Cjy-CN/PUBGRecognizeAndGunpress,2025-05,control,0,0,0,,0,,0,0,0,0,0,0,0,0,0,0,0,0,0,False,0.0,0.0,0.0,0.0,1.0,tony/django-slugify-processor,2,202502
Cjy-CN/PUBGRecognizeAndGunpress,2025-06,control,0,0,0,,0,,0,0,0,0,0,0,0,0,0,0,0,0,0,False,0.0,0.0,0.0,0.0,1.0,tony/django-slugify-processor,2,202502
Cjy-CN/PUBGRecognizeAndGunpress,2025-07,control,0,0,0,,0,,0,0,0,0,0,0,0,0,0,0,0,0,0,False,0.0,0.0,0.0,0.0,1.0,tony/django-slugify-processor,2,202502
Cjy-CN/PUBGRecognizeAndGunpress,2025-08,control,0,0,0,,0,,0,0,0,0,0,0,0,0,0,0,0,0,0,False,0.0,0.0,0.0,0.0,1.0,tony/django-slugify-processor,2,202502
DakeQQ/YOLO-Depth-Estimation-for-Android,2024-05,control,0,0,0,,0,,0,0,0,0,0,0,0,0,0,0,0,0,0,False,99.0,6363.0,3188.0,1.0,1.0,KroMiose/nekro-agent,3,202501
DakeQQ/YOLO-Depth-Estimation-for-Android,2024-06,control,0,0,0,,0,,0,0,0,0,0,0,0,0,0,0,0,0,0,False,1.0,3.0,2.0,1.0,1.0,KroMiose/nekro-agent,3,202501
DakeQQ/YOLO-Depth-Estimation-for-Android,2024-07,control,0,0,0,,0,,0,0,0,0,0,0,0,0,0,0,0,0,0,False,73.0,10371.0,2390.0,1.0,1.0,KroMiose/nekro-agent,3,202501
DakeQQ/YOLO-Depth-Estimation-for-Android,2024-08,control,0,0,0,,0,,0,0,0,0,0,0,0,0,0,0,0,0,0,False,12.0,855.0,399.0,1.0,1.0,KroMiose/nekro-agent,3,202501
DakeQQ/YOLO-Depth-Estimation-for-Android,2024-09,control,0,0,0,,0,,0,0,0,0,0,0,0,0,0,0,0,0,0,False,15.0,4423.0,3905.0,1.0,1.0,KroMiose/nekro-agent,3,202501
DakeQQ/YOLO-Depth-Estimation-for-Android,2024-10,control,0,0,0,,0,,0,0,0,0,0,0,0,0,0,0,0,0,0,False,210.0,8841.0,8016.0,1.0,1.0,KroMiose/nekro-agent,3,202501
DakeQQ/YOLO-Depth-Estimation-for-Android,2024-11,control,0,0,0,,0,,0,0,0,0,0,0,0,0,0,0,0,0,0,False,31.0,102.0,107.0,1.0,1.0,KroMiose/nekro-agent,3,202501
DakeQQ/YOLO-Depth-Estimation-for-Android,2024-12,control,0,0,0,,0,,0,0,0,0,0,0,0,0,0,0,0,0,0,False,3.0,171.0,132.0,1.0,1.0,KroMiose/nekro-agent,3,202501
DakeQQ/YOLO-Depth-Estimation-for-Android,2025-01,control,0,0,0,,0,,0,0,0,0,0,0,0,0,0,0,0,0,0,False,10.0,3009.0,3192.0,1.0,1.0,KroMiose/nekro-agent,3,202501
DakeQQ/YOLO-Depth-Estimation-for-Android,2025-02,control,0,0,0,,0,,0,0,0,0,0,0,0,0,0,0,0,0,0,False,32.0,567.0,706.0,1.0,1.0,KroMiose/nekro-agent,3,202501
DakeQQ/YOLO-Depth-Estimation-for-Android,2025-03,control,0,0,0,,0,,0,0,0,0,0,0,0,0,0,0,0,0,0,False,63.0,22157.0,22196.0,1.0,1.0,KroMiose/nekro-agent,3,202501
DakeQQ/YOLO-Depth-Estimation-for-Android,2025-04,control,0,0,0,,0,,0,0,0,0,0,0,0,0,0,0,0,0,0,False,3.0,24.0,24.0,1.0,1.0,KroMiose/nekro-agent,3,202501
DakeQQ/YOLO-Depth-Estimation-for-Android,2025-05,control,0,0,0,,0,,0,0,0,0,0,0,0,0,0,0,0,0,0,False,2.0,28.0,0.0,1.0,1.0,KroMiose/nekro-agent,3,202501
DakeQQ/YOLO-Depth-Estimation-for-Android,2025-06,control,0,0,0,,0,,0,0,0,0,0,0,0,0,0,0,0,0,0,False,0.0,0.0,0.0,0.0,1.0,KroMiose/nekro-agent,3,202501
DakeQQ/YOLO-Depth-Estimation-for-Android,2025-07,control,0,0,0,,0,,0,0,0,0,0,0,0,0,0,0,0,0,0,False,0.0,0.0,0.0,0.0,1.0,KroMiose/nekro-agent,3,202501
DakeQQ/YOLO-Depth-Estimation-for-Android,2025-08,control,0,0,0,,0,,0,0,0,0,0,0,0,0,0,0,0,0,0,False,56.0,3435.0,2085.0,1.0,1.0,KroMiose/nekro-agent,3,202501
Drchip61/Dual_SAM,2024-03,control,0,0,0,,0,,0,0,0,0,0,0,0,0,0,0,0,0,0,False,27.0,5408.0,159.0,1.0,1.0,ToolUse/tool-use-ai,1,202411
Drchip61/Dual_SAM,2024-04,control,0,0,0,,0,,0,0,0,0,0,0,0,0,0,0,0,0,0,False,5.0,6.0,7.0,1.0,1.0,ToolUse/tool-use-ai,1,202411
Drchip61/Dual_SAM,2024-05,control,0,0,0,,0,,0,0,0,0,0,0,0,0,0,0,0,0,0,False,0.0,0.0,0.0,0.0,1.0,ToolUse/tool-use-ai,1,202411
Drchip61/Dual_SAM,2024-06,control,0,0,0,,0,,0,0,0,0,0,0,0,0,0,0,0,0,0,False,0.0,0.0,0.0,0.0,1.0,ToolUse/tool-use-ai,1,202411
Drchip61/Dual_SAM,2024-07,control,0,0,0,,0,,0,0,0,0,0,0,0,0,0,0,0,0,0,False,0.0,0.0,0.0,0.0,1.0,ToolUse/tool-use-ai,1,202411
Drchip61/Dual_SAM,2024-08,control,0,0,0,,0,,0,0,0,0,0,0,0,0,0,0,0,0,0,False,0.0,0.0,0.0,0.0,1.0,ToolUse/tool-use-ai,1,202411
Drchip61/Dual_SAM,2024-09,control,0,0,0,,0,,0,0,0,0,0,0,0,0,0,0,0,0,0,False,0.0,0.0,0.0,0.0,1.0,ToolUse/tool-use-ai,1,202411
Drchip61/Dual_SAM,2024-10,control,0,0,0,,0,,0,0,0,0,0,0,0,0,0,0,0,0,0,False,0.0,0.0,0.0,0.0,1.0,ToolUse/tool-use-ai,1,202411
Drchip61/Dual_SAM,2024-11,control,0,0,0,,0,,0,0,0,0,0,0,0,0,0,0,0,0,0,False,0.0,0.0,0.0,0.0,1.0,ToolUse/tool-use-ai,1,202411
Drchip61/Dual_SAM,2024-12,control,0,0,0,,0,,0,0,0,0,0,0,0,0,0,0,0,0,0,False,2.0,15.0,4.0,1.0,1.0,ToolUse/tool-use-ai,1,202411
Drchip61/Dual_SAM,2025-01,control,0,0,0,,0,,0,0,0,0,0,0,0,0,0,0,0,0,0,False,0.0,0.0,0.0,0.0,1.0,ToolUse/tool-use-ai,1,202411
Drchip61/Dual_SAM,2025-02,control,0,0,0,,0,,0,0,0,0,0,0,0,0,0,0,0,0,0,False,0.0,0.0,0.0,0.0,1.0,ToolUse/tool-use-ai,1,202411
Drchip61/Dual_SAM,2025-03,control,0,0,0,,0,,0,0,0,0,0,0,0,0,0,0,0,0,0,False,0.0,0.0,0.0,0.0,1.0,ToolUse/tool-use-ai,1,202411
Drchip61/Dual_SAM,2025-04,control,0,0,0,,0,,0,0,0,0,0,0,0,0,0,0,0,0,0,False,0.0,0.0,0.0,0.0,1.0,ToolUse/tool-use-ai,1,202411
Drchip61/Dual_SAM,2025-05,control,0,0,0,,0,,0,0,0,0,0,0,0,0,0,0,0,0,0,False,0.0,0.0,0.0,0.0,1.0,ToolUse/tool-use-ai,1,202411
Drchip61/Dual_SAM,2025-06,control,0,0,0,,0,,0,0,0,0,0,0,0,0,0,0,0,0,0,False,0.0,0.0,0.0,0.0,1.0,ToolUse/tool-use-ai,1,202411
Drchip61/Dual_SAM,2025-07,control,0,0,0,,0,,0,0,0,0,0,0,0,0,0,0,0,0,0,False,0.0,0.0,0.0,0.0,1.0,ToolUse/tool-use-ai,1,202411
Drchip61/Dual_SAM,2025-08,control,0,0,0,,0,,0,0,0,0,0,0,0,0,0,0,0,0,0,False,0.0,0.0,0.0,0.0,1.0,ToolUse/tool-use-ai,1,202411
EURAC-EEBgroup/brick-llm,2024-09,control,0,0,0,,0,,0,0,0,0,0,0,0,0,0,0,0,0,0,False,2.0,46970.0,0.0,1.0,1.0,LearningCircuit/local-deep-research,1,202502
EURAC-EEBgroup/brick-llm,2024-10,control,0,0,0,,0,,0,0,0,0,0,0,0,0,0,0,0,0,0,False,54.0,4181.0,1354.0,3.0,1.0,LearningCircuit/local-deep-research,1,202502
EURAC-EEBgroup/brick-llm,2024-11,control,0,0,0,,0,,0,0,0,0,0,0,0,0,0,0,0,0,0,False,46.0,3661.0,694.0,3.0,1.0,LearningCircuit/local-deep-research,1,202502
EURAC-EEBgroup/brick-llm,2024-12,control,0,0,0,,0,,0,0,0,0,0,0,0,0,0,0,0,0,0,False,7.0,289.0,202.0,1.0,1.0,LearningCircuit/local-deep-research,1,202502
EURAC-EEBgroup/brick-llm,2025-01,control,0,0,0,,0,,0,0,0,0,0,0,0,0,0,0,0,0,0,False,8.0,3486.0,1000.0,4.0,1.0,LearningCircuit/local-deep-research,1,202502
EURAC-EEBgroup/brick-llm,2025-02,control,0,0,0,,0,,0,0,0,0,0,0,0,0,0,0,0,0,0,False,0.0,0.0,0.0,0.0,1.0,LearningCircuit/local-deep-research,1,202502
EURAC-EEBgroup/brick-llm,2025-03,control,0,0,0,,0,,0,0,0,0,0,0,0,0,0,0,0,0,0,False,2.0,719.0,132.0,1.0,1.0,LearningCircuit/local-deep-research,1,202502
EURAC-EEBgroup/brick-llm,2025-04,control,0,0,0,,0,,0,0,0,0,0,0,0,0,0,0,0,0,0,False,0.0,0.0,0.0,0.0,1.0,LearningCircuit/local-deep-research,1,202502
EURAC-EEBgroup/brick-llm,2025-05,control,0,0,0,,0,,0,0,0,0,0,0,0,0,0,0,0,0,0,False,1.0,2682.0,539.0,1.0,1.0,LearningCircuit/local-deep-research,1,202502
EURAC-EEBgroup/brick-llm,2025-06,control,0,0,0,,0,,0,0,0,0,0,0,0,0,0,0,0,0,0,False,0.0,0.0,0.0,0.0,1.0,LearningCircuit/local-deep-research,1,202502
EURAC-EEBgroup/brick-llm,2025-07,control,0,0,0,,0,,0,0,0,0,0,0,0,0,0,0,0,0,0,False,0.0,0.0,0.0,0.0,1.0,LearningCircuit/local-deep-research,1,202502
EURAC-EEBgroup/brick-llm,2025-08,control,0,0,0,,0,,0,0,0,0,0,0,0,0,0,0,0,0,0,False,0.0,0.0,0.0,0.0,1.0,LearningCircuit/local-deep-research,1,202502
Envious-Data/Env-KB,2024-01,control,0,0,0,,0,,0,0,0,0,0,0,0,0,0,0,0,0,0,False,0.0,0.0,0.0,0.0,1.0,namuan/trading-utils,1,202410
Envious-Data/Env-KB,2024-02,control,0,0,0,,0,,0,0,0,0,0,0,0,0,0,0,0,0,0,False,0.0,0.0,0.0,0.0,1.0,namuan/trading-utils,1,202410
Envious-Data/Env-KB,2024-03,control,0,0,0,,0,,0,0,0,0,0,0,0,0,0,0,0,0,0,False,0.0,0.0,0.0,0.0,1.0,namuan/trading-utils,1,202410
Envious-Data/Env-KB,2024-04,control,0,0,0,,0,,0,0,0,0,0,0,0,0,0,0,0,0,0,False,3.0,126373.0,76612.0,1.0,1.0,namuan/trading-utils,1,202410
Envious-Data/Env-KB,2024-05,control,0,0,0,,0,,0,0,0,0,0,0,0,0,0,0,0,0,0,False,0.0,0.0,0.0,0.0,1.0,namuan/trading-utils,1,202410
Envious-Data/Env-KB,2024-06,control,0,0,0,,0,,0,0,0,0,0,0,0,0,0,0,0,0,0,False,0.0,0.0,0.0,0.0,1.0,namuan/trading-utils,1,202410
Envious-Data/Env-KB,2024-07,control,0,0,0,,0,,0,0,0,0,0,0,0,0,0,0,0,0,0,False,0.0,0.0,0.0,0.0,1.0,namuan/trading-utils,1,202410
Envious-Data/Env-KB,2024-08,control,0,0,0,,0,,0,0,0,0,0,0,0,0,0,0,0,0,0,False,0.0,0.0,0.0,0.0,1.0,namuan/trading-utils,1,202410
Envious-Data/Env-KB,2024-09,control,0,0,0,,0,,0,0,0,0,0,0,0,0,0,0,0,0,0,False,0.0,0.0,0.0,0.0,1.0,namuan/trading-utils,1,202410
Envious-Data/Env-KB,2024-10,control,0,0,0,,0,,0,0,0,0,0,0,0,0,0,0,0,0,0,False,0.0,0.0,0.0,0.0,1.0,namuan/trading-utils,1,202410
Envious-Data/Env-KB,2024-11,control,0,0,0,,0,,0,0,0,0,0,0,0,0,0,0,0,0,0,False,0.0,0.0,0.0,0.0,1.0,namuan/trading-utils,1,202410
Envious-Data/Env-KB,2024-12,control,0,0,0,,0,,0,0,0,0,0,0,0,0,0,0,0,0,0,False,0.0,0.0,0.0,0.0,1.0,namuan/trading-utils,1,202410
Envious-Data/Env-KB,2025-01,control,0,0,0,,0,,0,0,0,0,0,0,0,0,0,0,0,0,0,False,0.0,0.0,0.0,0.0,1.0,namuan/trading-utils,1,202410
Envious-Data/Env-KB,2025-02,control,0,0,0,,0,,0,0,0,0,0,0,0,0,0,0,0,0,0,False,0.0,0.0,0.0,0.0,1.0,namuan/trading-utils,1,202410
Envious-Data/Env-KB,2025-03,control,0,0,0,,0,,0,0,0,0,0,0,0,0,0,0,0,0,0,False,0.0,0.0,0.0,0.0,1.0,namuan/trading-utils,1,202410
Envious-Data/Env-KB,2025-04,control,0,0,0,,0,,0,0,0,0,0,0,0,0,0,0,0,0,0,False,0.0,0.0,0.0,0.0,1.0,namuan/trading-utils,1,202410
Envious-Data/Env-KB,2025-05,control,0,0,0,,0,,0,0,0,0,0,0,0,0,0,0,0,0,0,False,0.0,0.0,0.0,0.0,1.0,namuan/trading-utils,1,202410
Envious-Data/Env-KB,2025-06,control,0,0,0,,0,,0,0,0,0,0,0,0,0,0,0,0,0,0,False,0.0,0.0,0.0,0.0,1.0,namuan/trading-utils,1,202410
Envious-Data/Env-KB,2025-07,control,0,0,0,,0,,0,0,0,0,0,0,0,0,0,0,0,0,0,False,0.0,0.0,0.0,0.0,1.0,namuan/trading-utils,1,202410
Envious-Data/Env-KB,2025-08,control,0,0,0,,0,,0,0,0,0,0,0,0,0,0,0,0,0,0,False,0.0,0.0,0.0,0.0,1.0,namuan/trading-utils,1,202410
Event-AHU/OpenEvDET,2024-06,control,0,0,0,,0,,0,0,0,0,0,0,0,0,0,0,0,0,0,False,11.0,37.0,6.0,2.0,1.0,OpenMOSS/Language-Model-SAEs; SlyyCooper/cursorrules-architect,1,202411
Event-AHU/OpenEvDET,2024-07,control,0,0,0,,0,,0,0,0,0,0,0,0,0,0,0,0,0,0,False,14.0,181.0,55.0,2.0,1.0,OpenMOSS/Language-Model-SAEs; SlyyCooper/cursorrules-architect,1,202411
Event-AHU/OpenEvDET,2024-08,control,0,0,0,,0,,0,0,0,0,0,0,0,0,0,0,0,0,0,False,10.0,81.0,40.0,2.0,1.0,OpenMOSS/Language-Model-SAEs; SlyyCooper/cursorrules-architect,1,202411
Event-AHU/OpenEvDET,2024-09,control,0,0,0,,0,,0,0,0,0,0,0,0,0,0,0,0,0,0,False,3.0,7.0,7.0,2.0,1.0,OpenMOSS/Language-Model-SAEs; SlyyCooper/cursorrules-architect,1,202411
Event-AHU/OpenEvDET,2024-10,control,0,0,0,,0,,0,0,0,0,0,0,0,0,0,0,0,0,0,False,0.0,0.0,0.0,0.0,1.0,OpenMOSS/Language-Model-SAEs; SlyyCooper/cursorrules-architect,1,202411
Event-AHU/OpenEvDET,2024-11,control,0,0,0,,0,,0,0,0,0,0,0,0,0,0,0,0,0,0,False,8.0,229.0,204.0,2.0,1.0,OpenMOSS/Language-Model-SAEs; SlyyCooper/cursorrules-architect,1,202411
Event-AHU/OpenEvDET,2024-12,control,0,0,0,,0,,0,0,0,0,0,0,0,0,0,0,0,0,0,False,26.0,110.0,42.0,2.0,1.0,OpenMOSS/Language-Model-SAEs; SlyyCooper/cursorrules-architect,1,202411
Event-AHU/OpenEvDET,2025-01,control,0,0,0,,0,,0,0,0,0,0,0,0,0,0,0,0,0,0,False,1.0,2.0,2.0,1.0,1.0,OpenMOSS/Language-Model-SAEs; SlyyCooper/cursorrules-architect,1,202411
Event-AHU/OpenEvDET,2025-02,control,0,0,0,,0,,0,0,0,0,0,0,0,0,0,0,0,0,0,False,45.0,16050.0,8162.0,2.0,1.0,OpenMOSS/Language-Model-SAEs; SlyyCooper/cursorrules-architect,1,202411
Event-AHU/OpenEvDET,2025-03,control,0,0,0,,0,,0,0,0,0,0,0,0,0,0,0,0,0,0,False,7.0,24.0,7.0,2.0,1.0,OpenMOSS/Language-Model-SAEs; SlyyCooper/cursorrules-architect,1,202411
Event-AHU/OpenEvDET,2025-04,control,0,0,0,,0,,0,0,0,0,0,0,0,0,0,0,0,0,0,False,4.0,4.0,9.0,2.0,1.0,OpenMOSS/Language-Model-SAEs; SlyyCooper/cursorrules-architect,1,202411
Event-AHU/OpenEvDET,2025-05,control,0,0,0,,0,,0,0,0,0,0,0,0,0,0,0,0,0,0,False,36.0,9251.0,92.0,2.0,1.0,OpenMOSS/Language-Model-SAEs; SlyyCooper/cursorrules-architect,1,202411
Event-AHU/OpenEvDET,2025-06,control,0,0,0,,0,,0,0,0,0,0,0,0,0,0,0,0,0,0,False,0.0,0.0,0.0,0.0,1.0,OpenMOSS/Language-Model-SAEs; SlyyCooper/cursorrules-architect,1,202411
Event-AHU/OpenEvDET,2025-07,control,0,0,0,,0,,0,0,0,0,0,0,0,0,0,0,0,0,0,False,1.0,3.0,0.0,1.0,1.0,OpenMOSS/Language-Model-SAEs; SlyyCooper/cursorrules-architect,1,202411
Event-AHU/OpenEvDET,2025-08,control,0,0,0,,0,,0,0,0,0,0,0,0,0,0,0,0,0,0,False,3.0,8.0,59.0,2.0,1.0,OpenMOSS/Language-Model-SAEs; SlyyCooper/cursorrules-architect,1,202411
FFY0/AdaKV,2024-06,control,0,0,0,,0,,0,0,0,0,0,0,0,0,0,0,0,0,0,False,1.0,0.0,0.0,1.0,1.0,KroMiose/nekro-agent,2,202501
FFY0/AdaKV,2024-07,control,0,0,0,,0,,0,0,0,0,0,0,0,0,0,0,0,0,0,False,2.0,117428.0,168.0,2.0,1.0,KroMiose/nekro-agent,2,202501
FFY0/AdaKV,2024-08,control,0,0,0,,0,,0,0,0,0,0,0,0,0,0,0,0,0,0,False,6.0,1707.0,118430.0,3.0,1.0,KroMiose/nekro-agent,2,202501
FFY0/AdaKV,2024-09,control,0,0,0,,0,,0,0,0,0,0,0,0,0,0,0,0,0,0,False,0.0,0.0,0.0,0.0,1.0,KroMiose/nekro-agent,2,202501
FFY0/AdaKV,2024-10,control,0,0,0,,0,,0,0,0,0,0,0,0,0,0,0,0,0,0,False,0.0,0.0,0.0,0.0,1.0,KroMiose/nekro-agent,2,202501
FFY0/AdaKV,2024-11,control,0,0,0,,0,,0,0,0,0,0,0,0,0,0,0,0,0,0,False,9.0,978.0,304.0,2.0,1.0,KroMiose/nekro-agent,2,202501
FFY0/AdaKV,2024-12,control,0,0,0,,0,,0,0,0,0,0,0,0,0,0,0,0,0,0,False,1.0,8.0,2.0,1.0,1.0,KroMiose/nekro-agent,2,202501
FFY0/AdaKV,2025-01,control,0,0,0,,0,,0,0,0,0,0,0,0,0,0,0,0,0,0,False,1.0,1473.0,883.0,1.0,1.0,KroMiose/nekro-agent,2,202501
FFY0/AdaKV,2025-02,control,0,0,0,,0,,0,0,0,0,0,0,0,0,0,0,0,0,0,False,0.0,0.0,0.0,0.0,1.0,KroMiose/nekro-agent,2,202501
FFY0/AdaKV,2025-03,control,0,0,0,,0,,0,0,0,0,0,0,0,0,0,0,0,0,0,False,0.0,0.0,0.0,0.0,1.0,KroMiose/nekro-agent,2,202501
FFY0/AdaKV,2025-04,control,0,0,0,,0,,0,0,0,0,0,0,0,0,0,0,0,0,0,False,0.0,0.0,0.0,0.0,1.0,KroMiose/nekro-agent,2,202501
FFY0/AdaKV,2025-05,control,0,0,0,,0,,0,0,0,0,0,0,0,0,0,0,0,0,0,False,0.0,0.0,0.0,0.0,1.0,KroMiose/nekro-agent,2,202501
FFY0/AdaKV,2025-06,control,0,0,0,,0,,0,0,0,0,0,0,0,0,0,0,0,0,0,False,1.0,46.0,37.0,1.0,1.0,KroMiose/nekro-agent,2,202501
FFY0/AdaKV,2025-07,control,0,0,0,,0,,0,0,0,0,0,0,0,0,0,0,0,0,0,False,0.0,0.0,0.0,0.0,1.0,KroMiose/nekro-agent,2,202501
FFY0/AdaKV,2025-08,control,0,0,0,,0,,0,0,0,0,0,0,0,0,0,0,0,0,0,False,0.0,0.0,0.0,0.0,1.0,KroMiose/nekro-agent,2,202501
FMInference/FlexiGen,2024-01,control,0,0,0,,0,,0,0,0,0,0,0,0,0,0,0,0,0,0,False,0.0,0.0,0.0,0.0,1.0,raphaelmansuy/iteration_of_tought,2,202408
FMInference/FlexiGen,2024-02,control,0,0,0,,0,,0,0,0,0,0,0,0,0,0,0,0,0,0,False,0.0,0.0,0.0,0.0,1.0,raphaelmansuy/iteration_of_tought,2,202408
FMInference/FlexiGen,2024-03,control,0,0,0,,0,,0,0,0,0,0,0,0,0,0,0,0,0,0,False,0.0,0.0,0.0,0.0,1.0,raphaelmansuy/iteration_of_tought,2,202408
FMInference/FlexiGen,2024-04,control,0,0,0,,0,,0,0,0,0,0,0,0,0,0,0,0,0,0,False,1.0,203.0,0.0,1.0,1.0,raphaelmansuy/iteration_of_tought,2,202408
FMInference/FlexiGen,2024-05,control,0,0,0,,0,,0,0,0,0,0,0,0,0,0,0,0,0,0,False,0.0,0.0,0.0,0.0,1.0,raphaelmansuy/iteration_of_tought,2,202408
FMInference/FlexiGen,2024-06,control,0,0,0,,0,,0,0,0,0,0,0,0,0,0,0,0,0,0,False,0.0,0.0,0.0,0.0,1.0,raphaelmansuy/iteration_of_tought,2,202408
FMInference/FlexiGen,2024-07,control,0,0,0,,0,,0,0,0,0,0,0,0,0,0,0,0,0,0,False,0.0,0.0,0.0,0.0,1.0,raphaelmansuy/iteration_of_tought,2,202408
FMInference/FlexiGen,2024-08,control,0,0,0,,0,,0,0,0,0,0,0,0,0,0,0,0,0,0,False,0.0,0.0,0.0,0.0,1.0,raphaelmansuy/iteration_of_tought,2,202408
FMInference/FlexiGen,2024-09,control,0,0,0,,0,,0,0,0,0,0,0,0,0,0,0,0,0,0,False,2.0,2.0,2.0,2.0,1.0,raphaelmansuy/iteration_of_tought,2,202408
FMInference/FlexiGen,2024-10,control,0,0,0,,0,,0,0,0,0,0,0,0,0,0,0,0,0,0,False,3.0,186.0,163.0,2.0,1.0,raphaelmansuy/iteration_of_tought,2,202408
FMInference/FlexiGen,2024-11,control,0,0,0,,0,,0,0,0,0,0,0,0,0,0,0,0,0,0,False,0.0,0.0,0.0,0.0,1.0,raphaelmansuy/iteration_of_tought,2,202408
FMInference/FlexiGen,2024-12,control,0,0,0,,0,,0,0,0,0,0,0,0,0,0,0,0,0,0,False,0.0,0.0,0.0,0.0,1.0,raphaelmansuy/iteration_of_tought,2,202408
FMInference/FlexiGen,2025-01,control,0,0,0,,0,,0,0,0,0,0,0,0,0,0,0,0,0,0,False,0.0,0.0,0.0,0.0,1.0,raphaelmansuy/iteration_of_tought,2,202408
FMInference/FlexiGen,2025-02,control,0,0,0,,0,,0,0,0,0,0,0,0,0,0,0,0,0,0,False,0.0,0.0,0.0,0.0,1.0,raphaelmansuy/iteration_of_tought,2,202408
FMInference/FlexiGen,2025-03,control,0,0,0,,0,,0,0,0,0,0,0,0,0,0,0,0,0,0,False,0.0,0.0,0.0,0.0,1.0,raphaelmansuy/iteration_of_tought,2,202408
FMInference/FlexiGen,2025-04,control,0,0,0,,0,,0,0,0,0,0,0,0,0,0,0,0,0,0,False,0.0,0.0,0.0,0.0,1.0,raphaelmansuy/iteration_of_tought,2,202408
FMInference/FlexiGen,2025-05,control,0,0,0,,0,,0,0,0,0,0,0,0,0,0,0,0,0,0,False,0.0,0.0,0.0,0.0,1.0,raphaelmansuy/iteration_of_tought,2,202408
FMInference/FlexiGen,2025-06,control,0,0,0,,0,,0,0,0,0,0,0,0,0,0,0,0,0,0,False,0.0,0.0,0.0,0.0,1.0,raphaelmansuy/iteration_of_tought,2,202408
FMInference/FlexiGen,2025-07,control,0,0,0,,0,,0,0,0,0,0,0,0,0,0,0,0,0,0,False,0.0,0.0,0.0,0.0,1.0,raphaelmansuy/iteration_of_tought,2,202408
FMInference/FlexiGen,2025-08,control,0,0,0,,0,,0,0,0,0,0,0,0,0,0,0,0,0,0,False,0.0,0.0,0.0,0.0,1.0,raphaelmansuy/iteration_of_tought,2,202408
FaceAdapter/Face-Adapter,2024-05,control,0,0,0,,0,,0,0,0,0,0,0,0,0,0,0,0,0,0,False,24.0,4439.0,647.0,3.0,1.0,ericmjl/llamabot,3,202408
FaceAdapter/Face-Adapter,2024-06,control,0,0,0,,0,,0,0,0,0,0,0,0,0,0,0,0,0,0,False,0.0,0.0,0.0,0.0,1.0,ericmjl/llamabot,3,202408
FaceAdapter/Face-Adapter,2024-07,control,0,0,0,,0,,0,0,0,0,0,0,0,0,0,0,0,0,0,False,0.0,0.0,0.0,0.0,1.0,ericmjl/llamabot,3,202408
FaceAdapter/Face-Adapter,2024-08,control,0,0,0,,0,,0,0,0,0,0,0,0,0,0,0,0,0,0,False,0.0,0.0,0.0,0.0,1.0,ericmjl/llamabot,3,202408
FaceAdapter/Face-Adapter,2024-09,control,0,0,0,,0,,0,0,0,0,0,0,0,0,0,0,0,0,0,False,0.0,0.0,0.0,0.0,1.0,ericmjl/llamabot,3,202408
FaceAdapter/Face-Adapter,2024-10,control,0,0,0,,0,,0,0,0,0,0,0,0,0,0,0,0,0,0,False,0.0,0.0,0.0,0.0,1.0,ericmjl/llamabot,3,202408
FaceAdapter/Face-Adapter,2024-11,control,0,0,0,,0,,0,0,0,0,0,0,0,0,0,0,0,0,0,False,0.0,0.0,0.0,0.0,1.0,ericmjl/llamabot,3,202408
FaceAdapter/Face-Adapter,2024-12,control,0,0,0,,0,,0,0,0,0,0,0,0,0,0,0,0,0,0,False,0.0,0.0,0.0,0.0,1.0,ericmjl/llamabot,3,202408
FaceAdapter/Face-Adapter,2025-01,control,0,0,0,,0,,0,0,0,0,0,0,0,0,0,0,0,0,0,False,0.0,0.0,0.0,0.0,1.0,ericmjl/llamabot,3,202408
FaceAdapter/Face-Adapter,2025-02,control,0,0,0,,0,,0,0,0,0,0,0,0,0,0,0,0,0,0,False,0.0,0.0,0.0,0.0,1.0,ericmjl/llamabot,3,202408
FaceAdapter/Face-Adapter,2025-03,control,0,0,0,,0,,0,0,0,0,0,0,0,0,0,0,0,0,0,False,0.0,0.0,0.0,0.0,1.0,ericmjl/llamabot,3,202408
FaceAdapter/Face-Adapter,2025-04,control,0,0,0,,0,,0,0,0,0,0,0,0,0,0,0,0,0,0,False,0.0,0.0,0.0,0.0,1.0,ericmjl/llamabot,3,202408
FaceAdapter/Face-Adapter,2025-05,control,0,0,0,,0,,0,0,0,0,0,0,0,0,0,0,0,0,0,False,0.0,0.0,0.0,0.0,1.0,ericmjl/llamabot,3,202408
FaceAdapter/Face-Adapter,2025-06,control,0,0,0,,0,,0,0,0,0,0,0,0,0,0,0,0,0,0,False,0.0,0.0,0.0,0.0,1.0,ericmjl/llamabot,3,202408
FaceAdapter/Face-Adapter,2025-07,control,0,0,0,,0,,0,0,0,0,0,0,0,0,0,0,0,0,0,False,0.0,0.0,0.0,0.0,1.0,ericmjl/llamabot,3,202408
FaceAdapter/Face-Adapter,2025-08,control,0,0,0,,0,,0,0,0,0,0,0,0,0,0,0,0,0,0,False,0.0,0.0,0.0,0.0,1.0,ericmjl/llamabot,3,202408
FlipperPA/peregrine,2024-01,control,0,0,0,,0,,0,0,0,0,0,0,0,0,0,0,0,0,0,False,0.0,0.0,0.0,0.0,1.0,tmux-python/tmuxp,3,202502
FlipperPA/peregrine,2024-02,control,0,0,0,,0,,0,0,0,0,0,0,0,0,0,0,0,0,0,False,0.0,0.0,0.0,0.0,1.0,tmux-python/tmuxp,3,202502
FlipperPA/peregrine,2024-03,control,0,0,0,,0,,0,0,0,0,0,0,0,0,0,0,0,0,0,False,0.0,0.0,0.0,0.0,1.0,tmux-python/tmuxp,3,202502
FlipperPA/peregrine,2024-04,control,0,0,0,,0,,0,0,0,0,0,0,0,0,0,0,0,0,0,False,0.0,0.0,0.0,0.0,1.0,tmux-python/tmuxp,3,202502
FlipperPA/peregrine,2024-05,control,0,0,0,,0,,0,0,0,0,0,0,0,0,0,0,0,0,0,False,0.0,0.0,0.0,0.0,1.0,tmux-python/tmuxp,3,202502
FlipperPA/peregrine,2024-06,control,0,0,0,,0,,0,0,0,0,0,0,0,0,0,0,0,0,0,False,0.0,0.0,0.0,0.0,1.0,tmux-python/tmuxp,3,202502
FlipperPA/peregrine,2024-07,control,0,0,0,,0,,0,0,0,0,0,0,0,0,0,0,0,0,0,False,0.0,0.0,0.0,0.0,1.0,tmux-python/tmuxp,3,202502
FlipperPA/peregrine,2024-08,control,0,0,0,,0,,0,0,0,0,0,0,0,0,0,0,0,0,0,False,0.0,0.0,0.0,0.0,1.0,tmux-python/tmuxp,3,202502
FlipperPA/peregrine,2024-09,control,0,0,0,,0,,0,0,0,0,0,0,0,0,0,0,0,0,0,False,0.0,0.0,0.0,0.0,1.0,tmux-python/tmuxp,3,202502
FlipperPA/peregrine,2024-10,control,0,0,0,,0,,0,0,0,0,0,0,0,0,0,0,0,0,0,False,0.0,0.0,0.0,0.0,1.0,tmux-python/tmuxp,3,202502
FlipperPA/peregrine,2024-11,control,0,0,0,,0,,0,0,0,0,0,0,0,0,0,0,0,0,0,False,0.0,0.0,0.0,0.0,1.0,tmux-python/tmuxp,3,202502
FlipperPA/peregrine,2024-12,control,0,0,0,,0,,0,0,0,0,0,0,0,0,0,0,0,0,0,False,2.0,2.0,2.0,2.0,1.0,tmux-python/tmuxp,3,202502
FlipperPA/peregrine,2025-01,control,0,0,0,,0,,0,0,0,0,0,0,0,0,0,0,0,0,0,False,0.0,0.0,0.0,0.0,1.0,tmux-python/tmuxp,3,202502
FlipperPA/peregrine,2025-02,control,0,0,0,,0,,0,0,0,0,0,0,0,0,0,0,0,0,0,False,0.0,0.0,0.0,0.0,1.0,tmux-python/tmuxp,3,202502
FlipperPA/peregrine,2025-03,control,0,0,0,,0,,0,0,0,0,0,0,0,0,0,0,0,0,0,False,0.0,0.0,0.0,0.0,1.0,tmux-python/tmuxp,3,202502
FlipperPA/peregrine,2025-04,control,0,0,0,,0,,0,0,0,0,0,0,0,0,0,0,0,0,0,False,0.0,0.0,0.0,0.0,1.0,tmux-python/tmuxp,3,202502
FlipperPA/peregrine,2025-05,control,0,0,0,,0,,0,0,0,0,0,0,0,0,0,0,0,0,0,False,0.0,0.0,0.0,0.0,1.0,tmux-python/tmuxp,3,202502
FlipperPA/peregrine,2025-06,control,0,0,0,,0,,0,0,0,0,0,0,0,0,0,0,0,0,0,False,0.0,0.0,0.0,0.0,1.0,tmux-python/tmuxp,3,202502
FlipperPA/peregrine,2025-07,control,0,0,0,,0,,0,0,0,0,0,0,0,0,0,0,0,0,0,False,0.0,0.0,0.0,0.0,1.0,tmux-python/tmuxp,3,202502
FlipperPA/peregrine,2025-08,control,0,0,0,,0,,0,0,0,0,0,0,0,0,0,0,0,0,0,False,0.0,0.0,0.0,0.0,1.0,tmux-python/tmuxp,3,202502
FolhaSP/mosaico,2024-11,control,0,0,0,,0,,0,0,0,0,0,0,0,0,0,0,0,0,0,False,34.0,2184.0,1129.0,3.0,1.0,allthingslinux/tux,1,202501
FolhaSP/mosaico,2024-12,control,0,0,0,,0,,0,0,0,0,0,0,0,0,0,0,0,0,0,False,4.0,279.0,20.0,2.0,1.0,allthingslinux/tux,1,202501
FolhaSP/mosaico,2025-01,control,0,0,0,,0,,0,0,0,0,0,0,0,0,0,0,0,0,0,False,11.0,995.0,96.0,2.0,1.0,allthingslinux/tux,1,202501
FolhaSP/mosaico,2025-02,control,0,0,0,,0,,0,0,0,0,0,0,0,0,0,0,0,0,0,False,20.0,2294.0,1941.0,2.0,1.0,allthingslinux/tux,1,202501
FolhaSP/mosaico,2025-03,control,0,0,0,,0,,0,0,0,0,0,0,0,0,0,0,0,0,0,False,19.0,2593.0,861.0,2.0,1.0,allthingslinux/tux,1,202501
FolhaSP/mosaico,2025-04,control,0,0,0,,0,,0,0,0,0,0,0,0,0,0,0,0,0,0,False,0.0,0.0,0.0,0.0,1.0,allthingslinux/tux,1,202501
FolhaSP/mosaico,2025-05,control,0,0,0,,0,,0,0,0,0,0,0,0,0,0,0,0,0,0,False,6.0,215.0,10.0,1.0,1.0,allthingslinux/tux,1,202501
FolhaSP/mosaico,2025-06,control,0,0,0,,0,,0,0,0,0,0,0,0,0,0,0,0,0,0,False,0.0,0.0,0.0,0.0,1.0,allthingslinux/tux,1,202501
FolhaSP/mosaico,2025-07,control,0,0,0,,0,,0,0,0,0,0,0,0,0,0,0,0,0,0,False,7.0,2587.0,1809.0,1.0,1.0,allthingslinux/tux,1,202501
FolhaSP/mosaico,2025-08,control,0,0,0,,0,,0,0,0,0,0,0,0,0,0,0,0,0,0,False,0.0,0.0,0.0,0.0,1.0,allthingslinux/tux,1,202501
GispoCoding/qgis-venv-creator,2024-02,control,0,0,0,,0,,0,0,0,0,0,0,0,0,0,0,0,0,0,False,21.0,2013.0,65.0,2.0,1.0,OpenSPP/openspp-modules,1,202502
GispoCoding/qgis-venv-creator,2024-03,control,0,0,0,,0,,0,0,0,0,0,0,0,0,0,0,0,0,0,False,1.0,1.0,1.0,1.0,1.0,OpenSPP/openspp-modules,1,202502
GispoCoding/qgis-venv-creator,2024-04,control,0,0,0,,0,,0,0,0,0,0,0,0,0,0,0,0,0,0,False,0.0,0.0,0.0,0.0,1.0,OpenSPP/openspp-modules,1,202502
GispoCoding/qgis-venv-creator,2024-05,control,0,0,0,,0,,0,0,0,0,0,0,0,0,0,0,0,0,0,False,0.0,0.0,0.0,0.0,1.0,OpenSPP/openspp-modules,1,202502
GispoCoding/qgis-venv-creator,2024-06,control,0,0,0,,0,,0,0,0,0,0,0,0,0,0,0,0,0,0,False,0.0,0.0,0.0,0.0,1.0,OpenSPP/openspp-modules,1,202502
GispoCoding/qgis-venv-creator,2024-07,control,0,0,0,,0,,0,0,0,0,0,0,0,0,0,0,0,0,0,False,0.0,0.0,0.0,0.0,1.0,OpenSPP/openspp-modules,1,202502
GispoCoding/qgis-venv-creator,2024-08,control,0,0,0,,0,,0,0,0,0,0,0,0,0,0,0,0,0,0,False,0.0,0.0,0.0,0.0,1.0,OpenSPP/openspp-modules,1,202502
GispoCoding/qgis-venv-creator,2024-09,control,0,0,0,,0,,0,0,0,0,0,0,0,0,0,0,0,0,0,False,0.0,0.0,0.0,0.0,1.0,OpenSPP/openspp-modules,1,202502
GispoCoding/qgis-venv-creator,2024-10,control,0,0,0,,0,,0,0,0,0,0,0,0,0,0,0,0,0,0,False,0.0,0.0,0.0,0.0,1.0,OpenSPP/openspp-modules,1,202502
GispoCoding/qgis-venv-creator,2024-11,control,0,0,0,,0,,0,0,0,0,0,0,0,0,0,0,0,0,0,False,0.0,0.0,0.0,0.0,1.0,OpenSPP/openspp-modules,1,202502
GispoCoding/qgis-venv-creator,2024-12,control,0,0,0,,0,,0,0,0,0,0,0,0,0,0,0,0,0,0,False,0.0,0.0,0.0,0.0,1.0,OpenSPP/openspp-modules,1,202502
GispoCoding/qgis-venv-creator,2025-01,control,0,0,0,,0,,0,0,0,0,0,0,0,0,0,0,0,0,0,False,0.0,0.0,0.0,0.0,1.0,OpenSPP/openspp-modules,1,202502
GispoCoding/qgis-venv-creator,2025-02,control,0,0,0,,0,,0,0,0,0,0,0,0,0,0,0,0,0,0,False,0.0,0.0,0.0,0.0,1.0,OpenSPP/openspp-modules,1,202502
GispoCoding/qgis-venv-creator,2025-03,control,0,0,0,,0,,0,0,0,0,0,0,0,0,0,0,0,0,0,False,0.0,0.0,0.0,0.0,1.0,OpenSPP/openspp-modules,1,202502
GispoCoding/qgis-venv-creator,2025-04,control,0,0,0,,0,,0,0,0,0,0,0,0,0,0,0,0,0,0,False,0.0,0.0,0.0,0.0,1.0,OpenSPP/openspp-modules,1,202502
GispoCoding/qgis-venv-creator,2025-05,control,0,0,0,,0,,0,0,0,0,0,0,0,0,0,0,0,0,0,False,0.0,0.0,0.0,0.0,1.0,OpenSPP/openspp-modules,1,202502
GispoCoding/qgis-venv-creator,2025-06,control,0,0,0,,0,,0,0,0,0,0,0,0,0,0,0,0,0,0,False,0.0,0.0,0.0,0.0,1.0,OpenSPP/openspp-modules,1,202502
GispoCoding/qgis-venv-creator,2025-07,control,0,0,0,,0,,0,0,0,0,0,0,0,0,0,0,0,0,0,False,0.0,0.0,0.0,0.0,1.0,OpenSPP/openspp-modules,1,202502
GispoCoding/qgis-venv-creator,2025-08,control,0,0,0,,0,,0,0,0,0,0,0,0,0,0,0,0,0,0,False,0.0,0.0,0.0,0.0,1.0,OpenSPP/openspp-modules,1,202502
Hack-a-Day/2024-Supercon-8-Add-On-Badge,2024-09,control,0,0,0,,0,,0,0,0,0,0,0,0,0,0,0,0,0,0,False,1.0,0.0,0.0,1.0,1.0,leettools-dev/leettools,3,202502
Hack-a-Day/2024-Supercon-8-Add-On-Badge,2024-10,control,0,0,0,,0,,0,0,0,0,0,0,0,0,0,0,0,0,0,False,47.0,289897.0,24397.0,10.0,1.0,leettools-dev/leettools,3,202502
Hack-a-Day/2024-Supercon-8-Add-On-Badge,2024-11,control,0,0,0,,0,,0,0,0,0,0,0,0,0,0,0,0,0,0,False,40.0,7782.0,630.0,9.0,1.0,leettools-dev/leettools,3,202502
Hack-a-Day/2024-Supercon-8-Add-On-Badge,2024-12,control,0,0,0,,0,,0,0,0,0,0,0,0,0,0,0,0,0,0,False,0.0,0.0,0.0,0.0,1.0,leettools-dev/leettools,3,202502
Hack-a-Day/2024-Supercon-8-Add-On-Badge,2025-01,control,0,0,0,,0,,0,0,0,0,0,0,0,0,0,0,0,0,0,False,0.0,0.0,0.0,0.0,1.0,leettools-dev/leettools,3,202502
Hack-a-Day/2024-Supercon-8-Add-On-Badge,2025-02,control,0,0,0,,0,,0,0,0,0,0,0,0,0,0,0,0,0,0,False,0.0,0.0,0.0,0.0,1.0,leettools-dev/leettools,3,202502
Hack-a-Day/2024-Supercon-8-Add-On-Badge,2025-03,control,0,0,0,,0,,0,0,0,0,0,0,0,0,0,0,0,0,0,False,8.0,42.0,20.0,2.0,1.0,leettools-dev/leettools,3,202502
Hack-a-Day/2024-Supercon-8-Add-On-Badge,2025-04,control,0,0,0,,0,,0,0,0,0,0,0,0,0,0,0,0,0,0,False,0.0,0.0,0.0,0.0,1.0,leettools-dev/leettools,3,202502
Hack-a-Day/2024-Supercon-8-Add-On-Badge,2025-05,control,0,0,0,,0,,0,0,0,0,0,0,0,0,0,0,0,0,0,False,0.0,0.0,0.0,0.0,1.0,leettools-dev/leettools,3,202502
Hack-a-Day/2024-Supercon-8-Add-On-Badge,2025-06,control,0,0,0,,0,,0,0,0,0,0,0,0,0,0,0,0,0,0,False,0.0,0.0,0.0,0.0,1.0,leettools-dev/leettools,3,202502
Hack-a-Day/2024-Supercon-8-Add-On-Badge,2025-07,control,0,0,0,,0,,0,0,0,0,0,0,0,0,0,0,0,0,0,False,0.0,0.0,0.0,0.0,1.0,leettools-dev/leettools,3,202502
Hack-a-Day/2024-Supercon-8-Add-On-Badge,2025-08,control,0,0,0,,0,,0,0,0,0,0,0,0,0,0,0,0,0,0,False,0.0,0.0,0.0,0.0,1.0,leettools-dev/leettools,3,202502
HelpingAI/Webscout,2024-02,control,0,0,0,,0,,0,0,0,0,0,0,0,0,0,0,0,0,0,False,17.0,447.0,154.0,2.0,1.0,Elevate-Code/better-voice-typing; PiotrCzapla/smart_dictation; TheSethRose/Agent-Chat; VRSEN/agency-voice-interface; codingforentrepreneurs/Cursor-Django; matebenyovszky/healing-agent,3,202409
HelpingAI/Webscout,2024-03,control,0,0,0,,0,,0,0,0,0,0,0,0,0,0,0,0,0,0,False,35.0,8904.0,5181.0,2.0,1.0,Elevate-Code/better-voice-typing; PiotrCzapla/smart_dictation; TheSethRose/Agent-Chat; VRSEN/agency-voice-interface; codingforentrepreneurs/Cursor-Django; matebenyovszky/healing-agent,3,202409
HelpingAI/Webscout,2024-04,control,0,0,0,,0,,0,0,0,0,0,0,0,0,0,0,0,0,0,False,53.0,20342.0,15322.0,2.0,1.0,Elevate-Code/better-voice-typing; PiotrCzapla/smart_dictation; TheSethRose/Agent-Chat; VRSEN/agency-voice-interface; codingforentrepreneurs/Cursor-Django; matebenyovszky/healing-agent,3,202409
HelpingAI/Webscout,2024-05,control,0,0,0,,0,,0,0,0,0,0,0,0,0,0,0,0,0,0,False,48.0,39626.0,30108.0,3.0,1.0,Elevate-Code/better-voice-typing; PiotrCzapla/smart_dictation; TheSethRose/Agent-Chat; VRSEN/agency-voice-interface; codingforentrepreneurs/Cursor-Django; matebenyovszky/healing-agent,3,202409
HelpingAI/Webscout,2024-06,control,0,0,0,,0,,0,0,0,0,0,0,0,0,0,0,0,0,0,False,28.0,33661.0,29541.0,4.0,1.0,Elevate-Code/better-voice-typing; PiotrCzapla/smart_dictation; TheSethRose/Agent-Chat; VRSEN/agency-voice-interface; codingforentrepreneurs/Cursor-Django; matebenyovszky/healing-agent,3,202409
HelpingAI/Webscout,2024-07,control,0,0,0,,0,,0,0,0,0,0,0,0,0,0,0,0,0,0,False,25.0,6255.0,3572.0,4.0,1.0,Elevate-Code/better-voice-typing; PiotrCzapla/smart_dictation; TheSethRose/Agent-Chat; VRSEN/agency-voice-interface; codingforentrepreneurs/Cursor-Django; matebenyovszky/healing-agent,3,202409
HelpingAI/Webscout,2024-08,control,0,0,0,,0,,0,0,0,0,0,0,0,0,0,0,0,0,0,False,26.0,11907.0,9444.0,3.0,1.0,Elevate-Code/better-voice-typing; PiotrCzapla/smart_dictation; TheSethRose/Agent-Chat; VRSEN/agency-voice-interface; codingforentrepreneurs/Cursor-Django; matebenyovszky/healing-agent,3,202409
HelpingAI/Webscout,2024-09,control,0,0,0,,0,,0,0,0,0,0,0,0,0,0,0,0,0,0,False,11.0,7452.0,1465.0,2.0,1.0,Elevate-Code/better-voice-typing; PiotrCzapla/smart_dictation; TheSethRose/Agent-Chat; VRSEN/agency-voice-interface; codingforentrepreneurs/Cursor-Django; matebenyovszky/healing-agent,3,202409
HelpingAI/Webscout,2024-10,control,0,0,0,,0,,0,0,0,0,0,0,0,0,0,0,0,0,0,False,5.0,7593.0,5922.0,2.0,1.0,Elevate-Code/better-voice-typing; PiotrCzapla/smart_dictation; TheSethRose/Agent-Chat; VRSEN/agency-voice-interface; codingforentrepreneurs/Cursor-Django; matebenyovszky/healing-agent,3,202409
HelpingAI/Webscout,2024-11,control,0,0,0,,0,,0,0,0,0,0,0,0,0,0,0,0,0,0,False,7.0,3815.0,1763.0,3.0,1.0,Elevate-Code/better-voice-typing; PiotrCzapla/smart_dictation; TheSethRose/Agent-Chat; VRSEN/agency-voice-interface; codingforentrepreneurs/Cursor-Django; matebenyovszky/healing-agent,3,202409
HelpingAI/Webscout,2024-12,control,0,0,0,,0,,0,0,0,0,0,0,0,0,0,0,0,0,0,False,48.0,31110.0,18549.0,5.0,1.0,Elevate-Code/better-voice-typing; PiotrCzapla/smart_dictation; TheSethRose/Agent-Chat; VRSEN/agency-voice-interface; codingforentrepreneurs/Cursor-Django; matebenyovszky/healing-agent,3,202409
HelpingAI/Webscout,2025-01,control,0,0,0,,0,,0,0,0,0,0,0,0,0,0,0,0,0,0,False,8.0,4265.0,5083.0,1.0,1.0,Elevate-Code/better-voice-typing; PiotrCzapla/smart_dictation; TheSethRose/Agent-Chat; VRSEN/agency-voice-interface; codingforentrepreneurs/Cursor-Django; matebenyovszky/healing-agent,3,202409
HelpingAI/Webscout,2025-02,control,0,0,0,,0,,0,0,0,0,0,0,0,0,0,0,0,0,0,False,63.0,7600.0,3265.0,4.0,1.0,Elevate-Code/better-voice-typing; PiotrCzapla/smart_dictation; TheSethRose/Agent-Chat; VRSEN/agency-voice-interface; codingforentrepreneurs/Cursor-Django; matebenyovszky/healing-agent,3,202409
HelpingAI/Webscout,2025-03,control,0,0,0,,0,,0,0,0,0,0,0,0,0,0,0,0,0,0,False,124.0,21466.0,15183.0,8.0,1.0,Elevate-Code/better-voice-typing; PiotrCzapla/smart_dictation; TheSethRose/Agent-Chat; VRSEN/agency-voice-interface; codingforentrepreneurs/Cursor-Django; matebenyovszky/healing-agent,3,202409
HelpingAI/Webscout,2025-04,control,0,0,0,,0,,0,0,0,0,0,0,0,0,0,0,0,0,0,False,124.0,41560.0,16333.0,3.0,1.0,Elevate-Code/better-voice-typing; PiotrCzapla/smart_dictation; TheSethRose/Agent-Chat; VRSEN/agency-voice-interface; codingforentrepreneurs/Cursor-Django; matebenyovszky/healing-agent,3,202409
HelpingAI/Webscout,2025-05,control,0,0,0,,0,,0,0,0,0,0,0,0,0,0,0,0,0,0,False,150.0,37643.0,41170.0,5.0,1.0,Elevate-Code/better-voice-typing; PiotrCzapla/smart_dictation; TheSethRose/Agent-Chat; VRSEN/agency-voice-interface; codingforentrepreneurs/Cursor-Django; matebenyovszky/healing-agent,3,202409
HelpingAI/Webscout,2025-06,control,0,0,0,,0,,0,0,0,0,0,0,0,0,0,0,0,0,0,False,90.0,33159.0,20428.0,4.0,1.0,Elevate-Code/better-voice-typing; PiotrCzapla/smart_dictation; TheSethRose/Agent-Chat; VRSEN/agency-voice-interface; codingforentrepreneurs/Cursor-Django; matebenyovszky/healing-agent,3,202409
HelpingAI/Webscout,2025-07,control,0,0,0,,0,,0,0,0,0,0,0,0,0,0,0,0,0,0,False,29.0,7390.0,5095.0,1.0,1.0,Elevate-Code/better-voice-typing; PiotrCzapla/smart_dictation; TheSethRose/Agent-Chat; VRSEN/agency-voice-interface; codingforentrepreneurs/Cursor-Django; matebenyovszky/healing-agent,3,202409
HelpingAI/Webscout,2025-08,control,0,0,0,,0,,0,0,0,0,0,0,0,0,0,0,0,0,0,False,41.0,4792.0,2786.0,4.0,1.0,Elevate-Code/better-voice-typing; PiotrCzapla/smart_dictation; TheSethRose/Agent-Chat; VRSEN/agency-voice-interface; codingforentrepreneurs/Cursor-Django; matebenyovszky/healing-agent,3,202409
IBM/mt-rag-benchmark,2024-12,control,0,0,0,,0,,0,0,0,0,0,0,0,0,0,0,0,0,0,False,3.0,8069.0,6.0,2.0,1.0,tw-haiven/haiven,1,202501
IBM/mt-rag-benchmark,2025-01,control,0,0,0,,0,,0,0,0,0,0,0,0,0,0,0,0,0,0,False,3.0,21.0,5.0,2.0,1.0,tw-haiven/haiven,1,202501
IBM/mt-rag-benchmark,2025-02,control,0,0,0,,0,,0,0,0,0,0,0,0,0,0,0,0,0,0,False,0.0,0.0,0.0,0.0,1.0,tw-haiven/haiven,1,202501
IBM/mt-rag-benchmark,2025-03,control,0,0,0,,0,,0,0,0,0,0,0,0,0,0,0,0,0,0,False,0.0,0.0,0.0,0.0,1.0,tw-haiven/haiven,1,202501
IBM/mt-rag-benchmark,2025-04,control,0,0,0,,0,,0,0,0,0,0,0,0,0,0,0,0,0,0,False,1.0,91.0,1.0,1.0,1.0,tw-haiven/haiven,1,202501
IBM/mt-rag-benchmark,2025-05,control,0,0,0,,0,,0,0,0,0,0,0,0,0,0,0,0,0,0,False,0.0,0.0,0.0,0.0,1.0,tw-haiven/haiven,1,202501
IBM/mt-rag-benchmark,2025-06,control,0,0,0,,0,,0,0,0,0,0,0,0,0,0,0,0,0,0,False,0.0,0.0,0.0,0.0,1.0,tw-haiven/haiven,1,202501
IBM/mt-rag-benchmark,2025-07,control,0,0,0,,0,,0,0,0,0,0,0,0,0,0,0,0,0,0,False,0.0,0.0,0.0,0.0,1.0,tw-haiven/haiven,1,202501
IBM/mt-rag-benchmark,2025-08,control,0,0,0,,0,,0,0,0,0,0,0,0,0,0,0,0,0,0,False,0.0,0.0,0.0,0.0,1.0,tw-haiven/haiven,1,202501
ITSpecialist111/ai_automation_suggester,2024-10,control,0,0,0,,0,,0,0,0,0,0,0,0,0,0,0,0,0,0,False,79.0,8330.0,7288.0,1.0,1.0,LearningCircuit/local-deep-research,3,202502
ITSpecialist111/ai_automation_suggester,2024-11,control,0,0,0,,0,,0,0,0,0,0,0,0,0,0,0,0,0,0,False,18.0,2557.0,690.0,5.0,1.0,LearningCircuit/local-deep-research,3,202502
ITSpecialist111/ai_automation_suggester,2024-12,control,0,0,0,,0,,0,0,0,0,0,0,0,0,0,0,0,0,0,False,3.0,707.0,771.0,1.0,1.0,LearningCircuit/local-deep-research,3,202502
ITSpecialist111/ai_automation_suggester,2025-01,control,0,0,0,,0,,0,0,0,0,0,0,0,0,0,0,0,0,0,False,3.0,92.0,49.0,1.0,1.0,LearningCircuit/local-deep-research,3,202502
ITSpecialist111/ai_automation_suggester,2025-02,control,0,0,0,,0,,0,0,0,0,0,0,0,0,0,0,0,0,0,False,1.0,1.0,1.0,1.0,1.0,LearningCircuit/local-deep-research,3,202502
ITSpecialist111/ai_automation_suggester,2025-03,control,0,0,0,,0,,0,0,0,0,0,0,0,0,0,0,0,0,0,False,7.0,326.0,475.0,2.0,1.0,LearningCircuit/local-deep-research,3,202502
ITSpecialist111/ai_automation_suggester,2025-04,control,0,0,0,,0,,0,0,0,0,0,0,0,0,0,0,0,0,0,False,23.0,3849.0,3903.0,5.0,1.0,LearningCircuit/local-deep-research,3,202502
ITSpecialist111/ai_automation_suggester,2025-05,control,0,0,0,,0,,0,0,0,0,0,0,0,0,0,0,0,0,0,False,25.0,4303.0,1928.0,2.0,1.0,LearningCircuit/local-deep-research,3,202502
ITSpecialist111/ai_automation_suggester,2025-06,control,0,0,0,,0,,0,0,0,0,0,0,0,0,0,0,0,0,0,False,25.0,5380.0,1198.0,2.0,1.0,LearningCircuit/local-deep-research,3,202502
ITSpecialist111/ai_automation_suggester,2025-07,control,0,0,0,,0,,0,0,0,0,0,0,0,0,0,0,0,0,0,False,0.0,0.0,0.0,0.0,1.0,LearningCircuit/local-deep-research,3,202502
ITSpecialist111/ai_automation_suggester,2025-08,control,0,0,0,,0,,0,0,0,0,0,0,0,0,0,0,0,0,0,False,0.0,0.0,0.0,0.0,1.0,LearningCircuit/local-deep-research,3,202502
Jieqianyu/SGN,2024-01,control,0,0,0,,0,,0,0,0,0,0,0,0,0,0,0,0,0,0,False,1.0,40.0,54.0,1.0,1.0,Chocksy/qc-options-framework,1,202502
Jieqianyu/SGN,2024-02,control,0,0,0,,0,,0,0,0,0,0,0,0,0,0,0,0,0,0,False,0.0,0.0,0.0,0.0,1.0,Chocksy/qc-options-framework,1,202502
Jieqianyu/SGN,2024-03,control,0,0,0,,0,,0,0,0,0,0,0,0,0,0,0,0,0,0,False,0.0,0.0,0.0,0.0,1.0,Chocksy/qc-options-framework,1,202502
Jieqianyu/SGN,2024-04,control,0,0,0,,0,,0,0,0,0,0,0,0,0,0,0,0,0,0,False,0.0,0.0,0.0,0.0,1.0,Chocksy/qc-options-framework,1,202502
Jieqianyu/SGN,2024-05,control,0,0,0,,0,,0,0,0,0,0,0,0,0,0,0,0,0,0,False,0.0,0.0,0.0,0.0,1.0,Chocksy/qc-options-framework,1,202502
Jieqianyu/SGN,2024-06,control,0,0,0,,0,,0,0,0,0,0,0,0,0,0,0,0,0,0,False,0.0,0.0,0.0,0.0,1.0,Chocksy/qc-options-framework,1,202502
Jieqianyu/SGN,2024-07,control,0,0,0,,0,,0,0,0,0,0,0,0,0,0,0,0,0,0,False,0.0,0.0,0.0,0.0,1.0,Chocksy/qc-options-framework,1,202502
Jieqianyu/SGN,2024-08,control,0,0,0,,0,,0,0,0,0,0,0,0,0,0,0,0,0,0,False,0.0,0.0,0.0,0.0,1.0,Chocksy/qc-options-framework,1,202502
Jieqianyu/SGN,2024-09,control,0,0,0,,0,,0,0,0,0,0,0,0,0,0,0,0,0,0,False,3.0,15.0,2.0,1.0,1.0,Chocksy/qc-options-framework,1,202502
Jieqianyu/SGN,2024-10,control,0,0,0,,0,,0,0,0,0,0,0,0,0,0,0,0,0,0,False,0.0,0.0,0.0,0.0,1.0,Chocksy/qc-options-framework,1,202502
Jieqianyu/SGN,2024-11,control,0,0,0,,0,,0,0,0,0,0,0,0,0,0,0,0,0,0,False,0.0,0.0,0.0,0.0,1.0,Chocksy/qc-options-framework,1,202502
Jieqianyu/SGN,2024-12,control,0,0,0,,0,,0,0,0,0,0,0,0,0,0,0,0,0,0,False,0.0,0.0,0.0,0.0,1.0,Chocksy/qc-options-framework,1,202502
Jieqianyu/SGN,2025-01,control,0,0,0,,0,,0,0,0,0,0,0,0,0,0,0,0,0,0,False,0.0,0.0,0.0,0.0,1.0,Chocksy/qc-options-framework,1,202502
Jieqianyu/SGN,2025-02,control,0,0,0,,0,,0,0,0,0,0,0,0,0,0,0,0,0,0,False,0.0,0.0,0.0,0.0,1.0,Chocksy/qc-options-framework,1,202502
Jieqianyu/SGN,2025-03,control,0,0,0,,0,,0,0,0,0,0,0,0,0,0,0,0,0,0,False,0.0,0.0,0.0,0.0,1.0,Chocksy/qc-options-framework,1,202502
Jieqianyu/SGN,2025-04,control,0,0,0,,0,,0,0,0,0,0,0,0,0,0,0,0,0,0,False,0.0,0.0,0.0,0.0,1.0,Chocksy/qc-options-framework,1,202502
Jieqianyu/SGN,2025-05,control,0,0,0,,0,,0,0,0,0,0,0,0,0,0,0,0,0,0,False,0.0,0.0,0.0,0.0,1.0,Chocksy/qc-options-framework,1,202502
Jieqianyu/SGN,2025-06,control,0,0,0,,0,,0,0,0,0,0,0,0,0,0,0,0,0,0,False,0.0,0.0,0.0,0.0,1.0,Chocksy/qc-options-framework,1,202502
Jieqianyu/SGN,2025-07,control,0,0,0,,0,,0,0,0,0,0,0,0,0,0,0,0,0,0,False,0.0,0.0,0.0,0.0,1.0,Chocksy/qc-options-framework,1,202502
Jieqianyu/SGN,2025-08,control,0,0,0,,0,,0,0,0,0,0,0,0,0,0,0,0,0,0,False,0.0,0.0,0.0,0.0,1.0,Chocksy/qc-options-framework,1,202502
JustinSparrrow/IOOI-EmotionEgg,2025-03,control,0,0,0,,0,,0,0,0,0,0,0,0,0,0,0,0,0,0,False,8.0,2872.0,2838.0,3.0,1.0,appl-team/appl,1,202411
JustinSparrrow/IOOI-EmotionEgg,2025-04,control,0,0,0,,0,,0,0,0,0,0,0,0,0,0,0,0,0,0,False,35.0,1050.0,307.0,4.0,1.0,appl-team/appl,1,202411
JustinSparrrow/IOOI-EmotionEgg,2025-05,control,0,0,0,,0,,0,0,0,0,0,0,0,0,0,0,0,0,0,False,0.0,0.0,0.0,0.0,1.0,appl-team/appl,1,202411
JustinSparrrow/IOOI-EmotionEgg,2025-06,control,0,0,0,,0,,0,0,0,0,0,0,0,0,0,0,0,0,0,False,0.0,0.0,0.0,0.0,1.0,appl-team/appl,1,202411
JustinSparrrow/IOOI-EmotionEgg,2025-07,control,0,0,0,,0,,0,0,0,0,0,0,0,0,0,0,0,0,0,False,0.0,0.0,0.0,0.0,1.0,appl-team/appl,1,202411
JustinSparrrow/IOOI-EmotionEgg,2025-08,control,0,0,0,,0,,0,0,0,0,0,0,0,0,0,0,0,0,0,False,0.0,0.0,0.0,0.0,1.0,appl-team/appl,1,202411
Khrylx/PyTorch-RL,2024-01,control,0,0,0,,0,,0,0,0,0,0,0,0,0,0,0,0,0,0,False,0.0,0.0,0.0,0.0,1.0,vcs-python/vcspull,1,202502
Khrylx/PyTorch-RL,2024-02,control,0,0,0,,0,,0,0,0,0,0,0,0,0,0,0,0,0,0,False,0.0,0.0,0.0,0.0,1.0,vcs-python/vcspull,1,202502
Khrylx/PyTorch-RL,2024-03,control,0,0,0,,0,,0,0,0,0,0,0,0,0,0,0,0,0,0,False,0.0,0.0,0.0,0.0,1.0,vcs-python/vcspull,1,202502
Khrylx/PyTorch-RL,2024-04,control,0,0,0,,0,,0,0,0,0,0,0,0,0,0,0,0,0,0,False,0.0,0.0,0.0,0.0,1.0,vcs-python/vcspull,1,202502
Khrylx/PyTorch-RL,2024-05,control,0,0,0,,0,,0,0,0,0,0,0,0,0,0,0,0,0,0,False,0.0,0.0,0.0,0.0,1.0,vcs-python/vcspull,1,202502
Khrylx/PyTorch-RL,2024-06,control,0,0,0,,0,,0,0,0,0,0,0,0,0,0,0,0,0,0,False,0.0,0.0,0.0,0.0,1.0,vcs-python/vcspull,1,202502
Khrylx/PyTorch-RL,2024-07,control,0,0,0,,0,,0,0,0,0,0,0,0,0,0,0,0,0,0,False,0.0,0.0,0.0,0.0,1.0,vcs-python/vcspull,1,202502
Khrylx/PyTorch-RL,2024-08,control,0,0,0,,0,,0,0,0,0,0,0,0,0,0,0,0,0,0,False,0.0,0.0,0.0,0.0,1.0,vcs-python/vcspull,1,202502
Khrylx/PyTorch-RL,2024-09,control,0,0,0,,0,,0,0,0,0,0,0,0,0,0,0,0,0,0,False,0.0,0.0,0.0,0.0,1.0,vcs-python/vcspull,1,202502
Khrylx/PyTorch-RL,2024-10,control,0,0,0,,0,,0,0,0,0,0,0,0,0,0,0,0,0,0,False,0.0,0.0,0.0,0.0,1.0,vcs-python/vcspull,1,202502
Khrylx/PyTorch-RL,2024-11,control,0,0,0,,0,,0,0,0,0,0,0,0,0,0,0,0,0,0,False,0.0,0.0,0.0,0.0,1.0,vcs-python/vcspull,1,202502
Khrylx/PyTorch-RL,2024-12,control,0,0,0,,0,,0,0,0,0,0,0,0,0,0,0,0,0,0,False,0.0,0.0,0.0,0.0,1.0,vcs-python/vcspull,1,202502
Khrylx/PyTorch-RL,2025-01,control,0,0,0,,0,,0,0,0,0,0,0,0,0,0,0,0,0,0,False,0.0,0.0,0.0,0.0,1.0,vcs-python/vcspull,1,202502
Khrylx/PyTorch-RL,2025-02,control,0,0,0,,0,,0,0,0,0,0,0,0,0,0,0,0,0,0,False,0.0,0.0,0.0,0.0,1.0,vcs-python/vcspull,1,202502
Khrylx/PyTorch-RL,2025-03,control,0,0,0,,0,,0,0,0,0,0,0,0,0,0,0,0,0,0,False,0.0,0.0,0.0,0.0,1.0,vcs-python/vcspull,1,202502
Khrylx/PyTorch-RL,2025-04,control,0,0,0,,0,,0,0,0,0,0,0,0,0,0,0,0,0,0,False,0.0,0.0,0.0,0.0,1.0,vcs-python/vcspull,1,202502
Khrylx/PyTorch-RL,2025-05,control,0,0,0,,0,,0,0,0,0,0,0,0,0,0,0,0,0,0,False,0.0,0.0,0.0,0.0,1.0,vcs-python/vcspull,1,202502
Khrylx/PyTorch-RL,2025-06,control,0,0,0,,0,,0,0,0,0,0,0,0,0,0,0,0,0,0,False,0.0,0.0,0.0,0.0,1.0,vcs-python/vcspull,1,202502
Khrylx/PyTorch-RL,2025-07,control,0,0,0,,0,,0,0,0,0,0,0,0,0,0,0,0,0,0,False,0.0,0.0,0.0,0.0,1.0,vcs-python/vcspull,1,202502
Khrylx/PyTorch-RL,2025-08,control,0,0,0,,0,,0,0,0,0,0,0,0,0,0,0,0,0,0,False,0.0,0.0,0.0,0.0,1.0,vcs-python/vcspull,1,202502
LGro/PyAPSI,2024-01,control,0,0,0,,0,,0,0,0,0,0,0,0,0,0,0,0,0,0,False,0.0,0.0,0.0,0.0,1.0,tony/django-slugify-processor,3,202502
LGro/PyAPSI,2024-02,control,0,0,0,,0,,0,0,0,0,0,0,0,0,0,0,0,0,0,False,0.0,0.0,0.0,0.0,1.0,tony/django-slugify-processor,3,202502
LGro/PyAPSI,2024-03,control,0,0,0,,0,,0,0,0,0,0,0,0,0,0,0,0,0,0,False,0.0,0.0,0.0,0.0,1.0,tony/django-slugify-processor,3,202502
LGro/PyAPSI,2024-04,control,0,0,0,,0,,0,0,0,0,0,0,0,0,0,0,0,0,0,False,1.0,5.0,0.0,1.0,1.0,tony/django-slugify-processor,3,202502
LGro/PyAPSI,2024-05,control,0,0,0,,0,,0,0,0,0,0,0,0,0,0,0,0,0,0,False,0.0,0.0,0.0,0.0,1.0,tony/django-slugify-processor,3,202502
LGro/PyAPSI,2024-06,control,0,0,0,,0,,0,0,0,0,0,0,0,0,0,0,0,0,0,False,0.0,0.0,0.0,0.0,1.0,tony/django-slugify-processor,3,202502
LGro/PyAPSI,2024-07,control,0,0,0,,0,,0,0,0,0,0,0,0,0,0,0,0,0,0,False,0.0,0.0,0.0,0.0,1.0,tony/django-slugify-processor,3,202502
LGro/PyAPSI,2024-08,control,0,0,0,,0,,0,0,0,0,0,0,0,0,0,0,0,0,0,False,0.0,0.0,0.0,0.0,1.0,tony/django-slugify-processor,3,202502
LGro/PyAPSI,2024-09,control,0,0,0,,0,,0,0,0,0,0,0,0,0,0,0,0,0,0,False,0.0,0.0,0.0,0.0,1.0,tony/django-slugify-processor,3,202502
LGro/PyAPSI,2024-10,control,0,0,0,,0,,0,0,0,0,0,0,0,0,0,0,0,0,0,False,0.0,0.0,0.0,0.0,1.0,tony/django-slugify-processor,3,202502
LGro/PyAPSI,2024-11,control,0,0,0,,0,,0,0,0,0,0,0,0,0,0,0,0,0,0,False,0.0,0.0,0.0,0.0,1.0,tony/django-slugify-processor,3,202502
LGro/PyAPSI,2024-12,control,0,0,0,,0,,0,0,0,0,0,0,0,0,0,0,0,0,0,False,0.0,0.0,0.0,0.0,1.0,tony/django-slugify-processor,3,202502
LGro/PyAPSI,2025-01,control,0,0,0,,0,,0,0,0,0,0,0,0,0,0,0,0,0,0,False,0.0,0.0,0.0,0.0,1.0,tony/django-slugify-processor,3,202502
LGro/PyAPSI,2025-02,control,0,0,0,,0,,0,0,0,0,0,0,0,0,0,0,0,0,0,False,0.0,0.0,0.0,0.0,1.0,tony/django-slugify-processor,3,202502
LGro/PyAPSI,2025-03,control,0,0,0,,0,,0,0,0,0,0,0,0,0,0,0,0,0,0,False,0.0,0.0,0.0,0.0,1.0,tony/django-slugify-processor,3,202502
LGro/PyAPSI,2025-04,control,0,0,0,,0,,0,0,0,0,0,0,0,0,0,0,0,0,0,False,0.0,0.0,0.0,0.0,1.0,tony/django-slugify-processor,3,202502
LGro/PyAPSI,2025-05,control,0,0,0,,0,,0,0,0,0,0,0,0,0,0,0,0,0,0,False,0.0,0.0,0.0,0.0,1.0,tony/django-slugify-processor,3,202502
LGro/PyAPSI,2025-06,control,0,0,0,,0,,0,0,0,0,0,0,0,0,0,0,0,0,0,False,0.0,0.0,0.0,0.0,1.0,tony/django-slugify-processor,3,202502
LGro/PyAPSI,2025-07,control,0,0,0,,0,,0,0,0,0,0,0,0,0,0,0,0,0,0,False,0.0,0.0,0.0,0.0,1.0,tony/django-slugify-processor,3,202502
LGro/PyAPSI,2025-08,control,0,0,0,,0,,0,0,0,0,0,0,0,0,0,0,0,0,0,False,0.0,0.0,0.0,0.0,1.0,tony/django-slugify-processor,3,202502
LinJing517/micropython-deauth,2024-01,control,0,0,0,,0,,0,0,0,0,0,0,0,0,0,0,0,0,0,False,0.0,0.0,0.0,0.0,1.0,W1ndys/Blog,2,202412
LinJing517/micropython-deauth,2024-02,control,0,0,0,,0,,0,0,0,0,0,0,0,0,0,0,0,0,0,False,0.0,0.0,0.0,0.0,1.0,W1ndys/Blog,2,202412
LinJing517/micropython-deauth,2024-03,control,0,0,0,,0,,0,0,0,0,0,0,0,0,0,0,0,0,0,False,0.0,0.0,0.0,0.0,1.0,W1ndys/Blog,2,202412
LinJing517/micropython-deauth,2024-04,control,0,0,0,,0,,0,0,0,0,0,0,0,0,0,0,0,0,0,False,0.0,0.0,0.0,0.0,1.0,W1ndys/Blog,2,202412
LinJing517/micropython-deauth,2024-05,control,0,0,0,,0,,0,0,0,0,0,0,0,0,0,0,0,0,0,False,0.0,0.0,0.0,0.0,1.0,W1ndys/Blog,2,202412
LinJing517/micropython-deauth,2024-06,control,0,0,0,,0,,0,0,0,0,0,0,0,0,0,0,0,0,0,False,0.0,0.0,0.0,0.0,1.0,W1ndys/Blog,2,202412
LinJing517/micropython-deauth,2024-07,control,0,0,0,,0,,0,0,0,0,0,0,0,0,0,0,0,0,0,False,0.0,0.0,0.0,0.0,1.0,W1ndys/Blog,2,202412
LinJing517/micropython-deauth,2024-08,control,0,0,0,,0,,0,0,0,0,0,0,0,0,0,0,0,0,0,False,0.0,0.0,0.0,0.0,1.0,W1ndys/Blog,2,202412
LinJing517/micropython-deauth,2024-09,control,0,0,0,,0,,0,0,0,0,0,0,0,0,0,0,0,0,0,False,0.0,0.0,0.0,0.0,1.0,W1ndys/Blog,2,202412
LinJing517/micropython-deauth,2024-10,control,0,0,0,,0,,0,0,0,0,0,0,0,0,0,0,0,0,0,False,0.0,0.0,0.0,0.0,1.0,W1ndys/Blog,2,202412
LinJing517/micropython-deauth,2024-11,control,0,0,0,,0,,0,0,0,0,0,0,0,0,0,0,0,0,0,False,0.0,0.0,0.0,0.0,1.0,W1ndys/Blog,2,202412
LinJing517/micropython-deauth,2024-12,control,0,0,0,,0,,0,0,0,0,0,0,0,0,0,0,0,0,0,False,0.0,0.0,0.0,0.0,1.0,W1ndys/Blog,2,202412
LinJing517/micropython-deauth,2025-01,control,0,0,0,,0,,0,0,0,0,0,0,0,0,0,0,0,0,0,False,0.0,0.0,0.0,0.0,1.0,W1ndys/Blog,2,202412
LinJing517/micropython-deauth,2025-02,control,0,0,0,,0,,0,0,0,0,0,0,0,0,0,0,0,0,0,False,0.0,0.0,0.0,0.0,1.0,W1ndys/Blog,2,202412
LinJing517/micropython-deauth,2025-03,control,0,0,0,,0,,0,0,0,0,0,0,0,0,0,0,0,0,0,False,0.0,0.0,0.0,0.0,1.0,W1ndys/Blog,2,202412
LinJing517/micropython-deauth,2025-04,control,0,0,0,,0,,0,0,0,0,0,0,0,0,0,0,0,0,0,False,0.0,0.0,0.0,0.0,1.0,W1ndys/Blog,2,202412
LinJing517/micropython-deauth,2025-05,control,0,0,0,,0,,0,0,0,0,0,0,0,0,0,0,0,0,0,False,0.0,0.0,0.0,0.0,1.0,W1ndys/Blog,2,202412
LinJing517/micropython-deauth,2025-06,control,0,0,0,,0,,0,0,0,0,0,0,0,0,0,0,0,0,0,False,0.0,0.0,0.0,0.0,1.0,W1ndys/Blog,2,202412
LinJing517/micropython-deauth,2025-07,control,0,0,0,,0,,0,0,0,0,0,0,0,0,0,0,0,0,0,False,0.0,0.0,0.0,0.0,1.0,W1ndys/Blog,2,202412
LinJing517/micropython-deauth,2025-08,control,0,0,0,,0,,0,0,0,0,0,0,0,0,0,0,0,0,0,False,0.0,0.0,0.0,0.0,1.0,W1ndys/Blog,2,202412
LonamiWebs/Telebackup,2024-01,control,0,0,0,,0,,0,0,0,0,0,0,0,0,0,0,0,0,0,False,0.0,0.0,0.0,0.0,1.0,wdm0006/git-pandas,2,202502
LonamiWebs/Telebackup,2024-02,control,0,0,0,,0,,0,0,0,0,0,0,0,0,0,0,0,0,0,False,0.0,0.0,0.0,0.0,1.0,wdm0006/git-pandas,2,202502
LonamiWebs/Telebackup,2024-03,control,0,0,0,,0,,0,0,0,0,0,0,0,0,0,0,0,0,0,False,0.0,0.0,0.0,0.0,1.0,wdm0006/git-pandas,2,202502
LonamiWebs/Telebackup,2024-04,control,0,0,0,,0,,0,0,0,0,0,0,0,0,0,0,0,0,0,False,0.0,0.0,0.0,0.0,1.0,wdm0006/git-pandas,2,202502
LonamiWebs/Telebackup,2024-05,control,0,0,0,,0,,0,0,0,0,0,0,0,0,0,0,0,0,0,False,0.0,0.0,0.0,0.0,1.0,wdm0006/git-pandas,2,202502
LonamiWebs/Telebackup,2024-06,control,0,0,0,,0,,0,0,0,0,0,0,0,0,0,0,0,0,0,False,0.0,0.0,0.0,0.0,1.0,wdm0006/git-pandas,2,202502
LonamiWebs/Telebackup,2024-07,control,0,0,0,,0,,0,0,0,0,0,0,0,0,0,0,0,0,0,False,0.0,0.0,0.0,0.0,1.0,wdm0006/git-pandas,2,202502
LonamiWebs/Telebackup,2024-08,control,0,0,0,,0,,0,0,0,0,0,0,0,0,0,0,0,0,0,False,0.0,0.0,0.0,0.0,1.0,wdm0006/git-pandas,2,202502
LonamiWebs/Telebackup,2024-09,control,0,0,0,,0,,0,0,0,0,0,0,0,0,0,0,0,0,0,False,0.0,0.0,0.0,0.0,1.0,wdm0006/git-pandas,2,202502
LonamiWebs/Telebackup,2024-10,control,0,0,0,,0,,0,0,0,0,0,0,0,0,0,0,0,0,0,False,0.0,0.0,0.0,0.0,1.0,wdm0006/git-pandas,2,202502
LonamiWebs/Telebackup,2024-11,control,0,0,0,,0,,0,0,0,0,0,0,0,0,0,0,0,0,0,False,0.0,0.0,0.0,0.0,1.0,wdm0006/git-pandas,2,202502
LonamiWebs/Telebackup,2024-12,control,0,0,0,,0,,0,0,0,0,0,0,0,0,0,0,0,0,0,False,0.0,0.0,0.0,0.0,1.0,wdm0006/git-pandas,2,202502
LonamiWebs/Telebackup,2025-01,control,0,0,0,,0,,0,0,0,0,0,0,0,0,0,0,0,0,0,False,0.0,0.0,0.0,0.0,1.0,wdm0006/git-pandas,2,202502
LonamiWebs/Telebackup,2025-02,control,0,0,0,,0,,0,0,0,0,0,0,0,0,0,0,0,0,0,False,0.0,0.0,0.0,0.0,1.0,wdm0006/git-pandas,2,202502
LonamiWebs/Telebackup,2025-03,control,0,0,0,,0,,0,0,0,0,0,0,0,0,0,0,0,0,0,False,0.0,0.0,0.0,0.0,1.0,wdm0006/git-pandas,2,202502
LonamiWebs/Telebackup,2025-04,control,0,0,0,,0,,0,0,0,0,0,0,0,0,0,0,0,0,0,False,0.0,0.0,0.0,0.0,1.0,wdm0006/git-pandas,2,202502
LonamiWebs/Telebackup,2025-05,control,0,0,0,,0,,0,0,0,0,0,0,0,0,0,0,0,0,0,False,0.0,0.0,0.0,0.0,1.0,wdm0006/git-pandas,2,202502
LonamiWebs/Telebackup,2025-06,control,0,0,0,,0,,0,0,0,0,0,0,0,0,0,0,0,0,0,False,0.0,0.0,0.0,0.0,1.0,wdm0006/git-pandas,2,202502
LonamiWebs/Telebackup,2025-07,control,0,0,0,,0,,0,0,0,0,0,0,0,0,0,0,0,0,0,False,0.0,0.0,0.0,0.0,1.0,wdm0006/git-pandas,2,202502
LonamiWebs/Telebackup,2025-08,control,0,0,0,,0,,0,0,0,0,0,0,0,0,0,0,0,0,0,False,0.0,0.0,0.0,0.0,1.0,wdm0006/git-pandas,2,202502
LuneMods/KCD2-Blender-Toolkit,2025-02,control,0,0,0,,0,,0,0,0,0,0,0,0,0,0,0,0,0,0,False,18.0,10640.0,146.0,2.0,1.0,Anemll/Anemll; Ody-Z/Trading_Game_Simulator; The-Pocket/PocketFlow; The-Pocket/PocketFlow-Template-Python; ToolUse/infinite-ai-seo; VRSEN/agency-swarm-memory-demo; c4fun/tell-stories-webui; discus0434/nook; ericyuegu/hal; grapeot/web_agentic_ai; ilanbenb/wa_llm; loftwah/auto-jira; lss233/kirara-ai,2,202501
LuneMods/KCD2-Blender-Toolkit,2025-03,control,0,0,0,,0,,0,0,0,0,0,0,0,0,0,0,0,0,0,False,18.0,880.0,248.0,2.0,1.0,Anemll/Anemll; Ody-Z/Trading_Game_Simulator; The-Pocket/PocketFlow; The-Pocket/PocketFlow-Template-Python; ToolUse/infinite-ai-seo; VRSEN/agency-swarm-memory-demo; c4fun/tell-stories-webui; discus0434/nook; ericyuegu/hal; grapeot/web_agentic_ai; ilanbenb/wa_llm; loftwah/auto-jira; lss233/kirara-ai,2,202501
LuneMods/KCD2-Blender-Toolkit,2025-04,control,0,0,0,,0,,0,0,0,0,0,0,0,0,0,0,0,0,0,False,0.0,0.0,0.0,0.0,1.0,Anemll/Anemll; Ody-Z/Trading_Game_Simulator; The-Pocket/PocketFlow; The-Pocket/PocketFlow-Template-Python; ToolUse/infinite-ai-seo; VRSEN/agency-swarm-memory-demo; c4fun/tell-stories-webui; discus0434/nook; ericyuegu/hal; grapeot/web_agentic_ai; ilanbenb/wa_llm; loftwah/auto-jira; lss233/kirara-ai,2,202501
LuneMods/KCD2-Blender-Toolkit,2025-05,control,0,0,0,,0,,0,0,0,0,0,0,0,0,0,0,0,0,0,False,0.0,0.0,0.0,0.0,1.0,Anemll/Anemll; Ody-Z/Trading_Game_Simulator; The-Pocket/PocketFlow; The-Pocket/PocketFlow-Template-Python; ToolUse/infinite-ai-seo; VRSEN/agency-swarm-memory-demo; c4fun/tell-stories-webui; discus0434/nook; ericyuegu/hal; grapeot/web_agentic_ai; ilanbenb/wa_llm; loftwah/auto-jira; lss233/kirara-ai,2,202501
LuneMods/KCD2-Blender-Toolkit,2025-06,control,0,0,0,,0,,0,0,0,0,0,0,0,0,0,0,0,0,0,False,0.0,0.0,0.0,0.0,1.0,Anemll/Anemll; Ody-Z/Trading_Game_Simulator; The-Pocket/PocketFlow; The-Pocket/PocketFlow-Template-Python; ToolUse/infinite-ai-seo; VRSEN/agency-swarm-memory-demo; c4fun/tell-stories-webui; discus0434/nook; ericyuegu/hal; grapeot/web_agentic_ai; ilanbenb/wa_llm; loftwah/auto-jira; lss233/kirara-ai,2,202501
LuneMods/KCD2-Blender-Toolkit,2025-07,control,0,0,0,,0,,0,0,0,0,0,0,0,0,0,0,0,0,0,False,0.0,0.0,0.0,0.0,1.0,Anemll/Anemll; Ody-Z/Trading_Game_Simulator; The-Pocket/PocketFlow; The-Pocket/PocketFlow-Template-Python; ToolUse/infinite-ai-seo; VRSEN/agency-swarm-memory-demo; c4fun/tell-stories-webui; discus0434/nook; ericyuegu/hal; grapeot/web_agentic_ai; ilanbenb/wa_llm; loftwah/auto-jira; lss233/kirara-ai,2,202501
LuneMods/KCD2-Blender-Toolkit,2025-08,control,0,0,0,,0,,0,0,0,0,0,0,0,0,0,0,0,0,0,False,0.0,0.0,0.0,0.0,1.0,Anemll/Anemll; Ody-Z/Trading_Game_Simulator; The-Pocket/PocketFlow; The-Pocket/PocketFlow-Template-Python; ToolUse/infinite-ai-seo; VRSEN/agency-swarm-memory-demo; c4fun/tell-stories-webui; discus0434/nook; ericyuegu/hal; grapeot/web_agentic_ai; ilanbenb/wa_llm; loftwah/auto-jira; lss233/kirara-ai,2,202501
MIT-Emerging-Talent/ET6-edXtras,2025-02,control,0,0,0,,0,,0,0,0,0,0,0,0,0,0,0,0,0,0,False,10.0,7328.0,170.0,3.0,1.0,Anemll/Anemll; Ody-Z/Trading_Game_Simulator; The-Pocket/PocketFlow; The-Pocket/PocketFlow-Template-Python; ToolUse/infinite-ai-seo; VRSEN/agency-swarm-memory-demo; c4fun/tell-stories-webui; discus0434/nook; ericyuegu/hal; grapeot/web_agentic_ai; ilanbenb/wa_llm; loftwah/auto-jira; lss233/kirara-ai,1,202501
MIT-Emerging-Talent/ET6-edXtras,2025-03,control,0,0,0,,0,,0,0,0,0,0,0,0,0,0,0,0,0,0,False,16.0,4391.0,507.0,2.0,1.0,Anemll/Anemll; Ody-Z/Trading_Game_Simulator; The-Pocket/PocketFlow; The-Pocket/PocketFlow-Template-Python; ToolUse/infinite-ai-seo; VRSEN/agency-swarm-memory-demo; c4fun/tell-stories-webui; discus0434/nook; ericyuegu/hal; grapeot/web_agentic_ai; ilanbenb/wa_llm; loftwah/auto-jira; lss233/kirara-ai,1,202501
MIT-Emerging-Talent/ET6-edXtras,2025-04,control,0,0,0,,0,,0,0,0,0,0,0,0,0,0,0,0,0,0,False,2.0,130.0,1.0,1.0,1.0,Anemll/Anemll; Ody-Z/Trading_Game_Simulator; The-Pocket/PocketFlow; The-Pocket/PocketFlow-Template-Python; ToolUse/infinite-ai-seo; VRSEN/agency-swarm-memory-demo; c4fun/tell-stories-webui; discus0434/nook; ericyuegu/hal; grapeot/web_agentic_ai; ilanbenb/wa_llm; loftwah/auto-jira; lss233/kirara-ai,1,202501
MIT-Emerging-Talent/ET6-edXtras,2025-05,control,0,0,0,,0,,0,0,0,0,0,0,0,0,0,0,0,0,0,False,0.0,0.0,0.0,0.0,1.0,Anemll/Anemll; Ody-Z/Trading_Game_Simulator; The-Pocket/PocketFlow; The-Pocket/PocketFlow-Template-Python; ToolUse/infinite-ai-seo; VRSEN/agency-swarm-memory-demo; c4fun/tell-stories-webui; discus0434/nook; ericyuegu/hal; grapeot/web_agentic_ai; ilanbenb/wa_llm; loftwah/auto-jira; lss233/kirara-ai,1,202501
MIT-Emerging-Talent/ET6-edXtras,2025-06,control,0,0,0,,0,,0,0,0,0,0,0,0,0,0,0,0,0,0,False,0.0,0.0,0.0,0.0,1.0,Anemll/Anemll; Ody-Z/Trading_Game_Simulator; The-Pocket/PocketFlow; The-Pocket/PocketFlow-Template-Python; ToolUse/infinite-ai-seo; VRSEN/agency-swarm-memory-demo; c4fun/tell-stories-webui; discus0434/nook; ericyuegu/hal; grapeot/web_agentic_ai; ilanbenb/wa_llm; loftwah/auto-jira; lss233/kirara-ai,1,202501
MIT-Emerging-Talent/ET6-edXtras,2025-07,control,0,0,0,,0,,0,0,0,0,0,0,0,0,0,0,0,0,0,False,0.0,0.0,0.0,0.0,1.0,Anemll/Anemll; Ody-Z/Trading_Game_Simulator; The-Pocket/PocketFlow; The-Pocket/PocketFlow-Template-Python; ToolUse/infinite-ai-seo; VRSEN/agency-swarm-memory-demo; c4fun/tell-stories-webui; discus0434/nook; ericyuegu/hal; grapeot/web_agentic_ai; ilanbenb/wa_llm; loftwah/auto-jira; lss233/kirara-ai,1,202501
MIT-Emerging-Talent/ET6-edXtras,2025-08,control,0,0,0,,0,,0,0,0,0,0,0,0,0,0,0,0,0,0,False,0.0,0.0,0.0,0.0,1.0,Anemll/Anemll; Ody-Z/Trading_Game_Simulator; The-Pocket/PocketFlow; The-Pocket/PocketFlow-Template-Python; ToolUse/infinite-ai-seo; VRSEN/agency-swarm-memory-demo; c4fun/tell-stories-webui; discus0434/nook; ericyuegu/hal; grapeot/web_agentic_ai; ilanbenb/wa_llm; loftwah/auto-jira; lss233/kirara-ai,1,202501
Makopolo/megascan_houdini20.0_USD_plugin,2024-04,control,0,0,0,,0,,0,0,0,0,0,0,0,0,0,0,0,0,0,False,24.0,6951.0,3246.0,1.0,1.0,DannyMac180/mirror,3,202411
Makopolo/megascan_houdini20.0_USD_plugin,2024-05,control,0,0,0,,0,,0,0,0,0,0,0,0,0,0,0,0,0,0,False,0.0,0.0,0.0,0.0,1.0,DannyMac180/mirror,3,202411
Makopolo/megascan_houdini20.0_USD_plugin,2024-06,control,0,0,0,,0,,0,0,0,0,0,0,0,0,0,0,0,0,0,False,5.0,227.0,226.0,1.0,1.0,DannyMac180/mirror,3,202411
Makopolo/megascan_houdini20.0_USD_plugin,2024-07,control,0,0,0,,0,,0,0,0,0,0,0,0,0,0,0,0,0,0,False,2.0,3.0,1.0,1.0,1.0,DannyMac180/mirror,3,202411
Makopolo/megascan_houdini20.0_USD_plugin,2024-08,control,0,0,0,,0,,0,0,0,0,0,0,0,0,0,0,0,0,0,False,0.0,0.0,0.0,0.0,1.0,DannyMac180/mirror,3,202411
Makopolo/megascan_houdini20.0_USD_plugin,2024-09,control,0,0,0,,0,,0,0,0,0,0,0,0,0,0,0,0,0,0,False,0.0,0.0,0.0,0.0,1.0,DannyMac180/mirror,3,202411
Makopolo/megascan_houdini20.0_USD_plugin,2024-10,control,0,0,0,,0,,0,0,0,0,0,0,0,0,0,0,0,0,0,False,0.0,0.0,0.0,0.0,1.0,DannyMac180/mirror,3,202411
Makopolo/megascan_houdini20.0_USD_plugin,2024-11,control,0,0,0,,0,,0,0,0,0,0,0,0,0,0,0,0,0,0,False,0.0,0.0,0.0,0.0,1.0,DannyMac180/mirror,3,202411
Makopolo/megascan_houdini20.0_USD_plugin,2024-12,control,0,0,0,,0,,0,0,0,0,0,0,0,0,0,0,0,0,0,False,0.0,0.0,0.0,0.0,1.0,DannyMac180/mirror,3,202411
Makopolo/megascan_houdini20.0_USD_plugin,2025-01,control,0,0,0,,0,,0,0,0,0,0,0,0,0,0,0,0,0,0,False,0.0,0.0,0.0,0.0,1.0,DannyMac180/mirror,3,202411
Makopolo/megascan_houdini20.0_USD_plugin,2025-02,control,0,0,0,,0,,0,0,0,0,0,0,0,0,0,0,0,0,0,False,0.0,0.0,0.0,0.0,1.0,DannyMac180/mirror,3,202411
Makopolo/megascan_houdini20.0_USD_plugin,2025-03,control,0,0,0,,0,,0,0,0,0,0,0,0,0,0,0,0,0,0,False,0.0,0.0,0.0,0.0,1.0,DannyMac180/mirror,3,202411
Makopolo/megascan_houdini20.0_USD_plugin,2025-04,control,0,0,0,,0,,0,0,0,0,0,0,0,0,0,0,0,0,0,False,0.0,0.0,0.0,0.0,1.0,DannyMac180/mirror,3,202411
Makopolo/megascan_houdini20.0_USD_plugin,2025-05,control,0,0,0,,0,,0,0,0,0,0,0,0,0,0,0,0,0,0,False,0.0,0.0,0.0,0.0,1.0,DannyMac180/mirror,3,202411
Makopolo/megascan_houdini20.0_USD_plugin,2025-06,control,0,0,0,,0,,0,0,0,0,0,0,0,0,0,0,0,0,0,False,0.0,0.0,0.0,0.0,1.0,DannyMac180/mirror,3,202411
Makopolo/megascan_houdini20.0_USD_plugin,2025-07,control,0,0,0,,0,,0,0,0,0,0,0,0,0,0,0,0,0,0,False,0.0,0.0,0.0,0.0,1.0,DannyMac180/mirror,3,202411
Makopolo/megascan_houdini20.0_USD_plugin,2025-08,control,0,0,0,,0,,0,0,0,0,0,0,0,0,0,0,0,0,0,False,0.0,0.0,0.0,0.0,1.0,DannyMac180/mirror,3,202411
MalevichAI/malevich,2024-01,control,0,0,0,,0,,0,0,0,0,0,0,0,0,0,0,0,0,0,False,100.0,27291.0,12327.0,6.0,1.0,ericmjl/llamabot,2,202408
MalevichAI/malevich,2024-02,control,0,0,0,,0,,0,0,0,0,0,0,0,0,0,0,0,0,0,False,50.0,21435.0,7412.0,4.0,1.0,ericmjl/llamabot,2,202408
MalevichAI/malevich,2024-03,control,0,0,0,,0,,0,0,0,0,0,0,0,0,0,0,0,0,0,False,120.0,19771.0,7360.0,4.0,1.0,ericmjl/llamabot,2,202408
MalevichAI/malevich,2024-04,control,0,0,0,,0,,0,0,0,0,0,0,0,0,0,0,0,0,0,False,63.0,9324.0,4376.0,4.0,1.0,ericmjl/llamabot,2,202408
MalevichAI/malevich,2024-05,control,0,0,0,,0,,0,0,0,0,0,0,0,0,0,0,0,0,0,False,11.0,528.0,244.0,2.0,1.0,ericmjl/llamabot,2,202408
MalevichAI/malevich,2024-06,control,0,0,0,,0,,0,0,0,0,0,0,0,0,0,0,0,0,0,False,116.0,9163.0,2932.0,3.0,1.0,ericmjl/llamabot,2,202408
MalevichAI/malevich,2024-07,control,0,0,0,,0,,0,0,0,0,0,0,0,0,0,0,0,0,0,False,43.0,23707.0,10428.0,5.0,1.0,ericmjl/llamabot,2,202408
MalevichAI/malevich,2024-08,control,0,0,0,,0,,0,0,0,0,0,0,0,0,0,0,0,0,0,False,21.0,4076.0,968.0,4.0,1.0,ericmjl/llamabot,2,202408
MalevichAI/malevich,2024-09,control,0,0,0,,0,,0,0,0,0,0,0,0,0,0,0,0,0,0,False,11.0,5676.0,1336.0,3.0,1.0,ericmjl/llamabot,2,202408
MalevichAI/malevich,2024-10,control,0,0,0,,0,,0,0,0,0,0,0,0,0,0,0,0,0,0,False,4.0,4172.0,22.0,1.0,1.0,ericmjl/llamabot,2,202408
MalevichAI/malevich,2024-11,control,0,0,0,,0,,0,0,0,0,0,0,0,0,0,0,0,0,0,False,10.0,12151.0,2574.0,2.0,1.0,ericmjl/llamabot,2,202408
MalevichAI/malevich,2024-12,control,0,0,0,,0,,0,0,0,0,0,0,0,0,0,0,0,0,0,False,0.0,0.0,0.0,0.0,1.0,ericmjl/llamabot,2,202408
MalevichAI/malevich,2025-01,control,0,0,0,,0,,0,0,0,0,0,0,0,0,0,0,0,0,0,False,0.0,0.0,0.0,0.0,1.0,ericmjl/llamabot,2,202408
MalevichAI/malevich,2025-02,control,0,0,0,,0,,0,0,0,0,0,0,0,0,0,0,0,0,0,False,0.0,0.0,0.0,0.0,1.0,ericmjl/llamabot,2,202408
MalevichAI/malevich,2025-03,control,0,0,0,,0,,0,0,0,0,0,0,0,0,0,0,0,0,0,False,0.0,0.0,0.0,0.0,1.0,ericmjl/llamabot,2,202408
MalevichAI/malevich,2025-04,control,0,0,0,,0,,0,0,0,0,0,0,0,0,0,0,0,0,0,False,0.0,0.0,0.0,0.0,1.0,ericmjl/llamabot,2,202408
MalevichAI/malevich,2025-05,control,0,0,0,,0,,0,0,0,0,0,0,0,0,0,0,0,0,0,False,0.0,0.0,0.0,0.0,1.0,ericmjl/llamabot,2,202408
MalevichAI/malevich,2025-06,control,0,0,0,,0,,0,0,0,0,0,0,0,0,0,0,0,0,0,False,0.0,0.0,0.0,0.0,1.0,ericmjl/llamabot,2,202408
MalevichAI/malevich,2025-07,control,0,0,0,,0,,0,0,0,0,0,0,0,0,0,0,0,0,0,False,0.0,0.0,0.0,0.0,1.0,ericmjl/llamabot,2,202408
MalevichAI/malevich,2025-08,control,0,0,0,,0,,0,0,0,0,0,0,0,0,0,0,0,0,0,False,0.0,0.0,0.0,0.0,1.0,ericmjl/llamabot,2,202408
MingSun-Tse/LightAvatar-TensorFlow,2024-09,control,0,0,0,,0,,0,0,0,0,0,0,0,0,0,0,0,0,0,False,9.0,5466.0,5450.0,1.0,1.0,raphaelmansuy/iteration_of_tought,1,202408
MingSun-Tse/LightAvatar-TensorFlow,2024-10,control,0,0,0,,0,,0,0,0,0,0,0,0,0,0,0,0,0,0,False,2.0,1129.0,2.0,1.0,1.0,raphaelmansuy/iteration_of_tought,1,202408
MingSun-Tse/LightAvatar-TensorFlow,2024-11,control,0,0,0,,0,,0,0,0,0,0,0,0,0,0,0,0,0,0,False,1.0,1.0,1.0,1.0,1.0,raphaelmansuy/iteration_of_tought,1,202408
MingSun-Tse/LightAvatar-TensorFlow,2024-12,control,0,0,0,,0,,0,0,0,0,0,0,0,0,0,0,0,0,0,False,0.0,0.0,0.0,0.0,1.0,raphaelmansuy/iteration_of_tought,1,202408
MingSun-Tse/LightAvatar-TensorFlow,2025-01,control,0,0,0,,0,,0,0,0,0,0,0,0,0,0,0,0,0,0,False,0.0,0.0,0.0,0.0,1.0,raphaelmansuy/iteration_of_tought,1,202408
MingSun-Tse/LightAvatar-TensorFlow,2025-02,control,0,0,0,,0,,0,0,0,0,0,0,0,0,0,0,0,0,0,False,0.0,0.0,0.0,0.0,1.0,raphaelmansuy/iteration_of_tought,1,202408
MingSun-Tse/LightAvatar-TensorFlow,2025-03,control,0,0,0,,0,,0,0,0,0,0,0,0,0,0,0,0,0,0,False,0.0,0.0,0.0,0.0,1.0,raphaelmansuy/iteration_of_tought,1,202408
MingSun-Tse/LightAvatar-TensorFlow,2025-04,control,0,0,0,,0,,0,0,0,0,0,0,0,0,0,0,0,0,0,False,0.0,0.0,0.0,0.0,1.0,raphaelmansuy/iteration_of_tought,1,202408
MingSun-Tse/LightAvatar-TensorFlow,2025-05,control,0,0,0,,0,,0,0,0,0,0,0,0,0,0,0,0,0,0,False,0.0,0.0,0.0,0.0,1.0,raphaelmansuy/iteration_of_tought,1,202408
MingSun-Tse/LightAvatar-TensorFlow,2025-06,control,0,0,0,,0,,0,0,0,0,0,0,0,0,0,0,0,0,0,False,0.0,0.0,0.0,0.0,1.0,raphaelmansuy/iteration_of_tought,1,202408
MingSun-Tse/LightAvatar-TensorFlow,2025-07,control,0,0,0,,0,,0,0,0,0,0,0,0,0,0,0,0,0,0,False,0.0,0.0,0.0,0.0,1.0,raphaelmansuy/iteration_of_tought,1,202408
MingSun-Tse/LightAvatar-TensorFlow,2025-08,control,0,0,0,,0,,0,0,0,0,0,0,0,0,0,0,0,0,0,False,0.0,0.0,0.0,0.0,1.0,raphaelmansuy/iteration_of_tought,1,202408
MrTimonM/Arichain-Bot,2025-01,control,0,0,0,,0,,0,0,0,0,0,0,0,0,0,0,0,0,0,False,10.0,341.0,30.0,1.0,1.0,MDGrey33/pyvisionai; Scrapybara/codecapy; WangQrkkk/ThinkingCursor; daojiAnime/vmq-fastapi; gerred/mcp-server-replicate; sbomify/sbomify,2,202412
MrTimonM/Arichain-Bot,2025-02,control,0,0,0,,0,,0,0,0,0,0,0,0,0,0,0,0,0,0,False,0.0,0.0,0.0,0.0,1.0,MDGrey33/pyvisionai; Scrapybara/codecapy; WangQrkkk/ThinkingCursor; daojiAnime/vmq-fastapi; gerred/mcp-server-replicate; sbomify/sbomify,2,202412
MrTimonM/Arichain-Bot,2025-03,control,0,0,0,,0,,0,0,0,0,0,0,0,0,0,0,0,0,0,False,0.0,0.0,0.0,0.0,1.0,MDGrey33/pyvisionai; Scrapybara/codecapy; WangQrkkk/ThinkingCursor; daojiAnime/vmq-fastapi; gerred/mcp-server-replicate; sbomify/sbomify,2,202412
MrTimonM/Arichain-Bot,2025-04,control,0,0,0,,0,,0,0,0,0,0,0,0,0,0,0,0,0,0,False,0.0,0.0,0.0,0.0,1.0,MDGrey33/pyvisionai; Scrapybara/codecapy; WangQrkkk/ThinkingCursor; daojiAnime/vmq-fastapi; gerred/mcp-server-replicate; sbomify/sbomify,2,202412
MrTimonM/Arichain-Bot,2025-05,control,0,0,0,,0,,0,0,0,0,0,0,0,0,0,0,0,0,0,False,0.0,0.0,0.0,0.0,1.0,MDGrey33/pyvisionai; Scrapybara/codecapy; WangQrkkk/ThinkingCursor; daojiAnime/vmq-fastapi; gerred/mcp-server-replicate; sbomify/sbomify,2,202412
MrTimonM/Arichain-Bot,2025-06,control,0,0,0,,0,,0,0,0,0,0,0,0,0,0,0,0,0,0,False,0.0,0.0,0.0,0.0,1.0,MDGrey33/pyvisionai; Scrapybara/codecapy; WangQrkkk/ThinkingCursor; daojiAnime/vmq-fastapi; gerred/mcp-server-replicate; sbomify/sbomify,2,202412
MrTimonM/Arichain-Bot,2025-07,control,0,0,0,,0,,0,0,0,0,0,0,0,0,0,0,0,0,0,False,0.0,0.0,0.0,0.0,1.0,MDGrey33/pyvisionai; Scrapybara/codecapy; WangQrkkk/ThinkingCursor; daojiAnime/vmq-fastapi; gerred/mcp-server-replicate; sbomify/sbomify,2,202412
MrTimonM/Arichain-Bot,2025-08,control,0,0,0,,0,,0,0,0,0,0,0,0,0,0,0,0,0,0,False,0.0,0.0,0.0,0.0,1.0,MDGrey33/pyvisionai; Scrapybara/codecapy; WangQrkkk/ThinkingCursor; daojiAnime/vmq-fastapi; gerred/mcp-server-replicate; sbomify/sbomify,2,202412
NVIDIA/cuEquivariance,2024-11,control,0,0,0,,0,,0,0,0,0,0,0,0,0,0,0,0,0,0,False,4.0,105.0,37.0,2.0,1.0,PostHog/posthog; getsentry/sentry,1,202501
NVIDIA/cuEquivariance,2024-12,control,0,0,0,,0,,0,0,0,0,0,0,0,0,0,0,0,0,0,False,8.0,3217.0,2067.0,2.0,1.0,PostHog/posthog; getsentry/sentry,1,202501
NVIDIA/cuEquivariance,2025-01,control,0,0,0,,0,,0,0,0,0,0,0,0,0,0,0,0,0,0,False,17.0,1818.0,1178.0,2.0,1.0,PostHog/posthog; getsentry/sentry,1,202501
NVIDIA/cuEquivariance,2025-02,control,0,0,0,,0,,0,0,0,0,0,0,0,0,0,0,0,0,0,False,16.0,1780.0,1855.0,1.0,1.0,PostHog/posthog; getsentry/sentry,1,202501
NVIDIA/cuEquivariance,2025-03,control,0,0,0,,0,,0,0,0,0,0,0,0,0,0,0,0,0,0,False,10.0,3870.0,1747.0,2.0,1.0,PostHog/posthog; getsentry/sentry,1,202501
NVIDIA/cuEquivariance,2025-04,control,0,0,0,,0,,0,0,0,0,0,0,0,0,0,0,0,0,0,False,13.0,3087.0,1324.0,2.0,1.0,PostHog/posthog; getsentry/sentry,1,202501
NVIDIA/cuEquivariance,2025-05,control,0,0,0,,0,,0,0,0,0,0,0,0,0,0,0,0,0,0,False,3.0,945.0,32.0,1.0,1.0,PostHog/posthog; getsentry/sentry,1,202501
NVIDIA/cuEquivariance,2025-06,control,0,0,0,,0,,0,0,0,0,0,0,0,0,0,0,0,0,0,False,3.0,372.0,27.0,2.0,1.0,PostHog/posthog; getsentry/sentry,1,202501
NVIDIA/cuEquivariance,2025-07,control,0,0,0,,0,,0,0,0,0,0,0,0,0,0,0,0,0,0,False,14.0,8737.0,1645.0,2.0,1.0,PostHog/posthog; getsentry/sentry,1,202501
NVIDIA/cuEquivariance,2025-08,control,0,0,0,,0,,0,0,0,0,0,0,0,0,0,0,0,0,0,False,13.0,2722.0,1351.0,3.0,1.0,PostHog/posthog; getsentry/sentry,1,202501
NiceRingNode/LGGPT,2025-01,control,0,0,0,,0,,0,0,0,0,0,0,0,0,0,0,0,0,0,False,1.0,0.0,0.0,1.0,1.0,jmurth1234/ClaudePlayer,1,202502
NiceRingNode/LGGPT,2025-02,control,0,0,0,,0,,0,0,0,0,0,0,0,0,0,0,0,0,0,False,8.0,2584.0,21.0,2.0,1.0,jmurth1234/ClaudePlayer,1,202502
NiceRingNode/LGGPT,2025-03,control,0,0,0,,0,,0,0,0,0,0,0,0,0,0,0,0,0,0,False,3.0,9.0,2.0,1.0,1.0,jmurth1234/ClaudePlayer,1,202502
NiceRingNode/LGGPT,2025-04,control,0,0,0,,0,,0,0,0,0,0,0,0,0,0,0,0,0,0,False,0.0,0.0,0.0,0.0,1.0,jmurth1234/ClaudePlayer,1,202502
NiceRingNode/LGGPT,2025-05,control,0,0,0,,0,,0,0,0,0,0,0,0,0,0,0,0,0,0,False,0.0,0.0,0.0,0.0,1.0,jmurth1234/ClaudePlayer,1,202502
NiceRingNode/LGGPT,2025-06,control,0,0,0,,0,,0,0,0,0,0,0,0,0,0,0,0,0,0,False,2.0,17.0,2.0,1.0,1.0,jmurth1234/ClaudePlayer,1,202502
NiceRingNode/LGGPT,2025-07,control,0,0,0,,0,,0,0,0,0,0,0,0,0,0,0,0,0,0,False,0.0,0.0,0.0,0.0,1.0,jmurth1234/ClaudePlayer,1,202502
NiceRingNode/LGGPT,2025-08,control,0,0,0,,0,,0,0,0,0,0,0,0,0,0,0,0,0,0,False,2.0,3.0,2.0,1.0,1.0,jmurth1234/ClaudePlayer,1,202502
OSU-NLP-Group/HippoRAG,2024-05,control,0,0,0,,0,,0,0,0,0,0,0,0,0,0,0,0,0,0,False,15.0,1153.0,1105.0,3.0,1.0,raphaelmansuy/code2prompt,1,202408
OSU-NLP-Group/HippoRAG,2024-06,control,0,0,0,,0,,0,0,0,0,0,0,0,0,0,0,0,0,0,False,48.0,2740.0,1468.0,2.0,1.0,raphaelmansuy/code2prompt,1,202408
OSU-NLP-Group/HippoRAG,2024-07,control,0,0,0,,0,,0,0,0,0,0,0,0,0,0,0,0,0,0,False,20.0,80.0,34.0,5.0,1.0,raphaelmansuy/code2prompt,1,202408
OSU-NLP-Group/HippoRAG,2024-08,control,0,0,0,,0,,0,0,0,0,0,0,0,0,0,0,0,0,0,False,0.0,0.0,0.0,0.0,1.0,raphaelmansuy/code2prompt,1,202408
OSU-NLP-Group/HippoRAG,2024-09,control,0,0,0,,0,,0,0,0,0,0,0,0,0,0,0,0,0,0,False,0.0,0.0,0.0,0.0,1.0,raphaelmansuy/code2prompt,1,202408
OSU-NLP-Group/HippoRAG,2024-10,control,0,0,0,,0,,0,0,0,0,0,0,0,0,0,0,0,0,0,False,0.0,0.0,0.0,0.0,1.0,raphaelmansuy/code2prompt,1,202408
OSU-NLP-Group/HippoRAG,2024-11,control,0,0,0,,0,,0,0,0,0,0,0,0,0,0,0,0,0,0,False,0.0,0.0,0.0,0.0,1.0,raphaelmansuy/code2prompt,1,202408
OSU-NLP-Group/HippoRAG,2024-12,control,0,0,0,,0,,0,0,0,0,0,0,0,0,0,0,0,0,0,False,0.0,0.0,0.0,0.0,1.0,raphaelmansuy/code2prompt,1,202408
OSU-NLP-Group/HippoRAG,2025-01,control,0,0,0,,0,,0,0,0,0,0,0,0,0,0,0,0,0,0,False,1.0,3.0,3.0,1.0,1.0,raphaelmansuy/code2prompt,1,202408
OSU-NLP-Group/HippoRAG,2025-02,control,0,0,0,,0,,0,0,0,0,0,0,0,0,0,0,0,0,0,False,4.0,114931.0,313897.0,4.0,1.0,raphaelmansuy/code2prompt,1,202408
OSU-NLP-Group/HippoRAG,2025-03,control,0,0,0,,0,,0,0,0,0,0,0,0,0,0,0,0,0,0,False,15.0,963.0,101.0,7.0,1.0,raphaelmansuy/code2prompt,1,202408
OSU-NLP-Group/HippoRAG,2025-04,control,0,0,0,,0,,0,0,0,0,0,0,0,0,0,0,0,0,0,False,13.0,3451.0,359.0,5.0,1.0,raphaelmansuy/code2prompt,1,202408
OSU-NLP-Group/HippoRAG,2025-05,control,0,0,0,,0,,0,0,0,0,0,0,0,0,0,0,0,0,0,False,1.0,1.0,1.0,1.0,1.0,raphaelmansuy/code2prompt,1,202408
OSU-NLP-Group/HippoRAG,2025-06,control,0,0,0,,0,,0,0,0,0,0,0,0,0,0,0,0,0,0,False,4.0,555.0,10.0,3.0,1.0,raphaelmansuy/code2prompt,1,202408
OSU-NLP-Group/HippoRAG,2025-07,control,0,0,0,,0,,0,0,0,0,0,0,0,0,0,0,0,0,0,False,1.0,176.0,0.0,1.0,1.0,raphaelmansuy/code2prompt,1,202408
OSU-NLP-Group/HippoRAG,2025-08,control,0,0,0,,0,,0,0,0,0,0,0,0,0,0,0,0,0,0,False,17.0,592.0,153.0,2.0,1.0,raphaelmansuy/code2prompt,1,202408
PennyLaneAI/catalyst,2024-01,control,0,0,0,,0,,0,0,0,0,0,0,0,0,0,0,0,0,0,False,41.0,4559.0,2441.0,12.0,1.0,VRSEN/agency-swarm,1,202409
PennyLaneAI/catalyst,2024-02,control,0,0,0,,0,,0,0,0,0,0,0,0,0,0,0,0,0,0,False,50.0,12282.0,3685.0,11.0,1.0,VRSEN/agency-swarm,1,202409
PennyLaneAI/catalyst,2024-03,control,0,0,0,,0,,0,0,0,0,0,0,0,0,0,0,0,0,0,False,32.0,8011.0,1904.0,8.0,1.0,VRSEN/agency-swarm,1,202409
PennyLaneAI/catalyst,2024-04,control,0,0,0,,0,,0,0,0,0,0,0,0,0,0,0,0,0,0,False,51.0,6796.0,4820.0,12.0,1.0,VRSEN/agency-swarm,1,202409
PennyLaneAI/catalyst,2024-05,control,0,0,0,,0,,0,0,0,0,0,0,0,0,0,0,0,0,0,False,43.0,6133.0,2595.0,10.0,1.0,VRSEN/agency-swarm,1,202409
PennyLaneAI/catalyst,2024-06,control,0,0,0,,0,,0,0,0,0,0,0,0,0,0,0,0,0,0,False,50.0,15200.0,3695.0,15.0,1.0,VRSEN/agency-swarm,1,202409
PennyLaneAI/catalyst,2024-07,control,0,0,0,,0,,0,0,0,0,0,0,0,0,0,0,0,0,0,False,52.0,7318.0,2245.0,15.0,1.0,VRSEN/agency-swarm,1,202409
PennyLaneAI/catalyst,2024-08,control,0,0,0,,0,,0,0,0,0,0,0,0,0,0,0,0,0,0,False,84.0,12218.0,6746.0,17.0,1.0,VRSEN/agency-swarm,1,202409
PennyLaneAI/catalyst,2024-09,control,0,0,0,,0,,0,0,0,0,0,0,0,0,0,0,0,0,0,False,78.0,10408.0,2546.0,15.0,1.0,VRSEN/agency-swarm,1,202409
PennyLaneAI/catalyst,2024-10,control,0,0,0,,0,,0,0,0,0,0,0,0,0,0,0,0,0,0,False,63.0,7716.0,1992.0,12.0,1.0,VRSEN/agency-swarm,1,202409
PennyLaneAI/catalyst,2024-11,control,0,0,0,,0,,0,0,0,0,0,0,0,0,0,0,0,0,0,False,67.0,6427.0,12808.0,15.0,1.0,VRSEN/agency-swarm,1,202409
PennyLaneAI/catalyst,2024-12,control,0,0,0,,0,,0,0,0,0,0,0,0,0,0,0,0,0,0,False,70.0,11050.0,2866.0,11.0,1.0,VRSEN/agency-swarm,1,202409
PennyLaneAI/catalyst,2025-01,control,0,0,0,,0,,0,0,0,0,0,0,0,0,0,0,0,0,0,False,65.0,2950.0,3345.0,14.0,1.0,VRSEN/agency-swarm,1,202409
PennyLaneAI/catalyst,2025-02,control,0,0,0,,0,,0,0,0,0,0,0,0,0,0,0,0,0,0,False,56.0,8530.0,1863.0,10.0,1.0,VRSEN/agency-swarm,1,202409
PennyLaneAI/catalyst,2025-03,control,0,0,0,,0,,0,0,0,0,0,0,0,0,0,0,0,0,0,False,52.0,7481.0,2122.0,12.0,1.0,VRSEN/agency-swarm,1,202409
PennyLaneAI/catalyst,2025-04,control,0,0,0,,0,,0,0,0,0,0,0,0,0,0,0,0,0,0,False,66.0,6365.0,2626.0,15.0,1.0,VRSEN/agency-swarm,1,202409
PennyLaneAI/catalyst,2025-05,control,0,0,0,,0,,0,0,0,0,0,0,0,0,0,0,0,0,0,False,72.0,8670.0,4002.0,12.0,1.0,VRSEN/agency-swarm,1,202409
PennyLaneAI/catalyst,2025-06,control,0,0,0,,0,,0,0,0,0,0,0,0,0,0,0,0,0,0,False,54.0,7297.0,1574.0,9.0,1.0,VRSEN/agency-swarm,1,202409
PennyLaneAI/catalyst,2025-07,control,0,0,0,,0,,0,0,0,0,0,0,0,0,0,0,0,0,0,False,83.0,6825.0,2792.0,14.0,1.0,VRSEN/agency-swarm,1,202409
PennyLaneAI/catalyst,2025-08,control,0,0,0,,0,,0,0,0,0,0,0,0,0,0,0,0,0,0,False,60.0,9744.0,2156.0,17.0,1.0,VRSEN/agency-swarm,1,202409
PhilNad/robot-arm-kinematic-calibration,2024-07,control,0,0,0,,0,,0,0,0,0,0,0,0,0,0,0,0,0,0,False,5.0,1273.0,351.0,2.0,1.0,1mrat/cursor-taskrunner,1,202407
PhilNad/robot-arm-kinematic-calibration,2024-08,control,0,0,0,,0,,0,0,0,0,0,0,0,0,0,0,0,0,0,False,2.0,169.0,94.0,1.0,1.0,1mrat/cursor-taskrunner,1,202407
PhilNad/robot-arm-kinematic-calibration,2024-09,control,0,0,0,,0,,0,0,0,0,0,0,0,0,0,0,0,0,0,False,0.0,0.0,0.0,0.0,1.0,1mrat/cursor-taskrunner,1,202407
PhilNad/robot-arm-kinematic-calibration,2024-10,control,0,0,0,,0,,0,0,0,0,0,0,0,0,0,0,0,0,0,False,0.0,0.0,0.0,0.0,1.0,1mrat/cursor-taskrunner,1,202407
PhilNad/robot-arm-kinematic-calibration,2024-11,control,0,0,0,,0,,0,0,0,0,0,0,0,0,0,0,0,0,0,False,0.0,0.0,0.0,0.0,1.0,1mrat/cursor-taskrunner,1,202407
PhilNad/robot-arm-kinematic-calibration,2024-12,control,0,0,0,,0,,0,0,0,0,0,0,0,0,0,0,0,0,0,False,0.0,0.0,0.0,0.0,1.0,1mrat/cursor-taskrunner,1,202407
PhilNad/robot-arm-kinematic-calibration,2025-01,control,0,0,0,,0,,0,0,0,0,0,0,0,0,0,0,0,0,0,False,1.0,10.0,8.0,1.0,1.0,1mrat/cursor-taskrunner,1,202407
PhilNad/robot-arm-kinematic-calibration,2025-02,control,0,0,0,,0,,0,0,0,0,0,0,0,0,0,0,0,0,0,False,0.0,0.0,0.0,0.0,1.0,1mrat/cursor-taskrunner,1,202407
PhilNad/robot-arm-kinematic-calibration,2025-03,control,0,0,0,,0,,0,0,0,0,0,0,0,0,0,0,0,0,0,False,4.0,1454.0,874.0,1.0,1.0,1mrat/cursor-taskrunner,1,202407
PhilNad/robot-arm-kinematic-calibration,2025-04,control,0,0,0,,0,,0,0,0,0,0,0,0,0,0,0,0,0,0,False,0.0,0.0,0.0,0.0,1.0,1mrat/cursor-taskrunner,1,202407
PhilNad/robot-arm-kinematic-calibration,2025-05,control,0,0,0,,0,,0,0,0,0,0,0,0,0,0,0,0,0,0,False,0.0,0.0,0.0,0.0,1.0,1mrat/cursor-taskrunner,1,202407
PhilNad/robot-arm-kinematic-calibration,2025-06,control,0,0,0,,0,,0,0,0,0,0,0,0,0,0,0,0,0,0,False,0.0,0.0,0.0,0.0,1.0,1mrat/cursor-taskrunner,1,202407
PhilNad/robot-arm-kinematic-calibration,2025-07,control,0,0,0,,0,,0,0,0,0,0,0,0,0,0,0,0,0,0,False,0.0,0.0,0.0,0.0,1.0,1mrat/cursor-taskrunner,1,202407
PhilNad/robot-arm-kinematic-calibration,2025-08,control,0,0,0,,0,,0,0,0,0,0,0,0,0,0,0,0,0,0,False,0.0,0.0,0.0,0.0,1.0,1mrat/cursor-taskrunner,1,202407
PiotrMachowski/Home-Assistant-custom-components-TGE,2024-08,control,0,0,0,,0,,0,0,0,0,0,0,0,0,0,0,0,0,0,False,3.0,334.0,165.0,1.0,1.0,ResearchHub/researchhub-backend,3,202502
PiotrMachowski/Home-Assistant-custom-components-TGE,2024-09,control,0,0,0,,0,,0,0,0,0,0,0,0,0,0,0,0,0,0,False,0.0,0.0,0.0,0.0,1.0,ResearchHub/researchhub-backend,3,202502
PiotrMachowski/Home-Assistant-custom-components-TGE,2024-10,control,0,0,0,,0,,0,0,0,0,0,0,0,0,0,0,0,0,0,False,2.0,245.0,45.0,2.0,1.0,ResearchHub/researchhub-backend,3,202502
PiotrMachowski/Home-Assistant-custom-components-TGE,2024-11,control,0,0,0,,0,,0,0,0,0,0,0,0,0,0,0,0,0,0,False,3.0,69.0,9.0,2.0,1.0,ResearchHub/researchhub-backend,3,202502
PiotrMachowski/Home-Assistant-custom-components-TGE,2024-12,control,0,0,0,,0,,0,0,0,0,0,0,0,0,0,0,0,0,0,False,2.0,27.0,14.0,1.0,1.0,ResearchHub/researchhub-backend,3,202502
PiotrMachowski/Home-Assistant-custom-components-TGE,2025-01,control,0,0,0,,0,,0,0,0,0,0,0,0,0,0,0,0,0,0,False,3.0,36.0,19.0,1.0,1.0,ResearchHub/researchhub-backend,3,202502
PiotrMachowski/Home-Assistant-custom-components-TGE,2025-02,control,0,0,0,,0,,0,0,0,0,0,0,0,0,0,0,0,0,0,False,0.0,0.0,0.0,0.0,1.0,ResearchHub/researchhub-backend,3,202502
PiotrMachowski/Home-Assistant-custom-components-TGE,2025-03,control,0,0,0,,0,,0,0,0,0,0,0,0,0,0,0,0,0,0,False,0.0,0.0,0.0,0.0,1.0,ResearchHub/researchhub-backend,3,202502
PiotrMachowski/Home-Assistant-custom-components-TGE,2025-04,control,0,0,0,,0,,0,0,0,0,0,0,0,0,0,0,0,0,0,False,3.0,6.0,10.0,2.0,1.0,ResearchHub/researchhub-backend,3,202502
PiotrMachowski/Home-Assistant-custom-components-TGE,2025-05,control,0,0,0,,0,,0,0,0,0,0,0,0,0,0,0,0,0,0,False,0.0,0.0,0.0,0.0,1.0,ResearchHub/researchhub-backend,3,202502
PiotrMachowski/Home-Assistant-custom-components-TGE,2025-06,control,0,0,0,,0,,0,0,0,0,0,0,0,0,0,0,0,0,0,False,0.0,0.0,0.0,0.0,1.0,ResearchHub/researchhub-backend,3,202502
PiotrMachowski/Home-Assistant-custom-components-TGE,2025-07,control,0,0,0,,0,,0,0,0,0,0,0,0,0,0,0,0,0,0,False,0.0,0.0,0.0,0.0,1.0,ResearchHub/researchhub-backend,3,202502
PiotrMachowski/Home-Assistant-custom-components-TGE,2025-08,control,0,0,0,,0,,0,0,0,0,0,0,0,0,0,0,0,0,0,False,2.0,15.0,4.0,1.0,1.0,ResearchHub/researchhub-backend,3,202502
PromtEngineer/localGPT,2024-01,control,0,0,0,,0,,0,0,0,0,0,0,0,0,0,0,0,0,0,False,9.0,231.0,107.0,6.0,1.0,Kiln-AI/Kiln; martinnormark/neural-mesh-simplification,1,202412
PromtEngineer/localGPT,2024-02,control,0,0,0,,0,,0,0,0,0,0,0,0,0,0,0,0,0,0,False,13.0,469.0,328.0,5.0,1.0,Kiln-AI/Kiln; martinnormark/neural-mesh-simplification,1,202412
PromtEngineer/localGPT,2024-03,control,0,0,0,,0,,0,0,0,0,0,0,0,0,0,0,0,0,0,False,0.0,0.0,0.0,0.0,1.0,Kiln-AI/Kiln; martinnormark/neural-mesh-simplification,1,202412
PromtEngineer/localGPT,2024-04,control,0,0,0,,0,,0,0,0,0,0,0,0,0,0,0,0,0,0,False,0.0,0.0,0.0,0.0,1.0,Kiln-AI/Kiln; martinnormark/neural-mesh-simplification,1,202412
PromtEngineer/localGPT,2024-05,control,0,0,0,,0,,0,0,0,0,0,0,0,0,0,0,0,0,0,False,4.0,121.0,24.0,2.0,1.0,Kiln-AI/Kiln; martinnormark/neural-mesh-simplification,1,202412
PromtEngineer/localGPT,2024-06,control,0,0,0,,0,,0,0,0,0,0,0,0,0,0,0,0,0,0,False,0.0,0.0,0.0,0.0,1.0,Kiln-AI/Kiln; martinnormark/neural-mesh-simplification,1,202412
PromtEngineer/localGPT,2024-07,control,0,0,0,,0,,0,0,0,0,0,0,0,0,0,0,0,0,0,False,0.0,0.0,0.0,0.0,1.0,Kiln-AI/Kiln; martinnormark/neural-mesh-simplification,1,202412
PromtEngineer/localGPT,2024-08,control,0,0,0,,0,,0,0,0,0,0,0,0,0,0,0,0,0,0,False,1.0,1.0,0.0,1.0,1.0,Kiln-AI/Kiln; martinnormark/neural-mesh-simplification,1,202412
PromtEngineer/localGPT,2024-09,control,0,0,0,,0,,0,0,0,0,0,0,0,0,0,0,0,0,0,False,1.0,1.0,0.0,1.0,1.0,Kiln-AI/Kiln; martinnormark/neural-mesh-simplification,1,202412
PromtEngineer/localGPT,2024-10,control,0,0,0,,0,,0,0,0,0,0,0,0,0,0,0,0,0,0,False,20.0,1250.0,747.0,4.0,1.0,Kiln-AI/Kiln; martinnormark/neural-mesh-simplification,1,202412
PromtEngineer/localGPT,2024-11,control,0,0,0,,0,,0,0,0,0,0,0,0,0,0,0,0,0,0,False,2.0,4.0,1.0,1.0,1.0,Kiln-AI/Kiln; martinnormark/neural-mesh-simplification,1,202412
PromtEngineer/localGPT,2024-12,control,0,0,0,,0,,0,0,0,0,0,0,0,0,0,0,0,0,0,False,0.0,0.0,0.0,0.0,1.0,Kiln-AI/Kiln; martinnormark/neural-mesh-simplification,1,202412
PromtEngineer/localGPT,2025-01,control,0,0,0,,0,,0,0,0,0,0,0,0,0,0,0,0,0,0,False,0.0,0.0,0.0,0.0,1.0,Kiln-AI/Kiln; martinnormark/neural-mesh-simplification,1,202412
PromtEngineer/localGPT,2025-02,control,0,0,0,,0,,0,0,0,0,0,0,0,0,0,0,0,0,0,False,1.0,1.0,1.0,1.0,1.0,Kiln-AI/Kiln; martinnormark/neural-mesh-simplification,1,202412
PromtEngineer/localGPT,2025-03,control,0,0,0,,0,,0,0,0,0,0,0,0,0,0,0,0,0,0,False,1.0,1.0,1.0,1.0,1.0,Kiln-AI/Kiln; martinnormark/neural-mesh-simplification,1,202412
PromtEngineer/localGPT,2025-04,control,0,0,0,,0,,0,0,0,0,0,0,0,0,0,0,0,0,0,False,0.0,0.0,0.0,0.0,1.0,Kiln-AI/Kiln; martinnormark/neural-mesh-simplification,1,202412
PromtEngineer/localGPT,2025-05,control,0,0,0,,0,,0,0,0,0,0,0,0,0,0,0,0,0,0,False,0.0,0.0,0.0,0.0,1.0,Kiln-AI/Kiln; martinnormark/neural-mesh-simplification,1,202412
PromtEngineer/localGPT,2025-06,control,0,0,0,,0,,0,0,0,0,0,0,0,0,0,0,0,0,0,False,0.0,0.0,0.0,0.0,1.0,Kiln-AI/Kiln; martinnormark/neural-mesh-simplification,1,202412
PromtEngineer/localGPT,2025-07,control,0,0,0,,0,,0,0,0,0,0,0,0,0,0,0,0,0,0,False,37.0,66568.0,247930.0,2.0,1.0,Kiln-AI/Kiln; martinnormark/neural-mesh-simplification,1,202412
PromtEngineer/localGPT,2025-08,control,0,0,0,,0,,0,0,0,0,0,0,0,0,0,0,0,0,0,False,0.0,0.0,0.0,0.0,1.0,Kiln-AI/Kiln; martinnormark/neural-mesh-simplification,1,202412
R0uter/ss.conf-for-surge,2024-01,control,0,0,0,,0,,0,0,0,0,0,0,0,0,0,0,0,0,0,False,0.0,0.0,0.0,0.0,1.0,tony/django-docutils; wdm0006/git-pandas,3,202502
R0uter/ss.conf-for-surge,2024-02,control,0,0,0,,0,,0,0,0,0,0,0,0,0,0,0,0,0,0,False,0.0,0.0,0.0,0.0,1.0,tony/django-docutils; wdm0006/git-pandas,3,202502
R0uter/ss.conf-for-surge,2024-03,control,0,0,0,,0,,0,0,0,0,0,0,0,0,0,0,0,0,0,False,0.0,0.0,0.0,0.0,1.0,tony/django-docutils; wdm0006/git-pandas,3,202502
R0uter/ss.conf-for-surge,2024-04,control,0,0,0,,0,,0,0,0,0,0,0,0,0,0,0,0,0,0,False,0.0,0.0,0.0,0.0,1.0,tony/django-docutils; wdm0006/git-pandas,3,202502
R0uter/ss.conf-for-surge,2024-05,control,0,0,0,,0,,0,0,0,0,0,0,0,0,0,0,0,0,0,False,0.0,0.0,0.0,0.0,1.0,tony/django-docutils; wdm0006/git-pandas,3,202502
R0uter/ss.conf-for-surge,2024-06,control,0,0,0,,0,,0,0,0,0,0,0,0,0,0,0,0,0,0,False,0.0,0.0,0.0,0.0,1.0,tony/django-docutils; wdm0006/git-pandas,3,202502
R0uter/ss.conf-for-surge,2024-07,control,0,0,0,,0,,0,0,0,0,0,0,0,0,0,0,0,0,0,False,5.0,260.0,52.0,3.0,1.0,tony/django-docutils; wdm0006/git-pandas,3,202502
R0uter/ss.conf-for-surge,2024-08,control,0,0,0,,0,,0,0,0,0,0,0,0,0,0,0,0,0,0,False,0.0,0.0,0.0,0.0,1.0,tony/django-docutils; wdm0006/git-pandas,3,202502
R0uter/ss.conf-for-surge,2024-09,control,0,0,0,,0,,0,0,0,0,0,0,0,0,0,0,0,0,0,False,0.0,0.0,0.0,0.0,1.0,tony/django-docutils; wdm0006/git-pandas,3,202502
R0uter/ss.conf-for-surge,2024-10,control,0,0,0,,0,,0,0,0,0,0,0,0,0,0,0,0,0,0,False,0.0,0.0,0.0,0.0,1.0,tony/django-docutils; wdm0006/git-pandas,3,202502
R0uter/ss.conf-for-surge,2024-11,control,0,0,0,,0,,0,0,0,0,0,0,0,0,0,0,0,0,0,False,0.0,0.0,0.0,0.0,1.0,tony/django-docutils; wdm0006/git-pandas,3,202502
R0uter/ss.conf-for-surge,2024-12,control,0,0,0,,0,,0,0,0,0,0,0,0,0,0,0,0,0,0,False,0.0,0.0,0.0,0.0,1.0,tony/django-docutils; wdm0006/git-pandas,3,202502
R0uter/ss.conf-for-surge,2025-01,control,0,0,0,,0,,0,0,0,0,0,0,0,0,0,0,0,0,0,False,0.0,0.0,0.0,0.0,1.0,tony/django-docutils; wdm0006/git-pandas,3,202502
R0uter/ss.conf-for-surge,2025-02,control,0,0,0,,0,,0,0,0,0,0,0,0,0,0,0,0,0,0,False,0.0,0.0,0.0,0.0,1.0,tony/django-docutils; wdm0006/git-pandas,3,202502
R0uter/ss.conf-for-surge,2025-03,control,0,0,0,,0,,0,0,0,0,0,0,0,0,0,0,0,0,0,False,0.0,0.0,0.0,0.0,1.0,tony/django-docutils; wdm0006/git-pandas,3,202502
R0uter/ss.conf-for-surge,2025-04,control,0,0,0,,0,,0,0,0,0,0,0,0,0,0,0,0,0,0,False,0.0,0.0,0.0,0.0,1.0,tony/django-docutils; wdm0006/git-pandas,3,202502
R0uter/ss.conf-for-surge,2025-05,control,0,0,0,,0,,0,0,0,0,0,0,0,0,0,0,0,0,0,False,0.0,0.0,0.0,0.0,1.0,tony/django-docutils; wdm0006/git-pandas,3,202502
R0uter/ss.conf-for-surge,2025-06,control,0,0,0,,0,,0,0,0,0,0,0,0,0,0,0,0,0,0,False,0.0,0.0,0.0,0.0,1.0,tony/django-docutils; wdm0006/git-pandas,3,202502
R0uter/ss.conf-for-surge,2025-07,control,0,0,0,,0,,0,0,0,0,0,0,0,0,0,0,0,0,0,False,0.0,0.0,0.0,0.0,1.0,tony/django-docutils; wdm0006/git-pandas,3,202502
R0uter/ss.conf-for-surge,2025-08,control,0,0,0,,0,,0,0,0,0,0,0,0,0,0,0,0,0,0,False,0.0,0.0,0.0,0.0,1.0,tony/django-docutils; wdm0006/git-pandas,3,202502
Retmon403/cs2_cheats_for_python,2024-01,control,0,0,0,,0,,0,0,0,0,0,0,0,0,0,0,0,0,0,False,0.0,0.0,0.0,0.0,1.0,Chocksy/qc-options-framework,2,202502
Retmon403/cs2_cheats_for_python,2024-02,control,0,0,0,,0,,0,0,0,0,0,0,0,0,0,0,0,0,0,False,45.0,19335.0,19329.0,1.0,1.0,Chocksy/qc-options-framework,2,202502
Retmon403/cs2_cheats_for_python,2024-03,control,0,0,0,,0,,0,0,0,0,0,0,0,0,0,0,0,0,0,False,1.0,20.0,16.0,1.0,1.0,Chocksy/qc-options-framework,2,202502
Retmon403/cs2_cheats_for_python,2024-04,control,0,0,0,,0,,0,0,0,0,0,0,0,0,0,0,0,0,0,False,0.0,0.0,0.0,0.0,1.0,Chocksy/qc-options-framework,2,202502
Retmon403/cs2_cheats_for_python,2024-05,control,0,0,0,,0,,0,0,0,0,0,0,0,0,0,0,0,0,0,False,0.0,0.0,0.0,0.0,1.0,Chocksy/qc-options-framework,2,202502
Retmon403/cs2_cheats_for_python,2024-06,control,0,0,0,,0,,0,0,0,0,0,0,0,0,0,0,0,0,0,False,0.0,0.0,0.0,0.0,1.0,Chocksy/qc-options-framework,2,202502
Retmon403/cs2_cheats_for_python,2024-07,control,0,0,0,,0,,0,0,0,0,0,0,0,0,0,0,0,0,0,False,0.0,0.0,0.0,0.0,1.0,Chocksy/qc-options-framework,2,202502
Retmon403/cs2_cheats_for_python,2024-08,control,0,0,0,,0,,0,0,0,0,0,0,0,0,0,0,0,0,0,False,14.0,15570.0,5037.0,1.0,1.0,Chocksy/qc-options-framework,2,202502
Retmon403/cs2_cheats_for_python,2024-09,control,0,0,0,,0,,0,0,0,0,0,0,0,0,0,0,0,0,0,False,0.0,0.0,0.0,0.0,1.0,Chocksy/qc-options-framework,2,202502
Retmon403/cs2_cheats_for_python,2024-10,control,0,0,0,,0,,0,0,0,0,0,0,0,0,0,0,0,0,0,False,0.0,0.0,0.0,0.0,1.0,Chocksy/qc-options-framework,2,202502
Retmon403/cs2_cheats_for_python,2024-11,control,0,0,0,,0,,0,0,0,0,0,0,0,0,0,0,0,0,0,False,0.0,0.0,0.0,0.0,1.0,Chocksy/qc-options-framework,2,202502
Retmon403/cs2_cheats_for_python,2024-12,control,0,0,0,,0,,0,0,0,0,0,0,0,0,0,0,0,0,0,False,0.0,0.0,0.0,0.0,1.0,Chocksy/qc-options-framework,2,202502
Retmon403/cs2_cheats_for_python,2025-01,control,0,0,0,,0,,0,0,0,0,0,0,0,0,0,0,0,0,0,False,0.0,0.0,0.0,0.0,1.0,Chocksy/qc-options-framework,2,202502
Retmon403/cs2_cheats_for_python,2025-02,control,0,0,0,,0,,0,0,0,0,0,0,0,0,0,0,0,0,0,False,0.0,0.0,0.0,0.0,1.0,Chocksy/qc-options-framework,2,202502
Retmon403/cs2_cheats_for_python,2025-03,control,0,0,0,,0,,0,0,0,0,0,0,0,0,0,0,0,0,0,False,1.0,3.0,8.0,1.0,1.0,Chocksy/qc-options-framework,2,202502
Retmon403/cs2_cheats_for_python,2025-04,control,0,0,0,,0,,0,0,0,0,0,0,0,0,0,0,0,0,0,False,0.0,0.0,0.0,0.0,1.0,Chocksy/qc-options-framework,2,202502
Retmon403/cs2_cheats_for_python,2025-05,control,0,0,0,,0,,0,0,0,0,0,0,0,0,0,0,0,0,0,False,0.0,0.0,0.0,0.0,1.0,Chocksy/qc-options-framework,2,202502
Retmon403/cs2_cheats_for_python,2025-06,control,0,0,0,,0,,0,0,0,0,0,0,0,0,0,0,0,0,0,False,0.0,0.0,0.0,0.0,1.0,Chocksy/qc-options-framework,2,202502
Retmon403/cs2_cheats_for_python,2025-07,control,0,0,0,,0,,0,0,0,0,0,0,0,0,0,0,0,0,0,False,0.0,0.0,0.0,0.0,1.0,Chocksy/qc-options-framework,2,202502
Retmon403/cs2_cheats_for_python,2025-08,control,0,0,0,,0,,0,0,0,0,0,0,0,0,0,0,0,0,0,False,0.0,0.0,0.0,0.0,1.0,Chocksy/qc-options-framework,2,202502
RobinWu218/ToST,2024-12,control,0,0,0,,0,,0,0,0,0,0,0,0,0,0,0,0,0,0,False,2.0,2.0,0.0,1.0,1.0,OpenMOSS/Language-Model-SAEs; SlyyCooper/cursorrules-architect,2,202411
RobinWu218/ToST,2025-01,control,0,0,0,,0,,0,0,0,0,0,0,0,0,0,0,0,0,0,False,1.0,4.0,0.0,1.0,1.0,OpenMOSS/Language-Model-SAEs; SlyyCooper/cursorrules-architect,2,202411
RobinWu218/ToST,2025-02,control,0,0,0,,0,,0,0,0,0,0,0,0,0,0,0,0,0,0,False,2.0,5472.0,5.0,1.0,1.0,OpenMOSS/Language-Model-SAEs; SlyyCooper/cursorrules-architect,2,202411
RobinWu218/ToST,2025-03,control,0,0,0,,0,,0,0,0,0,0,0,0,0,0,0,0,0,0,False,0.0,0.0,0.0,0.0,1.0,OpenMOSS/Language-Model-SAEs; SlyyCooper/cursorrules-architect,2,202411
RobinWu218/ToST,2025-04,control,0,0,0,,0,,0,0,0,0,0,0,0,0,0,0,0,0,0,False,0.0,0.0,0.0,0.0,1.0,OpenMOSS/Language-Model-SAEs; SlyyCooper/cursorrules-architect,2,202411
RobinWu218/ToST,2025-05,control,0,0,0,,0,,0,0,0,0,0,0,0,0,0,0,0,0,0,False,0.0,0.0,0.0,0.0,1.0,OpenMOSS/Language-Model-SAEs; SlyyCooper/cursorrules-architect,2,202411
RobinWu218/ToST,2025-06,control,0,0,0,,0,,0,0,0,0,0,0,0,0,0,0,0,0,0,False,0.0,0.0,0.0,0.0,1.0,OpenMOSS/Language-Model-SAEs; SlyyCooper/cursorrules-architect,2,202411
RobinWu218/ToST,2025-07,control,0,0,0,,0,,0,0,0,0,0,0,0,0,0,0,0,0,0,False,0.0,0.0,0.0,0.0,1.0,OpenMOSS/Language-Model-SAEs; SlyyCooper/cursorrules-architect,2,202411
RobinWu218/ToST,2025-08,control,0,0,0,,0,,0,0,0,0,0,0,0,0,0,0,0,0,0,False,0.0,0.0,0.0,0.0,1.0,OpenMOSS/Language-Model-SAEs; SlyyCooper/cursorrules-architect,2,202411
SEU-ProactiveSecurity-Group/LLM-PD,2024-12,control,0,0,0,,0,,0,0,0,0,0,0,0,0,0,0,0,0,0,False,2.0,13.0,0.0,1.0,1.0,smartian1/tgtrader,2,202412
SEU-ProactiveSecurity-Group/LLM-PD,2025-01,control,0,0,0,,0,,0,0,0,0,0,0,0,0,0,0,0,0,0,False,1.0,1710.0,0.0,1.0,1.0,smartian1/tgtrader,2,202412
SEU-ProactiveSecurity-Group/LLM-PD,2025-02,control,0,0,0,,0,,0,0,0,0,0,0,0,0,0,0,0,0,0,False,0.0,0.0,0.0,0.0,1.0,smartian1/tgtrader,2,202412
SEU-ProactiveSecurity-Group/LLM-PD,2025-03,control,0,0,0,,0,,0,0,0,0,0,0,0,0,0,0,0,0,0,False,0.0,0.0,0.0,0.0,1.0,smartian1/tgtrader,2,202412
SEU-ProactiveSecurity-Group/LLM-PD,2025-04,control,0,0,0,,0,,0,0,0,0,0,0,0,0,0,0,0,0,0,False,1.0,11.0,0.0,1.0,1.0,smartian1/tgtrader,2,202412
SEU-ProactiveSecurity-Group/LLM-PD,2025-05,control,0,0,0,,0,,0,0,0,0,0,0,0,0,0,0,0,0,0,False,0.0,0.0,0.0,0.0,1.0,smartian1/tgtrader,2,202412
SEU-ProactiveSecurity-Group/LLM-PD,2025-06,control,0,0,0,,0,,0,0,0,0,0,0,0,0,0,0,0,0,0,False,0.0,0.0,0.0,0.0,1.0,smartian1/tgtrader,2,202412
SEU-ProactiveSecurity-Group/LLM-PD,2025-07,control,0,0,0,,0,,0,0,0,0,0,0,0,0,0,0,0,0,0,False,0.0,0.0,0.0,0.0,1.0,smartian1/tgtrader,2,202412
SEU-ProactiveSecurity-Group/LLM-PD,2025-08,control,0,0,0,,0,,0,0,0,0,0,0,0,0,0,0,0,0,0,False,0.0,0.0,0.0,0.0,1.0,smartian1/tgtrader,2,202412
Scholar01/sd-webui-bg-mask,2024-01,control,0,0,0,,0,,0,0,0,0,0,0,0,0,0,0,0,0,0,False,0.0,0.0,0.0,0.0,1.0,vietanhdev/anylabeling,2,202502
Scholar01/sd-webui-bg-mask,2024-02,control,0,0,0,,0,,0,0,0,0,0,0,0,0,0,0,0,0,0,False,0.0,0.0,0.0,0.0,1.0,vietanhdev/anylabeling,2,202502
Scholar01/sd-webui-bg-mask,2024-03,control,0,0,0,,0,,0,0,0,0,0,0,0,0,0,0,0,0,0,False,0.0,0.0,0.0,0.0,1.0,vietanhdev/anylabeling,2,202502
Scholar01/sd-webui-bg-mask,2024-04,control,0,0,0,,0,,0,0,0,0,0,0,0,0,0,0,0,0,0,False,0.0,0.0,0.0,0.0,1.0,vietanhdev/anylabeling,2,202502
Scholar01/sd-webui-bg-mask,2024-05,control,0,0,0,,0,,0,0,0,0,0,0,0,0,0,0,0,0,0,False,0.0,0.0,0.0,0.0,1.0,vietanhdev/anylabeling,2,202502
Scholar01/sd-webui-bg-mask,2024-06,control,0,0,0,,0,,0,0,0,0,0,0,0,0,0,0,0,0,0,False,0.0,0.0,0.0,0.0,1.0,vietanhdev/anylabeling,2,202502
Scholar01/sd-webui-bg-mask,2024-07,control,0,0,0,,0,,0,0,0,0,0,0,0,0,0,0,0,0,0,False,0.0,0.0,0.0,0.0,1.0,vietanhdev/anylabeling,2,202502
Scholar01/sd-webui-bg-mask,2024-08,control,0,0,0,,0,,0,0,0,0,0,0,0,0,0,0,0,0,0,False,0.0,0.0,0.0,0.0,1.0,vietanhdev/anylabeling,2,202502
Scholar01/sd-webui-bg-mask,2024-09,control,0,0,0,,0,,0,0,0,0,0,0,0,0,0,0,0,0,0,False,0.0,0.0,0.0,0.0,1.0,vietanhdev/anylabeling,2,202502
Scholar01/sd-webui-bg-mask,2024-10,control,0,0,0,,0,,0,0,0,0,0,0,0,0,0,0,0,0,0,False,0.0,0.0,0.0,0.0,1.0,vietanhdev/anylabeling,2,202502
Scholar01/sd-webui-bg-mask,2024-11,control,0,0,0,,0,,0,0,0,0,0,0,0,0,0,0,0,0,0,False,0.0,0.0,0.0,0.0,1.0,vietanhdev/anylabeling,2,202502
Scholar01/sd-webui-bg-mask,2024-12,control,0,0,0,,0,,0,0,0,0,0,0,0,0,0,0,0,0,0,False,0.0,0.0,0.0,0.0,1.0,vietanhdev/anylabeling,2,202502
Scholar01/sd-webui-bg-mask,2025-01,control,0,0,0,,0,,0,0,0,0,0,0,0,0,0,0,0,0,0,False,0.0,0.0,0.0,0.0,1.0,vietanhdev/anylabeling,2,202502
Scholar01/sd-webui-bg-mask,2025-02,control,0,0,0,,0,,0,0,0,0,0,0,0,0,0,0,0,0,0,False,0.0,0.0,0.0,0.0,1.0,vietanhdev/anylabeling,2,202502
Scholar01/sd-webui-bg-mask,2025-03,control,0,0,0,,0,,0,0,0,0,0,0,0,0,0,0,0,0,0,False,0.0,0.0,0.0,0.0,1.0,vietanhdev/anylabeling,2,202502
Scholar01/sd-webui-bg-mask,2025-04,control,0,0,0,,0,,0,0,0,0,0,0,0,0,0,0,0,0,0,False,0.0,0.0,0.0,0.0,1.0,vietanhdev/anylabeling,2,202502
Scholar01/sd-webui-bg-mask,2025-05,control,0,0,0,,0,,0,0,0,0,0,0,0,0,0,0,0,0,0,False,0.0,0.0,0.0,0.0,1.0,vietanhdev/anylabeling,2,202502
Scholar01/sd-webui-bg-mask,2025-06,control,0,0,0,,0,,0,0,0,0,0,0,0,0,0,0,0,0,0,False,0.0,0.0,0.0,0.0,1.0,vietanhdev/anylabeling,2,202502
Scholar01/sd-webui-bg-mask,2025-07,control,0,0,0,,0,,0,0,0,0,0,0,0,0,0,0,0,0,0,False,0.0,0.0,0.0,0.0,1.0,vietanhdev/anylabeling,2,202502
Scholar01/sd-webui-bg-mask,2025-08,control,0,0,0,,0,,0,0,0,0,0,0,0,0,0,0,0,0,0,False,0.0,0.0,0.0,0.0,1.0,vietanhdev/anylabeling,2,202502
Simatwa/free-proxies,2024-05,control,0,0,0,,0,,0,0,0,0,0,0,0,0,0,0,0,0,0,False,1121.0,1311528.0,1309357.0,3.0,1.0,allthingslinux/tux,3,202501
Simatwa/free-proxies,2024-06,control,0,0,0,,0,,0,0,0,0,0,0,0,0,0,0,0,0,0,False,1353.0,1398276.0,1398760.0,1.0,1.0,allthingslinux/tux,3,202501
Simatwa/free-proxies,2024-07,control,0,0,0,,0,,0,0,0,0,0,0,0,0,0,0,0,0,0,False,1390.0,1667851.0,1667336.0,1.0,1.0,allthingslinux/tux,3,202501
Simatwa/free-proxies,2024-08,control,0,0,0,,0,,0,0,0,0,0,0,0,0,0,0,0,0,0,False,1393.0,1761852.0,1761070.0,1.0,1.0,allthingslinux/tux,3,202501
Simatwa/free-proxies,2024-09,control,0,0,0,,0,,0,0,0,0,0,0,0,0,0,0,0,0,0,False,1325.0,1595037.0,1595857.0,1.0,1.0,allthingslinux/tux,3,202501
Simatwa/free-proxies,2024-10,control,0,0,0,,0,,0,0,0,0,0,0,0,0,0,0,0,0,0,False,1353.0,1492028.0,1492373.0,2.0,1.0,allthingslinux/tux,3,202501
Simatwa/free-proxies,2024-11,control,0,0,0,,0,,0,0,0,0,0,0,0,0,0,0,0,0,0,False,544.0,593555.0,594022.0,3.0,1.0,allthingslinux/tux,3,202501
Simatwa/free-proxies,2024-12,control,0,0,0,,0,,0,0,0,0,0,0,0,0,0,0,0,0,0,False,0.0,0.0,0.0,0.0,1.0,allthingslinux/tux,3,202501
Simatwa/free-proxies,2025-01,control,0,0,0,,0,,0,0,0,0,0,0,0,0,0,0,0,0,0,False,0.0,0.0,0.0,0.0,1.0,allthingslinux/tux,3,202501
Simatwa/free-proxies,2025-02,control,0,0,0,,0,,0,0,0,0,0,0,0,0,0,0,0,0,0,False,0.0,0.0,0.0,0.0,1.0,allthingslinux/tux,3,202501
Simatwa/free-proxies,2025-03,control,0,0,0,,0,,0,0,0,0,0,0,0,0,0,0,0,0,0,False,0.0,0.0,0.0,0.0,1.0,allthingslinux/tux,3,202501
Simatwa/free-proxies,2025-04,control,0,0,0,,0,,0,0,0,0,0,0,0,0,0,0,0,0,0,False,0.0,0.0,0.0,0.0,1.0,allthingslinux/tux,3,202501
Simatwa/free-proxies,2025-05,control,0,0,0,,0,,0,0,0,0,0,0,0,0,0,0,0,0,0,False,0.0,0.0,0.0,0.0,1.0,allthingslinux/tux,3,202501
Simatwa/free-proxies,2025-06,control,0,0,0,,0,,0,0,0,0,0,0,0,0,0,0,0,0,0,False,0.0,0.0,0.0,0.0,1.0,allthingslinux/tux,3,202501
Simatwa/free-proxies,2025-07,control,0,0,0,,0,,0,0,0,0,0,0,0,0,0,0,0,0,0,False,0.0,0.0,0.0,0.0,1.0,allthingslinux/tux,3,202501
Simatwa/free-proxies,2025-08,control,0,0,0,,0,,0,0,0,0,0,0,0,0,0,0,0,0,0,False,1.0,4.0,4.0,1.0,1.0,allthingslinux/tux,3,202501
The-Compiler/pytest-vw,2024-01,control,0,0,0,,0,,0,0,0,0,0,0,0,0,0,0,0,0,0,False,0.0,0.0,0.0,0.0,1.0,tony/django-docutils,2,202502
The-Compiler/pytest-vw,2024-02,control,0,0,0,,0,,0,0,0,0,0,0,0,0,0,0,0,0,0,False,0.0,0.0,0.0,0.0,1.0,tony/django-docutils,2,202502
The-Compiler/pytest-vw,2024-03,control,0,0,0,,0,,0,0,0,0,0,0,0,0,0,0,0,0,0,False,0.0,0.0,0.0,0.0,1.0,tony/django-docutils,2,202502
The-Compiler/pytest-vw,2024-04,control,0,0,0,,0,,0,0,0,0,0,0,0,0,0,0,0,0,0,False,0.0,0.0,0.0,0.0,1.0,tony/django-docutils,2,202502
The-Compiler/pytest-vw,2024-05,control,0,0,0,,0,,0,0,0,0,0,0,0,0,0,0,0,0,0,False,0.0,0.0,0.0,0.0,1.0,tony/django-docutils,2,202502
The-Compiler/pytest-vw,2024-06,control,0,0,0,,0,,0,0,0,0,0,0,0,0,0,0,0,0,0,False,0.0,0.0,0.0,0.0,1.0,tony/django-docutils,2,202502
The-Compiler/pytest-vw,2024-07,control,0,0,0,,0,,0,0,0,0,0,0,0,0,0,0,0,0,0,False,0.0,0.0,0.0,0.0,1.0,tony/django-docutils,2,202502
The-Compiler/pytest-vw,2024-08,control,0,0,0,,0,,0,0,0,0,0,0,0,0,0,0,0,0,0,False,0.0,0.0,0.0,0.0,1.0,tony/django-docutils,2,202502
The-Compiler/pytest-vw,2024-09,control,0,0,0,,0,,0,0,0,0,0,0,0,0,0,0,0,0,0,False,0.0,0.0,0.0,0.0,1.0,tony/django-docutils,2,202502
The-Compiler/pytest-vw,2024-10,control,0,0,0,,0,,0,0,0,0,0,0,0,0,0,0,0,0,0,False,0.0,0.0,0.0,0.0,1.0,tony/django-docutils,2,202502
The-Compiler/pytest-vw,2024-11,control,0,0,0,,0,,0,0,0,0,0,0,0,0,0,0,0,0,0,False,0.0,0.0,0.0,0.0,1.0,tony/django-docutils,2,202502
The-Compiler/pytest-vw,2024-12,control,0,0,0,,0,,0,0,0,0,0,0,0,0,0,0,0,0,0,False,0.0,0.0,0.0,0.0,1.0,tony/django-docutils,2,202502
The-Compiler/pytest-vw,2025-01,control,0,0,0,,0,,0,0,0,0,0,0,0,0,0,0,0,0,0,False,0.0,0.0,0.0,0.0,1.0,tony/django-docutils,2,202502
The-Compiler/pytest-vw,2025-02,control,0,0,0,,0,,0,0,0,0,0,0,0,0,0,0,0,0,0,False,0.0,0.0,0.0,0.0,1.0,tony/django-docutils,2,202502
The-Compiler/pytest-vw,2025-03,control,0,0,0,,0,,0,0,0,0,0,0,0,0,0,0,0,0,0,False,0.0,0.0,0.0,0.0,1.0,tony/django-docutils,2,202502
The-Compiler/pytest-vw,2025-04,control,0,0,0,,0,,0,0,0,0,0,0,0,0,0,0,0,0,0,False,0.0,0.0,0.0,0.0,1.0,tony/django-docutils,2,202502
The-Compiler/pytest-vw,2025-05,control,0,0,0,,0,,0,0,0,0,0,0,0,0,0,0,0,0,0,False,0.0,0.0,0.0,0.0,1.0,tony/django-docutils,2,202502
The-Compiler/pytest-vw,2025-06,control,0,0,0,,0,,0,0,0,0,0,0,0,0,0,0,0,0,0,False,0.0,0.0,0.0,0.0,1.0,tony/django-docutils,2,202502
The-Compiler/pytest-vw,2025-07,control,0,0,0,,0,,0,0,0,0,0,0,0,0,0,0,0,0,0,False,0.0,0.0,0.0,0.0,1.0,tony/django-docutils,2,202502
The-Compiler/pytest-vw,2025-08,control,0,0,0,,0,,0,0,0,0,0,0,0,0,0,0,0,0,0,False,0.0,0.0,0.0,0.0,1.0,tony/django-docutils,2,202502
The-WhiteRabbit/dnfm_server,2024-08,control,0,0,0,,0,,0,0,0,0,0,0,0,0,0,0,0,0,0,False,18.0,1211.0,53.0,1.0,1.0,1mrat/cursor-taskrunner,2,202407
The-WhiteRabbit/dnfm_server,2024-09,control,0,0,0,,0,,0,0,0,0,0,0,0,0,0,0,0,0,0,False,0.0,0.0,0.0,0.0,1.0,1mrat/cursor-taskrunner,2,202407
The-WhiteRabbit/dnfm_server,2024-10,control,0,0,0,,0,,0,0,0,0,0,0,0,0,0,0,0,0,0,False,0.0,0.0,0.0,0.0,1.0,1mrat/cursor-taskrunner,2,202407
The-WhiteRabbit/dnfm_server,2024-11,control,0,0,0,,0,,0,0,0,0,0,0,0,0,0,0,0,0,0,False,0.0,0.0,0.0,0.0,1.0,1mrat/cursor-taskrunner,2,202407
The-WhiteRabbit/dnfm_server,2024-12,control,0,0,0,,0,,0,0,0,0,0,0,0,0,0,0,0,0,0,False,0.0,0.0,0.0,0.0,1.0,1mrat/cursor-taskrunner,2,202407
The-WhiteRabbit/dnfm_server,2025-01,control,0,0,0,,0,,0,0,0,0,0,0,0,0,0,0,0,0,0,False,0.0,0.0,0.0,0.0,1.0,1mrat/cursor-taskrunner,2,202407
The-WhiteRabbit/dnfm_server,2025-02,control,0,0,0,,0,,0,0,0,0,0,0,0,0,0,0,0,0,0,False,0.0,0.0,0.0,0.0,1.0,1mrat/cursor-taskrunner,2,202407
The-WhiteRabbit/dnfm_server,2025-03,control,0,0,0,,0,,0,0,0,0,0,0,0,0,0,0,0,0,0,False,0.0,0.0,0.0,0.0,1.0,1mrat/cursor-taskrunner,2,202407
The-WhiteRabbit/dnfm_server,2025-04,control,0,0,0,,0,,0,0,0,0,0,0,0,0,0,0,0,0,0,False,0.0,0.0,0.0,0.0,1.0,1mrat/cursor-taskrunner,2,202407
The-WhiteRabbit/dnfm_server,2025-05,control,0,0,0,,0,,0,0,0,0,0,0,0,0,0,0,0,0,0,False,0.0,0.0,0.0,0.0,1.0,1mrat/cursor-taskrunner,2,202407
The-WhiteRabbit/dnfm_server,2025-06,control,0,0,0,,0,,0,0,0,0,0,0,0,0,0,0,0,0,0,False,0.0,0.0,0.0,0.0,1.0,1mrat/cursor-taskrunner,2,202407
The-WhiteRabbit/dnfm_server,2025-07,control,0,0,0,,0,,0,0,0,0,0,0,0,0,0,0,0,0,0,False,0.0,0.0,0.0,0.0,1.0,1mrat/cursor-taskrunner,2,202407
The-WhiteRabbit/dnfm_server,2025-08,control,0,0,0,,0,,0,0,0,0,0,0,0,0,0,0,0,0,0,False,0.0,0.0,0.0,0.0,1.0,1mrat/cursor-taskrunner,2,202407
TheFocusedCoder/api-agent,2024-08,control,0,0,0,,0,,0,0,0,0,0,0,0,0,0,0,0,0,0,False,41.0,11449.0,2136.0,3.0,1.0,1mrat/cursor-taskrunner,3,202407
TheFocusedCoder/api-agent,2024-09,control,0,0,0,,0,,0,0,0,0,0,0,0,0,0,0,0,0,0,False,0.0,0.0,0.0,0.0,1.0,1mrat/cursor-taskrunner,3,202407
TheFocusedCoder/api-agent,2024-10,control,0,0,0,,0,,0,0,0,0,0,0,0,0,0,0,0,0,0,False,0.0,0.0,0.0,0.0,1.0,1mrat/cursor-taskrunner,3,202407
TheFocusedCoder/api-agent,2024-11,control,0,0,0,,0,,0,0,0,0,0,0,0,0,0,0,0,0,0,False,0.0,0.0,0.0,0.0,1.0,1mrat/cursor-taskrunner,3,202407
TheFocusedCoder/api-agent,2024-12,control,0,0,0,,0,,0,0,0,0,0,0,0,0,0,0,0,0,0,False,0.0,0.0,0.0,0.0,1.0,1mrat/cursor-taskrunner,3,202407
TheFocusedCoder/api-agent,2025-01,control,0,0,0,,0,,0,0,0,0,0,0,0,0,0,0,0,0,0,False,0.0,0.0,0.0,0.0,1.0,1mrat/cursor-taskrunner,3,202407
TheFocusedCoder/api-agent,2025-02,control,0,0,0,,0,,0,0,0,0,0,0,0,0,0,0,0,0,0,False,0.0,0.0,0.0,0.0,1.0,1mrat/cursor-taskrunner,3,202407
TheFocusedCoder/api-agent,2025-03,control,0,0,0,,0,,0,0,0,0,0,0,0,0,0,0,0,0,0,False,0.0,0.0,0.0,0.0,1.0,1mrat/cursor-taskrunner,3,202407
TheFocusedCoder/api-agent,2025-04,control,0,0,0,,0,,0,0,0,0,0,0,0,0,0,0,0,0,0,False,0.0,0.0,0.0,0.0,1.0,1mrat/cursor-taskrunner,3,202407
TheFocusedCoder/api-agent,2025-05,control,0,0,0,,0,,0,0,0,0,0,0,0,0,0,0,0,0,0,False,0.0,0.0,0.0,0.0,1.0,1mrat/cursor-taskrunner,3,202407
TheFocusedCoder/api-agent,2025-06,control,0,0,0,,0,,0,0,0,0,0,0,0,0,0,0,0,0,0,False,0.0,0.0,0.0,0.0,1.0,1mrat/cursor-taskrunner,3,202407
TheFocusedCoder/api-agent,2025-07,control,0,0,0,,0,,0,0,0,0,0,0,0,0,0,0,0,0,0,False,0.0,0.0,0.0,0.0,1.0,1mrat/cursor-taskrunner,3,202407
TheFocusedCoder/api-agent,2025-08,control,0,0,0,,0,,0,0,0,0,0,0,0,0,0,0,0,0,0,False,0.0,0.0,0.0,0.0,1.0,1mrat/cursor-taskrunner,3,202407
TianxingChen/RoboTwin,2025-06,control,0,0,0,,0,,0,0,0,0,0,0,0,0,0,0,0,0,0,False,2.0,3.0,1.0,1.0,1.0,VRSEN/agency-swarm,2,202409
TianxingChen/RoboTwin,2025-07,control,0,0,0,,0,,0,0,0,0,0,0,0,0,0,0,0,0,0,False,0.0,0.0,0.0,0.0,1.0,VRSEN/agency-swarm,2,202409
TianxingChen/RoboTwin,2025-08,control,0,0,0,,0,,0,0,0,0,0,0,0,0,0,0,0,0,0,False,0.0,0.0,0.0,0.0,1.0,VRSEN/agency-swarm,2,202409
VirtualFlow/VFVS,2024-01,control,0,0,0,,0,,0,0,0,0,0,0,0,0,0,0,0,0,0,False,2.0,268.0,268.0,1.0,1.0,Apocrathia/home-assistant-config,3,202501
VirtualFlow/VFVS,2024-02,control,0,0,0,,0,,0,0,0,0,0,0,0,0,0,0,0,0,0,False,0.0,0.0,0.0,0.0,1.0,Apocrathia/home-assistant-config,3,202501
VirtualFlow/VFVS,2024-03,control,0,0,0,,0,,0,0,0,0,0,0,0,0,0,0,0,0,0,False,0.0,0.0,0.0,0.0,1.0,Apocrathia/home-assistant-config,3,202501
VirtualFlow/VFVS,2024-04,control,0,0,0,,0,,0,0,0,0,0,0,0,0,0,0,0,0,0,False,0.0,0.0,0.0,0.0,1.0,Apocrathia/home-assistant-config,3,202501
VirtualFlow/VFVS,2024-05,control,0,0,0,,0,,0,0,0,0,0,0,0,0,0,0,0,0,0,False,0.0,0.0,0.0,0.0,1.0,Apocrathia/home-assistant-config,3,202501
VirtualFlow/VFVS,2024-06,control,0,0,0,,0,,0,0,0,0,0,0,0,0,0,0,0,0,0,False,0.0,0.0,0.0,0.0,1.0,Apocrathia/home-assistant-config,3,202501
VirtualFlow/VFVS,2024-07,control,0,0,0,,0,,0,0,0,0,0,0,0,0,0,0,0,0,0,False,0.0,0.0,0.0,0.0,1.0,Apocrathia/home-assistant-config,3,202501
VirtualFlow/VFVS,2024-08,control,0,0,0,,0,,0,0,0,0,0,0,0,0,0,0,0,0,0,False,0.0,0.0,0.0,0.0,1.0,Apocrathia/home-assistant-config,3,202501
VirtualFlow/VFVS,2024-09,control,0,0,0,,0,,0,0,0,0,0,0,0,0,0,0,0,0,0,False,0.0,0.0,0.0,0.0,1.0,Apocrathia/home-assistant-config,3,202501
VirtualFlow/VFVS,2024-10,control,0,0,0,,0,,0,0,0,0,0,0,0,0,0,0,0,0,0,False,0.0,0.0,0.0,0.0,1.0,Apocrathia/home-assistant-config,3,202501
VirtualFlow/VFVS,2024-11,control,0,0,0,,0,,0,0,0,0,0,0,0,0,0,0,0,0,0,False,0.0,0.0,0.0,0.0,1.0,Apocrathia/home-assistant-config,3,202501
VirtualFlow/VFVS,2024-12,control,0,0,0,,0,,0,0,0,0,0,0,0,0,0,0,0,0,0,False,0.0,0.0,0.0,0.0,1.0,Apocrathia/home-assistant-config,3,202501
VirtualFlow/VFVS,2025-01,control,0,0,0,,0,,0,0,0,0,0,0,0,0,0,0,0,0,0,False,0.0,0.0,0.0,0.0,1.0,Apocrathia/home-assistant-config,3,202501
VirtualFlow/VFVS,2025-02,control,0,0,0,,0,,0,0,0,0,0,0,0,0,0,0,0,0,0,False,0.0,0.0,0.0,0.0,1.0,Apocrathia/home-assistant-config,3,202501
VirtualFlow/VFVS,2025-03,control,0,0,0,,0,,0,0,0,0,0,0,0,0,0,0,0,0,0,False,0.0,0.0,0.0,0.0,1.0,Apocrathia/home-assistant-config,3,202501
VirtualFlow/VFVS,2025-04,control,0,0,0,,0,,0,0,0,0,0,0,0,0,0,0,0,0,0,False,0.0,0.0,0.0,0.0,1.0,Apocrathia/home-assistant-config,3,202501
VirtualFlow/VFVS,2025-05,control,0,0,0,,0,,0,0,0,0,0,0,0,0,0,0,0,0,0,False,0.0,0.0,0.0,0.0,1.0,Apocrathia/home-assistant-config,3,202501
VirtualFlow/VFVS,2025-06,control,0,0,0,,0,,0,0,0,0,0,0,0,0,0,0,0,0,0,False,0.0,0.0,0.0,0.0,1.0,Apocrathia/home-assistant-config,3,202501
VirtualFlow/VFVS,2025-07,control,0,0,0,,0,,0,0,0,0,0,0,0,0,0,0,0,0,0,False,0.0,0.0,0.0,0.0,1.0,Apocrathia/home-assistant-config,3,202501
VirtualFlow/VFVS,2025-08,control,0,0,0,,0,,0,0,0,0,0,0,0,0,0,0,0,0,0,False,2.0,2086.0,0.0,1.0,1.0,Apocrathia/home-assistant-config,3,202501
Wang-ML-Lab/unified-continual-learning,2024-01,control,0,0,0,,0,,0,0,0,0,0,0,0,0,0,0,0,0,0,False,0.0,0.0,0.0,0.0,1.0,Chocksy/qc-options-framework,3,202502
Wang-ML-Lab/unified-continual-learning,2024-02,control,0,0,0,,0,,0,0,0,0,0,0,0,0,0,0,0,0,0,False,0.0,0.0,0.0,0.0,1.0,Chocksy/qc-options-framework,3,202502
Wang-ML-Lab/unified-continual-learning,2024-03,control,0,0,0,,0,,0,0,0,0,0,0,0,0,0,0,0,0,0,False,0.0,0.0,0.0,0.0,1.0,Chocksy/qc-options-framework,3,202502
Wang-ML-Lab/unified-continual-learning,2024-04,control,0,0,0,,0,,0,0,0,0,0,0,0,0,0,0,0,0,0,False,0.0,0.0,0.0,0.0,1.0,Chocksy/qc-options-framework,3,202502
Wang-ML-Lab/unified-continual-learning,2024-05,control,0,0,0,,0,,0,0,0,0,0,0,0,0,0,0,0,0,0,False,0.0,0.0,0.0,0.0,1.0,Chocksy/qc-options-framework,3,202502
Wang-ML-Lab/unified-continual-learning,2024-06,control,0,0,0,,0,,0,0,0,0,0,0,0,0,0,0,0,0,0,False,0.0,0.0,0.0,0.0,1.0,Chocksy/qc-options-framework,3,202502
Wang-ML-Lab/unified-continual-learning,2024-07,control,0,0,0,,0,,0,0,0,0,0,0,0,0,0,0,0,0,0,False,0.0,0.0,0.0,0.0,1.0,Chocksy/qc-options-framework,3,202502
Wang-ML-Lab/unified-continual-learning,2024-08,control,0,0,0,,0,,0,0,0,0,0,0,0,0,0,0,0,0,0,False,0.0,0.0,0.0,0.0,1.0,Chocksy/qc-options-framework,3,202502
Wang-ML-Lab/unified-continual-learning,2024-09,control,0,0,0,,0,,0,0,0,0,0,0,0,0,0,0,0,0,0,False,0.0,0.0,0.0,0.0,1.0,Chocksy/qc-options-framework,3,202502
Wang-ML-Lab/unified-continual-learning,2024-10,control,0,0,0,,0,,0,0,0,0,0,0,0,0,0,0,0,0,0,False,0.0,0.0,0.0,0.0,1.0,Chocksy/qc-options-framework,3,202502
Wang-ML-Lab/unified-continual-learning,2024-11,control,0,0,0,,0,,0,0,0,0,0,0,0,0,0,0,0,0,0,False,0.0,0.0,0.0,0.0,1.0,Chocksy/qc-options-framework,3,202502
Wang-ML-Lab/unified-continual-learning,2024-12,control,0,0,0,,0,,0,0,0,0,0,0,0,0,0,0,0,0,0,False,0.0,0.0,0.0,0.0,1.0,Chocksy/qc-options-framework,3,202502
Wang-ML-Lab/unified-continual-learning,2025-01,control,0,0,0,,0,,0,0,0,0,0,0,0,0,0,0,0,0,0,False,1.0,12.0,5.0,1.0,1.0,Chocksy/qc-options-framework,3,202502
Wang-ML-Lab/unified-continual-learning,2025-02,control,0,0,0,,0,,0,0,0,0,0,0,0,0,0,0,0,0,0,False,0.0,0.0,0.0,0.0,1.0,Chocksy/qc-options-framework,3,202502
Wang-ML-Lab/unified-continual-learning,2025-03,control,0,0,0,,0,,0,0,0,0,0,0,0,0,0,0,0,0,0,False,0.0,0.0,0.0,0.0,1.0,Chocksy/qc-options-framework,3,202502
Wang-ML-Lab/unified-continual-learning,2025-04,control,0,0,0,,0,,0,0,0,0,0,0,0,0,0,0,0,0,0,False,0.0,0.0,0.0,0.0,1.0,Chocksy/qc-options-framework,3,202502
Wang-ML-Lab/unified-continual-learning,2025-05,control,0,0,0,,0,,0,0,0,0,0,0,0,0,0,0,0,0,0,False,0.0,0.0,0.0,0.0,1.0,Chocksy/qc-options-framework,3,202502
Wang-ML-Lab/unified-continual-learning,2025-06,control,0,0,0,,0,,0,0,0,0,0,0,0,0,0,0,0,0,0,False,0.0,0.0,0.0,0.0,1.0,Chocksy/qc-options-framework,3,202502
Wang-ML-Lab/unified-continual-learning,2025-07,control,0,0,0,,0,,0,0,0,0,0,0,0,0,0,0,0,0,0,False,0.0,0.0,0.0,0.0,1.0,Chocksy/qc-options-framework,3,202502
Wang-ML-Lab/unified-continual-learning,2025-08,control,0,0,0,,0,,0,0,0,0,0,0,0,0,0,0,0,0,0,False,0.0,0.0,0.0,0.0,1.0,Chocksy/qc-options-framework,3,202502
YangDi666/UNIK,2024-01,control,0,0,0,,0,,0,0,0,0,0,0,0,0,0,0,0,0,0,False,0.0,0.0,0.0,0.0,1.0,ericmjl/pyds-cli,3,202410
YangDi666/UNIK,2024-02,control,0,0,0,,0,,0,0,0,0,0,0,0,0,0,0,0,0,0,False,0.0,0.0,0.0,0.0,1.0,ericmjl/pyds-cli,3,202410
YangDi666/UNIK,2024-03,control,0,0,0,,0,,0,0,0,0,0,0,0,0,0,0,0,0,0,False,0.0,0.0,0.0,0.0,1.0,ericmjl/pyds-cli,3,202410
YangDi666/UNIK,2024-04,control,0,0,0,,0,,0,0,0,0,0,0,0,0,0,0,0,0,0,False,0.0,0.0,0.0,0.0,1.0,ericmjl/pyds-cli,3,202410
YangDi666/UNIK,2024-05,control,0,0,0,,0,,0,0,0,0,0,0,0,0,0,0,0,0,0,False,0.0,0.0,0.0,0.0,1.0,ericmjl/pyds-cli,3,202410
YangDi666/UNIK,2024-06,control,0,0,0,,0,,0,0,0,0,0,0,0,0,0,0,0,0,0,False,0.0,0.0,0.0,0.0,1.0,ericmjl/pyds-cli,3,202410
YangDi666/UNIK,2024-07,control,0,0,0,,0,,0,0,0,0,0,0,0,0,0,0,0,0,0,False,0.0,0.0,0.0,0.0,1.0,ericmjl/pyds-cli,3,202410
YangDi666/UNIK,2024-08,control,0,0,0,,0,,0,0,0,0,0,0,0,0,0,0,0,0,0,False,0.0,0.0,0.0,0.0,1.0,ericmjl/pyds-cli,3,202410
YangDi666/UNIK,2024-09,control,0,0,0,,0,,0,0,0,0,0,0,0,0,0,0,0,0,0,False,0.0,0.0,0.0,0.0,1.0,ericmjl/pyds-cli,3,202410
YangDi666/UNIK,2024-10,control,0,0,0,,0,,0,0,0,0,0,0,0,0,0,0,0,0,0,False,0.0,0.0,0.0,0.0,1.0,ericmjl/pyds-cli,3,202410
YangDi666/UNIK,2024-11,control,0,0,0,,0,,0,0,0,0,0,0,0,0,0,0,0,0,0,False,0.0,0.0,0.0,0.0,1.0,ericmjl/pyds-cli,3,202410
YangDi666/UNIK,2024-12,control,0,0,0,,0,,0,0,0,0,0,0,0,0,0,0,0,0,0,False,0.0,0.0,0.0,0.0,1.0,ericmjl/pyds-cli,3,202410
YangDi666/UNIK,2025-01,control,0,0,0,,0,,0,0,0,0,0,0,0,0,0,0,0,0,0,False,0.0,0.0,0.0,0.0,1.0,ericmjl/pyds-cli,3,202410
YangDi666/UNIK,2025-02,control,0,0,0,,0,,0,0,0,0,0,0,0,0,0,0,0,0,0,False,0.0,0.0,0.0,0.0,1.0,ericmjl/pyds-cli,3,202410
YangDi666/UNIK,2025-03,control,0,0,0,,0,,0,0,0,0,0,0,0,0,0,0,0,0,0,False,0.0,0.0,0.0,0.0,1.0,ericmjl/pyds-cli,3,202410
YangDi666/UNIK,2025-04,control,0,0,0,,0,,0,0,0,0,0,0,0,0,0,0,0,0,0,False,0.0,0.0,0.0,0.0,1.0,ericmjl/pyds-cli,3,202410
YangDi666/UNIK,2025-05,control,0,0,0,,0,,0,0,0,0,0,0,0,0,0,0,0,0,0,False,0.0,0.0,0.0,0.0,1.0,ericmjl/pyds-cli,3,202410
YangDi666/UNIK,2025-06,control,0,0,0,,0,,0,0,0,0,0,0,0,0,0,0,0,0,0,False,0.0,0.0,0.0,0.0,1.0,ericmjl/pyds-cli,3,202410
YangDi666/UNIK,2025-07,control,0,0,0,,0,,0,0,0,0,0,0,0,0,0,0,0,0,0,False,0.0,0.0,0.0,0.0,1.0,ericmjl/pyds-cli,3,202410
YangDi666/UNIK,2025-08,control,0,0,0,,0,,0,0,0,0,0,0,0,0,0,0,0,0,0,False,0.0,0.0,0.0,0.0,1.0,ericmjl/pyds-cli,3,202410
adelatour11/androidtvbackground,2024-04,control,0,0,0,,0,,0,0,0,0,0,0,0,0,0,0,0,0,0,False,80.0,1329.0,432.0,1.0,1.0,DannyMac180/mirror,2,202411
adelatour11/androidtvbackground,2024-05,control,0,0,0,,0,,0,0,0,0,0,0,0,0,0,0,0,0,0,False,3.0,26.0,15.0,1.0,1.0,DannyMac180/mirror,2,202411
adelatour11/androidtvbackground,2024-06,control,0,0,0,,0,,0,0,0,0,0,0,0,0,0,0,0,0,0,False,14.0,310.0,42.0,1.0,1.0,DannyMac180/mirror,2,202411
adelatour11/androidtvbackground,2024-07,control,0,0,0,,0,,0,0,0,0,0,0,0,0,0,0,0,0,0,False,0.0,0.0,0.0,0.0,1.0,DannyMac180/mirror,2,202411
adelatour11/androidtvbackground,2024-08,control,0,0,0,,0,,0,0,0,0,0,0,0,0,0,0,0,0,0,False,0.0,0.0,0.0,0.0,1.0,DannyMac180/mirror,2,202411
adelatour11/androidtvbackground,2024-09,control,0,0,0,,0,,0,0,0,0,0,0,0,0,0,0,0,0,0,False,0.0,0.0,0.0,0.0,1.0,DannyMac180/mirror,2,202411
adelatour11/androidtvbackground,2024-10,control,0,0,0,,0,,0,0,0,0,0,0,0,0,0,0,0,0,0,False,0.0,0.0,0.0,0.0,1.0,DannyMac180/mirror,2,202411
adelatour11/androidtvbackground,2024-11,control,0,0,0,,0,,0,0,0,0,0,0,0,0,0,0,0,0,0,False,0.0,0.0,0.0,0.0,1.0,DannyMac180/mirror,2,202411
adelatour11/androidtvbackground,2024-12,control,0,0,0,,0,,0,0,0,0,0,0,0,0,0,0,0,0,0,False,0.0,0.0,0.0,0.0,1.0,DannyMac180/mirror,2,202411
adelatour11/androidtvbackground,2025-01,control,0,0,0,,0,,0,0,0,0,0,0,0,0,0,0,0,0,0,False,29.0,421.0,458.0,2.0,1.0,DannyMac180/mirror,2,202411
adelatour11/androidtvbackground,2025-02,control,0,0,0,,0,,0,0,0,0,0,0,0,0,0,0,0,0,0,False,7.0,503.0,4.0,2.0,1.0,DannyMac180/mirror,2,202411
adelatour11/androidtvbackground,2025-03,control,0,0,0,,0,,0,0,0,0,0,0,0,0,0,0,0,0,0,False,0.0,0.0,0.0,0.0,1.0,DannyMac180/mirror,2,202411
adelatour11/androidtvbackground,2025-04,control,0,0,0,,0,,0,0,0,0,0,0,0,0,0,0,0,0,0,False,0.0,0.0,0.0,0.0,1.0,DannyMac180/mirror,2,202411
adelatour11/androidtvbackground,2025-05,control,0,0,0,,0,,0,0,0,0,0,0,0,0,0,0,0,0,0,False,0.0,0.0,0.0,0.0,1.0,DannyMac180/mirror,2,202411
adelatour11/androidtvbackground,2025-06,control,0,0,0,,0,,0,0,0,0,0,0,0,0,0,0,0,0,0,False,13.0,2012.0,588.0,3.0,1.0,DannyMac180/mirror,2,202411
adelatour11/androidtvbackground,2025-07,control,0,0,0,,0,,0,0,0,0,0,0,0,0,0,0,0,0,0,False,15.0,816.0,164.0,1.0,1.0,DannyMac180/mirror,2,202411
adelatour11/androidtvbackground,2025-08,control,0,0,0,,0,,0,0,0,0,0,0,0,0,0,0,0,0,0,False,2.0,258.0,120.0,2.0,1.0,DannyMac180/mirror,2,202411
ahmetozlu/color_recognition,2024-01,control,0,0,0,,0,,0,0,0,0,0,0,0,0,0,0,0,0,0,False,0.0,0.0,0.0,0.0,1.0,vcs-python/vcspull,2,202502
ahmetozlu/color_recognition,2024-02,control,0,0,0,,0,,0,0,0,0,0,0,0,0,0,0,0,0,0,False,0.0,0.0,0.0,0.0,1.0,vcs-python/vcspull,2,202502
ahmetozlu/color_recognition,2024-03,control,0,0,0,,0,,0,0,0,0,0,0,0,0,0,0,0,0,0,False,0.0,0.0,0.0,0.0,1.0,vcs-python/vcspull,2,202502
ahmetozlu/color_recognition,2024-04,control,0,0,0,,0,,0,0,0,0,0,0,0,0,0,0,0,0,0,False,0.0,0.0,0.0,0.0,1.0,vcs-python/vcspull,2,202502
ahmetozlu/color_recognition,2024-05,control,0,0,0,,0,,0,0,0,0,0,0,0,0,0,0,0,0,0,False,0.0,0.0,0.0,0.0,1.0,vcs-python/vcspull,2,202502
ahmetozlu/color_recognition,2024-06,control,0,0,0,,0,,0,0,0,0,0,0,0,0,0,0,0,0,0,False,0.0,0.0,0.0,0.0,1.0,vcs-python/vcspull,2,202502
ahmetozlu/color_recognition,2024-07,control,0,0,0,,0,,0,0,0,0,0,0,0,0,0,0,0,0,0,False,0.0,0.0,0.0,0.0,1.0,vcs-python/vcspull,2,202502
ahmetozlu/color_recognition,2024-08,control,0,0,0,,0,,0,0,0,0,0,0,0,0,0,0,0,0,0,False,0.0,0.0,0.0,0.0,1.0,vcs-python/vcspull,2,202502
ahmetozlu/color_recognition,2024-09,control,0,0,0,,0,,0,0,0,0,0,0,0,0,0,0,0,0,0,False,0.0,0.0,0.0,0.0,1.0,vcs-python/vcspull,2,202502
ahmetozlu/color_recognition,2024-10,control,0,0,0,,0,,0,0,0,0,0,0,0,0,0,0,0,0,0,False,0.0,0.0,0.0,0.0,1.0,vcs-python/vcspull,2,202502
ahmetozlu/color_recognition,2024-11,control,0,0,0,,0,,0,0,0,0,0,0,0,0,0,0,0,0,0,False,0.0,0.0,0.0,0.0,1.0,vcs-python/vcspull,2,202502
ahmetozlu/color_recognition,2024-12,control,0,0,0,,0,,0,0,0,0,0,0,0,0,0,0,0,0,0,False,0.0,0.0,0.0,0.0,1.0,vcs-python/vcspull,2,202502
ahmetozlu/color_recognition,2025-01,control,0,0,0,,0,,0,0,0,0,0,0,0,0,0,0,0,0,0,False,0.0,0.0,0.0,0.0,1.0,vcs-python/vcspull,2,202502
ahmetozlu/color_recognition,2025-02,control,0,0,0,,0,,0,0,0,0,0,0,0,0,0,0,0,0,0,False,0.0,0.0,0.0,0.0,1.0,vcs-python/vcspull,2,202502
ahmetozlu/color_recognition,2025-03,control,0,0,0,,0,,0,0,0,0,0,0,0,0,0,0,0,0,0,False,0.0,0.0,0.0,0.0,1.0,vcs-python/vcspull,2,202502
ahmetozlu/color_recognition,2025-04,control,0,0,0,,0,,0,0,0,0,0,0,0,0,0,0,0,0,0,False,0.0,0.0,0.0,0.0,1.0,vcs-python/vcspull,2,202502
ahmetozlu/color_recognition,2025-05,control,0,0,0,,0,,0,0,0,0,0,0,0,0,0,0,0,0,0,False,0.0,0.0,0.0,0.0,1.0,vcs-python/vcspull,2,202502
ahmetozlu/color_recognition,2025-06,control,0,0,0,,0,,0,0,0,0,0,0,0,0,0,0,0,0,0,False,0.0,0.0,0.0,0.0,1.0,vcs-python/vcspull,2,202502
ahmetozlu/color_recognition,2025-07,control,0,0,0,,0,,0,0,0,0,0,0,0,0,0,0,0,0,0,False,0.0,0.0,0.0,0.0,1.0,vcs-python/vcspull,2,202502
ahmetozlu/color_recognition,2025-08,control,0,0,0,,0,,0,0,0,0,0,0,0,0,0,0,0,0,0,False,0.0,0.0,0.0,0.0,1.0,vcs-python/vcspull,2,202502
aio-libs/aiohttp,2024-01,control,0,0,0,,0,,0,0,0,0,0,0,0,0,0,0,0,0,0,False,107.0,8752.0,1619.0,12.0,1.0,DataScienceUIBK/Rankify; whiteducksoftware/flock,1,202502
aio-libs/aiohttp,2024-02,control,0,0,0,,0,,0,0,0,0,0,0,0,0,0,0,0,0,0,False,49.0,1944.0,697.0,9.0,1.0,DataScienceUIBK/Rankify; whiteducksoftware/flock,1,202502
aio-libs/aiohttp,2024-03,control,0,0,0,,0,,0,0,0,0,0,0,0,0,0,0,0,0,0,False,58.0,1047.0,350.0,7.0,1.0,DataScienceUIBK/Rankify; whiteducksoftware/flock,1,202502
aio-libs/aiohttp,2024-04,control,0,0,0,,0,,0,0,0,0,0,0,0,0,0,0,0,0,0,False,108.0,4941.0,2183.0,10.0,1.0,DataScienceUIBK/Rankify; whiteducksoftware/flock,1,202502
aio-libs/aiohttp,2024-05,control,0,0,0,,0,,0,0,0,0,0,0,0,0,0,0,0,0,0,False,23.0,93.0,72.0,6.0,1.0,DataScienceUIBK/Rankify; whiteducksoftware/flock,1,202502
aio-libs/aiohttp,2024-06,control,0,0,0,,0,,0,0,0,0,0,0,0,0,0,0,0,0,0,False,12.0,38.0,38.0,3.0,1.0,DataScienceUIBK/Rankify; whiteducksoftware/flock,1,202502
aio-libs/aiohttp,2024-07,control,0,0,0,,0,,0,0,0,0,0,0,0,0,0,0,0,0,0,False,66.0,3033.0,1221.0,13.0,1.0,DataScienceUIBK/Rankify; whiteducksoftware/flock,1,202502
aio-libs/aiohttp,2024-08,control,0,0,0,,0,,0,0,0,0,0,0,0,0,0,0,0,0,0,False,357.0,14396.0,7757.0,15.0,1.0,DataScienceUIBK/Rankify; whiteducksoftware/flock,1,202502
aio-libs/aiohttp,2024-09,control,0,0,0,,0,,0,0,0,0,0,0,0,0,0,0,0,0,0,False,363.0,10817.0,5027.0,16.0,1.0,DataScienceUIBK/Rankify; whiteducksoftware/flock,1,202502
aio-libs/aiohttp,2024-10,control,0,0,0,,0,,0,0,0,0,0,0,0,0,0,0,0,0,0,False,190.0,13186.0,9942.0,13.0,1.0,DataScienceUIBK/Rankify; whiteducksoftware/flock,1,202502
aio-libs/aiohttp,2024-11,control,0,0,0,,0,,0,0,0,0,0,0,0,0,0,0,0,0,0,False,415.0,19309.0,5519.0,11.0,1.0,DataScienceUIBK/Rankify; whiteducksoftware/flock,1,202502
aio-libs/aiohttp,2024-12,control,0,0,0,,0,,0,0,0,0,0,0,0,0,0,0,0,0,0,False,166.0,2851.0,1560.0,15.0,1.0,DataScienceUIBK/Rankify; whiteducksoftware/flock,1,202502
aio-libs/aiohttp,2025-01,control,0,0,0,,0,,0,0,0,0,0,0,0,0,0,0,0,0,0,False,68.0,950.0,614.0,9.0,1.0,DataScienceUIBK/Rankify; whiteducksoftware/flock,1,202502
aio-libs/aiohttp,2025-02,control,0,0,0,,0,,0,0,0,0,0,0,0,0,0,0,0,0,0,False,120.0,2235.0,745.0,10.0,1.0,DataScienceUIBK/Rankify; whiteducksoftware/flock,1,202502
aio-libs/aiohttp,2025-03,control,0,0,0,,0,,0,0,0,0,0,0,0,0,0,0,0,0,0,False,122.0,2393.0,854.0,10.0,1.0,DataScienceUIBK/Rankify; whiteducksoftware/flock,1,202502
aio-libs/aiohttp,2025-04,control,0,0,0,,0,,0,0,0,0,0,0,0,0,0,0,0,0,0,False,121.0,4103.0,1825.0,9.0,1.0,DataScienceUIBK/Rankify; whiteducksoftware/flock,1,202502
aio-libs/aiohttp,2025-05,control,0,0,0,,0,,0,0,0,0,0,0,0,0,0,0,0,0,0,False,266.0,36276.0,11726.0,14.0,1.0,DataScienceUIBK/Rankify; whiteducksoftware/flock,1,202502
aio-libs/aiohttp,2025-06,control,0,0,0,,0,,0,0,0,0,0,0,0,0,0,0,0,0,0,False,126.0,16920.0,3110.0,7.0,1.0,DataScienceUIBK/Rankify; whiteducksoftware/flock,1,202502
aio-libs/aiohttp,2025-07,control,0,0,0,,0,,0,0,0,0,0,0,0,0,0,0,0,0,0,False,104.0,3955.0,2079.0,12.0,1.0,DataScienceUIBK/Rankify; whiteducksoftware/flock,1,202502
aio-libs/aiohttp,2025-08,control,0,0,0,,0,,0,0,0,0,0,0,0,0,0,0,0,0,0,False,63.0,352.0,338.0,6.0,1.0,DataScienceUIBK/Rankify; whiteducksoftware/flock,1,202502
aj47/100x-orchestrator,2024-11,control,0,0,0,,0,,0,0,0,0,0,0,0,0,0,0,0,0,0,False,48.0,6477.0,1849.0,4.0,1.0,PostHog/posthog; getsentry/sentry,2,202501
aj47/100x-orchestrator,2024-12,control,0,0,0,,0,,0,0,0,0,0,0,0,0,0,0,0,0,0,False,248.0,8347.0,5928.0,6.0,1.0,PostHog/posthog; getsentry/sentry,2,202501
aj47/100x-orchestrator,2025-01,control,0,0,0,,0,,0,0,0,0,0,0,0,0,0,0,0,0,0,False,40.0,2299.0,746.0,5.0,1.0,PostHog/posthog; getsentry/sentry,2,202501
aj47/100x-orchestrator,2025-02,control,0,0,0,,0,,0,0,0,0,0,0,0,0,0,0,0,0,0,False,9.0,629.0,627.0,3.0,1.0,PostHog/posthog; getsentry/sentry,2,202501
aj47/100x-orchestrator,2025-03,control,0,0,0,,0,,0,0,0,0,0,0,0,0,0,0,0,0,0,False,0.0,0.0,0.0,0.0,1.0,PostHog/posthog; getsentry/sentry,2,202501
aj47/100x-orchestrator,2025-04,control,0,0,0,,0,,0,0,0,0,0,0,0,0,0,0,0,0,0,False,0.0,0.0,0.0,0.0,1.0,PostHog/posthog; getsentry/sentry,2,202501
aj47/100x-orchestrator,2025-05,control,0,0,0,,0,,0,0,0,0,0,0,0,0,0,0,0,0,0,False,0.0,0.0,0.0,0.0,1.0,PostHog/posthog; getsentry/sentry,2,202501
aj47/100x-orchestrator,2025-06,control,0,0,0,,0,,0,0,0,0,0,0,0,0,0,0,0,0,0,False,0.0,0.0,0.0,0.0,1.0,PostHog/posthog; getsentry/sentry,2,202501
aj47/100x-orchestrator,2025-07,control,0,0,0,,0,,0,0,0,0,0,0,0,0,0,0,0,0,0,False,0.0,0.0,0.0,0.0,1.0,PostHog/posthog; getsentry/sentry,2,202501
aj47/100x-orchestrator,2025-08,control,0,0,0,,0,,0,0,0,0,0,0,0,0,0,0,0,0,0,False,0.0,0.0,0.0,0.0,1.0,PostHog/posthog; getsentry/sentry,2,202501
ali-bahrainian/RAG_best_practices,2024-12,control,0,0,0,,0,,0,0,0,0,0,0,0,0,0,0,0,0,0,False,22.0,2771.0,1412.0,3.0,1.0,MDGrey33/pyvisionai; Scrapybara/codecapy; WangQrkkk/ThinkingCursor; daojiAnime/vmq-fastapi; gerred/mcp-server-replicate; sbomify/sbomify,1,202412
ali-bahrainian/RAG_best_practices,2025-01,control,0,0,0,,0,,0,0,0,0,0,0,0,0,0,0,0,0,0,False,2.0,15.0,13.0,1.0,1.0,MDGrey33/pyvisionai; Scrapybara/codecapy; WangQrkkk/ThinkingCursor; daojiAnime/vmq-fastapi; gerred/mcp-server-replicate; sbomify/sbomify,1,202412
ali-bahrainian/RAG_best_practices,2025-02,control,0,0,0,,0,,0,0,0,0,0,0,0,0,0,0,0,0,0,False,0.0,0.0,0.0,0.0,1.0,MDGrey33/pyvisionai; Scrapybara/codecapy; WangQrkkk/ThinkingCursor; daojiAnime/vmq-fastapi; gerred/mcp-server-replicate; sbomify/sbomify,1,202412
ali-bahrainian/RAG_best_practices,2025-03,control,0,0,0,,0,,0,0,0,0,0,0,0,0,0,0,0,0,0,False,1.0,13.0,5.0,1.0,1.0,MDGrey33/pyvisionai; Scrapybara/codecapy; WangQrkkk/ThinkingCursor; daojiAnime/vmq-fastapi; gerred/mcp-server-replicate; sbomify/sbomify,1,202412
ali-bahrainian/RAG_best_practices,2025-04,control,0,0,0,,0,,0,0,0,0,0,0,0,0,0,0,0,0,0,False,0.0,0.0,0.0,0.0,1.0,MDGrey33/pyvisionai; Scrapybara/codecapy; WangQrkkk/ThinkingCursor; daojiAnime/vmq-fastapi; gerred/mcp-server-replicate; sbomify/sbomify,1,202412
ali-bahrainian/RAG_best_practices,2025-05,control,0,0,0,,0,,0,0,0,0,0,0,0,0,0,0,0,0,0,False,0.0,0.0,0.0,0.0,1.0,MDGrey33/pyvisionai; Scrapybara/codecapy; WangQrkkk/ThinkingCursor; daojiAnime/vmq-fastapi; gerred/mcp-server-replicate; sbomify/sbomify,1,202412
ali-bahrainian/RAG_best_practices,2025-06,control,0,0,0,,0,,0,0,0,0,0,0,0,0,0,0,0,0,0,False,0.0,0.0,0.0,0.0,1.0,MDGrey33/pyvisionai; Scrapybara/codecapy; WangQrkkk/ThinkingCursor; daojiAnime/vmq-fastapi; gerred/mcp-server-replicate; sbomify/sbomify,1,202412
ali-bahrainian/RAG_best_practices,2025-07,control,0,0,0,,0,,0,0,0,0,0,0,0,0,0,0,0,0,0,False,0.0,0.0,0.0,0.0,1.0,MDGrey33/pyvisionai; Scrapybara/codecapy; WangQrkkk/ThinkingCursor; daojiAnime/vmq-fastapi; gerred/mcp-server-replicate; sbomify/sbomify,1,202412
ali-bahrainian/RAG_best_practices,2025-08,control,0,0,0,,0,,0,0,0,0,0,0,0,0,0,0,0,0,0,False,0.0,0.0,0.0,0.0,1.0,MDGrey33/pyvisionai; Scrapybara/codecapy; WangQrkkk/ThinkingCursor; daojiAnime/vmq-fastapi; gerred/mcp-server-replicate; sbomify/sbomify,1,202412
anujshah1003/Tensorboard-own-image-data-image-features-embedding-visualization,2024-01,control,0,0,0,,0,,0,0,0,0,0,0,0,0,0,0,0,0,0,False,0.0,0.0,0.0,0.0,1.0,wdm0006/pygeohash,1,202502
anujshah1003/Tensorboard-own-image-data-image-features-embedding-visualization,2024-02,control,0,0,0,,0,,0,0,0,0,0,0,0,0,0,0,0,0,0,False,0.0,0.0,0.0,0.0,1.0,wdm0006/pygeohash,1,202502
anujshah1003/Tensorboard-own-image-data-image-features-embedding-visualization,2024-03,control,0,0,0,,0,,0,0,0,0,0,0,0,0,0,0,0,0,0,False,0.0,0.0,0.0,0.0,1.0,wdm0006/pygeohash,1,202502
anujshah1003/Tensorboard-own-image-data-image-features-embedding-visualization,2024-04,control,0,0,0,,0,,0,0,0,0,0,0,0,0,0,0,0,0,0,False,0.0,0.0,0.0,0.0,1.0,wdm0006/pygeohash,1,202502
anujshah1003/Tensorboard-own-image-data-image-features-embedding-visualization,2024-05,control,0,0,0,,0,,0,0,0,0,0,0,0,0,0,0,0,0,0,False,0.0,0.0,0.0,0.0,1.0,wdm0006/pygeohash,1,202502
anujshah1003/Tensorboard-own-image-data-image-features-embedding-visualization,2024-06,control,0,0,0,,0,,0,0,0,0,0,0,0,0,0,0,0,0,0,False,0.0,0.0,0.0,0.0,1.0,wdm0006/pygeohash,1,202502
anujshah1003/Tensorboard-own-image-data-image-features-embedding-visualization,2024-07,control,0,0,0,,0,,0,0,0,0,0,0,0,0,0,0,0,0,0,False,0.0,0.0,0.0,0.0,1.0,wdm0006/pygeohash,1,202502
anujshah1003/Tensorboard-own-image-data-image-features-embedding-visualization,2024-08,control,0,0,0,,0,,0,0,0,0,0,0,0,0,0,0,0,0,0,False,0.0,0.0,0.0,0.0,1.0,wdm0006/pygeohash,1,202502
anujshah1003/Tensorboard-own-image-data-image-features-embedding-visualization,2024-09,control,0,0,0,,0,,0,0,0,0,0,0,0,0,0,0,0,0,0,False,0.0,0.0,0.0,0.0,1.0,wdm0006/pygeohash,1,202502
anujshah1003/Tensorboard-own-image-data-image-features-embedding-visualization,2024-10,control,0,0,0,,0,,0,0,0,0,0,0,0,0,0,0,0,0,0,False,0.0,0.0,0.0,0.0,1.0,wdm0006/pygeohash,1,202502
anujshah1003/Tensorboard-own-image-data-image-features-embedding-visualization,2024-11,control,0,0,0,,0,,0,0,0,0,0,0,0,0,0,0,0,0,0,False,0.0,0.0,0.0,0.0,1.0,wdm0006/pygeohash,1,202502
anujshah1003/Tensorboard-own-image-data-image-features-embedding-visualization,2024-12,control,0,0,0,,0,,0,0,0,0,0,0,0,0,0,0,0,0,0,False,0.0,0.0,0.0,0.0,1.0,wdm0006/pygeohash,1,202502
anujshah1003/Tensorboard-own-image-data-image-features-embedding-visualization,2025-01,control,0,0,0,,0,,0,0,0,0,0,0,0,0,0,0,0,0,0,False,0.0,0.0,0.0,0.0,1.0,wdm0006/pygeohash,1,202502
anujshah1003/Tensorboard-own-image-data-image-features-embedding-visualization,2025-02,control,0,0,0,,0,,0,0,0,0,0,0,0,0,0,0,0,0,0,False,0.0,0.0,0.0,0.0,1.0,wdm0006/pygeohash,1,202502
anujshah1003/Tensorboard-own-image-data-image-features-embedding-visualization,2025-03,control,0,0,0,,0,,0,0,0,0,0,0,0,0,0,0,0,0,0,False,0.0,0.0,0.0,0.0,1.0,wdm0006/pygeohash,1,202502
anujshah1003/Tensorboard-own-image-data-image-features-embedding-visualization,2025-04,control,0,0,0,,0,,0,0,0,0,0,0,0,0,0,0,0,0,0,False,0.0,0.0,0.0,0.0,1.0,wdm0006/pygeohash,1,202502
anujshah1003/Tensorboard-own-image-data-image-features-embedding-visualization,2025-05,control,0,0,0,,0,,0,0,0,0,0,0,0,0,0,0,0,0,0,False,0.0,0.0,0.0,0.0,1.0,wdm0006/pygeohash,1,202502
anujshah1003/Tensorboard-own-image-data-image-features-embedding-visualization,2025-06,control,0,0,0,,0,,0,0,0,0,0,0,0,0,0,0,0,0,0,False,0.0,0.0,0.0,0.0,1.0,wdm0006/pygeohash,1,202502
anujshah1003/Tensorboard-own-image-data-image-features-embedding-visualization,2025-07,control,0,0,0,,0,,0,0,0,0,0,0,0,0,0,0,0,0,0,False,0.0,0.0,0.0,0.0,1.0,wdm0006/pygeohash,1,202502
anujshah1003/Tensorboard-own-image-data-image-features-embedding-visualization,2025-08,control,0,0,0,,0,,0,0,0,0,0,0,0,0,0,0,0,0,0,False,0.0,0.0,0.0,0.0,1.0,wdm0006/pygeohash,1,202502
autti/abraham,2024-01,control,0,0,0,,0,,0,0,0,0,0,0,0,0,0,0,0,0,0,False,0.0,0.0,0.0,0.0,1.0,wdm0006/pygeohash,3,202502
autti/abraham,2024-02,control,0,0,0,,0,,0,0,0,0,0,0,0,0,0,0,0,0,0,False,0.0,0.0,0.0,0.0,1.0,wdm0006/pygeohash,3,202502
autti/abraham,2024-03,control,0,0,0,,0,,0,0,0,0,0,0,0,0,0,0,0,0,0,False,0.0,0.0,0.0,0.0,1.0,wdm0006/pygeohash,3,202502
autti/abraham,2024-04,control,0,0,0,,0,,0,0,0,0,0,0,0,0,0,0,0,0,0,False,0.0,0.0,0.0,0.0,1.0,wdm0006/pygeohash,3,202502
autti/abraham,2024-05,control,0,0,0,,0,,0,0,0,0,0,0,0,0,0,0,0,0,0,False,0.0,0.0,0.0,0.0,1.0,wdm0006/pygeohash,3,202502
autti/abraham,2024-06,control,0,0,0,,0,,0,0,0,0,0,0,0,0,0,0,0,0,0,False,0.0,0.0,0.0,0.0,1.0,wdm0006/pygeohash,3,202502
autti/abraham,2024-07,control,0,0,0,,0,,0,0,0,0,0,0,0,0,0,0,0,0,0,False,0.0,0.0,0.0,0.0,1.0,wdm0006/pygeohash,3,202502
autti/abraham,2024-08,control,0,0,0,,0,,0,0,0,0,0,0,0,0,0,0,0,0,0,False,0.0,0.0,0.0,0.0,1.0,wdm0006/pygeohash,3,202502
autti/abraham,2024-09,control,0,0,0,,0,,0,0,0,0,0,0,0,0,0,0,0,0,0,False,0.0,0.0,0.0,0.0,1.0,wdm0006/pygeohash,3,202502
autti/abraham,2024-10,control,0,0,0,,0,,0,0,0,0,0,0,0,0,0,0,0,0,0,False,0.0,0.0,0.0,0.0,1.0,wdm0006/pygeohash,3,202502
autti/abraham,2024-11,control,0,0,0,,0,,0,0,0,0,0,0,0,0,0,0,0,0,0,False,0.0,0.0,0.0,0.0,1.0,wdm0006/pygeohash,3,202502
autti/abraham,2024-12,control,0,0,0,,0,,0,0,0,0,0,0,0,0,0,0,0,0,0,False,0.0,0.0,0.0,0.0,1.0,wdm0006/pygeohash,3,202502
autti/abraham,2025-01,control,0,0,0,,0,,0,0,0,0,0,0,0,0,0,0,0,0,0,False,0.0,0.0,0.0,0.0,1.0,wdm0006/pygeohash,3,202502
autti/abraham,2025-02,control,0,0,0,,0,,0,0,0,0,0,0,0,0,0,0,0,0,0,False,0.0,0.0,0.0,0.0,1.0,wdm0006/pygeohash,3,202502
autti/abraham,2025-03,control,0,0,0,,0,,0,0,0,0,0,0,0,0,0,0,0,0,0,False,0.0,0.0,0.0,0.0,1.0,wdm0006/pygeohash,3,202502
autti/abraham,2025-04,control,0,0,0,,0,,0,0,0,0,0,0,0,0,0,0,0,0,0,False,0.0,0.0,0.0,0.0,1.0,wdm0006/pygeohash,3,202502
autti/abraham,2025-05,control,0,0,0,,0,,0,0,0,0,0,0,0,0,0,0,0,0,0,False,0.0,0.0,0.0,0.0,1.0,wdm0006/pygeohash,3,202502
autti/abraham,2025-06,control,0,0,0,,0,,0,0,0,0,0,0,0,0,0,0,0,0,0,False,0.0,0.0,0.0,0.0,1.0,wdm0006/pygeohash,3,202502
autti/abraham,2025-07,control,0,0,0,,0,,0,0,0,0,0,0,0,0,0,0,0,0,0,False,0.0,0.0,0.0,0.0,1.0,wdm0006/pygeohash,3,202502
autti/abraham,2025-08,control,0,0,0,,0,,0,0,0,0,0,0,0,0,0,0,0,0,0,False,0.0,0.0,0.0,0.0,1.0,wdm0006/pygeohash,3,202502
aws-samples/aws-dms-cdc-data-pipeline,2024-01,control,0,0,0,,0,,0,0,0,0,0,0,0,0,0,0,0,0,0,False,1.0,7.0,0.0,1.0,1.0,tony/django-slugify-processor,1,202502
aws-samples/aws-dms-cdc-data-pipeline,2024-02,control,0,0,0,,0,,0,0,0,0,0,0,0,0,0,0,0,0,0,False,9.0,213.0,131.0,1.0,1.0,tony/django-slugify-processor,1,202502
aws-samples/aws-dms-cdc-data-pipeline,2024-03,control,0,0,0,,0,,0,0,0,0,0,0,0,0,0,0,0,0,0,False,11.0,94.0,48.0,1.0,1.0,tony/django-slugify-processor,1,202502
aws-samples/aws-dms-cdc-data-pipeline,2024-04,control,0,0,0,,0,,0,0,0,0,0,0,0,0,0,0,0,0,0,False,0.0,0.0,0.0,0.0,1.0,tony/django-slugify-processor,1,202502
aws-samples/aws-dms-cdc-data-pipeline,2024-05,control,0,0,0,,0,,0,0,0,0,0,0,0,0,0,0,0,0,0,False,1.0,1.0,1.0,1.0,1.0,tony/django-slugify-processor,1,202502
aws-samples/aws-dms-cdc-data-pipeline,2024-06,control,0,0,0,,0,,0,0,0,0,0,0,0,0,0,0,0,0,0,False,0.0,0.0,0.0,0.0,1.0,tony/django-slugify-processor,1,202502
aws-samples/aws-dms-cdc-data-pipeline,2024-07,control,0,0,0,,0,,0,0,0,0,0,0,0,0,0,0,0,0,0,False,2.0,5.0,1.0,2.0,1.0,tony/django-slugify-processor,1,202502
aws-samples/aws-dms-cdc-data-pipeline,2024-08,control,0,0,0,,0,,0,0,0,0,0,0,0,0,0,0,0,0,0,False,1.0,1.0,1.0,1.0,1.0,tony/django-slugify-processor,1,202502
aws-samples/aws-dms-cdc-data-pipeline,2024-09,control,0,0,0,,0,,0,0,0,0,0,0,0,0,0,0,0,0,0,False,0.0,0.0,0.0,0.0,1.0,tony/django-slugify-processor,1,202502
aws-samples/aws-dms-cdc-data-pipeline,2024-10,control,0,0,0,,0,,0,0,0,0,0,0,0,0,0,0,0,0,0,False,0.0,0.0,0.0,0.0,1.0,tony/django-slugify-processor,1,202502
aws-samples/aws-dms-cdc-data-pipeline,2024-11,control,0,0,0,,0,,0,0,0,0,0,0,0,0,0,0,0,0,0,False,0.0,0.0,0.0,0.0,1.0,tony/django-slugify-processor,1,202502
aws-samples/aws-dms-cdc-data-pipeline,2024-12,control,0,0,0,,0,,0,0,0,0,0,0,0,0,0,0,0,0,0,False,0.0,0.0,0.0,0.0,1.0,tony/django-slugify-processor,1,202502
aws-samples/aws-dms-cdc-data-pipeline,2025-01,control,0,0,0,,0,,0,0,0,0,0,0,0,0,0,0,0,0,0,False,1.0,1.0,1.0,1.0,1.0,tony/django-slugify-processor,1,202502
aws-samples/aws-dms-cdc-data-pipeline,2025-02,control,0,0,0,,0,,0,0,0,0,0,0,0,0,0,0,0,0,0,False,0.0,0.0,0.0,0.0,1.0,tony/django-slugify-processor,1,202502
aws-samples/aws-dms-cdc-data-pipeline,2025-03,control,0,0,0,,0,,0,0,0,0,0,0,0,0,0,0,0,0,0,False,0.0,0.0,0.0,0.0,1.0,tony/django-slugify-processor,1,202502
aws-samples/aws-dms-cdc-data-pipeline,2025-04,control,0,0,0,,0,,0,0,0,0,0,0,0,0,0,0,0,0,0,False,0.0,0.0,0.0,0.0,1.0,tony/django-slugify-processor,1,202502
aws-samples/aws-dms-cdc-data-pipeline,2025-05,control,0,0,0,,0,,0,0,0,0,0,0,0,0,0,0,0,0,0,False,0.0,0.0,0.0,0.0,1.0,tony/django-slugify-processor,1,202502
aws-samples/aws-dms-cdc-data-pipeline,2025-06,control,0,0,0,,0,,0,0,0,0,0,0,0,0,0,0,0,0,0,False,0.0,0.0,0.0,0.0,1.0,tony/django-slugify-processor,1,202502
aws-samples/aws-dms-cdc-data-pipeline,2025-07,control,0,0,0,,0,,0,0,0,0,0,0,0,0,0,0,0,0,0,False,0.0,0.0,0.0,0.0,1.0,tony/django-slugify-processor,1,202502
aws-samples/aws-dms-cdc-data-pipeline,2025-08,control,0,0,0,,0,,0,0,0,0,0,0,0,0,0,0,0,0,0,False,0.0,0.0,0.0,0.0,1.0,tony/django-slugify-processor,1,202502
aws/nova-act,2025-03,control,0,0,0,,0,,0,0,0,0,0,0,0,0,0,0,0,0,0,False,9.0,52554.0,386.0,4.0,1.0,Aronnaxx/Behold-Urwar-Droid-Concepts; Mineru98/mysql-mcp-server; The-Pocket/Tutorial-AI-Paul-Graham; The-Pocket/Tutorial-Cold-Email-Personalization; The-Pocket/Tutorial-Cursor; cohnen/mcp-google-ads; ericzakariasson/uber-eats-mcp-server; ezyang/codemcp; hyperb1iss/droidmind; osomai/servicenow-mcp; samuelgursky/davinci-resolve-mcp; sshtunnelvision/MCP-LOGO-GEN; synaptiai/prompt-decorators; trycua/cua; utensils/mcp-nixos; xzq-xu/jvm-mcp-server; yagami1997/CursorMind; zilliztech/mcp-server-milvus,1,202502
aws/nova-act,2025-04,control,0,0,0,,0,,0,0,0,0,0,0,0,0,0,0,0,0,0,False,31.0,44179.0,45596.0,13.0,1.0,Aronnaxx/Behold-Urwar-Droid-Concepts; Mineru98/mysql-mcp-server; The-Pocket/Tutorial-AI-Paul-Graham; The-Pocket/Tutorial-Cold-Email-Personalization; The-Pocket/Tutorial-Cursor; cohnen/mcp-google-ads; ericzakariasson/uber-eats-mcp-server; ezyang/codemcp; hyperb1iss/droidmind; osomai/servicenow-mcp; samuelgursky/davinci-resolve-mcp; sshtunnelvision/MCP-LOGO-GEN; synaptiai/prompt-decorators; trycua/cua; utensils/mcp-nixos; xzq-xu/jvm-mcp-server; yagami1997/CursorMind; zilliztech/mcp-server-milvus,1,202502
aws/nova-act,2025-05,control,0,0,0,,0,,0,0,0,0,0,0,0,0,0,0,0,0,0,False,18.0,2539.0,1496.0,9.0,1.0,Aronnaxx/Behold-Urwar-Droid-Concepts; Mineru98/mysql-mcp-server; The-Pocket/Tutorial-AI-Paul-Graham; The-Pocket/Tutorial-Cold-Email-Personalization; The-Pocket/Tutorial-Cursor; cohnen/mcp-google-ads; ericzakariasson/uber-eats-mcp-server; ezyang/codemcp; hyperb1iss/droidmind; osomai/servicenow-mcp; samuelgursky/davinci-resolve-mcp; sshtunnelvision/MCP-LOGO-GEN; synaptiai/prompt-decorators; trycua/cua; utensils/mcp-nixos; xzq-xu/jvm-mcp-server; yagami1997/CursorMind; zilliztech/mcp-server-milvus,1,202502
aws/nova-act,2025-06,control,0,0,0,,0,,0,0,0,0,0,0,0,0,0,0,0,0,0,False,30.0,5565.0,2576.0,11.0,1.0,Aronnaxx/Behold-Urwar-Droid-Concepts; Mineru98/mysql-mcp-server; The-Pocket/Tutorial-AI-Paul-Graham; The-Pocket/Tutorial-Cold-Email-Personalization; The-Pocket/Tutorial-Cursor; cohnen/mcp-google-ads; ericzakariasson/uber-eats-mcp-server; ezyang/codemcp; hyperb1iss/droidmind; osomai/servicenow-mcp; samuelgursky/davinci-resolve-mcp; sshtunnelvision/MCP-LOGO-GEN; synaptiai/prompt-decorators; trycua/cua; utensils/mcp-nixos; xzq-xu/jvm-mcp-server; yagami1997/CursorMind; zilliztech/mcp-server-milvus,1,202502
aws/nova-act,2025-07,control,0,0,0,,0,,0,0,0,0,0,0,0,0,0,0,0,0,0,False,2.0,1290.0,249.0,1.0,1.0,Aronnaxx/Behold-Urwar-Droid-Concepts; Mineru98/mysql-mcp-server; The-Pocket/Tutorial-AI-Paul-Graham; The-Pocket/Tutorial-Cold-Email-Personalization; The-Pocket/Tutorial-Cursor; cohnen/mcp-google-ads; ericzakariasson/uber-eats-mcp-server; ezyang/codemcp; hyperb1iss/droidmind; osomai/servicenow-mcp; samuelgursky/davinci-resolve-mcp; sshtunnelvision/MCP-LOGO-GEN; synaptiai/prompt-decorators; trycua/cua; utensils/mcp-nixos; xzq-xu/jvm-mcp-server; yagami1997/CursorMind; zilliztech/mcp-server-milvus,1,202502
aws/nova-act,2025-08,control,0,0,0,,0,,0,0,0,0,0,0,0,0,0,0,0,0,0,False,2.0,2825.0,1071.0,1.0,1.0,Aronnaxx/Behold-Urwar-Droid-Concepts; Mineru98/mysql-mcp-server; The-Pocket/Tutorial-AI-Paul-Graham; The-Pocket/Tutorial-Cold-Email-Personalization; The-Pocket/Tutorial-Cursor; cohnen/mcp-google-ads; ericzakariasson/uber-eats-mcp-server; ezyang/codemcp; hyperb1iss/droidmind; osomai/servicenow-mcp; samuelgursky/davinci-resolve-mcp; sshtunnelvision/MCP-LOGO-GEN; synaptiai/prompt-decorators; trycua/cua; utensils/mcp-nixos; xzq-xu/jvm-mcp-server; yagami1997/CursorMind; zilliztech/mcp-server-milvus,1,202502
baaivision/EVE,2024-06,control,0,0,0,,0,,0,0,0,0,0,0,0,0,0,0,0,0,0,False,10.0,9961.0,67.0,2.0,1.0,zauberzeug/nicegui,2,202502
baaivision/EVE,2024-07,control,0,0,0,,0,,0,0,0,0,0,0,0,0,0,0,0,0,0,False,7.0,18.0,18.0,1.0,1.0,zauberzeug/nicegui,2,202502
baaivision/EVE,2024-08,control,0,0,0,,0,,0,0,0,0,0,0,0,0,0,0,0,0,0,False,0.0,0.0,0.0,0.0,1.0,zauberzeug/nicegui,2,202502
baaivision/EVE,2024-09,control,0,0,0,,0,,0,0,0,0,0,0,0,0,0,0,0,0,0,False,0.0,0.0,0.0,0.0,1.0,zauberzeug/nicegui,2,202502
baaivision/EVE,2024-10,control,0,0,0,,0,,0,0,0,0,0,0,0,0,0,0,0,0,0,False,2.0,3.0,2.0,1.0,1.0,zauberzeug/nicegui,2,202502
baaivision/EVE,2024-11,control,0,0,0,,0,,0,0,0,0,0,0,0,0,0,0,0,0,0,False,0.0,0.0,0.0,0.0,1.0,zauberzeug/nicegui,2,202502
baaivision/EVE,2024-12,control,0,0,0,,0,,0,0,0,0,0,0,0,0,0,0,0,0,0,False,0.0,0.0,0.0,0.0,1.0,zauberzeug/nicegui,2,202502
baaivision/EVE,2025-01,control,0,0,0,,0,,0,0,0,0,0,0,0,0,0,0,0,0,0,False,0.0,0.0,0.0,0.0,1.0,zauberzeug/nicegui,2,202502
baaivision/EVE,2025-02,control,0,0,0,,0,,0,0,0,0,0,0,0,0,0,0,0,0,0,False,7.0,11974.0,226.0,1.0,1.0,zauberzeug/nicegui,2,202502
baaivision/EVE,2025-03,control,0,0,0,,0,,0,0,0,0,0,0,0,0,0,0,0,0,0,False,0.0,0.0,0.0,0.0,1.0,zauberzeug/nicegui,2,202502
baaivision/EVE,2025-04,control,0,0,0,,0,,0,0,0,0,0,0,0,0,0,0,0,0,0,False,0.0,0.0,0.0,0.0,1.0,zauberzeug/nicegui,2,202502
baaivision/EVE,2025-05,control,0,0,0,,0,,0,0,0,0,0,0,0,0,0,0,0,0,0,False,0.0,0.0,0.0,0.0,1.0,zauberzeug/nicegui,2,202502
baaivision/EVE,2025-06,control,0,0,0,,0,,0,0,0,0,0,0,0,0,0,0,0,0,0,False,0.0,0.0,0.0,0.0,1.0,zauberzeug/nicegui,2,202502
baaivision/EVE,2025-07,control,0,0,0,,0,,0,0,0,0,0,0,0,0,0,0,0,0,0,False,3.0,56.0,58.0,1.0,1.0,zauberzeug/nicegui,2,202502
baaivision/EVE,2025-08,control,0,0,0,,0,,0,0,0,0,0,0,0,0,0,0,0,0,0,False,0.0,0.0,0.0,0.0,1.0,zauberzeug/nicegui,2,202502
bannsec/stegoVeritas,2024-01,control,0,0,0,,0,,0,0,0,0,0,0,0,0,0,0,0,0,0,False,0.0,0.0,0.0,0.0,1.0,tmux-python/tmuxp,1,202502
bannsec/stegoVeritas,2024-02,control,0,0,0,,0,,0,0,0,0,0,0,0,0,0,0,0,0,0,False,0.0,0.0,0.0,0.0,1.0,tmux-python/tmuxp,1,202502
bannsec/stegoVeritas,2024-03,control,0,0,0,,0,,0,0,0,0,0,0,0,0,0,0,0,0,0,False,0.0,0.0,0.0,0.0,1.0,tmux-python/tmuxp,1,202502
bannsec/stegoVeritas,2024-04,control,0,0,0,,0,,0,0,0,0,0,0,0,0,0,0,0,0,0,False,0.0,0.0,0.0,0.0,1.0,tmux-python/tmuxp,1,202502
bannsec/stegoVeritas,2024-05,control,0,0,0,,0,,0,0,0,0,0,0,0,0,0,0,0,0,0,False,0.0,0.0,0.0,0.0,1.0,tmux-python/tmuxp,1,202502
bannsec/stegoVeritas,2024-06,control,0,0,0,,0,,0,0,0,0,0,0,0,0,0,0,0,0,0,False,0.0,0.0,0.0,0.0,1.0,tmux-python/tmuxp,1,202502
bannsec/stegoVeritas,2024-07,control,0,0,0,,0,,0,0,0,0,0,0,0,0,0,0,0,0,0,False,0.0,0.0,0.0,0.0,1.0,tmux-python/tmuxp,1,202502
bannsec/stegoVeritas,2024-08,control,0,0,0,,0,,0,0,0,0,0,0,0,0,0,0,0,0,0,False,0.0,0.0,0.0,0.0,1.0,tmux-python/tmuxp,1,202502
bannsec/stegoVeritas,2024-09,control,0,0,0,,0,,0,0,0,0,0,0,0,0,0,0,0,0,0,False,0.0,0.0,0.0,0.0,1.0,tmux-python/tmuxp,1,202502
bannsec/stegoVeritas,2024-10,control,0,0,0,,0,,0,0,0,0,0,0,0,0,0,0,0,0,0,False,0.0,0.0,0.0,0.0,1.0,tmux-python/tmuxp,1,202502
bannsec/stegoVeritas,2024-11,control,0,0,0,,0,,0,0,0,0,0,0,0,0,0,0,0,0,0,False,0.0,0.0,0.0,0.0,1.0,tmux-python/tmuxp,1,202502
bannsec/stegoVeritas,2024-12,control,0,0,0,,0,,0,0,0,0,0,0,0,0,0,0,0,0,0,False,0.0,0.0,0.0,0.0,1.0,tmux-python/tmuxp,1,202502
bannsec/stegoVeritas,2025-01,control,0,0,0,,0,,0,0,0,0,0,0,0,0,0,0,0,0,0,False,0.0,0.0,0.0,0.0,1.0,tmux-python/tmuxp,1,202502
bannsec/stegoVeritas,2025-02,control,0,0,0,,0,,0,0,0,0,0,0,0,0,0,0,0,0,0,False,0.0,0.0,0.0,0.0,1.0,tmux-python/tmuxp,1,202502
bannsec/stegoVeritas,2025-03,control,0,0,0,,0,,0,0,0,0,0,0,0,0,0,0,0,0,0,False,0.0,0.0,0.0,0.0,1.0,tmux-python/tmuxp,1,202502
bannsec/stegoVeritas,2025-04,control,0,0,0,,0,,0,0,0,0,0,0,0,0,0,0,0,0,0,False,0.0,0.0,0.0,0.0,1.0,tmux-python/tmuxp,1,202502
bannsec/stegoVeritas,2025-05,control,0,0,0,,0,,0,0,0,0,0,0,0,0,0,0,0,0,0,False,0.0,0.0,0.0,0.0,1.0,tmux-python/tmuxp,1,202502
bannsec/stegoVeritas,2025-06,control,0,0,0,,0,,0,0,0,0,0,0,0,0,0,0,0,0,0,False,0.0,0.0,0.0,0.0,1.0,tmux-python/tmuxp,1,202502
bannsec/stegoVeritas,2025-07,control,0,0,0,,0,,0,0,0,0,0,0,0,0,0,0,0,0,0,False,0.0,0.0,0.0,0.0,1.0,tmux-python/tmuxp,1,202502
bannsec/stegoVeritas,2025-08,control,0,0,0,,0,,0,0,0,0,0,0,0,0,0,0,0,0,0,False,0.0,0.0,0.0,0.0,1.0,tmux-python/tmuxp,1,202502
believethehype/nostrdvm,2024-01,control,0,0,0,,0,,0,0,0,0,0,0,0,0,0,0,0,0,0,False,92.0,7134.0,2136.0,3.0,1.0,zauberzeug/nicegui,3,202502
believethehype/nostrdvm,2024-02,control,0,0,0,,0,,0,0,0,0,0,0,0,0,0,0,0,0,0,False,49.0,4479.0,1727.0,2.0,1.0,zauberzeug/nicegui,3,202502
believethehype/nostrdvm,2024-03,control,0,0,0,,0,,0,0,0,0,0,0,0,0,0,0,0,0,0,False,82.0,9449.0,4715.0,3.0,1.0,zauberzeug/nicegui,3,202502
believethehype/nostrdvm,2024-04,control,0,0,0,,0,,0,0,0,0,0,0,0,0,0,0,0,0,0,False,80.0,16573.0,4532.0,4.0,1.0,zauberzeug/nicegui,3,202502
believethehype/nostrdvm,2024-05,control,0,0,0,,0,,0,0,0,0,0,0,0,0,0,0,0,0,0,False,54.0,2463.0,1065.0,2.0,1.0,zauberzeug/nicegui,3,202502
believethehype/nostrdvm,2024-06,control,0,0,0,,0,,0,0,0,0,0,0,0,0,0,0,0,0,0,False,110.0,6507.0,3700.0,2.0,1.0,zauberzeug/nicegui,3,202502
believethehype/nostrdvm,2024-07,control,0,0,0,,0,,0,0,0,0,0,0,0,0,0,0,0,0,0,False,34.0,4129.0,506.0,2.0,1.0,zauberzeug/nicegui,3,202502
believethehype/nostrdvm,2024-08,control,0,0,0,,0,,0,0,0,0,0,0,0,0,0,0,0,0,0,False,47.0,4589.0,898.0,2.0,1.0,zauberzeug/nicegui,3,202502
believethehype/nostrdvm,2024-09,control,0,0,0,,0,,0,0,0,0,0,0,0,0,0,0,0,0,0,False,44.0,3942.0,1559.0,2.0,1.0,zauberzeug/nicegui,3,202502
believethehype/nostrdvm,2024-10,control,0,0,0,,0,,0,0,0,0,0,0,0,0,0,0,0,0,0,False,59.0,2639.0,3583.0,4.0,1.0,zauberzeug/nicegui,3,202502
believethehype/nostrdvm,2024-11,control,0,0,0,,0,,0,0,0,0,0,0,0,0,0,0,0,0,0,False,96.0,11651.0,9488.0,2.0,1.0,zauberzeug/nicegui,3,202502
believethehype/nostrdvm,2024-12,control,0,0,0,,0,,0,0,0,0,0,0,0,0,0,0,0,0,0,False,34.0,2005.0,465.0,2.0,1.0,zauberzeug/nicegui,3,202502
believethehype/nostrdvm,2025-01,control,0,0,0,,0,,0,0,0,0,0,0,0,0,0,0,0,0,0,False,22.0,1146.0,465.0,1.0,1.0,zauberzeug/nicegui,3,202502
believethehype/nostrdvm,2025-02,control,0,0,0,,0,,0,0,0,0,0,0,0,0,0,0,0,0,0,False,20.0,3475.0,479.0,1.0,1.0,zauberzeug/nicegui,3,202502
believethehype/nostrdvm,2025-03,control,0,0,0,,0,,0,0,0,0,0,0,0,0,0,0,0,0,0,False,1.0,1.0,1.0,1.0,1.0,zauberzeug/nicegui,3,202502
believethehype/nostrdvm,2025-04,control,0,0,0,,0,,0,0,0,0,0,0,0,0,0,0,0,0,0,False,3.0,15.0,10.0,1.0,1.0,zauberzeug/nicegui,3,202502
believethehype/nostrdvm,2025-05,control,0,0,0,,0,,0,0,0,0,0,0,0,0,0,0,0,0,0,False,4.0,149.0,12.0,1.0,1.0,zauberzeug/nicegui,3,202502
believethehype/nostrdvm,2025-06,control,0,0,0,,0,,0,0,0,0,0,0,0,0,0,0,0,0,0,False,0.0,0.0,0.0,0.0,1.0,zauberzeug/nicegui,3,202502
believethehype/nostrdvm,2025-07,control,0,0,0,,0,,0,0,0,0,0,0,0,0,0,0,0,0,0,False,0.0,0.0,0.0,0.0,1.0,zauberzeug/nicegui,3,202502
believethehype/nostrdvm,2025-08,control,0,0,0,,0,,0,0,0,0,0,0,0,0,0,0,0,0,0,False,4.0,225.0,37.0,1.0,1.0,zauberzeug/nicegui,3,202502
bobokun/actualtap-py,2024-07,control,0,0,0,,0,,0,0,0,0,0,0,0,0,0,0,0,0,0,False,38.0,1262.0,199.0,5.0,1.0,ToolUse/tool-use-ai,3,202411
bobokun/actualtap-py,2024-08,control,0,0,0,,0,,0,0,0,0,0,0,0,0,0,0,0,0,0,False,16.0,165.0,133.0,4.0,1.0,ToolUse/tool-use-ai,3,202411
bobokun/actualtap-py,2024-09,control,0,0,0,,0,,0,0,0,0,0,0,0,0,0,0,0,0,0,False,13.0,25.0,27.0,3.0,1.0,ToolUse/tool-use-ai,3,202411
bobokun/actualtap-py,2024-10,control,0,0,0,,0,,0,0,0,0,0,0,0,0,0,0,0,0,0,False,8.0,128.0,22.0,4.0,1.0,ToolUse/tool-use-ai,3,202411
bobokun/actualtap-py,2024-11,control,0,0,0,,0,,0,0,0,0,0,0,0,0,0,0,0,0,0,False,11.0,252.0,183.0,4.0,1.0,ToolUse/tool-use-ai,3,202411
bobokun/actualtap-py,2024-12,control,0,0,0,,0,,0,0,0,0,0,0,0,0,0,0,0,0,0,False,13.0,311.0,178.0,5.0,1.0,ToolUse/tool-use-ai,3,202411
bobokun/actualtap-py,2025-01,control,0,0,0,,0,,0,0,0,0,0,0,0,0,0,0,0,0,0,False,7.0,10.0,9.0,3.0,1.0,ToolUse/tool-use-ai,3,202411
bobokun/actualtap-py,2025-02,control,0,0,0,,0,,0,0,0,0,0,0,0,0,0,0,0,0,0,False,5.0,8.0,8.0,2.0,1.0,ToolUse/tool-use-ai,3,202411
bobokun/actualtap-py,2025-03,control,0,0,0,,0,,0,0,0,0,0,0,0,0,0,0,0,0,0,False,7.0,10.0,10.0,2.0,1.0,ToolUse/tool-use-ai,3,202411
bobokun/actualtap-py,2025-04,control,0,0,0,,0,,0,0,0,0,0,0,0,0,0,0,0,0,0,False,5.0,8.0,5.0,2.0,1.0,ToolUse/tool-use-ai,3,202411
bobokun/actualtap-py,2025-05,control,0,0,0,,0,,0,0,0,0,0,0,0,0,0,0,0,0,0,False,1.0,1.0,1.0,1.0,1.0,ToolUse/tool-use-ai,3,202411
bobokun/actualtap-py,2025-06,control,0,0,0,,0,,0,0,0,0,0,0,0,0,0,0,0,0,0,False,9.0,16.0,12.0,3.0,1.0,ToolUse/tool-use-ai,3,202411
bobokun/actualtap-py,2025-07,control,0,0,0,,0,,0,0,0,0,0,0,0,0,0,0,0,0,0,False,30.0,2228.0,139.0,3.0,1.0,ToolUse/tool-use-ai,3,202411
bobokun/actualtap-py,2025-08,control,0,0,0,,0,,0,0,0,0,0,0,0,0,0,0,0,0,0,False,4.0,8.0,8.0,1.0,1.0,ToolUse/tool-use-ai,3,202411
bropines/chrome-lens-py,2024-08,control,0,0,0,,0,,0,0,0,0,0,0,0,0,0,0,0,0,0,False,15.0,1201.0,67.0,2.0,1.0,airweave-ai/airweave; yagami1997/TradeMind,1; 3,202502
bropines/chrome-lens-py,2024-09,control,0,0,0,,0,,0,0,0,0,0,0,0,0,0,0,0,0,0,False,11.0,886.0,320.0,3.0,1.0,airweave-ai/airweave; yagami1997/TradeMind,1; 3,202502
bropines/chrome-lens-py,2024-10,control,0,0,0,,0,,0,0,0,0,0,0,0,0,0,0,0,0,0,False,5.0,772.0,407.0,2.0,1.0,airweave-ai/airweave; yagami1997/TradeMind,1; 3,202502
bropines/chrome-lens-py,2024-11,control,0,0,0,,0,,0,0,0,0,0,0,0,0,0,0,0,0,0,False,6.0,1193.0,285.0,1.0,1.0,airweave-ai/airweave; yagami1997/TradeMind,1; 3,202502
bropines/chrome-lens-py,2024-12,control,0,0,0,,0,,0,0,0,0,0,0,0,0,0,0,0,0,0,False,1.0,162.0,65.0,1.0,1.0,airweave-ai/airweave; yagami1997/TradeMind,1; 3,202502
bropines/chrome-lens-py,2025-01,control,0,0,0,,0,,0,0,0,0,0,0,0,0,0,0,0,0,0,False,3.0,139.0,26.0,3.0,1.0,airweave-ai/airweave; yagami1997/TradeMind,1; 3,202502
bropines/chrome-lens-py,2025-02,control,0,0,0,,0,,0,0,0,0,0,0,0,0,0,0,0,0,0,False,15.0,1093.0,579.0,5.0,1.0,airweave-ai/airweave; yagami1997/TradeMind,1; 3,202502
bropines/chrome-lens-py,2025-03,control,0,0,0,,0,,0,0,0,0,0,0,0,0,0,0,0,0,0,False,25.0,4625.0,3227.0,3.0,1.0,airweave-ai/airweave; yagami1997/TradeMind,1; 3,202502
bropines/chrome-lens-py,2025-04,control,0,0,0,,0,,0,0,0,0,0,0,0,0,0,0,0,0,0,False,0.0,0.0,0.0,0.0,1.0,airweave-ai/airweave; yagami1997/TradeMind,1; 3,202502
bropines/chrome-lens-py,2025-05,control,0,0,0,,0,,0,0,0,0,0,0,0,0,0,0,0,0,0,False,0.0,0.0,0.0,0.0,1.0,airweave-ai/airweave; yagami1997/TradeMind,1; 3,202502
bropines/chrome-lens-py,2025-06,control,0,0,0,,0,,0,0,0,0,0,0,0,0,0,0,0,0,0,False,14.0,9727.0,9465.0,2.0,1.0,airweave-ai/airweave; yagami1997/TradeMind,1; 3,202502
bropines/chrome-lens-py,2025-07,control,0,0,0,,0,,0,0,0,0,0,0,0,0,0,0,0,0,0,False,0.0,0.0,0.0,0.0,1.0,airweave-ai/airweave; yagami1997/TradeMind,1; 3,202502
bropines/chrome-lens-py,2025-08,control,0,0,0,,0,,0,0,0,0,0,0,0,0,0,0,0,0,0,False,7.0,256.0,70.0,1.0,1.0,airweave-ai/airweave; yagami1997/TradeMind,1; 3,202502
caffeinedoom/reconthing,2024-11,control,0,0,0,,0,,0,0,0,0,0,0,0,0,0,0,0,0,0,False,3.0,3.0,3.0,1.0,1.0,Hankanman/Area-Occupancy-Detection,2,202411
caffeinedoom/reconthing,2024-12,control,0,0,0,,0,,0,0,0,0,0,0,0,0,0,0,0,0,0,False,0.0,0.0,0.0,0.0,1.0,Hankanman/Area-Occupancy-Detection,2,202411
caffeinedoom/reconthing,2025-01,control,0,0,0,,0,,0,0,0,0,0,0,0,0,0,0,0,0,0,False,0.0,0.0,0.0,0.0,1.0,Hankanman/Area-Occupancy-Detection,2,202411
caffeinedoom/reconthing,2025-02,control,0,0,0,,0,,0,0,0,0,0,0,0,0,0,0,0,0,0,False,0.0,0.0,0.0,0.0,1.0,Hankanman/Area-Occupancy-Detection,2,202411
caffeinedoom/reconthing,2025-03,control,0,0,0,,0,,0,0,0,0,0,0,0,0,0,0,0,0,0,False,0.0,0.0,0.0,0.0,1.0,Hankanman/Area-Occupancy-Detection,2,202411
caffeinedoom/reconthing,2025-04,control,0,0,0,,0,,0,0,0,0,0,0,0,0,0,0,0,0,0,False,0.0,0.0,0.0,0.0,1.0,Hankanman/Area-Occupancy-Detection,2,202411
caffeinedoom/reconthing,2025-05,control,0,0,0,,0,,0,0,0,0,0,0,0,0,0,0,0,0,0,False,0.0,0.0,0.0,0.0,1.0,Hankanman/Area-Occupancy-Detection,2,202411
caffeinedoom/reconthing,2025-06,control,0,0,0,,0,,0,0,0,0,0,0,0,0,0,0,0,0,0,False,0.0,0.0,0.0,0.0,1.0,Hankanman/Area-Occupancy-Detection,2,202411
caffeinedoom/reconthing,2025-07,control,0,0,0,,0,,0,0,0,0,0,0,0,0,0,0,0,0,0,False,0.0,0.0,0.0,0.0,1.0,Hankanman/Area-Occupancy-Detection,2,202411
caffeinedoom/reconthing,2025-08,control,0,0,0,,0,,0,0,0,0,0,0,0,0,0,0,0,0,0,False,0.0,0.0,0.0,0.0,1.0,Hankanman/Area-Occupancy-Detection,2,202411
chenjie/PyTorch-CIFAR-10-autoencoder,2024-01,control,0,0,0,,0,,0,0,0,0,0,0,0,0,0,0,0,0,0,False,0.0,0.0,0.0,0.0,1.0,tsukumijima/KonomiTV,1,202501
chenjie/PyTorch-CIFAR-10-autoencoder,2024-02,control,0,0,0,,0,,0,0,0,0,0,0,0,0,0,0,0,0,0,False,0.0,0.0,0.0,0.0,1.0,tsukumijima/KonomiTV,1,202501
chenjie/PyTorch-CIFAR-10-autoencoder,2024-03,control,0,0,0,,0,,0,0,0,0,0,0,0,0,0,0,0,0,0,False,0.0,0.0,0.0,0.0,1.0,tsukumijima/KonomiTV,1,202501
chenjie/PyTorch-CIFAR-10-autoencoder,2024-04,control,0,0,0,,0,,0,0,0,0,0,0,0,0,0,0,0,0,0,False,0.0,0.0,0.0,0.0,1.0,tsukumijima/KonomiTV,1,202501
chenjie/PyTorch-CIFAR-10-autoencoder,2024-05,control,0,0,0,,0,,0,0,0,0,0,0,0,0,0,0,0,0,0,False,0.0,0.0,0.0,0.0,1.0,tsukumijima/KonomiTV,1,202501
chenjie/PyTorch-CIFAR-10-autoencoder,2024-06,control,0,0,0,,0,,0,0,0,0,0,0,0,0,0,0,0,0,0,False,0.0,0.0,0.0,0.0,1.0,tsukumijima/KonomiTV,1,202501
chenjie/PyTorch-CIFAR-10-autoencoder,2024-07,control,0,0,0,,0,,0,0,0,0,0,0,0,0,0,0,0,0,0,False,0.0,0.0,0.0,0.0,1.0,tsukumijima/KonomiTV,1,202501
chenjie/PyTorch-CIFAR-10-autoencoder,2024-08,control,0,0,0,,0,,0,0,0,0,0,0,0,0,0,0,0,0,0,False,0.0,0.0,0.0,0.0,1.0,tsukumijima/KonomiTV,1,202501
chenjie/PyTorch-CIFAR-10-autoencoder,2024-09,control,0,0,0,,0,,0,0,0,0,0,0,0,0,0,0,0,0,0,False,0.0,0.0,0.0,0.0,1.0,tsukumijima/KonomiTV,1,202501
chenjie/PyTorch-CIFAR-10-autoencoder,2024-10,control,0,0,0,,0,,0,0,0,0,0,0,0,0,0,0,0,0,0,False,0.0,0.0,0.0,0.0,1.0,tsukumijima/KonomiTV,1,202501
chenjie/PyTorch-CIFAR-10-autoencoder,2024-11,control,0,0,0,,0,,0,0,0,0,0,0,0,0,0,0,0,0,0,False,0.0,0.0,0.0,0.0,1.0,tsukumijima/KonomiTV,1,202501
chenjie/PyTorch-CIFAR-10-autoencoder,2024-12,control,0,0,0,,0,,0,0,0,0,0,0,0,0,0,0,0,0,0,False,0.0,0.0,0.0,0.0,1.0,tsukumijima/KonomiTV,1,202501
chenjie/PyTorch-CIFAR-10-autoencoder,2025-01,control,0,0,0,,0,,0,0,0,0,0,0,0,0,0,0,0,0,0,False,0.0,0.0,0.0,0.0,1.0,tsukumijima/KonomiTV,1,202501
chenjie/PyTorch-CIFAR-10-autoencoder,2025-02,control,0,0,0,,0,,0,0,0,0,0,0,0,0,0,0,0,0,0,False,0.0,0.0,0.0,0.0,1.0,tsukumijima/KonomiTV,1,202501
chenjie/PyTorch-CIFAR-10-autoencoder,2025-03,control,0,0,0,,0,,0,0,0,0,0,0,0,0,0,0,0,0,0,False,0.0,0.0,0.0,0.0,1.0,tsukumijima/KonomiTV,1,202501
chenjie/PyTorch-CIFAR-10-autoencoder,2025-04,control,0,0,0,,0,,0,0,0,0,0,0,0,0,0,0,0,0,0,False,0.0,0.0,0.0,0.0,1.0,tsukumijima/KonomiTV,1,202501
chenjie/PyTorch-CIFAR-10-autoencoder,2025-05,control,0,0,0,,0,,0,0,0,0,0,0,0,0,0,0,0,0,0,False,0.0,0.0,0.0,0.0,1.0,tsukumijima/KonomiTV,1,202501
chenjie/PyTorch-CIFAR-10-autoencoder,2025-06,control,0,0,0,,0,,0,0,0,0,0,0,0,0,0,0,0,0,0,False,0.0,0.0,0.0,0.0,1.0,tsukumijima/KonomiTV,1,202501
chenjie/PyTorch-CIFAR-10-autoencoder,2025-07,control,0,0,0,,0,,0,0,0,0,0,0,0,0,0,0,0,0,0,False,0.0,0.0,0.0,0.0,1.0,tsukumijima/KonomiTV,1,202501
chenjie/PyTorch-CIFAR-10-autoencoder,2025-08,control,0,0,0,,0,,0,0,0,0,0,0,0,0,0,0,0,0,0,False,0.0,0.0,0.0,0.0,1.0,tsukumijima/KonomiTV,1,202501
chrisyy2003/nonebot-plugin-gpt3,2024-01,control,0,0,0,,0,,0,0,0,0,0,0,0,0,0,0,0,0,0,False,0.0,0.0,0.0,0.0,1.0,Multi-V-VM/MVVM,2,202502
chrisyy2003/nonebot-plugin-gpt3,2024-02,control,0,0,0,,0,,0,0,0,0,0,0,0,0,0,0,0,0,0,False,0.0,0.0,0.0,0.0,1.0,Multi-V-VM/MVVM,2,202502
chrisyy2003/nonebot-plugin-gpt3,2024-03,control,0,0,0,,0,,0,0,0,0,0,0,0,0,0,0,0,0,0,False,0.0,0.0,0.0,0.0,1.0,Multi-V-VM/MVVM,2,202502
chrisyy2003/nonebot-plugin-gpt3,2024-04,control,0,0,0,,0,,0,0,0,0,0,0,0,0,0,0,0,0,0,False,0.0,0.0,0.0,0.0,1.0,Multi-V-VM/MVVM,2,202502
chrisyy2003/nonebot-plugin-gpt3,2024-05,control,0,0,0,,0,,0,0,0,0,0,0,0,0,0,0,0,0,0,False,0.0,0.0,0.0,0.0,1.0,Multi-V-VM/MVVM,2,202502
chrisyy2003/nonebot-plugin-gpt3,2024-06,control,0,0,0,,0,,0,0,0,0,0,0,0,0,0,0,0,0,0,False,0.0,0.0,0.0,0.0,1.0,Multi-V-VM/MVVM,2,202502
chrisyy2003/nonebot-plugin-gpt3,2024-07,control,0,0,0,,0,,0,0,0,0,0,0,0,0,0,0,0,0,0,False,0.0,0.0,0.0,0.0,1.0,Multi-V-VM/MVVM,2,202502
chrisyy2003/nonebot-plugin-gpt3,2024-08,control,0,0,0,,0,,0,0,0,0,0,0,0,0,0,0,0,0,0,False,0.0,0.0,0.0,0.0,1.0,Multi-V-VM/MVVM,2,202502
chrisyy2003/nonebot-plugin-gpt3,2024-09,control,0,0,0,,0,,0,0,0,0,0,0,0,0,0,0,0,0,0,False,0.0,0.0,0.0,0.0,1.0,Multi-V-VM/MVVM,2,202502
chrisyy2003/nonebot-plugin-gpt3,2024-10,control,0,0,0,,0,,0,0,0,0,0,0,0,0,0,0,0,0,0,False,0.0,0.0,0.0,0.0,1.0,Multi-V-VM/MVVM,2,202502
chrisyy2003/nonebot-plugin-gpt3,2024-11,control,0,0,0,,0,,0,0,0,0,0,0,0,0,0,0,0,0,0,False,0.0,0.0,0.0,0.0,1.0,Multi-V-VM/MVVM,2,202502
chrisyy2003/nonebot-plugin-gpt3,2024-12,control,0,0,0,,0,,0,0,0,0,0,0,0,0,0,0,0,0,0,False,0.0,0.0,0.0,0.0,1.0,Multi-V-VM/MVVM,2,202502
chrisyy2003/nonebot-plugin-gpt3,2025-01,control,0,0,0,,0,,0,0,0,0,0,0,0,0,0,0,0,0,0,False,0.0,0.0,0.0,0.0,1.0,Multi-V-VM/MVVM,2,202502
chrisyy2003/nonebot-plugin-gpt3,2025-02,control,0,0,0,,0,,0,0,0,0,0,0,0,0,0,0,0,0,0,False,0.0,0.0,0.0,0.0,1.0,Multi-V-VM/MVVM,2,202502
chrisyy2003/nonebot-plugin-gpt3,2025-03,control,0,0,0,,0,,0,0,0,0,0,0,0,0,0,0,0,0,0,False,0.0,0.0,0.0,0.0,1.0,Multi-V-VM/MVVM,2,202502
chrisyy2003/nonebot-plugin-gpt3,2025-04,control,0,0,0,,0,,0,0,0,0,0,0,0,0,0,0,0,0,0,False,0.0,0.0,0.0,0.0,1.0,Multi-V-VM/MVVM,2,202502
chrisyy2003/nonebot-plugin-gpt3,2025-05,control,0,0,0,,0,,0,0,0,0,0,0,0,0,0,0,0,0,0,False,0.0,0.0,0.0,0.0,1.0,Multi-V-VM/MVVM,2,202502
chrisyy2003/nonebot-plugin-gpt3,2025-06,control,0,0,0,,0,,0,0,0,0,0,0,0,0,0,0,0,0,0,False,0.0,0.0,0.0,0.0,1.0,Multi-V-VM/MVVM,2,202502
chrisyy2003/nonebot-plugin-gpt3,2025-07,control,0,0,0,,0,,0,0,0,0,0,0,0,0,0,0,0,0,0,False,0.0,0.0,0.0,0.0,1.0,Multi-V-VM/MVVM,2,202502
chrisyy2003/nonebot-plugin-gpt3,2025-08,control,0,0,0,,0,,0,0,0,0,0,0,0,0,0,0,0,0,0,False,0.0,0.0,0.0,0.0,1.0,Multi-V-VM/MVVM,2,202502
cyb3rfortr3ss/ByDeF,2025-03,control,0,0,0,,0,,0,0,0,0,0,0,0,0,0,0,0,0,0,False,6.0,108.0,43.0,1.0,1.0,Aronnaxx/Behold-Urwar-Droid-Concepts; Mineru98/mysql-mcp-server; The-Pocket/Tutorial-AI-Paul-Graham; The-Pocket/Tutorial-Cold-Email-Personalization; The-Pocket/Tutorial-Cursor; cohnen/mcp-google-ads; ericzakariasson/uber-eats-mcp-server; ezyang/codemcp; hyperb1iss/droidmind; osomai/servicenow-mcp; samuelgursky/davinci-resolve-mcp; sshtunnelvision/MCP-LOGO-GEN; synaptiai/prompt-decorators; trycua/cua; utensils/mcp-nixos; xzq-xu/jvm-mcp-server; yagami1997/CursorMind; zilliztech/mcp-server-milvus,2,202502
cyb3rfortr3ss/ByDeF,2025-04,control,0,0,0,,0,,0,0,0,0,0,0,0,0,0,0,0,0,0,False,0.0,0.0,0.0,0.0,1.0,Aronnaxx/Behold-Urwar-Droid-Concepts; Mineru98/mysql-mcp-server; The-Pocket/Tutorial-AI-Paul-Graham; The-Pocket/Tutorial-Cold-Email-Personalization; The-Pocket/Tutorial-Cursor; cohnen/mcp-google-ads; ericzakariasson/uber-eats-mcp-server; ezyang/codemcp; hyperb1iss/droidmind; osomai/servicenow-mcp; samuelgursky/davinci-resolve-mcp; sshtunnelvision/MCP-LOGO-GEN; synaptiai/prompt-decorators; trycua/cua; utensils/mcp-nixos; xzq-xu/jvm-mcp-server; yagami1997/CursorMind; zilliztech/mcp-server-milvus,2,202502
cyb3rfortr3ss/ByDeF,2025-05,control,0,0,0,,0,,0,0,0,0,0,0,0,0,0,0,0,0,0,False,7.0,570.0,56.0,1.0,1.0,Aronnaxx/Behold-Urwar-Droid-Concepts; Mineru98/mysql-mcp-server; The-Pocket/Tutorial-AI-Paul-Graham; The-Pocket/Tutorial-Cold-Email-Personalization; The-Pocket/Tutorial-Cursor; cohnen/mcp-google-ads; ericzakariasson/uber-eats-mcp-server; ezyang/codemcp; hyperb1iss/droidmind; osomai/servicenow-mcp; samuelgursky/davinci-resolve-mcp; sshtunnelvision/MCP-LOGO-GEN; synaptiai/prompt-decorators; trycua/cua; utensils/mcp-nixos; xzq-xu/jvm-mcp-server; yagami1997/CursorMind; zilliztech/mcp-server-milvus,2,202502
cyb3rfortr3ss/ByDeF,2025-06,control,0,0,0,,0,,0,0,0,0,0,0,0,0,0,0,0,0,0,False,0.0,0.0,0.0,0.0,1.0,Aronnaxx/Behold-Urwar-Droid-Concepts; Mineru98/mysql-mcp-server; The-Pocket/Tutorial-AI-Paul-Graham; The-Pocket/Tutorial-Cold-Email-Personalization; The-Pocket/Tutorial-Cursor; cohnen/mcp-google-ads; ericzakariasson/uber-eats-mcp-server; ezyang/codemcp; hyperb1iss/droidmind; osomai/servicenow-mcp; samuelgursky/davinci-resolve-mcp; sshtunnelvision/MCP-LOGO-GEN; synaptiai/prompt-decorators; trycua/cua; utensils/mcp-nixos; xzq-xu/jvm-mcp-server; yagami1997/CursorMind; zilliztech/mcp-server-milvus,2,202502
cyb3rfortr3ss/ByDeF,2025-07,control,0,0,0,,0,,0,0,0,0,0,0,0,0,0,0,0,0,0,False,0.0,0.0,0.0,0.0,1.0,Aronnaxx/Behold-Urwar-Droid-Concepts; Mineru98/mysql-mcp-server; The-Pocket/Tutorial-AI-Paul-Graham; The-Pocket/Tutorial-Cold-Email-Personalization; The-Pocket/Tutorial-Cursor; cohnen/mcp-google-ads; ericzakariasson/uber-eats-mcp-server; ezyang/codemcp; hyperb1iss/droidmind; osomai/servicenow-mcp; samuelgursky/davinci-resolve-mcp; sshtunnelvision/MCP-LOGO-GEN; synaptiai/prompt-decorators; trycua/cua; utensils/mcp-nixos; xzq-xu/jvm-mcp-server; yagami1997/CursorMind; zilliztech/mcp-server-milvus,2,202502
cyb3rfortr3ss/ByDeF,2025-08,control,0,0,0,,0,,0,0,0,0,0,0,0,0,0,0,0,0,0,False,0.0,0.0,0.0,0.0,1.0,Aronnaxx/Behold-Urwar-Droid-Concepts; Mineru98/mysql-mcp-server; The-Pocket/Tutorial-AI-Paul-Graham; The-Pocket/Tutorial-Cold-Email-Personalization; The-Pocket/Tutorial-Cursor; cohnen/mcp-google-ads; ericzakariasson/uber-eats-mcp-server; ezyang/codemcp; hyperb1iss/droidmind; osomai/servicenow-mcp; samuelgursky/davinci-resolve-mcp; sshtunnelvision/MCP-LOGO-GEN; synaptiai/prompt-decorators; trycua/cua; utensils/mcp-nixos; xzq-xu/jvm-mcp-server; yagami1997/CursorMind; zilliztech/mcp-server-milvus,2,202502
davidhandsome86/LLM_RAG,2024-02,control,0,0,0,,0,,0,0,0,0,0,0,0,0,0,0,0,0,0,False,3.0,151.0,0.0,1.0,1.0,OpenSPP/openspp-modules,2,202502
davidhandsome86/LLM_RAG,2024-03,control,0,0,0,,0,,0,0,0,0,0,0,0,0,0,0,0,0,0,False,1.0,1.0,1.0,1.0,1.0,OpenSPP/openspp-modules,2,202502
davidhandsome86/LLM_RAG,2024-04,control,0,0,0,,0,,0,0,0,0,0,0,0,0,0,0,0,0,0,False,0.0,0.0,0.0,0.0,1.0,OpenSPP/openspp-modules,2,202502
davidhandsome86/LLM_RAG,2024-05,control,0,0,0,,0,,0,0,0,0,0,0,0,0,0,0,0,0,0,False,0.0,0.0,0.0,0.0,1.0,OpenSPP/openspp-modules,2,202502
davidhandsome86/LLM_RAG,2024-06,control,0,0,0,,0,,0,0,0,0,0,0,0,0,0,0,0,0,0,False,0.0,0.0,0.0,0.0,1.0,OpenSPP/openspp-modules,2,202502
davidhandsome86/LLM_RAG,2024-07,control,0,0,0,,0,,0,0,0,0,0,0,0,0,0,0,0,0,0,False,0.0,0.0,0.0,0.0,1.0,OpenSPP/openspp-modules,2,202502
davidhandsome86/LLM_RAG,2024-08,control,0,0,0,,0,,0,0,0,0,0,0,0,0,0,0,0,0,0,False,0.0,0.0,0.0,0.0,1.0,OpenSPP/openspp-modules,2,202502
davidhandsome86/LLM_RAG,2024-09,control,0,0,0,,0,,0,0,0,0,0,0,0,0,0,0,0,0,0,False,0.0,0.0,0.0,0.0,1.0,OpenSPP/openspp-modules,2,202502
davidhandsome86/LLM_RAG,2024-10,control,0,0,0,,0,,0,0,0,0,0,0,0,0,0,0,0,0,0,False,0.0,0.0,0.0,0.0,1.0,OpenSPP/openspp-modules,2,202502
davidhandsome86/LLM_RAG,2024-11,control,0,0,0,,0,,0,0,0,0,0,0,0,0,0,0,0,0,0,False,0.0,0.0,0.0,0.0,1.0,OpenSPP/openspp-modules,2,202502
davidhandsome86/LLM_RAG,2024-12,control,0,0,0,,0,,0,0,0,0,0,0,0,0,0,0,0,0,0,False,0.0,0.0,0.0,0.0,1.0,OpenSPP/openspp-modules,2,202502
davidhandsome86/LLM_RAG,2025-01,control,0,0,0,,0,,0,0,0,0,0,0,0,0,0,0,0,0,0,False,0.0,0.0,0.0,0.0,1.0,OpenSPP/openspp-modules,2,202502
davidhandsome86/LLM_RAG,2025-02,control,0,0,0,,0,,0,0,0,0,0,0,0,0,0,0,0,0,0,False,0.0,0.0,0.0,0.0,1.0,OpenSPP/openspp-modules,2,202502
davidhandsome86/LLM_RAG,2025-03,control,0,0,0,,0,,0,0,0,0,0,0,0,0,0,0,0,0,0,False,0.0,0.0,0.0,0.0,1.0,OpenSPP/openspp-modules,2,202502
davidhandsome86/LLM_RAG,2025-04,control,0,0,0,,0,,0,0,0,0,0,0,0,0,0,0,0,0,0,False,0.0,0.0,0.0,0.0,1.0,OpenSPP/openspp-modules,2,202502
davidhandsome86/LLM_RAG,2025-05,control,0,0,0,,0,,0,0,0,0,0,0,0,0,0,0,0,0,0,False,0.0,0.0,0.0,0.0,1.0,OpenSPP/openspp-modules,2,202502
davidhandsome86/LLM_RAG,2025-06,control,0,0,0,,0,,0,0,0,0,0,0,0,0,0,0,0,0,0,False,0.0,0.0,0.0,0.0,1.0,OpenSPP/openspp-modules,2,202502
davidhandsome86/LLM_RAG,2025-07,control,0,0,0,,0,,0,0,0,0,0,0,0,0,0,0,0,0,0,False,0.0,0.0,0.0,0.0,1.0,OpenSPP/openspp-modules,2,202502
davidhandsome86/LLM_RAG,2025-08,control,0,0,0,,0,,0,0,0,0,0,0,0,0,0,0,0,0,0,False,0.0,0.0,0.0,0.0,1.0,OpenSPP/openspp-modules,2,202502
daxa-ai/pebblo,2024-01,control,0,0,0,,0,,0,0,0,0,0,0,0,0,0,0,0,0,0,False,175.0,12581.0,6698.0,14.0,1.0,Kiln-AI/Kiln; martinnormark/neural-mesh-simplification,2,202412
daxa-ai/pebblo,2024-02,control,0,0,0,,0,,0,0,0,0,0,0,0,0,0,0,0,0,0,False,74.0,7799.0,1516.0,12.0,1.0,Kiln-AI/Kiln; martinnormark/neural-mesh-simplification,2,202412
daxa-ai/pebblo,2024-03,control,0,0,0,,0,,0,0,0,0,0,0,0,0,0,0,0,0,0,False,46.0,5024.0,2188.0,8.0,1.0,Kiln-AI/Kiln; martinnormark/neural-mesh-simplification,2,202412
daxa-ai/pebblo,2024-04,control,0,0,0,,0,,0,0,0,0,0,0,0,0,0,0,0,0,0,False,33.0,2327.0,405.0,9.0,1.0,Kiln-AI/Kiln; martinnormark/neural-mesh-simplification,2,202412
daxa-ai/pebblo,2024-05,control,0,0,0,,0,,0,0,0,0,0,0,0,0,0,0,0,0,0,False,21.0,2817.0,499.0,7.0,1.0,Kiln-AI/Kiln; martinnormark/neural-mesh-simplification,2,202412
daxa-ai/pebblo,2024-06,control,0,0,0,,0,,0,0,0,0,0,0,0,0,0,0,0,0,0,False,5.0,756.0,56.0,4.0,1.0,Kiln-AI/Kiln; martinnormark/neural-mesh-simplification,2,202412
daxa-ai/pebblo,2024-07,control,0,0,0,,0,,0,0,0,0,0,0,0,0,0,0,0,0,0,False,40.0,2549.0,921.0,8.0,1.0,Kiln-AI/Kiln; martinnormark/neural-mesh-simplification,2,202412
daxa-ai/pebblo,2024-08,control,0,0,0,,0,,0,0,0,0,0,0,0,0,0,0,0,0,0,False,32.0,5726.0,666.0,10.0,1.0,Kiln-AI/Kiln; martinnormark/neural-mesh-simplification,2,202412
daxa-ai/pebblo,2024-09,control,0,0,0,,0,,0,0,0,0,0,0,0,0,0,0,0,0,0,False,54.0,6717.0,1612.0,10.0,1.0,Kiln-AI/Kiln; martinnormark/neural-mesh-simplification,2,202412
daxa-ai/pebblo,2024-10,control,0,0,0,,0,,0,0,0,0,0,0,0,0,0,0,0,0,0,False,7.0,465.0,23.0,3.0,1.0,Kiln-AI/Kiln; martinnormark/neural-mesh-simplification,2,202412
daxa-ai/pebblo,2024-11,control,0,0,0,,0,,0,0,0,0,0,0,0,0,0,0,0,0,0,False,1.0,432.0,0.0,1.0,1.0,Kiln-AI/Kiln; martinnormark/neural-mesh-simplification,2,202412
daxa-ai/pebblo,2024-12,control,0,0,0,,0,,0,0,0,0,0,0,0,0,0,0,0,0,0,False,0.0,0.0,0.0,0.0,1.0,Kiln-AI/Kiln; martinnormark/neural-mesh-simplification,2,202412
daxa-ai/pebblo,2025-01,control,0,0,0,,0,,0,0,0,0,0,0,0,0,0,0,0,0,0,False,0.0,0.0,0.0,0.0,1.0,Kiln-AI/Kiln; martinnormark/neural-mesh-simplification,2,202412
daxa-ai/pebblo,2025-02,control,0,0,0,,0,,0,0,0,0,0,0,0,0,0,0,0,0,0,False,4.0,2179.0,105.0,1.0,1.0,Kiln-AI/Kiln; martinnormark/neural-mesh-simplification,2,202412
daxa-ai/pebblo,2025-03,control,0,0,0,,0,,0,0,0,0,0,0,0,0,0,0,0,0,0,False,0.0,0.0,0.0,0.0,1.0,Kiln-AI/Kiln; martinnormark/neural-mesh-simplification,2,202412
daxa-ai/pebblo,2025-04,control,0,0,0,,0,,0,0,0,0,0,0,0,0,0,0,0,0,0,False,0.0,0.0,0.0,0.0,1.0,Kiln-AI/Kiln; martinnormark/neural-mesh-simplification,2,202412
daxa-ai/pebblo,2025-05,control,0,0,0,,0,,0,0,0,0,0,0,0,0,0,0,0,0,0,False,0.0,0.0,0.0,0.0,1.0,Kiln-AI/Kiln; martinnormark/neural-mesh-simplification,2,202412
daxa-ai/pebblo,2025-06,control,0,0,0,,0,,0,0,0,0,0,0,0,0,0,0,0,0,0,False,2.0,574.0,3.0,2.0,1.0,Kiln-AI/Kiln; martinnormark/neural-mesh-simplification,2,202412
daxa-ai/pebblo,2025-07,control,0,0,0,,0,,0,0,0,0,0,0,0,0,0,0,0,0,0,False,0.0,0.0,0.0,0.0,1.0,Kiln-AI/Kiln; martinnormark/neural-mesh-simplification,2,202412
daxa-ai/pebblo,2025-08,control,0,0,0,,0,,0,0,0,0,0,0,0,0,0,0,0,0,0,False,0.0,0.0,0.0,0.0,1.0,Kiln-AI/Kiln; martinnormark/neural-mesh-simplification,2,202412
dimatura/pypcd,2024-01,control,0,0,0,,0,,0,0,0,0,0,0,0,0,0,0,0,0,0,False,0.0,0.0,0.0,0.0,1.0,wdm0006/git-pandas,1,202502
dimatura/pypcd,2024-02,control,0,0,0,,0,,0,0,0,0,0,0,0,0,0,0,0,0,0,False,0.0,0.0,0.0,0.0,1.0,wdm0006/git-pandas,1,202502
dimatura/pypcd,2024-03,control,0,0,0,,0,,0,0,0,0,0,0,0,0,0,0,0,0,0,False,0.0,0.0,0.0,0.0,1.0,wdm0006/git-pandas,1,202502
dimatura/pypcd,2024-04,control,0,0,0,,0,,0,0,0,0,0,0,0,0,0,0,0,0,0,False,0.0,0.0,0.0,0.0,1.0,wdm0006/git-pandas,1,202502
dimatura/pypcd,2024-05,control,0,0,0,,0,,0,0,0,0,0,0,0,0,0,0,0,0,0,False,0.0,0.0,0.0,0.0,1.0,wdm0006/git-pandas,1,202502
dimatura/pypcd,2024-06,control,0,0,0,,0,,0,0,0,0,0,0,0,0,0,0,0,0,0,False,1.0,1.0,1.0,1.0,1.0,wdm0006/git-pandas,1,202502
dimatura/pypcd,2024-07,control,0,0,0,,0,,0,0,0,0,0,0,0,0,0,0,0,0,0,False,4.0,6.0,2.0,1.0,1.0,wdm0006/git-pandas,1,202502
dimatura/pypcd,2024-08,control,0,0,0,,0,,0,0,0,0,0,0,0,0,0,0,0,0,0,False,0.0,0.0,0.0,0.0,1.0,wdm0006/git-pandas,1,202502
dimatura/pypcd,2024-09,control,0,0,0,,0,,0,0,0,0,0,0,0,0,0,0,0,0,0,False,0.0,0.0,0.0,0.0,1.0,wdm0006/git-pandas,1,202502
dimatura/pypcd,2024-10,control,0,0,0,,0,,0,0,0,0,0,0,0,0,0,0,0,0,0,False,0.0,0.0,0.0,0.0,1.0,wdm0006/git-pandas,1,202502
dimatura/pypcd,2024-11,control,0,0,0,,0,,0,0,0,0,0,0,0,0,0,0,0,0,0,False,0.0,0.0,0.0,0.0,1.0,wdm0006/git-pandas,1,202502
dimatura/pypcd,2024-12,control,0,0,0,,0,,0,0,0,0,0,0,0,0,0,0,0,0,0,False,0.0,0.0,0.0,0.0,1.0,wdm0006/git-pandas,1,202502
dimatura/pypcd,2025-01,control,0,0,0,,0,,0,0,0,0,0,0,0,0,0,0,0,0,0,False,0.0,0.0,0.0,0.0,1.0,wdm0006/git-pandas,1,202502
dimatura/pypcd,2025-02,control,0,0,0,,0,,0,0,0,0,0,0,0,0,0,0,0,0,0,False,0.0,0.0,0.0,0.0,1.0,wdm0006/git-pandas,1,202502
dimatura/pypcd,2025-03,control,0,0,0,,0,,0,0,0,0,0,0,0,0,0,0,0,0,0,False,0.0,0.0,0.0,0.0,1.0,wdm0006/git-pandas,1,202502
dimatura/pypcd,2025-04,control,0,0,0,,0,,0,0,0,0,0,0,0,0,0,0,0,0,0,False,0.0,0.0,0.0,0.0,1.0,wdm0006/git-pandas,1,202502
dimatura/pypcd,2025-05,control,0,0,0,,0,,0,0,0,0,0,0,0,0,0,0,0,0,0,False,0.0,0.0,0.0,0.0,1.0,wdm0006/git-pandas,1,202502
dimatura/pypcd,2025-06,control,0,0,0,,0,,0,0,0,0,0,0,0,0,0,0,0,0,0,False,0.0,0.0,0.0,0.0,1.0,wdm0006/git-pandas,1,202502
dimatura/pypcd,2025-07,control,0,0,0,,0,,0,0,0,0,0,0,0,0,0,0,0,0,0,False,0.0,0.0,0.0,0.0,1.0,wdm0006/git-pandas,1,202502
dimatura/pypcd,2025-08,control,0,0,0,,0,,0,0,0,0,0,0,0,0,0,0,0,0,0,False,0.0,0.0,0.0,0.0,1.0,wdm0006/git-pandas,1,202502
djeada/Kurs-Podstaw-Pythona,2024-01,control,0,0,0,,0,,0,0,0,0,0,0,0,0,0,0,0,0,0,False,0.0,0.0,0.0,0.0,1.0,cgevans/qslib,2,202501
djeada/Kurs-Podstaw-Pythona,2024-02,control,0,0,0,,0,,0,0,0,0,0,0,0,0,0,0,0,0,0,False,0.0,0.0,0.0,0.0,1.0,cgevans/qslib,2,202501
djeada/Kurs-Podstaw-Pythona,2024-03,control,0,0,0,,0,,0,0,0,0,0,0,0,0,0,0,0,0,0,False,4.0,243.0,113.0,1.0,1.0,cgevans/qslib,2,202501
djeada/Kurs-Podstaw-Pythona,2024-04,control,0,0,0,,0,,0,0,0,0,0,0,0,0,0,0,0,0,0,False,2.0,8.0,3.0,1.0,1.0,cgevans/qslib,2,202501
djeada/Kurs-Podstaw-Pythona,2024-05,control,0,0,0,,0,,0,0,0,0,0,0,0,0,0,0,0,0,0,False,33.0,2138.0,317.0,1.0,1.0,cgevans/qslib,2,202501
djeada/Kurs-Podstaw-Pythona,2024-06,control,0,0,0,,0,,0,0,0,0,0,0,0,0,0,0,0,0,0,False,30.0,1716.0,812.0,1.0,1.0,cgevans/qslib,2,202501
djeada/Kurs-Podstaw-Pythona,2024-07,control,0,0,0,,0,,0,0,0,0,0,0,0,0,0,0,0,0,0,False,22.0,1384.0,578.0,2.0,1.0,cgevans/qslib,2,202501
djeada/Kurs-Podstaw-Pythona,2024-08,control,0,0,0,,0,,0,0,0,0,0,0,0,0,0,0,0,0,0,False,1.0,9.0,14.0,1.0,1.0,cgevans/qslib,2,202501
djeada/Kurs-Podstaw-Pythona,2024-09,control,0,0,0,,0,,0,0,0,0,0,0,0,0,0,0,0,0,0,False,33.0,2533.0,780.0,1.0,1.0,cgevans/qslib,2,202501
djeada/Kurs-Podstaw-Pythona,2024-10,control,0,0,0,,0,,0,0,0,0,0,0,0,0,0,0,0,0,0,False,4.0,912.0,166.0,1.0,1.0,cgevans/qslib,2,202501
djeada/Kurs-Podstaw-Pythona,2024-11,control,0,0,0,,0,,0,0,0,0,0,0,0,0,0,0,0,0,0,False,24.0,1953.0,628.0,1.0,1.0,cgevans/qslib,2,202501
djeada/Kurs-Podstaw-Pythona,2024-12,control,0,0,0,,0,,0,0,0,0,0,0,0,0,0,0,0,0,0,False,12.0,444.0,149.0,1.0,1.0,cgevans/qslib,2,202501
djeada/Kurs-Podstaw-Pythona,2025-01,control,0,0,0,,0,,0,0,0,0,0,0,0,0,0,0,0,0,0,False,18.0,581.0,186.0,1.0,1.0,cgevans/qslib,2,202501
djeada/Kurs-Podstaw-Pythona,2025-02,control,0,0,0,,0,,0,0,0,0,0,0,0,0,0,0,0,0,0,False,0.0,0.0,0.0,0.0,1.0,cgevans/qslib,2,202501
djeada/Kurs-Podstaw-Pythona,2025-03,control,0,0,0,,0,,0,0,0,0,0,0,0,0,0,0,0,0,0,False,0.0,0.0,0.0,0.0,1.0,cgevans/qslib,2,202501
djeada/Kurs-Podstaw-Pythona,2025-04,control,0,0,0,,0,,0,0,0,0,0,0,0,0,0,0,0,0,0,False,0.0,0.0,0.0,0.0,1.0,cgevans/qslib,2,202501
djeada/Kurs-Podstaw-Pythona,2025-05,control,0,0,0,,0,,0,0,0,0,0,0,0,0,0,0,0,0,0,False,3.0,2.0,4.0,1.0,1.0,cgevans/qslib,2,202501
djeada/Kurs-Podstaw-Pythona,2025-06,control,0,0,0,,0,,0,0,0,0,0,0,0,0,0,0,0,0,0,False,0.0,0.0,0.0,0.0,1.0,cgevans/qslib,2,202501
djeada/Kurs-Podstaw-Pythona,2025-07,control,0,0,0,,0,,0,0,0,0,0,0,0,0,0,0,0,0,0,False,0.0,0.0,0.0,0.0,1.0,cgevans/qslib,2,202501
djeada/Kurs-Podstaw-Pythona,2025-08,control,0,0,0,,0,,0,0,0,0,0,0,0,0,0,0,0,0,0,False,0.0,0.0,0.0,0.0,1.0,cgevans/qslib,2,202501
dottxt-ai/prompts,2024-07,control,0,0,0,,0,,0,0,0,0,0,0,0,0,0,0,0,0,0,False,13.0,817.0,47.0,1.0,1.0,raphaelmansuy/iteration_of_tought,3,202408
dottxt-ai/prompts,2024-08,control,0,0,0,,0,,0,0,0,0,0,0,0,0,0,0,0,0,0,False,1.0,5.0,5.0,1.0,1.0,raphaelmansuy/iteration_of_tought,3,202408
dottxt-ai/prompts,2024-09,control,0,0,0,,0,,0,0,0,0,0,0,0,0,0,0,0,0,0,False,7.0,431.0,162.0,2.0,1.0,raphaelmansuy/iteration_of_tought,3,202408
dottxt-ai/prompts,2024-10,control,0,0,0,,0,,0,0,0,0,0,0,0,0,0,0,0,0,0,False,0.0,0.0,0.0,0.0,1.0,raphaelmansuy/iteration_of_tought,3,202408
dottxt-ai/prompts,2024-11,control,0,0,0,,0,,0,0,0,0,0,0,0,0,0,0,0,0,0,False,0.0,0.0,0.0,0.0,1.0,raphaelmansuy/iteration_of_tought,3,202408
dottxt-ai/prompts,2024-12,control,0,0,0,,0,,0,0,0,0,0,0,0,0,0,0,0,0,0,False,0.0,0.0,0.0,0.0,1.0,raphaelmansuy/iteration_of_tought,3,202408
dottxt-ai/prompts,2025-01,control,0,0,0,,0,,0,0,0,0,0,0,0,0,0,0,0,0,0,False,0.0,0.0,0.0,0.0,1.0,raphaelmansuy/iteration_of_tought,3,202408
dottxt-ai/prompts,2025-02,control,0,0,0,,0,,0,0,0,0,0,0,0,0,0,0,0,0,0,False,0.0,0.0,0.0,0.0,1.0,raphaelmansuy/iteration_of_tought,3,202408
dottxt-ai/prompts,2025-03,control,0,0,0,,0,,0,0,0,0,0,0,0,0,0,0,0,0,0,False,0.0,0.0,0.0,0.0,1.0,raphaelmansuy/iteration_of_tought,3,202408
dottxt-ai/prompts,2025-04,control,0,0,0,,0,,0,0,0,0,0,0,0,0,0,0,0,0,0,False,0.0,0.0,0.0,0.0,1.0,raphaelmansuy/iteration_of_tought,3,202408
dottxt-ai/prompts,2025-05,control,0,0,0,,0,,0,0,0,0,0,0,0,0,0,0,0,0,0,False,0.0,0.0,0.0,0.0,1.0,raphaelmansuy/iteration_of_tought,3,202408
dottxt-ai/prompts,2025-06,control,0,0,0,,0,,0,0,0,0,0,0,0,0,0,0,0,0,0,False,0.0,0.0,0.0,0.0,1.0,raphaelmansuy/iteration_of_tought,3,202408
dottxt-ai/prompts,2025-07,control,0,0,0,,0,,0,0,0,0,0,0,0,0,0,0,0,0,0,False,2.0,6.0,2.0,2.0,1.0,raphaelmansuy/iteration_of_tought,3,202408
dottxt-ai/prompts,2025-08,control,0,0,0,,0,,0,0,0,0,0,0,0,0,0,0,0,0,0,False,0.0,0.0,0.0,0.0,1.0,raphaelmansuy/iteration_of_tought,3,202408
dromara/domain-admin,2024-01,control,0,0,0,,0,,0,0,0,0,0,0,0,0,0,0,0,0,0,False,27.0,2547.0,559.0,1.0,1.0,LearningCircuit/local-deep-research; airweave-ai/airweave,2,202502
dromara/domain-admin,2024-02,control,0,0,0,,0,,0,0,0,0,0,0,0,0,0,0,0,0,0,False,34.0,1103.0,111.0,1.0,1.0,LearningCircuit/local-deep-research; airweave-ai/airweave,2,202502
dromara/domain-admin,2024-03,control,0,0,0,,0,,0,0,0,0,0,0,0,0,0,0,0,0,0,False,20.0,810.0,60.0,1.0,1.0,LearningCircuit/local-deep-research; airweave-ai/airweave,2,202502
dromara/domain-admin,2024-04,control,0,0,0,,0,,0,0,0,0,0,0,0,0,0,0,0,0,0,False,28.0,914.0,252.0,1.0,1.0,LearningCircuit/local-deep-research; airweave-ai/airweave,2,202502
dromara/domain-admin,2024-05,control,0,0,0,,0,,0,0,0,0,0,0,0,0,0,0,0,0,0,False,9.0,342.0,23.0,1.0,1.0,LearningCircuit/local-deep-research; airweave-ai/airweave,2,202502
dromara/domain-admin,2024-06,control,0,0,0,,0,,0,0,0,0,0,0,0,0,0,0,0,0,0,False,20.0,3112.0,655.0,1.0,1.0,LearningCircuit/local-deep-research; airweave-ai/airweave,2,202502
dromara/domain-admin,2024-07,control,0,0,0,,0,,0,0,0,0,0,0,0,0,0,0,0,0,0,False,36.0,2159.0,363.0,2.0,1.0,LearningCircuit/local-deep-research; airweave-ai/airweave,2,202502
dromara/domain-admin,2024-08,control,0,0,0,,0,,0,0,0,0,0,0,0,0,0,0,0,0,0,False,8.0,2511.0,939.0,2.0,1.0,LearningCircuit/local-deep-research; airweave-ai/airweave,2,202502
dromara/domain-admin,2024-09,control,0,0,0,,0,,0,0,0,0,0,0,0,0,0,0,0,0,0,False,28.0,622.0,196.0,1.0,1.0,LearningCircuit/local-deep-research; airweave-ai/airweave,2,202502
dromara/domain-admin,2024-10,control,0,0,0,,0,,0,0,0,0,0,0,0,0,0,0,0,0,0,False,24.0,633.0,129.0,1.0,1.0,LearningCircuit/local-deep-research; airweave-ai/airweave,2,202502
dromara/domain-admin,2024-11,control,0,0,0,,0,,0,0,0,0,0,0,0,0,0,0,0,0,0,False,20.0,309.0,62.0,3.0,1.0,LearningCircuit/local-deep-research; airweave-ai/airweave,2,202502
dromara/domain-admin,2024-12,control,0,0,0,,0,,0,0,0,0,0,0,0,0,0,0,0,0,0,False,6.0,14.0,7.0,1.0,1.0,LearningCircuit/local-deep-research; airweave-ai/airweave,2,202502
dromara/domain-admin,2025-01,control,0,0,0,,0,,0,0,0,0,0,0,0,0,0,0,0,0,0,False,0.0,0.0,0.0,0.0,1.0,LearningCircuit/local-deep-research; airweave-ai/airweave,2,202502
dromara/domain-admin,2025-02,control,0,0,0,,0,,0,0,0,0,0,0,0,0,0,0,0,0,0,False,3.0,11.0,5.0,2.0,1.0,LearningCircuit/local-deep-research; airweave-ai/airweave,2,202502
dromara/domain-admin,2025-03,control,0,0,0,,0,,0,0,0,0,0,0,0,0,0,0,0,0,0,False,2.0,49.0,11.0,2.0,1.0,LearningCircuit/local-deep-research; airweave-ai/airweave,2,202502
dromara/domain-admin,2025-04,control,0,0,0,,0,,0,0,0,0,0,0,0,0,0,0,0,0,0,False,2.0,161.0,8.0,2.0,1.0,LearningCircuit/local-deep-research; airweave-ai/airweave,2,202502
dromara/domain-admin,2025-05,control,0,0,0,,0,,0,0,0,0,0,0,0,0,0,0,0,0,0,False,0.0,0.0,0.0,0.0,1.0,LearningCircuit/local-deep-research; airweave-ai/airweave,2,202502
dromara/domain-admin,2025-06,control,0,0,0,,0,,0,0,0,0,0,0,0,0,0,0,0,0,0,False,7.0,403.0,63.0,3.0,1.0,LearningCircuit/local-deep-research; airweave-ai/airweave,2,202502
dromara/domain-admin,2025-07,control,0,0,0,,0,,0,0,0,0,0,0,0,0,0,0,0,0,0,False,7.0,88.0,44.0,2.0,1.0,LearningCircuit/local-deep-research; airweave-ai/airweave,2,202502
dromara/domain-admin,2025-08,control,0,0,0,,0,,0,0,0,0,0,0,0,0,0,0,0,0,0,False,3.0,92.0,5.0,1.0,1.0,LearningCircuit/local-deep-research; airweave-ai/airweave,2,202502
dymmond/edgy,2024-01,control,0,0,0,,0,,0,0,0,0,0,0,0,0,0,0,0,0,0,False,47.0,12520.0,942.0,2.0,1.0,airweave-ai/airweave; yagami1997/TradeMind,1; 3,202502
dymmond/edgy,2024-02,control,0,0,0,,0,,0,0,0,0,0,0,0,0,0,0,0,0,0,False,2.0,7.0,1.0,1.0,1.0,airweave-ai/airweave; yagami1997/TradeMind,1; 3,202502
dymmond/edgy,2024-03,control,0,0,0,,0,,0,0,0,0,0,0,0,0,0,0,0,0,0,False,0.0,0.0,0.0,0.0,1.0,airweave-ai/airweave; yagami1997/TradeMind,1; 3,202502
dymmond/edgy,2024-04,control,0,0,0,,0,,0,0,0,0,0,0,0,0,0,0,0,0,0,False,10.0,611.0,214.0,3.0,1.0,airweave-ai/airweave; yagami1997/TradeMind,1; 3,202502
dymmond/edgy,2024-05,control,0,0,0,,0,,0,0,0,0,0,0,0,0,0,0,0,0,0,False,17.0,4846.0,1365.0,3.0,1.0,airweave-ai/airweave; yagami1997/TradeMind,1; 3,202502
dymmond/edgy,2024-06,control,0,0,0,,0,,0,0,0,0,0,0,0,0,0,0,0,0,0,False,13.0,7533.0,3433.0,3.0,1.0,airweave-ai/airweave; yagami1997/TradeMind,1; 3,202502
dymmond/edgy,2024-07,control,0,0,0,,0,,0,0,0,0,0,0,0,0,0,0,0,0,0,False,1.0,0.0,1.0,1.0,1.0,airweave-ai/airweave; yagami1997/TradeMind,1; 3,202502
dymmond/edgy,2024-08,control,0,0,0,,0,,0,0,0,0,0,0,0,0,0,0,0,0,0,False,15.0,5847.0,4447.0,3.0,1.0,airweave-ai/airweave; yagami1997/TradeMind,1; 3,202502
dymmond/edgy,2024-09,control,0,0,0,,0,,0,0,0,0,0,0,0,0,0,0,0,0,0,False,14.0,11795.0,4072.0,1.0,1.0,airweave-ai/airweave; yagami1997/TradeMind,1; 3,202502
dymmond/edgy,2024-10,control,0,0,0,,0,,0,0,0,0,0,0,0,0,0,0,0,0,0,False,31.0,6443.0,2826.0,2.0,1.0,airweave-ai/airweave; yagami1997/TradeMind,1; 3,202502
dymmond/edgy,2024-11,control,0,0,0,,0,,0,0,0,0,0,0,0,0,0,0,0,0,0,False,14.0,2904.0,2607.0,1.0,1.0,airweave-ai/airweave; yagami1997/TradeMind,1; 3,202502
dymmond/edgy,2024-12,control,0,0,0,,0,,0,0,0,0,0,0,0,0,0,0,0,0,0,False,13.0,2064.0,301.0,2.0,1.0,airweave-ai/airweave; yagami1997/TradeMind,1; 3,202502
dymmond/edgy,2025-01,control,0,0,0,,0,,0,0,0,0,0,0,0,0,0,0,0,0,0,False,21.0,6987.0,1487.0,3.0,1.0,airweave-ai/airweave; yagami1997/TradeMind,1; 3,202502
dymmond/edgy,2025-02,control,0,0,0,,0,,0,0,0,0,0,0,0,0,0,0,0,0,0,False,15.0,4506.0,2697.0,3.0,1.0,airweave-ai/airweave; yagami1997/TradeMind,1; 3,202502
dymmond/edgy,2025-03,control,0,0,0,,0,,0,0,0,0,0,0,0,0,0,0,0,0,0,False,14.0,4084.0,541.0,2.0,1.0,airweave-ai/airweave; yagami1997/TradeMind,1; 3,202502
dymmond/edgy,2025-04,control,0,0,0,,0,,0,0,0,0,0,0,0,0,0,0,0,0,0,False,10.0,2705.0,1103.0,1.0,1.0,airweave-ai/airweave; yagami1997/TradeMind,1; 3,202502
dymmond/edgy,2025-05,control,0,0,0,,0,,0,0,0,0,0,0,0,0,0,0,0,0,0,False,11.0,4504.0,2431.0,2.0,1.0,airweave-ai/airweave; yagami1997/TradeMind,1; 3,202502
dymmond/edgy,2025-06,control,0,0,0,,0,,0,0,0,0,0,0,0,0,0,0,0,0,0,False,6.0,1566.0,447.0,1.0,1.0,airweave-ai/airweave; yagami1997/TradeMind,1; 3,202502
dymmond/edgy,2025-07,control,0,0,0,,0,,0,0,0,0,0,0,0,0,0,0,0,0,0,False,19.0,18896.0,3127.0,2.0,1.0,airweave-ai/airweave; yagami1997/TradeMind,1; 3,202502
dymmond/edgy,2025-08,control,0,0,0,,0,,0,0,0,0,0,0,0,0,0,0,0,0,0,False,0.0,0.0,0.0,0.0,1.0,airweave-ai/airweave; yagami1997/TradeMind,1; 3,202502
emresen20/Pau-Bilgisayar-nots,2024-03,control,0,0,0,,0,,0,0,0,0,0,0,0,0,0,0,0,0,0,False,10.0,0.0,0.0,1.0,1.0,ToolUse/tool-use-ai,2,202411
emresen20/Pau-Bilgisayar-nots,2024-04,control,0,0,0,,0,,0,0,0,0,0,0,0,0,0,0,0,0,0,False,3.0,0.0,0.0,1.0,1.0,ToolUse/tool-use-ai,2,202411
emresen20/Pau-Bilgisayar-nots,2024-05,control,0,0,0,,0,,0,0,0,0,0,0,0,0,0,0,0,0,0,False,4.0,0.0,0.0,1.0,1.0,ToolUse/tool-use-ai,2,202411
emresen20/Pau-Bilgisayar-nots,2024-06,control,0,0,0,,0,,0,0,0,0,0,0,0,0,0,0,0,0,0,False,7.0,289.0,0.0,1.0,1.0,ToolUse/tool-use-ai,2,202411
emresen20/Pau-Bilgisayar-nots,2024-07,control,0,0,0,,0,,0,0,0,0,0,0,0,0,0,0,0,0,0,False,2.0,0.0,0.0,1.0,1.0,ToolUse/tool-use-ai,2,202411
emresen20/Pau-Bilgisayar-nots,2024-08,control,0,0,0,,0,,0,0,0,0,0,0,0,0,0,0,0,0,0,False,0.0,0.0,0.0,0.0,1.0,ToolUse/tool-use-ai,2,202411
emresen20/Pau-Bilgisayar-nots,2024-09,control,0,0,0,,0,,0,0,0,0,0,0,0,0,0,0,0,0,0,False,0.0,0.0,0.0,0.0,1.0,ToolUse/tool-use-ai,2,202411
emresen20/Pau-Bilgisayar-nots,2024-10,control,0,0,0,,0,,0,0,0,0,0,0,0,0,0,0,0,0,0,False,0.0,0.0,0.0,0.0,1.0,ToolUse/tool-use-ai,2,202411
emresen20/Pau-Bilgisayar-nots,2024-11,control,0,0,0,,0,,0,0,0,0,0,0,0,0,0,0,0,0,0,False,0.0,0.0,0.0,0.0,1.0,ToolUse/tool-use-ai,2,202411
emresen20/Pau-Bilgisayar-nots,2024-12,control,0,0,0,,0,,0,0,0,0,0,0,0,0,0,0,0,0,0,False,2.0,5985.0,0.0,1.0,1.0,ToolUse/tool-use-ai,2,202411
emresen20/Pau-Bilgisayar-nots,2025-01,control,0,0,0,,0,,0,0,0,0,0,0,0,0,0,0,0,0,0,False,0.0,0.0,0.0,0.0,1.0,ToolUse/tool-use-ai,2,202411
emresen20/Pau-Bilgisayar-nots,2025-02,control,0,0,0,,0,,0,0,0,0,0,0,0,0,0,0,0,0,0,False,0.0,0.0,0.0,0.0,1.0,ToolUse/tool-use-ai,2,202411
emresen20/Pau-Bilgisayar-nots,2025-03,control,0,0,0,,0,,0,0,0,0,0,0,0,0,0,0,0,0,0,False,0.0,0.0,0.0,0.0,1.0,ToolUse/tool-use-ai,2,202411
emresen20/Pau-Bilgisayar-nots,2025-04,control,0,0,0,,0,,0,0,0,0,0,0,0,0,0,0,0,0,0,False,0.0,0.0,0.0,0.0,1.0,ToolUse/tool-use-ai,2,202411
emresen20/Pau-Bilgisayar-nots,2025-05,control,0,0,0,,0,,0,0,0,0,0,0,0,0,0,0,0,0,0,False,0.0,0.0,0.0,0.0,1.0,ToolUse/tool-use-ai,2,202411
emresen20/Pau-Bilgisayar-nots,2025-06,control,0,0,0,,0,,0,0,0,0,0,0,0,0,0,0,0,0,0,False,0.0,0.0,0.0,0.0,1.0,ToolUse/tool-use-ai,2,202411
emresen20/Pau-Bilgisayar-nots,2025-07,control,0,0,0,,0,,0,0,0,0,0,0,0,0,0,0,0,0,0,False,0.0,0.0,0.0,0.0,1.0,ToolUse/tool-use-ai,2,202411
emresen20/Pau-Bilgisayar-nots,2025-08,control,0,0,0,,0,,0,0,0,0,0,0,0,0,0,0,0,0,0,False,0.0,0.0,0.0,0.0,1.0,ToolUse/tool-use-ai,2,202411
ergrelet/unlicense,2024-01,control,0,0,0,,0,,0,0,0,0,0,0,0,0,0,0,0,0,0,False,0.0,0.0,0.0,0.0,1.0,cgevans/qslib,1,202501
ergrelet/unlicense,2024-02,control,0,0,0,,0,,0,0,0,0,0,0,0,0,0,0,0,0,0,False,0.0,0.0,0.0,0.0,1.0,cgevans/qslib,1,202501
ergrelet/unlicense,2024-03,control,0,0,0,,0,,0,0,0,0,0,0,0,0,0,0,0,0,0,False,0.0,0.0,0.0,0.0,1.0,cgevans/qslib,1,202501
ergrelet/unlicense,2024-04,control,0,0,0,,0,,0,0,0,0,0,0,0,0,0,0,0,0,0,False,0.0,0.0,0.0,0.0,1.0,cgevans/qslib,1,202501
ergrelet/unlicense,2024-05,control,0,0,0,,0,,0,0,0,0,0,0,0,0,0,0,0,0,0,False,0.0,0.0,0.0,0.0,1.0,cgevans/qslib,1,202501
ergrelet/unlicense,2024-06,control,0,0,0,,0,,0,0,0,0,0,0,0,0,0,0,0,0,0,False,0.0,0.0,0.0,0.0,1.0,cgevans/qslib,1,202501
ergrelet/unlicense,2024-07,control,0,0,0,,0,,0,0,0,0,0,0,0,0,0,0,0,0,0,False,0.0,0.0,0.0,0.0,1.0,cgevans/qslib,1,202501
ergrelet/unlicense,2024-08,control,0,0,0,,0,,0,0,0,0,0,0,0,0,0,0,0,0,0,False,0.0,0.0,0.0,0.0,1.0,cgevans/qslib,1,202501
ergrelet/unlicense,2024-09,control,0,0,0,,0,,0,0,0,0,0,0,0,0,0,0,0,0,0,False,0.0,0.0,0.0,0.0,1.0,cgevans/qslib,1,202501
ergrelet/unlicense,2024-10,control,0,0,0,,0,,0,0,0,0,0,0,0,0,0,0,0,0,0,False,0.0,0.0,0.0,0.0,1.0,cgevans/qslib,1,202501
ergrelet/unlicense,2024-11,control,0,0,0,,0,,0,0,0,0,0,0,0,0,0,0,0,0,0,False,0.0,0.0,0.0,0.0,1.0,cgevans/qslib,1,202501
ergrelet/unlicense,2024-12,control,0,0,0,,0,,0,0,0,0,0,0,0,0,0,0,0,0,0,False,0.0,0.0,0.0,0.0,1.0,cgevans/qslib,1,202501
ergrelet/unlicense,2025-01,control,0,0,0,,0,,0,0,0,0,0,0,0,0,0,0,0,0,0,False,0.0,0.0,0.0,0.0,1.0,cgevans/qslib,1,202501
ergrelet/unlicense,2025-02,control,0,0,0,,0,,0,0,0,0,0,0,0,0,0,0,0,0,0,False,0.0,0.0,0.0,0.0,1.0,cgevans/qslib,1,202501
ergrelet/unlicense,2025-03,control,0,0,0,,0,,0,0,0,0,0,0,0,0,0,0,0,0,0,False,0.0,0.0,0.0,0.0,1.0,cgevans/qslib,1,202501
ergrelet/unlicense,2025-04,control,0,0,0,,0,,0,0,0,0,0,0,0,0,0,0,0,0,0,False,0.0,0.0,0.0,0.0,1.0,cgevans/qslib,1,202501
ergrelet/unlicense,2025-05,control,0,0,0,,0,,0,0,0,0,0,0,0,0,0,0,0,0,0,False,0.0,0.0,0.0,0.0,1.0,cgevans/qslib,1,202501
ergrelet/unlicense,2025-06,control,0,0,0,,0,,0,0,0,0,0,0,0,0,0,0,0,0,0,False,0.0,0.0,0.0,0.0,1.0,cgevans/qslib,1,202501
ergrelet/unlicense,2025-07,control,0,0,0,,0,,0,0,0,0,0,0,0,0,0,0,0,0,0,False,0.0,0.0,0.0,0.0,1.0,cgevans/qslib,1,202501
ergrelet/unlicense,2025-08,control,0,0,0,,0,,0,0,0,0,0,0,0,0,0,0,0,0,0,False,0.0,0.0,0.0,0.0,1.0,cgevans/qslib,1,202501
evermoving/SystemCaptioner,2024-10,control,0,0,0,,0,,0,0,0,0,0,0,0,0,0,0,0,0,0,False,111.0,2372.0,1114.0,1.0,1.0,tw-haiven/haiven,3,202501
evermoving/SystemCaptioner,2024-11,control,0,0,0,,0,,0,0,0,0,0,0,0,0,0,0,0,0,0,False,8.0,38.0,20.0,1.0,1.0,tw-haiven/haiven,3,202501
evermoving/SystemCaptioner,2024-12,control,0,0,0,,0,,0,0,0,0,0,0,0,0,0,0,0,0,0,False,1.0,1.0,1.0,1.0,1.0,tw-haiven/haiven,3,202501
evermoving/SystemCaptioner,2025-01,control,0,0,0,,0,,0,0,0,0,0,0,0,0,0,0,0,0,0,False,0.0,0.0,0.0,0.0,1.0,tw-haiven/haiven,3,202501
evermoving/SystemCaptioner,2025-02,control,0,0,0,,0,,0,0,0,0,0,0,0,0,0,0,0,0,0,False,0.0,0.0,0.0,0.0,1.0,tw-haiven/haiven,3,202501
evermoving/SystemCaptioner,2025-03,control,0,0,0,,0,,0,0,0,0,0,0,0,0,0,0,0,0,0,False,0.0,0.0,0.0,0.0,1.0,tw-haiven/haiven,3,202501
evermoving/SystemCaptioner,2025-04,control,0,0,0,,0,,0,0,0,0,0,0,0,0,0,0,0,0,0,False,0.0,0.0,0.0,0.0,1.0,tw-haiven/haiven,3,202501
evermoving/SystemCaptioner,2025-05,control,0,0,0,,0,,0,0,0,0,0,0,0,0,0,0,0,0,0,False,0.0,0.0,0.0,0.0,1.0,tw-haiven/haiven,3,202501
evermoving/SystemCaptioner,2025-06,control,0,0,0,,0,,0,0,0,0,0,0,0,0,0,0,0,0,0,False,0.0,0.0,0.0,0.0,1.0,tw-haiven/haiven,3,202501
evermoving/SystemCaptioner,2025-07,control,0,0,0,,0,,0,0,0,0,0,0,0,0,0,0,0,0,0,False,0.0,0.0,0.0,0.0,1.0,tw-haiven/haiven,3,202501
evermoving/SystemCaptioner,2025-08,control,0,0,0,,0,,0,0,0,0,0,0,0,0,0,0,0,0,0,False,2.0,7.0,1.0,1.0,1.0,tw-haiven/haiven,3,202501
golemfoundation/octant,2024-01,control,0,0,0,,0,,0,0,0,0,0,0,0,0,0,0,0,0,0,False,272.0,71692.0,29729.0,13.0,1.0,PostHog/posthog; getsentry/sentry,3,202501
golemfoundation/octant,2024-02,control,0,0,0,,0,,0,0,0,0,0,0,0,0,0,0,0,0,0,False,181.0,52930.0,30359.0,14.0,1.0,PostHog/posthog; getsentry/sentry,3,202501
golemfoundation/octant,2024-03,control,0,0,0,,0,,0,0,0,0,0,0,0,0,0,0,0,0,0,False,235.0,33503.0,22210.0,12.0,1.0,PostHog/posthog; getsentry/sentry,3,202501
golemfoundation/octant,2024-04,control,0,0,0,,0,,0,0,0,0,0,0,0,0,0,0,0,0,0,False,456.0,86120.0,40444.0,16.0,1.0,PostHog/posthog; getsentry/sentry,3,202501
golemfoundation/octant,2024-05,control,0,0,0,,0,,0,0,0,0,0,0,0,0,0,0,0,0,0,False,178.0,35557.0,16436.0,13.0,1.0,PostHog/posthog; getsentry/sentry,3,202501
golemfoundation/octant,2024-06,control,0,0,0,,0,,0,0,0,0,0,0,0,0,0,0,0,0,0,False,221.0,68386.0,35192.0,14.0,1.0,PostHog/posthog; getsentry/sentry,3,202501
golemfoundation/octant,2024-07,control,0,0,0,,0,,0,0,0,0,0,0,0,0,0,0,0,0,0,False,195.0,37874.0,16712.0,14.0,1.0,PostHog/posthog; getsentry/sentry,3,202501
golemfoundation/octant,2024-08,control,0,0,0,,0,,0,0,0,0,0,0,0,0,0,0,0,0,0,False,119.0,17724.0,8701.0,13.0,1.0,PostHog/posthog; getsentry/sentry,3,202501
golemfoundation/octant,2024-09,control,0,0,0,,0,,0,0,0,0,0,0,0,0,0,0,0,0,0,False,184.0,35767.0,33383.0,9.0,1.0,PostHog/posthog; getsentry/sentry,3,202501
golemfoundation/octant,2024-10,control,0,0,0,,0,,0,0,0,0,0,0,0,0,0,0,0,0,0,False,280.0,67696.0,46472.0,13.0,1.0,PostHog/posthog; getsentry/sentry,3,202501
golemfoundation/octant,2024-11,control,0,0,0,,0,,0,0,0,0,0,0,0,0,0,0,0,0,0,False,135.0,24216.0,14083.0,7.0,1.0,PostHog/posthog; getsentry/sentry,3,202501
golemfoundation/octant,2024-12,control,0,0,0,,0,,0,0,0,0,0,0,0,0,0,0,0,0,0,False,202.0,72933.0,41936.0,8.0,1.0,PostHog/posthog; getsentry/sentry,3,202501
golemfoundation/octant,2025-01,control,0,0,0,,0,,0,0,0,0,0,0,0,0,0,0,0,0,0,False,206.0,71139.0,35353.0,9.0,1.0,PostHog/posthog; getsentry/sentry,3,202501
golemfoundation/octant,2025-02,control,0,0,0,,0,,0,0,0,0,0,0,0,0,0,0,0,0,0,False,57.0,16006.0,5887.0,11.0,1.0,PostHog/posthog; getsentry/sentry,3,202501
golemfoundation/octant,2025-03,control,0,0,0,,0,,0,0,0,0,0,0,0,0,0,0,0,0,0,False,192.0,17077.0,4742.0,6.0,1.0,PostHog/posthog; getsentry/sentry,3,202501
golemfoundation/octant,2025-04,control,0,0,0,,0,,0,0,0,0,0,0,0,0,0,0,0,0,0,False,199.0,39710.0,12301.0,5.0,1.0,PostHog/posthog; getsentry/sentry,3,202501
golemfoundation/octant,2025-05,control,0,0,0,,0,,0,0,0,0,0,0,0,0,0,0,0,0,0,False,83.0,13861.0,1682.0,4.0,1.0,PostHog/posthog; getsentry/sentry,3,202501
golemfoundation/octant,2025-06,control,0,0,0,,0,,0,0,0,0,0,0,0,0,0,0,0,0,0,False,32.0,26666.0,2514.0,5.0,1.0,PostHog/posthog; getsentry/sentry,3,202501
golemfoundation/octant,2025-07,control,0,0,0,,0,,0,0,0,0,0,0,0,0,0,0,0,0,0,False,33.0,1717.0,3024.0,5.0,1.0,PostHog/posthog; getsentry/sentry,3,202501
golemfoundation/octant,2025-08,control,0,0,0,,0,,0,0,0,0,0,0,0,0,0,0,0,0,0,False,8.0,114.0,36.0,3.0,1.0,PostHog/posthog; getsentry/sentry,3,202501
harvard-edge/QuaRL,2024-01,control,0,0,0,,0,,0,0,0,0,0,0,0,0,0,0,0,0,0,False,0.0,0.0,0.0,0.0,1.0,panther-labs/panther-analysis,1,202502
harvard-edge/QuaRL,2024-02,control,0,0,0,,0,,0,0,0,0,0,0,0,0,0,0,0,0,0,False,0.0,0.0,0.0,0.0,1.0,panther-labs/panther-analysis,1,202502
harvard-edge/QuaRL,2024-03,control,0,0,0,,0,,0,0,0,0,0,0,0,0,0,0,0,0,0,False,0.0,0.0,0.0,0.0,1.0,panther-labs/panther-analysis,1,202502
harvard-edge/QuaRL,2024-04,control,0,0,0,,0,,0,0,0,0,0,0,0,0,0,0,0,0,0,False,0.0,0.0,0.0,0.0,1.0,panther-labs/panther-analysis,1,202502
harvard-edge/QuaRL,2024-05,control,0,0,0,,0,,0,0,0,0,0,0,0,0,0,0,0,0,0,False,0.0,0.0,0.0,0.0,1.0,panther-labs/panther-analysis,1,202502
harvard-edge/QuaRL,2024-06,control,0,0,0,,0,,0,0,0,0,0,0,0,0,0,0,0,0,0,False,0.0,0.0,0.0,0.0,1.0,panther-labs/panther-analysis,1,202502
harvard-edge/QuaRL,2024-07,control,0,0,0,,0,,0,0,0,0,0,0,0,0,0,0,0,0,0,False,0.0,0.0,0.0,0.0,1.0,panther-labs/panther-analysis,1,202502
harvard-edge/QuaRL,2024-08,control,0,0,0,,0,,0,0,0,0,0,0,0,0,0,0,0,0,0,False,0.0,0.0,0.0,0.0,1.0,panther-labs/panther-analysis,1,202502
harvard-edge/QuaRL,2024-09,control,0,0,0,,0,,0,0,0,0,0,0,0,0,0,0,0,0,0,False,0.0,0.0,0.0,0.0,1.0,panther-labs/panther-analysis,1,202502
harvard-edge/QuaRL,2024-10,control,0,0,0,,0,,0,0,0,0,0,0,0,0,0,0,0,0,0,False,0.0,0.0,0.0,0.0,1.0,panther-labs/panther-analysis,1,202502
harvard-edge/QuaRL,2024-11,control,0,0,0,,0,,0,0,0,0,0,0,0,0,0,0,0,0,0,False,0.0,0.0,0.0,0.0,1.0,panther-labs/panther-analysis,1,202502
harvard-edge/QuaRL,2024-12,control,0,0,0,,0,,0,0,0,0,0,0,0,0,0,0,0,0,0,False,0.0,0.0,0.0,0.0,1.0,panther-labs/panther-analysis,1,202502
harvard-edge/QuaRL,2025-01,control,0,0,0,,0,,0,0,0,0,0,0,0,0,0,0,0,0,0,False,0.0,0.0,0.0,0.0,1.0,panther-labs/panther-analysis,1,202502
harvard-edge/QuaRL,2025-02,control,0,0,0,,0,,0,0,0,0,0,0,0,0,0,0,0,0,0,False,0.0,0.0,0.0,0.0,1.0,panther-labs/panther-analysis,1,202502
harvard-edge/QuaRL,2025-03,control,0,0,0,,0,,0,0,0,0,0,0,0,0,0,0,0,0,0,False,0.0,0.0,0.0,0.0,1.0,panther-labs/panther-analysis,1,202502
harvard-edge/QuaRL,2025-04,control,0,0,0,,0,,0,0,0,0,0,0,0,0,0,0,0,0,0,False,0.0,0.0,0.0,0.0,1.0,panther-labs/panther-analysis,1,202502
harvard-edge/QuaRL,2025-05,control,0,0,0,,0,,0,0,0,0,0,0,0,0,0,0,0,0,0,False,0.0,0.0,0.0,0.0,1.0,panther-labs/panther-analysis,1,202502
harvard-edge/QuaRL,2025-06,control,0,0,0,,0,,0,0,0,0,0,0,0,0,0,0,0,0,0,False,0.0,0.0,0.0,0.0,1.0,panther-labs/panther-analysis,1,202502
harvard-edge/QuaRL,2025-07,control,0,0,0,,0,,0,0,0,0,0,0,0,0,0,0,0,0,0,False,0.0,0.0,0.0,0.0,1.0,panther-labs/panther-analysis,1,202502
harvard-edge/QuaRL,2025-08,control,0,0,0,,0,,0,0,0,0,0,0,0,0,0,0,0,0,0,False,0.0,0.0,0.0,0.0,1.0,panther-labs/panther-analysis,1,202502
infected4098/Wave-U-Mamba,2024-09,control,0,0,0,,0,,0,0,0,0,0,0,0,0,0,0,0,0,0,False,51.0,46302.0,102.0,1.0,1.0,appl-team/appl,3,202411
infected4098/Wave-U-Mamba,2024-10,control,0,0,0,,0,,0,0,0,0,0,0,0,0,0,0,0,0,0,False,1.0,1.0,0.0,1.0,1.0,appl-team/appl,3,202411
infected4098/Wave-U-Mamba,2024-11,control,0,0,0,,0,,0,0,0,0,0,0,0,0,0,0,0,0,0,False,0.0,0.0,0.0,0.0,1.0,appl-team/appl,3,202411
infected4098/Wave-U-Mamba,2024-12,control,0,0,0,,0,,0,0,0,0,0,0,0,0,0,0,0,0,0,False,1.0,1.0,1.0,1.0,1.0,appl-team/appl,3,202411
infected4098/Wave-U-Mamba,2025-01,control,0,0,0,,0,,0,0,0,0,0,0,0,0,0,0,0,0,0,False,0.0,0.0,0.0,0.0,1.0,appl-team/appl,3,202411
infected4098/Wave-U-Mamba,2025-02,control,0,0,0,,0,,0,0,0,0,0,0,0,0,0,0,0,0,0,False,4.0,23.0,19.0,1.0,1.0,appl-team/appl,3,202411
infected4098/Wave-U-Mamba,2025-03,control,0,0,0,,0,,0,0,0,0,0,0,0,0,0,0,0,0,0,False,0.0,0.0,0.0,0.0,1.0,appl-team/appl,3,202411
infected4098/Wave-U-Mamba,2025-04,control,0,0,0,,0,,0,0,0,0,0,0,0,0,0,0,0,0,0,False,0.0,0.0,0.0,0.0,1.0,appl-team/appl,3,202411
infected4098/Wave-U-Mamba,2025-05,control,0,0,0,,0,,0,0,0,0,0,0,0,0,0,0,0,0,0,False,3.0,4.0,5.0,1.0,1.0,appl-team/appl,3,202411
infected4098/Wave-U-Mamba,2025-06,control,0,0,0,,0,,0,0,0,0,0,0,0,0,0,0,0,0,0,False,1.0,1.0,1.0,1.0,1.0,appl-team/appl,3,202411
infected4098/Wave-U-Mamba,2025-07,control,0,0,0,,0,,0,0,0,0,0,0,0,0,0,0,0,0,0,False,0.0,0.0,0.0,0.0,1.0,appl-team/appl,3,202411
infected4098/Wave-U-Mamba,2025-08,control,0,0,0,,0,,0,0,0,0,0,0,0,0,0,0,0,0,0,False,12.0,361.0,41.0,1.0,1.0,appl-team/appl,3,202411
itsKayWat/MindfulShift-2025,2024-12,control,0,0,0,,0,,0,0,0,0,0,0,0,0,0,0,0,0,0,False,12.0,934.0,1.0,1.0,1.0,askjohngeorge/pipecat-lead-qualifier,1,202501
itsKayWat/MindfulShift-2025,2025-01,control,0,0,0,,0,,0,0,0,0,0,0,0,0,0,0,0,0,0,False,0.0,0.0,0.0,0.0,1.0,askjohngeorge/pipecat-lead-qualifier,1,202501
itsKayWat/MindfulShift-2025,2025-02,control,0,0,0,,0,,0,0,0,0,0,0,0,0,0,0,0,0,0,False,0.0,0.0,0.0,0.0,1.0,askjohngeorge/pipecat-lead-qualifier,1,202501
itsKayWat/MindfulShift-2025,2025-03,control,0,0,0,,0,,0,0,0,0,0,0,0,0,0,0,0,0,0,False,0.0,0.0,0.0,0.0,1.0,askjohngeorge/pipecat-lead-qualifier,1,202501
itsKayWat/MindfulShift-2025,2025-04,control,0,0,0,,0,,0,0,0,0,0,0,0,0,0,0,0,0,0,False,0.0,0.0,0.0,0.0,1.0,askjohngeorge/pipecat-lead-qualifier,1,202501
itsKayWat/MindfulShift-2025,2025-05,control,0,0,0,,0,,0,0,0,0,0,0,0,0,0,0,0,0,0,False,0.0,0.0,0.0,0.0,1.0,askjohngeorge/pipecat-lead-qualifier,1,202501
itsKayWat/MindfulShift-2025,2025-06,control,0,0,0,,0,,0,0,0,0,0,0,0,0,0,0,0,0,0,False,0.0,0.0,0.0,0.0,1.0,askjohngeorge/pipecat-lead-qualifier,1,202501
itsKayWat/MindfulShift-2025,2025-07,control,0,0,0,,0,,0,0,0,0,0,0,0,0,0,0,0,0,0,False,0.0,0.0,0.0,0.0,1.0,askjohngeorge/pipecat-lead-qualifier,1,202501
itsKayWat/MindfulShift-2025,2025-08,control,0,0,0,,0,,0,0,0,0,0,0,0,0,0,0,0,0,0,False,0.0,0.0,0.0,0.0,1.0,askjohngeorge/pipecat-lead-qualifier,1,202501
jacebrowning/datafiles,2024-01,control,0,0,0,,0,,0,0,0,0,0,0,0,0,0,0,0,0,0,False,7.0,186.0,136.0,2.0,1.0,Apocrathia/home-assistant-config,1,202501
jacebrowning/datafiles,2024-02,control,0,0,0,,0,,0,0,0,0,0,0,0,0,0,0,0,0,0,False,0.0,0.0,0.0,0.0,1.0,Apocrathia/home-assistant-config,1,202501
jacebrowning/datafiles,2024-03,control,0,0,0,,0,,0,0,0,0,0,0,0,0,0,0,0,0,0,False,2.0,80.0,108.0,2.0,1.0,Apocrathia/home-assistant-config,1,202501
jacebrowning/datafiles,2024-04,control,0,0,0,,0,,0,0,0,0,0,0,0,0,0,0,0,0,0,False,0.0,0.0,0.0,0.0,1.0,Apocrathia/home-assistant-config,1,202501
jacebrowning/datafiles,2024-05,control,0,0,0,,0,,0,0,0,0,0,0,0,0,0,0,0,0,0,False,21.0,3413.0,1452.0,2.0,1.0,Apocrathia/home-assistant-config,1,202501
jacebrowning/datafiles,2024-06,control,0,0,0,,0,,0,0,0,0,0,0,0,0,0,0,0,0,0,False,0.0,0.0,0.0,0.0,1.0,Apocrathia/home-assistant-config,1,202501
jacebrowning/datafiles,2024-07,control,0,0,0,,0,,0,0,0,0,0,0,0,0,0,0,0,0,0,False,18.0,103.0,94.0,2.0,1.0,Apocrathia/home-assistant-config,1,202501
jacebrowning/datafiles,2024-08,control,0,0,0,,0,,0,0,0,0,0,0,0,0,0,0,0,0,0,False,4.0,92.0,14.0,2.0,1.0,Apocrathia/home-assistant-config,1,202501
jacebrowning/datafiles,2024-09,control,0,0,0,,0,,0,0,0,0,0,0,0,0,0,0,0,0,0,False,0.0,0.0,0.0,0.0,1.0,Apocrathia/home-assistant-config,1,202501
jacebrowning/datafiles,2024-10,control,0,0,0,,0,,0,0,0,0,0,0,0,0,0,0,0,0,0,False,2.0,2076.0,384.0,1.0,1.0,Apocrathia/home-assistant-config,1,202501
jacebrowning/datafiles,2024-11,control,0,0,0,,0,,0,0,0,0,0,0,0,0,0,0,0,0,0,False,4.0,442.0,410.0,2.0,1.0,Apocrathia/home-assistant-config,1,202501
jacebrowning/datafiles,2024-12,control,0,0,0,,0,,0,0,0,0,0,0,0,0,0,0,0,0,0,False,0.0,0.0,0.0,0.0,1.0,Apocrathia/home-assistant-config,1,202501
jacebrowning/datafiles,2025-01,control,0,0,0,,0,,0,0,0,0,0,0,0,0,0,0,0,0,0,False,0.0,0.0,0.0,0.0,1.0,Apocrathia/home-assistant-config,1,202501
jacebrowning/datafiles,2025-02,control,0,0,0,,0,,0,0,0,0,0,0,0,0,0,0,0,0,0,False,15.0,1013.0,645.0,2.0,1.0,Apocrathia/home-assistant-config,1,202501
jacebrowning/datafiles,2025-03,control,0,0,0,,0,,0,0,0,0,0,0,0,0,0,0,0,0,0,False,0.0,0.0,0.0,0.0,1.0,Apocrathia/home-assistant-config,1,202501
jacebrowning/datafiles,2025-04,control,0,0,0,,0,,0,0,0,0,0,0,0,0,0,0,0,0,0,False,5.0,67.0,69.0,2.0,1.0,Apocrathia/home-assistant-config,1,202501
jacebrowning/datafiles,2025-05,control,0,0,0,,0,,0,0,0,0,0,0,0,0,0,0,0,0,0,False,4.0,48.0,46.0,2.0,1.0,Apocrathia/home-assistant-config,1,202501
jacebrowning/datafiles,2025-06,control,0,0,0,,0,,0,0,0,0,0,0,0,0,0,0,0,0,0,False,3.0,23.0,18.0,2.0,1.0,Apocrathia/home-assistant-config,1,202501
jacebrowning/datafiles,2025-07,control,0,0,0,,0,,0,0,0,0,0,0,0,0,0,0,0,0,0,False,2.0,416.0,434.0,2.0,1.0,Apocrathia/home-assistant-config,1,202501
jacebrowning/datafiles,2025-08,control,0,0,0,,0,,0,0,0,0,0,0,0,0,0,0,0,0,0,False,0.0,0.0,0.0,0.0,1.0,Apocrathia/home-assistant-config,1,202501
jfcrenshaw/pzflow,2024-01,control,0,0,0,,0,,0,0,0,0,0,0,0,0,0,0,0,0,0,False,0.0,0.0,0.0,0.0,1.0,tsukumijima/KonomiTV,2,202501
jfcrenshaw/pzflow,2024-02,control,0,0,0,,0,,0,0,0,0,0,0,0,0,0,0,0,0,0,False,2.0,2468.0,1051.0,1.0,1.0,tsukumijima/KonomiTV,2,202501
jfcrenshaw/pzflow,2024-03,control,0,0,0,,0,,0,0,0,0,0,0,0,0,0,0,0,0,0,False,0.0,0.0,0.0,0.0,1.0,tsukumijima/KonomiTV,2,202501
jfcrenshaw/pzflow,2024-04,control,0,0,0,,0,,0,0,0,0,0,0,0,0,0,0,0,0,0,False,0.0,0.0,0.0,0.0,1.0,tsukumijima/KonomiTV,2,202501
jfcrenshaw/pzflow,2024-05,control,0,0,0,,0,,0,0,0,0,0,0,0,0,0,0,0,0,0,False,1.0,29.0,3.0,1.0,1.0,tsukumijima/KonomiTV,2,202501
jfcrenshaw/pzflow,2024-06,control,0,0,0,,0,,0,0,0,0,0,0,0,0,0,0,0,0,0,False,0.0,0.0,0.0,0.0,1.0,tsukumijima/KonomiTV,2,202501
jfcrenshaw/pzflow,2024-07,control,0,0,0,,0,,0,0,0,0,0,0,0,0,0,0,0,0,0,False,0.0,0.0,0.0,0.0,1.0,tsukumijima/KonomiTV,2,202501
jfcrenshaw/pzflow,2024-08,control,0,0,0,,0,,0,0,0,0,0,0,0,0,0,0,0,0,0,False,0.0,0.0,0.0,0.0,1.0,tsukumijima/KonomiTV,2,202501
jfcrenshaw/pzflow,2024-09,control,0,0,0,,0,,0,0,0,0,0,0,0,0,0,0,0,0,0,False,0.0,0.0,0.0,0.0,1.0,tsukumijima/KonomiTV,2,202501
jfcrenshaw/pzflow,2024-10,control,0,0,0,,0,,0,0,0,0,0,0,0,0,0,0,0,0,0,False,0.0,0.0,0.0,0.0,1.0,tsukumijima/KonomiTV,2,202501
jfcrenshaw/pzflow,2024-11,control,0,0,0,,0,,0,0,0,0,0,0,0,0,0,0,0,0,0,False,0.0,0.0,0.0,0.0,1.0,tsukumijima/KonomiTV,2,202501
jfcrenshaw/pzflow,2024-12,control,0,0,0,,0,,0,0,0,0,0,0,0,0,0,0,0,0,0,False,0.0,0.0,0.0,0.0,1.0,tsukumijima/KonomiTV,2,202501
jfcrenshaw/pzflow,2025-01,control,0,0,0,,0,,0,0,0,0,0,0,0,0,0,0,0,0,0,False,0.0,0.0,0.0,0.0,1.0,tsukumijima/KonomiTV,2,202501
jfcrenshaw/pzflow,2025-02,control,0,0,0,,0,,0,0,0,0,0,0,0,0,0,0,0,0,0,False,1.0,17.0,7.0,1.0,1.0,tsukumijima/KonomiTV,2,202501
jfcrenshaw/pzflow,2025-03,control,0,0,0,,0,,0,0,0,0,0,0,0,0,0,0,0,0,0,False,3.0,2642.0,1857.0,3.0,1.0,tsukumijima/KonomiTV,2,202501
jfcrenshaw/pzflow,2025-04,control,0,0,0,,0,,0,0,0,0,0,0,0,0,0,0,0,0,0,False,0.0,0.0,0.0,0.0,1.0,tsukumijima/KonomiTV,2,202501
jfcrenshaw/pzflow,2025-05,control,0,0,0,,0,,0,0,0,0,0,0,0,0,0,0,0,0,0,False,0.0,0.0,0.0,0.0,1.0,tsukumijima/KonomiTV,2,202501
jfcrenshaw/pzflow,2025-06,control,0,0,0,,0,,0,0,0,0,0,0,0,0,0,0,0,0,0,False,0.0,0.0,0.0,0.0,1.0,tsukumijima/KonomiTV,2,202501
jfcrenshaw/pzflow,2025-07,control,0,0,0,,0,,0,0,0,0,0,0,0,0,0,0,0,0,0,False,0.0,0.0,0.0,0.0,1.0,tsukumijima/KonomiTV,2,202501
jfcrenshaw/pzflow,2025-08,control,0,0,0,,0,,0,0,0,0,0,0,0,0,0,0,0,0,0,False,0.0,0.0,0.0,0.0,1.0,tsukumijima/KonomiTV,2,202501
jgwak/GSDN,2024-01,control,0,0,0,,0,,0,0,0,0,0,0,0,0,0,0,0,0,0,False,0.0,0.0,0.0,0.0,1.0,panther-labs/panther-analysis,3,202502
jgwak/GSDN,2024-02,control,0,0,0,,0,,0,0,0,0,0,0,0,0,0,0,0,0,0,False,0.0,0.0,0.0,0.0,1.0,panther-labs/panther-analysis,3,202502
jgwak/GSDN,2024-03,control,0,0,0,,0,,0,0,0,0,0,0,0,0,0,0,0,0,0,False,0.0,0.0,0.0,0.0,1.0,panther-labs/panther-analysis,3,202502
jgwak/GSDN,2024-04,control,0,0,0,,0,,0,0,0,0,0,0,0,0,0,0,0,0,0,False,0.0,0.0,0.0,0.0,1.0,panther-labs/panther-analysis,3,202502
jgwak/GSDN,2024-05,control,0,0,0,,0,,0,0,0,0,0,0,0,0,0,0,0,0,0,False,0.0,0.0,0.0,0.0,1.0,panther-labs/panther-analysis,3,202502
jgwak/GSDN,2024-06,control,0,0,0,,0,,0,0,0,0,0,0,0,0,0,0,0,0,0,False,0.0,0.0,0.0,0.0,1.0,panther-labs/panther-analysis,3,202502
jgwak/GSDN,2024-07,control,0,0,0,,0,,0,0,0,0,0,0,0,0,0,0,0,0,0,False,0.0,0.0,0.0,0.0,1.0,panther-labs/panther-analysis,3,202502
jgwak/GSDN,2024-08,control,0,0,0,,0,,0,0,0,0,0,0,0,0,0,0,0,0,0,False,0.0,0.0,0.0,0.0,1.0,panther-labs/panther-analysis,3,202502
jgwak/GSDN,2024-09,control,0,0,0,,0,,0,0,0,0,0,0,0,0,0,0,0,0,0,False,0.0,0.0,0.0,0.0,1.0,panther-labs/panther-analysis,3,202502
jgwak/GSDN,2024-10,control,0,0,0,,0,,0,0,0,0,0,0,0,0,0,0,0,0,0,False,0.0,0.0,0.0,0.0,1.0,panther-labs/panther-analysis,3,202502
jgwak/GSDN,2024-11,control,0,0,0,,0,,0,0,0,0,0,0,0,0,0,0,0,0,0,False,0.0,0.0,0.0,0.0,1.0,panther-labs/panther-analysis,3,202502
jgwak/GSDN,2024-12,control,0,0,0,,0,,0,0,0,0,0,0,0,0,0,0,0,0,0,False,0.0,0.0,0.0,0.0,1.0,panther-labs/panther-analysis,3,202502
jgwak/GSDN,2025-01,control,0,0,0,,0,,0,0,0,0,0,0,0,0,0,0,0,0,0,False,0.0,0.0,0.0,0.0,1.0,panther-labs/panther-analysis,3,202502
jgwak/GSDN,2025-02,control,0,0,0,,0,,0,0,0,0,0,0,0,0,0,0,0,0,0,False,0.0,0.0,0.0,0.0,1.0,panther-labs/panther-analysis,3,202502
jgwak/GSDN,2025-03,control,0,0,0,,0,,0,0,0,0,0,0,0,0,0,0,0,0,0,False,0.0,0.0,0.0,0.0,1.0,panther-labs/panther-analysis,3,202502
jgwak/GSDN,2025-04,control,0,0,0,,0,,0,0,0,0,0,0,0,0,0,0,0,0,0,False,0.0,0.0,0.0,0.0,1.0,panther-labs/panther-analysis,3,202502
jgwak/GSDN,2025-05,control,0,0,0,,0,,0,0,0,0,0,0,0,0,0,0,0,0,0,False,0.0,0.0,0.0,0.0,1.0,panther-labs/panther-analysis,3,202502
jgwak/GSDN,2025-06,control,0,0,0,,0,,0,0,0,0,0,0,0,0,0,0,0,0,0,False,0.0,0.0,0.0,0.0,1.0,panther-labs/panther-analysis,3,202502
jgwak/GSDN,2025-07,control,0,0,0,,0,,0,0,0,0,0,0,0,0,0,0,0,0,0,False,0.0,0.0,0.0,0.0,1.0,panther-labs/panther-analysis,3,202502
jgwak/GSDN,2025-08,control,0,0,0,,0,,0,0,0,0,0,0,0,0,0,0,0,0,0,False,0.0,0.0,0.0,0.0,1.0,panther-labs/panther-analysis,3,202502
jinli99/iShapEditing,2024-03,control,0,0,0,,0,,0,0,0,0,0,0,0,0,0,0,0,0,0,False,2.0,219.0,6097.0,1.0,1.0,ResearchHub/researchhub-backend,1,202502
jinli99/iShapEditing,2024-04,control,0,0,0,,0,,0,0,0,0,0,0,0,0,0,0,0,0,0,False,0.0,0.0,0.0,0.0,1.0,ResearchHub/researchhub-backend,1,202502
jinli99/iShapEditing,2024-05,control,0,0,0,,0,,0,0,0,0,0,0,0,0,0,0,0,0,0,False,0.0,0.0,0.0,0.0,1.0,ResearchHub/researchhub-backend,1,202502
jinli99/iShapEditing,2024-06,control,0,0,0,,0,,0,0,0,0,0,0,0,0,0,0,0,0,0,False,0.0,0.0,0.0,0.0,1.0,ResearchHub/researchhub-backend,1,202502
jinli99/iShapEditing,2024-07,control,0,0,0,,0,,0,0,0,0,0,0,0,0,0,0,0,0,0,False,0.0,0.0,0.0,0.0,1.0,ResearchHub/researchhub-backend,1,202502
jinli99/iShapEditing,2024-08,control,0,0,0,,0,,0,0,0,0,0,0,0,0,0,0,0,0,0,False,0.0,0.0,0.0,0.0,1.0,ResearchHub/researchhub-backend,1,202502
jinli99/iShapEditing,2024-09,control,0,0,0,,0,,0,0,0,0,0,0,0,0,0,0,0,0,0,False,0.0,0.0,0.0,0.0,1.0,ResearchHub/researchhub-backend,1,202502
jinli99/iShapEditing,2024-10,control,0,0,0,,0,,0,0,0,0,0,0,0,0,0,0,0,0,0,False,0.0,0.0,0.0,0.0,1.0,ResearchHub/researchhub-backend,1,202502
jinli99/iShapEditing,2024-11,control,0,0,0,,0,,0,0,0,0,0,0,0,0,0,0,0,0,0,False,6.0,3943057.0,3028.0,1.0,1.0,ResearchHub/researchhub-backend,1,202502
jinli99/iShapEditing,2024-12,control,0,0,0,,0,,0,0,0,0,0,0,0,0,0,0,0,0,0,False,0.0,0.0,0.0,0.0,1.0,ResearchHub/researchhub-backend,1,202502
jinli99/iShapEditing,2025-01,control,0,0,0,,0,,0,0,0,0,0,0,0,0,0,0,0,0,0,False,0.0,0.0,0.0,0.0,1.0,ResearchHub/researchhub-backend,1,202502
jinli99/iShapEditing,2025-02,control,0,0,0,,0,,0,0,0,0,0,0,0,0,0,0,0,0,0,False,0.0,0.0,0.0,0.0,1.0,ResearchHub/researchhub-backend,1,202502
jinli99/iShapEditing,2025-03,control,0,0,0,,0,,0,0,0,0,0,0,0,0,0,0,0,0,0,False,1.0,8.0,191.0,1.0,1.0,ResearchHub/researchhub-backend,1,202502
jinli99/iShapEditing,2025-04,control,0,0,0,,0,,0,0,0,0,0,0,0,0,0,0,0,0,0,False,0.0,0.0,0.0,0.0,1.0,ResearchHub/researchhub-backend,1,202502
jinli99/iShapEditing,2025-05,control,0,0,0,,0,,0,0,0,0,0,0,0,0,0,0,0,0,0,False,0.0,0.0,0.0,0.0,1.0,ResearchHub/researchhub-backend,1,202502
jinli99/iShapEditing,2025-06,control,0,0,0,,0,,0,0,0,0,0,0,0,0,0,0,0,0,0,False,0.0,0.0,0.0,0.0,1.0,ResearchHub/researchhub-backend,1,202502
jinli99/iShapEditing,2025-07,control,0,0,0,,0,,0,0,0,0,0,0,0,0,0,0,0,0,0,False,0.0,0.0,0.0,0.0,1.0,ResearchHub/researchhub-backend,1,202502
jinli99/iShapEditing,2025-08,control,0,0,0,,0,,0,0,0,0,0,0,0,0,0,0,0,0,0,False,0.0,0.0,0.0,0.0,1.0,ResearchHub/researchhub-backend,1,202502
joereynolds/reap-get,2024-01,control,0,0,0,,0,,0,0,0,0,0,0,0,0,0,0,0,0,0,False,0.0,0.0,0.0,0.0,1.0,tony/django-docutils,1,202502
joereynolds/reap-get,2024-02,control,0,0,0,,0,,0,0,0,0,0,0,0,0,0,0,0,0,0,False,0.0,0.0,0.0,0.0,1.0,tony/django-docutils,1,202502
joereynolds/reap-get,2024-03,control,0,0,0,,0,,0,0,0,0,0,0,0,0,0,0,0,0,0,False,0.0,0.0,0.0,0.0,1.0,tony/django-docutils,1,202502
joereynolds/reap-get,2024-04,control,0,0,0,,0,,0,0,0,0,0,0,0,0,0,0,0,0,0,False,0.0,0.0,0.0,0.0,1.0,tony/django-docutils,1,202502
joereynolds/reap-get,2024-05,control,0,0,0,,0,,0,0,0,0,0,0,0,0,0,0,0,0,0,False,0.0,0.0,0.0,0.0,1.0,tony/django-docutils,1,202502
joereynolds/reap-get,2024-06,control,0,0,0,,0,,0,0,0,0,0,0,0,0,0,0,0,0,0,False,0.0,0.0,0.0,0.0,1.0,tony/django-docutils,1,202502
joereynolds/reap-get,2024-07,control,0,0,0,,0,,0,0,0,0,0,0,0,0,0,0,0,0,0,False,0.0,0.0,0.0,0.0,1.0,tony/django-docutils,1,202502
joereynolds/reap-get,2024-08,control,0,0,0,,0,,0,0,0,0,0,0,0,0,0,0,0,0,0,False,0.0,0.0,0.0,0.0,1.0,tony/django-docutils,1,202502
joereynolds/reap-get,2024-09,control,0,0,0,,0,,0,0,0,0,0,0,0,0,0,0,0,0,0,False,0.0,0.0,0.0,0.0,1.0,tony/django-docutils,1,202502
joereynolds/reap-get,2024-10,control,0,0,0,,0,,0,0,0,0,0,0,0,0,0,0,0,0,0,False,0.0,0.0,0.0,0.0,1.0,tony/django-docutils,1,202502
joereynolds/reap-get,2024-11,control,0,0,0,,0,,0,0,0,0,0,0,0,0,0,0,0,0,0,False,0.0,0.0,0.0,0.0,1.0,tony/django-docutils,1,202502
joereynolds/reap-get,2024-12,control,0,0,0,,0,,0,0,0,0,0,0,0,0,0,0,0,0,0,False,0.0,0.0,0.0,0.0,1.0,tony/django-docutils,1,202502
joereynolds/reap-get,2025-01,control,0,0,0,,0,,0,0,0,0,0,0,0,0,0,0,0,0,0,False,0.0,0.0,0.0,0.0,1.0,tony/django-docutils,1,202502
joereynolds/reap-get,2025-02,control,0,0,0,,0,,0,0,0,0,0,0,0,0,0,0,0,0,0,False,0.0,0.0,0.0,0.0,1.0,tony/django-docutils,1,202502
joereynolds/reap-get,2025-03,control,0,0,0,,0,,0,0,0,0,0,0,0,0,0,0,0,0,0,False,0.0,0.0,0.0,0.0,1.0,tony/django-docutils,1,202502
joereynolds/reap-get,2025-04,control,0,0,0,,0,,0,0,0,0,0,0,0,0,0,0,0,0,0,False,0.0,0.0,0.0,0.0,1.0,tony/django-docutils,1,202502
joereynolds/reap-get,2025-05,control,0,0,0,,0,,0,0,0,0,0,0,0,0,0,0,0,0,0,False,0.0,0.0,0.0,0.0,1.0,tony/django-docutils,1,202502
joereynolds/reap-get,2025-06,control,0,0,0,,0,,0,0,0,0,0,0,0,0,0,0,0,0,0,False,0.0,0.0,0.0,0.0,1.0,tony/django-docutils,1,202502
joereynolds/reap-get,2025-07,control,0,0,0,,0,,0,0,0,0,0,0,0,0,0,0,0,0,0,False,0.0,0.0,0.0,0.0,1.0,tony/django-docutils,1,202502
joereynolds/reap-get,2025-08,control,0,0,0,,0,,0,0,0,0,0,0,0,0,0,0,0,0,0,False,0.0,0.0,0.0,0.0,1.0,tony/django-docutils,1,202502
jrowellfx/lsseq,2024-01,control,0,0,0,,0,,0,0,0,0,0,0,0,0,0,0,0,0,0,False,0.0,0.0,0.0,0.0,1.0,terryyin/lizard,1,202412
jrowellfx/lsseq,2024-02,control,0,0,0,,0,,0,0,0,0,0,0,0,0,0,0,0,0,0,False,0.0,0.0,0.0,0.0,1.0,terryyin/lizard,1,202412
jrowellfx/lsseq,2024-03,control,0,0,0,,0,,0,0,0,0,0,0,0,0,0,0,0,0,0,False,0.0,0.0,0.0,0.0,1.0,terryyin/lizard,1,202412
jrowellfx/lsseq,2024-04,control,0,0,0,,0,,0,0,0,0,0,0,0,0,0,0,0,0,0,False,0.0,0.0,0.0,0.0,1.0,terryyin/lizard,1,202412
jrowellfx/lsseq,2024-05,control,0,0,0,,0,,0,0,0,0,0,0,0,0,0,0,0,0,0,False,0.0,0.0,0.0,0.0,1.0,terryyin/lizard,1,202412
jrowellfx/lsseq,2024-06,control,0,0,0,,0,,0,0,0,0,0,0,0,0,0,0,0,0,0,False,0.0,0.0,0.0,0.0,1.0,terryyin/lizard,1,202412
jrowellfx/lsseq,2024-07,control,0,0,0,,0,,0,0,0,0,0,0,0,0,0,0,0,0,0,False,0.0,0.0,0.0,0.0,1.0,terryyin/lizard,1,202412
jrowellfx/lsseq,2024-08,control,0,0,0,,0,,0,0,0,0,0,0,0,0,0,0,0,0,0,False,1.0,1.0,0.0,1.0,1.0,terryyin/lizard,1,202412
jrowellfx/lsseq,2024-09,control,0,0,0,,0,,0,0,0,0,0,0,0,0,0,0,0,0,0,False,6.0,1456.0,73.0,1.0,1.0,terryyin/lizard,1,202412
jrowellfx/lsseq,2024-10,control,0,0,0,,0,,0,0,0,0,0,0,0,0,0,0,0,0,0,False,0.0,0.0,0.0,0.0,1.0,terryyin/lizard,1,202412
jrowellfx/lsseq,2024-11,control,0,0,0,,0,,0,0,0,0,0,0,0,0,0,0,0,0,0,False,0.0,0.0,0.0,0.0,1.0,terryyin/lizard,1,202412
jrowellfx/lsseq,2024-12,control,0,0,0,,0,,0,0,0,0,0,0,0,0,0,0,0,0,0,False,0.0,0.0,0.0,0.0,1.0,terryyin/lizard,1,202412
jrowellfx/lsseq,2025-01,control,0,0,0,,0,,0,0,0,0,0,0,0,0,0,0,0,0,0,False,7.0,421.0,320.0,1.0,1.0,terryyin/lizard,1,202412
jrowellfx/lsseq,2025-02,control,0,0,0,,0,,0,0,0,0,0,0,0,0,0,0,0,0,0,False,22.0,2837.0,1745.0,1.0,1.0,terryyin/lizard,1,202412
jrowellfx/lsseq,2025-03,control,0,0,0,,0,,0,0,0,0,0,0,0,0,0,0,0,0,0,False,1.0,2.0,2.0,1.0,1.0,terryyin/lizard,1,202412
jrowellfx/lsseq,2025-04,control,0,0,0,,0,,0,0,0,0,0,0,0,0,0,0,0,0,0,False,0.0,0.0,0.0,0.0,1.0,terryyin/lizard,1,202412
jrowellfx/lsseq,2025-05,control,0,0,0,,0,,0,0,0,0,0,0,0,0,0,0,0,0,0,False,3.0,373.0,304.0,1.0,1.0,terryyin/lizard,1,202412
jrowellfx/lsseq,2025-06,control,0,0,0,,0,,0,0,0,0,0,0,0,0,0,0,0,0,0,False,10.0,467.0,227.0,1.0,1.0,terryyin/lizard,1,202412
jrowellfx/lsseq,2025-07,control,0,0,0,,0,,0,0,0,0,0,0,0,0,0,0,0,0,0,False,10.0,1156.0,270.0,1.0,1.0,terryyin/lizard,1,202412
jrowellfx/lsseq,2025-08,control,0,0,0,,0,,0,0,0,0,0,0,0,0,0,0,0,0,0,False,0.0,0.0,0.0,0.0,1.0,terryyin/lizard,1,202412
jyjblrd/SelfDrivingCar,2024-01,control,0,0,0,,0,,0,0,0,0,0,0,0,0,0,0,0,0,0,False,0.0,0.0,0.0,0.0,1.0,wdm0006/elote,2,202501
jyjblrd/SelfDrivingCar,2024-02,control,0,0,0,,0,,0,0,0,0,0,0,0,0,0,0,0,0,0,False,0.0,0.0,0.0,0.0,1.0,wdm0006/elote,2,202501
jyjblrd/SelfDrivingCar,2024-03,control,0,0,0,,0,,0,0,0,0,0,0,0,0,0,0,0,0,0,False,0.0,0.0,0.0,0.0,1.0,wdm0006/elote,2,202501
jyjblrd/SelfDrivingCar,2024-04,control,0,0,0,,0,,0,0,0,0,0,0,0,0,0,0,0,0,0,False,0.0,0.0,0.0,0.0,1.0,wdm0006/elote,2,202501
jyjblrd/SelfDrivingCar,2024-05,control,0,0,0,,0,,0,0,0,0,0,0,0,0,0,0,0,0,0,False,0.0,0.0,0.0,0.0,1.0,wdm0006/elote,2,202501
jyjblrd/SelfDrivingCar,2024-06,control,0,0,0,,0,,0,0,0,0,0,0,0,0,0,0,0,0,0,False,0.0,0.0,0.0,0.0,1.0,wdm0006/elote,2,202501
jyjblrd/SelfDrivingCar,2024-07,control,0,0,0,,0,,0,0,0,0,0,0,0,0,0,0,0,0,0,False,0.0,0.0,0.0,0.0,1.0,wdm0006/elote,2,202501
jyjblrd/SelfDrivingCar,2024-08,control,0,0,0,,0,,0,0,0,0,0,0,0,0,0,0,0,0,0,False,0.0,0.0,0.0,0.0,1.0,wdm0006/elote,2,202501
jyjblrd/SelfDrivingCar,2024-09,control,0,0,0,,0,,0,0,0,0,0,0,0,0,0,0,0,0,0,False,0.0,0.0,0.0,0.0,1.0,wdm0006/elote,2,202501
jyjblrd/SelfDrivingCar,2024-10,control,0,0,0,,0,,0,0,0,0,0,0,0,0,0,0,0,0,0,False,0.0,0.0,0.0,0.0,1.0,wdm0006/elote,2,202501
jyjblrd/SelfDrivingCar,2024-11,control,0,0,0,,0,,0,0,0,0,0,0,0,0,0,0,0,0,0,False,0.0,0.0,0.0,0.0,1.0,wdm0006/elote,2,202501
jyjblrd/SelfDrivingCar,2024-12,control,0,0,0,,0,,0,0,0,0,0,0,0,0,0,0,0,0,0,False,0.0,0.0,0.0,0.0,1.0,wdm0006/elote,2,202501
jyjblrd/SelfDrivingCar,2025-01,control,0,0,0,,0,,0,0,0,0,0,0,0,0,0,0,0,0,0,False,0.0,0.0,0.0,0.0,1.0,wdm0006/elote,2,202501
jyjblrd/SelfDrivingCar,2025-02,control,0,0,0,,0,,0,0,0,0,0,0,0,0,0,0,0,0,0,False,0.0,0.0,0.0,0.0,1.0,wdm0006/elote,2,202501
jyjblrd/SelfDrivingCar,2025-03,control,0,0,0,,0,,0,0,0,0,0,0,0,0,0,0,0,0,0,False,0.0,0.0,0.0,0.0,1.0,wdm0006/elote,2,202501
jyjblrd/SelfDrivingCar,2025-04,control,0,0,0,,0,,0,0,0,0,0,0,0,0,0,0,0,0,0,False,0.0,0.0,0.0,0.0,1.0,wdm0006/elote,2,202501
jyjblrd/SelfDrivingCar,2025-05,control,0,0,0,,0,,0,0,0,0,0,0,0,0,0,0,0,0,0,False,0.0,0.0,0.0,0.0,1.0,wdm0006/elote,2,202501
jyjblrd/SelfDrivingCar,2025-06,control,0,0,0,,0,,0,0,0,0,0,0,0,0,0,0,0,0,0,False,0.0,0.0,0.0,0.0,1.0,wdm0006/elote,2,202501
jyjblrd/SelfDrivingCar,2025-07,control,0,0,0,,0,,0,0,0,0,0,0,0,0,0,0,0,0,0,False,0.0,0.0,0.0,0.0,1.0,wdm0006/elote,2,202501
jyjblrd/SelfDrivingCar,2025-08,control,0,0,0,,0,,0,0,0,0,0,0,0,0,0,0,0,0,0,False,0.0,0.0,0.0,0.0,1.0,wdm0006/elote,2,202501
kangtegong/pyftrace,2024-10,control,0,0,0,,0,,0,0,0,0,0,0,0,0,0,0,0,0,0,False,3.0,12.0,8.0,1.0,1.0,askjohngeorge/pipecat-lead-qualifier,3,202501
kangtegong/pyftrace,2024-11,control,0,0,0,,0,,0,0,0,0,0,0,0,0,0,0,0,0,0,False,43.0,2489.0,983.0,1.0,1.0,askjohngeorge/pipecat-lead-qualifier,3,202501
kangtegong/pyftrace,2024-12,control,0,0,0,,0,,0,0,0,0,0,0,0,0,0,0,0,0,0,False,9.0,966.0,439.0,1.0,1.0,askjohngeorge/pipecat-lead-qualifier,3,202501
kangtegong/pyftrace,2025-01,control,0,0,0,,0,,0,0,0,0,0,0,0,0,0,0,0,0,0,False,0.0,0.0,0.0,0.0,1.0,askjohngeorge/pipecat-lead-qualifier,3,202501
kangtegong/pyftrace,2025-02,control,0,0,0,,0,,0,0,0,0,0,0,0,0,0,0,0,0,0,False,0.0,0.0,0.0,0.0,1.0,askjohngeorge/pipecat-lead-qualifier,3,202501
kangtegong/pyftrace,2025-03,control,0,0,0,,0,,0,0,0,0,0,0,0,0,0,0,0,0,0,False,5.0,143.0,52.0,1.0,1.0,askjohngeorge/pipecat-lead-qualifier,3,202501
kangtegong/pyftrace,2025-04,control,0,0,0,,0,,0,0,0,0,0,0,0,0,0,0,0,0,0,False,0.0,0.0,0.0,0.0,1.0,askjohngeorge/pipecat-lead-qualifier,3,202501
kangtegong/pyftrace,2025-05,control,0,0,0,,0,,0,0,0,0,0,0,0,0,0,0,0,0,0,False,0.0,0.0,0.0,0.0,1.0,askjohngeorge/pipecat-lead-qualifier,3,202501
kangtegong/pyftrace,2025-06,control,0,0,0,,0,,0,0,0,0,0,0,0,0,0,0,0,0,0,False,0.0,0.0,0.0,0.0,1.0,askjohngeorge/pipecat-lead-qualifier,3,202501
kangtegong/pyftrace,2025-07,control,0,0,0,,0,,0,0,0,0,0,0,0,0,0,0,0,0,0,False,0.0,0.0,0.0,0.0,1.0,askjohngeorge/pipecat-lead-qualifier,3,202501
kangtegong/pyftrace,2025-08,control,0,0,0,,0,,0,0,0,0,0,0,0,0,0,0,0,0,0,False,0.0,0.0,0.0,0.0,1.0,askjohngeorge/pipecat-lead-qualifier,3,202501
krishpranav/socialosint,2024-01,control,0,0,0,,0,,0,0,0,0,0,0,0,0,0,0,0,0,0,False,0.0,0.0,0.0,0.0,1.0,ericmjl/pyds-cli,2,202410
krishpranav/socialosint,2024-02,control,0,0,0,,0,,0,0,0,0,0,0,0,0,0,0,0,0,0,False,0.0,0.0,0.0,0.0,1.0,ericmjl/pyds-cli,2,202410
krishpranav/socialosint,2024-03,control,0,0,0,,0,,0,0,0,0,0,0,0,0,0,0,0,0,0,False,0.0,0.0,0.0,0.0,1.0,ericmjl/pyds-cli,2,202410
krishpranav/socialosint,2024-04,control,0,0,0,,0,,0,0,0,0,0,0,0,0,0,0,0,0,0,False,0.0,0.0,0.0,0.0,1.0,ericmjl/pyds-cli,2,202410
krishpranav/socialosint,2024-05,control,0,0,0,,0,,0,0,0,0,0,0,0,0,0,0,0,0,0,False,0.0,0.0,0.0,0.0,1.0,ericmjl/pyds-cli,2,202410
krishpranav/socialosint,2024-06,control,0,0,0,,0,,0,0,0,0,0,0,0,0,0,0,0,0,0,False,0.0,0.0,0.0,0.0,1.0,ericmjl/pyds-cli,2,202410
krishpranav/socialosint,2024-07,control,0,0,0,,0,,0,0,0,0,0,0,0,0,0,0,0,0,0,False,0.0,0.0,0.0,0.0,1.0,ericmjl/pyds-cli,2,202410
krishpranav/socialosint,2024-08,control,0,0,0,,0,,0,0,0,0,0,0,0,0,0,0,0,0,0,False,0.0,0.0,0.0,0.0,1.0,ericmjl/pyds-cli,2,202410
krishpranav/socialosint,2024-09,control,0,0,0,,0,,0,0,0,0,0,0,0,0,0,0,0,0,0,False,0.0,0.0,0.0,0.0,1.0,ericmjl/pyds-cli,2,202410
krishpranav/socialosint,2024-10,control,0,0,0,,0,,0,0,0,0,0,0,0,0,0,0,0,0,0,False,0.0,0.0,0.0,0.0,1.0,ericmjl/pyds-cli,2,202410
krishpranav/socialosint,2024-11,control,0,0,0,,0,,0,0,0,0,0,0,0,0,0,0,0,0,0,False,0.0,0.0,0.0,0.0,1.0,ericmjl/pyds-cli,2,202410
krishpranav/socialosint,2024-12,control,0,0,0,,0,,0,0,0,0,0,0,0,0,0,0,0,0,0,False,0.0,0.0,0.0,0.0,1.0,ericmjl/pyds-cli,2,202410
krishpranav/socialosint,2025-01,control,0,0,0,,0,,0,0,0,0,0,0,0,0,0,0,0,0,0,False,0.0,0.0,0.0,0.0,1.0,ericmjl/pyds-cli,2,202410
krishpranav/socialosint,2025-02,control,0,0,0,,0,,0,0,0,0,0,0,0,0,0,0,0,0,0,False,0.0,0.0,0.0,0.0,1.0,ericmjl/pyds-cli,2,202410
krishpranav/socialosint,2025-03,control,0,0,0,,0,,0,0,0,0,0,0,0,0,0,0,0,0,0,False,0.0,0.0,0.0,0.0,1.0,ericmjl/pyds-cli,2,202410
krishpranav/socialosint,2025-04,control,0,0,0,,0,,0,0,0,0,0,0,0,0,0,0,0,0,0,False,0.0,0.0,0.0,0.0,1.0,ericmjl/pyds-cli,2,202410
krishpranav/socialosint,2025-05,control,0,0,0,,0,,0,0,0,0,0,0,0,0,0,0,0,0,0,False,0.0,0.0,0.0,0.0,1.0,ericmjl/pyds-cli,2,202410
krishpranav/socialosint,2025-06,control,0,0,0,,0,,0,0,0,0,0,0,0,0,0,0,0,0,0,False,0.0,0.0,0.0,0.0,1.0,ericmjl/pyds-cli,2,202410
krishpranav/socialosint,2025-07,control,0,0,0,,0,,0,0,0,0,0,0,0,0,0,0,0,0,0,False,0.0,0.0,0.0,0.0,1.0,ericmjl/pyds-cli,2,202410
krishpranav/socialosint,2025-08,control,0,0,0,,0,,0,0,0,0,0,0,0,0,0,0,0,0,0,False,0.0,0.0,0.0,0.0,1.0,ericmjl/pyds-cli,2,202410
kuleshov-group/caduceus,2024-02,control,0,0,0,,0,,0,0,0,0,0,0,0,0,0,0,0,0,0,False,5.0,52.0,33.0,1.0,1.0,VRSEN/agency-swarm,3,202409
kuleshov-group/caduceus,2024-03,control,0,0,0,,0,,0,0,0,0,0,0,0,0,0,0,0,0,0,False,12.0,259.0,53.0,3.0,1.0,VRSEN/agency-swarm,3,202409
kuleshov-group/caduceus,2024-04,control,0,0,0,,0,,0,0,0,0,0,0,0,0,0,0,0,0,0,False,2.0,1031.0,5.0,2.0,1.0,VRSEN/agency-swarm,3,202409
kuleshov-group/caduceus,2024-05,control,0,0,0,,0,,0,0,0,0,0,0,0,0,0,0,0,0,0,False,1.0,4.0,4.0,1.0,1.0,VRSEN/agency-swarm,3,202409
kuleshov-group/caduceus,2024-06,control,0,0,0,,0,,0,0,0,0,0,0,0,0,0,0,0,0,0,False,3.0,8.0,2.0,2.0,1.0,VRSEN/agency-swarm,3,202409
kuleshov-group/caduceus,2024-07,control,0,0,0,,0,,0,0,0,0,0,0,0,0,0,0,0,0,0,False,0.0,0.0,0.0,0.0,1.0,VRSEN/agency-swarm,3,202409
kuleshov-group/caduceus,2024-08,control,0,0,0,,0,,0,0,0,0,0,0,0,0,0,0,0,0,0,False,1.0,1.0,1.0,1.0,1.0,VRSEN/agency-swarm,3,202409
kuleshov-group/caduceus,2024-09,control,0,0,0,,0,,0,0,0,0,0,0,0,0,0,0,0,0,0,False,0.0,0.0,0.0,0.0,1.0,VRSEN/agency-swarm,3,202409
kuleshov-group/caduceus,2024-10,control,0,0,0,,0,,0,0,0,0,0,0,0,0,0,0,0,0,0,False,4.0,34.0,12.0,1.0,1.0,VRSEN/agency-swarm,3,202409
kuleshov-group/caduceus,2024-11,control,0,0,0,,0,,0,0,0,0,0,0,0,0,0,0,0,0,0,False,0.0,0.0,0.0,0.0,1.0,VRSEN/agency-swarm,3,202409
kuleshov-group/caduceus,2024-12,control,0,0,0,,0,,0,0,0,0,0,0,0,0,0,0,0,0,0,False,0.0,0.0,0.0,0.0,1.0,VRSEN/agency-swarm,3,202409
kuleshov-group/caduceus,2025-01,control,0,0,0,,0,,0,0,0,0,0,0,0,0,0,0,0,0,0,False,2.0,2.0,2.0,2.0,1.0,VRSEN/agency-swarm,3,202409
kuleshov-group/caduceus,2025-02,control,0,0,0,,0,,0,0,0,0,0,0,0,0,0,0,0,0,0,False,0.0,0.0,0.0,0.0,1.0,VRSEN/agency-swarm,3,202409
kuleshov-group/caduceus,2025-03,control,0,0,0,,0,,0,0,0,0,0,0,0,0,0,0,0,0,0,False,0.0,0.0,0.0,0.0,1.0,VRSEN/agency-swarm,3,202409
kuleshov-group/caduceus,2025-04,control,0,0,0,,0,,0,0,0,0,0,0,0,0,0,0,0,0,0,False,0.0,0.0,0.0,0.0,1.0,VRSEN/agency-swarm,3,202409
kuleshov-group/caduceus,2025-05,control,0,0,0,,0,,0,0,0,0,0,0,0,0,0,0,0,0,0,False,1.0,25.0,12.0,1.0,1.0,VRSEN/agency-swarm,3,202409
kuleshov-group/caduceus,2025-06,control,0,0,0,,0,,0,0,0,0,0,0,0,0,0,0,0,0,0,False,3.0,16.0,14.0,2.0,1.0,VRSEN/agency-swarm,3,202409
kuleshov-group/caduceus,2025-07,control,0,0,0,,0,,0,0,0,0,0,0,0,0,0,0,0,0,0,False,0.0,0.0,0.0,0.0,1.0,VRSEN/agency-swarm,3,202409
kuleshov-group/caduceus,2025-08,control,0,0,0,,0,,0,0,0,0,0,0,0,0,0,0,0,0,0,False,0.0,0.0,0.0,0.0,1.0,VRSEN/agency-swarm,3,202409
lancedb/lancedb,2024-01,control,0,0,0,,0,,0,0,0,0,0,0,0,0,0,0,0,0,0,False,0.0,0.0,0.0,0.0,1.0,DataDog/integrations-core; ethyca/fides; instructor-ai/instructor; keephq/keep; sirkirby/unifi-network-rules; yeagerai/genlayer-studio,2,202502
lancedb/lancedb,2024-02,control,0,0,0,,0,,0,0,0,0,0,0,0,0,0,0,0,0,0,False,0.0,0.0,0.0,0.0,1.0,DataDog/integrations-core; ethyca/fides; instructor-ai/instructor; keephq/keep; sirkirby/unifi-network-rules; yeagerai/genlayer-studio,2,202502
lancedb/lancedb,2024-03,control,0,0,0,,0,,0,0,0,0,0,0,0,0,0,0,0,0,0,False,0.0,0.0,0.0,0.0,1.0,DataDog/integrations-core; ethyca/fides; instructor-ai/instructor; keephq/keep; sirkirby/unifi-network-rules; yeagerai/genlayer-studio,2,202502
lancedb/lancedb,2024-04,control,0,0,0,,0,,0,0,0,0,0,0,0,0,0,0,0,0,0,False,488.0,73338.0,40682.0,42.0,1.0,DataDog/integrations-core; ethyca/fides; instructor-ai/instructor; keephq/keep; sirkirby/unifi-network-rules; yeagerai/genlayer-studio,2,202502
lancedb/lancedb,2024-05,control,0,0,0,,0,,0,0,0,0,0,0,0,0,0,0,0,0,0,False,70.0,23889.0,18028.0,23.0,1.0,DataDog/integrations-core; ethyca/fides; instructor-ai/instructor; keephq/keep; sirkirby/unifi-network-rules; yeagerai/genlayer-studio,2,202502
lancedb/lancedb,2024-06,control,0,0,0,,0,,0,0,0,0,0,0,0,0,0,0,0,0,0,False,43.0,5562.0,755.0,14.0,1.0,DataDog/integrations-core; ethyca/fides; instructor-ai/instructor; keephq/keep; sirkirby/unifi-network-rules; yeagerai/genlayer-studio,2,202502
lancedb/lancedb,2024-07,control,0,0,0,,0,,0,0,0,0,0,0,0,0,0,0,0,0,0,False,69.0,14629.0,4603.0,20.0,1.0,DataDog/integrations-core; ethyca/fides; instructor-ai/instructor; keephq/keep; sirkirby/unifi-network-rules; yeagerai/genlayer-studio,2,202502
lancedb/lancedb,2024-08,control,0,0,0,,0,,0,0,0,0,0,0,0,0,0,0,0,0,0,False,59.0,4698.0,3274.0,12.0,1.0,DataDog/integrations-core; ethyca/fides; instructor-ai/instructor; keephq/keep; sirkirby/unifi-network-rules; yeagerai/genlayer-studio,2,202502
lancedb/lancedb,2024-09,control,0,0,0,,0,,0,0,0,0,0,0,0,0,0,0,0,0,0,False,63.0,6359.0,1565.0,19.0,1.0,DataDog/integrations-core; ethyca/fides; instructor-ai/instructor; keephq/keep; sirkirby/unifi-network-rules; yeagerai/genlayer-studio,2,202502
lancedb/lancedb,2024-10,control,0,0,0,,0,,0,0,0,0,0,0,0,0,0,0,0,0,0,False,50.0,5540.0,2649.0,11.0,1.0,DataDog/integrations-core; ethyca/fides; instructor-ai/instructor; keephq/keep; sirkirby/unifi-network-rules; yeagerai/genlayer-studio,2,202502
lancedb/lancedb,2024-11,control,0,0,0,,0,,0,0,0,0,0,0,0,0,0,0,0,0,0,False,87.0,13001.0,4565.0,21.0,1.0,DataDog/integrations-core; ethyca/fides; instructor-ai/instructor; keephq/keep; sirkirby/unifi-network-rules; yeagerai/genlayer-studio,2,202502
lancedb/lancedb,2024-12,control,0,0,0,,0,,0,0,0,0,0,0,0,0,0,0,0,0,0,False,90.0,8462.0,3640.0,13.0,1.0,DataDog/integrations-core; ethyca/fides; instructor-ai/instructor; keephq/keep; sirkirby/unifi-network-rules; yeagerai/genlayer-studio,2,202502
lancedb/lancedb,2025-01,control,0,0,0,,0,,0,0,0,0,0,0,0,0,0,0,0,0,0,False,89.0,19604.0,5401.0,19.0,1.0,DataDog/integrations-core; ethyca/fides; instructor-ai/instructor; keephq/keep; sirkirby/unifi-network-rules; yeagerai/genlayer-studio,2,202502
lancedb/lancedb,2025-02,control,0,0,0,,0,,0,0,0,0,0,0,0,0,0,0,0,0,0,False,77.0,6809.0,4103.0,11.0,1.0,DataDog/integrations-core; ethyca/fides; instructor-ai/instructor; keephq/keep; sirkirby/unifi-network-rules; yeagerai/genlayer-studio,2,202502
lancedb/lancedb,2025-03,control,0,0,0,,0,,0,0,0,0,0,0,0,0,0,0,0,0,0,False,85.0,8275.0,3529.0,17.0,1.0,DataDog/integrations-core; ethyca/fides; instructor-ai/instructor; keephq/keep; sirkirby/unifi-network-rules; yeagerai/genlayer-studio,2,202502
lancedb/lancedb,2025-04,control,0,0,0,,0,,0,0,0,0,0,0,0,0,0,0,0,0,0,False,104.0,9034.0,3472.0,16.0,1.0,DataDog/integrations-core; ethyca/fides; instructor-ai/instructor; keephq/keep; sirkirby/unifi-network-rules; yeagerai/genlayer-studio,2,202502
lancedb/lancedb,2025-05,control,0,0,0,,0,,0,0,0,0,0,0,0,0,0,0,0,0,0,False,64.0,4596.0,2800.0,13.0,1.0,DataDog/integrations-core; ethyca/fides; instructor-ai/instructor; keephq/keep; sirkirby/unifi-network-rules; yeagerai/genlayer-studio,2,202502
lancedb/lancedb,2025-06,control,0,0,0,,0,,0,0,0,0,0,0,0,0,0,0,0,0,0,False,46.0,3437.0,2100.0,12.0,1.0,DataDog/integrations-core; ethyca/fides; instructor-ai/instructor; keephq/keep; sirkirby/unifi-network-rules; yeagerai/genlayer-studio,2,202502
lancedb/lancedb,2025-07,control,0,0,0,,0,,0,0,0,0,0,0,0,0,0,0,0,0,0,False,54.0,3852.0,1478.0,16.0,1.0,DataDog/integrations-core; ethyca/fides; instructor-ai/instructor; keephq/keep; sirkirby/unifi-network-rules; yeagerai/genlayer-studio,2,202502
lancedb/lancedb,2025-08,control,0,0,0,,0,,0,0,0,0,0,0,0,0,0,0,0,0,0,False,36.0,6471.0,15209.0,13.0,1.0,DataDog/integrations-core; ethyca/fides; instructor-ai/instructor; keephq/keep; sirkirby/unifi-network-rules; yeagerai/genlayer-studio,2,202502
liangchundong/HGNN-AC,2024-01,control,0,0,0,,0,,0,0,0,0,0,0,0,0,0,0,0,0,0,False,0.0,0.0,0.0,0.0,1.0,namuan/trading-utils,3,202410
liangchundong/HGNN-AC,2024-02,control,0,0,0,,0,,0,0,0,0,0,0,0,0,0,0,0,0,0,False,0.0,0.0,0.0,0.0,1.0,namuan/trading-utils,3,202410
liangchundong/HGNN-AC,2024-03,control,0,0,0,,0,,0,0,0,0,0,0,0,0,0,0,0,0,0,False,0.0,0.0,0.0,0.0,1.0,namuan/trading-utils,3,202410
liangchundong/HGNN-AC,2024-04,control,0,0,0,,0,,0,0,0,0,0,0,0,0,0,0,0,0,0,False,0.0,0.0,0.0,0.0,1.0,namuan/trading-utils,3,202410
liangchundong/HGNN-AC,2024-05,control,0,0,0,,0,,0,0,0,0,0,0,0,0,0,0,0,0,0,False,0.0,0.0,0.0,0.0,1.0,namuan/trading-utils,3,202410
liangchundong/HGNN-AC,2024-06,control,0,0,0,,0,,0,0,0,0,0,0,0,0,0,0,0,0,0,False,0.0,0.0,0.0,0.0,1.0,namuan/trading-utils,3,202410
liangchundong/HGNN-AC,2024-07,control,0,0,0,,0,,0,0,0,0,0,0,0,0,0,0,0,0,0,False,0.0,0.0,0.0,0.0,1.0,namuan/trading-utils,3,202410
liangchundong/HGNN-AC,2024-08,control,0,0,0,,0,,0,0,0,0,0,0,0,0,0,0,0,0,0,False,0.0,0.0,0.0,0.0,1.0,namuan/trading-utils,3,202410
liangchundong/HGNN-AC,2024-09,control,0,0,0,,0,,0,0,0,0,0,0,0,0,0,0,0,0,0,False,0.0,0.0,0.0,0.0,1.0,namuan/trading-utils,3,202410
liangchundong/HGNN-AC,2024-10,control,0,0,0,,0,,0,0,0,0,0,0,0,0,0,0,0,0,0,False,0.0,0.0,0.0,0.0,1.0,namuan/trading-utils,3,202410
liangchundong/HGNN-AC,2024-11,control,0,0,0,,0,,0,0,0,0,0,0,0,0,0,0,0,0,0,False,0.0,0.0,0.0,0.0,1.0,namuan/trading-utils,3,202410
liangchundong/HGNN-AC,2024-12,control,0,0,0,,0,,0,0,0,0,0,0,0,0,0,0,0,0,0,False,0.0,0.0,0.0,0.0,1.0,namuan/trading-utils,3,202410
liangchundong/HGNN-AC,2025-01,control,0,0,0,,0,,0,0,0,0,0,0,0,0,0,0,0,0,0,False,0.0,0.0,0.0,0.0,1.0,namuan/trading-utils,3,202410
liangchundong/HGNN-AC,2025-02,control,0,0,0,,0,,0,0,0,0,0,0,0,0,0,0,0,0,0,False,0.0,0.0,0.0,0.0,1.0,namuan/trading-utils,3,202410
liangchundong/HGNN-AC,2025-03,control,0,0,0,,0,,0,0,0,0,0,0,0,0,0,0,0,0,0,False,0.0,0.0,0.0,0.0,1.0,namuan/trading-utils,3,202410
liangchundong/HGNN-AC,2025-04,control,0,0,0,,0,,0,0,0,0,0,0,0,0,0,0,0,0,0,False,0.0,0.0,0.0,0.0,1.0,namuan/trading-utils,3,202410
liangchundong/HGNN-AC,2025-05,control,0,0,0,,0,,0,0,0,0,0,0,0,0,0,0,0,0,0,False,0.0,0.0,0.0,0.0,1.0,namuan/trading-utils,3,202410
liangchundong/HGNN-AC,2025-06,control,0,0,0,,0,,0,0,0,0,0,0,0,0,0,0,0,0,0,False,0.0,0.0,0.0,0.0,1.0,namuan/trading-utils,3,202410
liangchundong/HGNN-AC,2025-07,control,0,0,0,,0,,0,0,0,0,0,0,0,0,0,0,0,0,0,False,0.0,0.0,0.0,0.0,1.0,namuan/trading-utils,3,202410
liangchundong/HGNN-AC,2025-08,control,0,0,0,,0,,0,0,0,0,0,0,0,0,0,0,0,0,0,False,0.0,0.0,0.0,0.0,1.0,namuan/trading-utils,3,202410
linuxacademy/content-gitops,2024-01,control,0,0,0,,0,,0,0,0,0,0,0,0,0,0,0,0,0,0,False,0.0,0.0,0.0,0.0,1.0,Apocrathia/home-assistant-config,2,202501
linuxacademy/content-gitops,2024-02,control,0,0,0,,0,,0,0,0,0,0,0,0,0,0,0,0,0,0,False,0.0,0.0,0.0,0.0,1.0,Apocrathia/home-assistant-config,2,202501
linuxacademy/content-gitops,2024-03,control,0,0,0,,0,,0,0,0,0,0,0,0,0,0,0,0,0,0,False,0.0,0.0,0.0,0.0,1.0,Apocrathia/home-assistant-config,2,202501
linuxacademy/content-gitops,2024-04,control,0,0,0,,0,,0,0,0,0,0,0,0,0,0,0,0,0,0,False,0.0,0.0,0.0,0.0,1.0,Apocrathia/home-assistant-config,2,202501
linuxacademy/content-gitops,2024-05,control,0,0,0,,0,,0,0,0,0,0,0,0,0,0,0,0,0,0,False,0.0,0.0,0.0,0.0,1.0,Apocrathia/home-assistant-config,2,202501
linuxacademy/content-gitops,2024-06,control,0,0,0,,0,,0,0,0,0,0,0,0,0,0,0,0,0,0,False,0.0,0.0,0.0,0.0,1.0,Apocrathia/home-assistant-config,2,202501
linuxacademy/content-gitops,2024-07,control,0,0,0,,0,,0,0,0,0,0,0,0,0,0,0,0,0,0,False,0.0,0.0,0.0,0.0,1.0,Apocrathia/home-assistant-config,2,202501
linuxacademy/content-gitops,2024-08,control,0,0,0,,0,,0,0,0,0,0,0,0,0,0,0,0,0,0,False,0.0,0.0,0.0,0.0,1.0,Apocrathia/home-assistant-config,2,202501
linuxacademy/content-gitops,2024-09,control,0,0,0,,0,,0,0,0,0,0,0,0,0,0,0,0,0,0,False,0.0,0.0,0.0,0.0,1.0,Apocrathia/home-assistant-config,2,202501
linuxacademy/content-gitops,2024-10,control,0,0,0,,0,,0,0,0,0,0,0,0,0,0,0,0,0,0,False,0.0,0.0,0.0,0.0,1.0,Apocrathia/home-assistant-config,2,202501
linuxacademy/content-gitops,2024-11,control,0,0,0,,0,,0,0,0,0,0,0,0,0,0,0,0,0,0,False,0.0,0.0,0.0,0.0,1.0,Apocrathia/home-assistant-config,2,202501
linuxacademy/content-gitops,2024-12,control,0,0,0,,0,,0,0,0,0,0,0,0,0,0,0,0,0,0,False,0.0,0.0,0.0,0.0,1.0,Apocrathia/home-assistant-config,2,202501
linuxacademy/content-gitops,2025-01,control,0,0,0,,0,,0,0,0,0,0,0,0,0,0,0,0,0,0,False,0.0,0.0,0.0,0.0,1.0,Apocrathia/home-assistant-config,2,202501
linuxacademy/content-gitops,2025-02,control,0,0,0,,0,,0,0,0,0,0,0,0,0,0,0,0,0,0,False,0.0,0.0,0.0,0.0,1.0,Apocrathia/home-assistant-config,2,202501
linuxacademy/content-gitops,2025-03,control,0,0,0,,0,,0,0,0,0,0,0,0,0,0,0,0,0,0,False,0.0,0.0,0.0,0.0,1.0,Apocrathia/home-assistant-config,2,202501
linuxacademy/content-gitops,2025-04,control,0,0,0,,0,,0,0,0,0,0,0,0,0,0,0,0,0,0,False,0.0,0.0,0.0,0.0,1.0,Apocrathia/home-assistant-config,2,202501
linuxacademy/content-gitops,2025-05,control,0,0,0,,0,,0,0,0,0,0,0,0,0,0,0,0,0,0,False,0.0,0.0,0.0,0.0,1.0,Apocrathia/home-assistant-config,2,202501
linuxacademy/content-gitops,2025-06,control,0,0,0,,0,,0,0,0,0,0,0,0,0,0,0,0,0,0,False,0.0,0.0,0.0,0.0,1.0,Apocrathia/home-assistant-config,2,202501
linuxacademy/content-gitops,2025-07,control,0,0,0,,0,,0,0,0,0,0,0,0,0,0,0,0,0,0,False,0.0,0.0,0.0,0.0,1.0,Apocrathia/home-assistant-config,2,202501
linuxacademy/content-gitops,2025-08,control,0,0,0,,0,,0,0,0,0,0,0,0,0,0,0,0,0,0,False,0.0,0.0,0.0,0.0,1.0,Apocrathia/home-assistant-config,2,202501
loml13yyy/AtlassianConfluence-RCE,2024-10,control,0,0,0,,0,,0,0,0,0,0,0,0,0,0,0,0,0,0,False,7.0,86.0,2.0,1.0,1.0,Elevate-Code/better-voice-typing; PiotrCzapla/smart_dictation; TheSethRose/Agent-Chat; VRSEN/agency-voice-interface; codingforentrepreneurs/Cursor-Django; matebenyovszky/healing-agent,1,202409
loml13yyy/AtlassianConfluence-RCE,2024-11,control,0,0,0,,0,,0,0,0,0,0,0,0,0,0,0,0,0,0,False,0.0,0.0,0.0,0.0,1.0,Elevate-Code/better-voice-typing; PiotrCzapla/smart_dictation; TheSethRose/Agent-Chat; VRSEN/agency-voice-interface; codingforentrepreneurs/Cursor-Django; matebenyovszky/healing-agent,1,202409
loml13yyy/AtlassianConfluence-RCE,2024-12,control,0,0,0,,0,,0,0,0,0,0,0,0,0,0,0,0,0,0,False,0.0,0.0,0.0,0.0,1.0,Elevate-Code/better-voice-typing; PiotrCzapla/smart_dictation; TheSethRose/Agent-Chat; VRSEN/agency-voice-interface; codingforentrepreneurs/Cursor-Django; matebenyovszky/healing-agent,1,202409
loml13yyy/AtlassianConfluence-RCE,2025-01,control,0,0,0,,0,,0,0,0,0,0,0,0,0,0,0,0,0,0,False,0.0,0.0,0.0,0.0,1.0,Elevate-Code/better-voice-typing; PiotrCzapla/smart_dictation; TheSethRose/Agent-Chat; VRSEN/agency-voice-interface; codingforentrepreneurs/Cursor-Django; matebenyovszky/healing-agent,1,202409
loml13yyy/AtlassianConfluence-RCE,2025-02,control,0,0,0,,0,,0,0,0,0,0,0,0,0,0,0,0,0,0,False,0.0,0.0,0.0,0.0,1.0,Elevate-Code/better-voice-typing; PiotrCzapla/smart_dictation; TheSethRose/Agent-Chat; VRSEN/agency-voice-interface; codingforentrepreneurs/Cursor-Django; matebenyovszky/healing-agent,1,202409
loml13yyy/AtlassianConfluence-RCE,2025-03,control,0,0,0,,0,,0,0,0,0,0,0,0,0,0,0,0,0,0,False,0.0,0.0,0.0,0.0,1.0,Elevate-Code/better-voice-typing; PiotrCzapla/smart_dictation; TheSethRose/Agent-Chat; VRSEN/agency-voice-interface; codingforentrepreneurs/Cursor-Django; matebenyovszky/healing-agent,1,202409
loml13yyy/AtlassianConfluence-RCE,2025-04,control,0,0,0,,0,,0,0,0,0,0,0,0,0,0,0,0,0,0,False,0.0,0.0,0.0,0.0,1.0,Elevate-Code/better-voice-typing; PiotrCzapla/smart_dictation; TheSethRose/Agent-Chat; VRSEN/agency-voice-interface; codingforentrepreneurs/Cursor-Django; matebenyovszky/healing-agent,1,202409
loml13yyy/AtlassianConfluence-RCE,2025-05,control,0,0,0,,0,,0,0,0,0,0,0,0,0,0,0,0,0,0,False,0.0,0.0,0.0,0.0,1.0,Elevate-Code/better-voice-typing; PiotrCzapla/smart_dictation; TheSethRose/Agent-Chat; VRSEN/agency-voice-interface; codingforentrepreneurs/Cursor-Django; matebenyovszky/healing-agent,1,202409
loml13yyy/AtlassianConfluence-RCE,2025-06,control,0,0,0,,0,,0,0,0,0,0,0,0,0,0,0,0,0,0,False,0.0,0.0,0.0,0.0,1.0,Elevate-Code/better-voice-typing; PiotrCzapla/smart_dictation; TheSethRose/Agent-Chat; VRSEN/agency-voice-interface; codingforentrepreneurs/Cursor-Django; matebenyovszky/healing-agent,1,202409
loml13yyy/AtlassianConfluence-RCE,2025-07,control,0,0,0,,0,,0,0,0,0,0,0,0,0,0,0,0,0,0,False,0.0,0.0,0.0,0.0,1.0,Elevate-Code/better-voice-typing; PiotrCzapla/smart_dictation; TheSethRose/Agent-Chat; VRSEN/agency-voice-interface; codingforentrepreneurs/Cursor-Django; matebenyovszky/healing-agent,1,202409
loml13yyy/AtlassianConfluence-RCE,2025-08,control,0,0,0,,0,,0,0,0,0,0,0,0,0,0,0,0,0,0,False,0.0,0.0,0.0,0.0,1.0,Elevate-Code/better-voice-typing; PiotrCzapla/smart_dictation; TheSethRose/Agent-Chat; VRSEN/agency-voice-interface; codingforentrepreneurs/Cursor-Django; matebenyovszky/healing-agent,1,202409
loml13yyy/yyGRPU8,2024-10,control,0,0,0,,0,,0,0,0,0,0,0,0,0,0,0,0,0,0,False,6.0,81.0,2.0,1.0,1.0,Elevate-Code/better-voice-typing; PiotrCzapla/smart_dictation; TheSethRose/Agent-Chat; VRSEN/agency-voice-interface; codingforentrepreneurs/Cursor-Django; matebenyovszky/healing-agent,2,202409
loml13yyy/yyGRPU8,2024-11,control,0,0,0,,0,,0,0,0,0,0,0,0,0,0,0,0,0,0,False,0.0,0.0,0.0,0.0,1.0,Elevate-Code/better-voice-typing; PiotrCzapla/smart_dictation; TheSethRose/Agent-Chat; VRSEN/agency-voice-interface; codingforentrepreneurs/Cursor-Django; matebenyovszky/healing-agent,2,202409
loml13yyy/yyGRPU8,2024-12,control,0,0,0,,0,,0,0,0,0,0,0,0,0,0,0,0,0,0,False,0.0,0.0,0.0,0.0,1.0,Elevate-Code/better-voice-typing; PiotrCzapla/smart_dictation; TheSethRose/Agent-Chat; VRSEN/agency-voice-interface; codingforentrepreneurs/Cursor-Django; matebenyovszky/healing-agent,2,202409
loml13yyy/yyGRPU8,2025-01,control,0,0,0,,0,,0,0,0,0,0,0,0,0,0,0,0,0,0,False,0.0,0.0,0.0,0.0,1.0,Elevate-Code/better-voice-typing; PiotrCzapla/smart_dictation; TheSethRose/Agent-Chat; VRSEN/agency-voice-interface; codingforentrepreneurs/Cursor-Django; matebenyovszky/healing-agent,2,202409
loml13yyy/yyGRPU8,2025-02,control,0,0,0,,0,,0,0,0,0,0,0,0,0,0,0,0,0,0,False,0.0,0.0,0.0,0.0,1.0,Elevate-Code/better-voice-typing; PiotrCzapla/smart_dictation; TheSethRose/Agent-Chat; VRSEN/agency-voice-interface; codingforentrepreneurs/Cursor-Django; matebenyovszky/healing-agent,2,202409
loml13yyy/yyGRPU8,2025-03,control,0,0,0,,0,,0,0,0,0,0,0,0,0,0,0,0,0,0,False,0.0,0.0,0.0,0.0,1.0,Elevate-Code/better-voice-typing; PiotrCzapla/smart_dictation; TheSethRose/Agent-Chat; VRSEN/agency-voice-interface; codingforentrepreneurs/Cursor-Django; matebenyovszky/healing-agent,2,202409
loml13yyy/yyGRPU8,2025-04,control,0,0,0,,0,,0,0,0,0,0,0,0,0,0,0,0,0,0,False,0.0,0.0,0.0,0.0,1.0,Elevate-Code/better-voice-typing; PiotrCzapla/smart_dictation; TheSethRose/Agent-Chat; VRSEN/agency-voice-interface; codingforentrepreneurs/Cursor-Django; matebenyovszky/healing-agent,2,202409
loml13yyy/yyGRPU8,2025-05,control,0,0,0,,0,,0,0,0,0,0,0,0,0,0,0,0,0,0,False,0.0,0.0,0.0,0.0,1.0,Elevate-Code/better-voice-typing; PiotrCzapla/smart_dictation; TheSethRose/Agent-Chat; VRSEN/agency-voice-interface; codingforentrepreneurs/Cursor-Django; matebenyovszky/healing-agent,2,202409
loml13yyy/yyGRPU8,2025-06,control,0,0,0,,0,,0,0,0,0,0,0,0,0,0,0,0,0,0,False,0.0,0.0,0.0,0.0,1.0,Elevate-Code/better-voice-typing; PiotrCzapla/smart_dictation; TheSethRose/Agent-Chat; VRSEN/agency-voice-interface; codingforentrepreneurs/Cursor-Django; matebenyovszky/healing-agent,2,202409
loml13yyy/yyGRPU8,2025-07,control,0,0,0,,0,,0,0,0,0,0,0,0,0,0,0,0,0,0,False,0.0,0.0,0.0,0.0,1.0,Elevate-Code/better-voice-typing; PiotrCzapla/smart_dictation; TheSethRose/Agent-Chat; VRSEN/agency-voice-interface; codingforentrepreneurs/Cursor-Django; matebenyovszky/healing-agent,2,202409
loml13yyy/yyGRPU8,2025-08,control,0,0,0,,0,,0,0,0,0,0,0,0,0,0,0,0,0,0,False,0.0,0.0,0.0,0.0,1.0,Elevate-Code/better-voice-typing; PiotrCzapla/smart_dictation; TheSethRose/Agent-Chat; VRSEN/agency-voice-interface; codingforentrepreneurs/Cursor-Django; matebenyovszky/healing-agent,2,202409
markmelnic/stealthenium,2024-08,control,0,0,0,,0,,0,0,0,0,0,0,0,0,0,0,0,0,0,False,1.0,0.0,0.0,1.0,1.0,appl-team/appl,2,202411
markmelnic/stealthenium,2024-09,control,0,0,0,,0,,0,0,0,0,0,0,0,0,0,0,0,0,0,False,0.0,0.0,0.0,0.0,1.0,appl-team/appl,2,202411
markmelnic/stealthenium,2024-10,control,0,0,0,,0,,0,0,0,0,0,0,0,0,0,0,0,0,0,False,2.0,13.0,13.0,1.0,1.0,appl-team/appl,2,202411
markmelnic/stealthenium,2024-11,control,0,0,0,,0,,0,0,0,0,0,0,0,0,0,0,0,0,0,False,0.0,0.0,0.0,0.0,1.0,appl-team/appl,2,202411
markmelnic/stealthenium,2024-12,control,0,0,0,,0,,0,0,0,0,0,0,0,0,0,0,0,0,0,False,0.0,0.0,0.0,0.0,1.0,appl-team/appl,2,202411
markmelnic/stealthenium,2025-01,control,0,0,0,,0,,0,0,0,0,0,0,0,0,0,0,0,0,0,False,0.0,0.0,0.0,0.0,1.0,appl-team/appl,2,202411
markmelnic/stealthenium,2025-02,control,0,0,0,,0,,0,0,0,0,0,0,0,0,0,0,0,0,0,False,1.0,24.0,12.0,1.0,1.0,appl-team/appl,2,202411
markmelnic/stealthenium,2025-03,control,0,0,0,,0,,0,0,0,0,0,0,0,0,0,0,0,0,0,False,0.0,0.0,0.0,0.0,1.0,appl-team/appl,2,202411
markmelnic/stealthenium,2025-04,control,0,0,0,,0,,0,0,0,0,0,0,0,0,0,0,0,0,0,False,0.0,0.0,0.0,0.0,1.0,appl-team/appl,2,202411
markmelnic/stealthenium,2025-05,control,0,0,0,,0,,0,0,0,0,0,0,0,0,0,0,0,0,0,False,0.0,0.0,0.0,0.0,1.0,appl-team/appl,2,202411
markmelnic/stealthenium,2025-06,control,0,0,0,,0,,0,0,0,0,0,0,0,0,0,0,0,0,0,False,0.0,0.0,0.0,0.0,1.0,appl-team/appl,2,202411
markmelnic/stealthenium,2025-07,control,0,0,0,,0,,0,0,0,0,0,0,0,0,0,0,0,0,0,False,0.0,0.0,0.0,0.0,1.0,appl-team/appl,2,202411
markmelnic/stealthenium,2025-08,control,0,0,0,,0,,0,0,0,0,0,0,0,0,0,0,0,0,0,False,0.0,0.0,0.0,0.0,1.0,appl-team/appl,2,202411
microsoft/AzureTRE,2024-01,control,0,0,0,,0,,0,0,0,0,0,0,0,0,0,0,0,0,0,False,6.0,1223.0,980.0,4.0,1.0,vietanhdev/anylabeling,1,202502
microsoft/AzureTRE,2024-02,control,0,0,0,,0,,0,0,0,0,0,0,0,0,0,0,0,0,0,False,13.0,157.0,58.0,5.0,1.0,vietanhdev/anylabeling,1,202502
microsoft/AzureTRE,2024-03,control,0,0,0,,0,,0,0,0,0,0,0,0,0,0,0,0,0,0,False,2.0,799.0,713.0,1.0,1.0,vietanhdev/anylabeling,1,202502
microsoft/AzureTRE,2024-04,control,0,0,0,,0,,0,0,0,0,0,0,0,0,0,0,0,0,0,False,8.0,444.0,266.0,3.0,1.0,vietanhdev/anylabeling,1,202502
microsoft/AzureTRE,2024-05,control,0,0,0,,0,,0,0,0,0,0,0,0,0,0,0,0,0,0,False,10.0,498.0,115.0,4.0,1.0,vietanhdev/anylabeling,1,202502
microsoft/AzureTRE,2024-06,control,0,0,0,,0,,0,0,0,0,0,0,0,0,0,0,0,0,0,False,12.0,763.0,294.0,4.0,1.0,vietanhdev/anylabeling,1,202502
microsoft/AzureTRE,2024-07,control,0,0,0,,0,,0,0,0,0,0,0,0,0,0,0,0,0,0,False,7.0,697.0,32.0,3.0,1.0,vietanhdev/anylabeling,1,202502
microsoft/AzureTRE,2024-08,control,0,0,0,,0,,0,0,0,0,0,0,0,0,0,0,0,0,0,False,15.0,2105.0,1812.0,2.0,1.0,vietanhdev/anylabeling,1,202502
microsoft/AzureTRE,2024-09,control,0,0,0,,0,,0,0,0,0,0,0,0,0,0,0,0,0,0,False,8.0,1655.0,561.0,5.0,1.0,vietanhdev/anylabeling,1,202502
microsoft/AzureTRE,2024-10,control,0,0,0,,0,,0,0,0,0,0,0,0,0,0,0,0,0,0,False,2.0,609.0,410.0,2.0,1.0,vietanhdev/anylabeling,1,202502
microsoft/AzureTRE,2024-11,control,0,0,0,,0,,0,0,0,0,0,0,0,0,0,0,0,0,0,False,18.0,1640.0,2737.0,6.0,1.0,vietanhdev/anylabeling,1,202502
microsoft/AzureTRE,2024-12,control,0,0,0,,0,,0,0,0,0,0,0,0,0,0,0,0,0,0,False,34.0,4242.0,2972.0,8.0,1.0,vietanhdev/anylabeling,1,202502
microsoft/AzureTRE,2025-01,control,0,0,0,,0,,0,0,0,0,0,0,0,0,0,0,0,0,0,False,11.0,967.0,897.0,6.0,1.0,vietanhdev/anylabeling,1,202502
microsoft/AzureTRE,2025-02,control,0,0,0,,0,,0,0,0,0,0,0,0,0,0,0,0,0,0,False,39.0,14354.0,16749.0,8.0,1.0,vietanhdev/anylabeling,1,202502
microsoft/AzureTRE,2025-03,control,0,0,0,,0,,0,0,0,0,0,0,0,0,0,0,0,0,0,False,16.0,750.0,721.0,8.0,1.0,vietanhdev/anylabeling,1,202502
microsoft/AzureTRE,2025-04,control,0,0,0,,0,,0,0,0,0,0,0,0,0,0,0,0,0,0,False,22.0,2893.0,965.0,8.0,1.0,vietanhdev/anylabeling,1,202502
microsoft/AzureTRE,2025-05,control,0,0,0,,0,,0,0,0,0,0,0,0,0,0,0,0,0,0,False,26.0,2346.0,1587.0,10.0,1.0,vietanhdev/anylabeling,1,202502
microsoft/AzureTRE,2025-06,control,0,0,0,,0,,0,0,0,0,0,0,0,0,0,0,0,0,0,False,17.0,1955.0,866.0,4.0,1.0,vietanhdev/anylabeling,1,202502
microsoft/AzureTRE,2025-07,control,0,0,0,,0,,0,0,0,0,0,0,0,0,0,0,0,0,0,False,18.0,19833.0,9428.0,5.0,1.0,vietanhdev/anylabeling,1,202502
microsoft/AzureTRE,2025-08,control,0,0,0,,0,,0,0,0,0,0,0,0,0,0,0,0,0,0,False,0.0,0.0,0.0,0.0,1.0,vietanhdev/anylabeling,1,202502
microsoft/semantic-link-labs,2024-05,control,0,0,0,,0,,0,0,0,0,0,0,0,0,0,0,0,0,0,False,26.0,28885.0,1113.0,5.0,1.0,DataDog/integrations-core; ethyca/fides; instructor-ai/instructor; keephq/keep; sirkirby/unifi-network-rules; yeagerai/genlayer-studio,1,202502
microsoft/semantic-link-labs,2024-06,control,0,0,0,,0,,0,0,0,0,0,0,0,0,0,0,0,0,0,False,33.0,24548.0,18927.0,5.0,1.0,DataDog/integrations-core; ethyca/fides; instructor-ai/instructor; keephq/keep; sirkirby/unifi-network-rules; yeagerai/genlayer-studio,1,202502
microsoft/semantic-link-labs,2024-07,control,0,0,0,,0,,0,0,0,0,0,0,0,0,0,0,0,0,0,False,64.0,43564.0,8197.0,3.0,1.0,DataDog/integrations-core; ethyca/fides; instructor-ai/instructor; keephq/keep; sirkirby/unifi-network-rules; yeagerai/genlayer-studio,1,202502
microsoft/semantic-link-labs,2024-08,control,0,0,0,,0,,0,0,0,0,0,0,0,0,0,0,0,0,0,False,145.0,66570.0,29506.0,3.0,1.0,DataDog/integrations-core; ethyca/fides; instructor-ai/instructor; keephq/keep; sirkirby/unifi-network-rules; yeagerai/genlayer-studio,1,202502
microsoft/semantic-link-labs,2024-09,control,0,0,0,,0,,0,0,0,0,0,0,0,0,0,0,0,0,0,False,200.0,43850.0,8410.0,2.0,1.0,DataDog/integrations-core; ethyca/fides; instructor-ai/instructor; keephq/keep; sirkirby/unifi-network-rules; yeagerai/genlayer-studio,1,202502
microsoft/semantic-link-labs,2024-10,control,0,0,0,,0,,0,0,0,0,0,0,0,0,0,0,0,0,0,False,133.0,8681.0,3044.0,3.0,1.0,DataDog/integrations-core; ethyca/fides; instructor-ai/instructor; keephq/keep; sirkirby/unifi-network-rules; yeagerai/genlayer-studio,1,202502
microsoft/semantic-link-labs,2024-11,control,0,0,0,,0,,0,0,0,0,0,0,0,0,0,0,0,0,0,False,96.0,9519.0,3183.0,7.0,1.0,DataDog/integrations-core; ethyca/fides; instructor-ai/instructor; keephq/keep; sirkirby/unifi-network-rules; yeagerai/genlayer-studio,1,202502
microsoft/semantic-link-labs,2024-12,control,0,0,0,,0,,0,0,0,0,0,0,0,0,0,0,0,0,0,False,128.0,8649.0,4945.0,5.0,1.0,DataDog/integrations-core; ethyca/fides; instructor-ai/instructor; keephq/keep; sirkirby/unifi-network-rules; yeagerai/genlayer-studio,1,202502
microsoft/semantic-link-labs,2025-01,control,0,0,0,,0,,0,0,0,0,0,0,0,0,0,0,0,0,0,False,122.0,10791.0,5640.0,4.0,1.0,DataDog/integrations-core; ethyca/fides; instructor-ai/instructor; keephq/keep; sirkirby/unifi-network-rules; yeagerai/genlayer-studio,1,202502
microsoft/semantic-link-labs,2025-02,control,0,0,0,,0,,0,0,0,0,0,0,0,0,0,0,0,0,0,False,141.0,40278.0,33853.0,6.0,1.0,DataDog/integrations-core; ethyca/fides; instructor-ai/instructor; keephq/keep; sirkirby/unifi-network-rules; yeagerai/genlayer-studio,1,202502
microsoft/semantic-link-labs,2025-03,control,0,0,0,,0,,0,0,0,0,0,0,0,0,0,0,0,0,0,False,166.0,7004.0,3667.0,5.0,1.0,DataDog/integrations-core; ethyca/fides; instructor-ai/instructor; keephq/keep; sirkirby/unifi-network-rules; yeagerai/genlayer-studio,1,202502
microsoft/semantic-link-labs,2025-04,control,0,0,0,,0,,0,0,0,0,0,0,0,0,0,0,0,0,0,False,88.0,3515.0,1193.0,5.0,1.0,DataDog/integrations-core; ethyca/fides; instructor-ai/instructor; keephq/keep; sirkirby/unifi-network-rules; yeagerai/genlayer-studio,1,202502
microsoft/semantic-link-labs,2025-05,control,0,0,0,,0,,0,0,0,0,0,0,0,0,0,0,0,0,0,False,93.0,12907.0,9306.0,4.0,1.0,DataDog/integrations-core; ethyca/fides; instructor-ai/instructor; keephq/keep; sirkirby/unifi-network-rules; yeagerai/genlayer-studio,1,202502
microsoft/semantic-link-labs,2025-06,control,0,0,0,,0,,0,0,0,0,0,0,0,0,0,0,0,0,0,False,82.0,5861.0,1490.0,4.0,1.0,DataDog/integrations-core; ethyca/fides; instructor-ai/instructor; keephq/keep; sirkirby/unifi-network-rules; yeagerai/genlayer-studio,1,202502
microsoft/semantic-link-labs,2025-07,control,0,0,0,,0,,0,0,0,0,0,0,0,0,0,0,0,0,0,False,48.0,4394.0,2080.0,3.0,1.0,DataDog/integrations-core; ethyca/fides; instructor-ai/instructor; keephq/keep; sirkirby/unifi-network-rules; yeagerai/genlayer-studio,1,202502
microsoft/semantic-link-labs,2025-08,control,0,0,0,,0,,0,0,0,0,0,0,0,0,0,0,0,0,0,False,63.0,3160.0,1666.0,5.0,1.0,DataDog/integrations-core; ethyca/fides; instructor-ai/instructor; keephq/keep; sirkirby/unifi-network-rules; yeagerai/genlayer-studio,1,202502
monero-project/meta,2024-01,control,0,0,0,,0,,0,0,0,0,0,0,0,0,0,0,0,0,0,False,0.0,0.0,0.0,0.0,1.0,terryyin/lizard,2,202412
monero-project/meta,2024-02,control,0,0,0,,0,,0,0,0,0,0,0,0,0,0,0,0,0,0,False,0.0,0.0,0.0,0.0,1.0,terryyin/lizard,2,202412
monero-project/meta,2024-03,control,0,0,0,,0,,0,0,0,0,0,0,0,0,0,0,0,0,0,False,0.0,0.0,0.0,0.0,1.0,terryyin/lizard,2,202412
monero-project/meta,2024-04,control,0,0,0,,0,,0,0,0,0,0,0,0,0,0,0,0,0,0,False,0.0,0.0,0.0,0.0,1.0,terryyin/lizard,2,202412
monero-project/meta,2024-05,control,0,0,0,,0,,0,0,0,0,0,0,0,0,0,0,0,0,0,False,0.0,0.0,0.0,0.0,1.0,terryyin/lizard,2,202412
monero-project/meta,2024-06,control,0,0,0,,0,,0,0,0,0,0,0,0,0,0,0,0,0,0,False,0.0,0.0,0.0,0.0,1.0,terryyin/lizard,2,202412
monero-project/meta,2024-07,control,0,0,0,,0,,0,0,0,0,0,0,0,0,0,0,0,0,0,False,0.0,0.0,0.0,0.0,1.0,terryyin/lizard,2,202412
monero-project/meta,2024-08,control,0,0,0,,0,,0,0,0,0,0,0,0,0,0,0,0,0,0,False,0.0,0.0,0.0,0.0,1.0,terryyin/lizard,2,202412
monero-project/meta,2024-09,control,0,0,0,,0,,0,0,0,0,0,0,0,0,0,0,0,0,0,False,0.0,0.0,0.0,0.0,1.0,terryyin/lizard,2,202412
monero-project/meta,2024-10,control,0,0,0,,0,,0,0,0,0,0,0,0,0,0,0,0,0,0,False,0.0,0.0,0.0,0.0,1.0,terryyin/lizard,2,202412
monero-project/meta,2024-11,control,0,0,0,,0,,0,0,0,0,0,0,0,0,0,0,0,0,0,False,0.0,0.0,0.0,0.0,1.0,terryyin/lizard,2,202412
monero-project/meta,2024-12,control,0,0,0,,0,,0,0,0,0,0,0,0,0,0,0,0,0,0,False,0.0,0.0,0.0,0.0,1.0,terryyin/lizard,2,202412
monero-project/meta,2025-01,control,0,0,0,,0,,0,0,0,0,0,0,0,0,0,0,0,0,0,False,0.0,0.0,0.0,0.0,1.0,terryyin/lizard,2,202412
monero-project/meta,2025-02,control,0,0,0,,0,,0,0,0,0,0,0,0,0,0,0,0,0,0,False,0.0,0.0,0.0,0.0,1.0,terryyin/lizard,2,202412
monero-project/meta,2025-03,control,0,0,0,,0,,0,0,0,0,0,0,0,0,0,0,0,0,0,False,0.0,0.0,0.0,0.0,1.0,terryyin/lizard,2,202412
monero-project/meta,2025-04,control,0,0,0,,0,,0,0,0,0,0,0,0,0,0,0,0,0,0,False,0.0,0.0,0.0,0.0,1.0,terryyin/lizard,2,202412
monero-project/meta,2025-05,control,0,0,0,,0,,0,0,0,0,0,0,0,0,0,0,0,0,0,False,1.0,6.0,0.0,1.0,1.0,terryyin/lizard,2,202412
monero-project/meta,2025-06,control,0,0,0,,0,,0,0,0,0,0,0,0,0,0,0,0,0,0,False,0.0,0.0,0.0,0.0,1.0,terryyin/lizard,2,202412
monero-project/meta,2025-07,control,0,0,0,,0,,0,0,0,0,0,0,0,0,0,0,0,0,0,False,0.0,0.0,0.0,0.0,1.0,terryyin/lizard,2,202412
monero-project/meta,2025-08,control,0,0,0,,0,,0,0,0,0,0,0,0,0,0,0,0,0,0,False,0.0,0.0,0.0,0.0,1.0,terryyin/lizard,2,202412
neuml/rag,2024-07,control,0,0,0,,0,,0,0,0,0,0,0,0,0,0,0,0,0,0,False,7.0,942.0,11.0,1.0,1.0,Kiln-AI/Kiln; martinnormark/neural-mesh-simplification,3,202412
neuml/rag,2024-08,control,0,0,0,,0,,0,0,0,0,0,0,0,0,0,0,0,0,0,False,13.0,244.0,60.0,1.0,1.0,Kiln-AI/Kiln; martinnormark/neural-mesh-simplification,3,202412
neuml/rag,2024-09,control,0,0,0,,0,,0,0,0,0,0,0,0,0,0,0,0,0,0,False,1.0,7.0,2.0,1.0,1.0,Kiln-AI/Kiln; martinnormark/neural-mesh-simplification,3,202412
neuml/rag,2024-10,control,0,0,0,,0,,0,0,0,0,0,0,0,0,0,0,0,0,0,False,2.0,3.0,3.0,1.0,1.0,Kiln-AI/Kiln; martinnormark/neural-mesh-simplification,3,202412
neuml/rag,2024-11,control,0,0,0,,0,,0,0,0,0,0,0,0,0,0,0,0,0,0,False,2.0,7.0,9.0,1.0,1.0,Kiln-AI/Kiln; martinnormark/neural-mesh-simplification,3,202412
neuml/rag,2024-12,control,0,0,0,,0,,0,0,0,0,0,0,0,0,0,0,0,0,0,False,3.0,29.0,5.0,1.0,1.0,Kiln-AI/Kiln; martinnormark/neural-mesh-simplification,3,202412
neuml/rag,2025-01,control,0,0,0,,0,,0,0,0,0,0,0,0,0,0,0,0,0,0,False,0.0,0.0,0.0,0.0,1.0,Kiln-AI/Kiln; martinnormark/neural-mesh-simplification,3,202412
neuml/rag,2025-02,control,0,0,0,,0,,0,0,0,0,0,0,0,0,0,0,0,0,0,False,0.0,0.0,0.0,0.0,1.0,Kiln-AI/Kiln; martinnormark/neural-mesh-simplification,3,202412
neuml/rag,2025-03,control,0,0,0,,0,,0,0,0,0,0,0,0,0,0,0,0,0,0,False,0.0,0.0,0.0,0.0,1.0,Kiln-AI/Kiln; martinnormark/neural-mesh-simplification,3,202412
neuml/rag,2025-04,control,0,0,0,,0,,0,0,0,0,0,0,0,0,0,0,0,0,0,False,2.0,9.0,7.0,1.0,1.0,Kiln-AI/Kiln; martinnormark/neural-mesh-simplification,3,202412
neuml/rag,2025-05,control,0,0,0,,0,,0,0,0,0,0,0,0,0,0,0,0,0,0,False,1.0,7.0,2.0,1.0,1.0,Kiln-AI/Kiln; martinnormark/neural-mesh-simplification,3,202412
neuml/rag,2025-06,control,0,0,0,,0,,0,0,0,0,0,0,0,0,0,0,0,0,0,False,0.0,0.0,0.0,0.0,1.0,Kiln-AI/Kiln; martinnormark/neural-mesh-simplification,3,202412
neuml/rag,2025-07,control,0,0,0,,0,,0,0,0,0,0,0,0,0,0,0,0,0,0,False,0.0,0.0,0.0,0.0,1.0,Kiln-AI/Kiln; martinnormark/neural-mesh-simplification,3,202412
neuml/rag,2025-08,control,0,0,0,,0,,0,0,0,0,0,0,0,0,0,0,0,0,0,False,0.0,0.0,0.0,0.0,1.0,Kiln-AI/Kiln; martinnormark/neural-mesh-simplification,3,202412
nhw649/EOV-Seg,2024-06,control,0,0,0,,0,,0,0,0,0,0,0,0,0,0,0,0,0,0,False,8.0,11929.0,76.0,2.0,1.0,zauberzeug/nicegui,1,202502
nhw649/EOV-Seg,2024-07,control,0,0,0,,0,,0,0,0,0,0,0,0,0,0,0,0,0,0,False,0.0,0.0,0.0,0.0,1.0,zauberzeug/nicegui,1,202502
nhw649/EOV-Seg,2024-08,control,0,0,0,,0,,0,0,0,0,0,0,0,0,0,0,0,0,0,False,1.0,37.0,33.0,1.0,1.0,zauberzeug/nicegui,1,202502
nhw649/EOV-Seg,2024-09,control,0,0,0,,0,,0,0,0,0,0,0,0,0,0,0,0,0,0,False,0.0,0.0,0.0,0.0,1.0,zauberzeug/nicegui,1,202502
nhw649/EOV-Seg,2024-10,control,0,0,0,,0,,0,0,0,0,0,0,0,0,0,0,0,0,0,False,0.0,0.0,0.0,0.0,1.0,zauberzeug/nicegui,1,202502
nhw649/EOV-Seg,2024-11,control,0,0,0,,0,,0,0,0,0,0,0,0,0,0,0,0,0,0,False,0.0,0.0,0.0,0.0,1.0,zauberzeug/nicegui,1,202502
nhw649/EOV-Seg,2024-12,control,0,0,0,,0,,0,0,0,0,0,0,0,0,0,0,0,0,0,False,5.0,2914.0,218.0,1.0,1.0,zauberzeug/nicegui,1,202502
nhw649/EOV-Seg,2025-01,control,0,0,0,,0,,0,0,0,0,0,0,0,0,0,0,0,0,0,False,0.0,0.0,0.0,0.0,1.0,zauberzeug/nicegui,1,202502
nhw649/EOV-Seg,2025-02,control,0,0,0,,0,,0,0,0,0,0,0,0,0,0,0,0,0,0,False,0.0,0.0,0.0,0.0,1.0,zauberzeug/nicegui,1,202502
nhw649/EOV-Seg,2025-03,control,0,0,0,,0,,0,0,0,0,0,0,0,0,0,0,0,0,0,False,0.0,0.0,0.0,0.0,1.0,zauberzeug/nicegui,1,202502
nhw649/EOV-Seg,2025-04,control,0,0,0,,0,,0,0,0,0,0,0,0,0,0,0,0,0,0,False,0.0,0.0,0.0,0.0,1.0,zauberzeug/nicegui,1,202502
nhw649/EOV-Seg,2025-05,control,0,0,0,,0,,0,0,0,0,0,0,0,0,0,0,0,0,0,False,0.0,0.0,0.0,0.0,1.0,zauberzeug/nicegui,1,202502
nhw649/EOV-Seg,2025-06,control,0,0,0,,0,,0,0,0,0,0,0,0,0,0,0,0,0,0,False,0.0,0.0,0.0,0.0,1.0,zauberzeug/nicegui,1,202502
nhw649/EOV-Seg,2025-07,control,0,0,0,,0,,0,0,0,0,0,0,0,0,0,0,0,0,0,False,0.0,0.0,0.0,0.0,1.0,zauberzeug/nicegui,1,202502
nhw649/EOV-Seg,2025-08,control,0,0,0,,0,,0,0,0,0,0,0,0,0,0,0,0,0,0,False,0.0,0.0,0.0,0.0,1.0,zauberzeug/nicegui,1,202502
ninareyes1/Simple-Digital-Clock,2025-02,control,0,0,0,,0,,0,0,0,0,0,0,0,0,0,0,0,0,0,False,1.0,0.0,0.0,1.0,1.0,Anemll/Anemll; Ody-Z/Trading_Game_Simulator; The-Pocket/PocketFlow; The-Pocket/PocketFlow-Template-Python; ToolUse/infinite-ai-seo; VRSEN/agency-swarm-memory-demo; c4fun/tell-stories-webui; discus0434/nook; ericyuegu/hal; grapeot/web_agentic_ai; ilanbenb/wa_llm; loftwah/auto-jira; lss233/kirara-ai,3,202501
ninareyes1/Simple-Digital-Clock,2025-03,control,0,0,0,,0,,0,0,0,0,0,0,0,0,0,0,0,0,0,False,0.0,0.0,0.0,0.0,1.0,Anemll/Anemll; Ody-Z/Trading_Game_Simulator; The-Pocket/PocketFlow; The-Pocket/PocketFlow-Template-Python; ToolUse/infinite-ai-seo; VRSEN/agency-swarm-memory-demo; c4fun/tell-stories-webui; discus0434/nook; ericyuegu/hal; grapeot/web_agentic_ai; ilanbenb/wa_llm; loftwah/auto-jira; lss233/kirara-ai,3,202501
ninareyes1/Simple-Digital-Clock,2025-04,control,0,0,0,,0,,0,0,0,0,0,0,0,0,0,0,0,0,0,False,0.0,0.0,0.0,0.0,1.0,Anemll/Anemll; Ody-Z/Trading_Game_Simulator; The-Pocket/PocketFlow; The-Pocket/PocketFlow-Template-Python; ToolUse/infinite-ai-seo; VRSEN/agency-swarm-memory-demo; c4fun/tell-stories-webui; discus0434/nook; ericyuegu/hal; grapeot/web_agentic_ai; ilanbenb/wa_llm; loftwah/auto-jira; lss233/kirara-ai,3,202501
ninareyes1/Simple-Digital-Clock,2025-05,control,0,0,0,,0,,0,0,0,0,0,0,0,0,0,0,0,0,0,False,0.0,0.0,0.0,0.0,1.0,Anemll/Anemll; Ody-Z/Trading_Game_Simulator; The-Pocket/PocketFlow; The-Pocket/PocketFlow-Template-Python; ToolUse/infinite-ai-seo; VRSEN/agency-swarm-memory-demo; c4fun/tell-stories-webui; discus0434/nook; ericyuegu/hal; grapeot/web_agentic_ai; ilanbenb/wa_llm; loftwah/auto-jira; lss233/kirara-ai,3,202501
ninareyes1/Simple-Digital-Clock,2025-06,control,0,0,0,,0,,0,0,0,0,0,0,0,0,0,0,0,0,0,False,0.0,0.0,0.0,0.0,1.0,Anemll/Anemll; Ody-Z/Trading_Game_Simulator; The-Pocket/PocketFlow; The-Pocket/PocketFlow-Template-Python; ToolUse/infinite-ai-seo; VRSEN/agency-swarm-memory-demo; c4fun/tell-stories-webui; discus0434/nook; ericyuegu/hal; grapeot/web_agentic_ai; ilanbenb/wa_llm; loftwah/auto-jira; lss233/kirara-ai,3,202501
ninareyes1/Simple-Digital-Clock,2025-07,control,0,0,0,,0,,0,0,0,0,0,0,0,0,0,0,0,0,0,False,0.0,0.0,0.0,0.0,1.0,Anemll/Anemll; Ody-Z/Trading_Game_Simulator; The-Pocket/PocketFlow; The-Pocket/PocketFlow-Template-Python; ToolUse/infinite-ai-seo; VRSEN/agency-swarm-memory-demo; c4fun/tell-stories-webui; discus0434/nook; ericyuegu/hal; grapeot/web_agentic_ai; ilanbenb/wa_llm; loftwah/auto-jira; lss233/kirara-ai,3,202501
ninareyes1/Simple-Digital-Clock,2025-08,control,0,0,0,,0,,0,0,0,0,0,0,0,0,0,0,0,0,0,False,0.0,0.0,0.0,0.0,1.0,Anemll/Anemll; Ody-Z/Trading_Game_Simulator; The-Pocket/PocketFlow; The-Pocket/PocketFlow-Template-Python; ToolUse/infinite-ai-seo; VRSEN/agency-swarm-memory-demo; c4fun/tell-stories-webui; discus0434/nook; ericyuegu/hal; grapeot/web_agentic_ai; ilanbenb/wa_llm; loftwah/auto-jira; lss233/kirara-ai,3,202501
odoo/industry,2024-01,control,0,0,0,,0,,0,0,0,0,0,0,0,0,0,0,0,0,0,False,0.0,0.0,0.0,0.0,1.0,raphaelmansuy/code2prompt,2,202408
odoo/industry,2024-02,control,0,0,0,,0,,0,0,0,0,0,0,0,0,0,0,0,0,0,False,0.0,0.0,0.0,0.0,1.0,raphaelmansuy/code2prompt,2,202408
odoo/industry,2024-03,control,0,0,0,,0,,0,0,0,0,0,0,0,0,0,0,0,0,0,False,0.0,0.0,0.0,0.0,1.0,raphaelmansuy/code2prompt,2,202408
odoo/industry,2024-04,control,0,0,0,,0,,0,0,0,0,0,0,0,0,0,0,0,0,0,False,0.0,0.0,0.0,0.0,1.0,raphaelmansuy/code2prompt,2,202408
odoo/industry,2024-05,control,0,0,0,,0,,0,0,0,0,0,0,0,0,0,0,0,0,0,False,0.0,0.0,0.0,0.0,1.0,raphaelmansuy/code2prompt,2,202408
odoo/industry,2024-06,control,0,0,0,,0,,0,0,0,0,0,0,0,0,0,0,0,0,0,False,0.0,0.0,0.0,0.0,1.0,raphaelmansuy/code2prompt,2,202408
odoo/industry,2024-07,control,0,0,0,,0,,0,0,0,0,0,0,0,0,0,0,0,0,0,False,0.0,0.0,0.0,0.0,1.0,raphaelmansuy/code2prompt,2,202408
odoo/industry,2024-08,control,0,0,0,,0,,0,0,0,0,0,0,0,0,0,0,0,0,0,False,188.0,90044.0,12896.0,21.0,1.0,raphaelmansuy/code2prompt,2,202408
odoo/industry,2024-09,control,0,0,0,,0,,0,0,0,0,0,0,0,0,0,0,0,0,0,False,39.0,16500.0,2846.0,3.0,1.0,raphaelmansuy/code2prompt,2,202408
odoo/industry,2024-10,control,0,0,0,,0,,0,0,0,0,0,0,0,0,0,0,0,0,0,False,24.0,574872.0,7648.0,7.0,1.0,raphaelmansuy/code2prompt,2,202408
odoo/industry,2024-11,control,0,0,0,,0,,0,0,0,0,0,0,0,0,0,0,0,0,0,False,26.0,4258.0,3582.0,5.0,1.0,raphaelmansuy/code2prompt,2,202408
odoo/industry,2024-12,control,0,0,0,,0,,0,0,0,0,0,0,0,0,0,0,0,0,0,False,17.0,5714.0,3262.0,4.0,1.0,raphaelmansuy/code2prompt,2,202408
odoo/industry,2025-01,control,0,0,0,,0,,0,0,0,0,0,0,0,0,0,0,0,0,0,False,18.0,390.0,526.0,2.0,1.0,raphaelmansuy/code2prompt,2,202408
odoo/industry,2025-02,control,0,0,0,,0,,0,0,0,0,0,0,0,0,0,0,0,0,0,False,27.0,5323.0,1846.0,3.0,1.0,raphaelmansuy/code2prompt,2,202408
odoo/industry,2025-03,control,0,0,0,,0,,0,0,0,0,0,0,0,0,0,0,0,0,0,False,17.0,12821.0,1476.0,1.0,1.0,raphaelmansuy/code2prompt,2,202408
odoo/industry,2025-04,control,0,0,0,,0,,0,0,0,0,0,0,0,0,0,0,0,0,0,False,29.0,12202.0,645.0,6.0,1.0,raphaelmansuy/code2prompt,2,202408
odoo/industry,2025-05,control,0,0,0,,0,,0,0,0,0,0,0,0,0,0,0,0,0,0,False,16.0,15079.0,7052.0,6.0,1.0,raphaelmansuy/code2prompt,2,202408
odoo/industry,2025-06,control,0,0,0,,0,,0,0,0,0,0,0,0,0,0,0,0,0,0,False,33.0,18764.0,1949.0,8.0,1.0,raphaelmansuy/code2prompt,2,202408
odoo/industry,2025-07,control,0,0,0,,0,,0,0,0,0,0,0,0,0,0,0,0,0,0,False,46.0,54041.0,6052.0,9.0,1.0,raphaelmansuy/code2prompt,2,202408
odoo/industry,2025-08,control,0,0,0,,0,,0,0,0,0,0,0,0,0,0,0,0,0,0,False,50.0,50820.0,3335.0,11.0,1.0,raphaelmansuy/code2prompt,2,202408
omkarcloud/amazon-scraper,2024-01,control,0,0,0,,0,,0,0,0,0,0,0,0,0,0,0,0,0,0,False,3.0,30.0,3.0,2.0,1.0,OpenSPP/openspp-modules,3,202502
omkarcloud/amazon-scraper,2024-02,control,0,0,0,,0,,0,0,0,0,0,0,0,0,0,0,0,0,0,False,0.0,0.0,0.0,0.0,1.0,OpenSPP/openspp-modules,3,202502
omkarcloud/amazon-scraper,2024-03,control,0,0,0,,0,,0,0,0,0,0,0,0,0,0,0,0,0,0,False,0.0,0.0,0.0,0.0,1.0,OpenSPP/openspp-modules,3,202502
omkarcloud/amazon-scraper,2024-04,control,0,0,0,,0,,0,0,0,0,0,0,0,0,0,0,0,0,0,False,0.0,0.0,0.0,0.0,1.0,OpenSPP/openspp-modules,3,202502
omkarcloud/amazon-scraper,2024-05,control,0,0,0,,0,,0,0,0,0,0,0,0,0,0,0,0,0,0,False,0.0,0.0,0.0,0.0,1.0,OpenSPP/openspp-modules,3,202502
omkarcloud/amazon-scraper,2024-06,control,0,0,0,,0,,0,0,0,0,0,0,0,0,0,0,0,0,0,False,0.0,0.0,0.0,0.0,1.0,OpenSPP/openspp-modules,3,202502
omkarcloud/amazon-scraper,2024-07,control,0,0,0,,0,,0,0,0,0,0,0,0,0,0,0,0,0,0,False,0.0,0.0,0.0,0.0,1.0,OpenSPP/openspp-modules,3,202502
omkarcloud/amazon-scraper,2024-08,control,0,0,0,,0,,0,0,0,0,0,0,0,0,0,0,0,0,0,False,0.0,0.0,0.0,0.0,1.0,OpenSPP/openspp-modules,3,202502
omkarcloud/amazon-scraper,2024-09,control,0,0,0,,0,,0,0,0,0,0,0,0,0,0,0,0,0,0,False,0.0,0.0,0.0,0.0,1.0,OpenSPP/openspp-modules,3,202502
omkarcloud/amazon-scraper,2024-10,control,0,0,0,,0,,0,0,0,0,0,0,0,0,0,0,0,0,0,False,0.0,0.0,0.0,0.0,1.0,OpenSPP/openspp-modules,3,202502
omkarcloud/amazon-scraper,2024-11,control,0,0,0,,0,,0,0,0,0,0,0,0,0,0,0,0,0,0,False,0.0,0.0,0.0,0.0,1.0,OpenSPP/openspp-modules,3,202502
omkarcloud/amazon-scraper,2024-12,control,0,0,0,,0,,0,0,0,0,0,0,0,0,0,0,0,0,0,False,0.0,0.0,0.0,0.0,1.0,OpenSPP/openspp-modules,3,202502
omkarcloud/amazon-scraper,2025-01,control,0,0,0,,0,,0,0,0,0,0,0,0,0,0,0,0,0,0,False,0.0,0.0,0.0,0.0,1.0,OpenSPP/openspp-modules,3,202502
omkarcloud/amazon-scraper,2025-02,control,0,0,0,,0,,0,0,0,0,0,0,0,0,0,0,0,0,0,False,0.0,0.0,0.0,0.0,1.0,OpenSPP/openspp-modules,3,202502
omkarcloud/amazon-scraper,2025-03,control,0,0,0,,0,,0,0,0,0,0,0,0,0,0,0,0,0,0,False,0.0,0.0,0.0,0.0,1.0,OpenSPP/openspp-modules,3,202502
omkarcloud/amazon-scraper,2025-04,control,0,0,0,,0,,0,0,0,0,0,0,0,0,0,0,0,0,0,False,0.0,0.0,0.0,0.0,1.0,OpenSPP/openspp-modules,3,202502
omkarcloud/amazon-scraper,2025-05,control,0,0,0,,0,,0,0,0,0,0,0,0,0,0,0,0,0,0,False,0.0,0.0,0.0,0.0,1.0,OpenSPP/openspp-modules,3,202502
omkarcloud/amazon-scraper,2025-06,control,0,0,0,,0,,0,0,0,0,0,0,0,0,0,0,0,0,0,False,0.0,0.0,0.0,0.0,1.0,OpenSPP/openspp-modules,3,202502
omkarcloud/amazon-scraper,2025-07,control,0,0,0,,0,,0,0,0,0,0,0,0,0,0,0,0,0,0,False,0.0,0.0,0.0,0.0,1.0,OpenSPP/openspp-modules,3,202502
omkarcloud/amazon-scraper,2025-08,control,0,0,0,,0,,0,0,0,0,0,0,0,0,0,0,0,0,0,False,0.0,0.0,0.0,0.0,1.0,OpenSPP/openspp-modules,3,202502
oval-group/smooth-topk,2024-01,control,0,0,0,,0,,0,0,0,0,0,0,0,0,0,0,0,0,0,False,0.0,0.0,0.0,0.0,1.0,vcs-python/vcspull,3,202502
oval-group/smooth-topk,2024-02,control,0,0,0,,0,,0,0,0,0,0,0,0,0,0,0,0,0,0,False,0.0,0.0,0.0,0.0,1.0,vcs-python/vcspull,3,202502
oval-group/smooth-topk,2024-03,control,0,0,0,,0,,0,0,0,0,0,0,0,0,0,0,0,0,0,False,0.0,0.0,0.0,0.0,1.0,vcs-python/vcspull,3,202502
oval-group/smooth-topk,2024-04,control,0,0,0,,0,,0,0,0,0,0,0,0,0,0,0,0,0,0,False,0.0,0.0,0.0,0.0,1.0,vcs-python/vcspull,3,202502
oval-group/smooth-topk,2024-05,control,0,0,0,,0,,0,0,0,0,0,0,0,0,0,0,0,0,0,False,0.0,0.0,0.0,0.0,1.0,vcs-python/vcspull,3,202502
oval-group/smooth-topk,2024-06,control,0,0,0,,0,,0,0,0,0,0,0,0,0,0,0,0,0,0,False,0.0,0.0,0.0,0.0,1.0,vcs-python/vcspull,3,202502
oval-group/smooth-topk,2024-07,control,0,0,0,,0,,0,0,0,0,0,0,0,0,0,0,0,0,0,False,0.0,0.0,0.0,0.0,1.0,vcs-python/vcspull,3,202502
oval-group/smooth-topk,2024-08,control,0,0,0,,0,,0,0,0,0,0,0,0,0,0,0,0,0,0,False,0.0,0.0,0.0,0.0,1.0,vcs-python/vcspull,3,202502
oval-group/smooth-topk,2024-09,control,0,0,0,,0,,0,0,0,0,0,0,0,0,0,0,0,0,0,False,0.0,0.0,0.0,0.0,1.0,vcs-python/vcspull,3,202502
oval-group/smooth-topk,2024-10,control,0,0,0,,0,,0,0,0,0,0,0,0,0,0,0,0,0,0,False,0.0,0.0,0.0,0.0,1.0,vcs-python/vcspull,3,202502
oval-group/smooth-topk,2024-11,control,0,0,0,,0,,0,0,0,0,0,0,0,0,0,0,0,0,0,False,0.0,0.0,0.0,0.0,1.0,vcs-python/vcspull,3,202502
oval-group/smooth-topk,2024-12,control,0,0,0,,0,,0,0,0,0,0,0,0,0,0,0,0,0,0,False,0.0,0.0,0.0,0.0,1.0,vcs-python/vcspull,3,202502
oval-group/smooth-topk,2025-01,control,0,0,0,,0,,0,0,0,0,0,0,0,0,0,0,0,0,0,False,0.0,0.0,0.0,0.0,1.0,vcs-python/vcspull,3,202502
oval-group/smooth-topk,2025-02,control,0,0,0,,0,,0,0,0,0,0,0,0,0,0,0,0,0,0,False,0.0,0.0,0.0,0.0,1.0,vcs-python/vcspull,3,202502
oval-group/smooth-topk,2025-03,control,0,0,0,,0,,0,0,0,0,0,0,0,0,0,0,0,0,0,False,0.0,0.0,0.0,0.0,1.0,vcs-python/vcspull,3,202502
oval-group/smooth-topk,2025-04,control,0,0,0,,0,,0,0,0,0,0,0,0,0,0,0,0,0,0,False,0.0,0.0,0.0,0.0,1.0,vcs-python/vcspull,3,202502
oval-group/smooth-topk,2025-05,control,0,0,0,,0,,0,0,0,0,0,0,0,0,0,0,0,0,0,False,0.0,0.0,0.0,0.0,1.0,vcs-python/vcspull,3,202502
oval-group/smooth-topk,2025-06,control,0,0,0,,0,,0,0,0,0,0,0,0,0,0,0,0,0,0,False,0.0,0.0,0.0,0.0,1.0,vcs-python/vcspull,3,202502
oval-group/smooth-topk,2025-07,control,0,0,0,,0,,0,0,0,0,0,0,0,0,0,0,0,0,0,False,0.0,0.0,0.0,0.0,1.0,vcs-python/vcspull,3,202502
oval-group/smooth-topk,2025-08,control,0,0,0,,0,,0,0,0,0,0,0,0,0,0,0,0,0,0,False,0.0,0.0,0.0,0.0,1.0,vcs-python/vcspull,3,202502
peter279k/cdc-data-mirror,2024-01,control,0,0,0,,0,,0,0,0,0,0,0,0,0,0,0,0,0,0,False,4198.0,4198.0,4198.0,1.0,1.0,allthingslinux/tux,2,202501
peter279k/cdc-data-mirror,2024-02,control,0,0,0,,0,,0,0,0,0,0,0,0,0,0,0,0,0,0,False,4021.0,4021.0,4021.0,1.0,1.0,allthingslinux/tux,2,202501
peter279k/cdc-data-mirror,2024-03,control,0,0,0,,0,,0,0,0,0,0,0,0,0,0,0,0,0,0,False,3709.0,3709.0,3709.0,2.0,1.0,allthingslinux/tux,2,202501
peter279k/cdc-data-mirror,2024-04,control,0,0,0,,0,,0,0,0,0,0,0,0,0,0,0,0,0,0,False,4071.0,4071.0,4071.0,1.0,1.0,allthingslinux/tux,2,202501
peter279k/cdc-data-mirror,2024-05,control,0,0,0,,0,,0,0,0,0,0,0,0,0,0,0,0,0,0,False,4252.0,4252.0,4252.0,1.0,1.0,allthingslinux/tux,2,202501
peter279k/cdc-data-mirror,2024-06,control,0,0,0,,0,,0,0,0,0,0,0,0,0,0,0,0,0,0,False,4053.0,4053.0,4053.0,1.0,1.0,allthingslinux/tux,2,202501
peter279k/cdc-data-mirror,2024-07,control,0,0,0,,0,,0,0,0,0,0,0,0,0,0,0,0,0,0,False,4039.0,4039.0,4039.0,1.0,1.0,allthingslinux/tux,2,202501
peter279k/cdc-data-mirror,2024-08,control,0,0,0,,0,,0,0,0,0,0,0,0,0,0,0,0,0,0,False,3326.0,3326.0,3326.0,1.0,1.0,allthingslinux/tux,2,202501
peter279k/cdc-data-mirror,2024-09,control,0,0,0,,0,,0,0,0,0,0,0,0,0,0,0,0,0,0,False,1840.0,1840.0,1840.0,1.0,1.0,allthingslinux/tux,2,202501
peter279k/cdc-data-mirror,2024-10,control,0,0,0,,0,,0,0,0,0,0,0,0,0,0,0,0,0,0,False,2018.0,2150.0,2132.0,1.0,1.0,allthingslinux/tux,2,202501
peter279k/cdc-data-mirror,2024-11,control,0,0,0,,0,,0,0,0,0,0,0,0,0,0,0,0,0,0,False,3163.0,3163.0,3163.0,1.0,1.0,allthingslinux/tux,2,202501
peter279k/cdc-data-mirror,2024-12,control,0,0,0,,0,,0,0,0,0,0,0,0,0,0,0,0,0,0,False,3725.0,3725.0,3725.0,1.0,1.0,allthingslinux/tux,2,202501
peter279k/cdc-data-mirror,2025-01,control,0,0,0,,0,,0,0,0,0,0,0,0,0,0,0,0,0,0,False,4072.0,4072.0,4072.0,1.0,1.0,allthingslinux/tux,2,202501
peter279k/cdc-data-mirror,2025-02,control,0,0,0,,0,,0,0,0,0,0,0,0,0,0,0,0,0,0,False,3619.0,3619.0,3619.0,1.0,1.0,allthingslinux/tux,2,202501
peter279k/cdc-data-mirror,2025-03,control,0,0,0,,0,,0,0,0,0,0,0,0,0,0,0,0,0,0,False,3865.0,3865.0,3865.0,1.0,1.0,allthingslinux/tux,2,202501
peter279k/cdc-data-mirror,2025-04,control,0,0,0,,0,,0,0,0,0,0,0,0,0,0,0,0,0,0,False,3462.0,3462.0,3462.0,2.0,1.0,allthingslinux/tux,2,202501
peter279k/cdc-data-mirror,2025-05,control,0,0,0,,0,,0,0,0,0,0,0,0,0,0,0,0,0,0,False,3604.0,3604.0,3604.0,1.0,1.0,allthingslinux/tux,2,202501
peter279k/cdc-data-mirror,2025-06,control,0,0,0,,0,,0,0,0,0,0,0,0,0,0,0,0,0,0,False,3302.0,3302.0,3302.0,1.0,1.0,allthingslinux/tux,2,202501
peter279k/cdc-data-mirror,2025-07,control,0,0,0,,0,,0,0,0,0,0,0,0,0,0,0,0,0,0,False,3211.0,3211.0,3211.0,1.0,1.0,allthingslinux/tux,2,202501
peter279k/cdc-data-mirror,2025-08,control,0,0,0,,0,,0,0,0,0,0,0,0,0,0,0,0,0,0,False,3340.0,3340.0,3340.0,1.0,1.0,allthingslinux/tux,2,202501
pieces-app/cli-agent,2024-01,control,0,0,0,,0,,0,0,0,0,0,0,0,0,0,0,0,0,0,False,27.0,200972.0,394420.0,3.0,1.0,DataDog/integrations-core; DataScienceUIBK/Rankify; ethyca/fides; instructor-ai/instructor; keephq/keep; sirkirby/unifi-network-rules; whiteducksoftware/flock; yeagerai/genlayer-studio,2; 3,202502
pieces-app/cli-agent,2024-02,control,0,0,0,,0,,0,0,0,0,0,0,0,0,0,0,0,0,0,False,44.0,11148.0,10238.0,7.0,1.0,DataDog/integrations-core; DataScienceUIBK/Rankify; ethyca/fides; instructor-ai/instructor; keephq/keep; sirkirby/unifi-network-rules; whiteducksoftware/flock; yeagerai/genlayer-studio,2; 3,202502
pieces-app/cli-agent,2024-03,control,0,0,0,,0,,0,0,0,0,0,0,0,0,0,0,0,0,0,False,80.0,5916.0,4741.0,5.0,1.0,DataDog/integrations-core; DataScienceUIBK/Rankify; ethyca/fides; instructor-ai/instructor; keephq/keep; sirkirby/unifi-network-rules; whiteducksoftware/flock; yeagerai/genlayer-studio,2; 3,202502
pieces-app/cli-agent,2024-04,control,0,0,0,,0,,0,0,0,0,0,0,0,0,0,0,0,0,0,False,89.0,5135.0,2884.0,8.0,1.0,DataDog/integrations-core; DataScienceUIBK/Rankify; ethyca/fides; instructor-ai/instructor; keephq/keep; sirkirby/unifi-network-rules; whiteducksoftware/flock; yeagerai/genlayer-studio,2; 3,202502
pieces-app/cli-agent,2024-05,control,0,0,0,,0,,0,0,0,0,0,0,0,0,0,0,0,0,0,False,105.0,5055.0,3450.0,6.0,1.0,DataDog/integrations-core; DataScienceUIBK/Rankify; ethyca/fides; instructor-ai/instructor; keephq/keep; sirkirby/unifi-network-rules; whiteducksoftware/flock; yeagerai/genlayer-studio,2; 3,202502
pieces-app/cli-agent,2024-06,control,0,0,0,,0,,0,0,0,0,0,0,0,0,0,0,0,0,0,False,18.0,178.0,100.0,5.0,1.0,DataDog/integrations-core; DataScienceUIBK/Rankify; ethyca/fides; instructor-ai/instructor; keephq/keep; sirkirby/unifi-network-rules; whiteducksoftware/flock; yeagerai/genlayer-studio,2; 3,202502
pieces-app/cli-agent,2024-07,control,0,0,0,,0,,0,0,0,0,0,0,0,0,0,0,0,0,0,False,113.0,2108.0,1058.0,5.0,1.0,DataDog/integrations-core; DataScienceUIBK/Rankify; ethyca/fides; instructor-ai/instructor; keephq/keep; sirkirby/unifi-network-rules; whiteducksoftware/flock; yeagerai/genlayer-studio,2; 3,202502
pieces-app/cli-agent,2024-08,control,0,0,0,,0,,0,0,0,0,0,0,0,0,0,0,0,0,0,False,43.0,1001.0,749.0,5.0,1.0,DataDog/integrations-core; DataScienceUIBK/Rankify; ethyca/fides; instructor-ai/instructor; keephq/keep; sirkirby/unifi-network-rules; whiteducksoftware/flock; yeagerai/genlayer-studio,2; 3,202502
pieces-app/cli-agent,2024-09,control,0,0,0,,0,,0,0,0,0,0,0,0,0,0,0,0,0,0,False,79.0,7930.0,3506.0,4.0,1.0,DataDog/integrations-core; DataScienceUIBK/Rankify; ethyca/fides; instructor-ai/instructor; keephq/keep; sirkirby/unifi-network-rules; whiteducksoftware/flock; yeagerai/genlayer-studio,2; 3,202502
pieces-app/cli-agent,2024-10,control,0,0,0,,0,,0,0,0,0,0,0,0,0,0,0,0,0,0,False,69.0,2313.0,1966.0,4.0,1.0,DataDog/integrations-core; DataScienceUIBK/Rankify; ethyca/fides; instructor-ai/instructor; keephq/keep; sirkirby/unifi-network-rules; whiteducksoftware/flock; yeagerai/genlayer-studio,2; 3,202502
pieces-app/cli-agent,2024-11,control,0,0,0,,0,,0,0,0,0,0,0,0,0,0,0,0,0,0,False,6.0,43.0,16.0,1.0,1.0,DataDog/integrations-core; DataScienceUIBK/Rankify; ethyca/fides; instructor-ai/instructor; keephq/keep; sirkirby/unifi-network-rules; whiteducksoftware/flock; yeagerai/genlayer-studio,2; 3,202502
pieces-app/cli-agent,2024-12,control,0,0,0,,0,,0,0,0,0,0,0,0,0,0,0,0,0,0,False,7.0,342.0,230.0,2.0,1.0,DataDog/integrations-core; DataScienceUIBK/Rankify; ethyca/fides; instructor-ai/instructor; keephq/keep; sirkirby/unifi-network-rules; whiteducksoftware/flock; yeagerai/genlayer-studio,2; 3,202502
pieces-app/cli-agent,2025-01,control,0,0,0,,0,,0,0,0,0,0,0,0,0,0,0,0,0,0,False,8.0,215.0,141.0,2.0,1.0,DataDog/integrations-core; DataScienceUIBK/Rankify; ethyca/fides; instructor-ai/instructor; keephq/keep; sirkirby/unifi-network-rules; whiteducksoftware/flock; yeagerai/genlayer-studio,2; 3,202502
pieces-app/cli-agent,2025-02,control,0,0,0,,0,,0,0,0,0,0,0,0,0,0,0,0,0,0,False,48.0,888.0,850.0,4.0,1.0,DataDog/integrations-core; DataScienceUIBK/Rankify; ethyca/fides; instructor-ai/instructor; keephq/keep; sirkirby/unifi-network-rules; whiteducksoftware/flock; yeagerai/genlayer-studio,2; 3,202502
pieces-app/cli-agent,2025-03,control,0,0,0,,0,,0,0,0,0,0,0,0,0,0,0,0,0,0,False,27.0,3276.0,1789.0,3.0,1.0,DataDog/integrations-core; DataScienceUIBK/Rankify; ethyca/fides; instructor-ai/instructor; keephq/keep; sirkirby/unifi-network-rules; whiteducksoftware/flock; yeagerai/genlayer-studio,2; 3,202502
pieces-app/cli-agent,2025-04,control,0,0,0,,0,,0,0,0,0,0,0,0,0,0,0,0,0,0,False,50.0,3623.0,1575.0,4.0,1.0,DataDog/integrations-core; DataScienceUIBK/Rankify; ethyca/fides; instructor-ai/instructor; keephq/keep; sirkirby/unifi-network-rules; whiteducksoftware/flock; yeagerai/genlayer-studio,2; 3,202502
pieces-app/cli-agent,2025-05,control,0,0,0,,0,,0,0,0,0,0,0,0,0,0,0,0,0,0,False,90.0,13869.0,18888.0,4.0,1.0,DataDog/integrations-core; DataScienceUIBK/Rankify; ethyca/fides; instructor-ai/instructor; keephq/keep; sirkirby/unifi-network-rules; whiteducksoftware/flock; yeagerai/genlayer-studio,2; 3,202502
pieces-app/cli-agent,2025-06,control,0,0,0,,0,,0,0,0,0,0,0,0,0,0,0,0,0,0,False,118.0,604927.0,150209.0,5.0,1.0,DataDog/integrations-core; DataScienceUIBK/Rankify; ethyca/fides; instructor-ai/instructor; keephq/keep; sirkirby/unifi-network-rules; whiteducksoftware/flock; yeagerai/genlayer-studio,2; 3,202502
pieces-app/cli-agent,2025-07,control,0,0,0,,0,,0,0,0,0,0,0,0,0,0,0,0,0,0,False,143.0,83026.0,11964.0,7.0,1.0,DataDog/integrations-core; DataScienceUIBK/Rankify; ethyca/fides; instructor-ai/instructor; keephq/keep; sirkirby/unifi-network-rules; whiteducksoftware/flock; yeagerai/genlayer-studio,2; 3,202502
pieces-app/cli-agent,2025-08,control,0,0,0,,0,,0,0,0,0,0,0,0,0,0,0,0,0,0,False,81.0,32208.0,6952.0,3.0,1.0,DataDog/integrations-core; DataScienceUIBK/Rankify; ethyca/fides; instructor-ai/instructor; keephq/keep; sirkirby/unifi-network-rules; whiteducksoftware/flock; yeagerai/genlayer-studio,2; 3,202502
plurai-ai/intellagent,2024-10,control,0,0,0,,0,,0,0,0,0,0,0,0,0,0,0,0,0,0,False,6.0,548.0,62.0,1.0,1.0,DataScienceUIBK/Rankify; whiteducksoftware/flock,2; 3,202502
plurai-ai/intellagent,2024-11,control,0,0,0,,0,,0,0,0,0,0,0,0,0,0,0,0,0,0,False,72.0,360555.0,119722.0,2.0,1.0,DataScienceUIBK/Rankify; whiteducksoftware/flock,2; 3,202502
plurai-ai/intellagent,2024-12,control,0,0,0,,0,,0,0,0,0,0,0,0,0,0,0,0,0,0,False,91.0,79740.0,309267.0,2.0,1.0,DataScienceUIBK/Rankify; whiteducksoftware/flock,2; 3,202502
plurai-ai/intellagent,2025-01,control,0,0,0,,0,,0,0,0,0,0,0,0,0,0,0,0,0,0,False,112.0,2125.0,1418.0,2.0,1.0,DataScienceUIBK/Rankify; whiteducksoftware/flock,2; 3,202502
plurai-ai/intellagent,2025-02,control,0,0,0,,0,,0,0,0,0,0,0,0,0,0,0,0,0,0,False,6.0,98.0,72.0,2.0,1.0,DataScienceUIBK/Rankify; whiteducksoftware/flock,2; 3,202502
plurai-ai/intellagent,2025-03,control,0,0,0,,0,,0,0,0,0,0,0,0,0,0,0,0,0,0,False,0.0,0.0,0.0,0.0,1.0,DataScienceUIBK/Rankify; whiteducksoftware/flock,2; 3,202502
plurai-ai/intellagent,2025-04,control,0,0,0,,0,,0,0,0,0,0,0,0,0,0,0,0,0,0,False,4.0,72.0,6.0,1.0,1.0,DataScienceUIBK/Rankify; whiteducksoftware/flock,2; 3,202502
plurai-ai/intellagent,2025-05,control,0,0,0,,0,,0,0,0,0,0,0,0,0,0,0,0,0,0,False,0.0,0.0,0.0,0.0,1.0,DataScienceUIBK/Rankify; whiteducksoftware/flock,2; 3,202502
plurai-ai/intellagent,2025-06,control,0,0,0,,0,,0,0,0,0,0,0,0,0,0,0,0,0,0,False,0.0,0.0,0.0,0.0,1.0,DataScienceUIBK/Rankify; whiteducksoftware/flock,2; 3,202502
plurai-ai/intellagent,2025-07,control,0,0,0,,0,,0,0,0,0,0,0,0,0,0,0,0,0,0,False,0.0,0.0,0.0,0.0,1.0,DataScienceUIBK/Rankify; whiteducksoftware/flock,2; 3,202502
plurai-ai/intellagent,2025-08,control,0,0,0,,0,,0,0,0,0,0,0,0,0,0,0,0,0,0,False,0.0,0.0,0.0,0.0,1.0,DataScienceUIBK/Rankify; whiteducksoftware/flock,2; 3,202502
popey/sbommage,2025-02,control,0,0,0,,0,,0,0,0,0,0,0,0,0,0,0,0,0,0,False,16.0,80643.0,59.0,2.0,1.0,leettools-dev/leettools,1,202502
popey/sbommage,2025-03,control,0,0,0,,0,,0,0,0,0,0,0,0,0,0,0,0,0,0,False,0.0,0.0,0.0,0.0,1.0,leettools-dev/leettools,1,202502
popey/sbommage,2025-04,control,0,0,0,,0,,0,0,0,0,0,0,0,0,0,0,0,0,0,False,0.0,0.0,0.0,0.0,1.0,leettools-dev/leettools,1,202502
popey/sbommage,2025-05,control,0,0,0,,0,,0,0,0,0,0,0,0,0,0,0,0,0,0,False,0.0,0.0,0.0,0.0,1.0,leettools-dev/leettools,1,202502
popey/sbommage,2025-06,control,0,0,0,,0,,0,0,0,0,0,0,0,0,0,0,0,0,0,False,0.0,0.0,0.0,0.0,1.0,leettools-dev/leettools,1,202502
popey/sbommage,2025-07,control,0,0,0,,0,,0,0,0,0,0,0,0,0,0,0,0,0,0,False,0.0,0.0,0.0,0.0,1.0,leettools-dev/leettools,1,202502
popey/sbommage,2025-08,control,0,0,0,,0,,0,0,0,0,0,0,0,0,0,0,0,0,0,False,22.0,65112.0,81278.0,2.0,1.0,leettools-dev/leettools,1,202502
qiboteam/qibojit,2024-01,control,0,0,0,,0,,0,0,0,0,0,0,0,0,0,0,0,0,0,False,32.0,1446.0,1505.0,5.0,1.0,tsukumijima/KonomiTV,3,202501
qiboteam/qibojit,2024-02,control,0,0,0,,0,,0,0,0,0,0,0,0,0,0,0,0,0,0,False,41.0,3707.0,2697.0,10.0,1.0,tsukumijima/KonomiTV,3,202501
qiboteam/qibojit,2024-03,control,0,0,0,,0,,0,0,0,0,0,0,0,0,0,0,0,0,0,False,37.0,4449.0,1147.0,7.0,1.0,tsukumijima/KonomiTV,3,202501
qiboteam/qibojit,2024-04,control,0,0,0,,0,,0,0,0,0,0,0,0,0,0,0,0,0,0,False,32.0,4103.0,5672.0,7.0,1.0,tsukumijima/KonomiTV,3,202501
qiboteam/qibojit,2024-05,control,0,0,0,,0,,0,0,0,0,0,0,0,0,0,0,0,0,0,False,13.0,2345.0,4299.0,7.0,1.0,tsukumijima/KonomiTV,3,202501
qiboteam/qibojit,2024-06,control,0,0,0,,0,,0,0,0,0,0,0,0,0,0,0,0,0,0,False,4.0,15.0,8.0,3.0,1.0,tsukumijima/KonomiTV,3,202501
qiboteam/qibojit,2024-07,control,0,0,0,,0,,0,0,0,0,0,0,0,0,0,0,0,0,0,False,6.0,21.0,21.0,4.0,1.0,tsukumijima/KonomiTV,3,202501
qiboteam/qibojit,2024-08,control,0,0,0,,0,,0,0,0,0,0,0,0,0,0,0,0,0,0,False,7.0,451.0,362.0,4.0,1.0,tsukumijima/KonomiTV,3,202501
qiboteam/qibojit,2024-09,control,0,0,0,,0,,0,0,0,0,0,0,0,0,0,0,0,0,0,False,18.0,1433.0,727.0,5.0,1.0,tsukumijima/KonomiTV,3,202501
qiboteam/qibojit,2024-10,control,0,0,0,,0,,0,0,0,0,0,0,0,0,0,0,0,0,0,False,13.0,619.0,579.0,5.0,1.0,tsukumijima/KonomiTV,3,202501
qiboteam/qibojit,2024-11,control,0,0,0,,0,,0,0,0,0,0,0,0,0,0,0,0,0,0,False,0.0,0.0,0.0,0.0,1.0,tsukumijima/KonomiTV,3,202501
qiboteam/qibojit,2024-12,control,0,0,0,,0,,0,0,0,0,0,0,0,0,0,0,0,0,0,False,2.0,2.0,2.0,2.0,1.0,tsukumijima/KonomiTV,3,202501
qiboteam/qibojit,2025-01,control,0,0,0,,0,,0,0,0,0,0,0,0,0,0,0,0,0,0,False,30.0,1647.0,799.0,6.0,1.0,tsukumijima/KonomiTV,3,202501
qiboteam/qibojit,2025-02,control,0,0,0,,0,,0,0,0,0,0,0,0,0,0,0,0,0,0,False,52.0,2479.0,996.0,9.0,1.0,tsukumijima/KonomiTV,3,202501
qiboteam/qibojit,2025-03,control,0,0,0,,0,,0,0,0,0,0,0,0,0,0,0,0,0,0,False,26.0,2559.0,2375.0,6.0,1.0,tsukumijima/KonomiTV,3,202501
qiboteam/qibojit,2025-04,control,0,0,0,,0,,0,0,0,0,0,0,0,0,0,0,0,0,0,False,19.0,1242.0,1180.0,5.0,1.0,tsukumijima/KonomiTV,3,202501
qiboteam/qibojit,2025-05,control,0,0,0,,0,,0,0,0,0,0,0,0,0,0,0,0,0,0,False,10.0,173.0,120.0,6.0,1.0,tsukumijima/KonomiTV,3,202501
qiboteam/qibojit,2025-06,control,0,0,0,,0,,0,0,0,0,0,0,0,0,0,0,0,0,0,False,11.0,2129.0,1802.0,4.0,1.0,tsukumijima/KonomiTV,3,202501
qiboteam/qibojit,2025-07,control,0,0,0,,0,,0,0,0,0,0,0,0,0,0,0,0,0,0,False,0.0,0.0,0.0,0.0,1.0,tsukumijima/KonomiTV,3,202501
qiboteam/qibojit,2025-08,control,0,0,0,,0,,0,0,0,0,0,0,0,0,0,0,0,0,0,False,13.0,642.0,486.0,3.0,1.0,tsukumijima/KonomiTV,3,202501
ruiqini/NTFields,2024-01,control,0,0,0,,0,,0,0,0,0,0,0,0,0,0,0,0,0,0,False,0.0,0.0,0.0,0.0,1.0,cgevans/qslib,3,202501
ruiqini/NTFields,2024-02,control,0,0,0,,0,,0,0,0,0,0,0,0,0,0,0,0,0,0,False,0.0,0.0,0.0,0.0,1.0,cgevans/qslib,3,202501
ruiqini/NTFields,2024-03,control,0,0,0,,0,,0,0,0,0,0,0,0,0,0,0,0,0,0,False,0.0,0.0,0.0,0.0,1.0,cgevans/qslib,3,202501
ruiqini/NTFields,2024-04,control,0,0,0,,0,,0,0,0,0,0,0,0,0,0,0,0,0,0,False,0.0,0.0,0.0,0.0,1.0,cgevans/qslib,3,202501
ruiqini/NTFields,2024-05,control,0,0,0,,0,,0,0,0,0,0,0,0,0,0,0,0,0,0,False,0.0,0.0,0.0,0.0,1.0,cgevans/qslib,3,202501
ruiqini/NTFields,2024-06,control,0,0,0,,0,,0,0,0,0,0,0,0,0,0,0,0,0,0,False,0.0,0.0,0.0,0.0,1.0,cgevans/qslib,3,202501
ruiqini/NTFields,2024-07,control,0,0,0,,0,,0,0,0,0,0,0,0,0,0,0,0,0,0,False,1.0,1.0,1.0,1.0,1.0,cgevans/qslib,3,202501
ruiqini/NTFields,2024-08,control,0,0,0,,0,,0,0,0,0,0,0,0,0,0,0,0,0,0,False,0.0,0.0,0.0,0.0,1.0,cgevans/qslib,3,202501
ruiqini/NTFields,2024-09,control,0,0,0,,0,,0,0,0,0,0,0,0,0,0,0,0,0,0,False,0.0,0.0,0.0,0.0,1.0,cgevans/qslib,3,202501
ruiqini/NTFields,2024-10,control,0,0,0,,0,,0,0,0,0,0,0,0,0,0,0,0,0,0,False,0.0,0.0,0.0,0.0,1.0,cgevans/qslib,3,202501
ruiqini/NTFields,2024-11,control,0,0,0,,0,,0,0,0,0,0,0,0,0,0,0,0,0,0,False,0.0,0.0,0.0,0.0,1.0,cgevans/qslib,3,202501
ruiqini/NTFields,2024-12,control,0,0,0,,0,,0,0,0,0,0,0,0,0,0,0,0,0,0,False,0.0,0.0,0.0,0.0,1.0,cgevans/qslib,3,202501
ruiqini/NTFields,2025-01,control,0,0,0,,0,,0,0,0,0,0,0,0,0,0,0,0,0,0,False,0.0,0.0,0.0,0.0,1.0,cgevans/qslib,3,202501
ruiqini/NTFields,2025-02,control,0,0,0,,0,,0,0,0,0,0,0,0,0,0,0,0,0,0,False,0.0,0.0,0.0,0.0,1.0,cgevans/qslib,3,202501
ruiqini/NTFields,2025-03,control,0,0,0,,0,,0,0,0,0,0,0,0,0,0,0,0,0,0,False,0.0,0.0,0.0,0.0,1.0,cgevans/qslib,3,202501
ruiqini/NTFields,2025-04,control,0,0,0,,0,,0,0,0,0,0,0,0,0,0,0,0,0,0,False,0.0,0.0,0.0,0.0,1.0,cgevans/qslib,3,202501
ruiqini/NTFields,2025-05,control,0,0,0,,0,,0,0,0,0,0,0,0,0,0,0,0,0,0,False,0.0,0.0,0.0,0.0,1.0,cgevans/qslib,3,202501
ruiqini/NTFields,2025-06,control,0,0,0,,0,,0,0,0,0,0,0,0,0,0,0,0,0,0,False,0.0,0.0,0.0,0.0,1.0,cgevans/qslib,3,202501
ruiqini/NTFields,2025-07,control,0,0,0,,0,,0,0,0,0,0,0,0,0,0,0,0,0,0,False,0.0,0.0,0.0,0.0,1.0,cgevans/qslib,3,202501
ruiqini/NTFields,2025-08,control,0,0,0,,0,,0,0,0,0,0,0,0,0,0,0,0,0,0,False,0.0,0.0,0.0,0.0,1.0,cgevans/qslib,3,202501
saucer-man/qq_msg_decode,2024-01,control,0,0,0,,0,,0,0,0,0,0,0,0,0,0,0,0,0,0,False,0.0,0.0,0.0,0.0,1.0,TextGeneratorio/text-generator.io,3,202502
saucer-man/qq_msg_decode,2024-02,control,0,0,0,,0,,0,0,0,0,0,0,0,0,0,0,0,0,0,False,0.0,0.0,0.0,0.0,1.0,TextGeneratorio/text-generator.io,3,202502
saucer-man/qq_msg_decode,2024-03,control,0,0,0,,0,,0,0,0,0,0,0,0,0,0,0,0,0,0,False,0.0,0.0,0.0,0.0,1.0,TextGeneratorio/text-generator.io,3,202502
saucer-man/qq_msg_decode,2024-04,control,0,0,0,,0,,0,0,0,0,0,0,0,0,0,0,0,0,0,False,0.0,0.0,0.0,0.0,1.0,TextGeneratorio/text-generator.io,3,202502
saucer-man/qq_msg_decode,2024-05,control,0,0,0,,0,,0,0,0,0,0,0,0,0,0,0,0,0,0,False,0.0,0.0,0.0,0.0,1.0,TextGeneratorio/text-generator.io,3,202502
saucer-man/qq_msg_decode,2024-06,control,0,0,0,,0,,0,0,0,0,0,0,0,0,0,0,0,0,0,False,1.0,264.0,2.0,1.0,1.0,TextGeneratorio/text-generator.io,3,202502
saucer-man/qq_msg_decode,2024-07,control,0,0,0,,0,,0,0,0,0,0,0,0,0,0,0,0,0,0,False,0.0,0.0,0.0,0.0,1.0,TextGeneratorio/text-generator.io,3,202502
saucer-man/qq_msg_decode,2024-08,control,0,0,0,,0,,0,0,0,0,0,0,0,0,0,0,0,0,0,False,0.0,0.0,0.0,0.0,1.0,TextGeneratorio/text-generator.io,3,202502
saucer-man/qq_msg_decode,2024-09,control,0,0,0,,0,,0,0,0,0,0,0,0,0,0,0,0,0,0,False,0.0,0.0,0.0,0.0,1.0,TextGeneratorio/text-generator.io,3,202502
saucer-man/qq_msg_decode,2024-10,control,0,0,0,,0,,0,0,0,0,0,0,0,0,0,0,0,0,0,False,0.0,0.0,0.0,0.0,1.0,TextGeneratorio/text-generator.io,3,202502
saucer-man/qq_msg_decode,2024-11,control,0,0,0,,0,,0,0,0,0,0,0,0,0,0,0,0,0,0,False,0.0,0.0,0.0,0.0,1.0,TextGeneratorio/text-generator.io,3,202502
saucer-man/qq_msg_decode,2024-12,control,0,0,0,,0,,0,0,0,0,0,0,0,0,0,0,0,0,0,False,0.0,0.0,0.0,0.0,1.0,TextGeneratorio/text-generator.io,3,202502
saucer-man/qq_msg_decode,2025-01,control,0,0,0,,0,,0,0,0,0,0,0,0,0,0,0,0,0,0,False,0.0,0.0,0.0,0.0,1.0,TextGeneratorio/text-generator.io,3,202502
saucer-man/qq_msg_decode,2025-02,control,0,0,0,,0,,0,0,0,0,0,0,0,0,0,0,0,0,0,False,0.0,0.0,0.0,0.0,1.0,TextGeneratorio/text-generator.io,3,202502
saucer-man/qq_msg_decode,2025-03,control,0,0,0,,0,,0,0,0,0,0,0,0,0,0,0,0,0,0,False,0.0,0.0,0.0,0.0,1.0,TextGeneratorio/text-generator.io,3,202502
saucer-man/qq_msg_decode,2025-04,control,0,0,0,,0,,0,0,0,0,0,0,0,0,0,0,0,0,0,False,0.0,0.0,0.0,0.0,1.0,TextGeneratorio/text-generator.io,3,202502
saucer-man/qq_msg_decode,2025-05,control,0,0,0,,0,,0,0,0,0,0,0,0,0,0,0,0,0,0,False,0.0,0.0,0.0,0.0,1.0,TextGeneratorio/text-generator.io,3,202502
saucer-man/qq_msg_decode,2025-06,control,0,0,0,,0,,0,0,0,0,0,0,0,0,0,0,0,0,0,False,0.0,0.0,0.0,0.0,1.0,TextGeneratorio/text-generator.io,3,202502
saucer-man/qq_msg_decode,2025-07,control,0,0,0,,0,,0,0,0,0,0,0,0,0,0,0,0,0,0,False,0.0,0.0,0.0,0.0,1.0,TextGeneratorio/text-generator.io,3,202502
saucer-man/qq_msg_decode,2025-08,control,0,0,0,,0,,0,0,0,0,0,0,0,0,0,0,0,0,0,False,0.0,0.0,0.0,0.0,1.0,TextGeneratorio/text-generator.io,3,202502
slopp/30_days_of_dagster,2024-11,control,0,0,0,,0,,0,0,0,0,0,0,0,0,0,0,0,0,0,False,32.0,1952.0,65.0,3.0,1.0,ResearchHub/researchhub-backend,2,202502
slopp/30_days_of_dagster,2024-12,control,0,0,0,,0,,0,0,0,0,0,0,0,0,0,0,0,0,0,False,41.0,5422.0,356.0,2.0,1.0,ResearchHub/researchhub-backend,2,202502
slopp/30_days_of_dagster,2025-01,control,0,0,0,,0,,0,0,0,0,0,0,0,0,0,0,0,0,0,False,0.0,0.0,0.0,0.0,1.0,ResearchHub/researchhub-backend,2,202502
slopp/30_days_of_dagster,2025-02,control,0,0,0,,0,,0,0,0,0,0,0,0,0,0,0,0,0,0,False,0.0,0.0,0.0,0.0,1.0,ResearchHub/researchhub-backend,2,202502
slopp/30_days_of_dagster,2025-03,control,0,0,0,,0,,0,0,0,0,0,0,0,0,0,0,0,0,0,False,0.0,0.0,0.0,0.0,1.0,ResearchHub/researchhub-backend,2,202502
slopp/30_days_of_dagster,2025-04,control,0,0,0,,0,,0,0,0,0,0,0,0,0,0,0,0,0,0,False,0.0,0.0,0.0,0.0,1.0,ResearchHub/researchhub-backend,2,202502
slopp/30_days_of_dagster,2025-05,control,0,0,0,,0,,0,0,0,0,0,0,0,0,0,0,0,0,0,False,0.0,0.0,0.0,0.0,1.0,ResearchHub/researchhub-backend,2,202502
slopp/30_days_of_dagster,2025-06,control,0,0,0,,0,,0,0,0,0,0,0,0,0,0,0,0,0,0,False,0.0,0.0,0.0,0.0,1.0,ResearchHub/researchhub-backend,2,202502
slopp/30_days_of_dagster,2025-07,control,0,0,0,,0,,0,0,0,0,0,0,0,0,0,0,0,0,0,False,0.0,0.0,0.0,0.0,1.0,ResearchHub/researchhub-backend,2,202502
slopp/30_days_of_dagster,2025-08,control,0,0,0,,0,,0,0,0,0,0,0,0,0,0,0,0,0,0,False,0.0,0.0,0.0,0.0,1.0,ResearchHub/researchhub-backend,2,202502
snowzjx/ns3-load-balance,2024-01,control,0,0,0,,0,,0,0,0,0,0,0,0,0,0,0,0,0,0,False,0.0,0.0,0.0,0.0,1.0,wdm0006/elote,1,202501
snowzjx/ns3-load-balance,2024-02,control,0,0,0,,0,,0,0,0,0,0,0,0,0,0,0,0,0,0,False,0.0,0.0,0.0,0.0,1.0,wdm0006/elote,1,202501
snowzjx/ns3-load-balance,2024-03,control,0,0,0,,0,,0,0,0,0,0,0,0,0,0,0,0,0,0,False,0.0,0.0,0.0,0.0,1.0,wdm0006/elote,1,202501
snowzjx/ns3-load-balance,2024-04,control,0,0,0,,0,,0,0,0,0,0,0,0,0,0,0,0,0,0,False,0.0,0.0,0.0,0.0,1.0,wdm0006/elote,1,202501
snowzjx/ns3-load-balance,2024-05,control,0,0,0,,0,,0,0,0,0,0,0,0,0,0,0,0,0,0,False,0.0,0.0,0.0,0.0,1.0,wdm0006/elote,1,202501
snowzjx/ns3-load-balance,2024-06,control,0,0,0,,0,,0,0,0,0,0,0,0,0,0,0,0,0,0,False,0.0,0.0,0.0,0.0,1.0,wdm0006/elote,1,202501
snowzjx/ns3-load-balance,2024-07,control,0,0,0,,0,,0,0,0,0,0,0,0,0,0,0,0,0,0,False,0.0,0.0,0.0,0.0,1.0,wdm0006/elote,1,202501
snowzjx/ns3-load-balance,2024-08,control,0,0,0,,0,,0,0,0,0,0,0,0,0,0,0,0,0,0,False,0.0,0.0,0.0,0.0,1.0,wdm0006/elote,1,202501
snowzjx/ns3-load-balance,2024-09,control,0,0,0,,0,,0,0,0,0,0,0,0,0,0,0,0,0,0,False,0.0,0.0,0.0,0.0,1.0,wdm0006/elote,1,202501
snowzjx/ns3-load-balance,2024-10,control,0,0,0,,0,,0,0,0,0,0,0,0,0,0,0,0,0,0,False,0.0,0.0,0.0,0.0,1.0,wdm0006/elote,1,202501
snowzjx/ns3-load-balance,2024-11,control,0,0,0,,0,,0,0,0,0,0,0,0,0,0,0,0,0,0,False,0.0,0.0,0.0,0.0,1.0,wdm0006/elote,1,202501
snowzjx/ns3-load-balance,2024-12,control,0,0,0,,0,,0,0,0,0,0,0,0,0,0,0,0,0,0,False,0.0,0.0,0.0,0.0,1.0,wdm0006/elote,1,202501
snowzjx/ns3-load-balance,2025-01,control,0,0,0,,0,,0,0,0,0,0,0,0,0,0,0,0,0,0,False,0.0,0.0,0.0,0.0,1.0,wdm0006/elote,1,202501
snowzjx/ns3-load-balance,2025-02,control,0,0,0,,0,,0,0,0,0,0,0,0,0,0,0,0,0,0,False,0.0,0.0,0.0,0.0,1.0,wdm0006/elote,1,202501
snowzjx/ns3-load-balance,2025-03,control,0,0,0,,0,,0,0,0,0,0,0,0,0,0,0,0,0,0,False,0.0,0.0,0.0,0.0,1.0,wdm0006/elote,1,202501
snowzjx/ns3-load-balance,2025-04,control,0,0,0,,0,,0,0,0,0,0,0,0,0,0,0,0,0,0,False,0.0,0.0,0.0,0.0,1.0,wdm0006/elote,1,202501
snowzjx/ns3-load-balance,2025-05,control,0,0,0,,0,,0,0,0,0,0,0,0,0,0,0,0,0,0,False,0.0,0.0,0.0,0.0,1.0,wdm0006/elote,1,202501
snowzjx/ns3-load-balance,2025-06,control,0,0,0,,0,,0,0,0,0,0,0,0,0,0,0,0,0,0,False,0.0,0.0,0.0,0.0,1.0,wdm0006/elote,1,202501
snowzjx/ns3-load-balance,2025-07,control,0,0,0,,0,,0,0,0,0,0,0,0,0,0,0,0,0,0,False,0.0,0.0,0.0,0.0,1.0,wdm0006/elote,1,202501
snowzjx/ns3-load-balance,2025-08,control,0,0,0,,0,,0,0,0,0,0,0,0,0,0,0,0,0,0,False,0.0,0.0,0.0,0.0,1.0,wdm0006/elote,1,202501
stakewise/v3-operator,2024-01,control,0,0,0,,0,,0,0,0,0,0,0,0,0,0,0,0,0,0,False,15.0,1067.0,1120.0,5.0,1.0,ericmjl/llamabot,1,202408
stakewise/v3-operator,2024-02,control,0,0,0,,0,,0,0,0,0,0,0,0,0,0,0,0,0,0,False,6.0,942.0,472.0,3.0,1.0,ericmjl/llamabot,1,202408
stakewise/v3-operator,2024-03,control,0,0,0,,0,,0,0,0,0,0,0,0,0,0,0,0,0,0,False,3.0,2897.0,2191.0,2.0,1.0,ericmjl/llamabot,1,202408
stakewise/v3-operator,2024-04,control,0,0,0,,0,,0,0,0,0,0,0,0,0,0,0,0,0,0,False,14.0,799.0,555.0,4.0,1.0,ericmjl/llamabot,1,202408
stakewise/v3-operator,2024-05,control,0,0,0,,0,,0,0,0,0,0,0,0,0,0,0,0,0,0,False,7.0,876.0,480.0,3.0,1.0,ericmjl/llamabot,1,202408
stakewise/v3-operator,2024-06,control,0,0,0,,0,,0,0,0,0,0,0,0,0,0,0,0,0,0,False,9.0,94.0,45.0,3.0,1.0,ericmjl/llamabot,1,202408
stakewise/v3-operator,2024-07,control,0,0,0,,0,,0,0,0,0,0,0,0,0,0,0,0,0,0,False,21.0,4109.0,1384.0,5.0,1.0,ericmjl/llamabot,1,202408
stakewise/v3-operator,2024-08,control,0,0,0,,0,,0,0,0,0,0,0,0,0,0,0,0,0,0,False,20.0,742.0,306.0,4.0,1.0,ericmjl/llamabot,1,202408
stakewise/v3-operator,2024-09,control,0,0,0,,0,,0,0,0,0,0,0,0,0,0,0,0,0,0,False,14.0,1277.0,1115.0,2.0,1.0,ericmjl/llamabot,1,202408
stakewise/v3-operator,2024-10,control,0,0,0,,0,,0,0,0,0,0,0,0,0,0,0,0,0,0,False,5.0,197.0,115.0,2.0,1.0,ericmjl/llamabot,1,202408
stakewise/v3-operator,2024-11,control,0,0,0,,0,,0,0,0,0,0,0,0,0,0,0,0,0,0,False,12.0,1562.0,1527.0,2.0,1.0,ericmjl/llamabot,1,202408
stakewise/v3-operator,2024-12,control,0,0,0,,0,,0,0,0,0,0,0,0,0,0,0,0,0,0,False,6.0,1277.0,864.0,2.0,1.0,ericmjl/llamabot,1,202408
stakewise/v3-operator,2025-01,control,0,0,0,,0,,0,0,0,0,0,0,0,0,0,0,0,0,0,False,6.0,945.0,958.0,1.0,1.0,ericmjl/llamabot,1,202408
stakewise/v3-operator,2025-02,control,0,0,0,,0,,0,0,0,0,0,0,0,0,0,0,0,0,0,False,5.0,231.0,245.0,2.0,1.0,ericmjl/llamabot,1,202408
stakewise/v3-operator,2025-03,control,0,0,0,,0,,0,0,0,0,0,0,0,0,0,0,0,0,0,False,0.0,0.0,0.0,0.0,1.0,ericmjl/llamabot,1,202408
stakewise/v3-operator,2025-04,control,0,0,0,,0,,0,0,0,0,0,0,0,0,0,0,0,0,0,False,3.0,699.0,673.0,2.0,1.0,ericmjl/llamabot,1,202408
stakewise/v3-operator,2025-05,control,0,0,0,,0,,0,0,0,0,0,0,0,0,0,0,0,0,0,False,7.0,869.0,771.0,2.0,1.0,ericmjl/llamabot,1,202408
stakewise/v3-operator,2025-06,control,0,0,0,,0,,0,0,0,0,0,0,0,0,0,0,0,0,0,False,1.0,10.0,8.0,1.0,1.0,ericmjl/llamabot,1,202408
stakewise/v3-operator,2025-07,control,0,0,0,,0,,0,0,0,0,0,0,0,0,0,0,0,0,0,False,5.0,1088.0,1444.0,2.0,1.0,ericmjl/llamabot,1,202408
stakewise/v3-operator,2025-08,control,0,0,0,,0,,0,0,0,0,0,0,0,0,0,0,0,0,0,False,1.0,2.0,0.0,1.0,1.0,ericmjl/llamabot,1,202408
surajt97/Train_Delay_Prediction,2024-01,control,0,0,0,,0,,0,0,0,0,0,0,0,0,0,0,0,0,0,False,0.0,0.0,0.0,0.0,1.0,wdm0006/pygeohash,2,202502
surajt97/Train_Delay_Prediction,2024-02,control,0,0,0,,0,,0,0,0,0,0,0,0,0,0,0,0,0,0,False,0.0,0.0,0.0,0.0,1.0,wdm0006/pygeohash,2,202502
surajt97/Train_Delay_Prediction,2024-03,control,0,0,0,,0,,0,0,0,0,0,0,0,0,0,0,0,0,0,False,0.0,0.0,0.0,0.0,1.0,wdm0006/pygeohash,2,202502
surajt97/Train_Delay_Prediction,2024-04,control,0,0,0,,0,,0,0,0,0,0,0,0,0,0,0,0,0,0,False,0.0,0.0,0.0,0.0,1.0,wdm0006/pygeohash,2,202502
surajt97/Train_Delay_Prediction,2024-05,control,0,0,0,,0,,0,0,0,0,0,0,0,0,0,0,0,0,0,False,0.0,0.0,0.0,0.0,1.0,wdm0006/pygeohash,2,202502
surajt97/Train_Delay_Prediction,2024-06,control,0,0,0,,0,,0,0,0,0,0,0,0,0,0,0,0,0,0,False,0.0,0.0,0.0,0.0,1.0,wdm0006/pygeohash,2,202502
surajt97/Train_Delay_Prediction,2024-07,control,0,0,0,,0,,0,0,0,0,0,0,0,0,0,0,0,0,0,False,0.0,0.0,0.0,0.0,1.0,wdm0006/pygeohash,2,202502
surajt97/Train_Delay_Prediction,2024-08,control,0,0,0,,0,,0,0,0,0,0,0,0,0,0,0,0,0,0,False,0.0,0.0,0.0,0.0,1.0,wdm0006/pygeohash,2,202502
surajt97/Train_Delay_Prediction,2024-09,control,0,0,0,,0,,0,0,0,0,0,0,0,0,0,0,0,0,0,False,0.0,0.0,0.0,0.0,1.0,wdm0006/pygeohash,2,202502
surajt97/Train_Delay_Prediction,2024-10,control,0,0,0,,0,,0,0,0,0,0,0,0,0,0,0,0,0,0,False,0.0,0.0,0.0,0.0,1.0,wdm0006/pygeohash,2,202502
surajt97/Train_Delay_Prediction,2024-11,control,0,0,0,,0,,0,0,0,0,0,0,0,0,0,0,0,0,0,False,0.0,0.0,0.0,0.0,1.0,wdm0006/pygeohash,2,202502
surajt97/Train_Delay_Prediction,2024-12,control,0,0,0,,0,,0,0,0,0,0,0,0,0,0,0,0,0,0,False,0.0,0.0,0.0,0.0,1.0,wdm0006/pygeohash,2,202502
surajt97/Train_Delay_Prediction,2025-01,control,0,0,0,,0,,0,0,0,0,0,0,0,0,0,0,0,0,0,False,0.0,0.0,0.0,0.0,1.0,wdm0006/pygeohash,2,202502
surajt97/Train_Delay_Prediction,2025-02,control,0,0,0,,0,,0,0,0,0,0,0,0,0,0,0,0,0,0,False,0.0,0.0,0.0,0.0,1.0,wdm0006/pygeohash,2,202502
surajt97/Train_Delay_Prediction,2025-03,control,0,0,0,,0,,0,0,0,0,0,0,0,0,0,0,0,0,0,False,0.0,0.0,0.0,0.0,1.0,wdm0006/pygeohash,2,202502
surajt97/Train_Delay_Prediction,2025-04,control,0,0,0,,0,,0,0,0,0,0,0,0,0,0,0,0,0,0,False,0.0,0.0,0.0,0.0,1.0,wdm0006/pygeohash,2,202502
surajt97/Train_Delay_Prediction,2025-05,control,0,0,0,,0,,0,0,0,0,0,0,0,0,0,0,0,0,0,False,0.0,0.0,0.0,0.0,1.0,wdm0006/pygeohash,2,202502
surajt97/Train_Delay_Prediction,2025-06,control,0,0,0,,0,,0,0,0,0,0,0,0,0,0,0,0,0,0,False,0.0,0.0,0.0,0.0,1.0,wdm0006/pygeohash,2,202502
surajt97/Train_Delay_Prediction,2025-07,control,0,0,0,,0,,0,0,0,0,0,0,0,0,0,0,0,0,0,False,0.0,0.0,0.0,0.0,1.0,wdm0006/pygeohash,2,202502
surajt97/Train_Delay_Prediction,2025-08,control,0,0,0,,0,,0,0,0,0,0,0,0,0,0,0,0,0,0,False,0.0,0.0,0.0,0.0,1.0,wdm0006/pygeohash,2,202502
taylorwilsdon/open-webui-tools,2025-02,control,0,0,0,,0,,0,0,0,0,0,0,0,0,0,0,0,0,0,False,2.0,2.0,0.0,2.0,1.0,jmurth1234/ClaudePlayer,2,202502
taylorwilsdon/open-webui-tools,2025-03,control,0,0,0,,0,,0,0,0,0,0,0,0,0,0,0,0,0,0,False,11.0,1327.0,925.0,2.0,1.0,jmurth1234/ClaudePlayer,2,202502
taylorwilsdon/open-webui-tools,2025-04,control,0,0,0,,0,,0,0,0,0,0,0,0,0,0,0,0,0,0,False,19.0,895.0,69.0,2.0,1.0,jmurth1234/ClaudePlayer,2,202502
taylorwilsdon/open-webui-tools,2025-05,control,0,0,0,,0,,0,0,0,0,0,0,0,0,0,0,0,0,0,False,1.0,51.0,19.0,1.0,1.0,jmurth1234/ClaudePlayer,2,202502
taylorwilsdon/open-webui-tools,2025-06,control,0,0,0,,0,,0,0,0,0,0,0,0,0,0,0,0,0,0,False,0.0,0.0,0.0,0.0,1.0,jmurth1234/ClaudePlayer,2,202502
taylorwilsdon/open-webui-tools,2025-07,control,0,0,0,,0,,0,0,0,0,0,0,0,0,0,0,0,0,0,False,0.0,0.0,0.0,0.0,1.0,jmurth1234/ClaudePlayer,2,202502
taylorwilsdon/open-webui-tools,2025-08,control,0,0,0,,0,,0,0,0,0,0,0,0,0,0,0,0,0,0,False,0.0,0.0,0.0,0.0,1.0,jmurth1234/ClaudePlayer,2,202502
thefatedefeater/V2ray-Config,2024-06,control,0,0,0,,0,,0,0,0,0,0,0,0,0,0,0,0,0,0,False,21.0,610029.0,320428.0,2.0,1.0,raphaelmansuy/code2prompt,3,202408
thefatedefeater/V2ray-Config,2024-07,control,0,0,0,,0,,0,0,0,0,0,0,0,0,0,0,0,0,0,False,734.0,34527347.0,34566008.0,2.0,1.0,raphaelmansuy/code2prompt,3,202408
thefatedefeater/V2ray-Config,2024-08,control,0,0,0,,0,,0,0,0,0,0,0,0,0,0,0,0,0,0,False,419.0,15091255.0,15118172.0,1.0,1.0,raphaelmansuy/code2prompt,3,202408
thefatedefeater/V2ray-Config,2024-09,control,0,0,0,,0,,0,0,0,0,0,0,0,0,0,0,0,0,0,False,389.0,9054898.0,9066513.0,1.0,1.0,raphaelmansuy/code2prompt,3,202408
thefatedefeater/V2ray-Config,2024-10,control,0,0,0,,0,,0,0,0,0,0,0,0,0,0,0,0,0,0,False,713.0,15574122.0,15590779.0,1.0,1.0,raphaelmansuy/code2prompt,3,202408
thefatedefeater/V2ray-Config,2024-11,control,0,0,0,,0,,0,0,0,0,0,0,0,0,0,0,0,0,0,False,690.0,14519673.0,14522439.0,1.0,1.0,raphaelmansuy/code2prompt,3,202408
thefatedefeater/V2ray-Config,2024-12,control,0,0,0,,0,,0,0,0,0,0,0,0,0,0,0,0,0,0,False,700.0,15265742.0,15266940.0,1.0,1.0,raphaelmansuy/code2prompt,3,202408
thefatedefeater/V2ray-Config,2025-01,control,0,0,0,,0,,0,0,0,0,0,0,0,0,0,0,0,0,0,False,534.0,13831750.0,13851998.0,1.0,1.0,raphaelmansuy/code2prompt,3,202408
thefatedefeater/V2ray-Config,2025-02,control,0,0,0,,0,,0,0,0,0,0,0,0,0,0,0,0,0,0,False,0.0,0.0,0.0,0.0,1.0,raphaelmansuy/code2prompt,3,202408
thefatedefeater/V2ray-Config,2025-03,control,0,0,0,,0,,0,0,0,0,0,0,0,0,0,0,0,0,0,False,0.0,0.0,0.0,0.0,1.0,raphaelmansuy/code2prompt,3,202408
thefatedefeater/V2ray-Config,2025-04,control,0,0,0,,0,,0,0,0,0,0,0,0,0,0,0,0,0,0,False,0.0,0.0,0.0,0.0,1.0,raphaelmansuy/code2prompt,3,202408
thefatedefeater/V2ray-Config,2025-05,control,0,0,0,,0,,0,0,0,0,0,0,0,0,0,0,0,0,0,False,0.0,0.0,0.0,0.0,1.0,raphaelmansuy/code2prompt,3,202408
thefatedefeater/V2ray-Config,2025-06,control,0,0,0,,0,,0,0,0,0,0,0,0,0,0,0,0,0,0,False,0.0,0.0,0.0,0.0,1.0,raphaelmansuy/code2prompt,3,202408
thefatedefeater/V2ray-Config,2025-07,control,0,0,0,,0,,0,0,0,0,0,0,0,0,0,0,0,0,0,False,0.0,0.0,0.0,0.0,1.0,raphaelmansuy/code2prompt,3,202408
thefatedefeater/V2ray-Config,2025-08,control,0,0,0,,0,,0,0,0,0,0,0,0,0,0,0,0,0,0,False,0.0,0.0,0.0,0.0,1.0,raphaelmansuy/code2prompt,3,202408
thegreenwebfoundation/admin-portal,2024-01,control,0,0,0,,0,,0,0,0,0,0,0,0,0,0,0,0,0,0,False,23.0,1741.0,1705.0,3.0,1.0,panther-labs/panther-analysis,2,202502
thegreenwebfoundation/admin-portal,2024-02,control,0,0,0,,0,,0,0,0,0,0,0,0,0,0,0,0,0,0,False,32.0,1506.0,842.0,2.0,1.0,panther-labs/panther-analysis,2,202502
thegreenwebfoundation/admin-portal,2024-03,control,0,0,0,,0,,0,0,0,0,0,0,0,0,0,0,0,0,0,False,42.0,1300.0,669.0,3.0,1.0,panther-labs/panther-analysis,2,202502
thegreenwebfoundation/admin-portal,2024-04,control,0,0,0,,0,,0,0,0,0,0,0,0,0,0,0,0,0,0,False,11.0,532.0,382.0,1.0,1.0,panther-labs/panther-analysis,2,202502
thegreenwebfoundation/admin-portal,2024-05,control,0,0,0,,0,,0,0,0,0,0,0,0,0,0,0,0,0,0,False,60.0,22511.0,5515.0,2.0,1.0,panther-labs/panther-analysis,2,202502
thegreenwebfoundation/admin-portal,2024-06,control,0,0,0,,0,,0,0,0,0,0,0,0,0,0,0,0,0,0,False,17.0,460.0,483.0,4.0,1.0,panther-labs/panther-analysis,2,202502
thegreenwebfoundation/admin-portal,2024-07,control,0,0,0,,0,,0,0,0,0,0,0,0,0,0,0,0,0,0,False,9.0,148.0,122.0,3.0,1.0,panther-labs/panther-analysis,2,202502
thegreenwebfoundation/admin-portal,2024-08,control,0,0,0,,0,,0,0,0,0,0,0,0,0,0,0,0,0,0,False,2.0,10.0,1.0,1.0,1.0,panther-labs/panther-analysis,2,202502
thegreenwebfoundation/admin-portal,2024-09,control,0,0,0,,0,,0,0,0,0,0,0,0,0,0,0,0,0,0,False,2.0,18.0,11.0,2.0,1.0,panther-labs/panther-analysis,2,202502
thegreenwebfoundation/admin-portal,2024-10,control,0,0,0,,0,,0,0,0,0,0,0,0,0,0,0,0,0,0,False,3.0,112.0,15.0,2.0,1.0,panther-labs/panther-analysis,2,202502
thegreenwebfoundation/admin-portal,2024-11,control,0,0,0,,0,,0,0,0,0,0,0,0,0,0,0,0,0,0,False,21.0,3983.0,3453.0,2.0,1.0,panther-labs/panther-analysis,2,202502
thegreenwebfoundation/admin-portal,2024-12,control,0,0,0,,0,,0,0,0,0,0,0,0,0,0,0,0,0,0,False,6.0,188.0,161.0,1.0,1.0,panther-labs/panther-analysis,2,202502
thegreenwebfoundation/admin-portal,2025-01,control,0,0,0,,0,,0,0,0,0,0,0,0,0,0,0,0,0,0,False,2.0,191.0,164.0,1.0,1.0,panther-labs/panther-analysis,2,202502
thegreenwebfoundation/admin-portal,2025-02,control,0,0,0,,0,,0,0,0,0,0,0,0,0,0,0,0,0,0,False,1.0,9.0,0.0,1.0,1.0,panther-labs/panther-analysis,2,202502
thegreenwebfoundation/admin-portal,2025-03,control,0,0,0,,0,,0,0,0,0,0,0,0,0,0,0,0,0,0,False,34.0,1382.0,506.0,2.0,1.0,panther-labs/panther-analysis,2,202502
thegreenwebfoundation/admin-portal,2025-04,control,0,0,0,,0,,0,0,0,0,0,0,0,0,0,0,0,0,0,False,15.0,1121.0,585.0,4.0,1.0,panther-labs/panther-analysis,2,202502
thegreenwebfoundation/admin-portal,2025-05,control,0,0,0,,0,,0,0,0,0,0,0,0,0,0,0,0,0,0,False,22.0,1462.0,329.0,4.0,1.0,panther-labs/panther-analysis,2,202502
thegreenwebfoundation/admin-portal,2025-06,control,0,0,0,,0,,0,0,0,0,0,0,0,0,0,0,0,0,0,False,47.0,8760.0,10887.0,5.0,1.0,panther-labs/panther-analysis,2,202502
thegreenwebfoundation/admin-portal,2025-07,control,0,0,0,,0,,0,0,0,0,0,0,0,0,0,0,0,0,0,False,13.0,1549.0,971.0,1.0,1.0,panther-labs/panther-analysis,2,202502
thegreenwebfoundation/admin-portal,2025-08,control,0,0,0,,0,,0,0,0,0,0,0,0,0,0,0,0,0,0,False,11.0,319.0,161.0,2.0,1.0,panther-labs/panther-analysis,2,202502
tranceitionalMynd/spy-reaper,2024-01,control,0,0,0,,0,,0,0,0,0,0,0,0,0,0,0,0,0,0,False,0.0,0.0,0.0,0.0,1.0,wdm0006/elote,3,202501
tranceitionalMynd/spy-reaper,2024-02,control,0,0,0,,0,,0,0,0,0,0,0,0,0,0,0,0,0,0,False,0.0,0.0,0.0,0.0,1.0,wdm0006/elote,3,202501
tranceitionalMynd/spy-reaper,2024-03,control,0,0,0,,0,,0,0,0,0,0,0,0,0,0,0,0,0,0,False,0.0,0.0,0.0,0.0,1.0,wdm0006/elote,3,202501
tranceitionalMynd/spy-reaper,2024-04,control,0,0,0,,0,,0,0,0,0,0,0,0,0,0,0,0,0,0,False,0.0,0.0,0.0,0.0,1.0,wdm0006/elote,3,202501
tranceitionalMynd/spy-reaper,2024-05,control,0,0,0,,0,,0,0,0,0,0,0,0,0,0,0,0,0,0,False,0.0,0.0,0.0,0.0,1.0,wdm0006/elote,3,202501
tranceitionalMynd/spy-reaper,2024-06,control,0,0,0,,0,,0,0,0,0,0,0,0,0,0,0,0,0,0,False,0.0,0.0,0.0,0.0,1.0,wdm0006/elote,3,202501
tranceitionalMynd/spy-reaper,2024-07,control,0,0,0,,0,,0,0,0,0,0,0,0,0,0,0,0,0,0,False,0.0,0.0,0.0,0.0,1.0,wdm0006/elote,3,202501
tranceitionalMynd/spy-reaper,2024-08,control,0,0,0,,0,,0,0,0,0,0,0,0,0,0,0,0,0,0,False,0.0,0.0,0.0,0.0,1.0,wdm0006/elote,3,202501
tranceitionalMynd/spy-reaper,2024-09,control,0,0,0,,0,,0,0,0,0,0,0,0,0,0,0,0,0,0,False,0.0,0.0,0.0,0.0,1.0,wdm0006/elote,3,202501
tranceitionalMynd/spy-reaper,2024-10,control,0,0,0,,0,,0,0,0,0,0,0,0,0,0,0,0,0,0,False,0.0,0.0,0.0,0.0,1.0,wdm0006/elote,3,202501
tranceitionalMynd/spy-reaper,2024-11,control,0,0,0,,0,,0,0,0,0,0,0,0,0,0,0,0,0,0,False,0.0,0.0,0.0,0.0,1.0,wdm0006/elote,3,202501
tranceitionalMynd/spy-reaper,2024-12,control,0,0,0,,0,,0,0,0,0,0,0,0,0,0,0,0,0,0,False,0.0,0.0,0.0,0.0,1.0,wdm0006/elote,3,202501
tranceitionalMynd/spy-reaper,2025-01,control,0,0,0,,0,,0,0,0,0,0,0,0,0,0,0,0,0,0,False,0.0,0.0,0.0,0.0,1.0,wdm0006/elote,3,202501
tranceitionalMynd/spy-reaper,2025-02,control,0,0,0,,0,,0,0,0,0,0,0,0,0,0,0,0,0,0,False,0.0,0.0,0.0,0.0,1.0,wdm0006/elote,3,202501
tranceitionalMynd/spy-reaper,2025-03,control,0,0,0,,0,,0,0,0,0,0,0,0,0,0,0,0,0,0,False,0.0,0.0,0.0,0.0,1.0,wdm0006/elote,3,202501
tranceitionalMynd/spy-reaper,2025-04,control,0,0,0,,0,,0,0,0,0,0,0,0,0,0,0,0,0,0,False,0.0,0.0,0.0,0.0,1.0,wdm0006/elote,3,202501
tranceitionalMynd/spy-reaper,2025-05,control,0,0,0,,0,,0,0,0,0,0,0,0,0,0,0,0,0,0,False,0.0,0.0,0.0,0.0,1.0,wdm0006/elote,3,202501
tranceitionalMynd/spy-reaper,2025-06,control,0,0,0,,0,,0,0,0,0,0,0,0,0,0,0,0,0,0,False,0.0,0.0,0.0,0.0,1.0,wdm0006/elote,3,202501
tranceitionalMynd/spy-reaper,2025-07,control,0,0,0,,0,,0,0,0,0,0,0,0,0,0,0,0,0,0,False,0.0,0.0,0.0,0.0,1.0,wdm0006/elote,3,202501
tranceitionalMynd/spy-reaper,2025-08,control,0,0,0,,0,,0,0,0,0,0,0,0,0,0,0,0,0,0,False,0.0,0.0,0.0,0.0,1.0,wdm0006/elote,3,202501
tusgino/llm-code-reviewer,2024-11,control,0,0,0,,0,,0,0,0,0,0,0,0,0,0,0,0,0,0,False,39.0,3573.0,1532.0,2.0,1.0,smartian1/tgtrader,1,202412
tusgino/llm-code-reviewer,2024-12,control,0,0,0,,0,,0,0,0,0,0,0,0,0,0,0,0,0,0,False,0.0,0.0,0.0,0.0,1.0,smartian1/tgtrader,1,202412
tusgino/llm-code-reviewer,2025-01,control,0,0,0,,0,,0,0,0,0,0,0,0,0,0,0,0,0,0,False,0.0,0.0,0.0,0.0,1.0,smartian1/tgtrader,1,202412
tusgino/llm-code-reviewer,2025-02,control,0,0,0,,0,,0,0,0,0,0,0,0,0,0,0,0,0,0,False,0.0,0.0,0.0,0.0,1.0,smartian1/tgtrader,1,202412
tusgino/llm-code-reviewer,2025-03,control,0,0,0,,0,,0,0,0,0,0,0,0,0,0,0,0,0,0,False,0.0,0.0,0.0,0.0,1.0,smartian1/tgtrader,1,202412
tusgino/llm-code-reviewer,2025-04,control,0,0,0,,0,,0,0,0,0,0,0,0,0,0,0,0,0,0,False,0.0,0.0,0.0,0.0,1.0,smartian1/tgtrader,1,202412
tusgino/llm-code-reviewer,2025-05,control,0,0,0,,0,,0,0,0,0,0,0,0,0,0,0,0,0,0,False,0.0,0.0,0.0,0.0,1.0,smartian1/tgtrader,1,202412
tusgino/llm-code-reviewer,2025-06,control,0,0,0,,0,,0,0,0,0,0,0,0,0,0,0,0,0,0,False,0.0,0.0,0.0,0.0,1.0,smartian1/tgtrader,1,202412
tusgino/llm-code-reviewer,2025-07,control,0,0,0,,0,,0,0,0,0,0,0,0,0,0,0,0,0,0,False,0.0,0.0,0.0,0.0,1.0,smartian1/tgtrader,1,202412
tusgino/llm-code-reviewer,2025-08,control,0,0,0,,0,,0,0,0,0,0,0,0,0,0,0,0,0,0,False,0.0,0.0,0.0,0.0,1.0,smartian1/tgtrader,1,202412
viktoriasemaan/sa-ai-agent,2024-08,control,0,0,0,,0,,0,0,0,0,0,0,0,0,0,0,0,0,0,False,16.0,2887.0,1049.0,2.0,1.0,DannyMac180/mirror,1,202411
viktoriasemaan/sa-ai-agent,2024-09,control,0,0,0,,0,,0,0,0,0,0,0,0,0,0,0,0,0,0,False,0.0,0.0,0.0,0.0,1.0,DannyMac180/mirror,1,202411
viktoriasemaan/sa-ai-agent,2024-10,control,0,0,0,,0,,0,0,0,0,0,0,0,0,0,0,0,0,0,False,21.0,659.0,691.0,3.0,1.0,DannyMac180/mirror,1,202411
viktoriasemaan/sa-ai-agent,2024-11,control,0,0,0,,0,,0,0,0,0,0,0,0,0,0,0,0,0,0,False,0.0,0.0,0.0,0.0,1.0,DannyMac180/mirror,1,202411
viktoriasemaan/sa-ai-agent,2024-12,control,0,0,0,,0,,0,0,0,0,0,0,0,0,0,0,0,0,0,False,0.0,0.0,0.0,0.0,1.0,DannyMac180/mirror,1,202411
viktoriasemaan/sa-ai-agent,2025-01,control,0,0,0,,0,,0,0,0,0,0,0,0,0,0,0,0,0,0,False,0.0,0.0,0.0,0.0,1.0,DannyMac180/mirror,1,202411
viktoriasemaan/sa-ai-agent,2025-02,control,0,0,0,,0,,0,0,0,0,0,0,0,0,0,0,0,0,0,False,0.0,0.0,0.0,0.0,1.0,DannyMac180/mirror,1,202411
viktoriasemaan/sa-ai-agent,2025-03,control,0,0,0,,0,,0,0,0,0,0,0,0,0,0,0,0,0,0,False,0.0,0.0,0.0,0.0,1.0,DannyMac180/mirror,1,202411
viktoriasemaan/sa-ai-agent,2025-04,control,0,0,0,,0,,0,0,0,0,0,0,0,0,0,0,0,0,0,False,0.0,0.0,0.0,0.0,1.0,DannyMac180/mirror,1,202411
viktoriasemaan/sa-ai-agent,2025-05,control,0,0,0,,0,,0,0,0,0,0,0,0,0,0,0,0,0,0,False,0.0,0.0,0.0,0.0,1.0,DannyMac180/mirror,1,202411
viktoriasemaan/sa-ai-agent,2025-06,control,0,0,0,,0,,0,0,0,0,0,0,0,0,0,0,0,0,0,False,0.0,0.0,0.0,0.0,1.0,DannyMac180/mirror,1,202411
viktoriasemaan/sa-ai-agent,2025-07,control,0,0,0,,0,,0,0,0,0,0,0,0,0,0,0,0,0,0,False,0.0,0.0,0.0,0.0,1.0,DannyMac180/mirror,1,202411
viktoriasemaan/sa-ai-agent,2025-08,control,0,0,0,,0,,0,0,0,0,0,0,0,0,0,0,0,0,0,False,0.0,0.0,0.0,0.0,1.0,DannyMac180/mirror,1,202411
vonssy/BlockBitsApp-BOT,2024-12,control,0,0,0,,0,,0,0,0,0,0,0,0,0,0,0,0,0,0,False,3.0,44.0,32.0,1.0,1.0,OpenMOSS/Language-Model-SAEs; SlyyCooper/cursorrules-architect,3,202411
vonssy/BlockBitsApp-BOT,2025-01,control,0,0,0,,0,,0,0,0,0,0,0,0,0,0,0,0,0,0,False,0.0,0.0,0.0,0.0,1.0,OpenMOSS/Language-Model-SAEs; SlyyCooper/cursorrules-architect,3,202411
vonssy/BlockBitsApp-BOT,2025-02,control,0,0,0,,0,,0,0,0,0,0,0,0,0,0,0,0,0,0,False,0.0,0.0,0.0,0.0,1.0,OpenMOSS/Language-Model-SAEs; SlyyCooper/cursorrules-architect,3,202411
vonssy/BlockBitsApp-BOT,2025-03,control,0,0,0,,0,,0,0,0,0,0,0,0,0,0,0,0,0,0,False,0.0,0.0,0.0,0.0,1.0,OpenMOSS/Language-Model-SAEs; SlyyCooper/cursorrules-architect,3,202411
vonssy/BlockBitsApp-BOT,2025-04,control,0,0,0,,0,,0,0,0,0,0,0,0,0,0,0,0,0,0,False,0.0,0.0,0.0,0.0,1.0,OpenMOSS/Language-Model-SAEs; SlyyCooper/cursorrules-architect,3,202411
vonssy/BlockBitsApp-BOT,2025-05,control,0,0,0,,0,,0,0,0,0,0,0,0,0,0,0,0,0,0,False,0.0,0.0,0.0,0.0,1.0,OpenMOSS/Language-Model-SAEs; SlyyCooper/cursorrules-architect,3,202411
vonssy/BlockBitsApp-BOT,2025-06,control,0,0,0,,0,,0,0,0,0,0,0,0,0,0,0,0,0,0,False,0.0,0.0,0.0,0.0,1.0,OpenMOSS/Language-Model-SAEs; SlyyCooper/cursorrules-architect,3,202411
vonssy/BlockBitsApp-BOT,2025-07,control,0,0,0,,0,,0,0,0,0,0,0,0,0,0,0,0,0,0,False,0.0,0.0,0.0,0.0,1.0,OpenMOSS/Language-Model-SAEs; SlyyCooper/cursorrules-architect,3,202411
vonssy/BlockBitsApp-BOT,2025-08,control,0,0,0,,0,,0,0,0,0,0,0,0,0,0,0,0,0,0,False,0.0,0.0,0.0,0.0,1.0,OpenMOSS/Language-Model-SAEs; SlyyCooper/cursorrules-architect,3,202411
vonssy/DreamerQuests-BOT,2025-03,control,0,0,0,,0,,0,0,0,0,0,0,0,0,0,0,0,0,0,False,1.0,0.0,0.0,1.0,1.0,Aronnaxx/Behold-Urwar-Droid-Concepts; Mineru98/mysql-mcp-server; The-Pocket/Tutorial-AI-Paul-Graham; The-Pocket/Tutorial-Cold-Email-Personalization; The-Pocket/Tutorial-Cursor; cohnen/mcp-google-ads; ericzakariasson/uber-eats-mcp-server; ezyang/codemcp; hyperb1iss/droidmind; osomai/servicenow-mcp; samuelgursky/davinci-resolve-mcp; sshtunnelvision/MCP-LOGO-GEN; synaptiai/prompt-decorators; trycua/cua; utensils/mcp-nixos; xzq-xu/jvm-mcp-server; yagami1997/CursorMind; zilliztech/mcp-server-milvus,3,202502
vonssy/DreamerQuests-BOT,2025-04,control,0,0,0,,0,,0,0,0,0,0,0,0,0,0,0,0,0,0,False,1.0,100.0,11.0,1.0,1.0,Aronnaxx/Behold-Urwar-Droid-Concepts; Mineru98/mysql-mcp-server; The-Pocket/Tutorial-AI-Paul-Graham; The-Pocket/Tutorial-Cold-Email-Personalization; The-Pocket/Tutorial-Cursor; cohnen/mcp-google-ads; ericzakariasson/uber-eats-mcp-server; ezyang/codemcp; hyperb1iss/droidmind; osomai/servicenow-mcp; samuelgursky/davinci-resolve-mcp; sshtunnelvision/MCP-LOGO-GEN; synaptiai/prompt-decorators; trycua/cua; utensils/mcp-nixos; xzq-xu/jvm-mcp-server; yagami1997/CursorMind; zilliztech/mcp-server-milvus,3,202502
vonssy/DreamerQuests-BOT,2025-05,control,0,0,0,,0,,0,0,0,0,0,0,0,0,0,0,0,0,0,False,0.0,0.0,0.0,0.0,1.0,Aronnaxx/Behold-Urwar-Droid-Concepts; Mineru98/mysql-mcp-server; The-Pocket/Tutorial-AI-Paul-Graham; The-Pocket/Tutorial-Cold-Email-Personalization; The-Pocket/Tutorial-Cursor; cohnen/mcp-google-ads; ericzakariasson/uber-eats-mcp-server; ezyang/codemcp; hyperb1iss/droidmind; osomai/servicenow-mcp; samuelgursky/davinci-resolve-mcp; sshtunnelvision/MCP-LOGO-GEN; synaptiai/prompt-decorators; trycua/cua; utensils/mcp-nixos; xzq-xu/jvm-mcp-server; yagami1997/CursorMind; zilliztech/mcp-server-milvus,3,202502
vonssy/DreamerQuests-BOT,2025-06,control,0,0,0,,0,,0,0,0,0,0,0,0,0,0,0,0,0,0,False,0.0,0.0,0.0,0.0,1.0,Aronnaxx/Behold-Urwar-Droid-Concepts; Mineru98/mysql-mcp-server; The-Pocket/Tutorial-AI-Paul-Graham; The-Pocket/Tutorial-Cold-Email-Personalization; The-Pocket/Tutorial-Cursor; cohnen/mcp-google-ads; ericzakariasson/uber-eats-mcp-server; ezyang/codemcp; hyperb1iss/droidmind; osomai/servicenow-mcp; samuelgursky/davinci-resolve-mcp; sshtunnelvision/MCP-LOGO-GEN; synaptiai/prompt-decorators; trycua/cua; utensils/mcp-nixos; xzq-xu/jvm-mcp-server; yagami1997/CursorMind; zilliztech/mcp-server-milvus,3,202502
vonssy/DreamerQuests-BOT,2025-07,control,0,0,0,,0,,0,0,0,0,0,0,0,0,0,0,0,0,0,False,2.0,216.0,149.0,1.0,1.0,Aronnaxx/Behold-Urwar-Droid-Concepts; Mineru98/mysql-mcp-server; The-Pocket/Tutorial-AI-Paul-Graham; The-Pocket/Tutorial-Cold-Email-Personalization; The-Pocket/Tutorial-Cursor; cohnen/mcp-google-ads; ericzakariasson/uber-eats-mcp-server; ezyang/codemcp; hyperb1iss/droidmind; osomai/servicenow-mcp; samuelgursky/davinci-resolve-mcp; sshtunnelvision/MCP-LOGO-GEN; synaptiai/prompt-decorators; trycua/cua; utensils/mcp-nixos; xzq-xu/jvm-mcp-server; yagami1997/CursorMind; zilliztech/mcp-server-milvus,3,202502
vonssy/DreamerQuests-BOT,2025-08,control,0,0,0,,0,,0,0,0,0,0,0,0,0,0,0,0,0,0,False,0.0,0.0,0.0,0.0,1.0,Aronnaxx/Behold-Urwar-Droid-Concepts; Mineru98/mysql-mcp-server; The-Pocket/Tutorial-AI-Paul-Graham; The-Pocket/Tutorial-Cold-Email-Personalization; The-Pocket/Tutorial-Cursor; cohnen/mcp-google-ads; ericzakariasson/uber-eats-mcp-server; ezyang/codemcp; hyperb1iss/droidmind; osomai/servicenow-mcp; samuelgursky/davinci-resolve-mcp; sshtunnelvision/MCP-LOGO-GEN; synaptiai/prompt-decorators; trycua/cua; utensils/mcp-nixos; xzq-xu/jvm-mcp-server; yagami1997/CursorMind; zilliztech/mcp-server-milvus,3,202502
vortezwohl/Bhakti,2024-08,control,0,0,0,,0,,0,0,0,0,0,0,0,0,0,0,0,0,0,False,8.0,379.0,119.0,1.0,1.0,Hankanman/Area-Occupancy-Detection,3,202411
vortezwohl/Bhakti,2024-09,control,0,0,0,,0,,0,0,0,0,0,0,0,0,0,0,0,0,0,False,91.0,3833.0,2517.0,3.0,1.0,Hankanman/Area-Occupancy-Detection,3,202411
vortezwohl/Bhakti,2024-10,control,0,0,0,,0,,0,0,0,0,0,0,0,0,0,0,0,0,0,False,4.0,7.0,4.0,2.0,1.0,Hankanman/Area-Occupancy-Detection,3,202411
vortezwohl/Bhakti,2024-11,control,0,0,0,,0,,0,0,0,0,0,0,0,0,0,0,0,0,0,False,0.0,0.0,0.0,0.0,1.0,Hankanman/Area-Occupancy-Detection,3,202411
vortezwohl/Bhakti,2024-12,control,0,0,0,,0,,0,0,0,0,0,0,0,0,0,0,0,0,0,False,0.0,0.0,0.0,0.0,1.0,Hankanman/Area-Occupancy-Detection,3,202411
vortezwohl/Bhakti,2025-01,control,0,0,0,,0,,0,0,0,0,0,0,0,0,0,0,0,0,0,False,0.0,0.0,0.0,0.0,1.0,Hankanman/Area-Occupancy-Detection,3,202411
vortezwohl/Bhakti,2025-02,control,0,0,0,,0,,0,0,0,0,0,0,0,0,0,0,0,0,0,False,0.0,0.0,0.0,0.0,1.0,Hankanman/Area-Occupancy-Detection,3,202411
vortezwohl/Bhakti,2025-03,control,0,0,0,,0,,0,0,0,0,0,0,0,0,0,0,0,0,0,False,0.0,0.0,0.0,0.0,1.0,Hankanman/Area-Occupancy-Detection,3,202411
vortezwohl/Bhakti,2025-04,control,0,0,0,,0,,0,0,0,0,0,0,0,0,0,0,0,0,0,False,11.0,66.0,67.0,2.0,1.0,Hankanman/Area-Occupancy-Detection,3,202411
vortezwohl/Bhakti,2025-05,control,0,0,0,,0,,0,0,0,0,0,0,0,0,0,0,0,0,0,False,0.0,0.0,0.0,0.0,1.0,Hankanman/Area-Occupancy-Detection,3,202411
vortezwohl/Bhakti,2025-06,control,0,0,0,,0,,0,0,0,0,0,0,0,0,0,0,0,0,0,False,0.0,0.0,0.0,0.0,1.0,Hankanman/Area-Occupancy-Detection,3,202411
vortezwohl/Bhakti,2025-07,control,0,0,0,,0,,0,0,0,0,0,0,0,0,0,0,0,0,0,False,0.0,0.0,0.0,0.0,1.0,Hankanman/Area-Occupancy-Detection,3,202411
vortezwohl/Bhakti,2025-08,control,0,0,0,,0,,0,0,0,0,0,0,0,0,0,0,0,0,0,False,0.0,0.0,0.0,0.0,1.0,Hankanman/Area-Occupancy-Detection,3,202411
wasilukm/hoymiles-mqtt,2024-01,control,0,0,0,,0,,0,0,0,0,0,0,0,0,0,0,0,0,0,False,0.0,0.0,0.0,0.0,1.0,nextml-code/pytorch-datastream,1,202412
wasilukm/hoymiles-mqtt,2024-02,control,0,0,0,,0,,0,0,0,0,0,0,0,0,0,0,0,0,0,False,5.0,277.0,82.0,3.0,1.0,nextml-code/pytorch-datastream,1,202412
wasilukm/hoymiles-mqtt,2024-03,control,0,0,0,,0,,0,0,0,0,0,0,0,0,0,0,0,0,0,False,0.0,0.0,0.0,0.0,1.0,nextml-code/pytorch-datastream,1,202412
wasilukm/hoymiles-mqtt,2024-04,control,0,0,0,,0,,0,0,0,0,0,0,0,0,0,0,0,0,0,False,0.0,0.0,0.0,0.0,1.0,nextml-code/pytorch-datastream,1,202412
wasilukm/hoymiles-mqtt,2024-05,control,0,0,0,,0,,0,0,0,0,0,0,0,0,0,0,0,0,0,False,0.0,0.0,0.0,0.0,1.0,nextml-code/pytorch-datastream,1,202412
wasilukm/hoymiles-mqtt,2024-06,control,0,0,0,,0,,0,0,0,0,0,0,0,0,0,0,0,0,0,False,0.0,0.0,0.0,0.0,1.0,nextml-code/pytorch-datastream,1,202412
wasilukm/hoymiles-mqtt,2024-07,control,0,0,0,,0,,0,0,0,0,0,0,0,0,0,0,0,0,0,False,1.0,12.0,12.0,1.0,1.0,nextml-code/pytorch-datastream,1,202412
wasilukm/hoymiles-mqtt,2024-08,control,0,0,0,,0,,0,0,0,0,0,0,0,0,0,0,0,0,0,False,10.0,1561.0,1162.0,3.0,1.0,nextml-code/pytorch-datastream,1,202412
wasilukm/hoymiles-mqtt,2024-09,control,0,0,0,,0,,0,0,0,0,0,0,0,0,0,0,0,0,0,False,4.0,103.0,74.0,2.0,1.0,nextml-code/pytorch-datastream,1,202412
wasilukm/hoymiles-mqtt,2024-10,control,0,0,0,,0,,0,0,0,0,0,0,0,0,0,0,0,0,0,False,0.0,0.0,0.0,0.0,1.0,nextml-code/pytorch-datastream,1,202412
wasilukm/hoymiles-mqtt,2024-11,control,0,0,0,,0,,0,0,0,0,0,0,0,0,0,0,0,0,0,False,0.0,0.0,0.0,0.0,1.0,nextml-code/pytorch-datastream,1,202412
wasilukm/hoymiles-mqtt,2024-12,control,0,0,0,,0,,0,0,0,0,0,0,0,0,0,0,0,0,0,False,4.0,836.0,774.0,2.0,1.0,nextml-code/pytorch-datastream,1,202412
wasilukm/hoymiles-mqtt,2025-01,control,0,0,0,,0,,0,0,0,0,0,0,0,0,0,0,0,0,0,False,3.0,299.0,298.0,2.0,1.0,nextml-code/pytorch-datastream,1,202412
wasilukm/hoymiles-mqtt,2025-02,control,0,0,0,,0,,0,0,0,0,0,0,0,0,0,0,0,0,0,False,0.0,0.0,0.0,0.0,1.0,nextml-code/pytorch-datastream,1,202412
wasilukm/hoymiles-mqtt,2025-03,control,0,0,0,,0,,0,0,0,0,0,0,0,0,0,0,0,0,0,False,0.0,0.0,0.0,0.0,1.0,nextml-code/pytorch-datastream,1,202412
wasilukm/hoymiles-mqtt,2025-04,control,0,0,0,,0,,0,0,0,0,0,0,0,0,0,0,0,0,0,False,0.0,0.0,0.0,0.0,1.0,nextml-code/pytorch-datastream,1,202412
wasilukm/hoymiles-mqtt,2025-05,control,0,0,0,,0,,0,0,0,0,0,0,0,0,0,0,0,0,0,False,0.0,0.0,0.0,0.0,1.0,nextml-code/pytorch-datastream,1,202412
wasilukm/hoymiles-mqtt,2025-06,control,0,0,0,,0,,0,0,0,0,0,0,0,0,0,0,0,0,0,False,0.0,0.0,0.0,0.0,1.0,nextml-code/pytorch-datastream,1,202412
wasilukm/hoymiles-mqtt,2025-07,control,0,0,0,,0,,0,0,0,0,0,0,0,0,0,0,0,0,0,False,0.0,0.0,0.0,0.0,1.0,nextml-code/pytorch-datastream,1,202412
wasilukm/hoymiles-mqtt,2025-08,control,0,0,0,,0,,0,0,0,0,0,0,0,0,0,0,0,0,0,False,0.0,0.0,0.0,0.0,1.0,nextml-code/pytorch-datastream,1,202412
weaviate/t2v-transformers-models,2024-01,control,0,0,0,,0,,0,0,0,0,0,0,0,0,0,0,0,0,0,False,2.0,32.0,18.0,1.0,1.0,TextGeneratorio/text-generator.io,2,202502
weaviate/t2v-transformers-models,2024-02,control,0,0,0,,0,,0,0,0,0,0,0,0,0,0,0,0,0,0,False,0.0,0.0,0.0,0.0,1.0,TextGeneratorio/text-generator.io,2,202502
weaviate/t2v-transformers-models,2024-03,control,0,0,0,,0,,0,0,0,0,0,0,0,0,0,0,0,0,0,False,4.0,38.0,30.0,1.0,1.0,TextGeneratorio/text-generator.io,2,202502
weaviate/t2v-transformers-models,2024-04,control,0,0,0,,0,,0,0,0,0,0,0,0,0,0,0,0,0,0,False,13.0,146.0,52.0,2.0,1.0,TextGeneratorio/text-generator.io,2,202502
weaviate/t2v-transformers-models,2024-05,control,0,0,0,,0,,0,0,0,0,0,0,0,0,0,0,0,0,0,False,0.0,0.0,0.0,0.0,1.0,TextGeneratorio/text-generator.io,2,202502
weaviate/t2v-transformers-models,2024-06,control,0,0,0,,0,,0,0,0,0,0,0,0,0,0,0,0,0,0,False,3.0,72.0,52.0,2.0,1.0,TextGeneratorio/text-generator.io,2,202502
weaviate/t2v-transformers-models,2024-07,control,0,0,0,,0,,0,0,0,0,0,0,0,0,0,0,0,0,0,False,0.0,0.0,0.0,0.0,1.0,TextGeneratorio/text-generator.io,2,202502
weaviate/t2v-transformers-models,2024-08,control,0,0,0,,0,,0,0,0,0,0,0,0,0,0,0,0,0,0,False,7.0,74.0,40.0,2.0,1.0,TextGeneratorio/text-generator.io,2,202502
weaviate/t2v-transformers-models,2024-09,control,0,0,0,,0,,0,0,0,0,0,0,0,0,0,0,0,0,0,False,0.0,0.0,0.0,0.0,1.0,TextGeneratorio/text-generator.io,2,202502
weaviate/t2v-transformers-models,2024-10,control,0,0,0,,0,,0,0,0,0,0,0,0,0,0,0,0,0,0,False,7.0,589.0,277.0,2.0,1.0,TextGeneratorio/text-generator.io,2,202502
weaviate/t2v-transformers-models,2024-11,control,0,0,0,,0,,0,0,0,0,0,0,0,0,0,0,0,0,0,False,5.0,566.0,112.0,1.0,1.0,TextGeneratorio/text-generator.io,2,202502
weaviate/t2v-transformers-models,2024-12,control,0,0,0,,0,,0,0,0,0,0,0,0,0,0,0,0,0,0,False,1.0,6.0,1.0,1.0,1.0,TextGeneratorio/text-generator.io,2,202502
weaviate/t2v-transformers-models,2025-01,control,0,0,0,,0,,0,0,0,0,0,0,0,0,0,0,0,0,0,False,10.0,862.0,310.0,1.0,1.0,TextGeneratorio/text-generator.io,2,202502
weaviate/t2v-transformers-models,2025-02,control,0,0,0,,0,,0,0,0,0,0,0,0,0,0,0,0,0,0,False,9.0,186.0,45.0,2.0,1.0,TextGeneratorio/text-generator.io,2,202502
weaviate/t2v-transformers-models,2025-03,control,0,0,0,,0,,0,0,0,0,0,0,0,0,0,0,0,0,0,False,2.0,52.0,16.0,1.0,1.0,TextGeneratorio/text-generator.io,2,202502
weaviate/t2v-transformers-models,2025-04,control,0,0,0,,0,,0,0,0,0,0,0,0,0,0,0,0,0,0,False,0.0,0.0,0.0,0.0,1.0,TextGeneratorio/text-generator.io,2,202502
weaviate/t2v-transformers-models,2025-05,control,0,0,0,,0,,0,0,0,0,0,0,0,0,0,0,0,0,0,False,0.0,0.0,0.0,0.0,1.0,TextGeneratorio/text-generator.io,2,202502
weaviate/t2v-transformers-models,2025-06,control,0,0,0,,0,,0,0,0,0,0,0,0,0,0,0,0,0,0,False,0.0,0.0,0.0,0.0,1.0,TextGeneratorio/text-generator.io,2,202502
weaviate/t2v-transformers-models,2025-07,control,0,0,0,,0,,0,0,0,0,0,0,0,0,0,0,0,0,0,False,6.0,284.0,42.0,1.0,1.0,TextGeneratorio/text-generator.io,2,202502
weaviate/t2v-transformers-models,2025-08,control,0,0,0,,0,,0,0,0,0,0,0,0,0,0,0,0,0,0,False,2.0,84.0,12.0,1.0,1.0,TextGeneratorio/text-generator.io,2,202502
weizequan/TASHR,2024-01,control,0,0,0,,0,,0,0,0,0,0,0,0,0,0,0,0,0,0,False,0.0,0.0,0.0,0.0,1.0,ericmjl/pyds-cli,1,202410
weizequan/TASHR,2024-02,control,0,0,0,,0,,0,0,0,0,0,0,0,0,0,0,0,0,0,False,0.0,0.0,0.0,0.0,1.0,ericmjl/pyds-cli,1,202410
weizequan/TASHR,2024-03,control,0,0,0,,0,,0,0,0,0,0,0,0,0,0,0,0,0,0,False,1.0,1.0,1.0,1.0,1.0,ericmjl/pyds-cli,1,202410
weizequan/TASHR,2024-04,control,0,0,0,,0,,0,0,0,0,0,0,0,0,0,0,0,0,0,False,0.0,0.0,0.0,0.0,1.0,ericmjl/pyds-cli,1,202410
weizequan/TASHR,2024-05,control,0,0,0,,0,,0,0,0,0,0,0,0,0,0,0,0,0,0,False,0.0,0.0,0.0,0.0,1.0,ericmjl/pyds-cli,1,202410
weizequan/TASHR,2024-06,control,0,0,0,,0,,0,0,0,0,0,0,0,0,0,0,0,0,0,False,0.0,0.0,0.0,0.0,1.0,ericmjl/pyds-cli,1,202410
weizequan/TASHR,2024-07,control,0,0,0,,0,,0,0,0,0,0,0,0,0,0,0,0,0,0,False,0.0,0.0,0.0,0.0,1.0,ericmjl/pyds-cli,1,202410
weizequan/TASHR,2024-08,control,0,0,0,,0,,0,0,0,0,0,0,0,0,0,0,0,0,0,False,0.0,0.0,0.0,0.0,1.0,ericmjl/pyds-cli,1,202410
weizequan/TASHR,2024-09,control,0,0,0,,0,,0,0,0,0,0,0,0,0,0,0,0,0,0,False,0.0,0.0,0.0,0.0,1.0,ericmjl/pyds-cli,1,202410
weizequan/TASHR,2024-10,control,0,0,0,,0,,0,0,0,0,0,0,0,0,0,0,0,0,0,False,0.0,0.0,0.0,0.0,1.0,ericmjl/pyds-cli,1,202410
weizequan/TASHR,2024-11,control,0,0,0,,0,,0,0,0,0,0,0,0,0,0,0,0,0,0,False,0.0,0.0,0.0,0.0,1.0,ericmjl/pyds-cli,1,202410
weizequan/TASHR,2024-12,control,0,0,0,,0,,0,0,0,0,0,0,0,0,0,0,0,0,0,False,0.0,0.0,0.0,0.0,1.0,ericmjl/pyds-cli,1,202410
weizequan/TASHR,2025-01,control,0,0,0,,0,,0,0,0,0,0,0,0,0,0,0,0,0,0,False,0.0,0.0,0.0,0.0,1.0,ericmjl/pyds-cli,1,202410
weizequan/TASHR,2025-02,control,0,0,0,,0,,0,0,0,0,0,0,0,0,0,0,0,0,0,False,0.0,0.0,0.0,0.0,1.0,ericmjl/pyds-cli,1,202410
weizequan/TASHR,2025-03,control,0,0,0,,0,,0,0,0,0,0,0,0,0,0,0,0,0,0,False,0.0,0.0,0.0,0.0,1.0,ericmjl/pyds-cli,1,202410
weizequan/TASHR,2025-04,control,0,0,0,,0,,0,0,0,0,0,0,0,0,0,0,0,0,0,False,0.0,0.0,0.0,0.0,1.0,ericmjl/pyds-cli,1,202410
weizequan/TASHR,2025-05,control,0,0,0,,0,,0,0,0,0,0,0,0,0,0,0,0,0,0,False,0.0,0.0,0.0,0.0,1.0,ericmjl/pyds-cli,1,202410
weizequan/TASHR,2025-06,control,0,0,0,,0,,0,0,0,0,0,0,0,0,0,0,0,0,0,False,0.0,0.0,0.0,0.0,1.0,ericmjl/pyds-cli,1,202410
weizequan/TASHR,2025-07,control,0,0,0,,0,,0,0,0,0,0,0,0,0,0,0,0,0,0,False,0.0,0.0,0.0,0.0,1.0,ericmjl/pyds-cli,1,202410
weizequan/TASHR,2025-08,control,0,0,0,,0,,0,0,0,0,0,0,0,0,0,0,0,0,0,False,0.0,0.0,0.0,0.0,1.0,ericmjl/pyds-cli,1,202410
william-sy/TesyLocal,2024-01,control,0,0,0,,0,,0,0,0,0,0,0,0,0,0,0,0,0,0,False,0.0,0.0,0.0,0.0,1.0,nextml-code/pytorch-datastream,3,202412
william-sy/TesyLocal,2024-02,control,0,0,0,,0,,0,0,0,0,0,0,0,0,0,0,0,0,0,False,0.0,0.0,0.0,0.0,1.0,nextml-code/pytorch-datastream,3,202412
william-sy/TesyLocal,2024-03,control,0,0,0,,0,,0,0,0,0,0,0,0,0,0,0,0,0,0,False,0.0,0.0,0.0,0.0,1.0,nextml-code/pytorch-datastream,3,202412
william-sy/TesyLocal,2024-04,control,0,0,0,,0,,0,0,0,0,0,0,0,0,0,0,0,0,0,False,0.0,0.0,0.0,0.0,1.0,nextml-code/pytorch-datastream,3,202412
william-sy/TesyLocal,2024-05,control,0,0,0,,0,,0,0,0,0,0,0,0,0,0,0,0,0,0,False,0.0,0.0,0.0,0.0,1.0,nextml-code/pytorch-datastream,3,202412
william-sy/TesyLocal,2024-06,control,0,0,0,,0,,0,0,0,0,0,0,0,0,0,0,0,0,0,False,0.0,0.0,0.0,0.0,1.0,nextml-code/pytorch-datastream,3,202412
william-sy/TesyLocal,2024-07,control,0,0,0,,0,,0,0,0,0,0,0,0,0,0,0,0,0,0,False,0.0,0.0,0.0,0.0,1.0,nextml-code/pytorch-datastream,3,202412
william-sy/TesyLocal,2024-08,control,0,0,0,,0,,0,0,0,0,0,0,0,0,0,0,0,0,0,False,0.0,0.0,0.0,0.0,1.0,nextml-code/pytorch-datastream,3,202412
william-sy/TesyLocal,2024-09,control,0,0,0,,0,,0,0,0,0,0,0,0,0,0,0,0,0,0,False,0.0,0.0,0.0,0.0,1.0,nextml-code/pytorch-datastream,3,202412
william-sy/TesyLocal,2024-10,control,0,0,0,,0,,0,0,0,0,0,0,0,0,0,0,0,0,0,False,0.0,0.0,0.0,0.0,1.0,nextml-code/pytorch-datastream,3,202412
william-sy/TesyLocal,2024-11,control,0,0,0,,0,,0,0,0,0,0,0,0,0,0,0,0,0,0,False,0.0,0.0,0.0,0.0,1.0,nextml-code/pytorch-datastream,3,202412
william-sy/TesyLocal,2024-12,control,0,0,0,,0,,0,0,0,0,0,0,0,0,0,0,0,0,0,False,0.0,0.0,0.0,0.0,1.0,nextml-code/pytorch-datastream,3,202412
william-sy/TesyLocal,2025-01,control,0,0,0,,0,,0,0,0,0,0,0,0,0,0,0,0,0,0,False,0.0,0.0,0.0,0.0,1.0,nextml-code/pytorch-datastream,3,202412
william-sy/TesyLocal,2025-02,control,0,0,0,,0,,0,0,0,0,0,0,0,0,0,0,0,0,0,False,0.0,0.0,0.0,0.0,1.0,nextml-code/pytorch-datastream,3,202412
william-sy/TesyLocal,2025-03,control,0,0,0,,0,,0,0,0,0,0,0,0,0,0,0,0,0,0,False,0.0,0.0,0.0,0.0,1.0,nextml-code/pytorch-datastream,3,202412
william-sy/TesyLocal,2025-04,control,0,0,0,,0,,0,0,0,0,0,0,0,0,0,0,0,0,0,False,0.0,0.0,0.0,0.0,1.0,nextml-code/pytorch-datastream,3,202412
william-sy/TesyLocal,2025-05,control,0,0,0,,0,,0,0,0,0,0,0,0,0,0,0,0,0,0,False,0.0,0.0,0.0,0.0,1.0,nextml-code/pytorch-datastream,3,202412
william-sy/TesyLocal,2025-06,control,0,0,0,,0,,0,0,0,0,0,0,0,0,0,0,0,0,0,False,0.0,0.0,0.0,0.0,1.0,nextml-code/pytorch-datastream,3,202412
william-sy/TesyLocal,2025-07,control,0,0,0,,0,,0,0,0,0,0,0,0,0,0,0,0,0,0,False,0.0,0.0,0.0,0.0,1.0,nextml-code/pytorch-datastream,3,202412
william-sy/TesyLocal,2025-08,control,0,0,0,,0,,0,0,0,0,0,0,0,0,0,0,0,0,0,False,0.0,0.0,0.0,0.0,1.0,nextml-code/pytorch-datastream,3,202412
xinsir6/ControlNetPlus,2024-07,control,0,0,0,,0,,0,0,0,0,0,0,0,0,0,0,0,0,0,False,46.0,9441.0,176.0,5.0,1.0,KroMiose/nekro-agent,1,202501
xinsir6/ControlNetPlus,2024-08,control,0,0,0,,0,,0,0,0,0,0,0,0,0,0,0,0,0,0,False,2.0,4060.0,0.0,1.0,1.0,KroMiose/nekro-agent,1,202501
xinsir6/ControlNetPlus,2024-09,control,0,0,0,,0,,0,0,0,0,0,0,0,0,0,0,0,0,0,False,3.0,4304.0,30.0,2.0,1.0,KroMiose/nekro-agent,1,202501
xinsir6/ControlNetPlus,2024-10,control,0,0,0,,0,,0,0,0,0,0,0,0,0,0,0,0,0,0,False,0.0,0.0,0.0,0.0,1.0,KroMiose/nekro-agent,1,202501
xinsir6/ControlNetPlus,2024-11,control,0,0,0,,0,,0,0,0,0,0,0,0,0,0,0,0,0,0,False,0.0,0.0,0.0,0.0,1.0,KroMiose/nekro-agent,1,202501
xinsir6/ControlNetPlus,2024-12,control,0,0,0,,0,,0,0,0,0,0,0,0,0,0,0,0,0,0,False,0.0,0.0,0.0,0.0,1.0,KroMiose/nekro-agent,1,202501
xinsir6/ControlNetPlus,2025-01,control,0,0,0,,0,,0,0,0,0,0,0,0,0,0,0,0,0,0,False,0.0,0.0,0.0,0.0,1.0,KroMiose/nekro-agent,1,202501
xinsir6/ControlNetPlus,2025-02,control,0,0,0,,0,,0,0,0,0,0,0,0,0,0,0,0,0,0,False,0.0,0.0,0.0,0.0,1.0,KroMiose/nekro-agent,1,202501
xinsir6/ControlNetPlus,2025-03,control,0,0,0,,0,,0,0,0,0,0,0,0,0,0,0,0,0,0,False,0.0,0.0,0.0,0.0,1.0,KroMiose/nekro-agent,1,202501
xinsir6/ControlNetPlus,2025-04,control,0,0,0,,0,,0,0,0,0,0,0,0,0,0,0,0,0,0,False,0.0,0.0,0.0,0.0,1.0,KroMiose/nekro-agent,1,202501
xinsir6/ControlNetPlus,2025-05,control,0,0,0,,0,,0,0,0,0,0,0,0,0,0,0,0,0,0,False,0.0,0.0,0.0,0.0,1.0,KroMiose/nekro-agent,1,202501
xinsir6/ControlNetPlus,2025-06,control,0,0,0,,0,,0,0,0,0,0,0,0,0,0,0,0,0,0,False,0.0,0.0,0.0,0.0,1.0,KroMiose/nekro-agent,1,202501
xinsir6/ControlNetPlus,2025-07,control,0,0,0,,0,,0,0,0,0,0,0,0,0,0,0,0,0,0,False,0.0,0.0,0.0,0.0,1.0,KroMiose/nekro-agent,1,202501
xinsir6/ControlNetPlus,2025-08,control,0,0,0,,0,,0,0,0,0,0,0,0,0,0,0,0,0,0,False,0.0,0.0,0.0,0.0,1.0,KroMiose/nekro-agent,1,202501
xnl-h4ck3r/getSubsidiaries,2024-12,control,0,0,0,,0,,0,0,0,0,0,0,0,0,0,0,0,0,0,False,5.0,107.0,2.0,1.0,1.0,smartian1/tgtrader,3,202412
xnl-h4ck3r/getSubsidiaries,2025-01,control,0,0,0,,0,,0,0,0,0,0,0,0,0,0,0,0,0,0,False,0.0,0.0,0.0,0.0,1.0,smartian1/tgtrader,3,202412
xnl-h4ck3r/getSubsidiaries,2025-02,control,0,0,0,,0,,0,0,0,0,0,0,0,0,0,0,0,0,0,False,0.0,0.0,0.0,0.0,1.0,smartian1/tgtrader,3,202412
xnl-h4ck3r/getSubsidiaries,2025-03,control,0,0,0,,0,,0,0,0,0,0,0,0,0,0,0,0,0,0,False,0.0,0.0,0.0,0.0,1.0,smartian1/tgtrader,3,202412
xnl-h4ck3r/getSubsidiaries,2025-04,control,0,0,0,,0,,0,0,0,0,0,0,0,0,0,0,0,0,0,False,0.0,0.0,0.0,0.0,1.0,smartian1/tgtrader,3,202412
xnl-h4ck3r/getSubsidiaries,2025-05,control,0,0,0,,0,,0,0,0,0,0,0,0,0,0,0,0,0,0,False,0.0,0.0,0.0,0.0,1.0,smartian1/tgtrader,3,202412
xnl-h4ck3r/getSubsidiaries,2025-06,control,0,0,0,,0,,0,0,0,0,0,0,0,0,0,0,0,0,0,False,0.0,0.0,0.0,0.0,1.0,smartian1/tgtrader,3,202412
xnl-h4ck3r/getSubsidiaries,2025-07,control,0,0,0,,0,,0,0,0,0,0,0,0,0,0,0,0,0,0,False,0.0,0.0,0.0,0.0,1.0,smartian1/tgtrader,3,202412
xnl-h4ck3r/getSubsidiaries,2025-08,control,0,0,0,,0,,0,0,0,0,0,0,0,0,0,0,0,0,0,False,0.0,0.0,0.0,0.0,1.0,smartian1/tgtrader,3,202412
yihozhang/most-influential-pl-papers,2025-01,control,0,0,0,,0,,0,0,0,0,0,0,0,0,0,0,0,0,0,False,3.0,7557.0,7535.0,1.0,1.0,MDGrey33/pyvisionai; Scrapybara/codecapy; WangQrkkk/ThinkingCursor; daojiAnime/vmq-fastapi; gerred/mcp-server-replicate; sbomify/sbomify,3,202412
yihozhang/most-influential-pl-papers,2025-02,control,0,0,0,,0,,0,0,0,0,0,0,0,0,0,0,0,0,0,False,0.0,0.0,0.0,0.0,1.0,MDGrey33/pyvisionai; Scrapybara/codecapy; WangQrkkk/ThinkingCursor; daojiAnime/vmq-fastapi; gerred/mcp-server-replicate; sbomify/sbomify,3,202412
yihozhang/most-influential-pl-papers,2025-03,control,0,0,0,,0,,0,0,0,0,0,0,0,0,0,0,0,0,0,False,0.0,0.0,0.0,0.0,1.0,MDGrey33/pyvisionai; Scrapybara/codecapy; WangQrkkk/ThinkingCursor; daojiAnime/vmq-fastapi; gerred/mcp-server-replicate; sbomify/sbomify,3,202412
yihozhang/most-influential-pl-papers,2025-04,control,0,0,0,,0,,0,0,0,0,0,0,0,0,0,0,0,0,0,False,0.0,0.0,0.0,0.0,1.0,MDGrey33/pyvisionai; Scrapybara/codecapy; WangQrkkk/ThinkingCursor; daojiAnime/vmq-fastapi; gerred/mcp-server-replicate; sbomify/sbomify,3,202412
yihozhang/most-influential-pl-papers,2025-05,control,0,0,0,,0,,0,0,0,0,0,0,0,0,0,0,0,0,0,False,0.0,0.0,0.0,0.0,1.0,MDGrey33/pyvisionai; Scrapybara/codecapy; WangQrkkk/ThinkingCursor; daojiAnime/vmq-fastapi; gerred/mcp-server-replicate; sbomify/sbomify,3,202412
yihozhang/most-influential-pl-papers,2025-06,control,0,0,0,,0,,0,0,0,0,0,0,0,0,0,0,0,0,0,False,0.0,0.0,0.0,0.0,1.0,MDGrey33/pyvisionai; Scrapybara/codecapy; WangQrkkk/ThinkingCursor; daojiAnime/vmq-fastapi; gerred/mcp-server-replicate; sbomify/sbomify,3,202412
yihozhang/most-influential-pl-papers,2025-07,control,0,0,0,,0,,0,0,0,0,0,0,0,0,0,0,0,0,0,False,0.0,0.0,0.0,0.0,1.0,MDGrey33/pyvisionai; Scrapybara/codecapy; WangQrkkk/ThinkingCursor; daojiAnime/vmq-fastapi; gerred/mcp-server-replicate; sbomify/sbomify,3,202412
yihozhang/most-influential-pl-papers,2025-08,control,0,0,0,,0,,0,0,0,0,0,0,0,0,0,0,0,0,0,False,0.0,0.0,0.0,0.0,1.0,MDGrey33/pyvisionai; Scrapybara/codecapy; WangQrkkk/ThinkingCursor; daojiAnime/vmq-fastapi; gerred/mcp-server-replicate; sbomify/sbomify,3,202412
yoongi43/music_audio_enhancement_conformer,2024-06,control,0,0,0,,0,,0,0,0,0,0,0,0,0,0,0,0,0,0,False,5.0,86.0,67.0,1.0,1.0,Multi-V-VM/MVVM,3,202502
yoongi43/music_audio_enhancement_conformer,2024-07,control,0,0,0,,0,,0,0,0,0,0,0,0,0,0,0,0,0,0,False,0.0,0.0,0.0,0.0,1.0,Multi-V-VM/MVVM,3,202502
yoongi43/music_audio_enhancement_conformer,2024-08,control,0,0,0,,0,,0,0,0,0,0,0,0,0,0,0,0,0,0,False,0.0,0.0,0.0,0.0,1.0,Multi-V-VM/MVVM,3,202502
yoongi43/music_audio_enhancement_conformer,2024-09,control,0,0,0,,0,,0,0,0,0,0,0,0,0,0,0,0,0,0,False,0.0,0.0,0.0,0.0,1.0,Multi-V-VM/MVVM,3,202502
yoongi43/music_audio_enhancement_conformer,2024-10,control,0,0,0,,0,,0,0,0,0,0,0,0,0,0,0,0,0,0,False,0.0,0.0,0.0,0.0,1.0,Multi-V-VM/MVVM,3,202502
yoongi43/music_audio_enhancement_conformer,2024-11,control,0,0,0,,0,,0,0,0,0,0,0,0,0,0,0,0,0,0,False,2.0,16.0,4.0,1.0,1.0,Multi-V-VM/MVVM,3,202502
yoongi43/music_audio_enhancement_conformer,2024-12,control,0,0,0,,0,,0,0,0,0,0,0,0,0,0,0,0,0,0,False,0.0,0.0,0.0,0.0,1.0,Multi-V-VM/MVVM,3,202502
yoongi43/music_audio_enhancement_conformer,2025-01,control,0,0,0,,0,,0,0,0,0,0,0,0,0,0,0,0,0,0,False,1.0,21.0,0.0,1.0,1.0,Multi-V-VM/MVVM,3,202502
yoongi43/music_audio_enhancement_conformer,2025-02,control,0,0,0,,0,,0,0,0,0,0,0,0,0,0,0,0,0,0,False,0.0,0.0,0.0,0.0,1.0,Multi-V-VM/MVVM,3,202502
yoongi43/music_audio_enhancement_conformer,2025-03,control,0,0,0,,0,,0,0,0,0,0,0,0,0,0,0,0,0,0,False,1.0,16.0,4.0,1.0,1.0,Multi-V-VM/MVVM,3,202502
yoongi43/music_audio_enhancement_conformer,2025-04,control,0,0,0,,0,,0,0,0,0,0,0,0,0,0,0,0,0,0,False,0.0,0.0,0.0,0.0,1.0,Multi-V-VM/MVVM,3,202502
yoongi43/music_audio_enhancement_conformer,2025-05,control,0,0,0,,0,,0,0,0,0,0,0,0,0,0,0,0,0,0,False,0.0,0.0,0.0,0.0,1.0,Multi-V-VM/MVVM,3,202502
yoongi43/music_audio_enhancement_conformer,2025-06,control,0,0,0,,0,,0,0,0,0,0,0,0,0,0,0,0,0,0,False,0.0,0.0,0.0,0.0,1.0,Multi-V-VM/MVVM,3,202502
yoongi43/music_audio_enhancement_conformer,2025-07,control,0,0,0,,0,,0,0,0,0,0,0,0,0,0,0,0,0,0,False,0.0,0.0,0.0,0.0,1.0,Multi-V-VM/MVVM,3,202502
yoongi43/music_audio_enhancement_conformer,2025-08,control,0,0,0,,0,,0,0,0,0,0,0,0,0,0,0,0,0,0,False,0.0,0.0,0.0,0.0,1.0,Multi-V-VM/MVVM,3,202502
yousseb/meld,2024-01,control,0,0,0,,0,,0,0,0,0,0,0,0,0,0,0,0,0,0,False,0.0,0.0,0.0,0.0,1.0,terryyin/lizard,3,202412
yousseb/meld,2024-02,control,0,0,0,,0,,0,0,0,0,0,0,0,0,0,0,0,0,0,False,0.0,0.0,0.0,0.0,1.0,terryyin/lizard,3,202412
yousseb/meld,2024-03,control,0,0,0,,0,,0,0,0,0,0,0,0,0,0,0,0,0,0,False,0.0,0.0,0.0,0.0,1.0,terryyin/lizard,3,202412
yousseb/meld,2024-04,control,0,0,0,,0,,0,0,0,0,0,0,0,0,0,0,0,0,0,False,0.0,0.0,0.0,0.0,1.0,terryyin/lizard,3,202412
yousseb/meld,2024-05,control,0,0,0,,0,,0,0,0,0,0,0,0,0,0,0,0,0,0,False,0.0,0.0,0.0,0.0,1.0,terryyin/lizard,3,202412
yousseb/meld,2024-06,control,0,0,0,,0,,0,0,0,0,0,0,0,0,0,0,0,0,0,False,0.0,0.0,0.0,0.0,1.0,terryyin/lizard,3,202412
yousseb/meld,2024-07,control,0,0,0,,0,,0,0,0,0,0,0,0,0,0,0,0,0,0,False,0.0,0.0,0.0,0.0,1.0,terryyin/lizard,3,202412
yousseb/meld,2024-08,control,0,0,0,,0,,0,0,0,0,0,0,0,0,0,0,0,0,0,False,0.0,0.0,0.0,0.0,1.0,terryyin/lizard,3,202412
yousseb/meld,2024-09,control,0,0,0,,0,,0,0,0,0,0,0,0,0,0,0,0,0,0,False,0.0,0.0,0.0,0.0,1.0,terryyin/lizard,3,202412
yousseb/meld,2024-10,control,0,0,0,,0,,0,0,0,0,0,0,0,0,0,0,0,0,0,False,0.0,0.0,0.0,0.0,1.0,terryyin/lizard,3,202412
yousseb/meld,2024-11,control,0,0,0,,0,,0,0,0,0,0,0,0,0,0,0,0,0,0,False,0.0,0.0,0.0,0.0,1.0,terryyin/lizard,3,202412
yousseb/meld,2024-12,control,0,0,0,,0,,0,0,0,0,0,0,0,0,0,0,0,0,0,False,0.0,0.0,0.0,0.0,1.0,terryyin/lizard,3,202412
yousseb/meld,2025-01,control,0,0,0,,0,,0,0,0,0,0,0,0,0,0,0,0,0,0,False,0.0,0.0,0.0,0.0,1.0,terryyin/lizard,3,202412
yousseb/meld,2025-02,control,0,0,0,,0,,0,0,0,0,0,0,0,0,0,0,0,0,0,False,0.0,0.0,0.0,0.0,1.0,terryyin/lizard,3,202412
yousseb/meld,2025-03,control,0,0,0,,0,,0,0,0,0,0,0,0,0,0,0,0,0,0,False,0.0,0.0,0.0,0.0,1.0,terryyin/lizard,3,202412
yousseb/meld,2025-04,control,0,0,0,,0,,0,0,0,0,0,0,0,0,0,0,0,0,0,False,0.0,0.0,0.0,0.0,1.0,terryyin/lizard,3,202412
yousseb/meld,2025-05,control,0,0,0,,0,,0,0,0,0,0,0,0,0,0,0,0,0,0,False,0.0,0.0,0.0,0.0,1.0,terryyin/lizard,3,202412
yousseb/meld,2025-06,control,0,0,0,,0,,0,0,0,0,0,0,0,0,0,0,0,0,0,False,0.0,0.0,0.0,0.0,1.0,terryyin/lizard,3,202412
yousseb/meld,2025-07,control,0,0,0,,0,,0,0,0,0,0,0,0,0,0,0,0,0,0,False,0.0,0.0,0.0,0.0,1.0,terryyin/lizard,3,202412
yousseb/meld,2025-08,control,0,0,0,,0,,0,0,0,0,0,0,0,0,0,0,0,0,0,False,0.0,0.0,0.0,0.0,1.0,terryyin/lizard,3,202412
ysj9909/SHViT,2024-03,control,0,0,0,,0,,0,0,0,0,0,0,0,0,0,0,0,0,0,False,7.0,29.0,4.0,2.0,1.0,W1ndys/Blog,3,202412
ysj9909/SHViT,2024-04,control,0,0,0,,0,,0,0,0,0,0,0,0,0,0,0,0,0,0,False,11.0,6528.0,8.0,2.0,1.0,W1ndys/Blog,3,202412
ysj9909/SHViT,2024-05,control,0,0,0,,0,,0,0,0,0,0,0,0,0,0,0,0,0,0,False,8.0,155.0,16.0,1.0,1.0,W1ndys/Blog,3,202412
ysj9909/SHViT,2024-06,control,0,0,0,,0,,0,0,0,0,0,0,0,0,0,0,0,0,0,False,3.0,4.0,4.0,1.0,1.0,W1ndys/Blog,3,202412
ysj9909/SHViT,2024-07,control,0,0,0,,0,,0,0,0,0,0,0,0,0,0,0,0,0,0,False,0.0,0.0,0.0,0.0,1.0,W1ndys/Blog,3,202412
ysj9909/SHViT,2024-08,control,0,0,0,,0,,0,0,0,0,0,0,0,0,0,0,0,0,0,False,0.0,0.0,0.0,0.0,1.0,W1ndys/Blog,3,202412
ysj9909/SHViT,2024-09,control,0,0,0,,0,,0,0,0,0,0,0,0,0,0,0,0,0,0,False,0.0,0.0,0.0,0.0,1.0,W1ndys/Blog,3,202412
ysj9909/SHViT,2024-10,control,0,0,0,,0,,0,0,0,0,0,0,0,0,0,0,0,0,0,False,0.0,0.0,0.0,0.0,1.0,W1ndys/Blog,3,202412
ysj9909/SHViT,2024-11,control,0,0,0,,0,,0,0,0,0,0,0,0,0,0,0,0,0,0,False,0.0,0.0,0.0,0.0,1.0,W1ndys/Blog,3,202412
ysj9909/SHViT,2024-12,control,0,0,0,,0,,0,0,0,0,0,0,0,0,0,0,0,0,0,False,0.0,0.0,0.0,0.0,1.0,W1ndys/Blog,3,202412
ysj9909/SHViT,2025-01,control,0,0,0,,0,,0,0,0,0,0,0,0,0,0,0,0,0,0,False,0.0,0.0,0.0,0.0,1.0,W1ndys/Blog,3,202412
ysj9909/SHViT,2025-02,control,0,0,0,,0,,0,0,0,0,0,0,0,0,0,0,0,0,0,False,0.0,0.0,0.0,0.0,1.0,W1ndys/Blog,3,202412
ysj9909/SHViT,2025-03,control,0,0,0,,0,,0,0,0,0,0,0,0,0,0,0,0,0,0,False,0.0,0.0,0.0,0.0,1.0,W1ndys/Blog,3,202412
ysj9909/SHViT,2025-04,control,0,0,0,,0,,0,0,0,0,0,0,0,0,0,0,0,0,0,False,0.0,0.0,0.0,0.0,1.0,W1ndys/Blog,3,202412
ysj9909/SHViT,2025-05,control,0,0,0,,0,,0,0,0,0,0,0,0,0,0,0,0,0,0,False,0.0,0.0,0.0,0.0,1.0,W1ndys/Blog,3,202412
ysj9909/SHViT,2025-06,control,0,0,0,,0,,0,0,0,0,0,0,0,0,0,0,0,0,0,False,0.0,0.0,0.0,0.0,1.0,W1ndys/Blog,3,202412
ysj9909/SHViT,2025-07,control,0,0,0,,0,,0,0,0,0,0,0,0,0,0,0,0,0,0,False,0.0,0.0,0.0,0.0,1.0,W1ndys/Blog,3,202412
ysj9909/SHViT,2025-08,control,0,0,0,,0,,0,0,0,0,0,0,0,0,0,0,0,0,0,False,0.0,0.0,0.0,0.0,1.0,W1ndys/Blog,3,202412
zeyangsha/De-Fake,2024-01,control,0,0,0,,0,,0,0,0,0,0,0,0,0,0,0,0,0,0,False,0.0,0.0,0.0,0.0,1.0,vietanhdev/anylabeling,3,202502
zeyangsha/De-Fake,2024-02,control,0,0,0,,0,,0,0,0,0,0,0,0,0,0,0,0,0,0,False,2.0,3727.0,2.0,1.0,1.0,vietanhdev/anylabeling,3,202502
zeyangsha/De-Fake,2024-03,control,0,0,0,,0,,0,0,0,0,0,0,0,0,0,0,0,0,0,False,0.0,0.0,0.0,0.0,1.0,vietanhdev/anylabeling,3,202502
zeyangsha/De-Fake,2024-04,control,0,0,0,,0,,0,0,0,0,0,0,0,0,0,0,0,0,0,False,0.0,0.0,0.0,0.0,1.0,vietanhdev/anylabeling,3,202502
zeyangsha/De-Fake,2024-05,control,0,0,0,,0,,0,0,0,0,0,0,0,0,0,0,0,0,0,False,14.0,3834.0,134.0,1.0,1.0,vietanhdev/anylabeling,3,202502
zeyangsha/De-Fake,2024-06,control,0,0,0,,0,,0,0,0,0,0,0,0,0,0,0,0,0,0,False,0.0,0.0,0.0,0.0,1.0,vietanhdev/anylabeling,3,202502
zeyangsha/De-Fake,2024-07,control,0,0,0,,0,,0,0,0,0,0,0,0,0,0,0,0,0,0,False,0.0,0.0,0.0,0.0,1.0,vietanhdev/anylabeling,3,202502
zeyangsha/De-Fake,2024-08,control,0,0,0,,0,,0,0,0,0,0,0,0,0,0,0,0,0,0,False,0.0,0.0,0.0,0.0,1.0,vietanhdev/anylabeling,3,202502
zeyangsha/De-Fake,2024-09,control,0,0,0,,0,,0,0,0,0,0,0,0,0,0,0,0,0,0,False,0.0,0.0,0.0,0.0,1.0,vietanhdev/anylabeling,3,202502
zeyangsha/De-Fake,2024-10,control,0,0,0,,0,,0,0,0,0,0,0,0,0,0,0,0,0,0,False,0.0,0.0,0.0,0.0,1.0,vietanhdev/anylabeling,3,202502
zeyangsha/De-Fake,2024-11,control,0,0,0,,0,,0,0,0,0,0,0,0,0,0,0,0,0,0,False,0.0,0.0,0.0,0.0,1.0,vietanhdev/anylabeling,3,202502
zeyangsha/De-Fake,2024-12,control,0,0,0,,0,,0,0,0,0,0,0,0,0,0,0,0,0,0,False,0.0,0.0,0.0,0.0,1.0,vietanhdev/anylabeling,3,202502
zeyangsha/De-Fake,2025-01,control,0,0,0,,0,,0,0,0,0,0,0,0,0,0,0,0,0,0,False,0.0,0.0,0.0,0.0,1.0,vietanhdev/anylabeling,3,202502
zeyangsha/De-Fake,2025-02,control,0,0,0,,0,,0,0,0,0,0,0,0,0,0,0,0,0,0,False,0.0,0.0,0.0,0.0,1.0,vietanhdev/anylabeling,3,202502
zeyangsha/De-Fake,2025-03,control,0,0,0,,0,,0,0,0,0,0,0,0,0,0,0,0,0,0,False,0.0,0.0,0.0,0.0,1.0,vietanhdev/anylabeling,3,202502
zeyangsha/De-Fake,2025-04,control,0,0,0,,0,,0,0,0,0,0,0,0,0,0,0,0,0,0,False,0.0,0.0,0.0,0.0,1.0,vietanhdev/anylabeling,3,202502
zeyangsha/De-Fake,2025-05,control,0,0,0,,0,,0,0,0,0,0,0,0,0,0,0,0,0,0,False,0.0,0.0,0.0,0.0,1.0,vietanhdev/anylabeling,3,202502
zeyangsha/De-Fake,2025-06,control,0,0,0,,0,,0,0,0,0,0,0,0,0,0,0,0,0,0,False,2.0,11.0,0.0,1.0,1.0,vietanhdev/anylabeling,3,202502
zeyangsha/De-Fake,2025-07,control,0,0,0,,0,,0,0,0,0,0,0,0,0,0,0,0,0,0,False,0.0,0.0,0.0,0.0,1.0,vietanhdev/anylabeling,3,202502
zeyangsha/De-Fake,2025-08,control,0,0,0,,0,,0,0,0,0,0,0,0,0,0,0,0,0,0,False,0.0,0.0,0.0,0.0,1.0,vietanhdev/anylabeling,3,202502
zhang-xr/FirmLLM,2025-02,control,0,0,0,,0,,0,0,0,0,0,0,0,0,0,0,0,0,0,False,25.0,235931.0,114014.0,1.0,1.0,smorin/py-launch-blueprint,2,202502
zhang-xr/FirmLLM,2025-03,control,0,0,0,,0,,0,0,0,0,0,0,0,0,0,0,0,0,0,False,60.0,130475.0,2062.0,4.0,1.0,smorin/py-launch-blueprint,2,202502
zhang-xr/FirmLLM,2025-04,control,0,0,0,,0,,0,0,0,0,0,0,0,0,0,0,0,0,0,False,4.0,107.0,190.0,2.0,1.0,smorin/py-launch-blueprint,2,202502
zhang-xr/FirmLLM,2025-05,control,0,0,0,,0,,0,0,0,0,0,0,0,0,0,0,0,0,0,False,0.0,0.0,0.0,0.0,1.0,smorin/py-launch-blueprint,2,202502
zhang-xr/FirmLLM,2025-06,control,0,0,0,,0,,0,0,0,0,0,0,0,0,0,0,0,0,0,False,0.0,0.0,0.0,0.0,1.0,smorin/py-launch-blueprint,2,202502
zhang-xr/FirmLLM,2025-07,control,0,0,0,,0,,0,0,0,0,0,0,0,0,0,0,0,0,0,False,0.0,0.0,0.0,0.0,1.0,smorin/py-launch-blueprint,2,202502
zhang-xr/FirmLLM,2025-08,control,0,0,0,,0,,0,0,0,0,0,0,0,0,0,0,0,0,0,False,0.0,0.0,0.0,0.0,1.0,smorin/py-launch-blueprint,2,202502
zhipeixu/FakeShield,2024-10,control,0,0,0,,0,,0,0,0,0,0,0,0,0,0,0,0,0,0,False,11.0,29.0,7.0,2.0,1.0,leettools-dev/leettools,2,202502
zhipeixu/FakeShield,2024-11,control,0,0,0,,0,,0,0,0,0,0,0,0,0,0,0,0,0,0,False,0.0,0.0,0.0,0.0,1.0,leettools-dev/leettools,2,202502
zhipeixu/FakeShield,2024-12,control,0,0,0,,0,,0,0,0,0,0,0,0,0,0,0,0,0,0,False,0.0,0.0,0.0,0.0,1.0,leettools-dev/leettools,2,202502
zhipeixu/FakeShield,2025-01,control,0,0,0,,0,,0,0,0,0,0,0,0,0,0,0,0,0,0,False,0.0,0.0,0.0,0.0,1.0,leettools-dev/leettools,2,202502
zhipeixu/FakeShield,2025-02,control,0,0,0,,0,,0,0,0,0,0,0,0,0,0,0,0,0,0,False,18.0,105457.0,717.0,2.0,1.0,leettools-dev/leettools,2,202502
zhipeixu/FakeShield,2025-03,control,0,0,0,,0,,0,0,0,0,0,0,0,0,0,0,0,0,0,False,1.0,50.0,9.0,1.0,1.0,leettools-dev/leettools,2,202502
zhipeixu/FakeShield,2025-04,control,0,0,0,,0,,0,0,0,0,0,0,0,0,0,0,0,0,0,False,1.0,5.0,3.0,1.0,1.0,leettools-dev/leettools,2,202502
zhipeixu/FakeShield,2025-05,control,0,0,0,,0,,0,0,0,0,0,0,0,0,0,0,0,0,0,False,3.0,8.0,10.0,1.0,1.0,leettools-dev/leettools,2,202502
zhipeixu/FakeShield,2025-06,control,0,0,0,,0,,0,0,0,0,0,0,0,0,0,0,0,0,0,False,1.0,4.0,4.0,1.0,1.0,leettools-dev/leettools,2,202502
zhipeixu/FakeShield,2025-07,control,0,0,0,,0,,0,0,0,0,0,0,0,0,0,0,0,0,0,False,0.0,0.0,0.0,0.0,1.0,leettools-dev/leettools,2,202502
zhipeixu/FakeShield,2025-08,control,0,0,0,,0,,0,0,0,0,0,0,0,0,0,0,0,0,0,False,0.0,0.0,0.0,0.0,1.0,leettools-dev/leettools,2,202502
zhou19830318/xiaozhi_micropython,2025-02,control,0,0,0,,0,,0,0,0,0,0,0,0,0,0,0,0,0,0,False,20.0,922.0,51.0,1.0,1.0,smorin/py-launch-blueprint,1,202502
zhou19830318/xiaozhi_micropython,2025-03,control,0,0,0,,0,,0,0,0,0,0,0,0,0,0,0,0,0,0,False,97.0,6623.0,3195.0,2.0,1.0,smorin/py-launch-blueprint,1,202502
zhou19830318/xiaozhi_micropython,2025-04,control,0,0,0,,0,,0,0,0,0,0,0,0,0,0,0,0,0,0,False,1.0,224.0,0.0,1.0,1.0,smorin/py-launch-blueprint,1,202502
zhou19830318/xiaozhi_micropython,2025-05,control,0,0,0,,0,,0,0,0,0,0,0,0,0,0,0,0,0,0,False,0.0,0.0,0.0,0.0,1.0,smorin/py-launch-blueprint,1,202502
zhou19830318/xiaozhi_micropython,2025-06,control,0,0,0,,0,,0,0,0,0,0,0,0,0,0,0,0,0,0,False,0.0,0.0,0.0,0.0,1.0,smorin/py-launch-blueprint,1,202502
zhou19830318/xiaozhi_micropython,2025-07,control,0,0,0,,0,,0,0,0,0,0,0,0,0,0,0,0,0,0,False,0.0,0.0,0.0,0.0,1.0,smorin/py-launch-blueprint,1,202502
zhou19830318/xiaozhi_micropython,2025-08,control,0,0,0,,0,,0,0,0,0,0,0,0,0,0,0,0,0,0,False,0.0,0.0,0.0,0.0,1.0,smorin/py-launch-blueprint,1,202502
zju3dv/ready_to_react,2025-02,control,0,0,0,,0,,0,0,0,0,0,0,0,0,0,0,0,0,0,False,3.0,19131.0,30.0,2.0,1.0,smorin/py-launch-blueprint,3,202502
zju3dv/ready_to_react,2025-03,control,0,0,0,,0,,0,0,0,0,0,0,0,0,0,0,0,0,0,False,1.0,20.0,0.0,1.0,1.0,smorin/py-launch-blueprint,3,202502
zju3dv/ready_to_react,2025-04,control,0,0,0,,0,,0,0,0,0,0,0,0,0,0,0,0,0,0,False,0.0,0.0,0.0,0.0,1.0,smorin/py-launch-blueprint,3,202502
zju3dv/ready_to_react,2025-05,control,0,0,0,,0,,0,0,0,0,0,0,0,0,0,0,0,0,0,False,0.0,0.0,0.0,0.0,1.0,smorin/py-launch-blueprint,3,202502
zju3dv/ready_to_react,2025-06,control,0,0,0,,0,,0,0,0,0,0,0,0,0,0,0,0,0,0,False,0.0,0.0,0.0,0.0,1.0,smorin/py-launch-blueprint,3,202502
zju3dv/ready_to_react,2025-07,control,0,0,0,,0,,0,0,0,0,0,0,0,0,0,0,0,0,0,False,0.0,0.0,0.0,0.0,1.0,smorin/py-launch-blueprint,3,202502
zju3dv/ready_to_react,2025-08,control,0,0,0,,0,,0,0,0,0,0,0,0,0,0,0,0,0,0,False,0.0,0.0,0.0,0.0,1.0,smorin/py-launch-blueprint,3,202502
