source_group,repo_name,time,metric,row_overlap_status,commit_match_status,commit_equal_or_prefix,paper_latest_commit,our_latest_commit,paper_value,our_value,diff,abs_diff,ncloc_scope_status,cause_category
control,FMInference/FlexiGen,2024-01,static_analysis_warnings,both,paper_commit_missing,False,,d34f7b4b43ed87a374f394b0535ed685af66197b,0.0,10016.0,10016.0,10016.0,unknown,paper_commit_missing
control,FMInference/FlexiGen,2024-02,static_analysis_warnings,both,paper_commit_missing,False,,d34f7b4b43ed87a374f394b0535ed685af66197b,0.0,10016.0,10016.0,10016.0,unknown,paper_commit_missing
control,FMInference/FlexiGen,2024-03,static_analysis_warnings,both,paper_commit_missing,False,,d34f7b4b43ed87a374f394b0535ed685af66197b,0.0,10016.0,10016.0,10016.0,unknown,paper_commit_missing
treatment,zauberzeug/nicegui,2025-02,code_smells,both,exact_match,True,b71074ef73498f532234a837ea04a08ffbf4e804,b71074ef73498f532234a837ea04a08ffbf4e804,33269.0,41102.0,7833.0,7833.0,ncloc_close,source_scope_difference_or_mixed
treatment,zauberzeug/nicegui,2025-01,code_smells,both,exact_match,True,7a540bf3dded6f1e58d32bf21a97d9a5c013afc1,7a540bf3dded6f1e58d32bf21a97d9a5c013afc1,33269.0,41099.0,7830.0,7830.0,ncloc_close,source_scope_difference_or_mixed
treatment,zauberzeug/nicegui,2025-03,code_smells,both,exact_match,True,745167c81c219beda5ebaf850dfb7a3e772f96ac,745167c81c219beda5ebaf850dfb7a3e772f96ac,33270.0,41099.0,7829.0,7829.0,ncloc_close,source_scope_difference_or_mixed
treatment,zauberzeug/nicegui,2024-12,code_smells,both,exact_match,True,343dc0da8de0cf2f645cf8b5d76f5b439cb817f3,343dc0da8de0cf2f645cf8b5d76f5b439cb817f3,33267.0,41092.0,7825.0,7825.0,ncloc_close,source_scope_difference_or_mixed
treatment,zauberzeug/nicegui,2024-11,code_smells,both,exact_match,True,25a633450d1223dcc8f1ad59d260d2e844b5519d,25a633450d1223dcc8f1ad59d260d2e844b5519d,33267.0,41078.0,7811.0,7811.0,ncloc_close,source_scope_difference_or_mixed
treatment,zauberzeug/nicegui,2025-02,static_analysis_warnings,both,exact_match,True,b71074ef73498f532234a837ea04a08ffbf4e804,b71074ef73498f532234a837ea04a08ffbf4e804,37735.0,43384.0,5649.0,5649.0,ncloc_close,source_scope_difference_or_mixed
treatment,zauberzeug/nicegui,2025-01,static_analysis_warnings,both,exact_match,True,7a540bf3dded6f1e58d32bf21a97d9a5c013afc1,7a540bf3dded6f1e58d32bf21a97d9a5c013afc1,37735.0,43381.0,5646.0,5646.0,ncloc_close,source_scope_difference_or_mixed
treatment,zauberzeug/nicegui,2025-03,static_analysis_warnings,both,exact_match,True,745167c81c219beda5ebaf850dfb7a3e772f96ac,745167c81c219beda5ebaf850dfb7a3e772f96ac,37736.0,43381.0,5645.0,5645.0,ncloc_close,source_scope_difference_or_mixed
treatment,zauberzeug/nicegui,2024-12,static_analysis_warnings,both,exact_match,True,343dc0da8de0cf2f645cf8b5d76f5b439cb817f3,343dc0da8de0cf2f645cf8b5d76f5b439cb817f3,37733.0,43374.0,5641.0,5641.0,ncloc_close,source_scope_difference_or_mixed
treatment,zauberzeug/nicegui,2024-11,static_analysis_warnings,both,exact_match,True,25a633450d1223dcc8f1ad59d260d2e844b5519d,25a633450d1223dcc8f1ad59d260d2e844b5519d,37733.0,43358.0,5625.0,5625.0,ncloc_close,source_scope_difference_or_mixed
treatment,zauberzeug/nicegui,2025-05,code_smells,both,exact_match,True,947772d66c6d108a7d12fe65b8b76f6110f7d20e,947772d66c6d108a7d12fe65b8b76f6110f7d20e,20715.0,24824.0,4109.0,4109.0,ncloc_close,source_scope_difference_or_mixed
treatment,zauberzeug/nicegui,2025-07,code_smells,both,exact_match,True,30a70325d55e110b87a6279664e6b7987ceb2067,30a70325d55e110b87a6279664e6b7987ceb2067,20733.0,24840.0,4107.0,4107.0,ncloc_close,source_scope_difference_or_mixed
treatment,zauberzeug/nicegui,2025-08,code_smells,both,exact_match,True,47a9542199eda065b82bfefe2f159323621d3d38,47a9542199eda065b82bfefe2f159323621d3d38,20735.0,24842.0,4107.0,4107.0,ncloc_close,source_scope_difference_or_mixed
treatment,zauberzeug/nicegui,2025-06,code_smells,both,exact_match,True,b3ea0df4e3b73a6e9e8f8fa57b8c052deb8f3694,b3ea0df4e3b73a6e9e8f8fa57b8c052deb8f3694,20717.0,24823.0,4106.0,4106.0,ncloc_close,source_scope_difference_or_mixed
treatment,zauberzeug/nicegui,2024-07,code_smells,both,exact_match,True,b0bc2078fb1e70607879d82ce96e3a488bc41f69,b0bc2078fb1e70607879d82ce96e3a488bc41f69,19352.0,22721.0,3369.0,3369.0,ncloc_close,source_scope_difference_or_mixed
treatment,zauberzeug/nicegui,2024-06,code_smells,both,exact_match,True,462af82d7027979fe68e7245b772c2c6cdbe7d94,462af82d7027979fe68e7245b772c2c6cdbe7d94,19352.0,22718.0,3366.0,3366.0,ncloc_close,source_scope_difference_or_mixed
treatment,zauberzeug/nicegui,2024-05,code_smells,both,exact_match,True,92a0cf0fdaee28ffba8329483e55f2a5d5c529fe,92a0cf0fdaee28ffba8329483e55f2a5d5c529fe,19350.0,22711.0,3361.0,3361.0,ncloc_close,source_scope_difference_or_mixed
treatment,zauberzeug/nicegui,2024-04,code_smells,both,exact_match,True,1bce2bad367d5baf842badb51a0d78c8543a49ef,1bce2bad367d5baf842badb51a0d78c8543a49ef,19343.0,22702.0,3359.0,3359.0,ncloc_close,source_scope_difference_or_mixed
treatment,zauberzeug/nicegui,2024-03,code_smells,both,exact_match,True,fff7b27eea91bf2b3d3f3080f0919c3ac62978b8,fff7b27eea91bf2b3d3f3080f0919c3ac62978b8,19341.0,22694.0,3353.0,3353.0,ncloc_close,source_scope_difference_or_mixed
treatment,zauberzeug/nicegui,2024-02,code_smells,both,mismatch,False,38fcfe13fd8e5b297a8cb12aa357f94ad3d84eda,4a0c1c874fc3b56c4f2dc400a4367a71df5a66fe,19325.0,22645.0,3320.0,3320.0,unknown,commit_selection_difference
treatment,zauberzeug/nicegui,2024-01,code_smells,both,exact_match,True,f4c57a962f8cc96085eb41860c1346da77228824,f4c57a962f8cc96085eb41860c1346da77228824,19235.0,22469.0,3234.0,3234.0,ncloc_close,source_scope_difference_or_mixed
control,Retmon403/cs2_cheats_for_python,2024-01,static_analysis_warnings,both,paper_commit_missing,False,,5faa2e69fc99b9728245067896f5d52fe7b5f1d7,0.0,3140.0,3140.0,3140.0,unknown,paper_commit_missing
treatment,PostHog/posthog,2025-04,static_analysis_warnings,both,exact_match,True,08f147eb9879e899fb7939f4b9413c86164ba7f9,08f147eb9879e899fb7939f4b9413c86164ba7f9,11374.0,13652.0,2278.0,2278.0,ncloc_different,source_scope_difference_or_mixed
treatment,getsentry/sentry,2025-02,code_smells,both,exact_match,True,c4502d06cff34abeb8f58810743fb907ee914348,c4502d06cff34abeb8f58810743fb907ee914348,15845.0,18091.0,2246.0,2246.0,ncloc_close,source_scope_difference_or_mixed
treatment,terryyin/lizard,2024-01,static_analysis_warnings,both,paper_commit_missing,False,,3f4c17fdfd625d7c6860379a77af56813e901026,0.0,2220.0,2220.0,2220.0,unknown,paper_commit_missing
treatment,terryyin/lizard,2024-02,static_analysis_warnings,both,paper_commit_missing,False,,3f4c17fdfd625d7c6860379a77af56813e901026,0.0,2220.0,2220.0,2220.0,unknown,paper_commit_missing
treatment,terryyin/lizard,2024-03,static_analysis_warnings,both,paper_commit_missing,False,,3f4c17fdfd625d7c6860379a77af56813e901026,0.0,2220.0,2220.0,2220.0,unknown,paper_commit_missing
treatment,PostHog/posthog,2025-04,code_smells,both,exact_match,True,08f147eb9879e899fb7939f4b9413c86164ba7f9,08f147eb9879e899fb7939f4b9413c86164ba7f9,11012.0,13226.0,2214.0,2214.0,ncloc_different,source_scope_difference_or_mixed
treatment,zauberzeug/nicegui,2025-05,static_analysis_warnings,both,exact_match,True,947772d66c6d108a7d12fe65b8b76f6110f7d20e,947772d66c6d108a7d12fe65b8b76f6110f7d20e,23403.0,25429.0,2026.0,2026.0,ncloc_close,source_scope_difference_or_mixed
treatment,zauberzeug/nicegui,2025-07,static_analysis_warnings,both,exact_match,True,30a70325d55e110b87a6279664e6b7987ceb2067,30a70325d55e110b87a6279664e6b7987ceb2067,23421.0,25445.0,2024.0,2024.0,ncloc_close,source_scope_difference_or_mixed
treatment,zauberzeug/nicegui,2025-06,static_analysis_warnings,both,exact_match,True,b3ea0df4e3b73a6e9e8f8fa57b8c052deb8f3694,b3ea0df4e3b73a6e9e8f8fa57b8c052deb8f3694,23405.0,25428.0,2023.0,2023.0,ncloc_close,source_scope_difference_or_mixed
treatment,zauberzeug/nicegui,2025-08,static_analysis_warnings,both,exact_match,True,47a9542199eda065b82bfefe2f159323621d3d38,47a9542199eda065b82bfefe2f159323621d3d38,23423.0,25446.0,2023.0,2023.0,ncloc_close,source_scope_difference_or_mixed
treatment,PostHog/posthog,2025-05,static_analysis_warnings,both,exact_match,True,fa2cab6b204f2efeabb5c5bbc1d35ff23c91ec8b,fa2cab6b204f2efeabb5c5bbc1d35ff23c91ec8b,12392.0,14272.0,1880.0,1880.0,ncloc_different,source_scope_difference_or_mixed
treatment,PostHog/posthog,2025-05,code_smells,both,exact_match,True,fa2cab6b204f2efeabb5c5bbc1d35ff23c91ec8b,fa2cab6b204f2efeabb5c5bbc1d35ff23c91ec8b,11978.0,13825.0,1847.0,1847.0,ncloc_different,source_scope_difference_or_mixed
treatment,getsentry/sentry,2025-02,static_analysis_warnings,both,exact_match,True,c4502d06cff34abeb8f58810743fb907ee914348,c4502d06cff34abeb8f58810743fb907ee914348,16665.0,18500.0,1835.0,1835.0,ncloc_close,source_scope_difference_or_mixed
treatment,PostHog/posthog,2025-03,static_analysis_warnings,both,exact_match,True,ecdaddcfaf15967165806e2cd4f9bc0cfb40f0e1,ecdaddcfaf15967165806e2cd4f9bc0cfb40f0e1,11359.0,13094.0,1735.0,1735.0,ncloc_different,source_scope_difference_or_mixed
treatment,PostHog/posthog,2025-03,code_smells,both,exact_match,True,ecdaddcfaf15967165806e2cd4f9bc0cfb40f0e1,ecdaddcfaf15967165806e2cd4f9bc0cfb40f0e1,10997.0,12690.0,1693.0,1693.0,ncloc_different,source_scope_difference_or_mixed
treatment,PostHog/posthog,2025-02,static_analysis_warnings,both,exact_match,True,e6cdfed56138f74a1e8bcac05f60036d96ab9a6a,e6cdfed56138f74a1e8bcac05f60036d96ab9a6a,10999.0,12689.0,1690.0,1690.0,ncloc_different,source_scope_difference_or_mixed
treatment,PostHog/posthog,2025-02,code_smells,both,exact_match,True,e6cdfed56138f74a1e8bcac05f60036d96ab9a6a,e6cdfed56138f74a1e8bcac05f60036d96ab9a6a,10641.0,12286.0,1645.0,1645.0,ncloc_different,source_scope_difference_or_mixed
treatment,zauberzeug/nicegui,2024-07,static_analysis_warnings,both,exact_match,True,b0bc2078fb1e70607879d82ce96e3a488bc41f69,b0bc2078fb1e70607879d82ce96e3a488bc41f69,21558.0,23199.0,1641.0,1641.0,ncloc_close,source_scope_difference_or_mixed
treatment,zauberzeug/nicegui,2024-06,static_analysis_warnings,both,exact_match,True,462af82d7027979fe68e7245b772c2c6cdbe7d94,462af82d7027979fe68e7245b772c2c6cdbe7d94,21558.0,23196.0,1638.0,1638.0,ncloc_close,source_scope_difference_or_mixed
treatment,PostHog/posthog,2025-08,code_smells,both,exact_match,True,79cf381322842888a721905c09490e85f98a5a2a,79cf381322842888a721905c09490e85f98a5a2a,13795.0,15432.0,1637.0,1637.0,ncloc_different,source_scope_difference_or_mixed
treatment,zauberzeug/nicegui,2024-05,static_analysis_warnings,both,exact_match,True,92a0cf0fdaee28ffba8329483e55f2a5d5c529fe,92a0cf0fdaee28ffba8329483e55f2a5d5c529fe,21555.0,23188.0,1633.0,1633.0,ncloc_close,source_scope_difference_or_mixed
treatment,zauberzeug/nicegui,2024-04,static_analysis_warnings,both,exact_match,True,1bce2bad367d5baf842badb51a0d78c8543a49ef,1bce2bad367d5baf842badb51a0d78c8543a49ef,21548.0,23178.0,1630.0,1630.0,ncloc_close,source_scope_difference_or_mixed
treatment,zauberzeug/nicegui,2024-03,static_analysis_warnings,both,exact_match,True,fff7b27eea91bf2b3d3f3080f0919c3ac62978b8,fff7b27eea91bf2b3d3f3080f0919c3ac62978b8,21545.0,23169.0,1624.0,1624.0,ncloc_close,source_scope_difference_or_mixed
treatment,PostHog/posthog,2025-08,static_analysis_warnings,both,exact_match,True,79cf381322842888a721905c09490e85f98a5a2a,79cf381322842888a721905c09490e85f98a5a2a,14291.0,15909.0,1618.0,1618.0,ncloc_different,source_scope_difference_or_mixed
treatment,getsentry/sentry,2024-01,code_smells,both,exact_match,True,8073feb6eac31a856f6a389a1c289430b35e3589,8073feb6eac31a856f6a389a1c289430b35e3589,12963.0,14562.0,1599.0,1599.0,ncloc_close,source_scope_difference_or_mixed
treatment,zauberzeug/nicegui,2024-02,static_analysis_warnings,both,mismatch,False,38fcfe13fd8e5b297a8cb12aa357f94ad3d84eda,4a0c1c874fc3b56c4f2dc400a4367a71df5a66fe,21529.0,23120.0,1591.0,1591.0,unknown,commit_selection_difference
treatment,PostHog/posthog,2025-01,static_analysis_warnings,both,exact_match,True,1253d960c415d65583dac034353702ad74016da1,1253d960c415d65583dac034353702ad74016da1,10069.0,11651.0,1582.0,1582.0,ncloc_different,source_scope_difference_or_mixed
treatment,PostHog/posthog,2025-07,static_analysis_warnings,both,mismatch,False,0208352822068d8747214c905d729dff4ebe49f1,8e13bf3cbfe9684eb907f7ddf706aa9fae2099e0,13496.0,15066.0,1570.0,1570.0,unknown,commit_selection_difference
treatment,PostHog/posthog,2025-07,code_smells,both,mismatch,False,0208352822068d8747214c905d729dff4ebe49f1,8e13bf3cbfe9684eb907f7ddf706aa9fae2099e0,13058.0,14625.0,1567.0,1567.0,unknown,commit_selection_difference
treatment,getsentry/sentry,2025-06,code_smells,both,exact_match,True,4f2be477198bf2814c6d6cd4b80ba19cbe386908,4f2be477198bf2814c6d6cd4b80ba19cbe386908,17537.0,19091.0,1554.0,1554.0,ncloc_close,source_scope_difference_or_mixed
treatment,getsentry/sentry,2025-01,code_smells,both,exact_match,True,d210118fce94310ef5858d51efe16ee26c995a48,d210118fce94310ef5858d51efe16ee26c995a48,15211.0,16757.0,1546.0,1546.0,ncloc_close,source_scope_difference_or_mixed
treatment,PostHog/posthog,2025-01,code_smells,both,exact_match,True,1253d960c415d65583dac034353702ad74016da1,1253d960c415d65583dac034353702ad74016da1,9746.0,11278.0,1532.0,1532.0,ncloc_different,source_scope_difference_or_mixed
treatment,PostHog/posthog,2025-06,static_analysis_warnings,both,exact_match,True,bf87ddcb0e02027bb8c1e7a1aa2e03f0c4312e90,bf87ddcb0e02027bb8c1e7a1aa2e03f0c4312e90,13064.0,14584.0,1520.0,1520.0,ncloc_different,source_scope_difference_or_mixed
treatment,getsentry/sentry,2024-05,code_smells,both,exact_match,True,0d270ad1c8532bb133772a03e166dca23a3a08ad,0d270ad1c8532bb133772a03e166dca23a3a08ad,14245.0,15763.0,1518.0,1518.0,ncloc_close,source_scope_difference_or_mixed
treatment,getsentry/sentry,2024-09,code_smells,both,exact_match,True,6c6024b9d8999b88166c60580a677d809252fc04,6c6024b9d8999b88166c60580a677d809252fc04,15125.0,16642.0,1517.0,1517.0,ncloc_close,source_scope_difference_or_mixed
treatment,getsentry/sentry,2024-04,code_smells,both,exact_match,True,d9935228ed25a087426c4665bb98358bb1e4c580,d9935228ed25a087426c4665bb98358bb1e4c580,13317.0,14825.0,1508.0,1508.0,ncloc_close,source_scope_difference_or_mixed
treatment,getsentry/sentry,2024-12,code_smells,both,exact_match,True,707f353d2d1933fbf951478c414838f9e5956b38,707f353d2d1933fbf951478c414838f9e5956b38,15179.0,16687.0,1508.0,1508.0,ncloc_close,source_scope_difference_or_mixed
treatment,zauberzeug/nicegui,2024-01,static_analysis_warnings,both,exact_match,True,f4c57a962f8cc96085eb41860c1346da77228824,f4c57a962f8cc96085eb41860c1346da77228824,21438.0,22943.0,1505.0,1505.0,ncloc_close,source_scope_difference_or_mixed
treatment,getsentry/sentry,2024-08,code_smells,both,exact_match,True,14b776d65b324705fca7edfd2c88a748429d54e3,14b776d65b324705fca7edfd2c88a748429d54e3,14939.0,16434.0,1495.0,1495.0,ncloc_close,source_scope_difference_or_mixed
treatment,PostHog/posthog,2025-06,code_smells,both,exact_match,True,bf87ddcb0e02027bb8c1e7a1aa2e03f0c4312e90,bf87ddcb0e02027bb8c1e7a1aa2e03f0c4312e90,12657.0,14151.0,1494.0,1494.0,ncloc_different,source_scope_difference_or_mixed
treatment,getsentry/sentry,2024-10,code_smells,both,exact_match,True,ad46b361e2e960136b68f1647b936af1b3f6752a,ad46b361e2e960136b68f1647b936af1b3f6752a,15219.0,16698.0,1479.0,1479.0,ncloc_close,source_scope_difference_or_mixed
treatment,getsentry/sentry,2024-06,code_smells,both,exact_match,True,27f0f976edf02d303fc16cab7a481e588be43e8e,27f0f976edf02d303fc16cab7a481e588be43e8e,14297.0,15760.0,1463.0,1463.0,ncloc_close,source_scope_difference_or_mixed
treatment,getsentry/sentry,2025-07,code_smells,both,exact_match,True,71c2f5f3925610f3aa1871ace1c20f48eeff3db8,71c2f5f3925610f3aa1871ace1c20f48eeff3db8,25633.0,27094.0,1461.0,1461.0,ncloc_close,source_scope_difference_or_mixed
treatment,getsentry/sentry,2024-11,code_smells,both,exact_match,True,8e45680a887ec96c50c1f43fffe1ac8f2b6c54aa,8e45680a887ec96c50c1f43fffe1ac8f2b6c54aa,15273.0,16731.0,1458.0,1458.0,ncloc_close,source_scope_difference_or_mixed
treatment,getsentry/sentry,2024-07,code_smells,both,exact_match,True,3efa8cf306b9650d8129ffeaca77601b833b1009,3efa8cf306b9650d8129ffeaca77601b833b1009,14608.0,16063.0,1455.0,1455.0,ncloc_close,source_scope_difference_or_mixed
treatment,getsentry/sentry,2025-08,code_smells,both,exact_match,True,b9dc9712a91c4dbf3cb1550254113c1599388e57,b9dc9712a91c4dbf3cb1550254113c1599388e57,25151.0,26587.0,1436.0,1436.0,ncloc_close,source_scope_difference_or_mixed
treatment,getsentry/sentry,2024-03,code_smells,both,exact_match,True,b3f8ab3aea7eaabfd408314997f8c21c5707491f,b3f8ab3aea7eaabfd408314997f8c21c5707491f,12920.0,14319.0,1399.0,1399.0,ncloc_close,source_scope_difference_or_mixed
treatment,ethyca/fides,2025-04,code_smells,both,exact_match,True,e469857a142ed59acc3eb55ada6bd20ac94c1be5,e469857a142ed59acc3eb55ada6bd20ac94c1be5,2038.0,3353.0,1315.0,1315.0,ncloc_different,source_scope_difference_or_mixed
treatment,getsentry/sentry,2024-01,static_analysis_warnings,both,exact_match,True,8073feb6eac31a856f6a389a1c289430b35e3589,8073feb6eac31a856f6a389a1c289430b35e3589,13629.0,14940.0,1311.0,1311.0,ncloc_close,source_scope_difference_or_mixed
treatment,getsentry/sentry,2024-02,code_smells,both,exact_match,True,de6c3afad3e8eb67fe0f4cccc389f4374a87fea0,de6c3afad3e8eb67fe0f4cccc389f4374a87fea0,12876.0,14179.0,1303.0,1303.0,ncloc_close,source_scope_difference_or_mixed
treatment,ethyca/fides,2025-04,static_analysis_warnings,both,exact_match,True,e469857a142ed59acc3eb55ada6bd20ac94c1be5,e469857a142ed59acc3eb55ada6bd20ac94c1be5,2204.0,3440.0,1236.0,1236.0,ncloc_different,source_scope_difference_or_mixed
treatment,ethyca/fides,2025-05,code_smells,both,exact_match,True,013705a19dd54de748b589460505f92f0b100cc9,013705a19dd54de748b589460505f92f0b100cc9,2171.0,3398.0,1227.0,1227.0,ncloc_close,source_scope_difference_or_mixed
treatment,ethyca/fides,2025-03,code_smells,both,exact_match,True,524ff93669d122111bfd73df1c4ca2c2d9d7d100,524ff93669d122111bfd73df1c4ca2c2d9d7d100,2038.0,3259.0,1221.0,1221.0,ncloc_close,source_scope_difference_or_mixed
treatment,getsentry/sentry,2024-04,static_analysis_warnings,both,exact_match,True,d9935228ed25a087426c4665bb98358bb1e4c580,d9935228ed25a087426c4665bb98358bb1e4c580,14057.0,15246.0,1189.0,1189.0,ncloc_close,source_scope_difference_or_mixed
treatment,getsentry/sentry,2024-05,static_analysis_warnings,both,exact_match,True,0d270ad1c8532bb133772a03e166dca23a3a08ad,0d270ad1c8532bb133772a03e166dca23a3a08ad,14998.0,16180.0,1182.0,1182.0,ncloc_close,source_scope_difference_or_mixed
treatment,ethyca/fides,2025-07,code_smells,both,exact_match,True,9f183a7ab5faa5eb0efd7d4da31808a978b91242,9f183a7ab5faa5eb0efd7d4da31808a978b91242,2211.0,3369.0,1158.0,1158.0,ncloc_close,source_scope_difference_or_mixed
treatment,PostHog/posthog,2024-12,static_analysis_warnings,both,exact_match,True,3aa25f3257f981db0b7e8b5411dc209b66c6f4c2,3aa25f3257f981db0b7e8b5411dc209b66c6f4c2,9775.0,10929.0,1154.0,1154.0,ncloc_different,source_scope_difference_or_mixed
treatment,ethyca/fides,2025-06,code_smells,both,exact_match,True,25f89cf50afcac815c38422d299fb39b35cd76a3,25f89cf50afcac815c38422d299fb39b35cd76a3,2077.0,3224.0,1147.0,1147.0,ncloc_close,source_scope_difference_or_mixed
treatment,ethyca/fides,2025-05,static_analysis_warnings,both,exact_match,True,013705a19dd54de748b589460505f92f0b100cc9,013705a19dd54de748b589460505f92f0b100cc9,2342.0,3486.0,1144.0,1144.0,ncloc_close,source_scope_difference_or_mixed
treatment,ethyca/fides,2025-03,static_analysis_warnings,both,exact_match,True,524ff93669d122111bfd73df1c4ca2c2d9d7d100,524ff93669d122111bfd73df1c4ca2c2d9d7d100,2204.0,3345.0,1141.0,1141.0,ncloc_close,source_scope_difference_or_mixed
treatment,ethyca/fides,2025-08,code_smells,both,exact_match,True,cb4eb8bd6ccc98b8e68630f3f7d938f1b3bf953a,cb4eb8bd6ccc98b8e68630f3f7d938f1b3bf953a,2430.0,3566.0,1136.0,1136.0,ncloc_close,source_scope_difference_or_mixed
treatment,getsentry/sentry,2025-01,static_analysis_warnings,both,exact_match,True,d210118fce94310ef5858d51efe16ee26c995a48,d210118fce94310ef5858d51efe16ee26c995a48,16023.0,17155.0,1132.0,1132.0,ncloc_close,source_scope_difference_or_mixed
treatment,ethyca/fides,2025-02,code_smells,both,exact_match,True,c51cd945858ae1bbcc1f72c26ab4422f3f019907,c51cd945858ae1bbcc1f72c26ab4422f3f019907,2016.0,3146.0,1130.0,1130.0,ncloc_close,source_scope_difference_or_mixed
treatment,getsentry/sentry,2024-09,static_analysis_warnings,both,exact_match,True,6c6024b9d8999b88166c60580a677d809252fc04,6c6024b9d8999b88166c60580a677d809252fc04,15971.0,17093.0,1122.0,1122.0,ncloc_close,source_scope_difference_or_mixed
treatment,getsentry/sentry,2024-08,static_analysis_warnings,both,exact_match,True,14b776d65b324705fca7edfd2c88a748429d54e3,14b776d65b324705fca7edfd2c88a748429d54e3,15766.0,16879.0,1113.0,1113.0,ncloc_close,source_scope_difference_or_mixed
treatment,PostHog/posthog,2024-11,static_analysis_warnings,both,exact_match,True,b4d51e3b746e6174a7d60c525ea22387f00dcafe,b4d51e3b746e6174a7d60c525ea22387f00dcafe,9436.0,10548.0,1112.0,1112.0,ncloc_different,source_scope_difference_or_mixed
treatment,getsentry/sentry,2024-06,static_analysis_warnings,both,exact_match,True,27f0f976edf02d303fc16cab7a481e588be43e8e,27f0f976edf02d303fc16cab7a481e588be43e8e,15085.0,16194.0,1109.0,1109.0,ncloc_close,source_scope_difference_or_mixed
treatment,PostHog/posthog,2024-12,code_smells,both,exact_match,True,3aa25f3257f981db0b7e8b5411dc209b66c6f4c2,3aa25f3257f981db0b7e8b5411dc209b66c6f4c2,9472.0,10577.0,1105.0,1105.0,ncloc_different,source_scope_difference_or_mixed
treatment,getsentry/sentry,2024-03,static_analysis_warnings,both,exact_match,True,b3f8ab3aea7eaabfd408314997f8c21c5707491f,b3f8ab3aea7eaabfd408314997f8c21c5707491f,13636.0,14735.0,1099.0,1099.0,ncloc_close,source_scope_difference_or_mixed
treatment,ethyca/fides,2025-01,code_smells,both,exact_match,True,c4d69ccb55793e152b0e29c7288dfd342176466f,c4d69ccb55793e152b0e29c7288dfd342176466f,1707.0,2803.0,1096.0,1096.0,ncloc_close,source_scope_difference_or_mixed
control,FMInference/FlexiGen,2024-10,static_analysis_warnings,both,exact_match,True,004ffef82b46e8dc8685c55d0cdda650bdaf1269,004ffef82b46e8dc8685c55d0cdda650bdaf1269,8925.0,10020.0,1095.0,1095.0,ncloc_close,source_scope_difference_or_mixed
control,FMInference/FlexiGen,2024-04,static_analysis_warnings,both,exact_match,True,19753bc062d47cc34e73efb27824e97ff5216a68,19753bc062d47cc34e73efb27824e97ff5216a68,8924.0,10018.0,1094.0,1094.0,ncloc_close,source_scope_difference_or_mixed
control,FMInference/FlexiGen,2024-05,static_analysis_warnings,both,paper_commit_missing,False,,19753bc062d47cc34e73efb27824e97ff5216a68,8924.0,10018.0,1094.0,1094.0,unknown,paper_commit_missing
control,FMInference/FlexiGen,2024-06,static_analysis_warnings,both,paper_commit_missing,False,,19753bc062d47cc34e73efb27824e97ff5216a68,8924.0,10018.0,1094.0,1094.0,unknown,paper_commit_missing
control,FMInference/FlexiGen,2024-07,static_analysis_warnings,both,paper_commit_missing,False,,19753bc062d47cc34e73efb27824e97ff5216a68,8924.0,10018.0,1094.0,1094.0,unknown,paper_commit_missing
control,FMInference/FlexiGen,2024-08,static_analysis_warnings,both,paper_commit_missing,False,,19753bc062d47cc34e73efb27824e97ff5216a68,8924.0,10018.0,1094.0,1094.0,unknown,paper_commit_missing
control,FMInference/FlexiGen,2024-09,static_analysis_warnings,both,exact_match,True,ab55510b0e19b0dcdb274e7ef5421827d0c237d0,ab55510b0e19b0dcdb274e7ef5421827d0c237d0,8924.0,10018.0,1094.0,1094.0,ncloc_close,source_scope_difference_or_mixed
treatment,getsentry/sentry,2024-07,static_analysis_warnings,both,exact_match,True,3efa8cf306b9650d8129ffeaca77601b833b1009,3efa8cf306b9650d8129ffeaca77601b833b1009,15408.0,16495.0,1087.0,1087.0,ncloc_close,source_scope_difference_or_mixed
treatment,ethyca/fides,2024-12,code_smells,both,exact_match,True,f77633e33a7b3e77e127caedfbd5d4c0256590c5,f77633e33a7b3e77e127caedfbd5d4c0256590c5,1684.0,2764.0,1080.0,1080.0,ncloc_close,source_scope_difference_or_mixed
treatment,getsentry/sentry,2024-12,static_analysis_warnings,both,exact_match,True,707f353d2d1933fbf951478c414838f9e5956b38,707f353d2d1933fbf951478c414838f9e5956b38,16039.0,17115.0,1076.0,1076.0,ncloc_close,source_scope_difference_or_mixed
treatment,getsentry/sentry,2024-10,static_analysis_warnings,both,exact_match,True,ad46b361e2e960136b68f1647b936af1b3f6752a,ad46b361e2e960136b68f1647b936af1b3f6752a,16101.0,17170.0,1069.0,1069.0,ncloc_close,source_scope_difference_or_mixed
treatment,ethyca/fides,2025-07,static_analysis_warnings,both,exact_match,True,9f183a7ab5faa5eb0efd7d4da31808a978b91242,9f183a7ab5faa5eb0efd7d4da31808a978b91242,2389.0,3454.0,1065.0,1065.0,ncloc_close,source_scope_difference_or_mixed
treatment,ethyca/fides,2025-06,static_analysis_warnings,both,exact_match,True,25f89cf50afcac815c38422d299fb39b35cd76a3,25f89cf50afcac815c38422d299fb39b35cd76a3,2247.0,3310.0,1063.0,1063.0,ncloc_close,source_scope_difference_or_mixed
treatment,PostHog/posthog,2024-11,code_smells,both,exact_match,True,b4d51e3b746e6174a7d60c525ea22387f00dcafe,b4d51e3b746e6174a7d60c525ea22387f00dcafe,9164.0,10224.0,1060.0,1060.0,ncloc_different,source_scope_difference_or_mixed
treatment,ethyca/fides,2025-02,static_analysis_warnings,both,exact_match,True,c51cd945858ae1bbcc1f72c26ab4422f3f019907,c51cd945858ae1bbcc1f72c26ab4422f3f019907,2178.0,3235.0,1057.0,1057.0,ncloc_close,source_scope_difference_or_mixed
treatment,ethyca/fides,2024-11,code_smells,both,exact_match,True,f1865030d52eabe84e650a576c9f0449d24d90a3,f1865030d52eabe84e650a576c9f0449d24d90a3,1709.0,2759.0,1050.0,1050.0,ncloc_close,source_scope_difference_or_mixed
treatment,ethyca/fides,2024-10,code_smells,both,exact_match,True,d60ec78344f18bd0118e088612f496f4e816386c,d60ec78344f18bd0118e088612f496f4e816386c,1689.0,2732.0,1043.0,1043.0,ncloc_close,source_scope_difference_or_mixed
treatment,ethyca/fides,2024-09,code_smells,both,exact_match,True,a6510c126e548353bfa0c6dcde66796d998dcdad,a6510c126e548353bfa0c6dcde66796d998dcdad,1655.0,2694.0,1039.0,1039.0,ncloc_close,source_scope_difference_or_mixed
treatment,ethyca/fides,2025-08,static_analysis_warnings,both,exact_match,True,cb4eb8bd6ccc98b8e68630f3f7d938f1b3bf953a,cb4eb8bd6ccc98b8e68630f3f7d938f1b3bf953a,2623.0,3653.0,1030.0,1030.0,ncloc_close,source_scope_difference_or_mixed
treatment,getsentry/sentry,2024-11,static_analysis_warnings,both,exact_match,True,8e45680a887ec96c50c1f43fffe1ac8f2b6c54aa,8e45680a887ec96c50c1f43fffe1ac8f2b6c54aa,16166.0,17194.0,1028.0,1028.0,ncloc_close,source_scope_difference_or_mixed
treatment,ethyca/fides,2025-01,static_analysis_warnings,both,exact_match,True,c4d69ccb55793e152b0e29c7288dfd342176466f,c4d69ccb55793e152b0e29c7288dfd342176466f,1861.0,2883.0,1022.0,1022.0,ncloc_close,source_scope_difference_or_mixed
control,FMInference/FlexiGen,2024-10,code_smells,both,exact_match,True,004ffef82b46e8dc8685c55d0cdda650bdaf1269,004ffef82b46e8dc8685c55d0cdda650bdaf1269,8642.0,9660.0,1018.0,1018.0,ncloc_close,source_scope_difference_or_mixed
control,FMInference/FlexiGen,2024-04,code_smells,both,exact_match,True,19753bc062d47cc34e73efb27824e97ff5216a68,19753bc062d47cc34e73efb27824e97ff5216a68,8641.0,9658.0,1017.0,1017.0,ncloc_close,source_scope_difference_or_mixed
control,FMInference/FlexiGen,2024-05,code_smells,both,paper_commit_missing,False,,19753bc062d47cc34e73efb27824e97ff5216a68,8641.0,9658.0,1017.0,1017.0,unknown,paper_commit_missing
control,FMInference/FlexiGen,2024-06,code_smells,both,paper_commit_missing,False,,19753bc062d47cc34e73efb27824e97ff5216a68,8641.0,9658.0,1017.0,1017.0,unknown,paper_commit_missing
control,FMInference/FlexiGen,2024-07,code_smells,both,paper_commit_missing,False,,19753bc062d47cc34e73efb27824e97ff5216a68,8641.0,9658.0,1017.0,1017.0,unknown,paper_commit_missing
control,FMInference/FlexiGen,2024-08,code_smells,both,paper_commit_missing,False,,19753bc062d47cc34e73efb27824e97ff5216a68,8641.0,9658.0,1017.0,1017.0,unknown,paper_commit_missing
control,FMInference/FlexiGen,2024-09,code_smells,both,exact_match,True,ab55510b0e19b0dcdb274e7ef5421827d0c237d0,ab55510b0e19b0dcdb274e7ef5421827d0c237d0,8641.0,9658.0,1017.0,1017.0,ncloc_close,source_scope_difference_or_mixed
treatment,ethyca/fides,2024-12,static_analysis_warnings,both,exact_match,True,f77633e33a7b3e77e127caedfbd5d4c0256590c5,f77633e33a7b3e77e127caedfbd5d4c0256590c5,1836.0,2842.0,1006.0,1006.0,ncloc_close,source_scope_difference_or_mixed
treatment,getsentry/sentry,2024-02,static_analysis_warnings,both,exact_match,True,de6c3afad3e8eb67fe0f4cccc389f4374a87fea0,de6c3afad3e8eb67fe0f4cccc389f4374a87fea0,13597.0,14580.0,983.0,983.0,ncloc_close,source_scope_difference_or_mixed
treatment,ethyca/fides,2024-11,static_analysis_warnings,both,exact_match,True,f1865030d52eabe84e650a576c9f0449d24d90a3,f1865030d52eabe84e650a576c9f0449d24d90a3,1859.0,2836.0,977.0,977.0,ncloc_close,source_scope_difference_or_mixed
treatment,ethyca/fides,2024-10,static_analysis_warnings,both,exact_match,True,d60ec78344f18bd0118e088612f496f4e816386c,d60ec78344f18bd0118e088612f496f4e816386c,1844.0,2813.0,969.0,969.0,ncloc_close,source_scope_difference_or_mixed
treatment,ethyca/fides,2024-09,static_analysis_warnings,both,exact_match,True,a6510c126e548353bfa0c6dcde66796d998dcdad,a6510c126e548353bfa0c6dcde66796d998dcdad,1811.0,2774.0,963.0,963.0,ncloc_close,source_scope_difference_or_mixed
treatment,getsentry/sentry,2025-06,static_analysis_warnings,both,exact_match,True,4f2be477198bf2814c6d6cd4b80ba19cbe386908,4f2be477198bf2814c6d6cd4b80ba19cbe386908,18538.0,19496.0,958.0,958.0,ncloc_close,source_scope_difference_or_mixed
treatment,keephq/keep,2025-06,static_analysis_warnings,both,exact_match,True,32e024320952bd1a507b7fc8bc769aec60ee4f68,32e024320952bd1a507b7fc8bc769aec60ee4f68,2960.0,3821.0,861.0,861.0,ncloc_close,source_scope_difference_or_mixed
treatment,keephq/keep,2025-07,static_analysis_warnings,both,exact_match,True,c71d7c076780fad16bfcffb616a01278c75c6d6f,c71d7c076780fad16bfcffb616a01278c75c6d6f,2996.0,3852.0,856.0,856.0,ncloc_close,source_scope_difference_or_mixed
treatment,keephq/keep,2025-08,static_analysis_warnings,both,exact_match,True,76c396f983198158da30246a7e40e42bceebf46b,76c396f983198158da30246a7e40e42bceebf46b,3019.0,3871.0,852.0,852.0,ncloc_close,source_scope_difference_or_mixed
treatment,keephq/keep,2025-06,code_smells,both,exact_match,True,32e024320952bd1a507b7fc8bc769aec60ee4f68,32e024320952bd1a507b7fc8bc769aec60ee4f68,2838.0,3689.0,851.0,851.0,ncloc_close,source_scope_difference_or_mixed
treatment,keephq/keep,2025-07,code_smells,both,exact_match,True,c71d7c076780fad16bfcffb616a01278c75c6d6f,c71d7c076780fad16bfcffb616a01278c75c6d6f,2872.0,3719.0,847.0,847.0,ncloc_close,source_scope_difference_or_mixed
treatment,ethyca/fides,2024-07,code_smells,both,exact_match,True,84447c0a004c65a5552acdee70ffa76a59fc864f,84447c0a004c65a5552acdee70ffa76a59fc864f,1573.0,2416.0,843.0,843.0,ncloc_close,source_scope_difference_or_mixed
treatment,keephq/keep,2025-05,static_analysis_warnings,both,exact_match,True,9cefe4e98749a406a2fbdc97fdbddf8dbdcb6664,9cefe4e98749a406a2fbdc97fdbddf8dbdcb6664,2896.0,3737.0,841.0,841.0,ncloc_close,source_scope_difference_or_mixed
treatment,keephq/keep,2025-08,code_smells,both,exact_match,True,76c396f983198158da30246a7e40e42bceebf46b,76c396f983198158da30246a7e40e42bceebf46b,2895.0,3736.0,841.0,841.0,ncloc_close,source_scope_difference_or_mixed
treatment,keephq/keep,2025-05,code_smells,both,exact_match,True,9cefe4e98749a406a2fbdc97fdbddf8dbdcb6664,9cefe4e98749a406a2fbdc97fdbddf8dbdcb6664,2774.0,3605.0,831.0,831.0,ncloc_close,source_scope_difference_or_mixed
treatment,ethyca/fides,2024-06,code_smells,both,exact_match,True,6041a493e7e36e60b9267b9402c7c3332ab3f170,6041a493e7e36e60b9267b9402c7c3332ab3f170,1537.0,2365.0,828.0,828.0,ncloc_close,source_scope_difference_or_mixed
treatment,ethyca/fides,2024-05,code_smells,both,exact_match,True,d50f5b3622c9058eee0c9aceb7f48463469afada,d50f5b3622c9058eee0c9aceb7f48463469afada,1485.0,2309.0,824.0,824.0,ncloc_close,source_scope_difference_or_mixed
treatment,getsentry/sentry,2025-07,static_analysis_warnings,both,exact_match,True,71c2f5f3925610f3aa1871ace1c20f48eeff3db8,71c2f5f3925610f3aa1871ace1c20f48eeff3db8,26691.0,27510.0,819.0,819.0,ncloc_close,source_scope_difference_or_mixed
treatment,TextGeneratorio/text-generator.io,2025-08,static_analysis_warnings,both,exact_match,True,95ff0e2fb3cbafd6c6037e2ea559ed6fdb549b35,95ff0e2fb3cbafd6c6037e2ea559ed6fdb549b35,4228.0,5045.0,817.0,817.0,ncloc_different,source_scope_difference_or_mixed
treatment,TextGeneratorio/text-generator.io,2025-08,code_smells,both,exact_match,True,95ff0e2fb3cbafd6c6037e2ea559ed6fdb549b35,95ff0e2fb3cbafd6c6037e2ea559ed6fdb549b35,3594.0,4405.0,811.0,811.0,ncloc_different,source_scope_difference_or_mixed
treatment,getsentry/sentry,2025-08,static_analysis_warnings,both,exact_match,True,b9dc9712a91c4dbf3cb1550254113c1599388e57,b9dc9712a91c4dbf3cb1550254113c1599388e57,26199.0,26999.0,800.0,800.0,ncloc_close,source_scope_difference_or_mixed
treatment,keephq/keep,2025-04,static_analysis_warnings,both,exact_match,True,fc01ed670be54804d40ccaaa73bc28723f7c02e6,fc01ed670be54804d40ccaaa73bc28723f7c02e6,2777.0,3570.0,793.0,793.0,ncloc_close,source_scope_difference_or_mixed
treatment,keephq/keep,2025-03,static_analysis_warnings,both,exact_match,True,6ba6ca03bdd94c1a4805ee87abbcb7b195ff01bf,6ba6ca03bdd94c1a4805ee87abbcb7b195ff01bf,2652.0,3438.0,786.0,786.0,ncloc_close,source_scope_difference_or_mixed
treatment,ethyca/fides,2024-01,code_smells,both,exact_match,True,5bf61d1a19d6e575a3e379f14311b4321cffe8f9,5bf61d1a19d6e575a3e379f14311b4321cffe8f9,1241.0,2023.0,782.0,782.0,ncloc_close,source_scope_difference_or_mixed
treatment,ethyca/fides,2024-03,code_smells,both,exact_match,True,321e9d4355a51a88bffdb51a20d85974e192f04d,321e9d4355a51a88bffdb51a20d85974e192f04d,1336.0,2118.0,782.0,782.0,ncloc_close,source_scope_difference_or_mixed
treatment,keephq/keep,2025-04,code_smells,both,exact_match,True,fc01ed670be54804d40ccaaa73bc28723f7c02e6,fc01ed670be54804d40ccaaa73bc28723f7c02e6,2664.0,3446.0,782.0,782.0,ncloc_close,source_scope_difference_or_mixed
treatment,ethyca/fides,2024-07,static_analysis_warnings,both,exact_match,True,84447c0a004c65a5552acdee70ffa76a59fc864f,84447c0a004c65a5552acdee70ffa76a59fc864f,1718.0,2496.0,778.0,778.0,ncloc_close,source_scope_difference_or_mixed
treatment,keephq/keep,2025-03,code_smells,both,exact_match,True,6ba6ca03bdd94c1a4805ee87abbcb7b195ff01bf,6ba6ca03bdd94c1a4805ee87abbcb7b195ff01bf,2540.0,3314.0,774.0,774.0,ncloc_close,source_scope_difference_or_mixed
treatment,ethyca/fides,2024-02,code_smells,both,exact_match,True,14aad9bceaffc32d7da28a07841734d7099db990,14aad9bceaffc32d7da28a07841734d7099db990,1259.0,2030.0,771.0,771.0,ncloc_close,source_scope_difference_or_mixed
treatment,ethyca/fides,2024-06,static_analysis_warnings,both,exact_match,True,6041a493e7e36e60b9267b9402c7c3332ab3f170,6041a493e7e36e60b9267b9402c7c3332ab3f170,1682.0,2444.0,762.0,762.0,ncloc_close,source_scope_difference_or_mixed
treatment,ethyca/fides,2024-05,static_analysis_warnings,both,exact_match,True,d50f5b3622c9058eee0c9aceb7f48463469afada,d50f5b3622c9058eee0c9aceb7f48463469afada,1631.0,2389.0,758.0,758.0,ncloc_close,source_scope_difference_or_mixed
treatment,ethyca/fides,2024-04,code_smells,both,exact_match,True,c617f6804ae5f841bd61f65729c1186f3c95d5b8,c617f6804ae5f841bd61f65729c1186f3c95d5b8,1417.0,2163.0,746.0,746.0,ncloc_close,source_scope_difference_or_mixed
treatment,TextGeneratorio/text-generator.io,2025-07,static_analysis_warnings,both,exact_match,True,3920d146d45c6c226f4321c9105a6076824d9aca,3920d146d45c6c226f4321c9105a6076824d9aca,4178.0,4920.0,742.0,742.0,ncloc_different,source_scope_difference_or_mixed
treatment,TextGeneratorio/text-generator.io,2025-07,code_smells,both,exact_match,True,3920d146d45c6c226f4321c9105a6076824d9aca,3920d146d45c6c226f4321c9105a6076824d9aca,3547.0,4288.0,741.0,741.0,ncloc_different,source_scope_difference_or_mixed
control,ysj9909/SHViT,2024-04,static_analysis_warnings,both,exact_match,True,fee7ce4258e81baf9e929e90f26168d632d186a7,fee7ce4258e81baf9e929e90f26168d632d186a7,47.0,776.0,729.0,729.0,ncloc_identical,rule_config_analyzer_profile_signal
control,ysj9909/SHViT,2024-05,static_analysis_warnings,both,exact_match,True,20819cb8f624e183b1fa2ce941ed18ab8037b07d,20819cb8f624e183b1fa2ce941ed18ab8037b07d,47.0,776.0,729.0,729.0,ncloc_identical,rule_config_analyzer_profile_signal
control,ysj9909/SHViT,2024-06,static_analysis_warnings,both,exact_match,True,6a729ccf18e0b941714b529638bd3d9bacebcef0,6a729ccf18e0b941714b529638bd3d9bacebcef0,47.0,776.0,729.0,729.0,ncloc_identical,rule_config_analyzer_profile_signal
treatment,ethyca/fides,2024-03,static_analysis_warnings,both,exact_match,True,321e9d4355a51a88bffdb51a20d85974e192f04d,321e9d4355a51a88bffdb51a20d85974e192f04d,1475.0,2199.0,724.0,724.0,ncloc_close,source_scope_difference_or_mixed
control,ysj9909/SHViT,2024-04,code_smells,both,exact_match,True,fee7ce4258e81baf9e929e90f26168d632d186a7,fee7ce4258e81baf9e929e90f26168d632d186a7,47.0,766.0,719.0,719.0,ncloc_identical,rule_config_analyzer_profile_signal
control,ysj9909/SHViT,2024-05,code_smells,both,exact_match,True,20819cb8f624e183b1fa2ce941ed18ab8037b07d,20819cb8f624e183b1fa2ce941ed18ab8037b07d,47.0,766.0,719.0,719.0,ncloc_identical,rule_config_analyzer_profile_signal
control,ysj9909/SHViT,2024-06,code_smells,both,exact_match,True,6a729ccf18e0b941714b529638bd3d9bacebcef0,6a729ccf18e0b941714b529638bd3d9bacebcef0,47.0,766.0,719.0,719.0,ncloc_identical,rule_config_analyzer_profile_signal
treatment,keephq/keep,2025-02,static_analysis_warnings,both,exact_match,True,c21dc97d3b04c9804a2ae1349907af431f444fd6,c21dc97d3b04c9804a2ae1349907af431f444fd6,2495.0,3206.0,711.0,711.0,ncloc_close,source_scope_difference_or_mixed
treatment,keephq/keep,2025-02,code_smells,both,exact_match,True,c21dc97d3b04c9804a2ae1349907af431f444fd6,c21dc97d3b04c9804a2ae1349907af431f444fd6,2380.0,3085.0,705.0,705.0,ncloc_close,source_scope_difference_or_mixed
control,zhipeixu/FakeShield,2025-02,static_analysis_warnings,both,exact_match,True,b807b92ac958678bb278e741864ba4b821fb73c1,b807b92ac958678bb278e741864ba4b821fb73c1,820.0,1518.0,698.0,698.0,ncloc_identical,rule_config_analyzer_profile_signal
control,zhipeixu/FakeShield,2025-03,static_analysis_warnings,both,exact_match,True,7bd43c8badef7341807e85e55a8b216dac6c2424,7bd43c8badef7341807e85e55a8b216dac6c2424,820.0,1518.0,698.0,698.0,ncloc_identical,rule_config_analyzer_profile_signal
control,zhipeixu/FakeShield,2025-04,static_analysis_warnings,both,exact_match,True,2910fb826ea20e11c2c2553c36984630216c0bab,2910fb826ea20e11c2c2553c36984630216c0bab,820.0,1518.0,698.0,698.0,ncloc_identical,rule_config_analyzer_profile_signal
control,zhipeixu/FakeShield,2025-05,static_analysis_warnings,both,exact_match,True,c34dab9b8df3dc77d2632344eb0d0af387d0658f,c34dab9b8df3dc77d2632344eb0d0af387d0658f,820.0,1518.0,698.0,698.0,ncloc_identical,rule_config_analyzer_profile_signal
control,zhipeixu/FakeShield,2025-06,static_analysis_warnings,both,exact_match,True,346cb6c74c9a426c1c00d98b13e5f417161a94c1,346cb6c74c9a426c1c00d98b13e5f417161a94c1,820.0,1518.0,698.0,698.0,ncloc_identical,rule_config_analyzer_profile_signal
treatment,ethyca/fides,2024-01,static_analysis_warnings,both,exact_match,True,5bf61d1a19d6e575a3e379f14311b4321cffe8f9,5bf61d1a19d6e575a3e379f14311b4321cffe8f9,1411.0,2103.0,692.0,692.0,ncloc_close,source_scope_difference_or_mixed
treatment,ethyca/fides,2024-02,static_analysis_warnings,both,exact_match,True,14aad9bceaffc32d7da28a07841734d7099db990,14aad9bceaffc32d7da28a07841734d7099db990,1430.0,2111.0,681.0,681.0,ncloc_close,source_scope_difference_or_mixed
treatment,ethyca/fides,2024-04,static_analysis_warnings,both,exact_match,True,c617f6804ae5f841bd61f65729c1186f3c95d5b8,c617f6804ae5f841bd61f65729c1186f3c95d5b8,1561.0,2242.0,681.0,681.0,ncloc_close,source_scope_difference_or_mixed
control,zhipeixu/FakeShield,2025-02,code_smells,both,exact_match,True,b807b92ac958678bb278e741864ba4b821fb73c1,b807b92ac958678bb278e741864ba4b821fb73c1,805.0,1484.0,679.0,679.0,ncloc_identical,rule_config_analyzer_profile_signal
control,zhipeixu/FakeShield,2025-03,code_smells,both,exact_match,True,7bd43c8badef7341807e85e55a8b216dac6c2424,7bd43c8badef7341807e85e55a8b216dac6c2424,805.0,1484.0,679.0,679.0,ncloc_identical,rule_config_analyzer_profile_signal
control,zhipeixu/FakeShield,2025-04,code_smells,both,exact_match,True,2910fb826ea20e11c2c2553c36984630216c0bab,2910fb826ea20e11c2c2553c36984630216c0bab,805.0,1484.0,679.0,679.0,ncloc_identical,rule_config_analyzer_profile_signal
control,zhipeixu/FakeShield,2025-05,code_smells,both,exact_match,True,c34dab9b8df3dc77d2632344eb0d0af387d0658f,c34dab9b8df3dc77d2632344eb0d0af387d0658f,805.0,1484.0,679.0,679.0,ncloc_identical,rule_config_analyzer_profile_signal
control,zhipeixu/FakeShield,2025-06,code_smells,both,exact_match,True,346cb6c74c9a426c1c00d98b13e5f417161a94c1,346cb6c74c9a426c1c00d98b13e5f417161a94c1,805.0,1484.0,679.0,679.0,ncloc_identical,rule_config_analyzer_profile_signal
treatment,LearningCircuit/local-deep-research,2025-08,code_smells,both,mismatch,False,1b509b286e386545cd7a6aea61f65b7a26f2b33e,7b8114f313911b4fb080943cab20026940c092b3,915.0,1551.0,636.0,636.0,unknown,commit_selection_difference
treatment,terryyin/lizard,2025-08,static_analysis_warnings,both,exact_match,True,f4c93acb75391b2797782373c95889434ac9b2ab,f4c93acb75391b2797782373c95889434ac9b2ab,1616.0,2251.0,635.0,635.0,ncloc_different,source_scope_difference_or_mixed
treatment,terryyin/lizard,2025-06,static_analysis_warnings,both,exact_match,True,d8cb37d396710cc71525e91b62f78320d6b7b03f,d8cb37d396710cc71525e91b62f78320d6b7b03f,1615.0,2249.0,634.0,634.0,ncloc_different,source_scope_difference_or_mixed
treatment,terryyin/lizard,2025-07,static_analysis_warnings,both,exact_match,True,10017f0c2ebb0688474c4a2b1216863d7632bbcf,10017f0c2ebb0688474c4a2b1216863d7632bbcf,1616.0,2250.0,634.0,634.0,ncloc_different,source_scope_difference_or_mixed
treatment,terryyin/lizard,2025-04,static_analysis_warnings,both,exact_match,True,7b72428d60d1bdd83d2c5fb807f8c7f33e23e71b,7b72428d60d1bdd83d2c5fb807f8c7f33e23e71b,1624.0,2257.0,633.0,633.0,ncloc_different,source_scope_difference_or_mixed
treatment,terryyin/lizard,2025-05,static_analysis_warnings,both,exact_match,True,1ef2169fe8524b27777ec65944ba4eca8570e2b7,1ef2169fe8524b27777ec65944ba4eca8570e2b7,1614.0,2247.0,633.0,633.0,ncloc_different,source_scope_difference_or_mixed
treatment,terryyin/lizard,2024-04,static_analysis_warnings,both,exact_match,True,7b47f8885eb694e6ec82df21e024f2b5265ffba9,7b47f8885eb694e6ec82df21e024f2b5265ffba9,1588.0,2220.0,632.0,632.0,ncloc_different,source_scope_difference_or_mixed
treatment,terryyin/lizard,2024-05,static_analysis_warnings,both,paper_commit_missing,False,,7b47f8885eb694e6ec82df21e024f2b5265ffba9,1588.0,2220.0,632.0,632.0,unknown,paper_commit_missing
treatment,terryyin/lizard,2024-06,static_analysis_warnings,both,paper_commit_missing,False,,7b47f8885eb694e6ec82df21e024f2b5265ffba9,1588.0,2220.0,632.0,632.0,unknown,paper_commit_missing
treatment,terryyin/lizard,2024-07,static_analysis_warnings,both,paper_commit_missing,False,,7b47f8885eb694e6ec82df21e024f2b5265ffba9,1588.0,2220.0,632.0,632.0,unknown,paper_commit_missing
treatment,terryyin/lizard,2024-08,static_analysis_warnings,both,exact_match,True,c17ccbbe5203c34236fb52aa5f288ed2a96d55c0,c17ccbbe5203c34236fb52aa5f288ed2a96d55c0,1588.0,2220.0,632.0,632.0,ncloc_different,source_scope_difference_or_mixed
treatment,terryyin/lizard,2024-09,static_analysis_warnings,both,paper_commit_missing,False,,c17ccbbe5203c34236fb52aa5f288ed2a96d55c0,1588.0,2220.0,632.0,632.0,unknown,paper_commit_missing
treatment,terryyin/lizard,2024-10,static_analysis_warnings,both,exact_match,True,ef8ac19ce83d5c7f7e620f7525b6844ef8d4323a,ef8ac19ce83d5c7f7e620f7525b6844ef8d4323a,1591.0,2223.0,632.0,632.0,ncloc_different,source_scope_difference_or_mixed
treatment,terryyin/lizard,2024-11,static_analysis_warnings,both,paper_commit_missing,False,,ef8ac19ce83d5c7f7e620f7525b6844ef8d4323a,1591.0,2223.0,632.0,632.0,unknown,paper_commit_missing
treatment,terryyin/lizard,2024-12,static_analysis_warnings,both,exact_match,True,8f3742c28c9fd5d86fe6adfd906c9c91531390e4,8f3742c28c9fd5d86fe6adfd906c9c91531390e4,1593.0,2224.0,631.0,631.0,ncloc_different,source_scope_difference_or_mixed
treatment,terryyin/lizard,2025-01,static_analysis_warnings,both,exact_match,True,c3cd418ce204dff6ddf223096d6a2aec2e7b5b51,c3cd418ce204dff6ddf223096d6a2aec2e7b5b51,1610.0,2241.0,631.0,631.0,ncloc_different,source_scope_difference_or_mixed
treatment,terryyin/lizard,2025-03,static_analysis_warnings,both,exact_match,True,86951d42c1f4fe5eaf00d258df2ab61952867838,86951d42c1f4fe5eaf00d258df2ab61952867838,1624.0,2255.0,631.0,631.0,ncloc_different,source_scope_difference_or_mixed
treatment,terryyin/lizard,2025-02,static_analysis_warnings,both,exact_match,True,7d48c44317121698e144aa7127082b46f7581ab0,7d48c44317121698e144aa7127082b46f7581ab0,1617.0,2245.0,628.0,628.0,ncloc_different,source_scope_difference_or_mixed
treatment,TextGeneratorio/text-generator.io,2025-05,code_smells,both,exact_match,True,53455c86af4bf5e404a847de09f1c8b9e654d801,53455c86af4bf5e404a847de09f1c8b9e654d801,3641.0,4261.0,620.0,620.0,ncloc_different,source_scope_difference_or_mixed
treatment,ethyca/fides,2024-08,code_smells,both,exact_match,True,e9174b771155abc0ff3faf1fb7b8b76836788617,e9174b771155abc0ff3faf1fb7b8b76836788617,1615.0,2235.0,620.0,620.0,ncloc_close,source_scope_difference_or_mixed
treatment,TextGeneratorio/text-generator.io,2025-04,code_smells,both,exact_match,True,5ed2b4008e2a49c4dad48dad07ef982849fc5fca,5ed2b4008e2a49c4dad48dad07ef982849fc5fca,3634.0,4252.0,618.0,618.0,ncloc_different,source_scope_difference_or_mixed
treatment,TextGeneratorio/text-generator.io,2025-05,static_analysis_warnings,both,exact_match,True,53455c86af4bf5e404a847de09f1c8b9e654d801,53455c86af4bf5e404a847de09f1c8b9e654d801,4270.0,4886.0,616.0,616.0,ncloc_different,source_scope_difference_or_mixed
treatment,TextGeneratorio/text-generator.io,2025-04,static_analysis_warnings,both,exact_match,True,5ed2b4008e2a49c4dad48dad07ef982849fc5fca,5ed2b4008e2a49c4dad48dad07ef982849fc5fca,4263.0,4877.0,614.0,614.0,ncloc_different,source_scope_difference_or_mixed
treatment,TextGeneratorio/text-generator.io,2025-06,code_smells,both,exact_match,True,1eafa44b407969edcac558b3f8cf0c4f39ba52ae,1eafa44b407969edcac558b3f8cf0c4f39ba52ae,3561.0,4173.0,612.0,612.0,ncloc_different,source_scope_difference_or_mixed
treatment,keephq/keep,2025-01,static_analysis_warnings,both,exact_match,True,e5d85d9ca27a74536e0e9f8fbb54edf893c8f0c2,e5d85d9ca27a74536e0e9f8fbb54edf893c8f0c2,2186.0,2794.0,608.0,608.0,ncloc_close,source_scope_difference_or_mixed
treatment,TextGeneratorio/text-generator.io,2025-06,static_analysis_warnings,both,exact_match,True,1eafa44b407969edcac558b3f8cf0c4f39ba52ae,1eafa44b407969edcac558b3f8cf0c4f39ba52ae,4190.0,4795.0,605.0,605.0,ncloc_different,source_scope_difference_or_mixed
treatment,LearningCircuit/local-deep-research,2025-08,static_analysis_warnings,both,mismatch,False,1b509b286e386545cd7a6aea61f65b7a26f2b33e,7b8114f313911b4fb080943cab20026940c092b3,1002.0,1606.0,604.0,604.0,unknown,commit_selection_difference
treatment,TextGeneratorio/text-generator.io,2024-01,static_analysis_warnings,both,exact_match,True,92c3ebc388615849a39db668be9b52a8faf8e30f,92c3ebc388615849a39db668be9b52a8faf8e30f,4412.0,5015.0,603.0,603.0,ncloc_different,source_scope_difference_or_mixed
treatment,TextGeneratorio/text-generator.io,2024-02,static_analysis_warnings,both,exact_match,True,5644053e2ab8c2c1d2107a0a825d1c0f0bb5c088,5644053e2ab8c2c1d2107a0a825d1c0f0bb5c088,4412.0,5015.0,603.0,603.0,ncloc_different,source_scope_difference_or_mixed
treatment,TextGeneratorio/text-generator.io,2024-03,static_analysis_warnings,both,paper_commit_missing,False,,5644053e2ab8c2c1d2107a0a825d1c0f0bb5c088,4412.0,5015.0,603.0,603.0,unknown,paper_commit_missing
treatment,TextGeneratorio/text-generator.io,2024-04,static_analysis_warnings,both,paper_commit_missing,False,,5644053e2ab8c2c1d2107a0a825d1c0f0bb5c088,4412.0,5015.0,603.0,603.0,unknown,paper_commit_missing
treatment,TextGeneratorio/text-generator.io,2024-05,static_analysis_warnings,both,exact_match,True,0892be29955c6d268f45b5545a9091cef7372348,0892be29955c6d268f45b5545a9091cef7372348,4414.0,5017.0,603.0,603.0,ncloc_different,source_scope_difference_or_mixed
treatment,TextGeneratorio/text-generator.io,2024-06,static_analysis_warnings,both,paper_commit_missing,False,,0892be29955c6d268f45b5545a9091cef7372348,4414.0,5017.0,603.0,603.0,unknown,paper_commit_missing
treatment,TextGeneratorio/text-generator.io,2024-07,static_analysis_warnings,both,exact_match,True,eaabbefacf47cf51ba7c231df42fff37100c13c6,eaabbefacf47cf51ba7c231df42fff37100c13c6,4413.0,5016.0,603.0,603.0,ncloc_different,source_scope_difference_or_mixed
treatment,TextGeneratorio/text-generator.io,2024-08,static_analysis_warnings,both,exact_match,True,b6d6f478ac36e37f7dcb5f3a50b932ebf350cfe2,b6d6f478ac36e37f7dcb5f3a50b932ebf350cfe2,4417.0,5020.0,603.0,603.0,ncloc_different,source_scope_difference_or_mixed
treatment,TextGeneratorio/text-generator.io,2024-09,static_analysis_warnings,both,paper_commit_missing,False,,b6d6f478ac36e37f7dcb5f3a50b932ebf350cfe2,4417.0,5020.0,603.0,603.0,unknown,paper_commit_missing
treatment,TextGeneratorio/text-generator.io,2024-10,static_analysis_warnings,both,paper_commit_missing,False,,b6d6f478ac36e37f7dcb5f3a50b932ebf350cfe2,4417.0,5020.0,603.0,603.0,unknown,paper_commit_missing
treatment,keephq/keep,2025-01,code_smells,both,exact_match,True,e5d85d9ca27a74536e0e9f8fbb54edf893c8f0c2,e5d85d9ca27a74536e0e9f8fbb54edf893c8f0c2,2079.0,2680.0,601.0,601.0,ncloc_close,source_scope_difference_or_mixed
treatment,TextGeneratorio/text-generator.io,2024-01,code_smells,both,exact_match,True,92c3ebc388615849a39db668be9b52a8faf8e30f,92c3ebc388615849a39db668be9b52a8faf8e30f,3773.0,4370.0,597.0,597.0,ncloc_different,source_scope_difference_or_mixed
treatment,TextGeneratorio/text-generator.io,2024-02,code_smells,both,exact_match,True,5644053e2ab8c2c1d2107a0a825d1c0f0bb5c088,5644053e2ab8c2c1d2107a0a825d1c0f0bb5c088,3773.0,4370.0,597.0,597.0,ncloc_different,source_scope_difference_or_mixed
treatment,TextGeneratorio/text-generator.io,2024-03,code_smells,both,paper_commit_missing,False,,5644053e2ab8c2c1d2107a0a825d1c0f0bb5c088,3773.0,4370.0,597.0,597.0,unknown,paper_commit_missing
treatment,TextGeneratorio/text-generator.io,2024-04,code_smells,both,paper_commit_missing,False,,5644053e2ab8c2c1d2107a0a825d1c0f0bb5c088,3773.0,4370.0,597.0,597.0,unknown,paper_commit_missing
treatment,TextGeneratorio/text-generator.io,2024-05,code_smells,both,exact_match,True,0892be29955c6d268f45b5545a9091cef7372348,0892be29955c6d268f45b5545a9091cef7372348,3775.0,4372.0,597.0,597.0,ncloc_different,source_scope_difference_or_mixed
treatment,TextGeneratorio/text-generator.io,2024-06,code_smells,both,paper_commit_missing,False,,0892be29955c6d268f45b5545a9091cef7372348,3775.0,4372.0,597.0,597.0,unknown,paper_commit_missing
treatment,TextGeneratorio/text-generator.io,2024-07,code_smells,both,exact_match,True,eaabbefacf47cf51ba7c231df42fff37100c13c6,eaabbefacf47cf51ba7c231df42fff37100c13c6,3774.0,4371.0,597.0,597.0,ncloc_different,source_scope_difference_or_mixed
treatment,TextGeneratorio/text-generator.io,2024-08,code_smells,both,exact_match,True,b6d6f478ac36e37f7dcb5f3a50b932ebf350cfe2,b6d6f478ac36e37f7dcb5f3a50b932ebf350cfe2,3778.0,4375.0,597.0,597.0,ncloc_different,source_scope_difference_or_mixed
treatment,TextGeneratorio/text-generator.io,2024-09,code_smells,both,paper_commit_missing,False,,b6d6f478ac36e37f7dcb5f3a50b932ebf350cfe2,3778.0,4375.0,597.0,597.0,unknown,paper_commit_missing
treatment,TextGeneratorio/text-generator.io,2024-10,code_smells,both,paper_commit_missing,False,,b6d6f478ac36e37f7dcb5f3a50b932ebf350cfe2,3778.0,4375.0,597.0,597.0,unknown,paper_commit_missing
treatment,LearningCircuit/local-deep-research,2025-07,static_analysis_warnings,both,exact_match,True,de91a597f2851a551ec95f969e64d20910db8869,de91a597f2851a551ec95f969e64d20910db8869,1033.0,1617.0,584.0,584.0,ncloc_close,source_scope_difference_or_mixed
treatment,LearningCircuit/local-deep-research,2025-07,code_smells,both,exact_match,True,de91a597f2851a551ec95f969e64d20910db8869,de91a597f2851a551ec95f969e64d20910db8869,955.0,1537.0,582.0,582.0,ncloc_close,source_scope_difference_or_mixed
treatment,TextGeneratorio/text-generator.io,2024-11,code_smells,both,exact_match,True,e451574cd387d39aa8d1bab1cbe9d03a4131973d,e451574cd387d39aa8d1bab1cbe9d03a4131973d,3521.0,4097.0,576.0,576.0,ncloc_different,source_scope_difference_or_mixed
treatment,TextGeneratorio/text-generator.io,2024-12,code_smells,both,exact_match,True,48e7be432b6e66beba9d471b9c5e3484de33eb3f,48e7be432b6e66beba9d471b9c5e3484de33eb3f,3525.0,4100.0,575.0,575.0,ncloc_different,source_scope_difference_or_mixed
treatment,TextGeneratorio/text-generator.io,2025-01,code_smells,both,exact_match,True,41b2e647d9ca45d0987290bf299ce7e303ac415a,41b2e647d9ca45d0987290bf299ce7e303ac415a,3545.0,4120.0,575.0,575.0,ncloc_different,source_scope_difference_or_mixed
treatment,TextGeneratorio/text-generator.io,2025-02,code_smells,both,exact_match,True,931cde358016941d35169d0a361dde98ff36320a,931cde358016941d35169d0a361dde98ff36320a,3545.0,4120.0,575.0,575.0,ncloc_different,source_scope_difference_or_mixed
treatment,TextGeneratorio/text-generator.io,2025-03,code_smells,both,exact_match,True,f330b4fd8064ea499385da03f3fc6c297916b674,f330b4fd8064ea499385da03f3fc6c297916b674,3545.0,4120.0,575.0,575.0,ncloc_different,source_scope_difference_or_mixed
treatment,TextGeneratorio/text-generator.io,2024-11,static_analysis_warnings,both,exact_match,True,e451574cd387d39aa8d1bab1cbe9d03a4131973d,e451574cd387d39aa8d1bab1cbe9d03a4131973d,4152.0,4724.0,572.0,572.0,ncloc_different,source_scope_difference_or_mixed
treatment,TextGeneratorio/text-generator.io,2024-12,static_analysis_warnings,both,exact_match,True,48e7be432b6e66beba9d471b9c5e3484de33eb3f,48e7be432b6e66beba9d471b9c5e3484de33eb3f,4156.0,4727.0,571.0,571.0,ncloc_different,source_scope_difference_or_mixed
treatment,TextGeneratorio/text-generator.io,2025-01,static_analysis_warnings,both,exact_match,True,41b2e647d9ca45d0987290bf299ce7e303ac415a,41b2e647d9ca45d0987290bf299ce7e303ac415a,4174.0,4745.0,571.0,571.0,ncloc_different,source_scope_difference_or_mixed
treatment,TextGeneratorio/text-generator.io,2025-02,static_analysis_warnings,both,exact_match,True,931cde358016941d35169d0a361dde98ff36320a,931cde358016941d35169d0a361dde98ff36320a,4174.0,4745.0,571.0,571.0,ncloc_different,source_scope_difference_or_mixed
treatment,TextGeneratorio/text-generator.io,2025-03,static_analysis_warnings,both,exact_match,True,f330b4fd8064ea499385da03f3fc6c297916b674,f330b4fd8064ea499385da03f3fc6c297916b674,4174.0,4745.0,571.0,571.0,ncloc_different,source_scope_difference_or_mixed
treatment,ethyca/fides,2024-08,static_analysis_warnings,both,exact_match,True,e9174b771155abc0ff3faf1fb7b8b76836788617,e9174b771155abc0ff3faf1fb7b8b76836788617,1758.0,2314.0,556.0,556.0,ncloc_close,source_scope_difference_or_mixed
treatment,keephq/keep,2024-12,code_smells,both,exact_match,True,6ad036b1837b2de0331014c58d2d1e1d99e46d59,6ad036b1837b2de0331014c58d2d1e1d99e46d59,1963.0,2513.0,550.0,550.0,ncloc_close,source_scope_difference_or_mixed
treatment,keephq/keep,2024-12,static_analysis_warnings,both,exact_match,True,6ad036b1837b2de0331014c58d2d1e1d99e46d59,6ad036b1837b2de0331014c58d2d1e1d99e46d59,2070.0,2620.0,550.0,550.0,ncloc_close,source_scope_difference_or_mixed
treatment,keephq/keep,2024-11,static_analysis_warnings,both,exact_match,True,a3b9303830358fbeefa53d83f721951c8c1560f4,a3b9303830358fbeefa53d83f721951c8c1560f4,2039.0,2579.0,540.0,540.0,ncloc_close,source_scope_difference_or_mixed
treatment,keephq/keep,2024-11,code_smells,both,exact_match,True,a3b9303830358fbeefa53d83f721951c8c1560f4,a3b9303830358fbeefa53d83f721951c8c1560f4,1945.0,2484.0,539.0,539.0,ncloc_close,source_scope_difference_or_mixed
treatment,PostHog/posthog,2024-10,static_analysis_warnings,both,exact_match,True,12ff477551dfc5a197aca3006e14e4193183dbd8,12ff477551dfc5a197aca3006e14e4193183dbd8,8973.0,9510.0,537.0,537.0,ncloc_different,source_scope_difference_or_mixed
control,HelpingAI/Webscout,2025-08,static_analysis_warnings,both,exact_match,True,259c469b1785b81094ce71312991307ad5c14d58,259c469b1785b81094ce71312991307ad5c14d58,1143.0,1650.0,507.0,507.0,ncloc_close,source_scope_difference_or_mixed
treatment,keephq/keep,2024-10,static_analysis_warnings,both,exact_match,True,add75fb2aa8bbd8ed47f68dfc3d242cb78cd68d8,add75fb2aa8bbd8ed47f68dfc3d242cb78cd68d8,1910.0,2416.0,506.0,506.0,ncloc_close,source_scope_difference_or_mixed
treatment,keephq/keep,2024-10,code_smells,both,exact_match,True,add75fb2aa8bbd8ed47f68dfc3d242cb78cd68d8,add75fb2aa8bbd8ed47f68dfc3d242cb78cd68d8,1817.0,2320.0,503.0,503.0,ncloc_close,source_scope_difference_or_mixed
control,HelpingAI/Webscout,2025-07,static_analysis_warnings,both,exact_match,True,3c0f40c7caa64697c58cc209b70672171dd541a9,3c0f40c7caa64697c58cc209b70672171dd541a9,1225.0,1727.0,502.0,502.0,ncloc_close,source_scope_difference_or_mixed
control,HelpingAI/Webscout,2025-08,code_smells,both,exact_match,True,259c469b1785b81094ce71312991307ad5c14d58,259c469b1785b81094ce71312991307ad5c14d58,1115.0,1603.0,488.0,488.0,ncloc_close,source_scope_difference_or_mixed
treatment,PostHog/posthog,2024-10,code_smells,both,exact_match,True,12ff477551dfc5a197aca3006e14e4193183dbd8,12ff477551dfc5a197aca3006e14e4193183dbd8,8720.0,9206.0,486.0,486.0,ncloc_different,source_scope_difference_or_mixed
control,HelpingAI/Webscout,2025-07,code_smells,both,exact_match,True,3c0f40c7caa64697c58cc209b70672171dd541a9,3c0f40c7caa64697c58cc209b70672171dd541a9,1197.0,1682.0,485.0,485.0,ncloc_close,source_scope_difference_or_mixed
treatment,keephq/keep,2024-09,static_analysis_warnings,both,exact_match,True,fb4b5d5ad83f4a1b7b3014aaf14aa2681c88f58a,fb4b5d5ad83f4a1b7b3014aaf14aa2681c88f58a,1726.0,2208.0,482.0,482.0,ncloc_close,source_scope_difference_or_mixed
treatment,keephq/keep,2024-09,code_smells,both,exact_match,True,fb4b5d5ad83f4a1b7b3014aaf14aa2681c88f58a,fb4b5d5ad83f4a1b7b3014aaf14aa2681c88f58a,1641.0,2121.0,480.0,480.0,ncloc_close,source_scope_difference_or_mixed
control,HelpingAI/Webscout,2025-06,static_analysis_warnings,both,exact_match,True,e3ea673b30db1067ffcd26fd13362697f4ef56f7,e3ea673b30db1067ffcd26fd13362697f4ef56f7,1270.0,1746.0,476.0,476.0,ncloc_close,source_scope_difference_or_mixed
treatment,PostHog/posthog,2024-09,static_analysis_warnings,both,exact_match,True,761c6ce0ab4db14ddede62cb61b6d6854dff7ea7,761c6ce0ab4db14ddede62cb61b6d6854dff7ea7,8778.0,9246.0,468.0,468.0,ncloc_different,source_scope_difference_or_mixed
control,HelpingAI/Webscout,2025-06,code_smells,both,exact_match,True,e3ea673b30db1067ffcd26fd13362697f4ef56f7,e3ea673b30db1067ffcd26fd13362697f4ef56f7,1243.0,1702.0,459.0,459.0,ncloc_close,source_scope_difference_or_mixed
treatment,LearningCircuit/local-deep-research,2025-06,static_analysis_warnings,both,exact_match,True,a725bf4b3944d348c441777ba758de442bc7015e,a725bf4b3944d348c441777ba758de442bc7015e,768.0,1225.0,457.0,457.0,ncloc_close,source_scope_difference_or_mixed
treatment,LearningCircuit/local-deep-research,2025-06,code_smells,both,exact_match,True,a725bf4b3944d348c441777ba758de442bc7015e,a725bf4b3944d348c441777ba758de442bc7015e,712.0,1148.0,436.0,436.0,ncloc_close,source_scope_difference_or_mixed
treatment,PostHog/posthog,2024-09,code_smells,both,exact_match,True,761c6ce0ab4db14ddede62cb61b6d6854dff7ea7,761c6ce0ab4db14ddede62cb61b6d6854dff7ea7,8534.0,8952.0,418.0,418.0,ncloc_different,source_scope_difference_or_mixed
treatment,PostHog/posthog,2024-08,static_analysis_warnings,both,exact_match,True,0a6ab2622fd9404afdc60100fef54c3c112ea379,0a6ab2622fd9404afdc60100fef54c3c112ea379,8510.0,8926.0,416.0,416.0,ncloc_different,source_scope_difference_or_mixed
treatment,sbomify/sbomify,2025-08,static_analysis_warnings,both,mismatch,False,56888265e436583206d76cc4588863f364e0cc5c,20276afd986b0f95c5c2758029989a8e83abf713,576.0,981.0,405.0,405.0,unknown,commit_selection_difference
treatment,airweave-ai/airweave,2025-04,static_analysis_warnings,both,exact_match,True,786b96bdb9e59b7e08ae746c5c3a044b77ca5bd6,786b96bdb9e59b7e08ae746c5c3a044b77ca5bd6,459.0,862.0,403.0,403.0,ncloc_close,source_scope_difference_or_mixed
control,HelpingAI/Webscout,2025-05,static_analysis_warnings,both,exact_match,True,44f4fd7a04771e30dac59705566949b590386208,44f4fd7a04771e30dac59705566949b590386208,1128.0,1522.0,394.0,394.0,ncloc_close,source_scope_difference_or_mixed
treatment,sbomify/sbomify,2025-07,static_analysis_warnings,both,exact_match,True,571a358c77be14342e46b109d3053a296c6cc094,571a358c77be14342e46b109d3053a296c6cc094,562.0,953.0,391.0,391.0,ncloc_close,source_scope_difference_or_mixed
control,HelpingAI/Webscout,2025-04,static_analysis_warnings,both,mismatch,False,0d37e47f31e81edaaf0083ee65e86d0291939692,e37241c7865adb0ad181fb6a1fd42fd7d29a8572,890.0,1278.0,388.0,388.0,unknown,commit_selection_difference
control,HelpingAI/Webscout,2025-05,code_smells,both,exact_match,True,44f4fd7a04771e30dac59705566949b590386208,44f4fd7a04771e30dac59705566949b590386208,1109.0,1497.0,388.0,388.0,ncloc_close,source_scope_difference_or_mixed
control,HelpingAI/Webscout,2025-04,code_smells,both,mismatch,False,0d37e47f31e81edaaf0083ee65e86d0291939692,e37241c7865adb0ad181fb6a1fd42fd7d29a8572,853.0,1238.0,385.0,385.0,unknown,commit_selection_difference
treatment,KroMiose/nekro-agent,2025-07,static_analysis_warnings,both,exact_match,True,4734ce73a8a08b2296d1c97ba431ac4dff468cb1,4734ce73a8a08b2296d1c97ba431ac4dff468cb1,677.0,1056.0,379.0,379.0,ncloc_close,source_scope_difference_or_mixed
treatment,KroMiose/nekro-agent,2025-08,static_analysis_warnings,both,exact_match,True,d4d687ca32e2906fbb219d3a1aa0018ae7554480,d4d687ca32e2906fbb219d3a1aa0018ae7554480,668.0,1045.0,377.0,377.0,ncloc_close,source_scope_difference_or_mixed
treatment,sbomify/sbomify,2025-08,code_smells,both,mismatch,False,56888265e436583206d76cc4588863f364e0cc5c,20276afd986b0f95c5c2758029989a8e83abf713,564.0,932.0,368.0,368.0,unknown,commit_selection_difference
treatment,keephq/keep,2024-08,static_analysis_warnings,both,exact_match,True,eb1ead38d602eb0db889e19e7023e5947c44b4ac,eb1ead38d602eb0db889e19e7023e5947c44b4ac,1295.0,1662.0,367.0,367.0,ncloc_close,source_scope_difference_or_mixed
treatment,keephq/keep,2024-08,code_smells,both,exact_match,True,eb1ead38d602eb0db889e19e7023e5947c44b4ac,eb1ead38d602eb0db889e19e7023e5947c44b4ac,1233.0,1597.0,364.0,364.0,ncloc_close,source_scope_difference_or_mixed
treatment,PostHog/posthog,2024-08,code_smells,both,exact_match,True,0a6ab2622fd9404afdc60100fef54c3c112ea379,0a6ab2622fd9404afdc60100fef54c3c112ea379,8245.0,8605.0,360.0,360.0,ncloc_different,source_scope_difference_or_mixed
treatment,airweave-ai/airweave,2025-04,code_smells,both,exact_match,True,786b96bdb9e59b7e08ae746c5c3a044b77ca5bd6,786b96bdb9e59b7e08ae746c5c3a044b77ca5bd6,440.0,800.0,360.0,360.0,ncloc_close,source_scope_difference_or_mixed
treatment,airweave-ai/airweave,2025-03,static_analysis_warnings,both,exact_match,True,8118371941d89abce9ca9f4a4df65e4caecc9b44,8118371941d89abce9ca9f4a4df65e4caecc9b44,378.0,736.0,358.0,358.0,ncloc_different,source_scope_difference_or_mixed
treatment,keephq/keep,2024-07,static_analysis_warnings,both,exact_match,True,bd626be9f9760d7665d906f637467f8b811175d3,bd626be9f9760d7665d906f637467f8b811175d3,1256.0,1612.0,356.0,356.0,ncloc_identical,rule_config_analyzer_profile_signal
treatment,sbomify/sbomify,2025-07,code_smells,both,exact_match,True,571a358c77be14342e46b109d3053a296c6cc094,571a358c77be14342e46b109d3053a296c6cc094,552.0,908.0,356.0,356.0,ncloc_close,source_scope_difference_or_mixed
treatment,keephq/keep,2024-07,code_smells,both,exact_match,True,bd626be9f9760d7665d906f637467f8b811175d3,bd626be9f9760d7665d906f637467f8b811175d3,1194.0,1549.0,355.0,355.0,ncloc_identical,rule_config_analyzer_profile_signal
treatment,KroMiose/nekro-agent,2025-07,code_smells,both,exact_match,True,4734ce73a8a08b2296d1c97ba431ac4dff468cb1,4734ce73a8a08b2296d1c97ba431ac4dff468cb1,666.0,1017.0,351.0,351.0,ncloc_close,source_scope_difference_or_mixed
treatment,KroMiose/nekro-agent,2025-06,static_analysis_warnings,both,exact_match,True,6b4ea2a856abd9f496ccab2646ac42f7abf16854,6b4ea2a856abd9f496ccab2646ac42f7abf16854,622.0,972.0,350.0,350.0,ncloc_close,source_scope_difference_or_mixed
treatment,KroMiose/nekro-agent,2025-08,code_smells,both,exact_match,True,d4d687ca32e2906fbb219d3a1aa0018ae7554480,d4d687ca32e2906fbb219d3a1aa0018ae7554480,655.0,1005.0,350.0,350.0,ncloc_close,source_scope_difference_or_mixed
treatment,terryyin/lizard,2025-08,code_smells,both,exact_match,True,f4c93acb75391b2797782373c95889434ac9b2ab,f4c93acb75391b2797782373c95889434ac9b2ab,1506.0,1854.0,348.0,348.0,ncloc_different,source_scope_difference_or_mixed
treatment,terryyin/lizard,2025-06,code_smells,both,exact_match,True,d8cb37d396710cc71525e91b62f78320d6b7b03f,d8cb37d396710cc71525e91b62f78320d6b7b03f,1506.0,1853.0,347.0,347.0,ncloc_different,source_scope_difference_or_mixed
treatment,terryyin/lizard,2025-07,code_smells,both,exact_match,True,10017f0c2ebb0688474c4a2b1216863d7632bbcf,10017f0c2ebb0688474c4a2b1216863d7632bbcf,1506.0,1853.0,347.0,347.0,ncloc_different,source_scope_difference_or_mixed
treatment,terryyin/lizard,2025-04,code_smells,both,exact_match,True,7b72428d60d1bdd83d2c5fb807f8c7f33e23e71b,7b72428d60d1bdd83d2c5fb807f8c7f33e23e71b,1515.0,1861.0,346.0,346.0,ncloc_different,source_scope_difference_or_mixed
treatment,terryyin/lizard,2025-05,code_smells,both,exact_match,True,1ef2169fe8524b27777ec65944ba4eca8570e2b7,1ef2169fe8524b27777ec65944ba4eca8570e2b7,1505.0,1851.0,346.0,346.0,ncloc_different,source_scope_difference_or_mixed
treatment,terryyin/lizard,2024-04,code_smells,both,exact_match,True,7b47f8885eb694e6ec82df21e024f2b5265ffba9,7b47f8885eb694e6ec82df21e024f2b5265ffba9,1481.0,1826.0,345.0,345.0,ncloc_different,source_scope_difference_or_mixed
treatment,terryyin/lizard,2024-05,code_smells,both,paper_commit_missing,False,,7b47f8885eb694e6ec82df21e024f2b5265ffba9,1481.0,1826.0,345.0,345.0,unknown,paper_commit_missing
treatment,terryyin/lizard,2024-06,code_smells,both,paper_commit_missing,False,,7b47f8885eb694e6ec82df21e024f2b5265ffba9,1481.0,1826.0,345.0,345.0,unknown,paper_commit_missing
treatment,terryyin/lizard,2024-07,code_smells,both,paper_commit_missing,False,,7b47f8885eb694e6ec82df21e024f2b5265ffba9,1481.0,1826.0,345.0,345.0,unknown,paper_commit_missing
treatment,terryyin/lizard,2024-08,code_smells,both,exact_match,True,c17ccbbe5203c34236fb52aa5f288ed2a96d55c0,c17ccbbe5203c34236fb52aa5f288ed2a96d55c0,1481.0,1826.0,345.0,345.0,ncloc_different,source_scope_difference_or_mixed
treatment,terryyin/lizard,2024-09,code_smells,both,paper_commit_missing,False,,c17ccbbe5203c34236fb52aa5f288ed2a96d55c0,1481.0,1826.0,345.0,345.0,unknown,paper_commit_missing
treatment,terryyin/lizard,2024-10,code_smells,both,exact_match,True,ef8ac19ce83d5c7f7e620f7525b6844ef8d4323a,ef8ac19ce83d5c7f7e620f7525b6844ef8d4323a,1484.0,1829.0,345.0,345.0,ncloc_different,source_scope_difference_or_mixed
treatment,terryyin/lizard,2024-11,code_smells,both,paper_commit_missing,False,,ef8ac19ce83d5c7f7e620f7525b6844ef8d4323a,1484.0,1829.0,345.0,345.0,unknown,paper_commit_missing
treatment,terryyin/lizard,2024-12,code_smells,both,exact_match,True,8f3742c28c9fd5d86fe6adfd906c9c91531390e4,8f3742c28c9fd5d86fe6adfd906c9c91531390e4,1485.0,1829.0,344.0,344.0,ncloc_different,source_scope_difference_or_mixed
treatment,terryyin/lizard,2025-01,code_smells,both,exact_match,True,c3cd418ce204dff6ddf223096d6a2aec2e7b5b51,c3cd418ce204dff6ddf223096d6a2aec2e7b5b51,1502.0,1846.0,344.0,344.0,ncloc_different,source_scope_difference_or_mixed
treatment,terryyin/lizard,2025-03,code_smells,both,exact_match,True,86951d42c1f4fe5eaf00d258df2ab61952867838,86951d42c1f4fe5eaf00d258df2ab61952867838,1515.0,1859.0,344.0,344.0,ncloc_different,source_scope_difference_or_mixed
treatment,terryyin/lizard,2025-02,code_smells,both,exact_match,True,7d48c44317121698e144aa7127082b46f7581ab0,7d48c44317121698e144aa7127082b46f7581ab0,1508.0,1849.0,341.0,341.0,ncloc_different,source_scope_difference_or_mixed
control,microsoft/AzureTRE,2025-04,static_analysis_warnings,both,exact_match,True,95172bd84e7770b56d22702d2e1e38d5bda4471f,95172bd84e7770b56d22702d2e1e38d5bda4471f,579.0,916.0,337.0,337.0,ncloc_close,source_scope_difference_or_mixed
control,microsoft/AzureTRE,2025-07,static_analysis_warnings,both,exact_match,True,34186de64f16e3bd0ee122bd84d107626b168cea,34186de64f16e3bd0ee122bd84d107626b168cea,592.0,928.0,336.0,336.0,ncloc_close,source_scope_difference_or_mixed
control,microsoft/AzureTRE,2025-08,static_analysis_warnings,both,paper_commit_missing,False,,34186de64f16e3bd0ee122bd84d107626b168cea,592.0,928.0,336.0,336.0,unknown,paper_commit_missing
treatment,KroMiose/nekro-agent,2025-06,code_smells,both,exact_match,True,6b4ea2a856abd9f496ccab2646ac42f7abf16854,6b4ea2a856abd9f496ccab2646ac42f7abf16854,611.0,941.0,330.0,330.0,ncloc_close,source_scope_difference_or_mixed
treatment,airweave-ai/airweave,2025-03,code_smells,both,exact_match,True,8118371941d89abce9ca9f4a4df65e4caecc9b44,8118371941d89abce9ca9f4a4df65e4caecc9b44,363.0,693.0,330.0,330.0,ncloc_different,source_scope_difference_or_mixed
control,microsoft/AzureTRE,2025-06,static_analysis_warnings,both,exact_match,True,0819afd148f6ac86c55d5544dab64992729d65c5,0819afd148f6ac86c55d5544dab64992729d65c5,571.0,901.0,330.0,330.0,ncloc_close,source_scope_difference_or_mixed
treatment,LearningCircuit/local-deep-research,2025-04,static_analysis_warnings,both,exact_match,True,3c52fac5a154ac340d8e9bc9180fd916540d070b,3c52fac5a154ac340d8e9bc9180fd916540d070b,202.0,531.0,329.0,329.0,ncloc_close,source_scope_difference_or_mixed
control,microsoft/AzureTRE,2025-05,static_analysis_warnings,both,exact_match,True,1b6f9e09e9b5ae512b6ba9ec9e1939702f731d48,1b6f9e09e9b5ae512b6ba9ec9e1939702f731d48,571.0,900.0,329.0,329.0,ncloc_close,source_scope_difference_or_mixed
control,lancedb/lancedb,2024-12,code_smells,both,exact_match,True,92d845fa725cd044db1a10299046031c201febd0,92d845fa725cd044db1a10299046031c201febd0,303.0,625.0,322.0,322.0,ncloc_different,source_scope_difference_or_mixed
control,lancedb/lancedb,2024-11,code_smells,both,exact_match,True,83e26a231e487673ce6f92dc32e7fe7d8c6d16d0,83e26a231e487673ce6f92dc32e7fe7d8c6d16d0,282.0,603.0,321.0,321.0,ncloc_different,source_scope_difference_or_mixed
control,lancedb/lancedb,2024-12,static_analysis_warnings,both,exact_match,True,92d845fa725cd044db1a10299046031c201febd0,92d845fa725cd044db1a10299046031c201febd0,313.0,634.0,321.0,321.0,ncloc_different,source_scope_difference_or_mixed
control,lancedb/lancedb,2024-11,static_analysis_warnings,both,exact_match,True,83e26a231e487673ce6f92dc32e7fe7d8c6d16d0,83e26a231e487673ce6f92dc32e7fe7d8c6d16d0,292.0,612.0,320.0,320.0,ncloc_different,source_scope_difference_or_mixed
treatment,LearningCircuit/local-deep-research,2025-04,code_smells,both,exact_match,True,3c52fac5a154ac340d8e9bc9180fd916540d070b,3c52fac5a154ac340d8e9bc9180fd916540d070b,195.0,513.0,318.0,318.0,ncloc_close,source_scope_difference_or_mixed
control,microsoft/AzureTRE,2025-02,static_analysis_warnings,both,exact_match,True,3fcbdf9c6df25ccd3500702bff952e95766fa6d2,3fcbdf9c6df25ccd3500702bff952e95766fa6d2,572.0,890.0,318.0,318.0,ncloc_close,source_scope_difference_or_mixed
control,microsoft/AzureTRE,2025-03,static_analysis_warnings,both,exact_match,True,cba92f16d3d386ac2121cc45514023290f044033,cba92f16d3d386ac2121cc45514023290f044033,572.0,890.0,318.0,318.0,ncloc_close,source_scope_difference_or_mixed
treatment,KroMiose/nekro-agent,2025-05,static_analysis_warnings,both,exact_match,True,042d1ff54c527988693b2f18eb6d42c1224d4d16,042d1ff54c527988693b2f18eb6d42c1224d4d16,569.0,885.0,316.0,316.0,ncloc_close,source_scope_difference_or_mixed
control,microsoft/AzureTRE,2024-12,static_analysis_warnings,both,exact_match,True,f26ab35bba859924524e39d25fa75623bd8616a5,f26ab35bba859924524e39d25fa75623bd8616a5,562.0,877.0,315.0,315.0,ncloc_close,source_scope_difference_or_mixed
control,microsoft/AzureTRE,2025-01,static_analysis_warnings,both,exact_match,True,7c88fe498de3dabc9adb2bfd0122d1f49f246a5b,7c88fe498de3dabc9adb2bfd0122d1f49f246a5b,563.0,878.0,315.0,315.0,ncloc_close,source_scope_difference_or_mixed
control,lancedb/lancedb,2024-10,static_analysis_warnings,both,exact_match,True,f3fc339ef650517674a22995d81f9ae21e7bae5a,f3fc339ef650517674a22995d81f9ae21e7bae5a,288.0,602.0,314.0,314.0,ncloc_different,source_scope_difference_or_mixed
control,microsoft/AzureTRE,2024-11,static_analysis_warnings,both,exact_match,True,90274e55ab850d156c5983ced2175977ef3f0158,90274e55ab850d156c5983ced2175977ef3f0158,576.0,889.0,313.0,313.0,ncloc_close,source_scope_difference_or_mixed
control,microsoft/AzureTRE,2024-10,static_analysis_warnings,both,exact_match,True,8d27d595498ccf4c2cd45a9af859bc435061a61e,8d27d595498ccf4c2cd45a9af859bc435061a61e,590.0,902.0,312.0,312.0,ncloc_close,source_scope_difference_or_mixed
control,lancedb/lancedb,2024-09,static_analysis_warnings,both,exact_match,True,d6b505477886b48b4868a56481373e2a29a72fcd,d6b505477886b48b4868a56481373e2a29a72fcd,305.0,615.0,310.0,310.0,ncloc_different,source_scope_difference_or_mixed
control,microsoft/AzureTRE,2024-01,static_analysis_warnings,both,exact_match,True,31960894e15266f6ae76a4b7c1028cf9cc6bc459,31960894e15266f6ae76a4b7c1028cf9cc6bc459,586.0,895.0,309.0,309.0,ncloc_close,source_scope_difference_or_mixed
control,microsoft/AzureTRE,2024-02,static_analysis_warnings,both,exact_match,True,b2caab3b6e18e696abe751d3d7606677b968dc5f,b2caab3b6e18e696abe751d3d7606677b968dc5f,586.0,895.0,309.0,309.0,ncloc_close,source_scope_difference_or_mixed
control,microsoft/AzureTRE,2024-03,static_analysis_warnings,both,exact_match,True,ddddbf6e3e8d13db477f70dc2ca8048dd12c563a,ddddbf6e3e8d13db477f70dc2ca8048dd12c563a,586.0,895.0,309.0,309.0,ncloc_close,source_scope_difference_or_mixed
control,microsoft/AzureTRE,2024-04,static_analysis_warnings,both,exact_match,True,cb59c99233575b096207e6afc288af9da7ee0256,cb59c99233575b096207e6afc288af9da7ee0256,586.0,895.0,309.0,309.0,ncloc_close,source_scope_difference_or_mixed
control,microsoft/AzureTRE,2024-05,static_analysis_warnings,both,exact_match,True,1ffb09baf37f4599adfd65b4259fdda7564da408,1ffb09baf37f4599adfd65b4259fdda7564da408,586.0,895.0,309.0,309.0,ncloc_close,source_scope_difference_or_mixed
control,microsoft/AzureTRE,2024-06,static_analysis_warnings,both,exact_match,True,9e49ed69d1ca074f7cae54647bd16001e59644a8,9e49ed69d1ca074f7cae54647bd16001e59644a8,586.0,895.0,309.0,309.0,ncloc_close,source_scope_difference_or_mixed
control,microsoft/AzureTRE,2024-07,static_analysis_warnings,both,exact_match,True,6d51acec45c4ae60a66bbfdf0d35d8b1c9158ff9,6d51acec45c4ae60a66bbfdf0d35d8b1c9158ff9,587.0,896.0,309.0,309.0,ncloc_close,source_scope_difference_or_mixed
control,microsoft/AzureTRE,2024-08,static_analysis_warnings,both,exact_match,True,c3e4c8db9b8e548c2d498e34a6aa4a5796852401,c3e4c8db9b8e548c2d498e34a6aa4a5796852401,586.0,895.0,309.0,309.0,ncloc_close,source_scope_difference_or_mixed
control,microsoft/AzureTRE,2024-09,static_analysis_warnings,both,exact_match,True,93e9a375c1ed7b2132bb470ae16c12130c183a8a,93e9a375c1ed7b2132bb470ae16c12130c183a8a,587.0,896.0,309.0,309.0,ncloc_close,source_scope_difference_or_mixed
control,lancedb/lancedb,2024-10,code_smells,both,exact_match,True,f3fc339ef650517674a22995d81f9ae21e7bae5a,f3fc339ef650517674a22995d81f9ae21e7bae5a,279.0,587.0,308.0,308.0,ncloc_different,source_scope_difference_or_mixed
treatment,LearningCircuit/local-deep-research,2025-05,static_analysis_warnings,both,exact_match,True,59767f6f15c60ce02993c67edd97c95c0c762549,59767f6f15c60ce02993c67edd97c95c0c762549,271.0,578.0,307.0,307.0,ncloc_close,source_scope_difference_or_mixed
control,lancedb/lancedb,2024-09,code_smells,both,exact_match,True,d6b505477886b48b4868a56481373e2a29a72fcd,d6b505477886b48b4868a56481373e2a29a72fcd,296.0,601.0,305.0,305.0,ncloc_different,source_scope_difference_or_mixed
control,lancedb/lancedb,2025-07,code_smells,both,exact_match,True,c7afa724ddf1a3a5ff0633edc75c93570b9a5689,c7afa724ddf1a3a5ff0633edc75c93570b9a5689,412.0,712.0,300.0,300.0,ncloc_different,source_scope_difference_or_mixed
control,HelpingAI/Webscout,2025-03,static_analysis_warnings,both,exact_match,True,0d6ff18a9799de1f2bbe637431e363e4c49006e7,0d6ff18a9799de1f2bbe637431e363e4c49006e7,723.0,1022.0,299.0,299.0,ncloc_identical,rule_config_analyzer_profile_signal
treatment,KroMiose/nekro-agent,2025-05,code_smells,both,exact_match,True,042d1ff54c527988693b2f18eb6d42c1224d4d16,042d1ff54c527988693b2f18eb6d42c1224d4d16,558.0,857.0,299.0,299.0,ncloc_close,source_scope_difference_or_mixed
control,lancedb/lancedb,2025-05,code_smells,both,exact_match,True,0525c055fcc6b25297084bdaddc072d206345df1,0525c055fcc6b25297084bdaddc072d206345df1,400.0,698.0,298.0,298.0,ncloc_different,source_scope_difference_or_mixed
treatment,LearningCircuit/local-deep-research,2025-05,code_smells,both,exact_match,True,59767f6f15c60ce02993c67edd97c95c0c762549,59767f6f15c60ce02993c67edd97c95c0c762549,259.0,556.0,297.0,297.0,ncloc_close,source_scope_difference_or_mixed
control,lancedb/lancedb,2025-04,code_smells,both,exact_match,True,3cc670ac3860bb9990d89f61d9b1644b0e4c658f,3cc670ac3860bb9990d89f61d9b1644b0e4c658f,398.0,695.0,297.0,297.0,ncloc_different,source_scope_difference_or_mixed
control,lancedb/lancedb,2025-06,code_smells,both,exact_match,True,1dadb2aefa8c7e20098f8bdd4fad45383a8ebab7,1dadb2aefa8c7e20098f8bdd4fad45383a8ebab7,402.0,699.0,297.0,297.0,ncloc_different,source_scope_difference_or_mixed
control,lancedb/lancedb,2025-04,static_analysis_warnings,both,exact_match,True,3cc670ac3860bb9990d89f61d9b1644b0e4c658f,3cc670ac3860bb9990d89f61d9b1644b0e4c658f,408.0,703.0,295.0,295.0,ncloc_different,source_scope_difference_or_mixed
treatment,keephq/keep,2024-06,static_analysis_warnings,both,exact_match,True,e6ce080de41cd5e218eff5357b00f6ebdbb5b757,e6ce080de41cd5e218eff5357b00f6ebdbb5b757,1094.0,1388.0,294.0,294.0,ncloc_identical,rule_config_analyzer_profile_signal
treatment,keephq/keep,2024-06,code_smells,both,exact_match,True,e6ce080de41cd5e218eff5357b00f6ebdbb5b757,e6ce080de41cd5e218eff5357b00f6ebdbb5b757,1037.0,1329.0,292.0,292.0,ncloc_identical,rule_config_analyzer_profile_signal
control,lancedb/lancedb,2024-08,static_analysis_warnings,both,exact_match,True,51966a84f582476566daf289589318e9cc2cd0a1,51966a84f582476566daf289589318e9cc2cd0a1,305.0,596.0,291.0,291.0,ncloc_different,source_scope_difference_or_mixed
control,lancedb/lancedb,2025-07,static_analysis_warnings,both,exact_match,True,c7afa724ddf1a3a5ff0633edc75c93570b9a5689,c7afa724ddf1a3a5ff0633edc75c93570b9a5689,428.0,719.0,291.0,291.0,ncloc_different,source_scope_difference_or_mixed
control,microsoft/AzureTRE,2025-04,code_smells,both,exact_match,True,95172bd84e7770b56d22702d2e1e38d5bda4471f,95172bd84e7770b56d22702d2e1e38d5bda4471f,499.0,790.0,291.0,291.0,ncloc_close,source_scope_difference_or_mixed
treatment,keephq/keep,2024-04,static_analysis_warnings,both,exact_match,True,0dcfac86313597fd3eb6bc0aa7233bd35a0b5338,0dcfac86313597fd3eb6bc0aa7233bd35a0b5338,1010.0,1300.0,290.0,290.0,ncloc_close,source_scope_difference_or_mixed
treatment,keephq/keep,2024-04,code_smells,both,exact_match,True,0dcfac86313597fd3eb6bc0aa7233bd35a0b5338,0dcfac86313597fd3eb6bc0aa7233bd35a0b5338,957.0,1246.0,289.0,289.0,ncloc_close,source_scope_difference_or_mixed
control,lancedb/lancedb,2025-05,static_analysis_warnings,both,exact_match,True,0525c055fcc6b25297084bdaddc072d206345df1,0525c055fcc6b25297084bdaddc072d206345df1,416.0,705.0,289.0,289.0,ncloc_different,source_scope_difference_or_mixed
control,microsoft/AzureTRE,2025-07,code_smells,both,exact_match,True,34186de64f16e3bd0ee122bd84d107626b168cea,34186de64f16e3bd0ee122bd84d107626b168cea,517.0,806.0,289.0,289.0,ncloc_close,source_scope_difference_or_mixed
control,microsoft/AzureTRE,2025-08,code_smells,both,paper_commit_missing,False,,34186de64f16e3bd0ee122bd84d107626b168cea,517.0,806.0,289.0,289.0,unknown,paper_commit_missing
control,HelpingAI/Webscout,2025-03,code_smells,both,exact_match,True,0d6ff18a9799de1f2bbe637431e363e4c49006e7,0d6ff18a9799de1f2bbe637431e363e4c49006e7,689.0,977.0,288.0,288.0,ncloc_identical,rule_config_analyzer_profile_signal
control,lancedb/lancedb,2025-06,static_analysis_warnings,both,exact_match,True,1dadb2aefa8c7e20098f8bdd4fad45383a8ebab7,1dadb2aefa8c7e20098f8bdd4fad45383a8ebab7,418.0,706.0,288.0,288.0,ncloc_different,source_scope_difference_or_mixed
control,lancedb/lancedb,2024-08,code_smells,both,exact_match,True,51966a84f582476566daf289589318e9cc2cd0a1,51966a84f582476566daf289589318e9cc2cd0a1,295.0,582.0,287.0,287.0,ncloc_different,source_scope_difference_or_mixed
treatment,trycua/cua,2025-06,static_analysis_warnings,both,exact_match,True,f4b6b5942bc67e3331da5c442f6b8aa894bd12a1,f4b6b5942bc67e3331da5c442f6b8aa894bd12a1,332.0,618.0,286.0,286.0,ncloc_identical,rule_config_analyzer_profile_signal
control,microsoft/AzureTRE,2025-06,code_smells,both,exact_match,True,0819afd148f6ac86c55d5544dab64992729d65c5,0819afd148f6ac86c55d5544dab64992729d65c5,496.0,781.0,285.0,285.0,ncloc_close,source_scope_difference_or_mixed
control,microsoft/AzureTRE,2025-05,code_smells,both,exact_match,True,1b6f9e09e9b5ae512b6ba9ec9e1939702f731d48,1b6f9e09e9b5ae512b6ba9ec9e1939702f731d48,496.0,780.0,284.0,284.0,ncloc_close,source_scope_difference_or_mixed
treatment,keephq/keep,2024-05,static_analysis_warnings,both,exact_match,True,23e20189f22444f91b33f89339fe438bc08c9a16,23e20189f22444f91b33f89339fe438bc08c9a16,1021.0,1303.0,282.0,282.0,ncloc_identical,rule_config_analyzer_profile_signal
control,lancedb/lancedb,2024-07,static_analysis_warnings,both,exact_match,True,6af69b57ad24f5ea313a98f4b388f68c81a75bc1,6af69b57ad24f5ea313a98f4b388f68c81a75bc1,300.0,582.0,282.0,282.0,ncloc_different,source_scope_difference_or_mixed
treatment,keephq/keep,2024-05,code_smells,both,exact_match,True,23e20189f22444f91b33f89339fe438bc08c9a16,23e20189f22444f91b33f89339fe438bc08c9a16,966.0,1247.0,281.0,281.0,ncloc_identical,rule_config_analyzer_profile_signal
treatment,sbomify/sbomify,2025-06,static_analysis_warnings,both,exact_match,True,80ac2a0770147bbb7c2e4cc1f0054da96d2aa669,80ac2a0770147bbb7c2e4cc1f0054da96d2aa669,338.0,618.0,280.0,280.0,ncloc_close,source_scope_difference_or_mixed
control,microsoft/AzureTRE,2025-02,code_smells,both,exact_match,True,3fcbdf9c6df25ccd3500702bff952e95766fa6d2,3fcbdf9c6df25ccd3500702bff952e95766fa6d2,493.0,769.0,276.0,276.0,ncloc_close,source_scope_difference_or_mixed
control,microsoft/AzureTRE,2025-03,code_smells,both,exact_match,True,cba92f16d3d386ac2121cc45514023290f044033,cba92f16d3d386ac2121cc45514023290f044033,493.0,769.0,276.0,276.0,ncloc_close,source_scope_difference_or_mixed
treatment,airweave-ai/airweave,2025-02,static_analysis_warnings,both,exact_match,True,f42640c7a7cd6d4a23fce55271368d13763610ec,f42640c7a7cd6d4a23fce55271368d13763610ec,290.0,564.0,274.0,274.0,ncloc_close,source_scope_difference_or_mixed
control,microsoft/AzureTRE,2024-12,code_smells,both,exact_match,True,f26ab35bba859924524e39d25fa75623bd8616a5,f26ab35bba859924524e39d25fa75623bd8616a5,484.0,758.0,274.0,274.0,ncloc_close,source_scope_difference_or_mixed
control,microsoft/AzureTRE,2025-01,code_smells,both,exact_match,True,7c88fe498de3dabc9adb2bfd0122d1f49f246a5b,7c88fe498de3dabc9adb2bfd0122d1f49f246a5b,485.0,759.0,274.0,274.0,ncloc_close,source_scope_difference_or_mixed
control,lancedb/lancedb,2024-07,code_smells,both,exact_match,True,6af69b57ad24f5ea313a98f4b388f68c81a75bc1,6af69b57ad24f5ea313a98f4b388f68c81a75bc1,290.0,562.0,272.0,272.0,ncloc_different,source_scope_difference_or_mixed
control,lancedb/lancedb,2025-03,code_smells,both,exact_match,True,e59f9382a0de2f70b931373b29a11a27824bf639,e59f9382a0de2f70b931373b29a11a27824bf639,398.0,670.0,272.0,272.0,ncloc_different,source_scope_difference_or_mixed
control,microsoft/AzureTRE,2024-11,code_smells,both,exact_match,True,90274e55ab850d156c5983ced2175977ef3f0158,90274e55ab850d156c5983ced2175977ef3f0158,498.0,770.0,272.0,272.0,ncloc_close,source_scope_difference_or_mixed
control,lancedb/lancedb,2025-03,static_analysis_warnings,both,exact_match,True,e59f9382a0de2f70b931373b29a11a27824bf639,e59f9382a0de2f70b931373b29a11a27824bf639,408.0,678.0,270.0,270.0,ncloc_different,source_scope_difference_or_mixed
control,microsoft/AzureTRE,2024-10,code_smells,both,exact_match,True,8d27d595498ccf4c2cd45a9af859bc435061a61e,8d27d595498ccf4c2cd45a9af859bc435061a61e,512.0,782.0,270.0,270.0,ncloc_close,source_scope_difference_or_mixed
control,microsoft/AzureTRE,2024-01,code_smells,both,exact_match,True,31960894e15266f6ae76a4b7c1028cf9cc6bc459,31960894e15266f6ae76a4b7c1028cf9cc6bc459,508.0,776.0,268.0,268.0,ncloc_close,source_scope_difference_or_mixed
control,microsoft/AzureTRE,2024-02,code_smells,both,exact_match,True,b2caab3b6e18e696abe751d3d7606677b968dc5f,b2caab3b6e18e696abe751d3d7606677b968dc5f,508.0,776.0,268.0,268.0,ncloc_close,source_scope_difference_or_mixed
control,microsoft/AzureTRE,2024-03,code_smells,both,exact_match,True,ddddbf6e3e8d13db477f70dc2ca8048dd12c563a,ddddbf6e3e8d13db477f70dc2ca8048dd12c563a,508.0,776.0,268.0,268.0,ncloc_close,source_scope_difference_or_mixed
control,microsoft/AzureTRE,2024-04,code_smells,both,exact_match,True,cb59c99233575b096207e6afc288af9da7ee0256,cb59c99233575b096207e6afc288af9da7ee0256,508.0,776.0,268.0,268.0,ncloc_close,source_scope_difference_or_mixed
control,microsoft/AzureTRE,2024-05,code_smells,both,exact_match,True,1ffb09baf37f4599adfd65b4259fdda7564da408,1ffb09baf37f4599adfd65b4259fdda7564da408,508.0,776.0,268.0,268.0,ncloc_close,source_scope_difference_or_mixed
control,microsoft/AzureTRE,2024-06,code_smells,both,exact_match,True,9e49ed69d1ca074f7cae54647bd16001e59644a8,9e49ed69d1ca074f7cae54647bd16001e59644a8,508.0,776.0,268.0,268.0,ncloc_close,source_scope_difference_or_mixed
control,microsoft/AzureTRE,2024-07,code_smells,both,exact_match,True,6d51acec45c4ae60a66bbfdf0d35d8b1c9158ff9,6d51acec45c4ae60a66bbfdf0d35d8b1c9158ff9,509.0,777.0,268.0,268.0,ncloc_close,source_scope_difference_or_mixed
control,microsoft/AzureTRE,2024-08,code_smells,both,exact_match,True,c3e4c8db9b8e548c2d498e34a6aa4a5796852401,c3e4c8db9b8e548c2d498e34a6aa4a5796852401,508.0,776.0,268.0,268.0,ncloc_close,source_scope_difference_or_mixed
control,microsoft/AzureTRE,2024-09,code_smells,both,exact_match,True,93e9a375c1ed7b2132bb470ae16c12130c183a8a,93e9a375c1ed7b2132bb470ae16c12130c183a8a,509.0,777.0,268.0,268.0,ncloc_close,source_scope_difference_or_mixed
treatment,keephq/keep,2024-03,static_analysis_warnings,both,exact_match,True,d25b4706e1d27184c587c326b77a4ea126cbb3e0,d25b4706e1d27184c587c326b77a4ea126cbb3e0,882.0,1149.0,267.0,267.0,ncloc_close,source_scope_difference_or_mixed
treatment,keephq/keep,2024-03,code_smells,both,exact_match,True,d25b4706e1d27184c587c326b77a4ea126cbb3e0,d25b4706e1d27184c587c326b77a4ea126cbb3e0,834.0,1100.0,266.0,266.0,ncloc_close,source_scope_difference_or_mixed
control,lancedb/lancedb,2025-02,code_smells,both,exact_match,True,dfe4ba8dad580232e4450903a5d1b239b19f8173,dfe4ba8dad580232e4450903a5d1b239b19f8173,392.0,658.0,266.0,266.0,ncloc_different,source_scope_difference_or_mixed
treatment,airweave-ai/airweave,2025-02,code_smells,both,exact_match,True,f42640c7a7cd6d4a23fce55271368d13763610ec,f42640c7a7cd6d4a23fce55271368d13763610ec,281.0,546.0,265.0,265.0,ncloc_close,source_scope_difference_or_mixed
control,lancedb/lancedb,2025-02,static_analysis_warnings,both,exact_match,True,dfe4ba8dad580232e4450903a5d1b239b19f8173,dfe4ba8dad580232e4450903a5d1b239b19f8173,403.0,667.0,264.0,264.0,ncloc_different,source_scope_difference_or_mixed
control,lancedb/lancedb,2025-01,code_smells,both,exact_match,True,5e98b7f4c0cf16cdbab10d945c086a5f9ea4be6c,5e98b7f4c0cf16cdbab10d945c086a5f9ea4be6c,372.0,629.0,257.0,257.0,ncloc_different,source_scope_difference_or_mixed
control,lancedb/lancedb,2025-01,static_analysis_warnings,both,exact_match,True,5e98b7f4c0cf16cdbab10d945c086a5f9ea4be6c,5e98b7f4c0cf16cdbab10d945c086a5f9ea4be6c,380.0,636.0,256.0,256.0,ncloc_different,source_scope_difference_or_mixed
treatment,keephq/keep,2024-02,code_smells,both,exact_match,True,e9aca814ab111790ebadc672c582711f6d119ce5,e9aca814ab111790ebadc672c582711f6d119ce5,826.0,1077.0,251.0,251.0,ncloc_close,source_scope_difference_or_mixed
treatment,keephq/keep,2024-02,static_analysis_warnings,both,exact_match,True,e9aca814ab111790ebadc672c582711f6d119ce5,e9aca814ab111790ebadc672c582711f6d119ce5,886.0,1137.0,251.0,251.0,ncloc_close,source_scope_difference_or_mixed
treatment,sbomify/sbomify,2025-06,code_smells,both,exact_match,True,80ac2a0770147bbb7c2e4cc1f0054da96d2aa669,80ac2a0770147bbb7c2e4cc1f0054da96d2aa669,321.0,571.0,250.0,250.0,ncloc_close,source_scope_difference_or_mixed
treatment,airweave-ai/airweave,2025-08,static_analysis_warnings,both,mismatch,False,ba1f691c4947e8c360feacbe352ab92595f21090,c64d09e1ec58e4be23e5775ab58ae9ca88d46a7b,1206.0,1451.0,245.0,245.0,unknown,commit_selection_difference
control,weizequan/TASHR,2024-01,static_analysis_warnings,both,paper_commit_missing,False,,7484e548f438f0ccf29562f7fafb08ed4bea7b42,0.0,241.0,241.0,241.0,unknown,paper_commit_missing
control,weizequan/TASHR,2024-02,static_analysis_warnings,both,paper_commit_missing,False,,7484e548f438f0ccf29562f7fafb08ed4bea7b42,0.0,241.0,241.0,241.0,unknown,paper_commit_missing
control,lancedb/lancedb,2024-06,static_analysis_warnings,both,exact_match,True,865ed998814a5f8666d588b277f3cfa7fa14ce48,865ed998814a5f8666d588b277f3cfa7fa14ce48,279.0,516.0,237.0,237.0,ncloc_different,source_scope_difference_or_mixed
control,lancedb/lancedb,2024-06,code_smells,both,exact_match,True,865ed998814a5f8666d588b277f3cfa7fa14ce48,865ed998814a5f8666d588b277f3cfa7fa14ce48,271.0,506.0,235.0,235.0,ncloc_different,source_scope_difference_or_mixed
treatment,trycua/cua,2025-04,static_analysis_warnings,both,exact_match,True,60bcb0716cfa720084faafb1d0c9b1f716a6945c,60bcb0716cfa720084faafb1d0c9b1f716a6945c,157.0,386.0,229.0,229.0,ncloc_different,source_scope_difference_or_mixed
treatment,trycua/cua,2025-05,static_analysis_warnings,both,exact_match,True,99b979ef114345fae36dba627f33577388759f47,99b979ef114345fae36dba627f33577388759f47,290.0,518.0,228.0,228.0,ncloc_identical,rule_config_analyzer_profile_signal
treatment,trycua/cua,2025-08,static_analysis_warnings,both,exact_match,True,9515a650ad505cad48638abcb96d343d7b6d1da1,9515a650ad505cad48638abcb96d343d7b6d1da1,363.0,591.0,228.0,228.0,ncloc_identical,rule_config_analyzer_profile_signal
treatment,trycua/cua,2025-06,code_smells,both,exact_match,True,f4b6b5942bc67e3331da5c442f6b8aa894bd12a1,f4b6b5942bc67e3331da5c442f6b8aa894bd12a1,328.0,554.0,226.0,226.0,ncloc_identical,rule_config_analyzer_profile_signal
treatment,KroMiose/nekro-agent,2025-04,static_analysis_warnings,both,exact_match,True,c628a8a9fff13795c163ef97cda5b6a3144b2062,c628a8a9fff13795c163ef97cda5b6a3144b2062,357.0,579.0,222.0,222.0,ncloc_close,source_scope_difference_or_mixed
treatment,trycua/cua,2025-07,static_analysis_warnings,both,exact_match,True,10bac17c7892facda695a514891e078ae9a55991,10bac17c7892facda695a514891e078ae9a55991,274.0,494.0,220.0,220.0,ncloc_identical,rule_config_analyzer_profile_signal
treatment,airweave-ai/airweave,2025-05,static_analysis_warnings,both,mismatch,False,da043b3a7fcb7a7d5d4c0b0ece62a7871b3b98da,64e145627cd49b57ca5c17a3b3ab503da5b55f41,770.0,989.0,219.0,219.0,unknown,commit_selection_difference
control,lancedb/lancedb,2024-05,static_analysis_warnings,both,exact_match,True,56b4fd2bd9c5c3077c1c7f6048780aecfbc577e3,56b4fd2bd9c5c3077c1c7f6048780aecfbc577e3,247.0,466.0,219.0,219.0,ncloc_different,source_scope_difference_or_mixed
treatment,keephq/keep,2024-01,code_smells,both,exact_match,True,ce4a9609fb7ec489659278675998594e47c6e183,ce4a9609fb7ec489659278675998594e47c6e183,786.0,1003.0,217.0,217.0,ncloc_close,source_scope_difference_or_mixed
control,lancedb/lancedb,2024-05,code_smells,both,exact_match,True,56b4fd2bd9c5c3077c1c7f6048780aecfbc577e3,56b4fd2bd9c5c3077c1c7f6048780aecfbc577e3,239.0,456.0,217.0,217.0,ncloc_different,source_scope_difference_or_mixed
treatment,keephq/keep,2024-01,static_analysis_warnings,both,exact_match,True,ce4a9609fb7ec489659278675998594e47c6e183,ce4a9609fb7ec489659278675998594e47c6e183,843.0,1059.0,216.0,216.0,ncloc_close,source_scope_difference_or_mixed
treatment,lss233/kirara-ai,2024-01,static_analysis_warnings,both,paper_commit_missing,False,,742e32566be60609889fd085b817ea2db7e1eae4,0.0,215.0,215.0,215.0,unknown,paper_commit_missing
control,HelpingAI/Webscout,2024-11,static_analysis_warnings,both,exact_match,True,869c452971ae0632e92e356dc01ff0d495c8f215,869c452971ae0632e92e356dc01ff0d495c8f215,505.0,718.0,213.0,213.0,ncloc_close,source_scope_difference_or_mixed
treatment,airweave-ai/airweave,2025-01,static_analysis_warnings,both,exact_match,True,79c544bac704cc5b2d0f229a0868fe91339e50fe,79c544bac704cc5b2d0f229a0868fe91339e50fe,236.0,447.0,211.0,211.0,ncloc_close,source_scope_difference_or_mixed
treatment,leettools-dev/leettools,2025-03,static_analysis_warnings,both,exact_match,True,bda6d9df917d725b816c05796846f480118cc20a,bda6d9df917d725b816c05796846f480118cc20a,629.0,840.0,211.0,211.0,ncloc_identical,rule_config_analyzer_profile_signal
treatment,yeagerai/genlayer-studio,2025-08,static_analysis_warnings,both,exact_match,True,116ca5fc5f7fffe83843572c0897d381dc36ebfb,116ca5fc5f7fffe83843572c0897d381dc36ebfb,178.0,389.0,211.0,211.0,ncloc_different,source_scope_difference_or_mixed
control,lancedb/lancedb,2024-04,static_analysis_warnings,both,exact_match,True,6603414885be64132ee3a1018d5a5d6d7a4191ea,6603414885be64132ee3a1018d5a5d6d7a4191ea,225.0,435.0,210.0,210.0,ncloc_different,source_scope_difference_or_mixed
treatment,leettools-dev/leettools,2025-03,code_smells,both,exact_match,True,bda6d9df917d725b816c05796846f480118cc20a,bda6d9df917d725b816c05796846f480118cc20a,611.0,820.0,209.0,209.0,ncloc_identical,rule_config_analyzer_profile_signal
treatment,trycua/cua,2025-04,code_smells,both,exact_match,True,60bcb0716cfa720084faafb1d0c9b1f716a6945c,60bcb0716cfa720084faafb1d0c9b1f716a6945c,155.0,364.0,209.0,209.0,ncloc_different,source_scope_difference_or_mixed
treatment,yeagerai/genlayer-studio,2025-07,static_analysis_warnings,both,exact_match,True,128e60f694f4ff5c351198deba55db7d4d2d6e8c,128e60f694f4ff5c351198deba55db7d4d2d6e8c,174.0,383.0,209.0,209.0,ncloc_different,source_scope_difference_or_mixed
control,HelpingAI/Webscout,2024-09,static_analysis_warnings,both,exact_match,True,b2042728b5aa9a57cce3073ad525f0c796c2d62c,b2042728b5aa9a57cce3073ad525f0c796c2d62c,512.0,720.0,208.0,208.0,ncloc_identical,rule_config_analyzer_profile_signal
treatment,KroMiose/nekro-agent,2025-04,code_smells,both,exact_match,True,c628a8a9fff13795c163ef97cda5b6a3144b2062,c628a8a9fff13795c163ef97cda5b6a3144b2062,355.0,563.0,208.0,208.0,ncloc_close,source_scope_difference_or_mixed
treatment,airweave-ai/airweave,2025-01,code_smells,both,exact_match,True,79c544bac704cc5b2d0f229a0868fe91339e50fe,79c544bac704cc5b2d0f229a0868fe91339e50fe,232.0,440.0,208.0,208.0,ncloc_close,source_scope_difference_or_mixed
control,lancedb/lancedb,2024-04,code_smells,both,exact_match,True,6603414885be64132ee3a1018d5a5d6d7a4191ea,6603414885be64132ee3a1018d5a5d6d7a4191ea,216.0,424.0,208.0,208.0,ncloc_different,source_scope_difference_or_mixed
treatment,leettools-dev/leettools,2025-04,static_analysis_warnings,both,exact_match,True,956ff760bdfbbe1c9a241742cad3b59cdde30655,956ff760bdfbbe1c9a241742cad3b59cdde30655,632.0,840.0,208.0,208.0,ncloc_identical,rule_config_analyzer_profile_signal
treatment,yeagerai/genlayer-studio,2025-08,code_smells,both,exact_match,True,116ca5fc5f7fffe83843572c0897d381dc36ebfb,116ca5fc5f7fffe83843572c0897d381dc36ebfb,176.0,384.0,208.0,208.0,ncloc_different,source_scope_difference_or_mixed
treatment,leettools-dev/leettools,2025-02,static_analysis_warnings,both,exact_match,True,ea08c2251ef60be5c545e99a82abc904257653ad,ea08c2251ef60be5c545e99a82abc904257653ad,598.0,805.0,207.0,207.0,ncloc_identical,rule_config_analyzer_profile_signal
treatment,leettools-dev/leettools,2025-04,code_smells,both,exact_match,True,956ff760bdfbbe1c9a241742cad3b59cdde30655,956ff760bdfbbe1c9a241742cad3b59cdde30655,614.0,821.0,207.0,207.0,ncloc_identical,rule_config_analyzer_profile_signal
control,HelpingAI/Webscout,2024-11,code_smells,both,exact_match,True,869c452971ae0632e92e356dc01ff0d495c8f215,869c452971ae0632e92e356dc01ff0d495c8f215,488.0,694.0,206.0,206.0,ncloc_close,source_scope_difference_or_mixed
treatment,leettools-dev/leettools,2025-02,code_smells,both,exact_match,True,ea08c2251ef60be5c545e99a82abc904257653ad,ea08c2251ef60be5c545e99a82abc904257653ad,582.0,788.0,206.0,206.0,ncloc_identical,rule_config_analyzer_profile_signal
treatment,yeagerai/genlayer-studio,2025-07,code_smells,both,exact_match,True,128e60f694f4ff5c351198deba55db7d4d2d6e8c,128e60f694f4ff5c351198deba55db7d4d2d6e8c,172.0,378.0,206.0,206.0,ncloc_different,source_scope_difference_or_mixed
treatment,LearningCircuit/local-deep-research,2025-03,static_analysis_warnings,both,exact_match,True,534b12017b9b8db8d6831f3dbd4d4588ddbffe86,534b12017b9b8db8d6831f3dbd4d4588ddbffe86,235.0,440.0,205.0,205.0,ncloc_different,source_scope_difference_or_mixed
control,HelpingAI/Webscout,2024-10,static_analysis_warnings,both,exact_match,True,84c373137c8baf7bdbc6682ca7ad4d542581a2da,84c373137c8baf7bdbc6682ca7ad4d542581a2da,498.0,701.0,203.0,203.0,ncloc_close,source_scope_difference_or_mixed
treatment,tsukumijima/KonomiTV,2024-01,static_analysis_warnings,both,exact_match,True,324073ec85deb342d707d69972b6c441596da646,324073ec85deb342d707d69972b6c441596da646,639.0,842.0,203.0,203.0,ncloc_close,source_scope_difference_or_mixed
treatment,yeagerai/genlayer-studio,2025-04,static_analysis_warnings,both,exact_match,True,ee19a3e79a40079f1fd8b52c6f52795b78bbb6e3,ee19a3e79a40079f1fd8b52c6f52795b78bbb6e3,155.0,357.0,202.0,202.0,ncloc_different,source_scope_difference_or_mixed
treatment,yeagerai/genlayer-studio,2025-06,static_analysis_warnings,both,exact_match,True,0ebe53c02e38e86cbf52545b4c1684d3faeb2607,0ebe53c02e38e86cbf52545b4c1684d3faeb2607,169.0,370.0,201.0,201.0,ncloc_different,source_scope_difference_or_mixed
control,HelpingAI/Webscout,2024-09,code_smells,both,exact_match,True,b2042728b5aa9a57cce3073ad525f0c796c2d62c,b2042728b5aa9a57cce3073ad525f0c796c2d62c,500.0,700.0,200.0,200.0,ncloc_identical,rule_config_analyzer_profile_signal
control,lancedb/lancedb,2025-08,code_smells,both,exact_match,True,47747287b616d4a2f1dd14f811f218e3caee7f8d,47747287b616d4a2f1dd14f811f218e3caee7f8d,368.0,568.0,200.0,200.0,ncloc_different,source_scope_difference_or_mixed
treatment,yeagerai/genlayer-studio,2025-06,code_smells,both,exact_match,True,0ebe53c02e38e86cbf52545b4c1684d3faeb2607,0ebe53c02e38e86cbf52545b4c1684d3faeb2607,167.0,365.0,198.0,198.0,ncloc_different,source_scope_difference_or_mixed
control,HelpingAI/Webscout,2025-02,static_analysis_warnings,both,exact_match,True,4c820e90fdd17cc18aede76e0648000e71ce9a4c,4c820e90fdd17cc18aede76e0648000e71ce9a4c,560.0,757.0,197.0,197.0,ncloc_close,source_scope_difference_or_mixed
treatment,yeagerai/genlayer-studio,2025-04,code_smells,both,exact_match,True,ee19a3e79a40079f1fd8b52c6f52795b78bbb6e3,ee19a3e79a40079f1fd8b52c6f52795b78bbb6e3,152.0,349.0,197.0,197.0,ncloc_different,source_scope_difference_or_mixed
control,HelpingAI/Webscout,2024-10,code_smells,both,exact_match,True,84c373137c8baf7bdbc6682ca7ad4d542581a2da,84c373137c8baf7bdbc6682ca7ad4d542581a2da,481.0,675.0,194.0,194.0,ncloc_close,source_scope_difference_or_mixed
control,Jieqianyu/SGN,2024-01,static_analysis_warnings,both,exact_match,True,a65798174a839bde9c0d2c72dee3848a67bb05ab,a65798174a839bde9c0d2c72dee3848a67bb05ab,212.0,405.0,193.0,193.0,ncloc_identical,rule_config_analyzer_profile_signal
control,Jieqianyu/SGN,2024-02,static_analysis_warnings,both,paper_commit_missing,False,,a65798174a839bde9c0d2c72dee3848a67bb05ab,212.0,405.0,193.0,193.0,unknown,paper_commit_missing
control,Jieqianyu/SGN,2024-03,static_analysis_warnings,both,paper_commit_missing,False,,a65798174a839bde9c0d2c72dee3848a67bb05ab,212.0,405.0,193.0,193.0,unknown,paper_commit_missing
control,Jieqianyu/SGN,2024-04,static_analysis_warnings,both,paper_commit_missing,False,,a65798174a839bde9c0d2c72dee3848a67bb05ab,212.0,405.0,193.0,193.0,unknown,paper_commit_missing
control,Jieqianyu/SGN,2024-05,static_analysis_warnings,both,paper_commit_missing,False,,a65798174a839bde9c0d2c72dee3848a67bb05ab,212.0,405.0,193.0,193.0,unknown,paper_commit_missing
control,Jieqianyu/SGN,2024-06,static_analysis_warnings,both,paper_commit_missing,False,,a65798174a839bde9c0d2c72dee3848a67bb05ab,212.0,405.0,193.0,193.0,unknown,paper_commit_missing
control,Jieqianyu/SGN,2024-07,static_analysis_warnings,both,paper_commit_missing,False,,a65798174a839bde9c0d2c72dee3848a67bb05ab,212.0,405.0,193.0,193.0,unknown,paper_commit_missing
control,Jieqianyu/SGN,2024-08,static_analysis_warnings,both,paper_commit_missing,False,,a65798174a839bde9c0d2c72dee3848a67bb05ab,212.0,405.0,193.0,193.0,unknown,paper_commit_missing
control,Jieqianyu/SGN,2024-09,static_analysis_warnings,both,exact_match,True,b519871f45a2751d7e9cf4798c90fbff3e410a51,b519871f45a2751d7e9cf4798c90fbff3e410a51,212.0,405.0,193.0,193.0,ncloc_identical,rule_config_analyzer_profile_signal
treatment,LearningCircuit/local-deep-research,2025-03,code_smells,both,exact_match,True,534b12017b9b8db8d6831f3dbd4d4588ddbffe86,534b12017b9b8db8d6831f3dbd4d4588ddbffe86,223.0,415.0,192.0,192.0,ncloc_different,source_scope_difference_or_mixed
treatment,whiteducksoftware/flock,2025-08,static_analysis_warnings,both,mismatch,False,990a68cac2f293d51d8c8c666a5edc165cd69bbc,88b363080e95e8bdd87e32924216febb6cb5e4c7,396.0,588.0,192.0,192.0,unknown,commit_selection_difference
control,Jieqianyu/SGN,2024-01,code_smells,both,exact_match,True,a65798174a839bde9c0d2c72dee3848a67bb05ab,a65798174a839bde9c0d2c72dee3848a67bb05ab,197.0,388.0,191.0,191.0,ncloc_identical,rule_config_analyzer_profile_signal
control,Jieqianyu/SGN,2024-02,code_smells,both,paper_commit_missing,False,,a65798174a839bde9c0d2c72dee3848a67bb05ab,197.0,388.0,191.0,191.0,unknown,paper_commit_missing
control,Jieqianyu/SGN,2024-03,code_smells,both,paper_commit_missing,False,,a65798174a839bde9c0d2c72dee3848a67bb05ab,197.0,388.0,191.0,191.0,unknown,paper_commit_missing
control,Jieqianyu/SGN,2024-04,code_smells,both,paper_commit_missing,False,,a65798174a839bde9c0d2c72dee3848a67bb05ab,197.0,388.0,191.0,191.0,unknown,paper_commit_missing
control,Jieqianyu/SGN,2024-05,code_smells,both,paper_commit_missing,False,,a65798174a839bde9c0d2c72dee3848a67bb05ab,197.0,388.0,191.0,191.0,unknown,paper_commit_missing
control,Jieqianyu/SGN,2024-06,code_smells,both,paper_commit_missing,False,,a65798174a839bde9c0d2c72dee3848a67bb05ab,197.0,388.0,191.0,191.0,unknown,paper_commit_missing
control,Jieqianyu/SGN,2024-07,code_smells,both,paper_commit_missing,False,,a65798174a839bde9c0d2c72dee3848a67bb05ab,197.0,388.0,191.0,191.0,unknown,paper_commit_missing
control,Jieqianyu/SGN,2024-08,code_smells,both,paper_commit_missing,False,,a65798174a839bde9c0d2c72dee3848a67bb05ab,197.0,388.0,191.0,191.0,unknown,paper_commit_missing
control,Jieqianyu/SGN,2024-09,code_smells,both,exact_match,True,b519871f45a2751d7e9cf4798c90fbff3e410a51,b519871f45a2751d7e9cf4798c90fbff3e410a51,197.0,388.0,191.0,191.0,ncloc_identical,rule_config_analyzer_profile_signal
treatment,airweave-ai/airweave,2025-07,static_analysis_warnings,both,exact_match,True,2d34dc52ddfe2b076a09c7273c59d2303573b4a2,2d34dc52ddfe2b076a09c7273c59d2303573b4a2,901.0,1092.0,191.0,191.0,ncloc_close,source_scope_difference_or_mixed
control,lancedb/lancedb,2025-08,static_analysis_warnings,both,exact_match,True,47747287b616d4a2f1dd14f811f218e3caee7f8d,47747287b616d4a2f1dd14f811f218e3caee7f8d,383.0,574.0,191.0,191.0,ncloc_different,source_scope_difference_or_mixed
treatment,yeagerai/genlayer-studio,2025-05,static_analysis_warnings,both,exact_match,True,015258ffda52c268c43ebf7adb29fcdc18a41fd2,015258ffda52c268c43ebf7adb29fcdc18a41fd2,175.0,366.0,191.0,191.0,ncloc_different,source_scope_difference_or_mixed
treatment,whiteducksoftware/flock,2025-07,static_analysis_warnings,both,exact_match,True,6a7ecf7102ed9dfe91e79bf39f8638e897c05fec,6a7ecf7102ed9dfe91e79bf39f8638e897c05fec,398.0,588.0,190.0,190.0,ncloc_close,source_scope_difference_or_mixed
treatment,tsukumijima/KonomiTV,2024-01,code_smells,both,exact_match,True,324073ec85deb342d707d69972b6c441596da646,324073ec85deb342d707d69972b6c441596da646,632.0,821.0,189.0,189.0,ncloc_close,source_scope_difference_or_mixed
control,HelpingAI/Webscout,2024-12,static_analysis_warnings,both,exact_match,True,fb95c558e62402c5fadce0497435cbc6929a844e,fb95c558e62402c5fadce0497435cbc6929a844e,574.0,762.0,188.0,188.0,ncloc_close,source_scope_difference_or_mixed
treatment,cgevans/qslib,2024-01,static_analysis_warnings,both,paper_commit_missing,False,,f2495546efada29427371a14b4caeddd5e0a0421,0.0,188.0,188.0,188.0,unknown,paper_commit_missing
control,HelpingAI/Webscout,2025-02,code_smells,both,exact_match,True,4c820e90fdd17cc18aede76e0648000e71ce9a4c,4c820e90fdd17cc18aede76e0648000e71ce9a4c,545.0,731.0,186.0,186.0,ncloc_close,source_scope_difference_or_mixed
treatment,tsukumijima/KonomiTV,2025-08,static_analysis_warnings,both,exact_match,True,33f1544aeed4cdb79d87617023d99aee42a82591,33f1544aeed4cdb79d87617023d99aee42a82591,863.0,1049.0,186.0,186.0,ncloc_close,source_scope_difference_or_mixed
treatment,yeagerai/genlayer-studio,2025-05,code_smells,both,exact_match,True,015258ffda52c268c43ebf7adb29fcdc18a41fd2,015258ffda52c268c43ebf7adb29fcdc18a41fd2,172.0,358.0,186.0,186.0,ncloc_different,source_scope_difference_or_mixed
control,HelpingAI/Webscout,2025-01,static_analysis_warnings,both,exact_match,True,7423f6c0925f5eea34ec0895a00576c2fec0f6b3,7423f6c0925f5eea34ec0895a00576c2fec0f6b3,528.0,708.0,180.0,180.0,ncloc_close,source_scope_difference_or_mixed
treatment,sbomify/sbomify,2025-05,static_analysis_warnings,both,exact_match,True,9cd280ec409b119e5fb1ee3f6a25700655e888e1,9cd280ec409b119e5fb1ee3f6a25700655e888e1,257.0,437.0,180.0,180.0,ncloc_close,source_scope_difference_or_mixed
control,HelpingAI/Webscout,2024-12,code_smells,both,exact_match,True,fb95c558e62402c5fadce0497435cbc6929a844e,fb95c558e62402c5fadce0497435cbc6929a844e,559.0,738.0,179.0,179.0,ncloc_close,source_scope_difference_or_mixed
treatment,tsukumijima/KonomiTV,2025-08,code_smells,both,exact_match,True,33f1544aeed4cdb79d87617023d99aee42a82591,33f1544aeed4cdb79d87617023d99aee42a82591,849.0,1028.0,179.0,179.0,ncloc_close,source_scope_difference_or_mixed
treatment,airweave-ai/airweave,2025-08,code_smells,both,mismatch,False,ba1f691c4947e8c360feacbe352ab92595f21090,c64d09e1ec58e4be23e5775ab58ae9ca88d46a7b,1172.0,1349.0,177.0,177.0,unknown,commit_selection_difference
treatment,KroMiose/nekro-agent,2025-03,static_analysis_warnings,both,exact_match,True,d0c8b4743f456b9fabef664d3b5942e2ea77fb75,d0c8b4743f456b9fabef664d3b5942e2ea77fb75,241.0,416.0,175.0,175.0,ncloc_close,source_scope_difference_or_mixed
treatment,namuan/trading-utils,2025-02,static_analysis_warnings,both,exact_match,True,303ea8532d774af9531699c7278303c6d2deb657,303ea8532d774af9531699c7278303c6d2deb657,254.0,429.0,175.0,175.0,ncloc_identical,rule_config_analyzer_profile_signal
treatment,trycua/cua,2025-05,code_smells,both,exact_match,True,99b979ef114345fae36dba627f33577388759f47,99b979ef114345fae36dba627f33577388759f47,287.0,462.0,175.0,175.0,ncloc_identical,rule_config_analyzer_profile_signal
treatment,whiteducksoftware/flock,2025-05,static_analysis_warnings,both,mismatch,False,8e542bb4c8252648f6a7705a46124a8e76a4e19c,c60e12a13b66d7f9b7c92f42c2681e331c8ed31d,390.0,565.0,175.0,175.0,unknown,commit_selection_difference
treatment,KroMiose/nekro-agent,2025-02,static_analysis_warnings,both,exact_match,True,5a8b6c1815b940ab9821be0682b8117b71fc50fe,5a8b6c1815b940ab9821be0682b8117b71fc50fe,235.0,409.0,174.0,174.0,ncloc_close,source_scope_difference_or_mixed
treatment,airweave-ai/airweave,2025-06,static_analysis_warnings,both,exact_match,True,74395b0b9684a1bafa251ba0467854d9e0f79cf3,74395b0b9684a1bafa251ba0467854d9e0f79cf3,779.0,953.0,174.0,174.0,ncloc_close,source_scope_difference_or_mixed
treatment,tsukumijima/KonomiTV,2025-06,static_analysis_warnings,both,exact_match,True,26e94e2ce38f13de2c08d911c9ae0e61d8d1eef9,26e94e2ce38f13de2c08d911c9ae0e61d8d1eef9,849.0,1023.0,174.0,174.0,ncloc_close,source_scope_difference_or_mixed
treatment,tsukumijima/KonomiTV,2025-07,static_analysis_warnings,both,exact_match,True,4eabb2ba48bafa164062f0b060d081c400a5f3be,4eabb2ba48bafa164062f0b060d081c400a5f3be,849.0,1023.0,174.0,174.0,ncloc_close,source_scope_difference_or_mixed
control,HelpingAI/Webscout,2025-01,code_smells,both,exact_match,True,7423f6c0925f5eea34ec0895a00576c2fec0f6b3,7423f6c0925f5eea34ec0895a00576c2fec0f6b3,514.0,685.0,171.0,171.0,ncloc_close,source_scope_difference_or_mixed
treatment,tsukumijima/KonomiTV,2025-04,static_analysis_warnings,both,exact_match,True,75e3dad94a11fde2be631d680b0484b12c7ecc7c,75e3dad94a11fde2be631d680b0484b12c7ecc7c,845.0,1016.0,171.0,171.0,ncloc_close,source_scope_difference_or_mixed
treatment,tsukumijima/KonomiTV,2025-05,static_analysis_warnings,both,exact_match,True,ae8b9a657881619f471001500144a7387b8db99c,ae8b9a657881619f471001500144a7387b8db99c,845.0,1016.0,171.0,171.0,ncloc_close,source_scope_difference_or_mixed
treatment,namuan/trading-utils,2025-02,code_smells,both,exact_match,True,303ea8532d774af9531699c7278303c6d2deb657,303ea8532d774af9531699c7278303c6d2deb657,237.0,407.0,170.0,170.0,ncloc_identical,rule_config_analyzer_profile_signal
treatment,PostHog/posthog,2024-02,static_analysis_warnings,both,exact_match,True,2085f68b0550d22be1f300f57b9e4a15f1ea7efe,2085f68b0550d22be1f300f57b9e4a15f1ea7efe,7317.0,7486.0,169.0,169.0,ncloc_close,source_scope_difference_or_mixed
treatment,airweave-ai/airweave,2025-05,code_smells,both,mismatch,False,da043b3a7fcb7a7d5d4c0b0ece62a7871b3b98da,64e145627cd49b57ca5c17a3b3ab503da5b55f41,743.0,912.0,169.0,169.0,unknown,commit_selection_difference
treatment,whiteducksoftware/flock,2025-06,static_analysis_warnings,both,mismatch,False,1e82eb29281c426f81723a19f28c2b8302cf75ce,db5e65e61bdb943cae439f796be085c5a8218a3c,390.0,559.0,169.0,169.0,unknown,commit_selection_difference
control,HelpingAI/Webscout,2024-08,static_analysis_warnings,both,exact_match,True,146ee41132650aac4ee6e171c7f136e47de7312f,146ee41132650aac4ee6e171c7f136e47de7312f,426.0,594.0,168.0,168.0,ncloc_identical,rule_config_analyzer_profile_signal
treatment,tsukumijima/KonomiTV,2025-02,static_analysis_warnings,both,exact_match,True,9f5131c557d239a5b1cf5e348ba5c2ef95805200,9f5131c557d239a5b1cf5e348ba5c2ef95805200,813.0,981.0,168.0,168.0,ncloc_close,source_scope_difference_or_mixed
treatment,tsukumijima/KonomiTV,2025-03,static_analysis_warnings,both,exact_match,True,e3b19c86f602e21cd30dfd57586a2c97724318ef,e3b19c86f602e21cd30dfd57586a2c97724318ef,825.0,992.0,167.0,167.0,ncloc_close,source_scope_difference_or_mixed
treatment,tsukumijima/KonomiTV,2025-06,code_smells,both,exact_match,True,26e94e2ce38f13de2c08d911c9ae0e61d8d1eef9,26e94e2ce38f13de2c08d911c9ae0e61d8d1eef9,836.0,1003.0,167.0,167.0,ncloc_close,source_scope_difference_or_mixed
treatment,tsukumijima/KonomiTV,2025-07,code_smells,both,exact_match,True,4eabb2ba48bafa164062f0b060d081c400a5f3be,4eabb2ba48bafa164062f0b060d081c400a5f3be,836.0,1003.0,167.0,167.0,ncloc_close,source_scope_difference_or_mixed
treatment,namuan/trading-utils,2025-01,static_analysis_warnings,both,exact_match,True,a34c6ed0ec038a18a9412b9443b79981c10c3342,a34c6ed0ec038a18a9412b9443b79981c10c3342,249.0,415.0,166.0,166.0,ncloc_identical,rule_config_analyzer_profile_signal
treatment,tsukumijima/KonomiTV,2025-04,code_smells,both,exact_match,True,75e3dad94a11fde2be631d680b0484b12c7ecc7c,75e3dad94a11fde2be631d680b0484b12c7ecc7c,832.0,996.0,164.0,164.0,ncloc_close,source_scope_difference_or_mixed
treatment,tsukumijima/KonomiTV,2025-05,code_smells,both,exact_match,True,ae8b9a657881619f471001500144a7387b8db99c,ae8b9a657881619f471001500144a7387b8db99c,832.0,996.0,164.0,164.0,ncloc_close,source_scope_difference_or_mixed
control,HelpingAI/Webscout,2024-08,code_smells,both,exact_match,True,146ee41132650aac4ee6e171c7f136e47de7312f,146ee41132650aac4ee6e171c7f136e47de7312f,420.0,583.0,163.0,163.0,ncloc_identical,rule_config_analyzer_profile_signal
treatment,namuan/trading-utils,2025-03,static_analysis_warnings,both,mismatch,False,ab8120bc123d4ee3b0fa1015b8255ba217614c2a,03db4e30f917722ee80a352fc330af3d5e59b406,254.0,417.0,163.0,163.0,unknown,commit_selection_difference
treatment,tsukumijima/KonomiTV,2024-05,static_analysis_warnings,both,exact_match,True,a3a81e9e05409e15aaf31fdb163e43d017c28309,a3a81e9e05409e15aaf31fdb163e43d017c28309,691.0,854.0,163.0,163.0,ncloc_close,source_scope_difference_or_mixed
treatment,tsukumijima/KonomiTV,2024-06,static_analysis_warnings,both,exact_match,True,0308a91fe4787b5c85bb5a1896df735218a2d285,0308a91fe4787b5c85bb5a1896df735218a2d285,691.0,854.0,163.0,163.0,ncloc_close,source_scope_difference_or_mixed
treatment,tsukumijima/KonomiTV,2024-07,static_analysis_warnings,both,exact_match,True,4a8930d01675076ebe437e52d67340d73cb05ff3,4a8930d01675076ebe437e52d67340d73cb05ff3,691.0,854.0,163.0,163.0,ncloc_close,source_scope_difference_or_mixed
