cause_category,source_group,repo_name,time,metric,commit_match_status,ncloc_scope_status,paper_latest_commit,our_latest_commit,paper_value,our_value,diff,abs_diff,is_treatment,post_event,time_to_event
source_scope_difference_or_mixed,treatment,PostHog/posthog,2025-04,ncloc,exact_match,ncloc_different,08f147eb9879e899fb7939f4b9413c86164ba7f9,08f147eb9879e899fb7939f4b9413c86164ba7f9,937017.0,1025455.0,88438.0,88438.0,1,1,2.0
source_scope_difference_or_mixed,treatment,PostHog/posthog,2025-08,ncloc,exact_match,ncloc_different,79cf381322842888a721905c09490e85f98a5a2a,79cf381322842888a721905c09490e85f98a5a2a,1232071.0,1313277.0,81206.0,81206.0,1,1,6.0
commit_selection_difference,treatment,PostHog/posthog,2025-07,ncloc,mismatch,,0208352822068d8747214c905d729dff4ebe49f1,8e13bf3cbfe9684eb907f7ddf706aa9fae2099e0,1155675.0,1224250.0,68575.0,68575.0,1,1,5.0
source_scope_difference_or_mixed,treatment,PostHog/posthog,2025-06,ncloc,exact_match,ncloc_different,bf87ddcb0e02027bb8c1e7a1aa2e03f0c4312e90,bf87ddcb0e02027bb8c1e7a1aa2e03f0c4312e90,1079135.0,1143141.0,64006.0,64006.0,1,1,4.0
source_scope_difference_or_mixed,treatment,PostHog/posthog,2025-05,ncloc,exact_match,ncloc_different,fa2cab6b204f2efeabb5c5bbc1d35ff23c91ec8b,fa2cab6b204f2efeabb5c5bbc1d35ff23c91ec8b,1021926.0,1075854.0,53928.0,53928.0,1,1,3.0
source_scope_difference_or_mixed,treatment,PostHog/posthog,2025-03,ncloc,exact_match,ncloc_different,ecdaddcfaf15967165806e2cd4f9bc0cfb40f0e1,ecdaddcfaf15967165806e2cd4f9bc0cfb40f0e1,936364.0,981233.0,44869.0,44869.0,1,1,1.0
source_scope_difference_or_mixed,treatment,PostHog/posthog,2025-02,ncloc,exact_match,ncloc_different,e6cdfed56138f74a1e8bcac05f60036d96ab9a6a,e6cdfed56138f74a1e8bcac05f60036d96ab9a6a,896790.0,933176.0,36386.0,36386.0,1,1,0.0
source_scope_difference_or_mixed,treatment,zauberzeug/nicegui,2025-02,technical_debt,exact_match,ncloc_close,b71074ef73498f532234a837ea04a08ffbf4e804,b71074ef73498f532234a837ea04a08ffbf4e804,193727.0,229531.0,35804.0,35804.0,0,0,-1.0
source_scope_difference_or_mixed,treatment,zauberzeug/nicegui,2025-01,technical_debt,exact_match,ncloc_close,7a540bf3dded6f1e58d32bf21a97d9a5c013afc1,7a540bf3dded6f1e58d32bf21a97d9a5c013afc1,193727.0,229522.0,35795.0,35795.0,0,0,-2.0
source_scope_difference_or_mixed,treatment,zauberzeug/nicegui,2025-03,technical_debt,exact_match,ncloc_close,745167c81c219beda5ebaf850dfb7a3e772f96ac,745167c81c219beda5ebaf850dfb7a3e772f96ac,193770.0,229554.0,35784.0,35784.0,1,1,0.0
source_scope_difference_or_mixed,treatment,zauberzeug/nicegui,2024-12,technical_debt,exact_match,ncloc_close,343dc0da8de0cf2f645cf8b5d76f5b439cb817f3,343dc0da8de0cf2f645cf8b5d76f5b439cb817f3,193717.0,229487.0,35770.0,35770.0,0,0,-3.0
source_scope_difference_or_mixed,treatment,zauberzeug/nicegui,2024-11,technical_debt,exact_match,ncloc_close,25a633450d1223dcc8f1ad59d260d2e844b5519d,25a633450d1223dcc8f1ad59d260d2e844b5519d,193701.0,229427.0,35726.0,35726.0,0,0,-4.0
source_scope_difference_or_mixed,treatment,PostHog/posthog,2025-01,ncloc,exact_match,ncloc_different,1253d960c415d65583dac034353702ad74016da1,1253d960c415d65583dac034353702ad74016da1,837418.0,870221.0,32803.0,32803.0,0,0,-1.0
source_scope_difference_or_mixed,treatment,PostHog/posthog,2024-12,ncloc,exact_match,ncloc_different,3aa25f3257f981db0b7e8b5411dc209b66c6f4c2,3aa25f3257f981db0b7e8b5411dc209b66c6f4c2,802199.0,832993.0,30794.0,30794.0,0,0,-2.0
source_scope_difference_or_mixed,treatment,PostHog/posthog,2024-11,ncloc,exact_match,ncloc_different,b4d51e3b746e6174a7d60c525ea22387f00dcafe,b4d51e3b746e6174a7d60c525ea22387f00dcafe,776480.0,806559.0,30079.0,30079.0,0,0,-3.0
source_scope_difference_or_mixed,treatment,PostHog/posthog,2024-10,ncloc,exact_match,ncloc_different,12ff477551dfc5a197aca3006e14e4193183dbd8,12ff477551dfc5a197aca3006e14e4193183dbd8,748190.0,774018.0,25828.0,25828.0,0,0,-4.0
source_scope_difference_or_mixed,treatment,PostHog/posthog,2024-09,ncloc,exact_match,ncloc_different,761c6ce0ab4db14ddede62cb61b6d6854dff7ea7,761c6ce0ab4db14ddede62cb61b6d6854dff7ea7,725600.0,748626.0,23026.0,23026.0,0,0,-5.0
source_scope_difference_or_mixed,control,lancedb/lancedb,2025-08,ncloc,exact_match,ncloc_different,47747287b616d4a2f1dd14f811f218e3caee7f8d,47747287b616d4a2f1dd14f811f218e3caee7f8d,28931.0,51090.0,22159.0,22159.0,0,0,
source_scope_difference_or_mixed,control,lancedb/lancedb,2025-07,ncloc,exact_match,ncloc_different,c7afa724ddf1a3a5ff0633edc75c93570b9a5689,c7afa724ddf1a3a5ff0633edc75c93570b9a5689,31373.0,53434.0,22061.0,22061.0,0,0,
source_scope_difference_or_mixed,control,lancedb/lancedb,2025-06,ncloc,exact_match,ncloc_different,1dadb2aefa8c7e20098f8bdd4fad45383a8ebab7,1dadb2aefa8c7e20098f8bdd4fad45383a8ebab7,30612.0,52330.0,21718.0,21718.0,0,0,
source_scope_difference_or_mixed,control,lancedb/lancedb,2025-05,ncloc,exact_match,ncloc_different,0525c055fcc6b25297084bdaddc072d206345df1,0525c055fcc6b25297084bdaddc072d206345df1,30103.0,51641.0,21538.0,21538.0,0,0,
source_scope_difference_or_mixed,control,lancedb/lancedb,2025-04,ncloc,exact_match,ncloc_different,3cc670ac3860bb9990d89f61d9b1644b0e4c658f,3cc670ac3860bb9990d89f61d9b1644b0e4c658f,29375.0,50737.0,21362.0,21362.0,0,0,
source_scope_difference_or_mixed,treatment,PostHog/posthog,2024-08,ncloc,exact_match,ncloc_different,0a6ab2622fd9404afdc60100fef54c3c112ea379,0a6ab2622fd9404afdc60100fef54c3c112ea379,695941.0,715660.0,19719.0,19719.0,0,0,-6.0
source_scope_difference_or_mixed,control,lancedb/lancedb,2025-03,ncloc,exact_match,ncloc_different,e59f9382a0de2f70b931373b29a11a27824bf639,e59f9382a0de2f70b931373b29a11a27824bf639,28068.0,47274.0,19206.0,19206.0,0,0,
source_scope_difference_or_mixed,treatment,zauberzeug/nicegui,2025-05,technical_debt,exact_match,ncloc_close,947772d66c6d108a7d12fe65b8b76f6110f7d20e,947772d66c6d108a7d12fe65b8b76f6110f7d20e,118922.0,136955.0,18033.0,18033.0,1,1,2.0
source_scope_difference_or_mixed,treatment,zauberzeug/nicegui,2025-06,technical_debt,exact_match,ncloc_close,b3ea0df4e3b73a6e9e8f8fa57b8c052deb8f3694,b3ea0df4e3b73a6e9e8f8fa57b8c052deb8f3694,118972.0,136975.0,18003.0,18003.0,1,1,3.0
source_scope_difference_or_mixed,treatment,zauberzeug/nicegui,2025-07,technical_debt,exact_match,ncloc_close,30a70325d55e110b87a6279664e6b7987ceb2067,30a70325d55e110b87a6279664e6b7987ceb2067,119151.0,137105.0,17954.0,17954.0,1,1,4.0
source_scope_difference_or_mixed,treatment,zauberzeug/nicegui,2025-08,technical_debt,exact_match,ncloc_close,47a9542199eda065b82bfefe2f159323621d3d38,47a9542199eda065b82bfefe2f159323621d3d38,119160.0,137112.0,17952.0,17952.0,1,1,5.0
source_scope_difference_or_mixed,control,lancedb/lancedb,2025-02,ncloc,exact_match,ncloc_different,dfe4ba8dad580232e4450903a5d1b239b19f8173,dfe4ba8dad580232e4450903a5d1b239b19f8173,26921.0,44605.0,17684.0,17684.0,0,0,
source_scope_difference_or_mixed,control,lancedb/lancedb,2025-01,ncloc,exact_match,ncloc_different,5e98b7f4c0cf16cdbab10d945c086a5f9ea4be6c,5e98b7f4c0cf16cdbab10d945c086a5f9ea4be6c,25744.0,42438.0,16694.0,16694.0,0,0,
source_scope_difference_or_mixed,control,lancedb/lancedb,2024-12,ncloc,exact_match,ncloc_different,92d845fa725cd044db1a10299046031c201febd0,92d845fa725cd044db1a10299046031c201febd0,23524.0,39898.0,16374.0,16374.0,0,0,
source_scope_difference_or_mixed,control,lancedb/lancedb,2024-11,ncloc,exact_match,ncloc_different,83e26a231e487673ce6f92dc32e7fe7d8c6d16d0,83e26a231e487673ce6f92dc32e7fe7d8c6d16d0,22522.0,37497.0,14975.0,14975.0,0,0,
source_scope_difference_or_mixed,control,lancedb/lancedb,2024-10,ncloc,exact_match,ncloc_different,f3fc339ef650517674a22995d81f9ae21e7bae5a,f3fc339ef650517674a22995d81f9ae21e7bae5a,21682.0,35585.0,13903.0,13903.0,0,0,
source_scope_difference_or_mixed,treatment,zauberzeug/nicegui,2024-07,technical_debt,exact_match,ncloc_close,b0bc2078fb1e70607879d82ce96e3a488bc41f69,b0bc2078fb1e70607879d82ce96e3a488bc41f69,124588.0,138351.0,13763.0,13763.0,0,0,-8.0
source_scope_difference_or_mixed,treatment,zauberzeug/nicegui,2024-06,technical_debt,exact_match,ncloc_close,462af82d7027979fe68e7245b772c2c6cdbe7d94,462af82d7027979fe68e7245b772c2c6cdbe7d94,124588.0,138336.0,13748.0,13748.0,0,0,-9.0
source_scope_difference_or_mixed,treatment,zauberzeug/nicegui,2024-04,technical_debt,exact_match,ncloc_close,1bce2bad367d5baf842badb51a0d78c8543a49ef,1bce2bad367d5baf842badb51a0d78c8543a49ef,124519.0,138256.0,13737.0,13737.0,0,0,-11.0
source_scope_difference_or_mixed,treatment,zauberzeug/nicegui,2024-05,technical_debt,exact_match,ncloc_close,92a0cf0fdaee28ffba8329483e55f2a5d5c529fe,92a0cf0fdaee28ffba8329483e55f2a5d5c529fe,124570.0,138306.0,13736.0,13736.0,0,0,-10.0
source_scope_difference_or_mixed,treatment,zauberzeug/nicegui,2024-03,technical_debt,exact_match,ncloc_close,fff7b27eea91bf2b3d3f3080f0919c3ac62978b8,fff7b27eea91bf2b3d3f3080f0919c3ac62978b8,124488.0,138143.0,13655.0,13655.0,0,0,-12.0
commit_selection_difference,treatment,zauberzeug/nicegui,2024-02,technical_debt,mismatch,,38fcfe13fd8e5b297a8cb12aa357f94ad3d84eda,4a0c1c874fc3b56c4f2dc400a4367a71df5a66fe,124407.0,137896.0,13489.0,13489.0,0,0,-13.0
source_scope_difference_or_mixed,treatment,zauberzeug/nicegui,2024-01,technical_debt,exact_match,ncloc_close,f4c57a962f8cc96085eb41860c1346da77228824,f4c57a962f8cc96085eb41860c1346da77228824,123658.0,136857.0,13199.0,13199.0,0,0,-14.0
source_scope_difference_or_mixed,control,lancedb/lancedb,2024-09,ncloc,exact_match,ncloc_different,d6b505477886b48b4868a56481373e2a29a72fcd,d6b505477886b48b4868a56481373e2a29a72fcd,21675.0,34763.0,13088.0,13088.0,0,0,
source_scope_difference_or_mixed,control,lancedb/lancedb,2024-08,ncloc,exact_match,ncloc_different,51966a84f582476566daf289589318e9cc2cd0a1,51966a84f582476566daf289589318e9cc2cd0a1,20546.0,32162.0,11616.0,11616.0,0,0,
source_scope_difference_or_mixed,treatment,PostHog/posthog,2024-07,ncloc,exact_match,ncloc_different,6499bded5585bf1423fcf6673b2f560fe4f941af,6499bded5585bf1423fcf6673b2f560fe4f941af,677634.0,689198.0,11564.0,11564.0,0,0,-7.0
source_scope_difference_or_mixed,control,lancedb/lancedb,2024-07,ncloc,exact_match,ncloc_different,6af69b57ad24f5ea313a98f4b388f68c81a75bc1,6af69b57ad24f5ea313a98f4b388f68c81a75bc1,20083.0,31252.0,11169.0,11169.0,0,0,
source_scope_difference_or_mixed,control,lancedb/lancedb,2024-06,ncloc,exact_match,ncloc_different,865ed998814a5f8666d588b277f3cfa7fa14ce48,865ed998814a5f8666d588b277f3cfa7fa14ce48,18589.0,29231.0,10642.0,10642.0,0,0,
source_scope_difference_or_mixed,control,lancedb/lancedb,2024-05,ncloc,exact_match,ncloc_different,56b4fd2bd9c5c3077c1c7f6048780aecfbc577e3,56b4fd2bd9c5c3077c1c7f6048780aecfbc577e3,17029.0,27319.0,10290.0,10290.0,0,0,
source_scope_difference_or_mixed,treatment,PostHog/posthog,2024-06,ncloc,exact_match,ncloc_different,0b22cc401624bedab251a98f8bc86608ca9f59e5,0b22cc401624bedab251a98f8bc86608ca9f59e5,661185.0,671343.0,10158.0,10158.0,0,0,-8.0
source_scope_difference_or_mixed,treatment,ethyca/fides,2025-04,ncloc,exact_match,ncloc_different,e469857a142ed59acc3eb55ada6bd20ac94c1be5,e469857a142ed59acc3eb55ada6bd20ac94c1be5,318483.0,328498.0,10015.0,10015.0,1,1,1.0
source_scope_difference_or_mixed,treatment,yeagerai/genlayer-studio,2025-04,ncloc,exact_match,ncloc_different,ee19a3e79a40079f1fd8b52c6f52795b78bbb6e3,ee19a3e79a40079f1fd8b52c6f52795b78bbb6e3,17414.0,27099.0,9685.0,9685.0,1,1,1.0
source_scope_difference_or_mixed,treatment,yeagerai/genlayer-studio,2025-08,ncloc,exact_match,ncloc_different,116ca5fc5f7fffe83843572c0897d381dc36ebfb,116ca5fc5f7fffe83843572c0897d381dc36ebfb,22583.0,31585.0,9002.0,9002.0,1,1,5.0
source_scope_difference_or_mixed,treatment,yeagerai/genlayer-studio,2025-07,ncloc,exact_match,ncloc_different,128e60f694f4ff5c351198deba55db7d4d2d6e8c,128e60f694f4ff5c351198deba55db7d4d2d6e8c,22311.0,30562.0,8251.0,8251.0,1,1,4.0
source_scope_difference_or_mixed,control,lancedb/lancedb,2024-04,ncloc,exact_match,ncloc_different,6603414885be64132ee3a1018d5a5d6d7a4191ea,6603414885be64132ee3a1018d5a5d6d7a4191ea,15470.0,23347.0,7877.0,7877.0,0,0,
source_scope_difference_or_mixed,treatment,zauberzeug/nicegui,2025-02,code_smells,exact_match,ncloc_close,b71074ef73498f532234a837ea04a08ffbf4e804,b71074ef73498f532234a837ea04a08ffbf4e804,33269.0,41102.0,7833.0,7833.0,0,0,-1.0
source_scope_difference_or_mixed,treatment,zauberzeug/nicegui,2025-01,code_smells,exact_match,ncloc_close,7a540bf3dded6f1e58d32bf21a97d9a5c013afc1,7a540bf3dded6f1e58d32bf21a97d9a5c013afc1,33269.0,41099.0,7830.0,7830.0,0,0,-2.0
source_scope_difference_or_mixed,treatment,zauberzeug/nicegui,2025-03,code_smells,exact_match,ncloc_close,745167c81c219beda5ebaf850dfb7a3e772f96ac,745167c81c219beda5ebaf850dfb7a3e772f96ac,33270.0,41099.0,7829.0,7829.0,1,1,0.0
source_scope_difference_or_mixed,treatment,zauberzeug/nicegui,2024-12,code_smells,exact_match,ncloc_close,343dc0da8de0cf2f645cf8b5d76f5b439cb817f3,343dc0da8de0cf2f645cf8b5d76f5b439cb817f3,33267.0,41092.0,7825.0,7825.0,0,0,-3.0
source_scope_difference_or_mixed,treatment,zauberzeug/nicegui,2024-11,code_smells,exact_match,ncloc_close,25a633450d1223dcc8f1ad59d260d2e844b5519d,25a633450d1223dcc8f1ad59d260d2e844b5519d,33267.0,41078.0,7811.0,7811.0,0,0,-4.0
source_scope_difference_or_mixed,treatment,PostHog/posthog,2025-04,technical_debt,exact_match,ncloc_different,08f147eb9879e899fb7939f4b9413c86164ba7f9,08f147eb9879e899fb7939f4b9413c86164ba7f9,70394.0,77811.0,7417.0,7417.0,1,1,2.0
source_scope_difference_or_mixed,treatment,yeagerai/genlayer-studio,2025-06,ncloc,exact_match,ncloc_different,0ebe53c02e38e86cbf52545b4c1684d3faeb2607,0ebe53c02e38e86cbf52545b4c1684d3faeb2607,21166.0,28166.0,7000.0,7000.0,1,1,3.0
source_scope_difference_or_mixed,treatment,yeagerai/genlayer-studio,2025-05,ncloc,exact_match,ncloc_different,015258ffda52c268c43ebf7adb29fcdc18a41fd2,015258ffda52c268c43ebf7adb29fcdc18a41fd2,20916.0,27796.0,6880.0,6880.0,1,1,2.0
source_scope_difference_or_mixed,treatment,yeagerai/genlayer-studio,2025-03,ncloc,exact_match,ncloc_different,6ecca4614fd6bdecb1edbfcc38052c2b1e0b1010,6ecca4614fd6bdecb1edbfcc38052c2b1e0b1010,17409.0,23737.0,6328.0,6328.0,1,1,0.0
source_scope_difference_or_mixed,treatment,PostHog/posthog,2025-04,cognitive_complexity,exact_match,ncloc_different,08f147eb9879e899fb7939f4b9413c86164ba7f9,08f147eb9879e899fb7939f4b9413c86164ba7f9,69756.0,76027.0,6271.0,6271.0,1,1,2.0
source_scope_difference_or_mixed,treatment,yeagerai/genlayer-studio,2025-02,ncloc,exact_match,ncloc_different,a4969752bc251e96bff49703eb27f4fdd99ae423,a4969752bc251e96bff49703eb27f4fdd99ae423,17292.0,23526.0,6234.0,6234.0,0,0,-1.0
source_scope_difference_or_mixed,treatment,getsentry/sentry,2025-02,technical_debt,exact_match,ncloc_close,c4502d06cff34abeb8f58810743fb907ee914348,c4502d06cff34abeb8f58810743fb907ee914348,107481.0,113579.0,6098.0,6098.0,1,1,0.0
source_scope_difference_or_mixed,treatment,yeagerai/genlayer-studio,2025-01,ncloc,exact_match,ncloc_different,04fae826144162455aba04e0c087a292c884d191,04fae826144162455aba04e0c087a292c884d191,16120.0,22173.0,6053.0,6053.0,0,0,-2.0
source_scope_difference_or_mixed,treatment,yeagerai/genlayer-studio,2024-12,ncloc,exact_match,ncloc_different,3ff73e541a12e98d59578c492cf2f007a92540c4,3ff73e541a12e98d59578c492cf2f007a92540c4,15719.0,21568.0,5849.0,5849.0,0,0,-3.0
source_scope_difference_or_mixed,treatment,getsentry/sentry,2024-01,technical_debt,exact_match,ncloc_close,8073feb6eac31a856f6a389a1c289430b35e3589,8073feb6eac31a856f6a389a1c289430b35e3589,90882.0,96629.0,5747.0,5747.0,0,0,-13.0
source_scope_difference_or_mixed,treatment,zauberzeug/nicegui,2025-02,static_analysis_warnings,exact_match,ncloc_close,b71074ef73498f532234a837ea04a08ffbf4e804,b71074ef73498f532234a837ea04a08ffbf4e804,37735.0,43384.0,5649.0,5649.0,0,0,-1.0
source_scope_difference_or_mixed,treatment,zauberzeug/nicegui,2025-01,static_analysis_warnings,exact_match,ncloc_close,7a540bf3dded6f1e58d32bf21a97d9a5c013afc1,7a540bf3dded6f1e58d32bf21a97d9a5c013afc1,37735.0,43381.0,5646.0,5646.0,0,0,-2.0
source_scope_difference_or_mixed,treatment,zauberzeug/nicegui,2025-03,static_analysis_warnings,exact_match,ncloc_close,745167c81c219beda5ebaf850dfb7a3e772f96ac,745167c81c219beda5ebaf850dfb7a3e772f96ac,37736.0,43381.0,5645.0,5645.0,1,1,0.0
source_scope_difference_or_mixed,treatment,zauberzeug/nicegui,2024-12,static_analysis_warnings,exact_match,ncloc_close,343dc0da8de0cf2f645cf8b5d76f5b439cb817f3,343dc0da8de0cf2f645cf8b5d76f5b439cb817f3,37733.0,43374.0,5641.0,5641.0,0,0,-3.0
commit_selection_difference,treatment,cgevans/qslib,2025-08,ncloc,mismatch,,76acc07a52d0995fe6db5a2dbbe4a9495bfbbaea,8f7d15ae779d1e4381e4fe9cdbec6871a0e43678,8397.0,14026.0,5629.0,5629.0,1,1,6.0
source_scope_difference_or_mixed,treatment,zauberzeug/nicegui,2024-11,static_analysis_warnings,exact_match,ncloc_close,25a633450d1223dcc8f1ad59d260d2e844b5519d,25a633450d1223dcc8f1ad59d260d2e844b5519d,37733.0,43358.0,5625.0,5625.0,0,0,-4.0
commit_selection_difference,treatment,LearningCircuit/local-deep-research,2025-08,technical_debt,mismatch,,1b509b286e386545cd7a6aea61f65b7a26f2b33e,7b8114f313911b4fb080943cab20026940c092b3,9777.0,15120.0,5343.0,5343.0,1,1,5.0
source_scope_difference_or_mixed,treatment,cgevans/qslib,2025-06,ncloc,exact_match,ncloc_different,1258acf2dfee9f0a0b361425073844c94eabbb0e,1258acf2dfee9f0a0b361425073844c94eabbb0e,8353.0,13524.0,5171.0,5171.0,1,1,4.0
source_scope_difference_or_mixed,treatment,cgevans/qslib,2025-04,ncloc,exact_match,ncloc_different,03c686b5f265cc510486c81073a0ff0860d22011,03c686b5f265cc510486c81073a0ff0860d22011,8454.0,13625.0,5171.0,5171.0,1,1,2.0
source_scope_difference_or_mixed,treatment,cgevans/qslib,2025-07,ncloc,exact_match,ncloc_different,da3563d9db5db551649b35b475f8f49fd49ca62a,da3563d9db5db551649b35b475f8f49fd49ca62a,8395.0,13566.0,5171.0,5171.0,1,1,5.0
source_scope_difference_or_mixed,treatment,cgevans/qslib,2025-03,ncloc,exact_match,ncloc_different,1633aa647dd933e3ed4619a44ab8fad96492fdad,1633aa647dd933e3ed4619a44ab8fad96492fdad,8454.0,13625.0,5171.0,5171.0,1,1,1.0
source_scope_difference_or_mixed,treatment,terryyin/lizard,2025-08,technical_debt,exact_match,ncloc_different,f4c93acb75391b2797782373c95889434ac9b2ab,f4c93acb75391b2797782373c95889434ac9b2ab,8745.0,13829.0,5084.0,5084.0,1,1,7.0
source_scope_difference_or_mixed,treatment,terryyin/lizard,2025-04,technical_debt,exact_match,ncloc_different,7b72428d60d1bdd83d2c5fb807f8c7f33e23e71b,7b72428d60d1bdd83d2c5fb807f8c7f33e23e71b,8617.0,13701.0,5084.0,5084.0,1,1,3.0
source_scope_difference_or_mixed,treatment,terryyin/lizard,2025-07,technical_debt,exact_match,ncloc_different,10017f0c2ebb0688474c4a2b1216863d7632bbcf,10017f0c2ebb0688474c4a2b1216863d7632bbcf,8745.0,13824.0,5079.0,5079.0,1,1,6.0
source_scope_difference_or_mixed,treatment,terryyin/lizard,2025-06,technical_debt,exact_match,ncloc_different,d8cb37d396710cc71525e91b62f78320d6b7b03f,d8cb37d396710cc71525e91b62f78320d6b7b03f,8745.0,13824.0,5079.0,5079.0,1,1,5.0
source_scope_difference_or_mixed,treatment,terryyin/lizard,2025-03,technical_debt,exact_match,ncloc_different,86951d42c1f4fe5eaf00d258df2ab61952867838,86951d42c1f4fe5eaf00d258df2ab61952867838,8616.0,13691.0,5075.0,5075.0,1,1,2.0
source_scope_difference_or_mixed,treatment,terryyin/lizard,2025-05,technical_debt,exact_match,ncloc_different,1ef2169fe8524b27777ec65944ba4eca8570e2b7,1ef2169fe8524b27777ec65944ba4eca8570e2b7,8715.0,13789.0,5074.0,5074.0,1,1,4.0
source_scope_difference_or_mixed,treatment,terryyin/lizard,2024-04,technical_debt,exact_match,ncloc_different,7b47f8885eb694e6ec82df21e024f2b5265ffba9,7b47f8885eb694e6ec82df21e024f2b5265ffba9,8464.0,13537.0,5073.0,5073.0,0,0,-9.0
source_scope_difference_or_mixed,treatment,terryyin/lizard,2024-10,technical_debt,exact_match,ncloc_different,ef8ac19ce83d5c7f7e620f7525b6844ef8d4323a,ef8ac19ce83d5c7f7e620f7525b6844ef8d4323a,8481.0,13554.0,5073.0,5073.0,0,0,-3.0
source_scope_difference_or_mixed,treatment,terryyin/lizard,2024-08,technical_debt,exact_match,ncloc_different,c17ccbbe5203c34236fb52aa5f288ed2a96d55c0,c17ccbbe5203c34236fb52aa5f288ed2a96d55c0,8464.0,13537.0,5073.0,5073.0,0,0,-5.0
source_scope_difference_or_mixed,treatment,terryyin/lizard,2024-12,technical_debt,exact_match,ncloc_different,8f3742c28c9fd5d86fe6adfd906c9c91531390e4,8f3742c28c9fd5d86fe6adfd906c9c91531390e4,8489.0,13557.0,5068.0,5068.0,0,0,-1.0
source_scope_difference_or_mixed,treatment,terryyin/lizard,2025-01,technical_debt,exact_match,ncloc_different,c3cd418ce204dff6ddf223096d6a2aec2e7b5b51,c3cd418ce204dff6ddf223096d6a2aec2e7b5b51,8578.0,13646.0,5068.0,5068.0,1,1,0.0
source_scope_difference_or_mixed,treatment,terryyin/lizard,2025-02,technical_debt,exact_match,ncloc_different,7d48c44317121698e144aa7127082b46f7581ab0,7d48c44317121698e144aa7127082b46f7581ab0,8596.0,13655.0,5059.0,5059.0,1,1,1.0
source_scope_difference_or_mixed,treatment,LearningCircuit/local-deep-research,2025-07,technical_debt,exact_match,ncloc_close,de91a597f2851a551ec95f969e64d20910db8869,de91a597f2851a551ec95f969e64d20910db8869,9705.0,14760.0,5055.0,5055.0,1,1,4.0
source_scope_difference_or_mixed,treatment,getsentry/sentry,2024-05,technical_debt,exact_match,ncloc_close,0d270ad1c8532bb133772a03e166dca23a3a08ad,0d270ad1c8532bb133772a03e166dca23a3a08ad,105715.0,110547.0,4832.0,4832.0,0,0,-9.0
source_scope_difference_or_mixed,treatment,yeagerai/genlayer-studio,2024-11,ncloc,exact_match,ncloc_different,663a89ea1ddeca2f295ef8ea4513e8b8d0baa1a8,663a89ea1ddeca2f295ef8ea4513e8b8d0baa1a8,14376.0,19067.0,4691.0,4691.0,0,0,-4.0
source_scope_difference_or_mixed,treatment,getsentry/sentry,2024-04,technical_debt,exact_match,ncloc_close,d9935228ed25a087426c4665bb98358bb1e4c580,d9935228ed25a087426c4665bb98358bb1e4c580,92558.0,97191.0,4633.0,4633.0,0,0,-10.0
source_scope_difference_or_mixed,treatment,utensils/mcp-nixos,2025-04,ncloc,exact_match,ncloc_different,9958c0740e672a5ed61e02ad9a42e60d62dc16eb,9958c0740e672a5ed61e02ad9a42e60d62dc16eb,13451.0,18081.0,4630.0,4630.0,1,1,1.0
source_scope_difference_or_mixed,control,PromtEngineer/localGPT,2025-02,ncloc,exact_match,ncloc_different,deb7369fc37e4315d76735cafe7ddd0a509e1432,deb7369fc37e4315d76735cafe7ddd0a509e1432,41851.0,46375.0,4524.0,4524.0,0,0,
source_scope_difference_or_mixed,control,PromtEngineer/localGPT,2024-11,ncloc,exact_match,ncloc_different,732c57d32698901b1d64ee120b98aa2de5e2536b,732c57d32698901b1d64ee120b98aa2de5e2536b,41851.0,46375.0,4524.0,4524.0,0,0,
source_scope_difference_or_mixed,control,PromtEngineer/localGPT,2025-03,ncloc,exact_match,ncloc_different,4e0d9e75e9340fbd9d8f7d75cfdb7c5c9fbb0df4,4e0d9e75e9340fbd9d8f7d75cfdb7c5c9fbb0df4,41851.0,46375.0,4524.0,4524.0,0,0,
source_scope_difference_or_mixed,control,PromtEngineer/localGPT,2024-10,ncloc,exact_match,ncloc_different,c3620d972b020cafc5fef0604566577d75894d00,c3620d972b020cafc5fef0604566577d75894d00,41851.0,46375.0,4524.0,4524.0,0,0,
source_scope_difference_or_mixed,treatment,PostHog/posthog,2025-05,technical_debt,exact_match,ncloc_different,fa2cab6b204f2efeabb5c5bbc1d35ff23c91ec8b,fa2cab6b204f2efeabb5c5bbc1d35ff23c91ec8b,77447.0,81950.0,4503.0,4503.0,1,1,3.0
source_scope_difference_or_mixed,control,PromtEngineer/localGPT,2024-09,ncloc,exact_match,ncloc_different,b654a59976053b5cbb55cdc5de26058309007f3f,b654a59976053b5cbb55cdc5de26058309007f3f,41697.0,46183.0,4486.0,4486.0,0,0,
source_scope_difference_or_mixed,control,PromtEngineer/localGPT,2024-05,ncloc,exact_match,ncloc_different,a1dea3becb8b1ae28a87369b1636c4c4a4501c27,a1dea3becb8b1ae28a87369b1636c4c4a4501c27,41697.0,46183.0,4486.0,4486.0,0,0,
source_scope_difference_or_mixed,control,PromtEngineer/localGPT,2024-02,ncloc,exact_match,ncloc_different,e997a8a09545b655990dea641b548aeac9abcca5,e997a8a09545b655990dea641b548aeac9abcca5,41676.0,46162.0,4486.0,4486.0,0,0,
source_scope_difference_or_mixed,control,PromtEngineer/localGPT,2024-01,ncloc,exact_match,ncloc_different,1fca83aff1ebdc1ecb1fd057c7466753a7737bc6,1fca83aff1ebdc1ecb1fd057c7466753a7737bc6,41654.0,46140.0,4486.0,4486.0,0,0,
source_scope_difference_or_mixed,control,PromtEngineer/localGPT,2024-08,ncloc,exact_match,ncloc_different,b4322d4805a4712033021fa2eb64c296f2c94220,b4322d4805a4712033021fa2eb64c296f2c94220,41697.0,46183.0,4486.0,4486.0,0,0,
source_scope_difference_or_mixed,treatment,getsentry/sentry,2024-09,technical_debt,exact_match,ncloc_close,6c6024b9d8999b88166c60580a677d809252fc04,6c6024b9d8999b88166c60580a677d809252fc04,110298.0,114641.0,4343.0,4343.0,0,0,-5.0
source_scope_difference_or_mixed,treatment,getsentry/sentry,2024-06,technical_debt,exact_match,ncloc_close,27f0f976edf02d303fc16cab7a481e588be43e8e,27f0f976edf02d303fc16cab7a481e588be43e8e,105176.0,109513.0,4337.0,4337.0,0,0,-8.0
source_scope_difference_or_mixed,treatment,getsentry/sentry,2024-03,technical_debt,exact_match,ncloc_close,b3f8ab3aea7eaabfd408314997f8c21c5707491f,b3f8ab3aea7eaabfd408314997f8c21c5707491f,90060.0,94378.0,4318.0,4318.0,0,0,-11.0
source_scope_difference_or_mixed,treatment,getsentry/sentry,2025-01,technical_debt,exact_match,ncloc_close,d210118fce94310ef5858d51efe16ee26c995a48,d210118fce94310ef5858d51efe16ee26c995a48,103379.0,107643.0,4264.0,4264.0,0,0,-1.0
source_scope_difference_or_mixed,treatment,getsentry/sentry,2024-07,technical_debt,exact_match,ncloc_close,3efa8cf306b9650d8129ffeaca77601b833b1009,3efa8cf306b9650d8129ffeaca77601b833b1009,107637.0,111830.0,4193.0,4193.0,0,0,-7.0
source_scope_difference_or_mixed,treatment,PostHog/posthog,2025-08,cognitive_complexity,exact_match,ncloc_different,79cf381322842888a721905c09490e85f98a5a2a,79cf381322842888a721905c09490e85f98a5a2a,93378.0,97541.0,4163.0,4163.0,1,1,6.0
source_scope_difference_or_mixed,treatment,getsentry/sentry,2024-02,technical_debt,exact_match,ncloc_close,de6c3afad3e8eb67fe0f4cccc389f4374a87fea0,de6c3afad3e8eb67fe0f4cccc389f4374a87fea0,90115.0,94256.0,4141.0,4141.0,0,0,-12.0
source_scope_difference_or_mixed,treatment,getsentry/sentry,2024-12,technical_debt,exact_match,ncloc_close,707f353d2d1933fbf951478c414838f9e5956b38,707f353d2d1933fbf951478c414838f9e5956b38,106610.0,110737.0,4127.0,4127.0,0,0,-2.0
source_scope_difference_or_mixed,treatment,zauberzeug/nicegui,2025-05,code_smells,exact_match,ncloc_close,947772d66c6d108a7d12fe65b8b76f6110f7d20e,947772d66c6d108a7d12fe65b8b76f6110f7d20e,20715.0,24824.0,4109.0,4109.0,1,1,2.0
source_scope_difference_or_mixed,treatment,zauberzeug/nicegui,2025-08,code_smells,exact_match,ncloc_close,47a9542199eda065b82bfefe2f159323621d3d38,47a9542199eda065b82bfefe2f159323621d3d38,20735.0,24842.0,4107.0,4107.0,1,1,5.0
source_scope_difference_or_mixed,treatment,zauberzeug/nicegui,2025-07,code_smells,exact_match,ncloc_close,30a70325d55e110b87a6279664e6b7987ceb2067,30a70325d55e110b87a6279664e6b7987ceb2067,20733.0,24840.0,4107.0,4107.0,1,1,4.0
source_scope_difference_or_mixed,treatment,zauberzeug/nicegui,2025-06,code_smells,exact_match,ncloc_close,b3ea0df4e3b73a6e9e8f8fa57b8c052deb8f3694,b3ea0df4e3b73a6e9e8f8fa57b8c052deb8f3694,20717.0,24823.0,4106.0,4106.0,1,1,3.0
source_scope_difference_or_mixed,treatment,getsentry/sentry,2024-08,technical_debt,exact_match,ncloc_close,14b776d65b324705fca7edfd2c88a748429d54e3,14b776d65b324705fca7edfd2c88a748429d54e3,109444.0,113548.0,4104.0,4104.0,0,0,-6.0
source_scope_difference_or_mixed,treatment,getsentry/sentry,2024-10,technical_debt,exact_match,ncloc_close,ad46b361e2e960136b68f1647b936af1b3f6752a,ad46b361e2e960136b68f1647b936af1b3f6752a,109276.0,113340.0,4064.0,4064.0,0,0,-4.0
source_scope_difference_or_mixed,treatment,keephq/keep,2025-04,technical_debt,exact_match,ncloc_close,fc01ed670be54804d40ccaaa73bc28723f7c02e6,fc01ed670be54804d40ccaaa73bc28723f7c02e6,18018.0,21943.0,3925.0,3925.0,1,1,1.0
source_scope_difference_or_mixed,treatment,getsentry/sentry,2024-11,technical_debt,exact_match,ncloc_close,8e45680a887ec96c50c1f43fffe1ac8f2b6c54aa,8e45680a887ec96c50c1f43fffe1ac8f2b6c54aa,108877.0,112794.0,3917.0,3917.0,0,0,-3.0
source_scope_difference_or_mixed,treatment,keephq/keep,2025-03,technical_debt,exact_match,ncloc_close,6ba6ca03bdd94c1a4805ee87abbcb7b195ff01bf,6ba6ca03bdd94c1a4805ee87abbcb7b195ff01bf,17207.0,21095.0,3888.0,3888.0,1,1,0.0
source_scope_difference_or_mixed,treatment,keephq/keep,2025-06,technical_debt,exact_match,ncloc_close,32e024320952bd1a507b7fc8bc769aec60ee4f68,32e024320952bd1a507b7fc8bc769aec60ee4f68,19588.0,23473.0,3885.0,3885.0,1,1,3.0
source_scope_difference_or_mixed,treatment,keephq/keep,2025-07,technical_debt,exact_match,ncloc_close,c71d7c076780fad16bfcffb616a01278c75c6d6f,c71d7c076780fad16bfcffb616a01278c75c6d6f,19748.0,23603.0,3855.0,3855.0,1,1,4.0
source_scope_difference_or_mixed,treatment,keephq/keep,2025-08,technical_debt,exact_match,ncloc_close,76c396f983198158da30246a7e40e42bceebf46b,76c396f983198158da30246a7e40e42bceebf46b,19975.0,23810.0,3835.0,3835.0,1,1,5.0
source_scope_difference_or_mixed,treatment,PostHog/posthog,2025-03,technical_debt,exact_match,ncloc_different,ecdaddcfaf15967165806e2cd4f9bc0cfb40f0e1,ecdaddcfaf15967165806e2cd4f9bc0cfb40f0e1,70314.0,74136.0,3822.0,3822.0,1,1,1.0
source_scope_difference_or_mixed,treatment,keephq/keep,2025-05,technical_debt,exact_match,ncloc_close,9cefe4e98749a406a2fbdc97fdbddf8dbdcb6664,9cefe4e98749a406a2fbdc97fdbddf8dbdcb6664,19006.0,22806.0,3800.0,3800.0,1,1,2.0
source_scope_difference_or_mixed,treatment,keephq/keep,2025-02,technical_debt,exact_match,ncloc_close,c21dc97d3b04c9804a2ae1349907af431f444fd6,c21dc97d3b04c9804a2ae1349907af431f444fd6,15267.0,18950.0,3683.0,3683.0,0,0,-1.0
commit_selection_difference,treatment,PostHog/posthog,2025-07,cognitive_complexity,mismatch,,0208352822068d8747214c905d729dff4ebe49f1,8e13bf3cbfe9684eb907f7ddf706aa9fae2099e0,86434.0,90037.0,3603.0,3603.0,1,1,5.0
rule_config_analyzer_profile_signal,control,ysj9909/SHViT,2024-06,technical_debt,exact_match,ncloc_identical,6a729ccf18e0b941714b529638bd3d9bacebcef0,6a729ccf18e0b941714b529638bd3d9bacebcef0,387.0,3967.0,3580.0,3580.0,0,0,
rule_config_analyzer_profile_signal,control,ysj9909/SHViT,2024-04,technical_debt,exact_match,ncloc_identical,fee7ce4258e81baf9e929e90f26168d632d186a7,fee7ce4258e81baf9e929e90f26168d632d186a7,387.0,3967.0,3580.0,3580.0,0,0,
rule_config_analyzer_profile_signal,control,ysj9909/SHViT,2024-05,technical_debt,exact_match,ncloc_identical,20819cb8f624e183b1fa2ce941ed18ab8037b07d,20819cb8f624e183b1fa2ce941ed18ab8037b07d,387.0,3967.0,3580.0,3580.0,0,0,
commit_selection_difference,treatment,whiteducksoftware/flock,2025-06,ncloc,mismatch,,1e82eb29281c426f81723a19f28c2b8302cf75ce,db5e65e61bdb943cae439f796be085c5a8218a3c,30227.0,33799.0,3572.0,3572.0,1,1,3.0
source_scope_difference_or_mixed,treatment,PostHog/posthog,2025-02,technical_debt,exact_match,ncloc_different,e6cdfed56138f74a1e8bcac05f60036d96ab9a6a,e6cdfed56138f74a1e8bcac05f60036d96ab9a6a,67212.0,70755.0,3543.0,3543.0,1,1,0.0
commit_selection_difference,treatment,whiteducksoftware/flock,2025-05,ncloc,mismatch,,8e542bb4c8252648f6a7705a46124a8e76a4e19c,c60e12a13b66d7f9b7c92f42c2681e331c8ed31d,30218.0,33737.0,3519.0,3519.0,1,1,2.0
source_scope_difference_or_mixed,treatment,PostHog/posthog,2025-06,cognitive_complexity,exact_match,ncloc_different,bf87ddcb0e02027bb8c1e7a1aa2e03f0c4312e90,bf87ddcb0e02027bb8c1e7a1aa2e03f0c4312e90,81500.0,85016.0,3516.0,3516.0,1,1,4.0
source_scope_difference_or_mixed,treatment,TextGeneratorio/text-generator.io,2025-08,technical_debt,exact_match,ncloc_different,95ff0e2fb3cbafd6c6037e2ea559ed6fdb549b35,95ff0e2fb3cbafd6c6037e2ea559ed6fdb549b35,20570.0,24022.0,3452.0,3452.0,1,1,5.0
rule_config_analyzer_profile_signal,control,zhipeixu/FakeShield,2025-05,technical_debt,exact_match,ncloc_identical,c34dab9b8df3dc77d2632344eb0d0af387d0658f,c34dab9b8df3dc77d2632344eb0d0af387d0658f,6893.0,10282.0,3389.0,3389.0,0,0,
rule_config_analyzer_profile_signal,control,zhipeixu/FakeShield,2025-06,technical_debt,exact_match,ncloc_identical,346cb6c74c9a426c1c00d98b13e5f417161a94c1,346cb6c74c9a426c1c00d98b13e5f417161a94c1,6893.0,10282.0,3389.0,3389.0,0,0,
rule_config_analyzer_profile_signal,control,zhipeixu/FakeShield,2025-04,technical_debt,exact_match,ncloc_identical,2910fb826ea20e11c2c2553c36984630216c0bab,2910fb826ea20e11c2c2553c36984630216c0bab,6893.0,10282.0,3389.0,3389.0,0,0,
rule_config_analyzer_profile_signal,control,zhipeixu/FakeShield,2025-03,technical_debt,exact_match,ncloc_identical,7bd43c8badef7341807e85e55a8b216dac6c2424,7bd43c8badef7341807e85e55a8b216dac6c2424,6893.0,10282.0,3389.0,3389.0,0,0,
rule_config_analyzer_profile_signal,control,zhipeixu/FakeShield,2025-02,technical_debt,exact_match,ncloc_identical,b807b92ac958678bb278e741864ba4b821fb73c1,b807b92ac958678bb278e741864ba4b821fb73c1,6893.0,10282.0,3389.0,3389.0,0,0,
source_scope_difference_or_mixed,treatment,zauberzeug/nicegui,2024-07,code_smells,exact_match,ncloc_close,b0bc2078fb1e70607879d82ce96e3a488bc41f69,b0bc2078fb1e70607879d82ce96e3a488bc41f69,19352.0,22721.0,3369.0,3369.0,0,0,-8.0
source_scope_difference_or_mixed,treatment,zauberzeug/nicegui,2024-06,code_smells,exact_match,ncloc_close,462af82d7027979fe68e7245b772c2c6cdbe7d94,462af82d7027979fe68e7245b772c2c6cdbe7d94,19352.0,22718.0,3366.0,3366.0,0,0,-9.0
source_scope_difference_or_mixed,treatment,zauberzeug/nicegui,2024-05,code_smells,exact_match,ncloc_close,92a0cf0fdaee28ffba8329483e55f2a5d5c529fe,92a0cf0fdaee28ffba8329483e55f2a5d5c529fe,19350.0,22711.0,3361.0,3361.0,0,0,-10.0
source_scope_difference_or_mixed,treatment,zauberzeug/nicegui,2024-04,code_smells,exact_match,ncloc_close,1bce2bad367d5baf842badb51a0d78c8543a49ef,1bce2bad367d5baf842badb51a0d78c8543a49ef,19343.0,22702.0,3359.0,3359.0,0,0,-11.0
source_scope_difference_or_mixed,treatment,zauberzeug/nicegui,2024-03,code_smells,exact_match,ncloc_close,fff7b27eea91bf2b3d3f3080f0919c3ac62978b8,fff7b27eea91bf2b3d3f3080f0919c3ac62978b8,19341.0,22694.0,3353.0,3353.0,0,0,-12.0
commit_selection_difference,treatment,zauberzeug/nicegui,2024-02,code_smells,mismatch,,38fcfe13fd8e5b297a8cb12aa357f94ad3d84eda,4a0c1c874fc3b56c4f2dc400a4367a71df5a66fe,19325.0,22645.0,3320.0,3320.0,0,0,-13.0
source_scope_difference_or_mixed,treatment,keephq/keep,2024-10,technical_debt,exact_match,ncloc_close,add75fb2aa8bbd8ed47f68dfc3d242cb78cd68d8,add75fb2aa8bbd8ed47f68dfc3d242cb78cd68d8,11247.0,14509.0,3262.0,3262.0,0,0,-5.0
source_scope_difference_or_mixed,treatment,trycua/cua,2025-04,ncloc,exact_match,ncloc_different,60bcb0716cfa720084faafb1d0c9b1f716a6945c,60bcb0716cfa720084faafb1d0c9b1f716a6945c,11136.0,14394.0,3258.0,3258.0,1,1,1.0
source_scope_difference_or_mixed,treatment,zauberzeug/nicegui,2024-01,code_smells,exact_match,ncloc_close,f4c57a962f8cc96085eb41860c1346da77228824,f4c57a962f8cc96085eb41860c1346da77228824,19235.0,22469.0,3234.0,3234.0,0,0,-14.0
source_scope_difference_or_mixed,treatment,TextGeneratorio/text-generator.io,2025-07,technical_debt,exact_match,ncloc_different,3920d146d45c6c226f4321c9105a6076824d9aca,3920d146d45c6c226f4321c9105a6076824d9aca,20329.0,23495.0,3166.0,3166.0,1,1,4.0
source_scope_difference_or_mixed,treatment,keephq/keep,2025-01,technical_debt,exact_match,ncloc_close,e5d85d9ca27a74536e0e9f8fbb54edf893c8f0c2,e5d85d9ca27a74536e0e9f8fbb54edf893c8f0c2,13681.0,16822.0,3141.0,3141.0,0,0,-2.0
source_scope_difference_or_mixed,treatment,ResearchHub/researchhub-backend,2025-04,ncloc,exact_match,ncloc_different,90bd47c7e4e4a107c32deefa0d54c6024506b8b0,90bd47c7e4e4a107c32deefa0d54c6024506b8b0,80840.0,83901.0,3061.0,3061.0,1,1,1.0
source_scope_difference_or_mixed,treatment,PostHog/posthog,2025-05,cognitive_complexity,exact_match,ncloc_different,fa2cab6b204f2efeabb5c5bbc1d35ff23c91ec8b,fa2cab6b204f2efeabb5c5bbc1d35ff23c91ec8b,76949.0,79996.0,3047.0,3047.0,1,1,3.0
source_scope_difference_or_mixed,treatment,keephq/keep,2024-09,technical_debt,exact_match,ncloc_close,fb4b5d5ad83f4a1b7b3014aaf14aa2681c88f58a,fb4b5d5ad83f4a1b7b3014aaf14aa2681c88f58a,10014.0,13030.0,3016.0,3016.0,0,0,-6.0
commit_selection_difference,treatment,allthingslinux/tux,2025-08,ncloc,mismatch,,281df8c2c722074fc0207120cf126b9617a63a28,92755414929eee2c81783fbc43d5fd28826dc0f3,18494.0,21486.0,2992.0,2992.0,1,1,6.0
source_scope_difference_or_mixed,control,FMInference/FlexiGen,2024-10,technical_debt,exact_match,ncloc_close,004ffef82b46e8dc8685c55d0cdda650bdaf1269,004ffef82b46e8dc8685c55d0cdda650bdaf1269,78238.0,81228.0,2990.0,2990.0,0,0,
source_scope_difference_or_mixed,control,FMInference/FlexiGen,2024-09,technical_debt,exact_match,ncloc_close,ab55510b0e19b0dcdb274e7ef5421827d0c237d0,ab55510b0e19b0dcdb274e7ef5421827d0c237d0,78233.0,81221.0,2988.0,2988.0,0,0,
source_scope_difference_or_mixed,control,FMInference/FlexiGen,2024-04,technical_debt,exact_match,ncloc_close,19753bc062d47cc34e73efb27824e97ff5216a68,19753bc062d47cc34e73efb27824e97ff5216a68,78233.0,81221.0,2988.0,2988.0,0,0,
source_scope_difference_or_mixed,treatment,samuelgursky/davinci-resolve-mcp,2025-03,ncloc,exact_match,ncloc_different,f10b0f93aec15b5c92b2bed33a60270e100dc317,f10b0f93aec15b5c92b2bed33a60270e100dc317,7828.0,10768.0,2940.0,2940.0,1,1,0.0
source_scope_difference_or_mixed,treatment,samuelgursky/davinci-resolve-mcp,2025-04,ncloc,exact_match,ncloc_different,19dc53236193de61f79facc731024a75d3c3be5c,19dc53236193de61f79facc731024a75d3c3be5c,7828.0,10768.0,2940.0,2940.0,1,1,1.0
source_scope_difference_or_mixed,treatment,LearningCircuit/local-deep-research,2025-03,ncloc,exact_match,ncloc_different,534b12017b9b8db8d6831f3dbd4d4588ddbffe86,534b12017b9b8db8d6831f3dbd4d4588ddbffe86,12126.0,15051.0,2925.0,2925.0,1,1,0.0
source_scope_difference_or_mixed,treatment,getsentry/sentry,2025-06,technical_debt,exact_match,ncloc_close,4f2be477198bf2814c6d6cd4b80ba19cbe386908,4f2be477198bf2814c6d6cd4b80ba19cbe386908,120791.0,123683.0,2892.0,2892.0,1,1,4.0
source_scope_difference_or_mixed,treatment,LearningCircuit/local-deep-research,2025-06,technical_debt,exact_match,ncloc_close,a725bf4b3944d348c441777ba758de442bc7015e,a725bf4b3944d348c441777ba758de442bc7015e,7288.0,10116.0,2828.0,2828.0,1,1,3.0
source_scope_difference_or_mixed,treatment,keephq/keep,2024-12,technical_debt,exact_match,ncloc_close,6ad036b1837b2de0331014c58d2d1e1d99e46d59,6ad036b1837b2de0331014c58d2d1e1d99e46d59,12619.0,15436.0,2817.0,2817.0,0,0,-3.0
source_scope_difference_or_mixed,treatment,keephq/keep,2024-11,technical_debt,exact_match,ncloc_close,a3b9303830358fbeefa53d83f721951c8c1560f4,a3b9303830358fbeefa53d83f721951c8c1560f4,12188.0,14967.0,2779.0,2779.0,0,0,-4.0
source_scope_difference_or_mixed,treatment,TextGeneratorio/text-generator.io,2025-05,technical_debt,exact_match,ncloc_different,53455c86af4bf5e404a847de09f1c8b9e654d801,53455c86af4bf5e404a847de09f1c8b9e654d801,20589.0,23319.0,2730.0,2730.0,1,1,2.0
source_scope_difference_or_mixed,treatment,TextGeneratorio/text-generator.io,2025-04,technical_debt,exact_match,ncloc_different,5ed2b4008e2a49c4dad48dad07ef982849fc5fca,5ed2b4008e2a49c4dad48dad07ef982849fc5fca,20554.0,23277.0,2723.0,2723.0,1,1,1.0
source_scope_difference_or_mixed,treatment,TextGeneratorio/text-generator.io,2025-06,technical_debt,exact_match,ncloc_different,1eafa44b407969edcac558b3f8cf0c4f39ba52ae,1eafa44b407969edcac558b3f8cf0c4f39ba52ae,20281.0,23001.0,2720.0,2720.0,1,1,3.0
source_scope_difference_or_mixed,treatment,TextGeneratorio/text-generator.io,2024-02,technical_debt,exact_match,ncloc_different,5644053e2ab8c2c1d2107a0a825d1c0f0bb5c088,5644053e2ab8c2c1d2107a0a825d1c0f0bb5c088,21904.0,24597.0,2693.0,2693.0,0,0,-13.0
source_scope_difference_or_mixed,treatment,TextGeneratorio/text-generator.io,2024-05,technical_debt,exact_match,ncloc_different,0892be29955c6d268f45b5545a9091cef7372348,0892be29955c6d268f45b5545a9091cef7372348,21914.0,24607.0,2693.0,2693.0,0,0,-10.0
source_scope_difference_or_mixed,treatment,TextGeneratorio/text-generator.io,2024-08,technical_debt,exact_match,ncloc_different,b6d6f478ac36e37f7dcb5f3a50b932ebf350cfe2,b6d6f478ac36e37f7dcb5f3a50b932ebf350cfe2,21944.0,24637.0,2693.0,2693.0,0,0,-7.0
source_scope_difference_or_mixed,treatment,TextGeneratorio/text-generator.io,2024-07,technical_debt,exact_match,ncloc_different,eaabbefacf47cf51ba7c231df42fff37100c13c6,eaabbefacf47cf51ba7c231df42fff37100c13c6,21909.0,24602.0,2693.0,2693.0,0,0,-8.0
source_scope_difference_or_mixed,treatment,TextGeneratorio/text-generator.io,2024-01,technical_debt,exact_match,ncloc_different,92c3ebc388615849a39db668be9b52a8faf8e30f,92c3ebc388615849a39db668be9b52a8faf8e30f,21904.0,24597.0,2693.0,2693.0,0,0,-14.0
source_scope_difference_or_mixed,treatment,yeagerai/genlayer-studio,2024-10,ncloc,exact_match,ncloc_different,19cc640fc1371364503e01c17750c3f29b54c0ac,19cc640fc1371364503e01c17750c3f29b54c0ac,15724.0,18342.0,2618.0,2618.0,0,0,-5.0
source_scope_difference_or_mixed,treatment,TextGeneratorio/text-generator.io,2024-11,technical_debt,exact_match,ncloc_different,e451574cd387d39aa8d1bab1cbe9d03a4131973d,e451574cd387d39aa8d1bab1cbe9d03a4131973d,19776.0,22373.0,2597.0,2597.0,0,0,-4.0
source_scope_difference_or_mixed,treatment,TextGeneratorio/text-generator.io,2024-12,technical_debt,exact_match,ncloc_different,48e7be432b6e66beba9d471b9c5e3484de33eb3f,48e7be432b6e66beba9d471b9c5e3484de33eb3f,19796.0,22388.0,2592.0,2592.0,0,0,-3.0
source_scope_difference_or_mixed,treatment,TextGeneratorio/text-generator.io,2025-02,technical_debt,exact_match,ncloc_different,931cde358016941d35169d0a361dde98ff36320a,931cde358016941d35169d0a361dde98ff36320a,19900.0,22492.0,2592.0,2592.0,0,0,-1.0
source_scope_difference_or_mixed,treatment,TextGeneratorio/text-generator.io,2025-01,technical_debt,exact_match,ncloc_different,41b2e647d9ca45d0987290bf299ce7e303ac415a,41b2e647d9ca45d0987290bf299ce7e303ac415a,19900.0,22492.0,2592.0,2592.0,0,0,-2.0
source_scope_difference_or_mixed,treatment,TextGeneratorio/text-generator.io,2025-03,technical_debt,exact_match,ncloc_different,f330b4fd8064ea499385da03f3fc6c297916b674,f330b4fd8064ea499385da03f3fc6c297916b674,19900.0,22492.0,2592.0,2592.0,1,1,0.0
source_scope_difference_or_mixed,treatment,yeagerai/genlayer-studio,2024-09,ncloc,exact_match,ncloc_different,6a6b70aa73ac4126dc43c7ae25f9fde1f7796d54,6a6b70aa73ac4126dc43c7ae25f9fde1f7796d54,13299.0,15868.0,2569.0,2569.0,0,0,-6.0
source_scope_difference_or_mixed,treatment,airweave-ai/airweave,2025-04,technical_debt,exact_match,ncloc_close,786b96bdb9e59b7e08ae746c5c3a044b77ca5bd6,786b96bdb9e59b7e08ae746c5c3a044b77ca5bd6,2664.0,5232.0,2568.0,2568.0,1,1,1.0
source_scope_difference_or_mixed,treatment,getsentry/sentry,2025-07,technical_debt,exact_match,ncloc_close,71c2f5f3925610f3aa1871ace1c20f48eeff3db8,71c2f5f3925610f3aa1871ace1c20f48eeff3db8,240292.0,242848.0,2556.0,2556.0,1,1,5.0
commit_selection_difference,treatment,whiteducksoftware/flock,2025-08,ncloc,mismatch,,990a68cac2f293d51d8c8c666a5edc165cd69bbc,88b363080e95e8bdd87e32924216febb6cb5e4c7,30948.0,33463.0,2515.0,2515.0,1,1,5.0
source_scope_difference_or_mixed,treatment,yeagerai/genlayer-studio,2025-04,technical_debt,exact_match,ncloc_different,ee19a3e79a40079f1fd8b52c6f52795b78bbb6e3,ee19a3e79a40079f1fd8b52c6f52795b78bbb6e3,1105.0,3603.0,2498.0,2498.0,1,1,1.0
source_scope_difference_or_mixed,control,HelpingAI/Webscout,2025-08,technical_debt,exact_match,ncloc_close,259c469b1785b81094ce71312991307ad5c14d58,259c469b1785b81094ce71312991307ad5c14d58,16539.0,18946.0,2407.0,2407.0,0,0,
source_scope_difference_or_mixed,control,HelpingAI/Webscout,2025-07,technical_debt,exact_match,ncloc_close,3c0f40c7caa64697c58cc209b70672171dd541a9,3c0f40c7caa64697c58cc209b70672171dd541a9,16827.0,19214.0,2387.0,2387.0,0,0,
source_scope_difference_or_mixed,treatment,PostHog/posthog,2025-01,technical_debt,exact_match,ncloc_different,1253d960c415d65583dac034353702ad74016da1,1253d960c415d65583dac034353702ad74016da1,61380.0,63748.0,2368.0,2368.0,0,0,-1.0
source_scope_difference_or_mixed,treatment,yeagerai/genlayer-studio,2025-07,technical_debt,exact_match,ncloc_different,128e60f694f4ff5c351198deba55db7d4d2d6e8c,128e60f694f4ff5c351198deba55db7d4d2d6e8c,1573.0,3903.0,2330.0,2330.0,1,1,4.0
commit_selection_difference,control,HelpingAI/Webscout,2025-04,technical_debt,mismatch,,0d37e47f31e81edaaf0083ee65e86d0291939692,e37241c7865adb0ad181fb6a1fd42fd7d29a8572,12395.0,14724.0,2329.0,2329.0,0,0,
source_scope_difference_or_mixed,treatment,airweave-ai/airweave,2025-03,technical_debt,exact_match,ncloc_different,8118371941d89abce9ca9f4a4df65e4caecc9b44,8118371941d89abce9ca9f4a4df65e4caecc9b44,1905.0,4228.0,2323.0,2323.0,1,1,0.0
source_scope_difference_or_mixed,treatment,getsentry/sentry,2025-08,technical_debt,exact_match,ncloc_close,b9dc9712a91c4dbf3cb1550254113c1599388e57,b9dc9712a91c4dbf3cb1550254113c1599388e57,233110.0,235420.0,2310.0,2310.0,1,1,6.0
source_scope_difference_or_mixed,treatment,yeagerai/genlayer-studio,2025-06,technical_debt,exact_match,ncloc_different,0ebe53c02e38e86cbf52545b4c1684d3faeb2607,0ebe53c02e38e86cbf52545b4c1684d3faeb2607,1494.0,3784.0,2290.0,2290.0,1,1,3.0
source_scope_difference_or_mixed,treatment,PostHog/posthog,2025-03,cognitive_complexity,exact_match,ncloc_different,ecdaddcfaf15967165806e2cd4f9bc0cfb40f0e1,ecdaddcfaf15967165806e2cd4f9bc0cfb40f0e1,69652.0,71936.0,2284.0,2284.0,1,1,1.0
source_scope_difference_or_mixed,treatment,yeagerai/genlayer-studio,2025-08,technical_debt,exact_match,ncloc_different,116ca5fc5f7fffe83843572c0897d381dc36ebfb,116ca5fc5f7fffe83843572c0897d381dc36ebfb,1660.0,3942.0,2282.0,2282.0,1,1,5.0
source_scope_difference_or_mixed,treatment,PostHog/posthog,2025-04,static_analysis_warnings,exact_match,ncloc_different,08f147eb9879e899fb7939f4b9413c86164ba7f9,08f147eb9879e899fb7939f4b9413c86164ba7f9,11374.0,13652.0,2278.0,2278.0,1,1,2.0
source_scope_difference_or_mixed,control,HelpingAI/Webscout,2025-06,technical_debt,exact_match,ncloc_close,e3ea673b30db1067ffcd26fd13362697f4ef56f7,e3ea673b30db1067ffcd26fd13362697f4ef56f7,17467.0,19724.0,2257.0,2257.0,0,0,
source_scope_difference_or_mixed,treatment,getsentry/sentry,2025-02,code_smells,exact_match,ncloc_close,c4502d06cff34abeb8f58810743fb907ee914348,c4502d06cff34abeb8f58810743fb907ee914348,15845.0,18091.0,2246.0,2246.0,1,1,0.0
source_scope_difference_or_mixed,treatment,yeagerai/genlayer-studio,2025-05,technical_debt,exact_match,ncloc_different,015258ffda52c268c43ebf7adb29fcdc18a41fd2,015258ffda52c268c43ebf7adb29fcdc18a41fd2,1443.0,3676.0,2233.0,2233.0,1,1,2.0
source_scope_difference_or_mixed,treatment,PostHog/posthog,2025-04,code_smells,exact_match,ncloc_different,08f147eb9879e899fb7939f4b9413c86164ba7f9,08f147eb9879e899fb7939f4b9413c86164ba7f9,11012.0,13226.0,2214.0,2214.0,1,1,2.0
rule_config_analyzer_profile_signal,treatment,keephq/keep,2024-07,technical_debt,exact_match,ncloc_identical,bd626be9f9760d7665d906f637467f8b811175d3,bd626be9f9760d7665d906f637467f8b811175d3,7927.0,10110.0,2183.0,2183.0,0,0,-8.0
source_scope_difference_or_mixed,treatment,keephq/keep,2024-08,technical_debt,exact_match,ncloc_close,eb1ead38d602eb0db889e19e7023e5947c44b4ac,eb1ead38d602eb0db889e19e7023e5947c44b4ac,8255.0,10407.0,2152.0,2152.0,0,0,-7.0
source_scope_difference_or_mixed,treatment,zauberzeug/nicegui,2025-05,static_analysis_warnings,exact_match,ncloc_close,947772d66c6d108a7d12fe65b8b76f6110f7d20e,947772d66c6d108a7d12fe65b8b76f6110f7d20e,23403.0,25429.0,2026.0,2026.0,1,1,2.0
source_scope_difference_or_mixed,treatment,zauberzeug/nicegui,2025-07,static_analysis_warnings,exact_match,ncloc_close,30a70325d55e110b87a6279664e6b7987ceb2067,30a70325d55e110b87a6279664e6b7987ceb2067,23421.0,25445.0,2024.0,2024.0,1,1,4.0
source_scope_difference_or_mixed,treatment,zauberzeug/nicegui,2025-08,static_analysis_warnings,exact_match,ncloc_close,47a9542199eda065b82bfefe2f159323621d3d38,47a9542199eda065b82bfefe2f159323621d3d38,23423.0,25446.0,2023.0,2023.0,1,1,5.0
source_scope_difference_or_mixed,treatment,zauberzeug/nicegui,2025-06,static_analysis_warnings,exact_match,ncloc_close,b3ea0df4e3b73a6e9e8f8fa57b8c052deb8f3694,b3ea0df4e3b73a6e9e8f8fa57b8c052deb8f3694,23405.0,25428.0,2023.0,2023.0,1,1,3.0
source_scope_difference_or_mixed,treatment,keephq/keep,2024-04,technical_debt,exact_match,ncloc_close,0dcfac86313597fd3eb6bc0aa7233bd35a0b5338,0dcfac86313597fd3eb6bc0aa7233bd35a0b5338,6354.0,8284.0,1930.0,1930.0,0,0,-11.0
source_scope_difference_or_mixed,control,golemfoundation/octant,2025-03,ncloc,exact_match,ncloc_different,35ca8290646f0441f9854fc1b931d9346f1b4852,35ca8290646f0441f9854fc1b931d9346f1b4852,86850.0,88777.0,1927.0,1927.0,0,0,
source_scope_difference_or_mixed,treatment,airweave-ai/airweave,2025-02,technical_debt,exact_match,ncloc_close,f42640c7a7cd6d4a23fce55271368d13763610ec,f42640c7a7cd6d4a23fce55271368d13763610ec,1436.0,3360.0,1924.0,1924.0,0,0,-1.0
rule_config_analyzer_profile_signal,treatment,keephq/keep,2024-05,technical_debt,exact_match,ncloc_identical,23e20189f22444f91b33f89339fe438bc08c9a16,23e20189f22444f91b33f89339fe438bc08c9a16,6535.0,8442.0,1907.0,1907.0,0,0,-10.0
source_scope_difference_or_mixed,control,HelpingAI/Webscout,2025-05,technical_debt,exact_match,ncloc_close,44f4fd7a04771e30dac59705566949b590386208,44f4fd7a04771e30dac59705566949b590386208,15562.0,17449.0,1887.0,1887.0,0,0,
source_scope_difference_or_mixed,treatment,PostHog/posthog,2025-05,static_analysis_warnings,exact_match,ncloc_different,fa2cab6b204f2efeabb5c5bbc1d35ff23c91ec8b,fa2cab6b204f2efeabb5c5bbc1d35ff23c91ec8b,12392.0,14272.0,1880.0,1880.0,1,1,3.0
source_scope_difference_or_mixed,treatment,PostHog/posthog,2025-05,code_smells,exact_match,ncloc_different,fa2cab6b204f2efeabb5c5bbc1d35ff23c91ec8b,fa2cab6b204f2efeabb5c5bbc1d35ff23c91ec8b,11978.0,13825.0,1847.0,1847.0,1,1,3.0
source_scope_difference_or_mixed,treatment,PostHog/posthog,2025-02,cognitive_complexity,exact_match,ncloc_different,e6cdfed56138f74a1e8bcac05f60036d96ab9a6a,e6cdfed56138f74a1e8bcac05f60036d96ab9a6a,65955.0,67802.0,1847.0,1847.0,1,1,0.0
rule_config_analyzer_profile_signal,treatment,keephq/keep,2024-06,technical_debt,exact_match,ncloc_identical,e6ce080de41cd5e218eff5357b00f6ebdbb5b757,e6ce080de41cd5e218eff5357b00f6ebdbb5b757,7013.0,8855.0,1842.0,1842.0,0,0,-9.0
source_scope_difference_or_mixed,treatment,getsentry/sentry,2025-02,static_analysis_warnings,exact_match,ncloc_close,c4502d06cff34abeb8f58810743fb907ee914348,c4502d06cff34abeb8f58810743fb907ee914348,16665.0,18500.0,1835.0,1835.0,1,1,0.0
source_scope_difference_or_mixed,treatment,keephq/keep,2024-03,technical_debt,exact_match,ncloc_close,d25b4706e1d27184c587c326b77a4ea126cbb3e0,d25b4706e1d27184c587c326b77a4ea126cbb3e0,5278.0,7042.0,1764.0,1764.0,0,0,-12.0
source_scope_difference_or_mixed,treatment,PostHog/posthog,2025-03,static_analysis_warnings,exact_match,ncloc_different,ecdaddcfaf15967165806e2cd4f9bc0cfb40f0e1,ecdaddcfaf15967165806e2cd4f9bc0cfb40f0e1,11359.0,13094.0,1735.0,1735.0,1,1,1.0
source_scope_difference_or_mixed,treatment,trycua/cua,2025-04,technical_debt,exact_match,ncloc_different,60bcb0716cfa720084faafb1d0c9b1f716a6945c,60bcb0716cfa720084faafb1d0c9b1f716a6945c,2650.0,4343.0,1693.0,1693.0,1,1,1.0
source_scope_difference_or_mixed,treatment,PostHog/posthog,2025-03,code_smells,exact_match,ncloc_different,ecdaddcfaf15967165806e2cd4f9bc0cfb40f0e1,ecdaddcfaf15967165806e2cd4f9bc0cfb40f0e1,10997.0,12690.0,1693.0,1693.0,1,1,1.0
source_scope_difference_or_mixed,treatment,PostHog/posthog,2025-02,static_analysis_warnings,exact_match,ncloc_different,e6cdfed56138f74a1e8bcac05f60036d96ab9a6a,e6cdfed56138f74a1e8bcac05f60036d96ab9a6a,10999.0,12689.0,1690.0,1690.0,1,1,0.0
source_scope_difference_or_mixed,treatment,keephq/keep,2024-02,technical_debt,exact_match,ncloc_close,e9aca814ab111790ebadc672c582711f6d119ce5,e9aca814ab111790ebadc672c582711f6d119ce5,5485.0,7139.0,1654.0,1654.0,0,0,-13.0
source_scope_difference_or_mixed,treatment,PostHog/posthog,2025-02,code_smells,exact_match,ncloc_different,e6cdfed56138f74a1e8bcac05f60036d96ab9a6a,e6cdfed56138f74a1e8bcac05f60036d96ab9a6a,10641.0,12286.0,1645.0,1645.0,1,1,0.0
source_scope_difference_or_mixed,treatment,zauberzeug/nicegui,2024-07,static_analysis_warnings,exact_match,ncloc_close,b0bc2078fb1e70607879d82ce96e3a488bc41f69,b0bc2078fb1e70607879d82ce96e3a488bc41f69,21558.0,23199.0,1641.0,1641.0,0,0,-8.0
source_scope_difference_or_mixed,treatment,zauberzeug/nicegui,2024-06,static_analysis_warnings,exact_match,ncloc_close,462af82d7027979fe68e7245b772c2c6cdbe7d94,462af82d7027979fe68e7245b772c2c6cdbe7d94,21558.0,23196.0,1638.0,1638.0,0,0,-9.0
source_scope_difference_or_mixed,treatment,PostHog/posthog,2025-08,code_smells,exact_match,ncloc_different,79cf381322842888a721905c09490e85f98a5a2a,79cf381322842888a721905c09490e85f98a5a2a,13795.0,15432.0,1637.0,1637.0,1,1,6.0
source_scope_difference_or_mixed,treatment,zauberzeug/nicegui,2024-05,static_analysis_warnings,exact_match,ncloc_close,92a0cf0fdaee28ffba8329483e55f2a5d5c529fe,92a0cf0fdaee28ffba8329483e55f2a5d5c529fe,21555.0,23188.0,1633.0,1633.0,0,0,-10.0
source_scope_difference_or_mixed,treatment,zauberzeug/nicegui,2024-04,static_analysis_warnings,exact_match,ncloc_close,1bce2bad367d5baf842badb51a0d78c8543a49ef,1bce2bad367d5baf842badb51a0d78c8543a49ef,21548.0,23178.0,1630.0,1630.0,0,0,-11.0
source_scope_difference_or_mixed,treatment,PostHog/posthog,2024-12,technical_debt,exact_match,ncloc_different,3aa25f3257f981db0b7e8b5411dc209b66c6f4c2,3aa25f3257f981db0b7e8b5411dc209b66c6f4c2,59108.0,60737.0,1629.0,1629.0,0,0,-2.0
source_scope_difference_or_mixed,treatment,zauberzeug/nicegui,2024-03,static_analysis_warnings,exact_match,ncloc_close,fff7b27eea91bf2b3d3f3080f0919c3ac62978b8,fff7b27eea91bf2b3d3f3080f0919c3ac62978b8,21545.0,23169.0,1624.0,1624.0,0,0,-12.0
source_scope_difference_or_mixed,treatment,PostHog/posthog,2025-08,static_analysis_warnings,exact_match,ncloc_different,79cf381322842888a721905c09490e85f98a5a2a,79cf381322842888a721905c09490e85f98a5a2a,14291.0,15909.0,1618.0,1618.0,1,1,6.0
source_scope_difference_or_mixed,treatment,getsentry/sentry,2024-01,code_smells,exact_match,ncloc_close,8073feb6eac31a856f6a389a1c289430b35e3589,8073feb6eac31a856f6a389a1c289430b35e3589,12963.0,14562.0,1599.0,1599.0,0,0,-13.0
commit_selection_difference,treatment,zauberzeug/nicegui,2024-02,static_analysis_warnings,mismatch,,38fcfe13fd8e5b297a8cb12aa357f94ad3d84eda,4a0c1c874fc3b56c4f2dc400a4367a71df5a66fe,21529.0,23120.0,1591.0,1591.0,0,0,-13.0
source_scope_difference_or_mixed,treatment,PostHog/posthog,2025-01,static_analysis_warnings,exact_match,ncloc_different,1253d960c415d65583dac034353702ad74016da1,1253d960c415d65583dac034353702ad74016da1,10069.0,11651.0,1582.0,1582.0,0,0,-1.0
source_scope_difference_or_mixed,treatment,samuelgursky/davinci-resolve-mcp,2025-04,technical_debt,exact_match,ncloc_different,19dc53236193de61f79facc731024a75d3c3be5c,19dc53236193de61f79facc731024a75d3c3be5c,2589.0,4165.0,1576.0,1576.0,1,1,1.0
source_scope_difference_or_mixed,treatment,samuelgursky/davinci-resolve-mcp,2025-03,technical_debt,exact_match,ncloc_different,f10b0f93aec15b5c92b2bed33a60270e100dc317,f10b0f93aec15b5c92b2bed33a60270e100dc317,2589.0,4165.0,1576.0,1576.0,1,1,0.0
source_scope_difference_or_mixed,treatment,PostHog/posthog,2025-01,cognitive_complexity,exact_match,ncloc_different,1253d960c415d65583dac034353702ad74016da1,1253d960c415d65583dac034353702ad74016da1,60692.0,62265.0,1573.0,1573.0,0,0,-1.0
commit_selection_difference,treatment,PostHog/posthog,2025-07,static_analysis_warnings,mismatch,,0208352822068d8747214c905d729dff4ebe49f1,8e13bf3cbfe9684eb907f7ddf706aa9fae2099e0,13496.0,15066.0,1570.0,1570.0,1,1,5.0
commit_selection_difference,treatment,PostHog/posthog,2025-07,code_smells,mismatch,,0208352822068d8747214c905d729dff4ebe49f1,8e13bf3cbfe9684eb907f7ddf706aa9fae2099e0,13058.0,14625.0,1567.0,1567.0,1,1,5.0
source_scope_difference_or_mixed,treatment,KroMiose/nekro-agent,2025-07,technical_debt,exact_match,ncloc_close,4734ce73a8a08b2296d1c97ba431ac4dff468cb1,4734ce73a8a08b2296d1c97ba431ac4dff468cb1,5605.0,7169.0,1564.0,1564.0,1,1,6.0
source_scope_difference_or_mixed,treatment,KroMiose/nekro-agent,2025-08,technical_debt,exact_match,ncloc_close,d4d687ca32e2906fbb219d3a1aa0018ae7554480,d4d687ca32e2906fbb219d3a1aa0018ae7554480,5652.0,7206.0,1554.0,1554.0,1,1,7.0
source_scope_difference_or_mixed,treatment,getsentry/sentry,2025-06,code_smells,exact_match,ncloc_close,4f2be477198bf2814c6d6cd4b80ba19cbe386908,4f2be477198bf2814c6d6cd4b80ba19cbe386908,17537.0,19091.0,1554.0,1554.0,1,1,4.0
source_scope_difference_or_mixed,treatment,getsentry/sentry,2025-01,code_smells,exact_match,ncloc_close,d210118fce94310ef5858d51efe16ee26c995a48,d210118fce94310ef5858d51efe16ee26c995a48,15211.0,16757.0,1546.0,1546.0,0,0,-1.0
source_scope_difference_or_mixed,treatment,PostHog/posthog,2025-01,code_smells,exact_match,ncloc_different,1253d960c415d65583dac034353702ad74016da1,1253d960c415d65583dac034353702ad74016da1,9746.0,11278.0,1532.0,1532.0,0,0,-1.0
source_scope_difference_or_mixed,treatment,PostHog/posthog,2025-06,static_analysis_warnings,exact_match,ncloc_different,bf87ddcb0e02027bb8c1e7a1aa2e03f0c4312e90,bf87ddcb0e02027bb8c1e7a1aa2e03f0c4312e90,13064.0,14584.0,1520.0,1520.0,1,1,4.0
source_scope_difference_or_mixed,treatment,getsentry/sentry,2024-05,code_smells,exact_match,ncloc_close,0d270ad1c8532bb133772a03e166dca23a3a08ad,0d270ad1c8532bb133772a03e166dca23a3a08ad,14245.0,15763.0,1518.0,1518.0,0,0,-9.0
source_scope_difference_or_mixed,treatment,getsentry/sentry,2024-09,code_smells,exact_match,ncloc_close,6c6024b9d8999b88166c60580a677d809252fc04,6c6024b9d8999b88166c60580a677d809252fc04,15125.0,16642.0,1517.0,1517.0,0,0,-5.0
source_scope_difference_or_mixed,treatment,getsentry/sentry,2024-04,code_smells,exact_match,ncloc_close,d9935228ed25a087426c4665bb98358bb1e4c580,d9935228ed25a087426c4665bb98358bb1e4c580,13317.0,14825.0,1508.0,1508.0,0,0,-10.0
source_scope_difference_or_mixed,treatment,getsentry/sentry,2024-12,code_smells,exact_match,ncloc_close,707f353d2d1933fbf951478c414838f9e5956b38,707f353d2d1933fbf951478c414838f9e5956b38,15179.0,16687.0,1508.0,1508.0,0,0,-2.0
source_scope_difference_or_mixed,treatment,zauberzeug/nicegui,2024-01,static_analysis_warnings,exact_match,ncloc_close,f4c57a962f8cc96085eb41860c1346da77228824,f4c57a962f8cc96085eb41860c1346da77228824,21438.0,22943.0,1505.0,1505.0,0,0,-14.0
source_scope_difference_or_mixed,treatment,getsentry/sentry,2024-08,code_smells,exact_match,ncloc_close,14b776d65b324705fca7edfd2c88a748429d54e3,14b776d65b324705fca7edfd2c88a748429d54e3,14939.0,16434.0,1495.0,1495.0,0,0,-6.0
source_scope_difference_or_mixed,treatment,PostHog/posthog,2025-06,code_smells,exact_match,ncloc_different,bf87ddcb0e02027bb8c1e7a1aa2e03f0c4312e90,bf87ddcb0e02027bb8c1e7a1aa2e03f0c4312e90,12657.0,14151.0,1494.0,1494.0,1,1,4.0
source_scope_difference_or_mixed,treatment,airweave-ai/airweave,2025-01,technical_debt,exact_match,ncloc_close,79c544bac704cc5b2d0f229a0868fe91339e50fe,79c544bac704cc5b2d0f229a0868fe91339e50fe,1075.0,2561.0,1486.0,1486.0,0,0,-2.0
source_scope_difference_or_mixed,control,lancedb/lancedb,2025-07,technical_debt,exact_match,ncloc_different,c7afa724ddf1a3a5ff0633edc75c93570b9a5689,c7afa724ddf1a3a5ff0633edc75c93570b9a5689,2200.0,3683.0,1483.0,1483.0,0,0,
source_scope_difference_or_mixed,treatment,getsentry/sentry,2024-10,code_smells,exact_match,ncloc_close,ad46b361e2e960136b68f1647b936af1b3f6752a,ad46b361e2e960136b68f1647b936af1b3f6752a,15219.0,16698.0,1479.0,1479.0,0,0,-4.0
source_scope_difference_or_mixed,treatment,PostHog/posthog,2024-12,cognitive_complexity,exact_match,ncloc_different,3aa25f3257f981db0b7e8b5411dc209b66c6f4c2,3aa25f3257f981db0b7e8b5411dc209b66c6f4c2,57995.0,59474.0,1479.0,1479.0,0,0,-2.0
source_scope_difference_or_mixed,treatment,keephq/keep,2024-01,technical_debt,exact_match,ncloc_close,ce4a9609fb7ec489659278675998594e47c6e183,ce4a9609fb7ec489659278675998594e47c6e183,5136.0,6608.0,1472.0,1472.0,0,0,-14.0
source_scope_difference_or_mixed,control,lancedb/lancedb,2024-12,technical_debt,exact_match,ncloc_different,92d845fa725cd044db1a10299046031c201febd0,92d845fa725cd044db1a10299046031c201febd0,1717.0,3186.0,1469.0,1469.0,0,0,
commit_selection_difference,treatment,airweave-ai/airweave,2025-05,technical_debt,mismatch,,da043b3a7fcb7a7d5d4c0b0ece62a7871b3b98da,64e145627cd49b57ca5c17a3b3ab503da5b55f41,4378.0,5843.0,1465.0,1465.0,1,1,2.0
source_scope_difference_or_mixed,treatment,getsentry/sentry,2024-06,code_smells,exact_match,ncloc_close,27f0f976edf02d303fc16cab7a481e588be43e8e,27f0f976edf02d303fc16cab7a481e588be43e8e,14297.0,15760.0,1463.0,1463.0,0,0,-8.0
source_scope_difference_or_mixed,control,lancedb/lancedb,2024-11,technical_debt,exact_match,ncloc_different,83e26a231e487673ce6f92dc32e7fe7d8c6d16d0,83e26a231e487673ce6f92dc32e7fe7d8c6d16d0,1530.0,2993.0,1463.0,1463.0,0,0,
source_scope_difference_or_mixed,treatment,getsentry/sentry,2025-07,code_smells,exact_match,ncloc_close,71c2f5f3925610f3aa1871ace1c20f48eeff3db8,71c2f5f3925610f3aa1871ace1c20f48eeff3db8,25633.0,27094.0,1461.0,1461.0,1,1,5.0
source_scope_difference_or_mixed,treatment,getsentry/sentry,2024-11,code_smells,exact_match,ncloc_close,8e45680a887ec96c50c1f43fffe1ac8f2b6c54aa,8e45680a887ec96c50c1f43fffe1ac8f2b6c54aa,15273.0,16731.0,1458.0,1458.0,0,0,-3.0
source_scope_difference_or_mixed,treatment,getsentry/sentry,2024-07,code_smells,exact_match,ncloc_close,3efa8cf306b9650d8129ffeaca77601b833b1009,3efa8cf306b9650d8129ffeaca77601b833b1009,14608.0,16063.0,1455.0,1455.0,0,0,-7.0
source_scope_difference_or_mixed,treatment,PostHog/posthog,2024-11,cognitive_complexity,exact_match,ncloc_different,b4d51e3b746e6174a7d60c525ea22387f00dcafe,b4d51e3b746e6174a7d60c525ea22387f00dcafe,55625.0,57075.0,1450.0,1450.0,0,0,-3.0
source_scope_difference_or_mixed,control,lancedb/lancedb,2025-05,technical_debt,exact_match,ncloc_different,0525c055fcc6b25297084bdaddc072d206345df1,0525c055fcc6b25297084bdaddc072d206345df1,2155.0,3598.0,1443.0,1443.0,0,0,
source_scope_difference_or_mixed,control,lancedb/lancedb,2025-04,technical_debt,exact_match,ncloc_different,3cc670ac3860bb9990d89f61d9b1644b0e4c658f,3cc670ac3860bb9990d89f61d9b1644b0e4c658f,2143.0,3583.0,1440.0,1440.0,0,0,
source_scope_difference_or_mixed,treatment,KroMiose/nekro-agent,2025-06,technical_debt,exact_match,ncloc_close,6b4ea2a856abd9f496ccab2646ac42f7abf16854,6b4ea2a856abd9f496ccab2646ac42f7abf16854,5077.0,6516.0,1439.0,1439.0,1,1,5.0
source_scope_difference_or_mixed,control,lancedb/lancedb,2025-06,technical_debt,exact_match,ncloc_different,1dadb2aefa8c7e20098f8bdd4fad45383a8ebab7,1dadb2aefa8c7e20098f8bdd4fad45383a8ebab7,2193.0,3631.0,1438.0,1438.0,0,0,
source_scope_difference_or_mixed,treatment,getsentry/sentry,2025-08,code_smells,exact_match,ncloc_close,b9dc9712a91c4dbf3cb1550254113c1599388e57,b9dc9712a91c4dbf3cb1550254113c1599388e57,25151.0,26587.0,1436.0,1436.0,1,1,6.0
source_scope_difference_or_mixed,control,lancedb/lancedb,2024-10,technical_debt,exact_match,ncloc_different,f3fc339ef650517674a22995d81f9ae21e7bae5a,f3fc339ef650517674a22995d81f9ae21e7bae5a,1502.0,2923.0,1421.0,1421.0,0,0,
source_scope_difference_or_mixed,control,lancedb/lancedb,2024-09,technical_debt,exact_match,ncloc_different,d6b505477886b48b4868a56481373e2a29a72fcd,d6b505477886b48b4868a56481373e2a29a72fcd,1502.0,2912.0,1410.0,1410.0,0,0,
source_scope_difference_or_mixed,treatment,getsentry/sentry,2024-03,code_smells,exact_match,ncloc_close,b3f8ab3aea7eaabfd408314997f8c21c5707491f,b3f8ab3aea7eaabfd408314997f8c21c5707491f,12920.0,14319.0,1399.0,1399.0,0,0,-11.0
rule_config_analyzer_profile_signal,control,HelpingAI/Webscout,2025-03,technical_debt,exact_match,ncloc_identical,0d6ff18a9799de1f2bbe637431e363e4c49006e7,0d6ff18a9799de1f2bbe637431e363e4c49006e7,10026.0,11413.0,1387.0,1387.0,0,0,
source_scope_difference_or_mixed,control,lancedb/lancedb,2025-03,technical_debt,exact_match,ncloc_different,e59f9382a0de2f70b931373b29a11a27824bf639,e59f9382a0de2f70b931373b29a11a27824bf639,2120.0,3459.0,1339.0,1339.0,0,0,
source_scope_difference_or_mixed,treatment,samuelgursky/davinci-resolve-mcp,2025-03,cognitive_complexity,exact_match,ncloc_different,f10b0f93aec15b5c92b2bed33a60270e100dc317,f10b0f93aec15b5c92b2bed33a60270e100dc317,3043.0,4370.0,1327.0,1327.0,1,1,0.0
source_scope_difference_or_mixed,treatment,samuelgursky/davinci-resolve-mcp,2025-04,cognitive_complexity,exact_match,ncloc_different,19dc53236193de61f79facc731024a75d3c3be5c,19dc53236193de61f79facc731024a75d3c3be5c,3043.0,4370.0,1327.0,1327.0,1,1,1.0
source_scope_difference_or_mixed,control,lancedb/lancedb,2024-08,technical_debt,exact_match,ncloc_different,51966a84f582476566daf289589318e9cc2cd0a1,51966a84f582476566daf289589318e9cc2cd0a1,1484.0,2807.0,1323.0,1323.0,0,0,
source_scope_difference_or_mixed,control,lancedb/lancedb,2025-02,technical_debt,exact_match,ncloc_different,dfe4ba8dad580232e4450903a5d1b239b19f8173,dfe4ba8dad580232e4450903a5d1b239b19f8173,2088.0,3403.0,1315.0,1315.0,0,0,
source_scope_difference_or_mixed,treatment,ethyca/fides,2025-04,code_smells,exact_match,ncloc_different,e469857a142ed59acc3eb55ada6bd20ac94c1be5,e469857a142ed59acc3eb55ada6bd20ac94c1be5,2038.0,3353.0,1315.0,1315.0,1,1,1.0
source_scope_difference_or_mixed,treatment,getsentry/sentry,2024-01,static_analysis_warnings,exact_match,ncloc_close,8073feb6eac31a856f6a389a1c289430b35e3589,8073feb6eac31a856f6a389a1c289430b35e3589,13629.0,14940.0,1311.0,1311.0,0,0,-13.0
source_scope_difference_or_mixed,treatment,getsentry/sentry,2024-02,code_smells,exact_match,ncloc_close,de6c3afad3e8eb67fe0f4cccc389f4374a87fea0,de6c3afad3e8eb67fe0f4cccc389f4374a87fea0,12876.0,14179.0,1303.0,1303.0,0,0,-12.0
source_scope_difference_or_mixed,treatment,PostHog/posthog,2024-10,cognitive_complexity,exact_match,ncloc_different,12ff477551dfc5a197aca3006e14e4193183dbd8,12ff477551dfc5a197aca3006e14e4193183dbd8,51579.0,52874.0,1295.0,1295.0,0,0,-4.0
source_scope_difference_or_mixed,treatment,PostHog/posthog,2024-11,technical_debt,exact_match,ncloc_different,b4d51e3b746e6174a7d60c525ea22387f00dcafe,b4d51e3b746e6174a7d60c525ea22387f00dcafe,56949.0,58215.0,1266.0,1266.0,0,0,-3.0
source_scope_difference_or_mixed,treatment,LearningCircuit/local-deep-research,2025-04,technical_debt,exact_match,ncloc_close,3c52fac5a154ac340d8e9bc9180fd916540d070b,3c52fac5a154ac340d8e9bc9180fd916540d070b,2470.0,3733.0,1263.0,1263.0,1,1,1.0
source_scope_difference_or_mixed,control,lancedb/lancedb,2025-01,technical_debt,exact_match,ncloc_different,5e98b7f4c0cf16cdbab10d945c086a5f9ea4be6c,5e98b7f4c0cf16cdbab10d945c086a5f9ea4be6c,1931.0,3192.0,1261.0,1261.0,0,0,
source_scope_difference_or_mixed,treatment,tsukumijima/KonomiTV,2024-01,technical_debt,exact_match,ncloc_close,324073ec85deb342d707d69972b6c441596da646,324073ec85deb342d707d69972b6c441596da646,6110.0,7371.0,1261.0,1261.0,0,0,-12.0
source_scope_difference_or_mixed,treatment,tsukumijima/KonomiTV,2025-08,technical_debt,exact_match,ncloc_close,33f1544aeed4cdb79d87617023d99aee42a82591,33f1544aeed4cdb79d87617023d99aee42a82591,8461.0,9711.0,1250.0,1250.0,1,1,7.0
source_scope_difference_or_mixed,treatment,KroMiose/nekro-agent,2025-05,technical_debt,exact_match,ncloc_close,042d1ff54c527988693b2f18eb6d42c1224d4d16,042d1ff54c527988693b2f18eb6d42c1224d4d16,4586.0,5830.0,1244.0,1244.0,1,1,4.0
source_scope_difference_or_mixed,control,lancedb/lancedb,2024-07,technical_debt,exact_match,ncloc_different,6af69b57ad24f5ea313a98f4b388f68c81a75bc1,6af69b57ad24f5ea313a98f4b388f68c81a75bc1,1445.0,2683.0,1238.0,1238.0,0,0,
source_scope_difference_or_mixed,treatment,ethyca/fides,2025-04,static_analysis_warnings,exact_match,ncloc_different,e469857a142ed59acc3eb55ada6bd20ac94c1be5,e469857a142ed59acc3eb55ada6bd20ac94c1be5,2204.0,3440.0,1236.0,1236.0,1,1,1.0
source_scope_difference_or_mixed,treatment,DataDog/integrations-core,2025-04,ncloc,exact_match,ncloc_close,fe4697fca14149122b2d992e53f8a0396755ebff,fe4697fca14149122b2d992e53f8a0396755ebff,554848.0,556083.0,1235.0,1235.0,1,1,1.0
source_scope_difference_or_mixed,treatment,ethyca/fides,2025-05,code_smells,exact_match,ncloc_close,013705a19dd54de748b589460505f92f0b100cc9,013705a19dd54de748b589460505f92f0b100cc9,2171.0,3398.0,1227.0,1227.0,1,1,2.0
source_scope_difference_or_mixed,treatment,tsukumijima/KonomiTV,2025-07,technical_debt,exact_match,ncloc_close,4eabb2ba48bafa164062f0b060d081c400a5f3be,4eabb2ba48bafa164062f0b060d081c400a5f3be,8164.0,9390.0,1226.0,1226.0,1,1,6.0
source_scope_difference_or_mixed,treatment,tsukumijima/KonomiTV,2025-06,technical_debt,exact_match,ncloc_close,26e94e2ce38f13de2c08d911c9ae0e61d8d1eef9,26e94e2ce38f13de2c08d911c9ae0e61d8d1eef9,8164.0,9390.0,1226.0,1226.0,1,1,5.0
source_scope_difference_or_mixed,treatment,ethyca/fides,2025-03,code_smells,exact_match,ncloc_close,524ff93669d122111bfd73df1c4ca2c2d9d7d100,524ff93669d122111bfd73df1c4ca2c2d9d7d100,2038.0,3259.0,1221.0,1221.0,1,1,0.0
source_scope_difference_or_mixed,treatment,tsukumijima/KonomiTV,2025-05,technical_debt,exact_match,ncloc_close,ae8b9a657881619f471001500144a7387b8db99c,ae8b9a657881619f471001500144a7387b8db99c,8072.0,9291.0,1219.0,1219.0,1,1,4.0
source_scope_difference_or_mixed,treatment,tsukumijima/KonomiTV,2025-04,technical_debt,exact_match,ncloc_close,75e3dad94a11fde2be631d680b0484b12c7ecc7c,75e3dad94a11fde2be631d680b0484b12c7ecc7c,8071.0,9290.0,1219.0,1219.0,1,1,3.0
source_scope_difference_or_mixed,treatment,tsukumijima/KonomiTV,2025-02,technical_debt,exact_match,ncloc_close,9f5131c557d239a5b1cf5e348ba5c2ef95805200,9f5131c557d239a5b1cf5e348ba5c2ef95805200,7547.0,8751.0,1204.0,1204.0,1,1,1.0
source_scope_difference_or_mixed,treatment,tsukumijima/KonomiTV,2024-06,technical_debt,exact_match,ncloc_close,0308a91fe4787b5c85bb5a1896df735218a2d285,0308a91fe4787b5c85bb5a1896df735218a2d285,6636.0,7837.0,1201.0,1201.0,0,0,-7.0
source_scope_difference_or_mixed,treatment,tsukumijima/KonomiTV,2024-07,technical_debt,exact_match,ncloc_close,4a8930d01675076ebe437e52d67340d73cb05ff3,4a8930d01675076ebe437e52d67340d73cb05ff3,6636.0,7837.0,1201.0,1201.0,0,0,-6.0
source_scope_difference_or_mixed,treatment,tsukumijima/KonomiTV,2024-05,technical_debt,exact_match,ncloc_close,a3a81e9e05409e15aaf31fdb163e43d017c28309,a3a81e9e05409e15aaf31fdb163e43d017c28309,6626.0,7827.0,1201.0,1201.0,0,0,-8.0
source_scope_difference_or_mixed,treatment,tsukumijima/KonomiTV,2025-03,technical_debt,exact_match,ncloc_close,e3b19c86f602e21cd30dfd57586a2c97724318ef,e3b19c86f602e21cd30dfd57586a2c97724318ef,7730.0,8929.0,1199.0,1199.0,1,1,2.0
source_scope_difference_or_mixed,treatment,getsentry/sentry,2024-04,static_analysis_warnings,exact_match,ncloc_close,d9935228ed25a087426c4665bb98358bb1e4c580,d9935228ed25a087426c4665bb98358bb1e4c580,14057.0,15246.0,1189.0,1189.0,0,0,-10.0
source_scope_difference_or_mixed,treatment,getsentry/sentry,2024-05,static_analysis_warnings,exact_match,ncloc_close,0d270ad1c8532bb133772a03e166dca23a3a08ad,0d270ad1c8532bb133772a03e166dca23a3a08ad,14998.0,16180.0,1182.0,1182.0,0,0,-9.0
commit_selection_difference,treatment,Multi-V-VM/MVVM,2024-02,ncloc,mismatch,,dc4e2cfecdde70404a697fa147dc26a773258c0c,dd3d951795c16fe44ab1a74c8dff9e10c26c3541,2467.0,3629.0,1162.0,1162.0,0,0,-13.0
source_scope_difference_or_mixed,treatment,ethyca/fides,2025-07,code_smells,exact_match,ncloc_close,9f183a7ab5faa5eb0efd7d4da31808a978b91242,9f183a7ab5faa5eb0efd7d4da31808a978b91242,2211.0,3369.0,1158.0,1158.0,1,1,4.0
commit_selection_difference,treatment,sbomify/sbomify,2025-08,technical_debt,mismatch,,56888265e436583206d76cc4588863f364e0cc5c,20276afd986b0f95c5c2758029989a8e83abf713,4029.0,5186.0,1157.0,1157.0,1,1,7.0
source_scope_difference_or_mixed,treatment,tsukumijima/KonomiTV,2025-01,technical_debt,exact_match,ncloc_close,b2662d5c86655ba7b7eae33af3aed84c64353064,b2662d5c86655ba7b7eae33af3aed84c64353064,7153.0,8308.0,1155.0,1155.0,1,1,0.0
source_scope_difference_or_mixed,treatment,PostHog/posthog,2024-12,static_analysis_warnings,exact_match,ncloc_different,3aa25f3257f981db0b7e8b5411dc209b66c6f4c2,3aa25f3257f981db0b7e8b5411dc209b66c6f4c2,9775.0,10929.0,1154.0,1154.0,0,0,-2.0
source_scope_difference_or_mixed,treatment,whiteducksoftware/flock,2025-03,ncloc,exact_match,ncloc_different,0f0082f6ee1397b4cd7cdb50fbb9a51df4a469a1,0f0082f6ee1397b4cd7cdb50fbb9a51df4a469a1,12697.0,13849.0,1152.0,1152.0,1,1,0.0
source_scope_difference_or_mixed,treatment,tsukumijima/KonomiTV,2024-08,technical_debt,exact_match,ncloc_close,c626e58c3d72b412b9060ae2e84bae1f882b1671,c626e58c3d72b412b9060ae2e84bae1f882b1671,6953.0,8105.0,1152.0,1152.0,0,0,-5.0
source_scope_difference_or_mixed,treatment,ethyca/fides,2025-06,code_smells,exact_match,ncloc_close,25f89cf50afcac815c38422d299fb39b35cd76a3,25f89cf50afcac815c38422d299fb39b35cd76a3,2077.0,3224.0,1147.0,1147.0,1,1,3.0
source_scope_difference_or_mixed,treatment,ethyca/fides,2025-05,static_analysis_warnings,exact_match,ncloc_close,013705a19dd54de748b589460505f92f0b100cc9,013705a19dd54de748b589460505f92f0b100cc9,2342.0,3486.0,1144.0,1144.0,1,1,2.0
source_scope_difference_or_mixed,treatment,ethyca/fides,2025-03,static_analysis_warnings,exact_match,ncloc_close,524ff93669d122111bfd73df1c4ca2c2d9d7d100,524ff93669d122111bfd73df1c4ca2c2d9d7d100,2204.0,3345.0,1141.0,1141.0,1,1,0.0
source_scope_difference_or_mixed,treatment,ethyca/fides,2025-08,code_smells,exact_match,ncloc_close,cb4eb8bd6ccc98b8e68630f3f7d938f1b3bf953a,cb4eb8bd6ccc98b8e68630f3f7d938f1b3bf953a,2430.0,3566.0,1136.0,1136.0,1,1,5.0
source_scope_difference_or_mixed,treatment,tsukumijima/KonomiTV,2024-11,technical_debt,exact_match,ncloc_close,0362744cc8a6b94eafbe8b690562fb05c3bc4c0d,0362744cc8a6b94eafbe8b690562fb05c3bc4c0d,7016.0,8150.0,1134.0,1134.0,0,0,-2.0
source_scope_difference_or_mixed,treatment,tsukumijima/KonomiTV,2024-10,technical_debt,exact_match,ncloc_close,d7400da6f353019bae2b57da7c4d5329d6e00aa8,d7400da6f353019bae2b57da7c4d5329d6e00aa8,7016.0,8150.0,1134.0,1134.0,0,0,-3.0
source_scope_difference_or_mixed,treatment,tsukumijima/KonomiTV,2024-12,technical_debt,exact_match,ncloc_close,23e3ad46ba1d38eb7780928a20b821818fa9cd95,23e3ad46ba1d38eb7780928a20b821818fa9cd95,7015.0,8149.0,1134.0,1134.0,0,0,-1.0
source_scope_difference_or_mixed,treatment,getsentry/sentry,2025-01,static_analysis_warnings,exact_match,ncloc_close,d210118fce94310ef5858d51efe16ee26c995a48,d210118fce94310ef5858d51efe16ee26c995a48,16023.0,17155.0,1132.0,1132.0,0,0,-1.0
source_scope_difference_or_mixed,treatment,tsukumijima/KonomiTV,2024-09,technical_debt,exact_match,ncloc_close,68f62d829b04009f40c8bc920ecb83843dcba477,68f62d829b04009f40c8bc920ecb83843dcba477,7015.0,8146.0,1131.0,1131.0,0,0,-4.0
source_scope_difference_or_mixed,treatment,ethyca/fides,2025-02,code_smells,exact_match,ncloc_close,c51cd945858ae1bbcc1f72c26ab4422f3f019907,c51cd945858ae1bbcc1f72c26ab4422f3f019907,2016.0,3146.0,1130.0,1130.0,0,0,-1.0
source_scope_difference_or_mixed,treatment,getsentry/sentry,2024-09,static_analysis_warnings,exact_match,ncloc_close,6c6024b9d8999b88166c60580a677d809252fc04,6c6024b9d8999b88166c60580a677d809252fc04,15971.0,17093.0,1122.0,1122.0,0,0,-5.0
source_scope_difference_or_mixed,treatment,LearningCircuit/local-deep-research,2025-05,technical_debt,exact_match,ncloc_close,59767f6f15c60ce02993c67edd97c95c0c762549,59767f6f15c60ce02993c67edd97c95c0c762549,3147.0,4264.0,1117.0,1117.0,1,1,2.0
source_scope_difference_or_mixed,treatment,getsentry/sentry,2024-08,static_analysis_warnings,exact_match,ncloc_close,14b776d65b324705fca7edfd2c88a748429d54e3,14b776d65b324705fca7edfd2c88a748429d54e3,15766.0,16879.0,1113.0,1113.0,0,0,-6.0
source_scope_difference_or_mixed,treatment,PostHog/posthog,2024-11,static_analysis_warnings,exact_match,ncloc_different,b4d51e3b746e6174a7d60c525ea22387f00dcafe,b4d51e3b746e6174a7d60c525ea22387f00dcafe,9436.0,10548.0,1112.0,1112.0,0,0,-3.0
source_scope_difference_or_mixed,treatment,getsentry/sentry,2024-06,static_analysis_warnings,exact_match,ncloc_close,27f0f976edf02d303fc16cab7a481e588be43e8e,27f0f976edf02d303fc16cab7a481e588be43e8e,15085.0,16194.0,1109.0,1109.0,0,0,-8.0
source_scope_difference_or_mixed,treatment,PostHog/posthog,2024-12,code_smells,exact_match,ncloc_different,3aa25f3257f981db0b7e8b5411dc209b66c6f4c2,3aa25f3257f981db0b7e8b5411dc209b66c6f4c2,9472.0,10577.0,1105.0,1105.0,0,0,-2.0
source_scope_difference_or_mixed,treatment,sbomify/sbomify,2025-07,technical_debt,exact_match,ncloc_close,571a358c77be14342e46b109d3053a296c6cc094,571a358c77be14342e46b109d3053a296c6cc094,3980.0,5083.0,1103.0,1103.0,1,1,6.0
source_scope_difference_or_mixed,control,lancedb/lancedb,2024-06,technical_debt,exact_match,ncloc_different,865ed998814a5f8666d588b277f3cfa7fa14ce48,865ed998814a5f8666d588b277f3cfa7fa14ce48,1466.0,2568.0,1102.0,1102.0,0,0,
source_scope_difference_or_mixed,treatment,getsentry/sentry,2024-03,static_analysis_warnings,exact_match,ncloc_close,b3f8ab3aea7eaabfd408314997f8c21c5707491f,b3f8ab3aea7eaabfd408314997f8c21c5707491f,13636.0,14735.0,1099.0,1099.0,0,0,-11.0
source_scope_difference_or_mixed,treatment,ethyca/fides,2025-01,code_smells,exact_match,ncloc_close,c4d69ccb55793e152b0e29c7288dfd342176466f,c4d69ccb55793e152b0e29c7288dfd342176466f,1707.0,2803.0,1096.0,1096.0,0,0,-2.0
source_scope_difference_or_mixed,control,FMInference/FlexiGen,2024-10,static_analysis_warnings,exact_match,ncloc_close,004ffef82b46e8dc8685c55d0cdda650bdaf1269,004ffef82b46e8dc8685c55d0cdda650bdaf1269,8925.0,10020.0,1095.0,1095.0,0,0,
source_scope_difference_or_mixed,control,FMInference/FlexiGen,2024-04,static_analysis_warnings,exact_match,ncloc_close,19753bc062d47cc34e73efb27824e97ff5216a68,19753bc062d47cc34e73efb27824e97ff5216a68,8924.0,10018.0,1094.0,1094.0,0,0,
source_scope_difference_or_mixed,control,FMInference/FlexiGen,2024-09,static_analysis_warnings,exact_match,ncloc_close,ab55510b0e19b0dcdb274e7ef5421827d0c237d0,ab55510b0e19b0dcdb274e7ef5421827d0c237d0,8924.0,10018.0,1094.0,1094.0,0,0,
source_scope_difference_or_mixed,treatment,getsentry/sentry,2024-07,static_analysis_warnings,exact_match,ncloc_close,3efa8cf306b9650d8129ffeaca77601b833b1009,3efa8cf306b9650d8129ffeaca77601b833b1009,15408.0,16495.0,1087.0,1087.0,0,0,-7.0
source_scope_difference_or_mixed,treatment,ethyca/fides,2024-12,code_smells,exact_match,ncloc_close,f77633e33a7b3e77e127caedfbd5d4c0256590c5,f77633e33a7b3e77e127caedfbd5d4c0256590c5,1684.0,2764.0,1080.0,1080.0,0,0,-3.0
source_scope_difference_or_mixed,treatment,getsentry/sentry,2024-12,static_analysis_warnings,exact_match,ncloc_close,707f353d2d1933fbf951478c414838f9e5956b38,707f353d2d1933fbf951478c414838f9e5956b38,16039.0,17115.0,1076.0,1076.0,0,0,-2.0
source_scope_difference_or_mixed,control,lancedb/lancedb,2025-06,cognitive_complexity,exact_match,ncloc_different,1dadb2aefa8c7e20098f8bdd4fad45383a8ebab7,1dadb2aefa8c7e20098f8bdd4fad45383a8ebab7,2575.0,3647.0,1072.0,1072.0,0,0,
source_scope_difference_or_mixed,treatment,getsentry/sentry,2024-10,static_analysis_warnings,exact_match,ncloc_close,ad46b361e2e960136b68f1647b936af1b3f6752a,ad46b361e2e960136b68f1647b936af1b3f6752a,16101.0,17170.0,1069.0,1069.0,0,0,-4.0
source_scope_difference_or_mixed,control,lancedb/lancedb,2025-07,cognitive_complexity,exact_match,ncloc_different,c7afa724ddf1a3a5ff0633edc75c93570b9a5689,c7afa724ddf1a3a5ff0633edc75c93570b9a5689,2618.0,3684.0,1066.0,1066.0,0,0,
source_scope_difference_or_mixed,treatment,ethyca/fides,2025-07,static_analysis_warnings,exact_match,ncloc_close,9f183a7ab5faa5eb0efd7d4da31808a978b91242,9f183a7ab5faa5eb0efd7d4da31808a978b91242,2389.0,3454.0,1065.0,1065.0,1,1,4.0
source_scope_difference_or_mixed,treatment,ethyca/fides,2025-06,static_analysis_warnings,exact_match,ncloc_close,25f89cf50afcac815c38422d299fb39b35cd76a3,25f89cf50afcac815c38422d299fb39b35cd76a3,2247.0,3310.0,1063.0,1063.0,1,1,3.0
source_scope_difference_or_mixed,treatment,PostHog/posthog,2024-11,code_smells,exact_match,ncloc_different,b4d51e3b746e6174a7d60c525ea22387f00dcafe,b4d51e3b746e6174a7d60c525ea22387f00dcafe,9164.0,10224.0,1060.0,1060.0,0,0,-3.0
source_scope_difference_or_mixed,treatment,ethyca/fides,2025-02,static_analysis_warnings,exact_match,ncloc_close,c51cd945858ae1bbcc1f72c26ab4422f3f019907,c51cd945858ae1bbcc1f72c26ab4422f3f019907,2178.0,3235.0,1057.0,1057.0,0,0,-1.0
source_scope_difference_or_mixed,treatment,ethyca/fides,2024-11,code_smells,exact_match,ncloc_close,f1865030d52eabe84e650a576c9f0449d24d90a3,f1865030d52eabe84e650a576c9f0449d24d90a3,1709.0,2759.0,1050.0,1050.0,0,0,-4.0
source_scope_difference_or_mixed,treatment,ethyca/fides,2024-10,code_smells,exact_match,ncloc_close,d60ec78344f18bd0118e088612f496f4e816386c,d60ec78344f18bd0118e088612f496f4e816386c,1689.0,2732.0,1043.0,1043.0,0,0,-5.0
rule_config_analyzer_profile_signal,treatment,trycua/cua,2025-06,technical_debt,exact_match,ncloc_identical,f4b6b5942bc67e3331da5c442f6b8aa894bd12a1,f4b6b5942bc67e3331da5c442f6b8aa894bd12a1,4954.0,5997.0,1043.0,1043.0,1,1,3.0
source_scope_difference_or_mixed,control,lancedb/lancedb,2024-04,technical_debt,exact_match,ncloc_different,6603414885be64132ee3a1018d5a5d6d7a4191ea,6603414885be64132ee3a1018d5a5d6d7a4191ea,1243.0,2286.0,1043.0,1043.0,0,0,
source_scope_difference_or_mixed,control,lancedb/lancedb,2025-05,cognitive_complexity,exact_match,ncloc_different,0525c055fcc6b25297084bdaddc072d206345df1,0525c055fcc6b25297084bdaddc072d206345df1,2529.0,3572.0,1043.0,1043.0,0,0,
source_scope_difference_or_mixed,treatment,ethyca/fides,2024-09,code_smells,exact_match,ncloc_close,a6510c126e548353bfa0c6dcde66796d998dcdad,a6510c126e548353bfa0c6dcde66796d998dcdad,1655.0,2694.0,1039.0,1039.0,0,0,-6.0
commit_selection_difference,control,HelpingAI/Webscout,2025-04,ncloc,mismatch,,0d37e47f31e81edaaf0083ee65e86d0291939692,e37241c7865adb0ad181fb6a1fd42fd7d29a8572,49428.0,50465.0,1037.0,1037.0,0,0,
source_scope_difference_or_mixed,control,lancedb/lancedb,2025-08,cognitive_complexity,exact_match,ncloc_different,47747287b616d4a2f1dd14f811f218e3caee7f8d,47747287b616d4a2f1dd14f811f218e3caee7f8d,2432.0,3463.0,1031.0,1031.0,0,0,
source_scope_difference_or_mixed,treatment,ethyca/fides,2025-08,static_analysis_warnings,exact_match,ncloc_close,cb4eb8bd6ccc98b8e68630f3f7d938f1b3bf953a,cb4eb8bd6ccc98b8e68630f3f7d938f1b3bf953a,2623.0,3653.0,1030.0,1030.0,1,1,5.0
source_scope_difference_or_mixed,control,lancedb/lancedb,2024-05,technical_debt,exact_match,ncloc_different,56b4fd2bd9c5c3077c1c7f6048780aecfbc577e3,56b4fd2bd9c5c3077c1c7f6048780aecfbc577e3,1352.0,2381.0,1029.0,1029.0,0,0,
source_scope_difference_or_mixed,treatment,getsentry/sentry,2024-11,static_analysis_warnings,exact_match,ncloc_close,8e45680a887ec96c50c1f43fffe1ac8f2b6c54aa,8e45680a887ec96c50c1f43fffe1ac8f2b6c54aa,16166.0,17194.0,1028.0,1028.0,0,0,-3.0
source_scope_difference_or_mixed,treatment,ethyca/fides,2025-01,static_analysis_warnings,exact_match,ncloc_close,c4d69ccb55793e152b0e29c7288dfd342176466f,c4d69ccb55793e152b0e29c7288dfd342176466f,1861.0,2883.0,1022.0,1022.0,0,0,-2.0
source_scope_difference_or_mixed,control,HelpingAI/Webscout,2024-11,technical_debt,exact_match,ncloc_close,869c452971ae0632e92e356dc01ff0d495c8f215,869c452971ae0632e92e356dc01ff0d495c8f215,6895.0,7913.0,1018.0,1018.0,0,0,
source_scope_difference_or_mixed,control,FMInference/FlexiGen,2024-10,code_smells,exact_match,ncloc_close,004ffef82b46e8dc8685c55d0cdda650bdaf1269,004ffef82b46e8dc8685c55d0cdda650bdaf1269,8642.0,9660.0,1018.0,1018.0,0,0,
source_scope_difference_or_mixed,control,FMInference/FlexiGen,2024-04,code_smells,exact_match,ncloc_close,19753bc062d47cc34e73efb27824e97ff5216a68,19753bc062d47cc34e73efb27824e97ff5216a68,8641.0,9658.0,1017.0,1017.0,0,0,
source_scope_difference_or_mixed,control,FMInference/FlexiGen,2024-09,code_smells,exact_match,ncloc_close,ab55510b0e19b0dcdb274e7ef5421827d0c237d0,ab55510b0e19b0dcdb274e7ef5421827d0c237d0,8641.0,9658.0,1017.0,1017.0,0,0,
source_scope_difference_or_mixed,treatment,trycua/cua,2025-04,cognitive_complexity,exact_match,ncloc_different,60bcb0716cfa720084faafb1d0c9b1f716a6945c,60bcb0716cfa720084faafb1d0c9b1f716a6945c,2883.0,3894.0,1011.0,1011.0,1,1,1.0
source_scope_difference_or_mixed,treatment,ethyca/fides,2024-12,static_analysis_warnings,exact_match,ncloc_close,f77633e33a7b3e77e127caedfbd5d4c0256590c5,f77633e33a7b3e77e127caedfbd5d4c0256590c5,1836.0,2842.0,1006.0,1006.0,0,0,-3.0
source_scope_difference_or_mixed,treatment,tsukumijima/KonomiTV,2024-03,technical_debt,exact_match,ncloc_close,82ce662b2b4e9bd6ff0d0031a2067ceb5d16e304,82ce662b2b4e9bd6ff0d0031a2067ceb5d16e304,6594.0,7599.0,1005.0,1005.0,0,0,-10.0
source_scope_difference_or_mixed,treatment,tsukumijima/KonomiTV,2024-02,technical_debt,exact_match,ncloc_close,20d52b28713499b675372a22f102f14110a1bfad,20d52b28713499b675372a22f102f14110a1bfad,6584.0,7589.0,1005.0,1005.0,0,0,-11.0
source_scope_difference_or_mixed,treatment,tsukumijima/KonomiTV,2024-04,technical_debt,exact_match,ncloc_close,78805d9a46099bf9a9bf0aab6fe0c2378e8139b5,78805d9a46099bf9a9bf0aab6fe0c2378e8139b5,6594.0,7599.0,1005.0,1005.0,0,0,-9.0
rule_config_analyzer_profile_signal,control,HelpingAI/Webscout,2024-09,technical_debt,exact_match,ncloc_identical,b2042728b5aa9a57cce3073ad525f0c796c2d62c,b2042728b5aa9a57cce3073ad525f0c796c2d62c,6819.0,7806.0,987.0,987.0,0,0,
source_scope_difference_or_mixed,treatment,yeagerai/genlayer-studio,2024-12,technical_debt,exact_match,ncloc_different,3ff73e541a12e98d59578c492cf2f007a92540c4,3ff73e541a12e98d59578c492cf2f007a92540c4,1143.0,2129.0,986.0,986.0,0,0,-3.0
source_scope_difference_or_mixed,control,lancedb/lancedb,2025-08,technical_debt,exact_match,ncloc_different,47747287b616d4a2f1dd14f811f218e3caee7f8d,47747287b616d4a2f1dd14f811f218e3caee7f8d,1879.0,2863.0,984.0,984.0,0,0,
source_scope_difference_or_mixed,treatment,getsentry/sentry,2024-02,static_analysis_warnings,exact_match,ncloc_close,de6c3afad3e8eb67fe0f4cccc389f4374a87fea0,de6c3afad3e8eb67fe0f4cccc389f4374a87fea0,13597.0,14580.0,983.0,983.0,0,0,-12.0
source_scope_difference_or_mixed,treatment,yeagerai/genlayer-studio,2025-02,technical_debt,exact_match,ncloc_different,a4969752bc251e96bff49703eb27f4fdd99ae423,a4969752bc251e96bff49703eb27f4fdd99ae423,1099.0,2081.0,982.0,982.0,0,0,-1.0
source_scope_difference_or_mixed,treatment,yeagerai/genlayer-studio,2025-03,technical_debt,exact_match,ncloc_different,6ecca4614fd6bdecb1edbfcc38052c2b1e0b1010,6ecca4614fd6bdecb1edbfcc38052c2b1e0b1010,1105.0,2087.0,982.0,982.0,1,1,0.0
source_scope_difference_or_mixed,control,lancedb/lancedb,2025-04,cognitive_complexity,exact_match,ncloc_different,3cc670ac3860bb9990d89f61d9b1644b0e4c658f,3cc670ac3860bb9990d89f61d9b1644b0e4c658f,2506.0,3484.0,978.0,978.0,0,0,
source_scope_difference_or_mixed,treatment,ethyca/fides,2024-11,static_analysis_warnings,exact_match,ncloc_close,f1865030d52eabe84e650a576c9f0449d24d90a3,f1865030d52eabe84e650a576c9f0449d24d90a3,1859.0,2836.0,977.0,977.0,0,0,-4.0
source_scope_difference_or_mixed,treatment,ethyca/fides,2024-10,static_analysis_warnings,exact_match,ncloc_close,d60ec78344f18bd0118e088612f496f4e816386c,d60ec78344f18bd0118e088612f496f4e816386c,1844.0,2813.0,969.0,969.0,0,0,-5.0
source_scope_difference_or_mixed,treatment,ethyca/fides,2024-09,static_analysis_warnings,exact_match,ncloc_close,a6510c126e548353bfa0c6dcde66796d998dcdad,a6510c126e548353bfa0c6dcde66796d998dcdad,1811.0,2774.0,963.0,963.0,0,0,-6.0
rule_config_analyzer_profile_signal,control,Jieqianyu/SGN,2024-09,technical_debt,exact_match,ncloc_identical,b519871f45a2751d7e9cf4798c90fbff3e410a51,b519871f45a2751d7e9cf4798c90fbff3e410a51,986.0,1946.0,960.0,960.0,0,0,
rule_config_analyzer_profile_signal,control,Jieqianyu/SGN,2024-01,technical_debt,exact_match,ncloc_identical,a65798174a839bde9c0d2c72dee3848a67bb05ab,a65798174a839bde9c0d2c72dee3848a67bb05ab,986.0,1946.0,960.0,960.0,0,0,
source_scope_difference_or_mixed,treatment,getsentry/sentry,2025-06,static_analysis_warnings,exact_match,ncloc_close,4f2be477198bf2814c6d6cd4b80ba19cbe386908,4f2be477198bf2814c6d6cd4b80ba19cbe386908,18538.0,19496.0,958.0,958.0,1,1,4.0
source_scope_difference_or_mixed,treatment,PostHog/posthog,2024-09,cognitive_complexity,exact_match,ncloc_different,761c6ce0ab4db14ddede62cb61b6d6854dff7ea7,761c6ce0ab4db14ddede62cb61b6d6854dff7ea7,49984.0,50942.0,958.0,958.0,0,0,-5.0
source_scope_difference_or_mixed,control,HelpingAI/Webscout,2024-10,technical_debt,exact_match,ncloc_close,84c373137c8baf7bdbc6682ca7ad4d542581a2da,84c373137c8baf7bdbc6682ca7ad4d542581a2da,6756.0,7714.0,958.0,958.0,0,0,
source_scope_difference_or_mixed,control,microsoft/semantic-link-labs,2025-04,ncloc,exact_match,ncloc_different,f387d9155c343d58eda592671427942be01377d1,f387d9155c343d58eda592671427942be01377d1,25709.0,26662.0,953.0,953.0,0,0,
source_scope_difference_or_mixed,treatment,sbomify/sbomify,2025-06,technical_debt,exact_match,ncloc_close,80ac2a0770147bbb7c2e4cc1f0054da96d2aa669,80ac2a0770147bbb7c2e4cc1f0054da96d2aa669,1897.0,2833.0,936.0,936.0,1,1,5.0
source_scope_difference_or_mixed,treatment,yeagerai/genlayer-studio,2025-01,technical_debt,exact_match,ncloc_different,04fae826144162455aba04e0c087a292c884d191,04fae826144162455aba04e0c087a292c884d191,1131.0,2053.0,922.0,922.0,0,0,-2.0
source_scope_difference_or_mixed,treatment,yeagerai/genlayer-studio,2024-11,technical_debt,exact_match,ncloc_different,663a89ea1ddeca2f295ef8ea4513e8b8d0baa1a8,663a89ea1ddeca2f295ef8ea4513e8b8d0baa1a8,810.0,1727.0,917.0,917.0,0,0,-4.0
rule_config_analyzer_profile_signal,treatment,trycua/cua,2025-05,technical_debt,exact_match,ncloc_identical,99b979ef114345fae36dba627f33577388759f47,99b979ef114345fae36dba627f33577388759f47,4565.0,5461.0,896.0,896.0,1,1,2.0
rule_config_analyzer_profile_signal,treatment,leettools-dev/leettools,2025-03,technical_debt,exact_match,ncloc_identical,bda6d9df917d725b816c05796846f480118cc20a,bda6d9df917d725b816c05796846f480118cc20a,3662.0,4554.0,892.0,892.0,1,1,0.0
source_scope_difference_or_mixed,control,HelpingAI/Webscout,2025-02,technical_debt,exact_match,ncloc_close,4c820e90fdd17cc18aede76e0648000e71ce9a4c,4c820e90fdd17cc18aede76e0648000e71ce9a4c,8179.0,9067.0,888.0,888.0,0,0,
source_scope_difference_or_mixed,treatment,KroMiose/nekro-agent,2025-04,technical_debt,exact_match,ncloc_close,c628a8a9fff13795c163ef97cda5b6a3144b2062,c628a8a9fff13795c163ef97cda5b6a3144b2062,2811.0,3686.0,875.0,875.0,1,1,3.0
rule_config_analyzer_profile_signal,treatment,leettools-dev/leettools,2025-04,technical_debt,exact_match,ncloc_identical,956ff760bdfbbe1c9a241742cad3b59cdde30655,956ff760bdfbbe1c9a241742cad3b59cdde30655,3730.0,4605.0,875.0,875.0,1,1,1.0
commit_selection_difference,treatment,whiteducksoftware/flock,2025-08,technical_debt,mismatch,,990a68cac2f293d51d8c8c666a5edc165cd69bbc,88b363080e95e8bdd87e32924216febb6cb5e4c7,3907.0,4780.0,873.0,873.0,1,1,5.0
source_scope_difference_or_mixed,treatment,airweave-ai/airweave,2025-03,ncloc,exact_match,ncloc_different,8118371941d89abce9ca9f4a4df65e4caecc9b44,8118371941d89abce9ca9f4a4df65e4caecc9b44,34194.0,35066.0,872.0,872.0,1,1,0.0
source_scope_difference_or_mixed,control,lancedb/lancedb,2025-03,cognitive_complexity,exact_match,ncloc_different,e59f9382a0de2f70b931373b29a11a27824bf639,e59f9382a0de2f70b931373b29a11a27824bf639,2411.0,3282.0,871.0,871.0,0,0,
rule_config_analyzer_profile_signal,treatment,leettools-dev/leettools,2025-02,technical_debt,exact_match,ncloc_identical,ea08c2251ef60be5c545e99a82abc904257653ad,ea08c2251ef60be5c545e99a82abc904257653ad,3467.0,4333.0,866.0,866.0,0,0,-1.0
source_scope_difference_or_mixed,treatment,keephq/keep,2025-06,static_analysis_warnings,exact_match,ncloc_close,32e024320952bd1a507b7fc8bc769aec60ee4f68,32e024320952bd1a507b7fc8bc769aec60ee4f68,2960.0,3821.0,861.0,861.0,1,1,3.0
source_scope_difference_or_mixed,treatment,keephq/keep,2025-07,static_analysis_warnings,exact_match,ncloc_close,c71d7c076780fad16bfcffb616a01278c75c6d6f,c71d7c076780fad16bfcffb616a01278c75c6d6f,2996.0,3852.0,856.0,856.0,1,1,4.0
source_scope_difference_or_mixed,treatment,keephq/keep,2025-08,static_analysis_warnings,exact_match,ncloc_close,76c396f983198158da30246a7e40e42bceebf46b,76c396f983198158da30246a7e40e42bceebf46b,3019.0,3871.0,852.0,852.0,1,1,5.0
source_scope_difference_or_mixed,treatment,keephq/keep,2025-06,code_smells,exact_match,ncloc_close,32e024320952bd1a507b7fc8bc769aec60ee4f68,32e024320952bd1a507b7fc8bc769aec60ee4f68,2838.0,3689.0,851.0,851.0,1,1,3.0
source_scope_difference_or_mixed,control,HelpingAI/Webscout,2024-12,technical_debt,exact_match,ncloc_close,fb95c558e62402c5fadce0497435cbc6929a844e,fb95c558e62402c5fadce0497435cbc6929a844e,7394.0,8242.0,848.0,848.0,0,0,
source_scope_difference_or_mixed,treatment,keephq/keep,2025-07,code_smells,exact_match,ncloc_close,c71d7c076780fad16bfcffb616a01278c75c6d6f,c71d7c076780fad16bfcffb616a01278c75c6d6f,2872.0,3719.0,847.0,847.0,1,1,4.0
source_scope_difference_or_mixed,treatment,ethyca/fides,2024-07,code_smells,exact_match,ncloc_close,84447c0a004c65a5552acdee70ffa76a59fc864f,84447c0a004c65a5552acdee70ffa76a59fc864f,1573.0,2416.0,843.0,843.0,0,0,-8.0
source_scope_difference_or_mixed,treatment,keephq/keep,2025-08,code_smells,exact_match,ncloc_close,76c396f983198158da30246a7e40e42bceebf46b,76c396f983198158da30246a7e40e42bceebf46b,2895.0,3736.0,841.0,841.0,1,1,5.0
source_scope_difference_or_mixed,treatment,keephq/keep,2025-05,static_analysis_warnings,exact_match,ncloc_close,9cefe4e98749a406a2fbdc97fdbddf8dbdcb6664,9cefe4e98749a406a2fbdc97fdbddf8dbdcb6664,2896.0,3737.0,841.0,841.0,1,1,2.0
commit_selection_difference,treatment,airweave-ai/airweave,2025-08,technical_debt,mismatch,,ba1f691c4947e8c360feacbe352ab92595f21090,c64d09e1ec58e4be23e5775ab58ae9ca88d46a7b,8438.0,9278.0,840.0,840.0,1,1,5.0
source_scope_difference_or_mixed,treatment,PostHog/posthog,2024-08,cognitive_complexity,exact_match,ncloc_different,0a6ab2622fd9404afdc60100fef54c3c112ea379,0a6ab2622fd9404afdc60100fef54c3c112ea379,47410.0,48242.0,832.0,832.0,0,0,-6.0
source_scope_difference_or_mixed,treatment,keephq/keep,2025-05,code_smells,exact_match,ncloc_close,9cefe4e98749a406a2fbdc97fdbddf8dbdcb6664,9cefe4e98749a406a2fbdc97fdbddf8dbdcb6664,2774.0,3605.0,831.0,831.0,1,1,2.0
rule_config_analyzer_profile_signal,treatment,namuan/trading-utils,2025-02,technical_debt,exact_match,ncloc_identical,303ea8532d774af9531699c7278303c6d2deb657,303ea8532d774af9531699c7278303c6d2deb657,1426.0,2256.0,830.0,830.0,1,1,3.0
source_scope_difference_or_mixed,treatment,ethyca/fides,2024-06,code_smells,exact_match,ncloc_close,6041a493e7e36e60b9267b9402c7c3332ab3f170,6041a493e7e36e60b9267b9402c7c3332ab3f170,1537.0,2365.0,828.0,828.0,0,0,-9.0
source_scope_difference_or_mixed,treatment,ethyca/fides,2024-05,code_smells,exact_match,ncloc_close,d50f5b3622c9058eee0c9aceb7f48463469afada,d50f5b3622c9058eee0c9aceb7f48463469afada,1485.0,2309.0,824.0,824.0,0,0,-10.0
source_scope_difference_or_mixed,treatment,getsentry/sentry,2025-07,static_analysis_warnings,exact_match,ncloc_close,71c2f5f3925610f3aa1871ace1c20f48eeff3db8,71c2f5f3925610f3aa1871ace1c20f48eeff3db8,26691.0,27510.0,819.0,819.0,1,1,5.0
source_scope_difference_or_mixed,treatment,TextGeneratorio/text-generator.io,2025-08,static_analysis_warnings,exact_match,ncloc_different,95ff0e2fb3cbafd6c6037e2ea559ed6fdb549b35,95ff0e2fb3cbafd6c6037e2ea559ed6fdb549b35,4228.0,5045.0,817.0,817.0,1,1,5.0
source_scope_difference_or_mixed,control,lancedb/lancedb,2025-02,cognitive_complexity,exact_match,ncloc_different,dfe4ba8dad580232e4450903a5d1b239b19f8173,dfe4ba8dad580232e4450903a5d1b239b19f8173,2328.0,3141.0,813.0,813.0,0,0,
source_scope_difference_or_mixed,treatment,TextGeneratorio/text-generator.io,2025-08,code_smells,exact_match,ncloc_different,95ff0e2fb3cbafd6c6037e2ea559ed6fdb549b35,95ff0e2fb3cbafd6c6037e2ea559ed6fdb549b35,3594.0,4405.0,811.0,811.0,1,1,5.0
source_scope_difference_or_mixed,control,HelpingAI/Webscout,2025-01,technical_debt,exact_match,ncloc_close,7423f6c0925f5eea34ec0895a00576c2fec0f6b3,7423f6c0925f5eea34ec0895a00576c2fec0f6b3,7199.0,8007.0,808.0,808.0,0,0,
commit_selection_difference,treatment,whiteducksoftware/flock,2025-05,technical_debt,mismatch,,8e542bb4c8252648f6a7705a46124a8e76a4e19c,c60e12a13b66d7f9b7c92f42c2681e331c8ed31d,3869.0,4673.0,804.0,804.0,1,1,2.0
source_scope_difference_or_mixed,treatment,getsentry/sentry,2025-08,static_analysis_warnings,exact_match,ncloc_close,b9dc9712a91c4dbf3cb1550254113c1599388e57,b9dc9712a91c4dbf3cb1550254113c1599388e57,26199.0,26999.0,800.0,800.0,1,1,6.0
rule_config_analyzer_profile_signal,control,HelpingAI/Webscout,2024-08,technical_debt,exact_match,ncloc_identical,146ee41132650aac4ee6e171c7f136e47de7312f,146ee41132650aac4ee6e171c7f136e47de7312f,5414.0,6213.0,799.0,799.0,0,0,
source_scope_difference_or_mixed,treatment,keephq/keep,2025-04,static_analysis_warnings,exact_match,ncloc_close,fc01ed670be54804d40ccaaa73bc28723f7c02e6,fc01ed670be54804d40ccaaa73bc28723f7c02e6,2777.0,3570.0,793.0,793.0,1,1,1.0
source_scope_difference_or_mixed,treatment,keephq/keep,2025-03,static_analysis_warnings,exact_match,ncloc_close,6ba6ca03bdd94c1a4805ee87abbcb7b195ff01bf,6ba6ca03bdd94c1a4805ee87abbcb7b195ff01bf,2652.0,3438.0,786.0,786.0,1,1,0.0
rule_config_analyzer_profile_signal,treatment,namuan/trading-utils,2025-01,technical_debt,exact_match,ncloc_identical,a34c6ed0ec038a18a9412b9443b79981c10c3342,a34c6ed0ec038a18a9412b9443b79981c10c3342,1342.0,2127.0,785.0,785.0,1,1,2.0
source_scope_difference_or_mixed,treatment,ethyca/fides,2024-01,code_smells,exact_match,ncloc_close,5bf61d1a19d6e575a3e379f14311b4321cffe8f9,5bf61d1a19d6e575a3e379f14311b4321cffe8f9,1241.0,2023.0,782.0,782.0,0,0,-14.0
source_scope_difference_or_mixed,treatment,ethyca/fides,2024-03,code_smells,exact_match,ncloc_close,321e9d4355a51a88bffdb51a20d85974e192f04d,321e9d4355a51a88bffdb51a20d85974e192f04d,1336.0,2118.0,782.0,782.0,0,0,-12.0
source_scope_difference_or_mixed,treatment,keephq/keep,2025-04,code_smells,exact_match,ncloc_close,fc01ed670be54804d40ccaaa73bc28723f7c02e6,fc01ed670be54804d40ccaaa73bc28723f7c02e6,2664.0,3446.0,782.0,782.0,1,1,1.0
source_scope_difference_or_mixed,treatment,whiteducksoftware/flock,2025-07,technical_debt,exact_match,ncloc_close,6a7ecf7102ed9dfe91e79bf39f8638e897c05fec,6a7ecf7102ed9dfe91e79bf39f8638e897c05fec,3909.0,4691.0,782.0,782.0,1,1,4.0
source_scope_difference_or_mixed,treatment,ethyca/fides,2024-07,static_analysis_warnings,exact_match,ncloc_close,84447c0a004c65a5552acdee70ffa76a59fc864f,84447c0a004c65a5552acdee70ffa76a59fc864f,1718.0,2496.0,778.0,778.0,0,0,-8.0
commit_selection_difference,treatment,whiteducksoftware/flock,2025-06,technical_debt,mismatch,,1e82eb29281c426f81723a19f28c2b8302cf75ce,db5e65e61bdb943cae439f796be085c5a8218a3c,3869.0,4647.0,778.0,778.0,1,1,3.0
source_scope_difference_or_mixed,control,lancedb/lancedb,2024-12,cognitive_complexity,exact_match,ncloc_different,92d845fa725cd044db1a10299046031c201febd0,92d845fa725cd044db1a10299046031c201febd0,2008.0,2782.0,774.0,774.0,0,0,
source_scope_difference_or_mixed,treatment,keephq/keep,2025-03,code_smells,exact_match,ncloc_close,6ba6ca03bdd94c1a4805ee87abbcb7b195ff01bf,6ba6ca03bdd94c1a4805ee87abbcb7b195ff01bf,2540.0,3314.0,774.0,774.0,1,1,0.0
source_scope_difference_or_mixed,control,lancedb/lancedb,2025-01,cognitive_complexity,exact_match,ncloc_different,5e98b7f4c0cf16cdbab10d945c086a5f9ea4be6c,5e98b7f4c0cf16cdbab10d945c086a5f9ea4be6c,2101.0,2875.0,774.0,774.0,0,0,
source_scope_difference_or_mixed,treatment,ethyca/fides,2024-02,code_smells,exact_match,ncloc_close,14aad9bceaffc32d7da28a07841734d7099db990,14aad9bceaffc32d7da28a07841734d7099db990,1259.0,2030.0,771.0,771.0,0,0,-13.0
commit_selection_difference,treatment,namuan/trading-utils,2025-03,technical_debt,mismatch,,ab8120bc123d4ee3b0fa1015b8255ba217614c2a,03db4e30f917722ee80a352fc330af3d5e59b406,1426.0,2196.0,770.0,770.0,1,1,4.0
source_scope_difference_or_mixed,treatment,ethyca/fides,2024-06,static_analysis_warnings,exact_match,ncloc_close,6041a493e7e36e60b9267b9402c7c3332ab3f170,6041a493e7e36e60b9267b9402c7c3332ab3f170,1682.0,2444.0,762.0,762.0,0,0,-9.0
source_scope_difference_or_mixed,treatment,ethyca/fides,2024-05,static_analysis_warnings,exact_match,ncloc_close,d50f5b3622c9058eee0c9aceb7f48463469afada,d50f5b3622c9058eee0c9aceb7f48463469afada,1631.0,2389.0,758.0,758.0,0,0,-10.0
source_scope_difference_or_mixed,treatment,airweave-ai/airweave,2025-07,technical_debt,exact_match,ncloc_close,2d34dc52ddfe2b076a09c7273c59d2303573b4a2,2d34dc52ddfe2b076a09c7273c59d2303573b4a2,5653.0,6408.0,755.0,755.0,1,1,4.0
source_scope_difference_or_mixed,control,pieces-app/cli-agent,2025-04,ncloc,exact_match,ncloc_different,d21294b67fed97f4d1e2eec7b15cdada89e64165,d21294b67fed97f4d1e2eec7b15cdada89e64165,4462.0,5210.0,748.0,748.0,0,0,
source_scope_difference_or_mixed,treatment,ethyca/fides,2024-04,code_smells,exact_match,ncloc_close,c617f6804ae5f841bd61f65729c1186f3c95d5b8,c617f6804ae5f841bd61f65729c1186f3c95d5b8,1417.0,2163.0,746.0,746.0,0,0,-11.0
rule_config_analyzer_profile_signal,treatment,trycua/cua,2025-07,technical_debt,exact_match,ncloc_identical,10bac17c7892facda695a514891e078ae9a55991,10bac17c7892facda695a514891e078ae9a55991,4056.0,4800.0,744.0,744.0,1,1,4.0
source_scope_difference_or_mixed,treatment,TextGeneratorio/text-generator.io,2025-07,static_analysis_warnings,exact_match,ncloc_different,3920d146d45c6c226f4321c9105a6076824d9aca,3920d146d45c6c226f4321c9105a6076824d9aca,4178.0,4920.0,742.0,742.0,1,1,4.0
source_scope_difference_or_mixed,treatment,TextGeneratorio/text-generator.io,2025-07,code_smells,exact_match,ncloc_different,3920d146d45c6c226f4321c9105a6076824d9aca,3920d146d45c6c226f4321c9105a6076824d9aca,3547.0,4288.0,741.0,741.0,1,1,4.0
rule_config_analyzer_profile_signal,treatment,trycua/cua,2025-08,technical_debt,exact_match,ncloc_identical,9515a650ad505cad48638abcb96d343d7b6d1da1,9515a650ad505cad48638abcb96d343d7b6d1da1,5154.0,5892.0,738.0,738.0,1,1,5.0
rule_config_analyzer_profile_signal,control,ysj9909/SHViT,2024-04,static_analysis_warnings,exact_match,ncloc_identical,fee7ce4258e81baf9e929e90f26168d632d186a7,fee7ce4258e81baf9e929e90f26168d632d186a7,47.0,776.0,729.0,729.0,0,0,
rule_config_analyzer_profile_signal,control,ysj9909/SHViT,2024-05,static_analysis_warnings,exact_match,ncloc_identical,20819cb8f624e183b1fa2ce941ed18ab8037b07d,20819cb8f624e183b1fa2ce941ed18ab8037b07d,47.0,776.0,729.0,729.0,0,0,
rule_config_analyzer_profile_signal,control,ysj9909/SHViT,2024-06,static_analysis_warnings,exact_match,ncloc_identical,6a729ccf18e0b941714b529638bd3d9bacebcef0,6a729ccf18e0b941714b529638bd3d9bacebcef0,47.0,776.0,729.0,729.0,0,0,
source_scope_difference_or_mixed,treatment,airweave-ai/airweave,2025-06,technical_debt,exact_match,ncloc_close,74395b0b9684a1bafa251ba0467854d9e0f79cf3,74395b0b9684a1bafa251ba0467854d9e0f79cf3,4788.0,5515.0,727.0,727.0,1,1,3.0
source_scope_difference_or_mixed,control,lancedb/lancedb,2024-11,cognitive_complexity,exact_match,ncloc_different,83e26a231e487673ce6f92dc32e7fe7d8c6d16d0,83e26a231e487673ce6f92dc32e7fe7d8c6d16d0,1959.0,2686.0,727.0,727.0,0,0,
rule_config_analyzer_profile_signal,treatment,osomai/servicenow-mcp,2025-08,technical_debt,exact_match,ncloc_identical,15de01c77dddaf0cf9a5939f2683436088d510b9,15de01c77dddaf0cf9a5939f2683436088d510b9,606.0,1331.0,725.0,725.0,1,1,5.0
rule_config_analyzer_profile_signal,treatment,osomai/servicenow-mcp,2025-06,technical_debt,exact_match,ncloc_identical,1407e200620bf7b1dc2b2269f4d0d331ec31a1af,1407e200620bf7b1dc2b2269f4d0d331ec31a1af,599.0,1324.0,725.0,725.0,1,1,3.0
source_scope_difference_or_mixed,treatment,ethyca/fides,2024-03,static_analysis_warnings,exact_match,ncloc_close,321e9d4355a51a88bffdb51a20d85974e192f04d,321e9d4355a51a88bffdb51a20d85974e192f04d,1475.0,2199.0,724.0,724.0,0,0,-12.0
rule_config_analyzer_profile_signal,control,dymmond/edgy,2024-12,technical_debt,exact_match,ncloc_identical,d1021f76b8fd28b0b0dca17c69da71a3bdc9025e,d1021f76b8fd28b0b0dca17c69da71a3bdc9025e,1936.0,2659.0,723.0,723.0,0,0,
rule_config_analyzer_profile_signal,control,ysj9909/SHViT,2024-04,code_smells,exact_match,ncloc_identical,fee7ce4258e81baf9e929e90f26168d632d186a7,fee7ce4258e81baf9e929e90f26168d632d186a7,47.0,766.0,719.0,719.0,0,0,
rule_config_analyzer_profile_signal,control,ysj9909/SHViT,2024-05,code_smells,exact_match,ncloc_identical,20819cb8f624e183b1fa2ce941ed18ab8037b07d,20819cb8f624e183b1fa2ce941ed18ab8037b07d,47.0,766.0,719.0,719.0,0,0,
rule_config_analyzer_profile_signal,control,ysj9909/SHViT,2024-06,code_smells,exact_match,ncloc_identical,6a729ccf18e0b941714b529638bd3d9bacebcef0,6a729ccf18e0b941714b529638bd3d9bacebcef0,47.0,766.0,719.0,719.0,0,0,
rule_config_analyzer_profile_signal,control,dymmond/edgy,2024-11,technical_debt,exact_match,ncloc_identical,b3793603d969de4bf76397961da57910c1e7a6ca,b3793603d969de4bf76397961da57910c1e7a6ca,1874.0,2592.0,718.0,718.0,0,0,
source_scope_difference_or_mixed,treatment,keephq/keep,2025-02,static_analysis_warnings,exact_match,ncloc_close,c21dc97d3b04c9804a2ae1349907af431f444fd6,c21dc97d3b04c9804a2ae1349907af431f444fd6,2495.0,3206.0,711.0,711.0,0,0,-1.0
source_scope_difference_or_mixed,treatment,keephq/keep,2025-02,code_smells,exact_match,ncloc_close,c21dc97d3b04c9804a2ae1349907af431f444fd6,c21dc97d3b04c9804a2ae1349907af431f444fd6,2380.0,3085.0,705.0,705.0,0,0,-1.0
source_scope_difference_or_mixed,control,believethehype/nostrdvm,2024-04,technical_debt,exact_match,ncloc_close,6a264f7edd6a7acb7ca49da1b587316bc6ede852,6a264f7edd6a7acb7ca49da1b587316bc6ede852,5860.0,6562.0,702.0,702.0,0,0,
source_scope_difference_or_mixed,control,dymmond/edgy,2025-04,technical_debt,exact_match,ncloc_close,7f016710cc7c1c3bf04146776df7af8f00894e97,7f016710cc7c1c3bf04146776df7af8f00894e97,2731.0,3430.0,699.0,699.0,0,0,
rule_config_analyzer_profile_signal,control,zhipeixu/FakeShield,2025-06,static_analysis_warnings,exact_match,ncloc_identical,346cb6c74c9a426c1c00d98b13e5f417161a94c1,346cb6c74c9a426c1c00d98b13e5f417161a94c1,820.0,1518.0,698.0,698.0,0,0,
rule_config_analyzer_profile_signal,control,zhipeixu/FakeShield,2025-05,static_analysis_warnings,exact_match,ncloc_identical,c34dab9b8df3dc77d2632344eb0d0af387d0658f,c34dab9b8df3dc77d2632344eb0d0af387d0658f,820.0,1518.0,698.0,698.0,0,0,
rule_config_analyzer_profile_signal,control,zhipeixu/FakeShield,2025-02,static_analysis_warnings,exact_match,ncloc_identical,b807b92ac958678bb278e741864ba4b821fb73c1,b807b92ac958678bb278e741864ba4b821fb73c1,820.0,1518.0,698.0,698.0,0,0,
rule_config_analyzer_profile_signal,control,zhipeixu/FakeShield,2025-03,static_analysis_warnings,exact_match,ncloc_identical,7bd43c8badef7341807e85e55a8b216dac6c2424,7bd43c8badef7341807e85e55a8b216dac6c2424,820.0,1518.0,698.0,698.0,0,0,
rule_config_analyzer_profile_signal,control,zhipeixu/FakeShield,2025-04,static_analysis_warnings,exact_match,ncloc_identical,2910fb826ea20e11c2c2553c36984630216c0bab,2910fb826ea20e11c2c2553c36984630216c0bab,820.0,1518.0,698.0,698.0,0,0,
commit_selection_difference,control,qiboteam/qibojit,2025-06,ncloc,mismatch,,95d26e7da1565a5abc1fc4ee2e669ab566265099,8cc4350be29ef0c4b05db5ff5d25cbde446b79ba,4205.0,4898.0,693.0,693.0,0,0,
source_scope_difference_or_mixed,treatment,ethyca/fides,2024-01,static_analysis_warnings,exact_match,ncloc_close,5bf61d1a19d6e575a3e379f14311b4321cffe8f9,5bf61d1a19d6e575a3e379f14311b4321cffe8f9,1411.0,2103.0,692.0,692.0,0,0,-14.0
rule_config_analyzer_profile_signal,control,dymmond/edgy,2024-10,technical_debt,exact_match,ncloc_identical,35e2fe2ce7936f3eda666eb083c6f64d11610d29,35e2fe2ce7936f3eda666eb083c6f64d11610d29,1806.0,2492.0,686.0,686.0,0,0,
commit_selection_difference,control,qiboteam/qibojit,2025-02,ncloc,mismatch,,193b5694068a06466a0f1702cbd66905d0bd5724,5818b6dbde5b269b59ef62ec855a6e9540113a86,4115.0,4800.0,685.0,685.0,0,0,
source_scope_difference_or_mixed,treatment,sbomify/sbomify,2025-05,technical_debt,exact_match,ncloc_close,9cd280ec409b119e5fb1ee3f6a25700655e888e1,9cd280ec409b119e5fb1ee3f6a25700655e888e1,1121.0,1805.0,684.0,684.0,1,1,4.0
source_scope_difference_or_mixed,treatment,ethyca/fides,2024-04,static_analysis_warnings,exact_match,ncloc_close,c617f6804ae5f841bd61f65729c1186f3c95d5b8,c617f6804ae5f841bd61f65729c1186f3c95d5b8,1561.0,2242.0,681.0,681.0,0,0,-11.0
source_scope_difference_or_mixed,treatment,ethyca/fides,2024-02,static_analysis_warnings,exact_match,ncloc_close,14aad9bceaffc32d7da28a07841734d7099db990,14aad9bceaffc32d7da28a07841734d7099db990,1430.0,2111.0,681.0,681.0,0,0,-13.0
rule_config_analyzer_profile_signal,control,zhipeixu/FakeShield,2025-04,code_smells,exact_match,ncloc_identical,2910fb826ea20e11c2c2553c36984630216c0bab,2910fb826ea20e11c2c2553c36984630216c0bab,805.0,1484.0,679.0,679.0,0,0,
rule_config_analyzer_profile_signal,control,zhipeixu/FakeShield,2025-06,code_smells,exact_match,ncloc_identical,346cb6c74c9a426c1c00d98b13e5f417161a94c1,346cb6c74c9a426c1c00d98b13e5f417161a94c1,805.0,1484.0,679.0,679.0,0,0,
rule_config_analyzer_profile_signal,control,zhipeixu/FakeShield,2025-05,code_smells,exact_match,ncloc_identical,c34dab9b8df3dc77d2632344eb0d0af387d0658f,c34dab9b8df3dc77d2632344eb0d0af387d0658f,805.0,1484.0,679.0,679.0,0,0,
rule_config_analyzer_profile_signal,control,zhipeixu/FakeShield,2025-02,code_smells,exact_match,ncloc_identical,b807b92ac958678bb278e741864ba4b821fb73c1,b807b92ac958678bb278e741864ba4b821fb73c1,805.0,1484.0,679.0,679.0,0,0,
rule_config_analyzer_profile_signal,control,zhipeixu/FakeShield,2025-03,code_smells,exact_match,ncloc_identical,7bd43c8badef7341807e85e55a8b216dac6c2424,7bd43c8badef7341807e85e55a8b216dac6c2424,805.0,1484.0,679.0,679.0,0,0,
source_scope_difference_or_mixed,control,lancedb/lancedb,2024-10,cognitive_complexity,exact_match,ncloc_different,f3fc339ef650517674a22995d81f9ae21e7bae5a,f3fc339ef650517674a22995d81f9ae21e7bae5a,1902.0,2579.0,677.0,677.0,0,0,
source_scope_difference_or_mixed,treatment,KroMiose/nekro-agent,2025-02,technical_debt,exact_match,ncloc_close,5a8b6c1815b940ab9821be0682b8117b71fc50fe,5a8b6c1815b940ab9821be0682b8117b71fc50fe,1872.0,2545.0,673.0,673.0,1,1,1.0
source_scope_difference_or_mixed,treatment,KroMiose/nekro-agent,2025-03,technical_debt,exact_match,ncloc_close,d0c8b4743f456b9fabef664d3b5942e2ea77fb75,d0c8b4743f456b9fabef664d3b5942e2ea77fb75,1869.0,2542.0,673.0,673.0,1,1,2.0
source_scope_difference_or_mixed,treatment,yeagerai/genlayer-studio,2024-10,technical_debt,exact_match,ncloc_different,19cc640fc1371364503e01c17750c3f29b54c0ac,19cc640fc1371364503e01c17750c3f29b54c0ac,898.0,1569.0,671.0,671.0,0,0,-5.0
rule_config_analyzer_profile_signal,treatment,osomai/servicenow-mcp,2025-03,technical_debt,exact_match,ncloc_identical,7b4d9e220ae702b3f36d4027e2a7cee83de234d7,7b4d9e220ae702b3f36d4027e2a7cee83de234d7,512.0,1182.0,670.0,670.0,1,1,0.0
source_scope_difference_or_mixed,treatment,OpenMOSS/Language-Model-SAEs,2024-09,technical_debt,exact_match,ncloc_close,67bfb0b9f835f772f3af2aa176745c6b6135373a,67bfb0b9f835f772f3af2aa176745c6b6135373a,2621.0,3284.0,663.0,663.0,0,0,-3.0
source_scope_difference_or_mixed,treatment,OpenMOSS/Language-Model-SAEs,2024-08,technical_debt,exact_match,ncloc_close,b87047673c9efb995a1df04f86e2b64eaa076340,b87047673c9efb995a1df04f86e2b64eaa076340,2494.0,3153.0,659.0,659.0,0,0,-4.0
source_scope_difference_or_mixed,treatment,OpenMOSS/Language-Model-SAEs,2024-06,technical_debt,exact_match,ncloc_close,73828937a79037c382d56c00d04d2027f8c4262d,73828937a79037c382d56c00d04d2027f8c4262d,2085.0,2728.0,643.0,643.0,0,0,-6.0
commit_selection_difference,treatment,LearningCircuit/local-deep-research,2025-08,code_smells,mismatch,,1b509b286e386545cd7a6aea61f65b7a26f2b33e,7b8114f313911b4fb080943cab20026940c092b3,915.0,1551.0,636.0,636.0,1,1,5.0
source_scope_difference_or_mixed,treatment,terryyin/lizard,2025-08,static_analysis_warnings,exact_match,ncloc_different,f4c93acb75391b2797782373c95889434ac9b2ab,f4c93acb75391b2797782373c95889434ac9b2ab,1616.0,2251.0,635.0,635.0,1,1,7.0
source_scope_difference_or_mixed,treatment,terryyin/lizard,2025-07,static_analysis_warnings,exact_match,ncloc_different,10017f0c2ebb0688474c4a2b1216863d7632bbcf,10017f0c2ebb0688474c4a2b1216863d7632bbcf,1616.0,2250.0,634.0,634.0,1,1,6.0
source_scope_difference_or_mixed,treatment,terryyin/lizard,2025-06,static_analysis_warnings,exact_match,ncloc_different,d8cb37d396710cc71525e91b62f78320d6b7b03f,d8cb37d396710cc71525e91b62f78320d6b7b03f,1615.0,2249.0,634.0,634.0,1,1,5.0
source_scope_difference_or_mixed,treatment,terryyin/lizard,2025-04,static_analysis_warnings,exact_match,ncloc_different,7b72428d60d1bdd83d2c5fb807f8c7f33e23e71b,7b72428d60d1bdd83d2c5fb807f8c7f33e23e71b,1624.0,2257.0,633.0,633.0,1,1,3.0
source_scope_difference_or_mixed,control,lancedb/lancedb,2024-09,cognitive_complexity,exact_match,ncloc_different,d6b505477886b48b4868a56481373e2a29a72fcd,d6b505477886b48b4868a56481373e2a29a72fcd,1917.0,2550.0,633.0,633.0,0,0,
source_scope_difference_or_mixed,treatment,terryyin/lizard,2025-05,static_analysis_warnings,exact_match,ncloc_different,1ef2169fe8524b27777ec65944ba4eca8570e2b7,1ef2169fe8524b27777ec65944ba4eca8570e2b7,1614.0,2247.0,633.0,633.0,1,1,4.0
rule_config_analyzer_profile_signal,control,dymmond/edgy,2025-03,technical_debt,exact_match,ncloc_identical,19f8913f2cb1586714752dda0ec21eb5fae3045d,19f8913f2cb1586714752dda0ec21eb5fae3045d,2739.0,3372.0,633.0,633.0,0,0,
source_scope_difference_or_mixed,treatment,terryyin/lizard,2024-04,static_analysis_warnings,exact_match,ncloc_different,7b47f8885eb694e6ec82df21e024f2b5265ffba9,7b47f8885eb694e6ec82df21e024f2b5265ffba9,1588.0,2220.0,632.0,632.0,0,0,-9.0
source_scope_difference_or_mixed,treatment,terryyin/lizard,2024-08,static_analysis_warnings,exact_match,ncloc_different,c17ccbbe5203c34236fb52aa5f288ed2a96d55c0,c17ccbbe5203c34236fb52aa5f288ed2a96d55c0,1588.0,2220.0,632.0,632.0,0,0,-5.0
source_scope_difference_or_mixed,treatment,terryyin/lizard,2024-10,static_analysis_warnings,exact_match,ncloc_different,ef8ac19ce83d5c7f7e620f7525b6844ef8d4323a,ef8ac19ce83d5c7f7e620f7525b6844ef8d4323a,1591.0,2223.0,632.0,632.0,0,0,-3.0
source_scope_difference_or_mixed,treatment,terryyin/lizard,2025-03,static_analysis_warnings,exact_match,ncloc_different,86951d42c1f4fe5eaf00d258df2ab61952867838,86951d42c1f4fe5eaf00d258df2ab61952867838,1624.0,2255.0,631.0,631.0,1,1,2.0
source_scope_difference_or_mixed,treatment,terryyin/lizard,2025-01,static_analysis_warnings,exact_match,ncloc_different,c3cd418ce204dff6ddf223096d6a2aec2e7b5b51,c3cd418ce204dff6ddf223096d6a2aec2e7b5b51,1610.0,2241.0,631.0,631.0,1,1,0.0
source_scope_difference_or_mixed,treatment,terryyin/lizard,2024-12,static_analysis_warnings,exact_match,ncloc_different,8f3742c28c9fd5d86fe6adfd906c9c91531390e4,8f3742c28c9fd5d86fe6adfd906c9c91531390e4,1593.0,2224.0,631.0,631.0,0,0,-1.0
source_scope_difference_or_mixed,treatment,terryyin/lizard,2025-02,static_analysis_warnings,exact_match,ncloc_different,7d48c44317121698e144aa7127082b46f7581ab0,7d48c44317121698e144aa7127082b46f7581ab0,1617.0,2245.0,628.0,628.0,1,1,1.0
rule_config_analyzer_profile_signal,control,HelpingAI/Webscout,2024-07,technical_debt,exact_match,ncloc_identical,8f1fa236c636b57605c2d0bcb3e74605a6789796,8f1fa236c636b57605c2d0bcb3e74605a6789796,4939.0,5564.0,625.0,625.0,0,0,
rule_config_analyzer_profile_signal,treatment,namuan/trading-utils,2024-12,technical_debt,exact_match,ncloc_identical,ddd34a11ea8aed024058acd1de1c5e1462ff55b0,ddd34a11ea8aed024058acd1de1c5e1462ff55b0,1316.0,1941.0,625.0,625.0,1,1,1.0
