panel,dataset_source,rows,repos,mean_log_static_warnings,mean_log_duplicate_line_density,mean_log_code_complexity,mean_log_ncloc
main_balanced,treatment,4911,375,5.22007199390399,1.4844096210235,6.31336686861028,9.1571862316652
main_balanced,control,7187,445,4.22051364415639,1.27597494417039,5.13642050111694,7.94876526446809
main_unbalanced,treatment,3316,375,5.63481029260833,1.60099993446914,6.77919888853518,9.61746943073024
main_unbalanced,control,2830,391,4.77323123875353,1.54244080440234,5.87128904027269,8.64327267390217
strict_1to3_balanced,treatment,4322,333,5.25944947704758,1.46511271949339,6.34054144391084,9.18202937914682
strict_1to3_balanced,control,6520,402,4.24189454914024,1.28030746125837,5.15689627940047,7.98341299027398
strict_1to3_unbalanced,treatment,2870,333,5.697904444899,1.59821304366951,6.84356563056698,9.67049855290957
strict_1to3_unbalanced,control,2535,352,4.7601925249458,1.54055694202879,5.85440481734956,8.63999109556
