outcome,term,estimate,std_error,conf_low,conf_high,p_value,note,outcome_label,panel,estimate_pct,conf_low_pct,conf_high_pct
log_commits,treat,-0.141718634859021,0.0603678818360718,-0.260039683257721,-0.0233975864603201,0.0188956444432201,Borusyak static treatment effect,Commits,main_balanced,-13.2134590790516,-22.8979011428127,-2.31259853283052
log_lines_added,treat,-0.13887470352281,0.140915767705881,-0.415069608226337,0.137320201180718,0.324370816232555,Borusyak static treatment effect,Lines Added,main_balanced,-12.96629282042,-33.9705682810998,14.7195423045365
