dataset_source,rows,repos,mean_commits,mean_lines_added,mean_log_commits,mean_log_lines_added,mean_contributors_log
treatment,4988,378,63.107056936648,41521.490978348,2.32025839623736,5.81613786032698,0.983970061225661
control,7242,447,16.1147473073737,6368.0521955261,1.07897273643287,2.80949309544714,0.500210457829211
