panel,conf_high_pct_log_commits,conf_high_pct_log_lines_added,conf_low_pct_log_commits,conf_low_pct_log_lines_added,estimate_pct_log_commits,estimate_pct_log_lines_added
main_balanced,-2.312598532830523,14.719542304536537,-22.89790114281264,-33.97056828109979,-13.213459079051637,-12.966292820420023
main_unbalanced,27.873896073639393,95.99072329098199,-3.289825180404826,8.814482897364705,11.205696095768424,46.03639685910053
strict_1to3_balanced,2.1383769883387194,24.7587281901942,-21.531836415986618,-33.16723100799719,-10.475640891841142,-8.687507640677527
strict_1to3_unbalanced,34.745375119150125,118.84352943730762,-0.9549874154770266,13.390601333051944,15.524271797672395,57.527138616632634
