panel,outcome,outcome_label,estimate,estimate_pct,conf_low,conf_low_pct,conf_high,conf_high_pct,std_error,p_value,note
main_unbalanced,log_commits,Commits,0.106211418399302,11.205696095768424,-0.0334515685926166,-3.289825180404826,0.245874405391221,27.873896073639393,0.0712566260162852,0.136080216397732,Borusyak static treatment effect
main_unbalanced,log_lines_added,Lines Added,0.378685698207253,46.03639685910053,0.0844742544402378,8.814482897364705,0.672897141974268,95.99072329098199,0.150107879472967,0.0116438843926862,Borusyak static treatment effect
main_balanced,log_commits,Commits,-0.141718634859021,-13.213459079051637,-0.260039683257721,-22.89790114281264,-0.0233975864603201,-2.312598532830523,0.0603678818360718,0.0188956444432201,Borusyak static treatment effect
main_balanced,log_lines_added,Lines Added,-0.13887470352281,-12.966292820420023,-0.415069608226337,-33.97056828109979,0.137320201180718,14.719542304536537,0.140915767705881,0.324370816232555,Borusyak static treatment effect
strict_1to3_unbalanced,log_commits,Commits,0.144310467330691,15.524271797672395,-0.0095957666148153,-0.9549874154770266,0.298216701276198,34.745375119150125,0.0785235887477075,0.0660922271937785,Borusyak static treatment effect
strict_1to3_unbalanced,log_lines_added,Lines Added,0.454427566111194,57.527138616632634,0.125668321209851,13.390601333051944,0.783186811012536,118.84352943730762,0.167734308623134,0.006744351543886,Borusyak static treatment effect
strict_1to3_balanced,log_commits,Commits,-0.110659428932248,-10.475640891841142,-0.24247720290052,-21.531836415986618,0.0211583450360246,2.1383769883387194,0.067253966310343,0.0998881071668731,Borusyak static treatment effect
strict_1to3_balanced,log_lines_added,Lines Added,-0.0908825801533166,-8.687507640677527,-0.402976671955161,-33.16723100799719,0.221211511648527,24.7587281901942,0.159231679490737,0.568164440841134,Borusyak static treatment effect
