repo_name,time,dataset_source,is_treatment,event,post_event,time_to_event,lead_6,lead_5,lead_4,lead_3,lead_2,lead_1,lag_0,lag_1,lag_2,lag_3,lag_4,lag_5,lag_6,cursor,commits,lines_added,lines_removed,contributors,stars,issues,age,ncloc_paper,ncloc_python_snapshot,paper_covariate_matched,python_snapshot_ncloc_matched,analysis_ready_agc_paper_ncloc,analysis_ready_agc_python_snapshot_ncloc,latest_commit,python_file_count,files_analyzed,failure_count,agc_analysis_status,agc_repo_month_matched,top_level_blocks_scored,agc_top_level_blocks,human_top_level_blocks,agc_top_level_block_ratio,function_blocks_scored,agc_function_blocks,human_function_blocks,agc_function_block_ratio,class_blocks_scored,agc_class_blocks,human_class_blocks,agc_class_block_ratio
1mrat/cursor-taskrunner,2024-08,treatment,1,2024-08,1,0.0,0,0,0,0,0,0,1,0,0,0,0,0,0,1,4,264,8,1,9.0,0.0,0.0,209.0,121,1,1,1,1,53d6ca106d0525b5eec3d03eba2406488da0ddcd,1,1,0,ok,1,8,4,4,0.5,8,4,4,0.5,0,0,0,
Anemll/Anemll,2025-02,treatment,1,2025-02,1,0.0,0,0,0,0,0,0,1,0,0,0,0,0,0,1,8,2742,701,2,212.0,3.0,0.0,3990.0,4482,1,1,1,1,d3b2e3660c0657ab643b68a0513b4b5ab443c04c,22,22,0,ok,1,73,12,61,0.1643835616438356,56,11,45,0.19642857142857142,17,1,16,0.058823529411764705
Anemll/Anemll,2025-04,treatment,1,2025-02,1,2.0,0,0,0,0,0,0,0,0,1,0,0,0,0,1,5,23138,423,2,23.0,5.0,51.0,4093.0,4609,1,1,1,1,d175746c2ffbabd0a0e4491212c0ef0a501d9848,23,23,0,ok,1,77,12,65,0.15584415584415584,60,11,49,0.18333333333333332,17,1,16,0.058823529411764705
Anemll/Anemll,2025-05,treatment,1,2025-02,1,3.0,0,0,0,0,0,0,0,0,0,1,0,0,0,0,1,2,2,1,551.0,2.0,81.0,4093.0,4609,1,1,1,1,4bfa0b08183a437e759798f2245bbcba2313521f,23,23,0,ok,1,77,12,65,0.15584415584415584,60,11,49,0.18333333333333332,17,1,16,0.058823529411764705
Anemll/Anemll,2025-06,treatment,1,2025-02,1,4.0,0,0,0,0,0,0,0,0,0,0,1,0,0,1,65,91287,9154,3,74.0,3.0,112.0,18458.0,19392,1,1,1,1,b0ea623eaac791a0803849c4f35ef8357f98935b,113,113,0,ok,1,284,29,255,0.10211267605633803,230,26,204,0.11304347826086956,54,3,51,0.05555555555555555
Anemll/Anemll,2025-07,treatment,1,2025-02,1,5.0,0,0,0,0,0,0,0,0,0,0,0,1,0,0,1,5389,567,1,35.0,2.0,142.0,21444.0,22574,1,1,1,1,6ecb10d7dfe90533af13ac23c825ca76aab0c56e,119,119,0,ok,1,311,34,277,0.10932475884244373,248,31,217,0.125,63,3,60,0.047619047619047616
Apocrathia/home-assistant-config,2024-01,treatment,0,2025-02,0,-13.0,1,0,0,0,0,0,0,0,0,0,0,0,0,0,5,32,22,1,3.0,0.0,2070.0,48.0,59,1,1,1,1,bbe44a43577ec4c93304b6303bf7604710f10533,2,2,0,ok,1,1,0,1,0.0,1,0,1,0.0,0,0,0,
Apocrathia/home-assistant-config,2024-02,treatment,0,2025-02,0,-12.0,1,0,0,0,0,0,0,0,0,0,0,0,0,0,1,1,1,1,4.0,0.0,2101.0,48.0,59,1,1,1,1,26904b6524e3139a36005bd9d482feb396099c25,2,2,0,ok,1,1,0,1,0.0,1,0,1,0.0,0,0,0,
Apocrathia/home-assistant-config,2024-03,treatment,0,2025-02,0,-11.0,1,0,0,0,0,0,0,0,0,0,0,0,0,0,3,14,147,1,2.0,0.0,2130.0,48.0,59,1,1,1,1,8a82eda5ceac8dc9bc217ca0985392aceff8fcd4,2,2,0,ok,1,1,0,1,0.0,1,0,1,0.0,0,0,0,
Apocrathia/home-assistant-config,2024-04,treatment,0,2025-02,0,-10.0,1,0,0,0,0,0,0,0,0,0,0,0,0,0,6,108,40,1,6.0,0.0,2161.0,48.0,59,1,1,1,1,a47d24eaa2e788005bda981bc81601dc1324825e,2,2,0,ok,1,1,0,1,0.0,1,0,1,0.0,0,0,0,
Apocrathia/home-assistant-config,2024-05,treatment,0,2025-02,0,-9.0,1,0,0,0,0,0,0,0,0,0,0,0,0,0,17,120,46,4,5.0,2.0,2191.0,48.0,59,1,1,1,1,b26234ca26d401d2aa3188cb603a9f7838bf808d,2,2,0,ok,1,1,0,1,0.0,1,0,1,0.0,0,0,0,
Apocrathia/home-assistant-config,2024-06,treatment,0,2025-02,0,-8.0,1,0,0,0,0,0,0,0,0,0,0,0,0,0,1,5,5,1,2.0,0.0,2222.0,48.0,59,1,1,1,1,e52f1adc336026dcd83a7321b395c8aaed3fbc0a,2,2,0,ok,1,1,0,1,0.0,1,0,1,0.0,0,0,0,
Apocrathia/home-assistant-config,2024-07,treatment,0,2025-02,0,-7.0,1,0,0,0,0,0,0,0,0,0,0,0,0,0,17,500,61,3,0.0,0.0,2252.0,48.0,59,1,1,1,1,e1f53bd5a5bd5290db8f1bde112aa7a42c8d8fc9,2,2,0,ok,1,1,0,1,0.0,1,0,1,0.0,0,0,0,
Apocrathia/home-assistant-config,2024-10,treatment,0,2025-02,0,-4.0,0,0,1,0,0,0,0,0,0,0,0,0,0,0,1,5,5,1,0.0,0.0,2344.0,48.0,59,1,1,1,1,26df583b9e21bfa769cc54f3d1b5919f8bcb8fd0,2,2,0,ok,1,1,0,1,0.0,1,0,1,0.0,0,0,0,
Apocrathia/home-assistant-config,2024-11,treatment,0,2025-02,0,-3.0,0,0,0,1,0,0,0,0,0,0,0,0,0,0,46,315,450,3,0.0,6.0,2375.0,48.0,59,1,1,1,1,74da233ac46648847f2a3055f9332c60819a8d8b,2,2,0,ok,1,1,0,1,0.0,1,0,1,0.0,0,0,0,
Apocrathia/home-assistant-config,2024-12,treatment,0,2025-02,0,-2.0,0,0,0,0,1,0,0,0,0,0,0,0,0,0,2,26,8,1,1.0,0.0,2405.0,48.0,59,1,1,1,1,f50010a30ef67bdc89a203fa9f3eacaa764e6a8f,2,2,0,ok,1,1,0,1,0.0,1,0,1,0.0,0,0,0,
Apocrathia/home-assistant-config,2025-01,treatment,0,2025-02,0,-1.0,0,0,0,0,0,1,0,0,0,0,0,0,0,0,22,465,213,2,0.0,0.0,2436.0,48.0,59,1,1,1,1,72683f55d312c6f3938b60b7762200802a81f56c,2,2,0,ok,1,1,0,1,0.0,1,0,1,0.0,0,0,0,
Apocrathia/home-assistant-config,2025-02,treatment,1,2025-02,1,0.0,0,0,0,0,0,0,1,0,0,0,0,0,0,1,7,207,78,1,0.0,0.0,2467.0,48.0,59,1,1,1,1,752ba2d5b9ca6bf5b909cf1374aacb9f4809464a,2,2,0,ok,1,1,0,1,0.0,1,0,1,0.0,0,0,0,
Apocrathia/home-assistant-config,2025-03,treatment,1,2025-02,1,1.0,0,0,0,0,0,0,0,1,0,0,0,0,0,0,4,16,9,1,0.0,0.0,2495.0,48.0,59,1,1,1,1,8b66b9e3b784774ae1ee8cb39da7ccc9847981e0,2,2,0,ok,1,1,0,1,0.0,1,0,1,0.0,0,0,0,
Apocrathia/home-assistant-config,2025-05,treatment,1,2025-02,1,3.0,0,0,0,0,0,0,0,0,0,1,0,0,0,0,1,1,1,1,0.0,0.0,2556.0,48.0,59,1,1,1,1,b7ca64b95ae0af3ec3d7843f5f3be6a84dd04aff,2,2,0,ok,1,1,0,1,0.0,1,0,1,0.0,0,0,0,
Apocrathia/home-assistant-config,2025-06,treatment,1,2025-02,1,4.0,0,0,0,0,0,0,0,0,0,0,1,0,0,0,1,14,2,1,0.0,0.0,2587.0,57.0,68,1,1,1,1,840bf311a24b770f0bddce641acfcc26f8c852d3,2,2,0,ok,1,1,0,1,0.0,1,0,1,0.0,0,0,0,
Apocrathia/home-assistant-config,2025-07,treatment,1,2025-02,1,5.0,0,0,0,0,0,0,0,0,0,0,0,1,0,0,26,855,159,3,0.0,0.0,2617.0,57.0,68,1,1,1,1,87df5e43eff43caa79cc09749b9a6c1368729d3e,2,2,0,ok,1,1,0,1,0.0,1,0,1,0.0,0,0,0,
Apocrathia/home-assistant-config,2025-08,treatment,1,2025-02,1,6.0,0,0,0,0,0,0,0,0,0,0,0,0,1,0,7,133,35,3,0.0,0.0,2648.0,57.0,68,1,1,1,1,56ce01ca8b29b3fd1acec9be4f6835c5047154f6,2,2,0,ok,1,1,0,1,0.0,1,0,1,0.0,0,0,0,
Aronnaxx/Behold-Urwar-Droid-Concepts,2025-03,treatment,1,2025-03,1,0.0,0,0,0,0,0,0,1,0,0,0,0,0,0,1,64,357094,344695,3,12.0,0.0,0.0,6573.0,2936,1,1,1,1,8a14987a286e25f89700138a78d8383f04a0115a,13,13,0,ok,1,19,6,13,0.3157894736842105,8,3,5,0.375,11,3,8,0.2727272727272727
Aronnaxx/Behold-Urwar-Droid-Concepts,2025-04,treatment,1,2025-03,1,1.0,0,0,0,0,0,0,0,1,0,0,0,0,0,0,2,3,1,1,1.0,0.0,13.0,6573.0,2936,1,1,1,1,89ec1d902b5b85a3b89144a32b132bd87b662f58,13,13,0,ok,1,19,6,13,0.3157894736842105,8,3,5,0.375,11,3,8,0.2727272727272727
Aronnaxx/Behold-Urwar-Droid-Concepts,2025-06,treatment,1,2025-03,1,3.0,0,0,0,0,0,0,0,0,0,1,0,0,0,0,1,3,3,1,0.0,0.0,74.0,6573.0,2936,1,1,1,1,fcaef112fb7619c370516489ecd6cc3f77e5fb56,13,13,0,ok,1,19,6,13,0.3157894736842105,8,3,5,0.375,11,3,8,0.2727272727272727
Aronnaxx/Behold-Urwar-Droid-Concepts,2025-08,treatment,1,2025-03,1,5.0,0,0,0,0,0,0,0,0,0,0,0,1,0,0,1,1009,1,1,0.0,0.0,0.0,7296.0,3570,1,1,1,1,e5dde69cff032c97647d5cc4b52836d45d2c12ae,15,15,0,ok,1,31,10,21,0.3225806451612903,20,7,13,0.35,11,3,8,0.2727272727272727
Chocksy/qc-options-framework,2024-04,treatment,0,2025-03,0,-11.0,1,0,0,0,0,0,0,0,0,0,0,0,0,0,4,7346,12,1,1.0,2.0,0.0,4036.0,4176,1,1,1,1,ddcf0acdc52bd7f3b95ddad64d911dd2b6466f41,63,63,0,ok,1,60,16,44,0.26666666666666666,1,1,0,1.0,59,15,44,0.2542372881355932
Chocksy/qc-options-framework,2024-06,treatment,0,2025-03,0,-9.0,1,0,0,0,0,0,0,0,0,0,0,0,0,0,11,462,501,2,5.0,10.0,36.0,4123.0,4126,1,1,1,1,54b5d33a2f3e6c6ef0290ab041141ffcc7e4bb76,62,62,0,ok,1,56,15,41,0.26785714285714285,1,1,0,1.0,55,14,41,0.2545454545454545
Chocksy/qc-options-framework,2024-07,treatment,0,2025-03,0,-8.0,1,0,0,0,0,0,0,0,0,0,0,0,0,0,5,246,159,2,0.0,0.0,66.0,4179.0,4182,1,1,1,1,a7e14b0436c9bb305f456b6a2578f54ab749aa9a,63,63,0,ok,1,57,15,42,0.2631578947368421,1,1,0,1.0,56,14,42,0.25
Chocksy/qc-options-framework,2024-08,treatment,0,2025-03,0,-7.0,1,0,0,0,0,0,0,0,0,0,0,0,0,0,18,4116,1083,3,1.0,4.0,97.0,4467.0,5618,1,1,1,1,ac3b7dfbc87ddcf9f1e25f8fe3098df1d2882485,67,67,0,ok,1,60,15,45,0.25,1,1,0,1.0,59,14,45,0.23728813559322035
Chocksy/qc-options-framework,2024-09,treatment,0,2025-03,0,-6.0,1,0,0,0,0,0,0,0,0,0,0,0,0,0,16,1088,608,2,1.0,11.0,128.0,4631.0,5769,1,1,1,1,c4cae7ee5c6730684da47b2c83218111af20e1a1,68,68,0,ok,1,63,15,48,0.23809523809523808,1,1,0,1.0,62,14,48,0.22580645161290322
Chocksy/qc-options-framework,2024-10,treatment,0,2025-03,0,-5.0,0,1,0,0,0,0,0,0,0,0,0,0,0,0,2,46,14,1,0.0,1.0,158.0,4645.0,5783,1,1,1,1,a101728f870ee1a9765e15cabf37e1170bd33e53,68,68,0,ok,1,63,15,48,0.23809523809523808,1,1,0,1.0,62,14,48,0.22580645161290322
Chocksy/qc-options-framework,2024-11,treatment,0,2025-03,0,-4.0,0,0,1,0,0,0,0,0,0,0,0,0,0,0,27,8666,1236,1,1.0,2.0,189.0,9277.0,10504,1,1,1,1,eac11d6d9fdffa581b21cfaf8a24f71639656376,99,99,0,ok,1,128,54,74,0.421875,12,8,4,0.6666666666666666,116,46,70,0.39655172413793105
Chocksy/qc-options-framework,2024-12,treatment,0,2025-03,0,-3.0,0,0,0,1,0,0,0,0,0,0,0,0,0,0,9,316,148,1,0.0,2.0,219.0,9402.0,10635,1,1,1,1,a382960aba410d0af0234db18e653f1ed10634a0,100,100,0,ok,1,131,56,75,0.42748091603053434,12,8,4,0.6666666666666666,119,48,71,0.40336134453781514
Chocksy/qc-options-framework,2025-01,treatment,0,2025-03,0,-2.0,0,0,0,0,1,0,0,0,0,0,0,0,0,0,3,73,7,2,0.0,0.0,250.0,9444.0,10677,1,1,1,1,2c53c7c3c63650bb5ab0ad698321326da37928ad,100,100,0,ok,1,131,56,75,0.42748091603053434,12,8,4,0.6666666666666666,119,48,71,0.40336134453781514
Chocksy/qc-options-framework,2025-03,treatment,1,2025-03,1,0.0,0,0,0,0,0,0,1,0,0,0,0,0,0,1,5,6077,1105,1,3.0,0.0,309.0,9863.0,11117,1,1,1,1,e4ce33d3a1c00a3a017343a5e937ea0bb4e1e522,101,101,0,ok,1,135,58,77,0.42962962962962964,12,8,4,0.6666666666666666,123,50,73,0.4065040650406504
DannyMac180/mirror,2024-12,treatment,1,2024-12,1,0.0,0,0,0,0,0,0,1,0,0,0,0,0,0,1,15,7096,1779,1,8.0,0.0,226.0,3664.0,3261,1,1,1,1,07faea189c83c42cd4cb5361ea41527168d3a377,42,42,0,ok,1,117,39,78,0.3333333333333333,95,34,61,0.35789473684210527,22,5,17,0.22727272727272727
DataDog/integrations-core,2024-01,treatment,0,2025-03,0,-14.0,1,0,0,0,0,0,0,0,0,0,0,0,0,0,235,48568,7872,45,10.0,10.0,2819.0,409310.0,361969,1,1,1,1,3f21b7bd08df0737cb477548d027a7a93f92f1ff,4205,4205,0,ok,1,13102,5497,7605,0.41955426652419475,10620,5022,5598,0.4728813559322034,2482,475,2007,0.19137792103142626
DataDog/integrations-core,2024-02,treatment,0,2025-03,0,-13.0,1,0,0,0,0,0,0,0,0,0,0,0,0,0,199,44603,13161,51,5.0,7.0,2850.0,409208.0,362799,1,1,1,1,1209aff535676d2788511da7ff82444c89640360,4212,4212,0,ok,1,13100,5503,7597,0.4200763358778626,10617,5029,5588,0.47367429594047283,2483,474,2009,0.19089810712847363
DataDog/integrations-core,2024-03,treatment,0,2025-03,0,-12.0,1,0,0,0,0,0,0,0,0,0,0,0,0,0,220,115076,16734,52,16.0,9.0,2879.0,434278.0,369688,1,1,1,1,de516ffa17050c785c973acb4fcbab0a92a4253b,4289,4289,0,ok,1,13340,5640,7700,0.42278860569715143,10810,5153,5657,0.4766882516188714,2530,487,2043,0.1924901185770751
DataDog/integrations-core,2024-04,treatment,0,2025-03,0,-11.0,1,0,0,0,0,0,0,0,0,0,0,0,0,0,110,21104,3587,37,10.0,8.0,2910.0,441517.0,377011,1,1,1,1,6d0b7455cbbd6b6bfc4a6d2a4ad3345d7a3b31ec,4334,4334,0,ok,1,13445,5662,7783,0.4211230940870212,10894,5170,5724,0.47457315953736,2551,492,2059,0.1928655429243434
DataDog/integrations-core,2024-05,treatment,0,2025-03,0,-10.0,1,0,0,0,0,0,0,0,0,0,0,0,0,0,141,29120,3821,45,6.0,6.0,2940.0,447709.0,382729,1,1,1,1,970e957779bbea1ac84e41927e6e0bd9f118f7ba,4380,4380,0,ok,1,13661,5759,7902,0.4215650391625796,11053,5260,5793,0.47588889894146386,2608,499,2109,0.19133435582822086
DataDog/integrations-core,2024-06,treatment,0,2025-03,0,-9.0,1,0,0,0,0,0,0,0,0,0,0,0,0,0,155,13412,4653,44,12.0,5.0,2971.0,449685.0,384743,1,1,1,1,40193a9e2b1b854a8f3b95dd0e7041259f22653d,4383,4383,0,ok,1,13733,5761,7972,0.41950047331245904,11115,5298,5817,0.4766531713900135,2618,463,2155,0.1768525592055004
DataDog/integrations-core,2024-07,treatment,0,2025-03,0,-8.0,1,0,0,0,0,0,0,0,0,0,0,0,0,0,148,108977,6988,53,8.0,5.0,3001.0,506444.0,391612,1,1,1,1,cdbf62d31e3f4f8ab0702b386c32dd06473d95e7,4408,4408,0,ok,1,13850,5805,8045,0.41913357400722023,11211,5340,5871,0.4763179020604763,2639,465,2174,0.17620310723759
DataDog/integrations-core,2024-08,treatment,0,2025-03,0,-7.0,1,0,0,0,0,0,0,0,0,0,0,0,0,0,209,59996,5918,53,21.0,6.0,3032.0,511113.0,396425,1,1,1,1,523c5afc8405d8726f7cf8867bbd5f75a75ce24e,4470,4470,0,ok,1,14014,5893,8121,0.42050806336520624,11335,5422,5913,0.47834142037935595,2679,471,2208,0.17581187010078386
DataDog/integrations-core,2024-09,treatment,0,2025-03,0,-6.0,1,0,0,0,0,0,0,0,0,0,0,0,0,0,171,114966,22299,53,10.0,8.0,3063.0,545858.0,408264,1,1,1,1,c1e85309a37c7c508f41c365f3002708f77f8cbf,4418,4418,0,ok,1,14104,5981,8123,0.4240640952921157,11343,5494,5849,0.48435158247377236,2761,487,2274,0.1763853676204274
DataDog/integrations-core,2024-10,treatment,0,2025-03,0,-5.0,0,1,0,0,0,0,0,0,0,0,0,0,0,0,141,100590,78175,55,12.0,13.0,3093.0,526367.0,388781,1,1,1,1,cbb5fc6a80505309a1b00b37b77d772255490afa,4434,4434,0,ok,1,14164,6001,8163,0.42367975148263204,11397,5509,5888,0.48337281740808985,2767,492,2275,0.17780990242139502
DataDog/integrations-core,2024-11,treatment,0,2025-03,0,-4.0,0,0,1,0,0,0,0,0,0,0,0,0,0,0,128,82686,5126,51,9.0,28.0,3124.0,530105.0,392540,1,1,1,1,c08fd423affb8f7257d8fcb8e9a5afd869681415,4471,4471,0,ok,1,14274,6062,8212,0.4246882443603755,11490,5568,5922,0.4845953002610966,2784,494,2290,0.17744252873563218
DataDog/integrations-core,2024-12,treatment,0,2025-03,0,-3.0,0,0,0,1,0,0,0,0,0,0,0,0,0,0,111,59478,2322,46,10.0,11.0,3154.0,545404.0,396752,1,1,1,1,e6b077a2f4e4526dc00261698d752e7481547e66,4551,4551,0,ok,1,14491,6180,8311,0.42647160306397075,11642,5674,5968,0.48737330355609004,2849,506,2343,0.1776061776061776
DataDog/integrations-core,2025-01,treatment,0,2025-03,0,-2.0,0,0,0,0,1,0,0,0,0,0,0,0,0,0,137,73303,6537,41,10.0,5.0,3185.0,550705.0,401980,1,1,1,1,82c4055486147402d96748c0abd63de6850e83d1,4564,4564,0,ok,1,14587,6212,8375,0.4258586412559128,11720,5705,6015,0.48677474402730375,2867,507,2360,0.17683990233693755
DataDog/integrations-core,2025-02,treatment,0,2025-03,0,-1.0,0,0,0,0,0,1,0,0,0,0,0,0,0,0,153,97879,4721,48,28.0,13.0,3216.0,551182.0,402468,1,1,1,1,c3628b5ded79e88ab572dfd7bac6e5c1cd91f1d8,4575,4575,0,ok,1,14633,6244,8389,0.42670675869609787,11760,5736,6024,0.48775510204081635,2873,508,2365,0.1768186564566655
DataDog/integrations-core,2025-03,treatment,1,2025-03,1,0.0,0,0,0,0,0,0,1,0,0,0,0,0,0,1,149,55897,6165,61,9.0,8.0,3244.0,554804.0,405951,1,1,1,1,67cf3ad93e6873944bcdbd153c7305b03c2f51d4,4424,4424,0,ok,1,14816,6326,8490,0.4269708423326134,11898,5801,6097,0.487560934610859,2918,525,2393,0.17991775188485265
DataDog/integrations-core,2025-04,treatment,1,2025-03,1,1.0,0,0,0,0,0,0,0,1,0,0,0,0,0,1,154,46834,3096,61,10.0,15.0,3275.0,554848.0,407725,1,1,1,1,fe4697fca14149122b2d992e53f8a0396755ebff,4441,4441,0,ok,1,14897,6367,8530,0.4274014902329328,11965,5841,6124,0.48817384036773925,2932,526,2406,0.17939972714870395
DataDog/integrations-core,2025-05,treatment,1,2025-03,1,2.0,0,0,0,0,0,0,0,0,1,0,0,0,0,1,162,116050,8249,59,9.0,12.0,3305.0,563812.0,414875,1,1,1,1,1c924825332db0360a98ffc39e7c9d87618d66aa,4497,4497,0,ok,1,15160,6423,8737,0.4236807387862797,12191,5889,6302,0.48306127471085225,2969,534,2435,0.1798585382283597
DataDog/integrations-core,2025-06,treatment,1,2025-03,1,3.0,0,0,0,0,0,0,0,0,0,1,0,0,0,1,142,79085,9677,70,5.0,5.0,3336.0,567619.0,418818,1,1,1,1,f9f78ed17fce4bcd63e24aaa39a9e47dddbd7f4f,4571,4571,0,ok,1,15390,6541,8849,0.4250162443144899,12376,6003,6373,0.48505171299288946,3014,538,2476,0.17850033178500332
DataDog/integrations-core,2025-07,treatment,1,2025-03,1,4.0,0,0,0,0,0,0,0,0,0,0,1,0,0,1,173,103880,19789,57,6.0,4.0,3366.0,573689.0,424945,1,1,1,1,26abd13d37aca13903e1cf8e64b1f0f0959630f6,4620,4620,0,ok,1,15594,6638,8956,0.4256765422598435,12545,6096,6449,0.4859306496612196,3049,542,2507,0.17776320104952442
DataDog/integrations-core,2025-08,treatment,1,2025-03,1,5.0,0,0,0,0,0,0,0,0,0,0,0,1,0,0,169,93802,37434,71,3.0,6.0,3397.0,577198.0,428498,1,1,1,1,af4afd423a8cce60bcaf879e543f1b696e3f0caa,4627,4627,0,ok,1,15693,6665,9028,0.4247116548779711,12628,6119,6509,0.48455812480202726,3065,546,2519,0.17814029363784667
DataScienceUIBK/Rankify,2025-02,treatment,0,2025-03,0,-1.0,0,0,0,0,0,1,0,0,0,0,0,0,0,0,79,9035,5653,4,156.0,0.0,0.0,22795.0,27511,1,1,1,1,5a3d11e41492d15c2bbf8d16217f544f60b5f6cc,246,246,0,ok,1,531,72,459,0.13559322033898305,236,44,192,0.1864406779661017,295,28,267,0.09491525423728814
DataScienceUIBK/Rankify,2025-03,treatment,1,2025-03,1,0.0,0,0,0,0,0,0,1,0,0,0,0,0,0,1,47,4648,2673,3,158.0,4.0,19.0,24047.0,28834,1,1,1,1,fff4134bd4fd10772e43803fd24c18cb86736b8a,252,252,0,ok,1,535,73,462,0.13644859813084112,236,44,192,0.1864406779661017,299,29,270,0.09698996655518395
DataScienceUIBK/Rankify,2025-04,treatment,1,2025-03,1,1.0,0,0,0,0,0,0,0,1,0,0,0,0,0,0,22,276,83,3,113.0,1.0,50.0,24149.0,28970,1,1,1,1,ef3650b84cb9b1433299a9aea5bf84faba715d23,253,253,0,ok,1,535,73,462,0.13644859813084112,236,44,192,0.1864406779661017,299,29,270,0.09698996655518395
DataScienceUIBK/Rankify,2025-05,treatment,1,2025-03,1,2.0,0,0,0,0,0,0,0,0,1,0,0,0,0,0,37,5551,839,4,20.0,3.0,80.0,25125.0,30132,1,1,1,1,886291a6ef7caceeee9ae757d5ee9bf4c70629e8,286,286,0,ok,1,570,83,487,0.1456140350877193,248,49,199,0.1975806451612903,322,34,288,0.10559006211180125
DataScienceUIBK/Rankify,2025-06,treatment,1,2025-03,1,3.0,0,0,0,0,0,0,0,0,0,1,0,0,0,0,76,29160,7807,8,12.0,1.0,111.0,29732.0,35237,1,1,1,1,ccc4e8c4c16485446c0878c8149857a22c7b3fa0,329,329,0,ok,1,632,93,539,0.14715189873417722,284,59,225,0.20774647887323944,348,34,314,0.09770114942528736
DataScienceUIBK/Rankify,2025-07,treatment,1,2025-03,1,4.0,0,0,0,0,0,0,0,0,0,0,1,0,0,0,7,2649417,1064,3,8.0,0.0,141.0,30155.0,35534,1,1,1,1,0bcd01d816331727b1598306362a5449934f0982,331,331,0,ok,1,633,93,540,0.14691943127962084,284,59,225,0.20774647887323944,349,34,315,0.09742120343839542
DataScienceUIBK/Rankify,2025-08,treatment,1,2025-03,1,5.0,0,0,0,0,0,0,0,0,0,0,0,1,0,0,40,3130,2648080,4,7.0,0.0,172.0,30092.0,35916,1,1,1,1,8e604d0b889aff847e4a897a8d07bccb61fb3550,332,332,0,ok,1,632,92,540,0.14556962025316456,284,59,225,0.20774647887323944,348,33,315,0.09482758620689655
Elevate-Code/better-voice-typing,2024-10,treatment,1,2024-10,1,0.0,0,0,0,0,0,0,1,0,0,0,0,0,0,1,1,0,0,1,0.0,0.0,0.0,305.0,342,1,1,1,1,564b5339660fc620ca21e7e2a7b6cb507fea77cb,8,8,0,ok,1,12,5,7,0.4166666666666667,9,4,5,0.4444444444444444,3,1,2,0.3333333333333333
Elevate-Code/better-voice-typing,2024-11,treatment,1,2024-10,1,1.0,0,0,0,0,0,0,0,1,0,0,0,0,0,1,12,2001,1726,1,4.0,0.0,0.0,1112.0,1194,1,1,1,1,a58e01b461c249d902a0a38b44b278840cc0d3b8,13,13,0,ok,1,38,10,28,0.2631578947368421,30,8,22,0.26666666666666666,8,2,6,0.25
Elevate-Code/better-voice-typing,2024-12,treatment,1,2024-10,1,2.0,0,0,0,0,0,0,0,0,1,0,0,0,0,0,1,1,0,1,4.0,0.0,18.0,1112.0,1194,1,1,1,1,691e5ea7b6e251066e26fcb732477e5536324de5,13,13,0,ok,1,38,10,28,0.2631578947368421,30,8,22,0.26666666666666666,8,2,6,0.25
Elevate-Code/better-voice-typing,2025-01,treatment,1,2024-10,1,3.0,0,0,0,0,0,0,0,0,0,1,0,0,0,0,1,52,7,1,7.0,0.0,49.0,1122.0,1207,1,1,1,1,11a9aff4a987035c54db1819a6499b693fe22527,13,13,0,ok,1,38,10,28,0.2631578947368421,30,8,22,0.26666666666666666,8,2,6,0.25
Elevate-Code/better-voice-typing,2025-02,treatment,1,2024-10,1,4.0,0,0,0,0,0,0,0,0,0,0,1,0,0,0,2,66,20,1,8.0,1.0,80.0,1161.0,1236,1,1,1,1,4ad5bb35383da1aac343d657bee5678e600963f6,13,13,0,ok,1,38,10,28,0.2631578947368421,30,8,22,0.26666666666666666,8,2,6,0.25
Elevate-Code/better-voice-typing,2025-03,treatment,1,2024-10,1,5.0,0,0,0,0,0,0,0,0,0,0,0,1,0,1,5,710,404,1,8.0,1.0,108.0,1139.0,1189,1,1,1,1,2fb4137106d569616cdd58bd61a7b35acdd04ff1,12,12,0,ok,1,38,11,27,0.2894736842105263,30,9,21,0.3,8,2,6,0.25
Elevate-Code/better-voice-typing,2025-06,treatment,1,2024-10,1,8.0,0,0,0,0,0,0,0,0,0,0,0,0,1,1,6,1380,223,1,5.0,0.0,200.0,1555.0,1688,1,1,1,1,b2c1fb94b85d91156f3d63587812a0ff1b644e51,16,16,0,ok,1,51,17,34,0.3333333333333333,40,14,26,0.35,11,3,8,0.2727272727272727
Elevate-Code/better-voice-typing,2025-07,treatment,1,2024-10,1,9.0,0,0,0,0,0,0,0,0,0,0,0,0,1,0,7,467,138,1,3.0,6.0,230.0,1691.0,1843,1,1,1,1,b346834d9ba6d8c69f92d86158cf2b8ee6b4084d,16,16,0,ok,1,52,16,36,0.3076923076923077,41,13,28,0.3170731707317073,11,3,8,0.2727272727272727
Elevate-Code/better-voice-typing,2025-08,treatment,1,2024-10,1,10.0,0,0,0,0,0,0,0,0,0,0,0,0,1,0,2,486,227,1,,,,,2004,0,1,0,0,5233de084ce33a7b791b053561d57fc58fd81781,17,17,0,ok,1,53,15,38,0.2830188679245283,41,12,29,0.2926829268292683,12,3,9,0.25
Hankanman/Area-Occupancy-Detection,2024-11,treatment,0,2024-12,0,-1.0,0,0,0,0,0,1,0,0,0,0,0,0,0,0,43,13664,7720,2,3.0,0.0,0.0,2055.0,2195,1,1,1,1,6885f16d3e6247d30bdadd90b957bbad5bb60eeb,14,14,0,ok,1,45,6,39,0.13333333333333333,20,1,19,0.05,25,5,20,0.2
Hankanman/Area-Occupancy-Detection,2024-12,treatment,1,2024-12,1,0.0,0,0,0,0,0,0,1,0,0,0,0,0,0,1,144,31582,28221,2,44.0,18.0,5.0,2764.0,2962,1,1,1,1,7e137f74827455c32fa64b1d2e79fa73c95694d9,19,19,0,ok,1,65,14,51,0.2153846153846154,34,5,29,0.14705882352941177,31,9,22,0.2903225806451613
Hankanman/Area-Occupancy-Detection,2025-02,treatment,1,2024-12,1,2.0,0,0,0,0,0,0,0,0,1,0,0,0,0,0,7,3084,2128,1,0.0,2.0,67.0,3280.0,3498,1,1,1,1,f2fecb8f98eeea0475eaf694639998f0162ef62a,22,22,0,ok,1,82,19,63,0.23170731707317074,47,8,39,0.1702127659574468,35,11,24,0.3142857142857143
Hankanman/Area-Occupancy-Detection,2025-03,treatment,1,2024-12,1,3.0,0,0,0,0,0,0,0,0,0,1,0,0,0,0,8,4239,2505,2,0.0,1.0,95.0,3280.0,4155,1,1,1,1,7c6e1b00e1163b66672f82dc43bbb05a4edeb355,24,24,0,ok,1,88,25,63,0.2840909090909091,49,10,39,0.20408163265306123,39,15,24,0.38461538461538464
Hankanman/Area-Occupancy-Detection,2025-04,treatment,1,2024-12,1,4.0,0,0,0,0,0,0,0,0,0,0,1,0,0,1,81,30102,15525,2,4.0,10.0,126.0,7639.0,8488,1,1,1,1,00170790d87bf4c96a152db012307fcf2f96d907,37,37,0,ok,1,234,52,182,0.2222222222222222,174,26,148,0.14942528735632185,60,26,34,0.43333333333333335
Hankanman/Area-Occupancy-Detection,2025-05,treatment,1,2024-12,1,5.0,0,0,0,0,0,0,0,0,0,0,0,1,0,1,18,4922,2725,2,16.0,8.0,156.0,7697.0,8525,1,1,1,1,e9376dba4dacbd5768081e174a2fd06c612e195b,32,32,0,ok,1,222,42,180,0.1891891891891892,175,22,153,0.12571428571428572,47,20,27,0.425531914893617
Hankanman/Area-Occupancy-Detection,2025-06,treatment,1,2024-12,1,6.0,0,0,0,0,0,0,0,0,0,0,0,0,1,1,136,96517,63738,3,2.0,0.0,187.0,12817.0,13880,1,1,1,1,f58755cc8f73b85fb26ebf5e1b94c4a542457636,42,42,0,ok,1,255,40,215,0.1568627450980392,113,26,87,0.23008849557522124,142,14,128,0.09859154929577464
Hankanman/Area-Occupancy-Detection,2025-07,treatment,1,2024-12,1,7.0,0,0,0,0,0,0,0,0,0,0,0,0,1,0,141,44597,37764,3,2.0,6.0,217.0,14210.0,15426,1,1,1,1,0d02b4e4a8a0ab050ac2516d063354f9306cc0b4,44,44,0,ok,1,301,51,250,0.16943521594684385,151,37,114,0.24503311258278146,150,14,136,0.09333333333333334
Hankanman/Area-Occupancy-Detection,2025-08,treatment,1,2024-12,1,8.0,0,0,0,0,0,0,0,0,0,0,0,0,1,0,57,27296,37906,3,4.0,6.0,248.0,12472.0,13883,1,1,1,1,e59ebed0b7f06287d1e5daab27d7fa9786a6fdc4,40,40,0,ok,1,266,55,211,0.20676691729323307,159,44,115,0.27672955974842767,107,11,96,0.102803738317757
Kiln-AI/Kiln,2024-08,treatment,0,2025-01,0,-5.0,0,1,0,0,0,0,0,0,0,0,0,0,0,0,160,9596,1499,2,0.0,0.0,0.0,1021.0,940,1,1,1,1,003cb0935ee0a1fdd94258344d5d6246e4bbcc39,16,16,0,ok,1,80,25,55,0.3125,63,18,45,0.2857142857142857,17,7,10,0.4117647058823529
Kiln-AI/Kiln,2024-09,treatment,0,2025-01,0,-4.0,0,0,1,0,0,0,0,0,0,0,0,0,0,0,58,4016,1297,2,0.0,0.0,0.0,2763.0,2696,1,1,1,1,bf9e65a4268090cb17f0bc55759d397114c411f0,27,27,0,ok,1,168,37,131,0.22023809523809523,134,26,108,0.19402985074626866,34,11,23,0.3235294117647059
Kiln-AI/Kiln,2024-10,treatment,0,2025-01,0,-3.0,0,0,0,1,0,0,0,0,0,0,0,0,0,0,306,46885,14728,2,2.0,0.0,0.0,7954.0,7342,1,1,1,1,8f605e1872b0a323d7bcf48be7e84528eb5d4680,58,58,0,ok,1,427,96,331,0.22482435597189696,369,79,290,0.2140921409214092,58,17,41,0.29310344827586204
Kiln-AI/Kiln,2024-11,treatment,0,2025-01,0,-2.0,0,0,0,0,1,0,0,0,0,0,0,0,0,0,238,23224,3121,2,39.0,14.0,6.0,12971.0,12267,1,1,1,1,46cbfac54080ec7c17303d22ac3ab04f9fc11ca3,80,80,0,ok,1,660,151,509,0.2287878787878788,571,125,446,0.21891418563922943,89,26,63,0.29213483146067415
Kiln-AI/Kiln,2024-12,treatment,0,2025-01,0,-1.0,0,0,0,0,0,1,0,0,0,0,0,0,0,0,189,29627,4455,4,47.0,19.0,36.0,16617.0,15947,1,1,1,1,f23f125dc468860999abeebe36c2b7c8a8ff5033,87,87,0,ok,1,827,167,660,0.20193470374848851,732,140,592,0.1912568306010929,95,27,68,0.28421052631578947
Kiln-AI/Kiln,2025-01,treatment,1,2025-01,1,0.0,0,0,0,0,0,0,1,0,0,0,0,0,0,1,111,6877,2338,6,665.0,29.0,67.0,18135.0,17519,1,1,1,1,f9c319fcb18c8e99ee60ab3c63af64aef9d76587,101,101,0,ok,1,897,189,708,0.21070234113712374,791,160,631,0.202275600505689,106,29,77,0.27358490566037735
Kiln-AI/Kiln,2025-02,treatment,1,2025-01,1,1.0,0,0,0,0,0,0,0,1,0,0,0,0,0,1,247,42187,11148,4,1957.0,48.0,98.0,25165.0,24720,1,1,1,1,19d3c934771e762e031503d6a69625560bb990d4,136,136,0,ok,1,1186,244,942,0.2057335581787521,1038,202,836,0.19460500963391136,148,42,106,0.28378378378378377
Kiln-AI/Kiln,2025-03,treatment,1,2025-01,1,2.0,0,0,0,0,0,0,0,0,1,0,0,0,0,1,172,27697,8362,4,289.0,17.0,126.0,28044.0,27666,1,1,1,1,3ffe3c317febc7255c5bb8502c3e87839b3b3b43,139,139,0,ok,1,1279,262,1017,0.20484753713838938,1121,214,907,0.19090098126672614,158,48,110,0.3037974683544304
Kiln-AI/Kiln,2025-04,treatment,1,2025-01,1,3.0,0,0,0,0,0,0,0,0,0,1,0,0,0,0,108,10998,2953,4,124.0,11.0,157.0,29931.0,29426,1,1,1,1,39423a96b59cba8c650cf807d6cfd7472e59ac38,141,141,0,ok,1,1333,269,1064,0.20180045011252815,1173,220,953,0.1875532821824382,160,49,111,0.30625
Kiln-AI/Kiln,2025-05,treatment,1,2025-01,1,4.0,0,0,0,0,0,0,0,0,0,0,1,0,0,1,180,19780,4559,5,101.0,8.0,187.0,33712.0,32734,1,1,1,1,2e335295e5b45762838ecebd9a09dcbdb70f3c35,145,145,0,ok,1,1435,284,1151,0.19790940766550522,1261,229,1032,0.18160190325138778,174,55,119,0.3160919540229885
Kiln-AI/Kiln,2025-06,treatment,1,2025-01,1,5.0,0,0,0,0,0,0,0,0,0,0,0,1,0,1,317,33217,11744,5,170.0,4.0,218.0,35833.0,34441,1,1,1,1,d1b131ca42c7ebb995731d63754a8829e72f0bd2,152,152,0,ok,1,1490,292,1198,0.1959731543624161,1305,236,1069,0.18084291187739462,185,56,129,0.3027027027027027
Kiln-AI/Kiln,2025-07,treatment,1,2025-01,1,6.0,0,0,0,0,0,0,0,0,0,0,0,0,1,1,337,65576,16036,7,87.0,6.0,248.0,39255.0,35860,1,1,1,1,f829026e6c9b974636554b85ad973b4f074d3c96,155,155,0,ok,1,1540,293,1247,0.19025974025974027,1349,235,1114,0.17420311341734618,191,58,133,0.3036649214659686
Kiln-AI/Kiln,2025-08,treatment,1,2025-01,1,7.0,0,0,0,0,0,0,0,0,0,0,0,0,1,1,415,125629,40777,10,50.0,6.0,279.0,41656.0,38255,1,1,1,1,315777c3f26303453773d154dbe9c11533c7615f,157,157,0,ok,1,1616,298,1318,0.1844059405940594,1424,241,1183,0.16924157303370788,192,57,135,0.296875
KroMiose/nekro-agent,2024-07,treatment,0,2025-01,0,-6.0,1,0,0,0,0,0,0,0,0,0,0,0,0,0,7,2085,1169,1,0.0,0.0,0.0,2132.0,2347,1,1,1,1,348a85df3e501954ecc2b43aef91a30f841ed680,51,51,0,ok,1,111,34,77,0.3063063063063063,75,19,56,0.25333333333333335,36,15,21,0.4166666666666667
KroMiose/nekro-agent,2024-08,treatment,0,2025-01,0,-5.0,0,1,0,0,0,0,0,0,0,0,0,0,0,0,35,5745,3158,2,12.0,0.0,0.0,2583.0,2805,1,1,1,1,2e099e67991eb9c4bab9506c7ec34b0f1c3cb8ea,52,52,0,ok,1,129,36,93,0.27906976744186046,89,20,69,0.2247191011235955,40,16,24,0.4
KroMiose/nekro-agent,2024-09,treatment,0,2025-01,0,-4.0,0,0,1,0,0,0,0,0,0,0,0,0,0,0,49,2404,311,1,21.0,1.0,18.0,3435.0,3717,1,1,1,1,ada6a769454ba9221c16029ee37df6b675fd9302,61,61,0,ok,1,156,39,117,0.25,111,23,88,0.2072072072072072,45,16,29,0.35555555555555557
KroMiose/nekro-agent,2024-10,treatment,0,2025-01,0,-3.0,0,0,0,1,0,0,0,0,0,0,0,0,0,0,23,517,178,3,17.0,3.0,48.0,3599.0,3882,1,1,1,1,eb4640166ccb8256b3b96c7cd15f7a34a6812f60,61,61,0,ok,1,157,39,118,0.2484076433121019,112,23,89,0.20535714285714285,45,16,29,0.35555555555555557
KroMiose/nekro-agent,2024-11,treatment,0,2025-01,0,-2.0,0,0,0,0,1,0,0,0,0,0,0,0,0,0,12,1291,81,1,13.0,1.0,79.0,3657.0,3942,1,1,1,1,f40ec329b0d37ca7d1c4fabb60b311c6b05e6904,61,61,0,ok,1,157,40,117,0.25477707006369427,112,23,89,0.20535714285714285,45,17,28,0.37777777777777777
KroMiose/nekro-agent,2024-12,treatment,0,2025-01,0,-1.0,0,0,0,0,0,1,0,0,0,0,0,0,0,0,60,3469,1484,2,13.0,1.0,109.0,4727.0,5216,1,1,1,1,30ea537a8f83516b8c9e45f0443defda81ee7bda,86,86,0,ok,1,223,65,158,0.2914798206278027,134,27,107,0.20149253731343283,89,38,51,0.42696629213483145
KroMiose/nekro-agent,2025-01,treatment,1,2025-01,1,0.0,0,0,0,0,0,0,1,0,0,0,0,0,0,1,115,17923,8049,2,22.0,3.0,140.0,9548.0,6738,1,1,1,1,0dddb329bcbcd7893076ca1f26529387a2995f8d,98,98,0,ok,1,267,74,193,0.27715355805243447,171,34,137,0.19883040935672514,96,40,56,0.4166666666666667
KroMiose/nekro-agent,2025-02,treatment,1,2025-01,1,1.0,0,0,0,0,0,0,0,1,0,0,0,0,0,1,119,18867,5878,6,31.0,19.0,171.0,17859.0,9630,1,1,1,1,5a8b6c1815b940ab9821be0682b8117b71fc50fe,121,121,0,ok,1,357,93,264,0.2605042016806723,246,51,195,0.2073170731707317,111,42,69,0.3783783783783784
KroMiose/nekro-agent,2025-03,treatment,1,2025-01,1,2.0,0,0,0,0,0,0,0,0,1,0,0,0,0,0,14,883,420,3,67.0,4.0,199.0,18140.0,9901,1,1,1,1,d0c8b4743f456b9fabef664d3b5942e2ea77fb75,123,123,0,ok,1,363,93,270,0.256198347107438,251,51,200,0.20318725099601595,112,42,70,0.375
KroMiose/nekro-agent,2025-04,treatment,1,2025-01,1,3.0,0,0,0,0,0,0,0,0,0,1,0,0,0,1,67,25032,11229,4,38.0,8.0,230.0,28021.0,14040,1,1,1,1,c628a8a9fff13795c163ef97cda5b6a3144b2062,130,130,0,ok,1,512,105,407,0.205078125,360,60,300,0.16666666666666666,152,45,107,0.29605263157894735
KroMiose/nekro-agent,2025-05,treatment,1,2025-01,1,4.0,0,0,0,0,0,0,0,0,0,0,1,0,0,1,47,22693,8016,4,55.0,2.0,260.0,40244.0,15576,1,1,1,1,042d1ff54c527988693b2f18eb6d42c1224d4d16,136,136,0,ok,1,537,109,428,0.20297951582867785,378,62,316,0.164021164021164,159,47,112,0.29559748427672955
KroMiose/nekro-agent,2025-06,treatment,1,2025-01,1,5.0,0,0,0,0,0,0,0,0,0,0,0,1,0,1,6,23269,8871,4,33.0,3.0,291.0,47994.0,22554,1,1,1,1,6b4ea2a856abd9f496ccab2646ac42f7abf16854,181,181,0,ok,1,695,116,579,0.1669064748201439,448,58,390,0.12946428571428573,247,58,189,0.23481781376518218
KroMiose/nekro-agent,2025-07,treatment,1,2025-01,1,6.0,0,0,0,0,0,0,0,0,0,0,0,0,1,0,17,7281,682,3,42.0,11.0,321.0,51529.0,26141,1,1,1,1,4734ce73a8a08b2296d1c97ba431ac4dff468cb1,196,196,0,ok,1,750,120,630,0.16,474,57,417,0.12025316455696203,276,63,213,0.22826086956521738
KroMiose/nekro-agent,2025-08,treatment,1,2025-01,1,7.0,0,0,0,0,0,0,0,0,0,0,0,0,1,1,33,2706,1745,4,82.0,6.0,352.0,52194.0,26541,1,1,1,1,d4d687ca32e2906fbb219d3a1aa0018ae7554480,198,198,0,ok,1,755,122,633,0.16158940397350993,478,58,420,0.12133891213389121,277,64,213,0.23104693140794225
LearningCircuit/local-deep-research,2025-02,treatment,0,2025-03,0,-1.0,0,0,0,0,0,1,0,0,0,0,0,0,0,0,58,14295,1476,5,84.0,2.0,0.0,3513.0,1380,1,1,1,1,fd04ea7956044131903c5d9917c7b64fe285d878,8,8,0,ok,1,31,6,25,0.1935483870967742,27,6,21,0.2222222222222222,4,0,4,0.0
LearningCircuit/local-deep-research,2025-03,treatment,1,2025-03,1,0.0,0,0,0,0,0,0,1,0,0,0,0,0,0,1,377,167162,74409,12,1685.0,57.0,19.0,12126.0,11665,1,1,1,1,534b12017b9b8db8d6831f3dbd4d4588ddbffe86,63,63,0,ok,1,188,65,123,0.34574468085106386,151,56,95,0.3708609271523179,37,9,28,0.24324324324324326
LearningCircuit/local-deep-research,2025-04,treatment,1,2025-03,1,1.0,0,0,0,0,0,0,0,1,0,0,0,0,0,0,225,148688,51142,7,282.0,51.0,50.0,19291.0,16071,1,1,1,1,3c52fac5a154ac340d8e9bc9180fd916540d070b,96,96,0,ok,1,218,72,146,0.3302752293577982,166,60,106,0.3614457831325301,52,12,40,0.23076923076923078
LearningCircuit/local-deep-research,2025-05,treatment,1,2025-03,1,2.0,0,0,0,0,0,0,0,0,1,0,0,0,0,0,222,97620,27494,5,441.0,64.0,80.0,29156.0,27873,1,1,1,1,59767f6f15c60ce02993c67edd97c95c0c762549,171,171,0,ok,1,406,107,299,0.26354679802955666,326,90,236,0.27607361963190186,80,17,63,0.2125
LearningCircuit/local-deep-research,2025-06,treatment,1,2025-03,1,3.0,0,0,0,0,0,0,0,0,0,1,0,0,0,0,285,311435,45542,11,198.0,28.0,111.0,91226.0,78768,1,1,1,1,a725bf4b3944d348c441777ba758de442bc7015e,413,413,0,ok,1,1065,202,863,0.18967136150234742,744,166,578,0.22311827956989247,321,36,285,0.11214953271028037
LearningCircuit/local-deep-research,2025-07,treatment,1,2025-03,1,4.0,0,0,0,0,0,0,0,0,0,0,1,0,0,0,196,282854,65204,5,78.0,10.0,141.0,126063.0,99392,1,1,1,1,de91a597f2851a551ec95f969e64d20910db8869,513,513,0,ok,1,1306,257,1049,0.19678407350689128,872,210,662,0.2408256880733945,434,47,387,0.10829493087557604
LearningCircuit/local-deep-research,2025-08,treatment,1,2025-03,1,5.0,0,0,0,0,0,0,0,0,0,0,0,1,0,0,350,348277,78229,7,76.0,41.0,172.0,137472.0,108988,1,1,1,1,7b8114f313911b4fb080943cab20026940c092b3,568,568,0,ok,1,1451,271,1180,0.18676774638180565,950,219,731,0.2305263157894737,501,52,449,0.10379241516966067
MDGrey33/pyvisionai,2024-11,treatment,0,2025-01,0,-2.0,0,0,0,0,1,0,0,0,0,0,0,0,0,0,14,2203,1689,2,0.0,0.0,0.0,298.0,301,1,1,1,1,5de5bb849743946bd1d9c9e952553c9169c80763,6,6,0,ok,1,31,15,16,0.4838709677419355,31,15,16,0.4838709677419355,0,0,0,
MDGrey33/pyvisionai,2024-12,treatment,0,2025-01,0,-1.0,0,0,0,0,0,1,0,0,0,0,0,0,0,0,12,549,227,2,0.0,0.0,0.0,424.0,488,1,1,1,1,5a152034b3e647e846b4194403e26ab8938d38dc,9,9,0,ok,1,34,18,16,0.5294117647058824,32,18,14,0.5625,2,0,2,0.0
MDGrey33/pyvisionai,2025-01,treatment,1,2025-01,1,0.0,0,0,0,0,0,0,1,0,0,0,0,0,0,1,106,13590,6100,2,24.0,30.0,0.0,4061.0,4382,1,1,1,1,d8734a74c827d45abd29ea748b738afb2499b512,49,49,0,ok,1,157,30,127,0.1910828025477707,130,18,112,0.13846153846153847,27,12,15,0.4444444444444444
MDGrey33/pyvisionai,2025-02,treatment,1,2025-01,1,1.0,0,0,0,0,0,0,0,1,0,0,0,0,0,1,10,2854,564,1,37.0,2.0,25.0,5101.0,5536,1,1,1,1,da23f86e12e6576f5f65bf39f32f424896d853b3,56,56,0,ok,1,188,36,152,0.19148936170212766,153,23,130,0.1503267973856209,35,13,22,0.37142857142857144
MDGrey33/pyvisionai,2025-06,treatment,1,2025-01,1,5.0,0,0,0,0,0,0,0,0,0,0,0,1,0,0,2,4208,294,1,2.0,0.0,145.0,6155.0,6670,1,1,1,1,e01328ba91c79b2139aafd17c85cc26f6753fa89,59,59,0,ok,1,217,43,174,0.19815668202764977,172,29,143,0.1686046511627907,45,14,31,0.3111111111111111
MDGrey33/pyvisionai,2025-07,treatment,1,2025-01,1,6.0,0,0,0,0,0,0,0,0,0,0,0,0,1,0,3,1873,36,1,0.0,1.0,175.0,7129.0,7704,1,1,1,1,cc125c05100115df578cbcdf0da4e57778e423aa,63,63,0,ok,1,235,44,191,0.18723404255319148,188,30,158,0.1595744680851064,47,14,33,0.2978723404255319
Mineru98/mysql-mcp-server,2025-03,treatment,1,2025-03,1,0.0,0,0,0,0,0,0,1,0,0,0,0,0,0,1,62,4696,1493,2,16.0,4.0,0.0,2043.0,1164,1,1,1,1,e183dda6defcde596631e6cf1d5764c988a043f2,17,17,0,ok,1,22,6,16,0.2727272727272727,17,4,13,0.23529411764705882,5,2,3,0.4
Multi-V-VM/MVVM,2024-01,treatment,0,2025-03,0,-14.0,1,0,0,0,0,0,0,0,0,0,0,0,0,0,48,7987,4432,4,2.0,0.0,391.0,1620.0,610,1,1,1,1,d6aacc68676c35fd30d38faa331108e95b9b4a46,17,17,0,ok,1,35,12,23,0.34285714285714286,35,12,23,0.34285714285714286,0,0,0,
Multi-V-VM/MVVM,2024-02,treatment,0,2025-03,0,-13.0,1,0,0,0,0,0,0,0,0,0,0,0,0,0,49,12210,86213,3,1.0,0.0,422.0,2467.0,3601,1,1,1,1,dd3d951795c16fe44ab1a74c8dff9e10c26c3541,17,17,0,ok,1,100,23,77,0.23,100,23,77,0.23,0,0,0,
Multi-V-VM/MVVM,2024-03,treatment,0,2025-03,0,-12.0,1,0,0,0,0,0,0,0,0,0,0,0,0,0,20,6878,3041,2,1.0,0.0,451.0,4894.0,4883,1,1,1,1,7a58ca9df60eef3c2dd949d40fd44473a0a3d688,20,20,0,ok,1,132,26,106,0.19696969696969696,132,26,106,0.19696969696969696,0,0,0,
Multi-V-VM/MVVM,2024-04,treatment,0,2025-03,0,-11.0,1,0,0,0,0,0,0,0,0,0,0,0,0,0,10,1973,531,2,0.0,0.0,482.0,5630.0,5620,1,1,1,1,36d59d5d58626a1577b474aca355cc73ce931e23,23,23,0,ok,1,155,29,126,0.1870967741935484,146,29,117,0.19863013698630136,9,0,9,0.0
Multi-V-VM/MVVM,2024-05,treatment,0,2025-03,0,-10.0,1,0,0,0,0,0,0,0,0,0,0,0,0,0,8,322489,294721,2,3.0,1.0,512.0,5894.0,5884,1,1,1,1,5cbd8c8fc5ff9509d0df1d014fba4bf8bcdb9acf,24,24,0,ok,1,169,34,135,0.20118343195266272,169,34,135,0.20118343195266272,0,0,0,
Multi-V-VM/MVVM,2024-12,treatment,0,2025-03,0,-3.0,0,0,0,1,0,0,0,0,0,0,0,0,0,0,9,1109924,760,2,0.0,0.0,726.0,7063.0,7073,1,1,1,1,c4d81657db9385ae238e8985da2fcf387fd7a5a9,33,33,0,ok,1,204,42,162,0.20588235294117646,200,40,160,0.2,4,2,2,0.5
Multi-V-VM/MVVM,2025-03,treatment,1,2025-03,1,0.0,0,0,0,0,0,0,1,0,0,0,0,0,0,1,9,1141426,2081,2,8.0,0.0,816.0,7300.0,7746,1,1,1,1,f456d539ee60292051196e9fd5740f15e99882c1,35,35,0,ok,1,225,43,182,0.19111111111111112,212,41,171,0.19339622641509435,13,2,11,0.15384615384615385
Multi-V-VM/MVVM,2025-06,treatment,1,2025-03,1,3.0,0,0,0,0,0,0,0,0,0,1,0,0,0,0,3,8698,730,1,0.0,0.0,908.0,7300.0,7746,1,1,1,1,455d90d1d94a0da1064edc98bf909de3ceaf271d,35,35,0,ok,1,225,43,182,0.19111111111111112,212,41,171,0.19339622641509435,13,2,11,0.15384615384615385
Multi-V-VM/MVVM,2025-07,treatment,1,2025-03,1,4.0,0,0,0,0,0,0,0,0,0,0,1,0,0,0,11,13017,4328,3,1.0,0.0,938.0,7300.0,7746,1,1,1,1,993e036efe871d117bdcfd14246a69f407fc5ef6,35,35,0,ok,1,225,43,182,0.19111111111111112,212,41,171,0.19339622641509435,13,2,11,0.15384615384615385
Ody-Z/Trading_Game_Simulator,2025-02,treatment,1,2025-02,1,0.0,0,0,0,0,0,0,1,0,0,0,0,0,0,1,4,37,57,1,28.0,0.0,0.0,599.0,623,1,1,1,1,50bbbe078988b2f37720c247a12d2a8368e3e283,8,8,0,ok,1,9,1,8,0.1111111111111111,2,1,1,0.5,7,0,7,0.0
OpenMOSS/Language-Model-SAEs,2024-03,treatment,0,2024-12,0,-9.0,1,0,0,0,0,0,0,0,0,0,0,0,0,0,110,24509,3792,7,0.0,0.0,0.0,4281.0,2353,1,1,1,1,8dc3a600be9da11476d51892ee9682b545088d25,34,34,0,ok,1,74,18,56,0.24324324324324326,54,16,38,0.2962962962962963,20,2,18,0.1
OpenMOSS/Language-Model-SAEs,2024-04,treatment,0,2024-12,0,-8.0,1,0,0,0,0,0,0,0,0,0,0,0,0,0,37,4019,2418,4,1.0,0.0,0.0,5652.0,3015,1,1,1,1,b9f86bc0d7f488cf37dd7eae087291c988b8ffcd,34,34,0,ok,1,88,15,73,0.17045454545454544,63,11,52,0.1746031746031746,25,4,21,0.16
OpenMOSS/Language-Model-SAEs,2024-05,treatment,0,2024-12,0,-7.0,1,0,0,0,0,0,0,0,0,0,0,0,0,0,9,914,395,3,5.0,0.0,9.0,5722.0,3145,1,1,1,1,5529a6f60429693b51d68956c4eeee82cc6a423a,35,35,0,ok,1,90,15,75,0.16666666666666666,63,11,52,0.1746031746031746,27,4,23,0.14814814814814814
OpenMOSS/Language-Model-SAEs,2024-06,treatment,0,2024-12,0,-6.0,1,0,0,0,0,0,0,0,0,0,0,0,0,0,69,463508,21392,5,8.0,13.0,40.0,22997.0,19015,1,1,1,1,73828937a79037c382d56c00d04d2027f8c4262d,114,114,0,ok,1,456,58,398,0.12719298245614036,369,52,317,0.14092140921409213,87,6,81,0.06896551724137931
OpenMOSS/Language-Model-SAEs,2024-07,treatment,0,2024-12,0,-5.0,0,1,0,0,0,0,0,0,0,0,0,0,0,0,65,5595,2012,8,4.0,3.0,70.0,24364.0,20363,1,1,1,1,476076f782d70e2b5805b37e48f7865726d44185,125,125,0,ok,1,476,59,417,0.12394957983193278,380,54,326,0.14210526315789473,96,5,91,0.052083333333333336
OpenMOSS/Language-Model-SAEs,2024-08,treatment,0,2024-12,0,-4.0,0,0,1,0,0,0,0,0,0,0,0,0,0,0,40,38049,7234,6,4.0,0.0,101.0,28633.0,22816,1,1,1,1,b87047673c9efb995a1df04f86e2b64eaa076340,169,169,0,ok,1,573,66,507,0.11518324607329843,466,61,405,0.13090128755364808,107,5,102,0.04672897196261682
OpenMOSS/Language-Model-SAEs,2024-09,treatment,0,2024-12,0,-3.0,0,0,0,1,0,0,0,0,0,0,0,0,0,0,17,1620,523,4,4.0,2.0,132.0,29596.0,23030,1,1,1,1,67bfb0b9f835f772f3af2aa176745c6b6135373a,169,169,0,ok,1,581,68,513,0.11703958691910499,470,61,409,0.12978723404255318,111,7,104,0.06306306306306306
OpenMOSS/Language-Model-SAEs,2024-10,treatment,0,2024-12,0,-2.0,0,0,0,0,1,0,0,0,0,0,0,0,0,0,29,7146,474258,5,6.0,0.0,162.0,9638.0,4883,1,1,1,1,d16967b3711daaf1e044d4ee4664418829b007ff,44,44,0,ok,1,115,19,96,0.16521739130434782,76,15,61,0.19736842105263158,39,4,35,0.10256410256410256
OpenMOSS/Language-Model-SAEs,2024-11,treatment,0,2024-12,0,-1.0,0,0,0,0,0,1,0,0,0,0,0,0,0,0,18,3253,3909,5,18.0,9.0,193.0,10009.0,5274,1,1,1,1,7bfb3f14a3ee2949b6cceb3a0fc4109d6fa10027,43,43,0,ok,1,121,19,102,0.15702479338842976,80,15,65,0.1875,41,4,37,0.0975609756097561
OpenMOSS/Language-Model-SAEs,2024-12,treatment,1,2024-12,1,0.0,0,0,0,0,0,0,1,0,0,0,0,0,0,1,40,9898,7812,4,19.0,1.0,223.0,9948.0,5719,1,1,1,1,9e4bef8a612bfa3abf735802508d0244bff026aa,51,51,0,ok,1,152,30,122,0.19736842105263158,110,21,89,0.19090909090909092,42,9,33,0.21428571428571427
OpenMOSS/Language-Model-SAEs,2025-01,treatment,1,2024-12,1,1.0,0,0,0,0,0,0,0,1,0,0,0,0,0,1,88,14248,11975,7,12.0,3.0,254.0,11412.0,7169,1,1,1,1,babf36b8e1753eded2a0ff18fd1a8a1771aff329,60,60,0,ok,1,230,47,183,0.20434782608695654,168,30,138,0.17857142857142858,62,17,45,0.27419354838709675
OpenMOSS/Language-Model-SAEs,2025-02,treatment,1,2024-12,1,2.0,0,0,0,0,0,0,0,0,1,0,0,0,0,0,60,5343,2976,5,6.0,3.0,285.0,12105.0,8150,1,1,1,1,9a827c56ecbd9768bad3988fe4cfda1afbc91a4e,64,64,0,ok,1,249,48,201,0.1927710843373494,180,32,148,0.17777777777777778,69,16,53,0.2318840579710145
OpenMOSS/Language-Model-SAEs,2025-03,treatment,1,2024-12,1,3.0,0,0,0,0,0,0,0,0,0,1,0,0,0,0,25,1148,990,3,7.0,0.0,313.0,12360.0,8159,1,1,1,1,aeac157124bdf3e5e3fe2459f0ccdb062061210d,64,64,0,ok,1,252,46,206,0.18253968253968253,182,31,151,0.17032967032967034,70,15,55,0.21428571428571427
OpenMOSS/Language-Model-SAEs,2025-04,treatment,1,2024-12,1,4.0,0,0,0,0,0,0,0,0,0,0,1,0,0,1,31,5062,2924,1,8.0,2.0,344.0,13855.0,9814,1,1,1,1,2f4fe056a9ac1c8ab2ec1057018ecf4fb4d7c20f,66,66,0,ok,1,277,53,224,0.19133574007220217,193,33,160,0.17098445595854922,84,20,64,0.23809523809523808
OpenMOSS/Language-Model-SAEs,2025-05,treatment,1,2024-12,1,5.0,0,0,0,0,0,0,0,0,0,0,0,1,0,0,53,10985,10958,3,1.0,1.0,374.0,16427.0,12093,1,1,1,1,37469ae8057d58f2ae019565f5a92dece1930a81,75,75,0,ok,1,321,61,260,0.19003115264797507,227,38,189,0.16740088105726872,94,23,71,0.24468085106382978
OpenMOSS/Language-Model-SAEs,2025-06,treatment,1,2024-12,1,6.0,0,0,0,0,0,0,0,0,0,0,0,0,1,1,65,15408,10083,7,6.0,1.0,405.0,17203.0,13008,1,1,1,1,deb50259eb13a06f4d89347b44328969a29368bb,76,76,0,ok,1,328,62,266,0.18902439024390244,226,36,190,0.1592920353982301,102,26,76,0.2549019607843137
OpenMOSS/Language-Model-SAEs,2025-07,treatment,1,2024-12,1,7.0,0,0,0,0,0,0,0,0,0,0,0,0,1,0,55,10768,3469,6,8.0,0.0,435.0,17941.0,14081,1,1,1,1,05f9176bcfc2823acdbcbcee2e10a60bc04db620,79,79,0,ok,1,349,65,284,0.18624641833810887,241,39,202,0.16182572614107885,108,26,82,0.24074074074074073
OpenMOSS/Language-Model-SAEs,2025-08,treatment,1,2024-12,1,8.0,0,0,0,0,0,0,0,0,0,0,0,0,1,0,31,43124,2646,2,,,,,17694,0,1,0,0,6afc05011512735430b9e7036a7a0f1fb6d0fbe2,92,92,0,ok,1,382,69,313,0.1806282722513089,258,43,215,0.16666666666666666,124,26,98,0.20967741935483872
OpenSPP/openspp-modules,2024-01,treatment,0,2025-03,0,-14.0,1,0,0,0,0,0,0,0,0,0,0,0,0,0,68,3520,2424,6,0.0,0.0,0.0,91874.0,26735,1,1,1,1,8bf5c500f8efa8ec31be2cf551b06b38be992b68,580,580,0,ok,1,370,31,339,0.08378378378378379,46,18,28,0.391304347826087,324,13,311,0.040123456790123455
OpenSPP/openspp-modules,2024-02,treatment,0,2025-03,0,-13.0,1,0,0,0,0,0,0,0,0,0,0,0,0,0,132,22638,26820,7,0.0,2.0,0.0,47264.0,25355,1,1,1,1,0d00c990ce20f3f2661f545baac31934c6fa21fd,530,530,0,ok,1,368,27,341,0.07336956521739131,46,19,27,0.41304347826086957,322,8,314,0.024844720496894408
OpenSPP/openspp-modules,2024-03,treatment,0,2025-03,0,-12.0,1,0,0,0,0,0,0,0,0,0,0,0,0,0,92,379633,3307,8,0.0,14.0,9.0,54944.0,28542,1,1,1,1,799fd97eb17fd65c8c7733052bac265f5c4b49c3,575,575,0,ok,1,405,41,364,0.10123456790123457,56,24,32,0.42857142857142855,349,17,332,0.04871060171919771
OpenSPP/openspp-modules,2024-04,treatment,0,2025-03,0,-11.0,1,0,0,0,0,0,0,0,0,0,0,0,0,0,131,74882,2584,9,0.0,11.0,40.0,74803.0,35867,1,1,1,1,eff2549b7d5c1266d0a48e552c6244f9539c3e03,668,668,0,ok,1,526,44,482,0.08365019011406843,60,26,34,0.43333333333333335,466,18,448,0.03862660944206009
OpenSPP/openspp-modules,2024-05,treatment,0,2025-03,0,-10.0,1,0,0,0,0,0,0,0,0,0,0,0,0,0,186,190791,10699,9,0.0,29.0,70.0,78472.0,38796,1,1,1,1,fd8842c5be918ecf40f5f85d99131591e52a5289,707,707,0,ok,1,568,57,511,0.10035211267605634,72,35,37,0.4861111111111111,496,22,474,0.04435483870967742
OpenSPP/openspp-modules,2024-06,treatment,0,2025-03,0,-9.0,1,0,0,0,0,0,0,0,0,0,0,0,0,0,25,5285,207011,9,0.0,23.0,101.0,59050.0,31771,1,1,1,1,2004f4bf223d5d003203bf1b8d2c60e4262a357a,645,645,0,ok,1,459,55,404,0.11982570806100218,69,33,36,0.4782608695652174,390,22,368,0.05641025641025641
OpenSPP/openspp-modules,2024-07,treatment,0,2025-03,0,-8.0,1,0,0,0,0,0,0,0,0,0,0,0,0,0,86,6655,389,6,0.0,22.0,131.0,60627.0,32441,1,1,1,1,f022df49930204a30688e7b979ab155f18833dd5,669,669,0,ok,1,476,56,420,0.11764705882352941,69,33,36,0.4782608695652174,407,23,384,0.056511056511056514
OpenSPP/openspp-modules,2024-08,treatment,0,2025-03,0,-7.0,1,0,0,0,0,0,0,0,0,0,0,0,0,0,220,92444,10081,11,1.0,33.0,162.0,62791.0,33603,1,1,1,1,ee3c2a33837392370f724af88090ac5725af2df3,705,705,0,ok,1,500,56,444,0.112,69,33,36,0.4782608695652174,431,23,408,0.05336426914153132
OpenSPP/openspp-modules,2024-09,treatment,0,2025-03,0,-6.0,1,0,0,0,0,0,0,0,0,0,0,0,0,0,177,8105,2700,6,0.0,39.0,193.0,62899.0,33644,1,1,1,1,adf9c3e640dcf158b1939a67fc424a5a38f34b05,706,706,0,ok,1,501,56,445,0.11177644710578842,69,33,36,0.4782608695652174,432,23,409,0.05324074074074074
OpenSPP/openspp-modules,2024-10,treatment,0,2025-03,0,-5.0,0,1,0,0,0,0,0,0,0,0,0,0,0,0,177,167054,23998,8,1.0,47.0,223.0,84386.0,36163,1,1,1,1,8ab103e8b8df63345e967be734504433210de708,744,744,0,ok,1,530,55,475,0.10377358490566038,75,32,43,0.4266666666666667,455,23,432,0.05054945054945055
OpenSPP/openspp-modules,2024-11,treatment,0,2025-03,0,-4.0,0,0,1,0,0,0,0,0,0,0,0,0,0,0,166,88515,36204,9,0.0,35.0,254.0,84970.0,36432,1,1,1,1,5f3a46921e55abdb97b68723af5308aabac1ea0d,754,754,0,ok,1,536,56,480,0.1044776119402985,78,33,45,0.4230769230769231,458,23,435,0.05021834061135371
OpenSPP/openspp-modules,2024-12,treatment,0,2025-03,0,-3.0,0,0,0,1,0,0,0,0,0,0,0,0,0,0,51,16349,3011,8,0.0,19.0,284.0,87622.0,38230,1,1,1,1,026e469c043e4d009ffca22d01df4141527ee06c,797,797,0,ok,1,562,55,507,0.09786476868327403,78,33,45,0.4230769230769231,484,22,462,0.045454545454545456
OpenSPP/openspp-modules,2025-01,treatment,0,2025-03,0,-2.0,0,0,0,0,1,0,0,0,0,0,0,0,0,0,80,15057,1507,7,1.0,46.0,315.0,87756.0,38350,1,1,1,1,f0b4ccd97823138abe97f586925dcd04d95e2963,799,799,0,ok,1,563,55,508,0.09769094138543517,78,33,45,0.4230769230769231,485,22,463,0.04536082474226804
OpenSPP/openspp-modules,2025-02,treatment,0,2025-03,0,-1.0,0,0,0,0,0,1,0,0,0,0,0,0,0,0,140,134218,17932,9,0.0,45.0,346.0,99223.0,41826,1,1,1,1,5fa3f4c3be440db533d57fbb118fc03ddcd0c3b5,883,883,0,ok,1,625,63,562,0.1008,79,33,46,0.4177215189873418,546,30,516,0.054945054945054944
OpenSPP/openspp-modules,2025-03,treatment,1,2025-03,1,0.0,0,0,0,0,0,0,1,0,0,0,0,0,0,1,42,53729,4442,7,0.0,16.0,374.0,101422.0,43500,1,1,1,1,aa7a32f1654f2bb6d0dab7705d099a4d23db93c8,904,904,0,ok,1,640,64,576,0.1,79,33,46,0.4177215189873418,561,31,530,0.05525846702317291
OpenSPP/openspp-modules,2025-04,treatment,1,2025-03,1,1.0,0,0,0,0,0,0,0,1,0,0,0,0,0,0,25,3087,1648,5,3.0,6.0,405.0,101437.0,43508,1,1,1,1,d9435af911347aca6f33c1e847a64f4309f63c83,904,904,0,ok,1,640,64,576,0.1,79,33,46,0.4177215189873418,561,31,530,0.05525846702317291
OpenSPP/openspp-modules,2025-05,treatment,1,2025-03,1,2.0,0,0,0,0,0,0,0,0,1,0,0,0,0,0,40,1249,526,4,1.0,18.0,435.0,101615.0,43663,1,1,1,1,9783d4150a596167e276f941b23db0abfb41fd5f,906,906,0,ok,1,642,64,578,0.09968847352024922,79,33,46,0.4177215189873418,563,31,532,0.055062166962699825
OpenSPP/openspp-modules,2025-06,treatment,1,2025-03,1,3.0,0,0,0,0,0,0,0,0,0,1,0,0,0,0,4,58,3,3,2.0,3.0,466.0,101616.0,43664,1,1,1,1,5b93758fc556b726ca84e652fa2b3601f4d740b2,906,906,0,ok,1,642,64,578,0.09968847352024922,79,33,46,0.4177215189873418,563,31,532,0.055062166962699825
OpenSPP/openspp-modules,2025-07,treatment,1,2025-03,1,4.0,0,0,0,0,0,0,0,0,0,0,1,0,0,0,7,364,2417,4,1.0,3.0,496.0,101627.0,43669,1,1,1,1,3ab7cfe800078ca0da9dfc42948af2fff32db2bb,906,906,0,ok,1,642,64,578,0.09968847352024922,79,33,46,0.4177215189873418,563,31,532,0.055062166962699825
OpenSPP/openspp-modules,2025-08,treatment,1,2025-03,1,5.0,0,0,0,0,0,0,0,0,0,0,0,1,0,0,17,6952,15282,1,,,,,43672,0,1,0,0,bbfe82a523fcba3a8202d41b851a1a961258e6b4,906,906,0,ok,1,642,64,578,0.09968847352024922,79,33,46,0.4177215189873418,563,31,532,0.055062166962699825
PiotrCzapla/smart_dictation,2024-10,treatment,1,2024-10,1,0.0,0,0,0,0,0,0,1,0,0,0,0,0,0,1,6,2559,2416,2,1.0,0.0,0.0,351.0,364,1,1,1,1,f0f396492a7bc34bd4fd16e2857d21f744d7c6b1,7,7,0,ok,1,26,10,16,0.38461538461538464,20,9,11,0.45,6,1,5,0.16666666666666666
PostHog/posthog,2024-01,treatment,0,2025-02,0,-13.0,1,0,0,0,0,0,0,0,0,0,0,0,0,0,443,82664,46216,33,417.0,133.0,1430.0,548212.0,280454,1,1,1,1,31807262c0750a4f71a793579092e9e4a3b51abc,1650,1650,0,ok,1,4253,1017,3236,0.23912532330119915,2064,535,1529,0.25920542635658916,2189,482,1707,0.22019186843307445
PostHog/posthog,2024-02,treatment,0,2025-02,0,-12.0,1,0,0,0,0,0,0,0,0,0,0,0,0,0,431,137939,79964,33,467.0,170.0,1461.0,573567.0,301315,1,1,1,1,2085f68b0550d22be1f300f57b9e4a15f1ea7efe,1707,1707,0,ok,1,4428,1056,3372,0.23848238482384823,2154,553,1601,0.2567316620241411,2274,503,1771,0.22119613016710643
PostHog/posthog,2024-03,treatment,0,2025-02,0,-11.0,1,0,0,0,0,0,0,0,0,0,0,0,0,0,399,63801,29562,35,594.0,321.0,1490.0,589460.0,312505,1,1,1,1,92e17ce307a577c4233d4ab252eebc6c2207a5ee,1779,1779,0,ok,1,4576,1081,3495,0.23623251748251747,2228,563,1665,0.25269299820466784,2348,518,1830,0.22061328790459966
PostHog/posthog,2024-04,treatment,0,2025-02,0,-10.0,1,0,0,0,0,0,0,0,0,0,0,0,0,0,505,72205,40295,41,671.0,419.0,1521.0,607701.0,325096,1,1,1,1,e446d1983007db6960d0a524456884c7cf1d8b46,1815,1815,0,ok,1,4681,1107,3574,0.23648792992950224,2284,579,1705,0.2535026269702277,2397,528,1869,0.2202753441802253
PostHog/posthog,2024-05,treatment,0,2025-02,0,-9.0,1,0,0,0,0,0,0,0,0,0,0,0,0,0,456,168250,127733,45,738.0,155.0,1551.0,630918.0,340660,1,1,1,1,9e2003c8d389a3a6ed531aa5036cc77052896979,1865,1865,0,ok,1,4912,1159,3753,0.2359527687296417,2379,608,1771,0.2555695670449769,2533,551,1982,0.21752862218712987
PostHog/posthog,2024-06,treatment,0,2025-02,0,-8.0,1,0,0,0,0,0,0,0,0,0,0,0,0,0,496,151255,64043,40,1243.0,242.0,1582.0,661185.0,353847,1,1,1,1,0b22cc401624bedab251a98f8bc86608ca9f59e5,1932,1932,0,ok,1,5165,1209,3956,0.2340755082284608,2522,644,1878,0.25535289452815224,2643,565,2078,0.21377222852818767
PostHog/posthog,2024-07,treatment,0,2025-02,0,-7.0,1,0,0,0,0,0,0,0,0,0,0,0,0,0,581,91815,57652,41,539.0,225.0,1612.0,677634.0,366834,1,1,1,1,6499bded5585bf1423fcf6673b2f560fe4f941af,2005,2005,0,ok,1,5338,1251,4087,0.2343574372424129,2615,673,1942,0.25736137667304015,2723,578,2145,0.21226588321704004
PostHog/posthog,2024-08,treatment,0,2025-02,0,-6.0,1,0,0,0,0,0,0,0,0,0,0,0,0,0,400,70831,37328,40,562.0,176.0,1643.0,695941.0,377387,1,1,1,1,0a6ab2622fd9404afdc60100fef54c3c112ea379,2058,2058,0,ok,1,5494,1278,4216,0.23261740080087367,2661,679,1982,0.2551672303645246,2833,599,2234,0.21143663960465936
PostHog/posthog,2024-09,treatment,0,2025-02,0,-5.0,0,1,0,0,0,0,0,0,0,0,0,0,0,0,393,80912,32743,38,722.0,178.0,1674.0,725600.0,395978,1,1,1,1,761c6ce0ab4db14ddede62cb61b6d6854dff7ea7,2170,2170,0,ok,1,5764,1353,4411,0.23473282442748092,2768,716,2052,0.2586705202312139,2996,637,2359,0.21261682242990654
PostHog/posthog,2024-10,treatment,0,2025-02,0,-4.0,0,0,1,0,0,0,0,0,0,0,0,0,0,0,446,122595,66264,35,520.0,192.0,1704.0,748190.0,409190,1,1,1,1,12ff477551dfc5a197aca3006e14e4193183dbd8,2251,2251,0,ok,1,6001,1389,4612,0.23146142309615064,2858,732,2126,0.2561231630510847,3143,657,2486,0.2090359529112313
PostHog/posthog,2024-11,treatment,0,2025-02,0,-3.0,0,0,0,1,0,0,0,0,0,0,0,0,0,0,426,109037,59875,47,594.0,148.0,1735.0,776480.0,423497,1,1,1,1,b4d51e3b746e6174a7d60c525ea22387f00dcafe,2342,2342,0,ok,1,6211,1429,4782,0.23007567219449365,2917,749,2168,0.2567706547823106,3294,680,2614,0.20643594414086217
PostHog/posthog,2024-12,treatment,0,2025-02,0,-2.0,0,0,0,0,1,0,0,0,0,0,0,0,0,0,439,101533,52801,44,593.0,171.0,1765.0,802199.0,441285,1,1,1,1,3aa25f3257f981db0b7e8b5411dc209b66c6f4c2,2407,2407,0,ok,1,6519,1513,5006,0.23209081147415248,3122,810,2312,0.25944907110826393,3397,703,2694,0.20694730644686488
PostHog/posthog,2025-01,treatment,0,2025-02,0,-1.0,0,0,0,0,0,1,0,0,0,0,0,0,0,0,725,282233,108937,59,911.0,206.0,1796.0,837418.0,448360,1,1,1,1,1253d960c415d65583dac034353702ad74016da1,2486,2486,0,ok,1,6765,1560,5205,0.23059866962305986,3229,839,2390,0.2598327655620935,3536,721,2815,0.2039027149321267
PostHog/posthog,2025-02,treatment,1,2025-02,1,0.0,0,0,0,0,0,0,1,0,0,0,0,0,0,1,897,197144,219825,58,666.0,214.0,1827.0,896790.0,472023,1,1,1,1,e6cdfed56138f74a1e8bcac05f60036d96ab9a6a,2580,2580,0,ok,1,7172,1683,5489,0.23466257668711657,3483,930,2553,0.2670111972437554,3689,753,2936,0.20412035782054758
PostHog/posthog,2025-03,treatment,1,2025-02,1,1.0,0,0,0,0,0,0,0,1,0,0,0,0,0,1,942,199769,113000,60,795.0,202.0,1855.0,936364.0,493998,1,1,1,1,ecdaddcfaf15967165806e2cd4f9bc0cfb40f0e1,2716,2716,0,ok,1,7679,1794,5885,0.23362416981377784,3783,999,2784,0.2640761300555115,3896,795,3101,0.20405544147843943
PostHog/posthog,2025-04,treatment,1,2025-02,1,2.0,0,0,0,0,0,0,0,0,1,0,0,0,0,1,880,168900,92484,63,698.0,198.0,1886.0,937017.0,516641,1,1,1,1,08f147eb9879e899fb7939f4b9413c86164ba7f9,2877,2877,0,ok,1,8141,1879,6262,0.23080702616386192,4021,1050,2971,0.2611290723700572,4120,829,3291,0.20121359223300972
PostHog/posthog,2025-05,treatment,1,2025-02,1,3.0,0,0,0,0,0,0,0,0,0,1,0,0,0,0,748,225422,61653,67,511.0,286.0,1916.0,1021926.0,537504,1,1,1,1,fa2cab6b204f2efeabb5c5bbc1d35ff23c91ec8b,2992,2992,0,ok,1,8454,1936,6518,0.22900402176484505,4150,1087,3063,0.2619277108433735,4304,849,3455,0.19725836431226765
PostHog/posthog,2025-06,treatment,1,2025-02,1,4.0,0,0,0,0,0,0,0,0,0,0,1,0,0,1,1043,237242,128385,76,460.0,203.0,1947.0,1079135.0,568232,1,1,1,1,bf87ddcb0e02027bb8c1e7a1aa2e03f0c4312e90,3148,3148,0,ok,1,9051,2086,6965,0.23047177107501934,4451,1168,3283,0.26241294091215456,4600,918,3682,0.19956521739130434
PostHog/posthog,2025-07,treatment,1,2025-02,1,5.0,0,0,0,0,0,0,0,0,0,0,0,1,0,0,1143,325484,161054,80,389.0,199.0,1977.0,1155675.0,618141,1,1,1,1,8e13bf3cbfe9684eb907f7ddf706aa9fae2099e0,3388,3388,0,ok,1,9715,2221,7494,0.22861554297478126,4726,1223,3503,0.25878121032585694,4989,998,3991,0.20004008819402685
PostHog/posthog,2025-08,treatment,1,2025-02,1,6.0,0,0,0,0,0,0,0,0,0,0,0,0,1,0,990,320595,190823,79,442.0,166.0,2008.0,1232071.0,658122,1,1,1,1,79cf381322842888a721905c09490e85f98a5a2a,3609,3609,0,ok,1,10435,2366,8069,0.22673694298035457,5112,1310,3802,0.2562597809076682,5323,1056,4267,0.1983843697163254
ResearchHub/researchhub-backend,2024-01,treatment,0,2025-03,0,-14.0,1,0,0,0,0,0,0,0,0,0,0,0,0,0,12,10050,3258,3,1.0,0.0,961.0,77300.0,73754,1,1,1,1,fd34f4bcb44c74f5e5e65d22a4e60528b46c8c5e,1467,1467,0,ok,1,2120,820,1300,0.3867924528301887,600,252,348,0.42,1520,568,952,0.3736842105263158
ResearchHub/researchhub-backend,2024-02,treatment,0,2025-03,0,-13.0,1,0,0,0,0,0,0,0,0,0,0,0,0,0,29,4787,1985,2,7.0,0.0,992.0,79116.0,75645,1,1,1,1,082491f7b25a2fb7477f126520ad723aed615118,1486,1486,0,ok,1,2168,841,1327,0.3879151291512915,632,270,362,0.4272151898734177,1536,571,965,0.3717447916666667
ResearchHub/researchhub-backend,2024-03,treatment,0,2025-03,0,-12.0,1,0,0,0,0,0,0,0,0,0,0,0,0,0,185,5113,4719,9,1.0,2.0,1021.0,79197.0,75708,1,1,1,1,846af110c8dbc352f7e5a367bfcb84015599ad69,1469,1469,0,ok,1,2156,837,1319,0.38821892393320967,630,268,362,0.4253968253968254,1526,569,957,0.372870249017038
ResearchHub/researchhub-backend,2024-04,treatment,0,2025-03,0,-11.0,1,0,0,0,0,0,0,0,0,0,0,0,0,0,177,5200,10115,4,1.0,43.0,1052.0,77492.0,74005,1,1,1,1,3071ea750bcff8f981dfdc6550b191da46b16655,1429,1429,0,ok,1,2110,825,1285,0.3909952606635071,620,266,354,0.4290322580645161,1490,559,931,0.37516778523489935
ResearchHub/researchhub-backend,2024-05,treatment,0,2025-03,0,-10.0,1,0,0,0,0,0,0,0,0,0,0,0,0,0,163,31561,8996,5,1.0,21.0,1082.0,79748.0,76271,1,1,1,1,278ec825c32f29bc9d27e22e92294c537ef3b27a,1483,1483,0,ok,1,2154,836,1318,0.3881151346332405,610,262,348,0.42950819672131146,1544,574,970,0.37176165803108807
ResearchHub/researchhub-backend,2024-06,treatment,0,2025-03,0,-9.0,1,0,0,0,0,0,0,0,0,0,0,0,0,0,92,15943,2396,5,0.0,12.0,1113.0,80420.0,76956,1,1,1,1,7de905300075c748dc563bca975343546e6c0ffd,1488,1488,0,ok,1,2165,838,1327,0.38706697459584294,610,262,348,0.42950819672131146,1555,576,979,0.37041800643086814
ResearchHub/researchhub-backend,2024-07,treatment,0,2025-03,0,-8.0,1,0,0,0,0,0,0,0,0,0,0,0,0,0,348,75973,7507,4,2.0,0.0,1143.0,83219.0,79800,1,1,1,1,4c63758dee4c50db5933948ffba59f2bbe2bea2e,1523,1523,0,ok,1,2212,852,1360,0.38517179023508136,615,264,351,0.4292682926829268,1597,588,1009,0.3681903569192235
ResearchHub/researchhub-backend,2024-08,treatment,0,2025-03,0,-7.0,1,0,0,0,0,0,0,0,0,0,0,0,0,0,278,22223,22622,4,1.0,0.0,1174.0,77705.0,74232,1,1,1,1,9c333f30a21dbdac8115428bde6af3668db475e3,1409,1409,0,ok,1,2016,793,1223,0.3933531746031746,543,236,307,0.43462246777163904,1473,557,916,0.3781398506449423
ResearchHub/researchhub-backend,2024-09,treatment,0,2025-03,0,-6.0,1,0,0,0,0,0,0,0,0,0,0,0,0,0,185,20040,6491,7,0.0,0.0,1205.0,77556.0,74097,1,1,1,1,d3a04d8c47ad9aedb2c9d0183fd9c2c05177bb73,1420,1420,0,ok,1,2024,797,1227,0.39377470355731226,544,233,311,0.42830882352941174,1480,564,916,0.3810810810810811
ResearchHub/researchhub-backend,2024-10,treatment,0,2025-03,0,-5.0,0,1,0,0,0,0,0,0,0,0,0,0,0,0,241,17434,17490,6,1.0,0.0,1235.0,77192.0,73752,1,1,1,1,6465c99f3778f57fe6a5e06231f5ea8b5d92b708,1420,1420,0,ok,1,2003,787,1216,0.3929106340489266,524,221,303,0.4217557251908397,1479,566,913,0.38269100743745776
ResearchHub/researchhub-backend,2024-11,treatment,0,2025-03,0,-4.0,0,0,1,0,0,0,0,0,0,0,0,0,0,0,241,11058,10405,6,2.0,0.0,1266.0,77930.0,74493,1,1,1,1,620391ecf35228d3dad783476c988b49513072f3,1447,1447,0,ok,1,1984,772,1212,0.38911290322580644,477,199,278,0.4171907756813417,1507,573,934,0.3802256138022561
ResearchHub/researchhub-backend,2024-12,treatment,0,2025-03,0,-3.0,0,0,0,1,0,0,0,0,0,0,0,0,0,0,128,6576,8256,4,2.0,0.0,1296.0,77155.0,73734,1,1,1,1,15ee57839549ff325c9142e4e432b4cbf37d8b67,1451,1451,0,ok,1,1990,782,1208,0.392964824120603,482,203,279,0.4211618257261411,1508,579,929,0.3839522546419098
ResearchHub/researchhub-backend,2025-01,treatment,0,2025-03,0,-2.0,0,0,0,0,1,0,0,0,0,0,0,0,0,0,142,7807,2394,6,0.0,0.0,1327.0,79076.0,75787,1,1,1,1,05856cbd0bcd4603d524fc9fddb530764b608f55,1476,1476,0,ok,1,2030,796,1234,0.3921182266009852,487,207,280,0.42505133470225875,1543,589,954,0.38172391445236553
ResearchHub/researchhub-backend,2025-02,treatment,0,2025-03,0,-1.0,0,0,0,0,0,1,0,0,0,0,0,0,0,0,199,11077,13536,7,2.0,0.0,1358.0,77070.0,74303,1,1,1,1,512f30cd6e0d048732a1f6f6e3a2e7dcfd9e10df,1482,1482,0,ok,1,1980,792,1188,0.4,459,199,260,0.4335511982570806,1521,593,928,0.3898750821827745
ResearchHub/researchhub-backend,2025-03,treatment,1,2025-03,1,0.0,0,0,0,0,0,0,1,0,0,0,0,0,0,1,282,27671,8960,7,0.0,0.0,1386.0,80840.0,78348,1,1,1,1,c2a7a85367245521d1eb77b4eb87ab9d489e3313,1508,1508,0,ok,1,2002,786,1216,0.3926073926073926,461,187,274,0.40563991323210413,1541,599,942,0.3887086307592472
ResearchHub/researchhub-backend,2025-04,treatment,1,2025-03,1,1.0,0,0,0,0,0,0,0,1,0,0,0,0,0,0,243,15281,5402,7,1.0,0.0,1417.0,80840.0,81601,1,1,1,1,90bd47c7e4e4a107c32deefa0d54c6024506b8b0,1530,1530,0,ok,1,2034,787,1247,0.38692232055063913,470,185,285,0.39361702127659576,1564,602,962,0.38491048593350385
ResearchHub/researchhub-backend,2025-05,treatment,1,2025-03,1,2.0,0,0,0,0,0,0,0,0,1,0,0,0,0,0,212,21119,4590,8,0.0,0.0,1447.0,88352.0,86397,1,1,1,1,dfdfaaec1c76a13f7c90fea8f48ad921a17bda8e,1568,1568,0,ok,1,2074,795,1279,0.3833172613307618,468,186,282,0.3974358974358974,1606,609,997,0.3792029887920299
ResearchHub/researchhub-backend,2025-06,treatment,1,2025-03,1,3.0,0,0,0,0,0,0,0,0,0,1,0,0,0,0,257,19807,4378,7,0.0,0.0,1478.0,93892.0,92318,1,1,1,1,e8ddce0d2284bc9cd92fb2e3f26fb222708caddc,1611,1611,0,ok,1,2119,805,1314,0.37989617744218973,473,190,283,0.40169133192389006,1646,615,1031,0.37363304981774
ResearchHub/researchhub-backend,2025-07,treatment,1,2025-03,1,4.0,0,0,0,0,0,0,0,0,0,0,1,0,0,0,170,14189,6567,3,0.0,0.0,1508.0,96366.0,95130,1,1,1,1,7c612298d06c65351b508a58b228285e826c8f59,1617,1617,0,ok,1,2138,811,1327,0.3793264733395697,475,189,286,0.39789473684210525,1663,622,1041,0.3740228502705953
ResearchHub/researchhub-backend,2025-08,treatment,1,2025-03,1,5.0,0,0,0,0,0,0,0,0,0,0,0,1,0,0,363,31523,61340,8,1.0,0.0,1539.0,92954.0,92020,1,1,1,1,de4731b2e58154919a470a7b95a4c24a266a51d2,1584,1584,0,ok,1,2076,806,1270,0.3882466281310212,431,176,255,0.40835266821345706,1645,630,1015,0.3829787234042553
Scrapybara/codecapy,2025-01,treatment,1,2025-01,1,0.0,0,0,0,0,0,0,1,0,0,0,0,0,0,1,7,1515,831,1,0.0,0.0,0.0,864.0,814,1,1,1,1,aaf4eb1efe460f71c8ed50794b33fa19ce54b77e,12,12,0,ok,1,29,10,19,0.3448275862068966,20,8,12,0.4,9,2,7,0.2222222222222222
Scrapybara/codecapy,2025-02,treatment,1,2025-01,1,1.0,0,0,0,0,0,0,0,1,0,0,0,0,0,0,28,2795,961,1,110.0,0.0,0.0,1454.0,1433,1,1,1,1,5bfd39ebf9156b54bc2fdaeed7fa61d789924055,16,16,0,ok,1,57,33,24,0.5789473684210527,33,25,8,0.7575757575757576,24,8,16,0.3333333333333333
SlyyCooper/cursorrules-architect,2024-11,treatment,0,2024-12,0,-1.0,0,0,0,0,0,1,0,0,0,0,0,0,0,0,2,55,55,1,0.0,0.0,0.0,399.0,397,1,1,1,1,c9dcee5dd49dff38f787137e838c002ede504d7a,1,1,0,ok,1,4,0,4,0.0,2,0,2,0.0,2,0,2,0.0
SlyyCooper/cursorrules-architect,2024-12,treatment,1,2024-12,1,0.0,0,0,0,0,0,0,1,0,0,0,0,0,0,1,3,3019,1355,1,6.0,0.0,0.0,1421.0,1482,1,1,1,1,dceafd28aaef126e419f0a98eba0be2a54217ee2,6,6,0,ok,1,24,4,20,0.16666666666666666,17,3,14,0.17647058823529413,7,1,6,0.14285714285714285
SlyyCooper/cursorrules-architect,2025-01,treatment,1,2024-12,1,1.0,0,0,0,0,0,0,0,1,0,0,0,0,0,1,1,1483,131,1,11.0,1.0,31.0,1486.0,1548,1,1,1,1,923980a8c89c3ca3aab6115b45b55279637aca9c,7,7,0,ok,1,25,4,21,0.16,18,3,15,0.16666666666666666,7,1,6,0.14285714285714285
SlyyCooper/cursorrules-architect,2025-02,treatment,1,2024-12,1,2.0,0,0,0,0,0,0,0,0,1,0,0,0,0,1,1,1002,1029,1,17.0,0.0,62.0,1486.0,1548,1,1,1,1,0db19978d1d87932ae23a291135eaf6c4eda6537,7,7,0,ok,1,25,4,21,0.16,18,3,15,0.16666666666666666,7,1,6,0.14285714285714285
SlyyCooper/cursorrules-architect,2025-03,treatment,1,2024-12,1,3.0,0,0,0,0,0,0,0,0,0,1,0,0,0,1,4,11459,3860,1,16.0,6.0,90.0,3245.0,4102,1,1,1,1,1b8ad985d2fd1b380194e94aef663c259e913daf,45,45,0,ok,1,77,14,63,0.18181818181818182,57,12,45,0.21052631578947367,20,2,18,0.1
SlyyCooper/cursorrules-architect,2025-04,treatment,1,2024-12,1,4.0,0,0,0,0,0,0,0,0,0,0,1,0,0,1,2,1944,1652,1,10.0,4.0,121.0,3436.0,4316,1,1,1,1,d3341bec543e5ba24cacc2caf33383e98c657e2d,52,52,0,ok,1,79,14,65,0.17721518987341772,59,12,47,0.2033898305084746,20,2,18,0.1
TextGeneratorio/text-generator.io,2024-01,treatment,0,2025-03,0,-14.0,1,0,0,0,0,0,0,0,0,0,0,0,0,0,4,2555,13,1,0.0,0.0,186.0,78124.0,34829,1,1,1,1,92c3ebc388615849a39db668be9b52a8faf8e30f,177,177,0,ok,1,611,118,493,0.19312602291325695,413,97,316,0.23486682808716708,198,21,177,0.10606060606060606
TextGeneratorio/text-generator.io,2024-02,treatment,0,2025-03,0,-13.0,1,0,0,0,0,0,0,0,0,0,0,0,0,0,3,19,10,1,0.0,0.0,217.0,78124.0,34829,1,1,1,1,5644053e2ab8c2c1d2107a0a825d1c0f0bb5c088,177,177,0,ok,1,611,118,493,0.19312602291325695,413,97,316,0.23486682808716708,198,21,177,0.10606060606060606
TextGeneratorio/text-generator.io,2024-05,treatment,0,2025-03,0,-10.0,1,0,0,0,0,0,0,0,0,0,0,0,0,0,9,88,87,1,3.0,0.0,307.0,78148.0,34853,1,1,1,1,0892be29955c6d268f45b5545a9091cef7372348,177,177,0,ok,1,613,118,495,0.19249592169657423,415,97,318,0.23373493975903614,198,21,177,0.10606060606060606
TextGeneratorio/text-generator.io,2024-07,treatment,0,2025-03,0,-8.0,1,0,0,0,0,0,0,0,0,0,0,0,0,0,2,29,14,1,0.0,0.0,368.0,78148.0,34853,1,1,1,1,eaabbefacf47cf51ba7c231df42fff37100c13c6,177,177,0,ok,1,613,119,494,0.19412724306688417,415,98,317,0.236144578313253,198,21,177,0.10606060606060606
TextGeneratorio/text-generator.io,2024-08,treatment,0,2025-03,0,-7.0,1,0,0,0,0,0,0,0,0,0,0,0,0,0,20,1283,419,1,2.0,0.0,399.0,78457.0,35071,1,1,1,1,b6d6f478ac36e37f7dcb5f3a50b932ebf350cfe2,182,182,0,ok,1,627,123,504,0.19617224880382775,429,102,327,0.23776223776223776,198,21,177,0.10606060606060606
TextGeneratorio/text-generator.io,2024-11,treatment,0,2025-03,0,-4.0,0,0,1,0,0,0,0,0,0,0,0,0,0,0,4,1524,170682,1,0.0,0.0,0.0,61667.0,16979,1,1,1,1,e451574cd387d39aa8d1bab1cbe9d03a4131973d,79,79,0,ok,1,290,70,220,0.2413793103448276,241,51,190,0.21161825726141079,49,19,30,0.3877551020408163
TextGeneratorio/text-generator.io,2024-12,treatment,0,2025-03,0,-3.0,0,0,0,1,0,0,0,0,0,0,0,0,0,0,5,701,1141,1,5.0,0.0,521.0,61662.0,16974,1,1,1,1,48e7be432b6e66beba9d471b9c5e3484de33eb3f,80,80,0,ok,1,290,70,220,0.2413793103448276,241,51,190,0.21161825726141079,49,19,30,0.3877551020408163
TextGeneratorio/text-generator.io,2025-01,treatment,0,2025-03,0,-2.0,0,0,0,0,1,0,0,0,0,0,0,0,0,0,10,1931,991,1,0.0,0.0,552.0,62492.0,17844,1,1,1,1,41b2e647d9ca45d0987290bf299ce7e303ac415a,86,86,0,ok,1,325,74,251,0.2276923076923077,258,56,202,0.21705426356589147,67,18,49,0.26865671641791045
TextGeneratorio/text-generator.io,2025-02,treatment,0,2025-03,0,-1.0,0,0,0,0,0,1,0,0,0,0,0,0,0,0,4,191,15,1,1.0,0.0,583.0,62498.0,17850,1,1,1,1,931cde358016941d35169d0a361dde98ff36320a,87,87,0,ok,1,326,75,251,0.23006134969325154,259,57,202,0.22007722007722008,67,18,49,0.26865671641791045
TextGeneratorio/text-generator.io,2025-03,treatment,1,2025-03,1,0.0,0,0,0,0,0,0,1,0,0,0,0,0,0,1,2,34,15,1,1.0,0.0,611.0,62499.0,17850,1,1,1,1,f330b4fd8064ea499385da03f3fc6c297916b674,87,87,0,ok,1,326,75,251,0.23006134969325154,259,57,202,0.22007722007722008,67,18,49,0.26865671641791045
TextGeneratorio/text-generator.io,2025-04,treatment,1,2025-03,1,1.0,0,0,0,0,0,0,0,1,0,0,0,0,0,1,16,8558,2387,1,2.0,0.0,642.0,66233.0,18469,1,1,1,1,5ed2b4008e2a49c4dad48dad07ef982849fc5fca,90,90,0,ok,1,349,77,272,0.22063037249283668,280,59,221,0.21071428571428572,69,18,51,0.2608695652173913
TextGeneratorio/text-generator.io,2025-05,treatment,1,2025-03,1,2.0,0,0,0,0,0,0,0,0,1,0,0,0,0,0,19,4001,5842,2,0.0,0.0,672.0,65058.0,17278,1,1,1,1,53455c86af4bf5e404a847de09f1c8b9e654d801,93,93,0,ok,1,352,77,275,0.21875,283,59,224,0.20848056537102475,69,18,51,0.2608695652173913
TextGeneratorio/text-generator.io,2025-06,treatment,1,2025-03,1,3.0,0,0,0,0,0,0,0,0,0,1,0,0,0,0,18,7976,7258,2,0.0,0.0,703.0,64476.0,17294,1,1,1,1,1eafa44b407969edcac558b3f8cf0c4f39ba52ae,101,101,0,ok,1,372,86,286,0.23118279569892472,320,75,245,0.234375,52,11,41,0.21153846153846154
TextGeneratorio/text-generator.io,2025-07,treatment,1,2025-03,1,4.0,0,0,0,0,0,0,0,0,0,0,1,0,0,1,44,28172,5896,2,2.0,0.0,733.0,71455.0,23129,1,1,1,1,3920d146d45c6c226f4321c9105a6076824d9aca,172,172,0,ok,1,556,132,424,0.23741007194244604,465,114,351,0.24516129032258063,91,18,73,0.1978021978021978
TextGeneratorio/text-generator.io,2025-08,treatment,1,2025-03,1,5.0,0,0,0,0,0,0,0,0,0,0,0,1,0,1,7,2941,183,1,0.0,0.0,764.0,72672.0,23568,1,1,1,1,95ff0e2fb3cbafd6c6037e2ea559ed6fdb549b35,174,174,0,ok,1,570,134,436,0.23508771929824562,479,116,363,0.24217118997912318,91,18,73,0.1978021978021978
The-Pocket/PocketFlow,2024-12,treatment,0,2025-02,0,-2.0,0,0,0,0,1,0,0,0,0,0,0,0,0,0,82,7315,2708,2,0.0,0.0,0.0,1268.0,1274,1,1,1,1,976a266cd3981e37db457c6ec5f2d67928597a98,12,12,0,ok,1,47,12,35,0.2553191489361702,0,0,0,,47,12,35,0.2553191489361702
The-Pocket/PocketFlow,2025-01,treatment,0,2025-02,0,-1.0,0,0,0,0,0,1,0,0,0,0,0,0,0,0,122,2868,1747,4,0.0,0.0,0.0,1268.0,1274,1,1,1,1,6e08e32d96dfbf104983131d93ffc1a53a172632,12,12,0,ok,1,47,12,35,0.2553191489361702,0,0,0,,47,12,35,0.2553191489361702
The-Pocket/PocketFlow,2025-02,treatment,1,2025-02,1,0.0,0,0,0,0,0,0,1,0,0,0,0,0,0,1,61,3872,1577,3,150.0,2.0,0.0,1281.0,1274,1,1,1,1,69ed4cb41077656ce52e8a8f2ba36264d6e7ea0d,12,12,0,ok,1,47,12,35,0.2553191489361702,0,0,0,,47,12,35,0.2553191489361702
The-Pocket/PocketFlow,2025-03,treatment,1,2025-02,1,1.0,0,0,0,0,0,0,0,1,0,0,0,0,0,1,233,38530,5859,7,989.0,11.0,26.0,4586.0,4762,1,1,1,1,4d6249a38eb721208371e80be8c5a688b5ee3e01,121,121,0,ok,1,225,35,190,0.15555555555555556,96,13,83,0.13541666666666666,129,22,107,0.17054263565891473
The-Pocket/PocketFlow,2025-04,treatment,1,2025-02,1,2.0,0,0,0,0,0,0,0,0,1,0,0,0,0,1,53,13717,4858,10,1759.0,16.0,57.0,7386.0,7361,1,1,1,1,61f5e89769af1bb5d56e5b4453a4cca405cfbcb2,151,151,0,ok,1,350,73,277,0.20857142857142857,136,25,111,0.18382352941176472,214,48,166,0.22429906542056074
The-Pocket/PocketFlow,2025-05,treatment,1,2025-02,1,3.0,0,0,0,0,0,0,0,0,0,1,0,0,0,1,52,13135,2238,8,1323.0,16.0,87.0,11204.0,9948,1,1,1,1,6cf3ec4984958eb442ed676835f6551648082f22,199,199,0,ok,1,438,92,346,0.2100456621004566,191,41,150,0.21465968586387435,247,51,196,0.20647773279352227
The-Pocket/PocketFlow,2025-06,treatment,1,2025-02,1,4.0,0,0,0,0,0,0,0,0,0,0,1,0,0,1,10,4281,28,4,517.0,8.0,118.0,12184.0,11116,1,1,1,1,8c6cbc5138a92fff325366b5622d59ecfaae7a07,213,213,0,ok,1,473,95,378,0.20084566596194503,210,42,168,0.2,263,53,210,0.20152091254752852
The-Pocket/PocketFlow,2025-07,treatment,1,2025-02,1,5.0,0,0,0,0,0,0,0,0,0,0,0,1,0,1,15,346,434,7,860.0,9.0,148.0,12173.0,11105,1,1,1,1,f98e9f4806af3b6aedfbf7e462bdadeba671bd63,212,212,0,ok,1,472,95,377,0.20127118644067796,209,42,167,0.20095693779904306,263,53,210,0.20152091254752852
The-Pocket/PocketFlow,2025-08,treatment,1,2025-02,1,6.0,0,0,0,0,0,0,0,0,0,0,0,0,1,1,4,553,27,3,393.0,6.0,179.0,12300.0,11219,1,1,1,1,23e36bfbdfe8a071aafa987a9ba14df842af8a0e,213,213,0,ok,1,474,97,377,0.20464135021097046,210,43,167,0.20476190476190476,264,54,210,0.20454545454545456
The-Pocket/PocketFlow-Template-Python,2025-02,treatment,1,2025-02,1,0.0,0,0,0,0,0,0,1,0,0,0,0,0,0,1,7,2372,7,2,0.0,0.0,0.0,33.0,33,1,1,1,1,8b1d9729b37469afab439854ec4ea67706867378,4,4,0,ok,1,3,1,2,0.3333333333333333,2,0,2,0.0,1,1,0,1.0
The-Pocket/PocketFlow-Template-Python,2025-03,treatment,1,2025-02,1,1.0,0,0,0,0,0,0,0,1,0,0,0,0,0,1,24,9633,6748,3,33.0,0.0,0.0,45.0,46,1,1,1,1,16714fcc24a8447040363e7e2806cdf2d8b6dcfa,5,5,0,ok,1,5,1,4,0.2,3,0,3,0.0,2,1,1,0.5
The-Pocket/PocketFlow-Template-Python,2025-04,treatment,1,2025-02,1,2.0,0,0,0,0,0,0,0,0,1,0,0,0,0,0,3,3331,6,2,104.0,1.0,31.0,45.0,46,1,1,1,1,8a4a1b08a2ccf767f0a4c503ccf6a8a6ab77e787,5,5,0,ok,1,5,1,4,0.2,3,0,3,0.0,2,1,1,0.5
The-Pocket/PocketFlow-Template-Python,2025-05,treatment,1,2025-02,1,3.0,0,0,0,0,0,0,0,0,0,1,0,0,0,0,5,17,10,3,63.0,0.0,61.0,48.0,49,1,1,1,1,bb859e5af285f0f047ec7deefa7ebcb8240385b3,5,5,0,ok,1,5,1,4,0.2,3,0,3,0.0,2,1,1,0.5
The-Pocket/PocketFlow-Template-Python,2025-06,treatment,1,2025-02,1,4.0,0,0,0,0,0,0,0,0,0,0,1,0,0,1,3,3468,110,1,25.0,0.0,92.0,48.0,49,1,1,1,1,893901c7e1a213e2c62f8d68451836002ac54416,5,5,0,ok,1,5,1,4,0.2,3,0,3,0.0,2,1,1,0.5
The-Pocket/PocketFlow-Template-Python,2025-07,treatment,1,2025-02,1,5.0,0,0,0,0,0,0,0,0,0,0,0,1,0,0,2,1677,1,1,20.0,1.0,122.0,48.0,49,1,1,1,1,9eacaaa755698da13bfbe0f766735cd190c479bc,5,5,0,ok,1,5,1,4,0.2,3,0,3,0.0,2,1,1,0.5
The-Pocket/PocketFlow-Template-Python,2025-08,treatment,1,2025-02,1,6.0,0,0,0,0,0,0,0,0,0,0,0,0,1,1,2,855,85,1,15.0,0.0,153.0,48.0,49,1,1,1,1,680a1b2f54645818d0eac7880347d31a8cb4a115,5,5,0,ok,1,5,1,4,0.2,3,0,3,0.0,2,1,1,0.5
The-Pocket/Tutorial-AI-Paul-Graham,2025-02,treatment,0,2025-03,0,-1.0,0,0,0,0,0,1,0,0,0,0,0,0,0,0,12,307,33,2,0.0,0.0,0.0,443.0,444,1,1,1,1,454fb5c8dc99a5df515f84a3a9cdcea6b957b3b0,4,4,0,ok,1,12,1,11,0.08333333333333333,9,1,8,0.1111111111111111,3,0,3,0.0
The-Pocket/Tutorial-AI-Paul-Graham,2025-03,treatment,1,2025-03,1,0.0,0,0,0,0,0,0,1,0,0,0,0,0,0,1,12,3612,1426,2,12.0,0.0,0.0,839.0,889,1,1,1,1,eb304ff3774606a2bdb67cc4065605c4ac2f8ca7,11,11,0,ok,1,26,5,21,0.19230769230769232,15,4,11,0.26666666666666666,11,1,10,0.09090909090909091
The-Pocket/Tutorial-Cold-Email-Personalization,2025-03,treatment,1,2025-03,1,0.0,0,0,0,0,0,0,1,0,0,0,0,0,0,1,8,577,22,2,4.0,0.0,0.0,599.0,620,1,1,1,1,200903e33e7756a880160f8b7c5d6e5dd51794a6,8,8,0,ok,1,11,1,10,0.09090909090909091,7,1,6,0.14285714285714285,4,0,4,0.0
The-Pocket/Tutorial-Cursor,2025-03,treatment,1,2025-03,1,0.0,0,0,0,0,0,0,1,0,0,0,0,0,0,1,24,7493,203,2,34.0,0.0,0.0,1411.0,1180,1,1,1,1,0e69c81e74a3927d34b760beaca3a7775d650051,11,11,0,ok,1,24,1,23,0.041666666666666664,15,1,14,0.06666666666666667,9,0,9,0.0
TheSethRose/Agent-Chat,2024-10,treatment,1,2024-10,1,0.0,0,0,0,0,0,0,1,0,0,0,0,0,0,1,8,302,181,2,0.0,0.0,0.0,356.0,410,1,1,1,1,464bdbd1b280f5a15358aca50b7c8e60a4d5ff04,5,5,0,ok,1,7,2,5,0.2857142857142857,2,2,0,1.0,5,0,5,0.0
ToolUse/infinite-ai-seo,2025-02,treatment,1,2025-02,1,0.0,0,0,0,0,0,0,1,0,0,0,0,0,0,1,7,1115,563,1,14.0,0.0,0.0,1122.0,1235,1,1,1,1,d4019a3edb442ae7ffddbfdad289ec92400d32ee,7,7,0,ok,1,19,8,11,0.42105263157894735,10,3,7,0.3,9,5,4,0.5555555555555556
ToolUse/tool-use-ai,2024-09,treatment,0,2024-12,0,-3.0,0,0,0,1,0,0,0,0,0,0,0,0,0,0,1,0,0,1,0.0,0.0,0.0,4.0,5,1,1,1,1,63fed9afe7605f446c0a6975d65c9bdf50fbb7ca,2,2,0,ok,1,1,1,0,1.0,1,1,0,1.0,0,0,0,
ToolUse/tool-use-ai,2024-10,treatment,0,2024-12,0,-2.0,0,0,0,0,1,0,0,0,0,0,0,0,0,0,39,10239,682,3,4.0,4.0,0.0,2276.0,2284,1,1,1,1,9553c45a69c3918d93ffcd4cbf2a07b1102e71aa,19,19,0,ok,1,64,28,36,0.4375,57,26,31,0.45614035087719296,7,2,5,0.2857142857142857
ToolUse/tool-use-ai,2024-11,treatment,0,2024-12,0,-1.0,0,0,0,0,0,1,0,0,0,0,0,0,0,0,29,3389,447,4,9.0,5.0,12.0,2977.0,2987,1,1,1,1,bd1c2d1b3ed770cc428a33199e1c98d1f8a3a103,21,21,0,ok,1,81,34,47,0.41975308641975306,70,31,39,0.44285714285714284,11,3,8,0.2727272727272727
ToolUse/tool-use-ai,2024-12,treatment,1,2024-12,1,0.0,0,0,0,0,0,0,1,0,0,0,0,0,0,1,5,1162,4,1,3.0,0.0,42.0,3316.0,3312,1,1,1,1,79f6853e69fda911b583f199df3d93def253712c,22,22,0,ok,1,103,50,53,0.4854368932038835,83,41,42,0.4939759036144578,20,9,11,0.45
ToolUse/tool-use-ai,2025-04,treatment,1,2024-12,1,4.0,0,0,0,0,0,0,0,0,0,0,1,0,0,0,1,2,2,1,0.0,0.0,163.0,3316.0,3312,1,1,1,1,ea9f4df00a3334325140e0045c50fdb1f9918e34,22,22,0,ok,1,103,50,53,0.4854368932038835,83,41,42,0.4939759036144578,20,9,11,0.45
VRSEN/agency-swarm,2024-01,treatment,0,2024-10,0,-9.0,1,0,0,0,0,0,0,0,0,0,0,0,0,0,72,7419,3473,2,305.0,29.0,39.0,3306.0,3473,1,1,1,1,9c7301539aed37d5e02e8fd9503d388c2cc3cb42,84,84,0,ok,1,64,9,55,0.140625,15,5,10,0.3333333333333333,49,4,45,0.08163265306122448
VRSEN/agency-swarm,2024-02,treatment,0,2024-10,0,-8.0,1,0,0,0,0,0,0,0,0,0,0,0,0,0,51,4731,1990,5,125.0,19.0,70.0,3598.0,3786,1,1,1,1,cb885ab6cac83cc2bdaa1fd3a854b6f4992228b1,79,79,0,ok,1,65,10,55,0.15384615384615385,15,5,10,0.3333333333333333,50,5,45,0.1
VRSEN/agency-swarm,2024-03,treatment,0,2024-10,0,-7.0,1,0,0,0,0,0,0,0,0,0,0,0,0,0,39,3328,4899,1,150.0,13.0,99.0,3176.0,3499,1,1,1,1,1db162e90e61f52fb5983505ed89a211dffad6f2,74,74,0,ok,1,63,8,55,0.12698412698412698,18,3,15,0.16666666666666666,45,5,40,0.1111111111111111
VRSEN/agency-swarm,2024-04,treatment,0,2024-10,0,-6.0,1,0,0,0,0,0,0,0,0,0,0,0,0,0,32,3460,555,1,306.0,37.0,130.0,5061.0,5256,1,1,1,1,53843abd131687692cee17c024984f27e17441b8,93,93,0,ok,1,80,12,68,0.15,22,5,17,0.22727272727272727,58,7,51,0.1206896551724138
VRSEN/agency-swarm,2024-05,treatment,0,2024-10,0,-5.0,0,1,0,0,0,0,0,0,0,0,0,0,0,0,60,3021,2304,6,436.0,20.0,160.0,5219.0,5414,1,1,1,1,48f57bff6b88858243cc1712b0709dd8b39e056e,94,94,0,ok,1,79,12,67,0.1518987341772152,23,5,18,0.21739130434782608,56,7,49,0.125
VRSEN/agency-swarm,2024-06,treatment,0,2024-10,0,-4.0,0,0,1,0,0,0,0,0,0,0,0,0,0,0,5,15,26,2,185.0,14.0,191.0,5220.0,5415,1,1,1,1,1c105c02bc7c42261ed20d3a423ffb0748f260cd,94,94,0,ok,1,79,12,67,0.1518987341772152,23,5,18,0.21739130434782608,56,7,49,0.125
VRSEN/agency-swarm,2024-07,treatment,0,2024-10,0,-3.0,0,0,0,1,0,0,0,0,0,0,0,0,0,0,30,1398,1050,1,142.0,9.0,221.0,5491.0,5579,1,1,1,1,a85ce7e413902b0852cf2a33e99744ca1bcacea7,94,94,0,ok,1,82,14,68,0.17073170731707318,23,5,18,0.21739130434782608,59,9,50,0.15254237288135594
VRSEN/agency-swarm,2024-08,treatment,0,2024-10,0,-2.0,0,0,0,0,1,0,0,0,0,0,0,0,0,0,34,711,364,1,130.0,9.0,252.0,5697.0,5840,1,1,1,1,2107467d8bfea24b2ed00e8a56a8917fa5dc398b,96,96,0,ok,1,86,17,69,0.19767441860465115,25,7,18,0.28,61,10,51,0.16393442622950818
VRSEN/agency-swarm,2024-09,treatment,0,2024-10,0,-1.0,0,0,0,0,0,1,0,0,0,0,0,0,0,0,10,29,16,4,102.0,8.0,283.0,5708.0,5851,1,1,1,1,f7d31f6c3adc7643c7cd2a8ecf179727eb472c4c,96,96,0,ok,1,86,17,69,0.19767441860465115,25,7,18,0.28,61,10,51,0.16393442622950818
VRSEN/agency-swarm,2024-10,treatment,1,2024-10,1,0.0,0,0,0,0,0,0,1,0,0,0,0,0,0,1,13,414,77,2,204.0,9.0,313.0,5742.0,5886,1,1,1,1,fbf3cb6670e5a8c4cba18f52353cd90fdf0505b1,96,96,0,ok,1,86,18,68,0.20930232558139536,25,7,18,0.28,61,11,50,0.18032786885245902
VRSEN/agency-swarm,2024-11,treatment,1,2024-10,1,1.0,0,0,0,0,0,0,0,1,0,0,0,0,0,0,62,14277,7078,5,135.0,6.0,344.0,7064.0,7197,1,1,1,1,85180da2f42fec93ac9252567feb3f02f0a86c44,103,103,0,ok,1,92,20,72,0.21739130434782608,25,7,18,0.28,67,13,54,0.19402985074626866
VRSEN/agency-swarm,2024-12,treatment,1,2024-10,1,2.0,0,0,0,0,0,0,0,0,1,0,0,0,0,1,22,7832,4899,3,241.0,17.0,374.0,7072.0,7205,1,1,1,1,b86abc0161578cfd515df69e31eaa3ea510ca014,103,103,0,ok,1,93,21,72,0.22580645161290322,25,7,18,0.28,68,14,54,0.20588235294117646
VRSEN/agency-swarm,2025-01,treatment,1,2024-10,1,3.0,0,0,0,0,0,0,0,0,0,1,0,0,0,0,3,32,4,1,191.0,9.0,405.0,7083.0,7216,1,1,1,1,8bc648e399de9e70ef52f5b3dc36ddf606abb2b2,103,103,0,ok,1,93,21,72,0.22580645161290322,25,7,18,0.28,68,14,54,0.20588235294117646
VRSEN/agency-swarm,2025-02,treatment,1,2024-10,1,4.0,0,0,0,0,0,0,0,0,0,0,1,0,0,1,43,9763,7070,6,197.0,13.0,436.0,7119.0,7266,1,1,1,1,38329d13a91487cee00fdb3eccb8c5deb6a7d3e3,103,103,0,ok,1,93,21,72,0.22580645161290322,25,7,18,0.28,68,14,54,0.20588235294117646
VRSEN/agency-swarm,2025-03,treatment,1,2024-10,1,5.0,0,0,0,0,0,0,0,0,0,0,0,1,0,1,30,7539,3613,6,165.0,9.0,464.0,8163.0,8465,1,1,1,1,4b18a7ff2faa51f5c12193db2b517ce06d346dd2,112,112,0,ok,1,126,30,96,0.23809523809523808,53,13,40,0.24528301886792453,73,17,56,0.2328767123287671
VRSEN/agency-swarm,2025-04,treatment,1,2024-10,1,6.0,0,0,0,0,0,0,0,0,0,0,0,0,1,1,47,5694,1328,6,46.0,3.0,495.0,9062.0,9419,1,1,1,1,4b229bc91a849a86faec635218862fd9f30f5fe2,118,118,0,ok,1,147,32,115,0.21768707482993196,65,15,50,0.23076923076923078,82,17,65,0.2073170731707317
VRSEN/agency-swarm,2025-05,treatment,1,2024-10,1,7.0,0,0,0,0,0,0,0,0,0,0,0,0,1,1,90,22703,21224,7,37.0,8.0,525.0,5411.0,6196,1,1,1,1,9ee826298cecf38db561ffb3aa8c61ec166bc5f0,46,46,0,ok,1,208,31,177,0.14903846153846154,176,17,159,0.09659090909090909,32,14,18,0.4375
VRSEN/agency-swarm,2025-06,treatment,1,2024-10,1,8.0,0,0,0,0,0,0,0,0,0,0,0,0,1,1,203,59562,47421,5,16.0,1.0,556.0,9022.0,9255,1,1,1,1,aedb2e5438ed6d81e7618441839662cf205b2e54,65,65,0,ok,1,253,27,226,0.1067193675889328,218,19,199,0.0871559633027523,35,8,27,0.22857142857142856
VRSEN/agency-swarm,2025-07,treatment,1,2024-10,1,9.0,0,0,0,0,0,0,0,0,0,0,0,0,1,1,129,30308,20847,4,19.0,0.0,586.0,10232.0,10777,1,1,1,1,7c81427ad9cb69b3a7e0101fd703d07840224057,87,87,0,ok,1,312,36,276,0.11538461538461539,265,29,236,0.10943396226415095,47,7,40,0.14893617021276595
VRSEN/agency-swarm,2025-08,treatment,1,2024-10,1,10.0,0,0,0,0,0,0,0,0,0,0,0,0,1,1,333,78826,43207,4,9.0,0.0,617.0,15224.0,16221,1,1,1,1,7fe6207bc8ccaaf6d87513eb9f11a66bae61f845,134,134,0,ok,1,454,58,396,0.1277533039647577,368,49,319,0.1331521739130435,86,9,77,0.10465116279069768
VRSEN/agency-swarm-memory-demo,2025-02,treatment,1,2025-02,1,0.0,0,0,0,0,0,0,1,0,0,0,0,0,0,1,12,1315,339,2,0.0,0.0,0.0,217.0,226,1,1,1,1,28f98de9ae21b822690afc595f84f910189cece9,8,8,0,ok,1,6,0,6,0.0,1,0,1,0.0,5,0,5,0.0
VRSEN/agency-voice-interface,2024-10,treatment,1,2024-10,1,0.0,0,0,0,0,0,0,1,0,0,0,0,0,0,1,54,8163,4041,2,32.0,1.0,0.0,2603.0,2722,1,1,1,1,4bc9c9f739d2f776e38c7317051bd3153d54aaa2,45,45,0,ok,1,62,16,46,0.25806451612903225,29,12,17,0.41379310344827586,33,4,29,0.12121212121212122
VRSEN/agency-voice-interface,2024-11,treatment,1,2024-10,1,1.0,0,0,0,0,0,0,0,1,0,0,0,0,0,0,1,4,4,1,17.0,1.0,3.0,2603.0,2722,1,1,1,1,07918baab9d7be443e9ecf5d2244a5885ca32290,45,45,0,ok,1,62,16,46,0.25806451612903225,29,12,17,0.41379310344827586,33,4,29,0.12121212121212122
VRSEN/agency-voice-interface,2025-01,treatment,1,2024-10,1,3.0,0,0,0,0,0,0,0,0,0,1,0,0,0,0,2,2,16,1,5.0,0.0,64.0,2603.0,2722,1,1,1,1,2d9d39ce02d9cb9628e8de79b3543fe05885ad42,45,45,0,ok,1,62,16,46,0.25806451612903225,29,12,17,0.41379310344827586,33,4,29,0.12121212121212122
W1ndys/Blog,2024-03,treatment,0,2025-01,0,-10.0,1,0,0,0,0,0,0,0,0,0,0,0,0,0,176,82850,7636,5,0.0,0.0,0.0,2033.0,39,1,1,1,1,33e51494323b2f01186f3023afd927502664e71e,1,1,0,ok,1,1,0,1,0.0,1,0,1,0.0,0,0,0,
W1ndys/Blog,2024-04,treatment,0,2025-01,0,-9.0,1,0,0,0,0,0,0,0,0,0,0,0,0,0,146,43990,126319,4,0.0,2.0,0.0,2055.0,39,1,1,1,1,5ebe6b051a1482b384fdcf2f831e1d3d4b916b16,1,1,0,ok,1,1,0,1,0.0,1,0,1,0.0,0,0,0,
W1ndys/Blog,2024-05,treatment,0,2025-01,0,-8.0,1,0,0,0,0,0,0,0,0,0,0,0,0,0,68,1711,968,3,0.0,0.0,14.0,1928.0,39,1,1,1,1,249c8386ca3d6517d4c4c6044626272eb5bd07c6,1,1,0,ok,1,1,0,1,0.0,1,0,1,0.0,0,0,0,
W1ndys/Blog,2024-06,treatment,0,2025-01,0,-7.0,1,0,0,0,0,0,0,0,0,0,0,0,0,0,50,3730,782,3,2.0,0.0,45.0,1928.0,39,1,1,1,1,27aadd3fe40257751f44667ea15aaae8b380e19e,1,1,0,ok,1,1,0,1,0.0,1,0,1,0.0,0,0,0,
W1ndys/Blog,2024-07,treatment,0,2025-01,0,-6.0,1,0,0,0,0,0,0,0,0,0,0,0,0,0,68,1981,1338,1,2.0,1.0,75.0,1928.0,39,1,1,1,1,7a7b3ae0431840dca0ce55980c45d852e8389b52,1,1,0,ok,1,1,0,1,0.0,1,0,1,0.0,0,0,0,
W1ndys/Blog,2024-08,treatment,0,2025-01,0,-5.0,0,1,0,0,0,0,0,0,0,0,0,0,0,0,33,1236,583,1,0.0,0.0,106.0,1927.0,39,1,1,1,1,5606c3bc72e76804e0c217d43b2c0e000a11dc5f,1,1,0,ok,1,1,0,1,0.0,1,0,1,0.0,0,0,0,
W1ndys/Blog,2024-09,treatment,0,2025-01,0,-4.0,0,0,1,0,0,0,0,0,0,0,0,0,0,0,41,1641,113,2,0.0,1.0,137.0,1927.0,39,1,1,1,1,fd5eeb5a91b6b5212904d720949127b7e1df2998,1,1,0,ok,1,1,0,1,0.0,1,0,1,0.0,0,0,0,
W1ndys/Blog,2024-10,treatment,0,2025-01,0,-3.0,0,0,0,1,0,0,0,0,0,0,0,0,0,0,19,1055,19,3,40.0,3.0,167.0,1927.0,39,1,1,1,1,53efdf6dc7dd21ee8f973e7c6830de1f55241898,1,1,0,ok,1,1,0,1,0.0,1,0,1,0.0,0,0,0,
W1ndys/Blog,2024-11,treatment,0,2025-01,0,-2.0,0,0,0,0,1,0,0,0,0,0,0,0,0,0,13,918,52,1,1.0,0.0,198.0,1927.0,39,1,1,1,1,b15b8ac5b4b00e5a014f54a7c7d31836bf33ca08,1,1,0,ok,1,1,0,1,0.0,1,0,1,0.0,0,0,0,
W1ndys/Blog,2024-12,treatment,0,2025-01,0,-1.0,0,0,0,0,0,1,0,0,0,0,0,0,0,0,19,742,3374,2,0.0,1.0,228.0,1927.0,39,1,1,1,1,5101138c9215c611a2b42dba88ff4dc757bece6d,1,1,0,ok,1,1,0,1,0.0,1,0,1,0.0,0,0,0,
W1ndys/Blog,2025-01,treatment,1,2025-01,1,0.0,0,0,0,0,0,0,1,0,0,0,0,0,0,1,112,7557,8838,1,0.0,2.0,259.0,182.0,152,1,1,1,1,52d0ed50a03ec134417dba3b1f308c8035266974,3,3,0,ok,1,4,0,4,0.0,3,0,3,0.0,1,0,1,0.0
W1ndys/Blog,2025-02,treatment,1,2025-01,1,1.0,0,0,0,0,0,0,0,1,0,0,0,0,0,0,13,347,519,1,1.0,0.0,290.0,181.0,151,1,1,1,1,793f1048a3a3644e8dd0e662e207e1bbffae10b2,3,3,0,ok,1,4,0,4,0.0,3,0,3,0.0,1,0,1,0.0
W1ndys/Blog,2025-03,treatment,1,2025-01,1,2.0,0,0,0,0,0,0,0,0,1,0,0,0,0,0,5,214,171,3,0.0,0.0,318.0,181.0,151,1,1,1,1,c7736514b4fc2572f10b1f4518ae2fd297ec1901,3,3,0,ok,1,4,0,4,0.0,3,0,3,0.0,1,0,1,0.0
W1ndys/Blog,2025-04,treatment,1,2025-01,1,3.0,0,0,0,0,0,0,0,0,0,1,0,0,0,0,15,407,56,3,0.0,0.0,349.0,181.0,151,1,1,1,1,c6f6c911cd59ea9994f6e432575cc5590639a5de,3,3,0,ok,1,4,0,4,0.0,3,0,3,0.0,1,0,1,0.0
W1ndys/Blog,2025-05,treatment,1,2025-01,1,4.0,0,0,0,0,0,0,0,0,0,0,1,0,0,0,20,916,256,1,0.0,5.0,379.0,189.0,169,1,1,1,1,9f8dd6cbfc7cbf20e1a4b920e27ce78bae7f543e,3,3,0,ok,1,4,0,4,0.0,4,0,4,0.0,0,0,0,
W1ndys/Blog,2025-06,treatment,1,2025-01,1,5.0,0,0,0,0,0,0,0,0,0,0,0,1,0,0,3,234,11,1,0.0,1.0,410.0,189.0,169,1,1,1,1,8dd4409f9af545f2335e2dcff8d73327441135d9,3,3,0,ok,1,4,0,4,0.0,4,0,4,0.0,0,0,0,
WangQrkkk/ThinkingCursor,2025-01,treatment,1,2025-01,1,0.0,0,0,0,0,0,0,1,0,0,0,0,0,0,1,2,1,1,1,12.0,0.0,0.0,94.0,88,1,1,1,1,5abd2e973d5243ca8f9c7d1073ca96789f875c04,1,1,0,ok,1,2,0,2,0.0,1,0,1,0.0,1,0,1,0.0
WangQrkkk/ThinkingCursor,2025-02,treatment,1,2025-01,1,1.0,0,0,0,0,0,0,0,1,0,0,0,0,0,0,3,306,9,1,13.0,1.0,3.0,94.0,88,1,1,1,1,7f8188043c7738cb880294ed2f34b4c45303d0f5,1,1,0,ok,1,2,0,2,0.0,1,0,1,0.0,1,0,1,0.0
airweave-ai/airweave,2024-12,treatment,0,2025-03,0,-3.0,0,0,0,1,0,0,0,0,0,0,0,0,0,0,28,12613,2611,3,19.0,0.0,0.0,3240.0,4704,1,1,1,1,8173f6019421186a82b2fa73fffef085b74762ea,91,91,0,ok,1,178,86,92,0.48314606741573035,54,18,36,0.3333333333333333,124,68,56,0.5483870967741935
airweave-ai/airweave,2025-01,treatment,0,2025-03,0,-2.0,0,0,0,0,1,0,0,0,0,0,0,0,0,0,162,68222,6028,6,96.0,0.0,7.0,23139.0,13406,1,1,1,1,79c544bac704cc5b2d0f229a0868fe91339e50fe,161,161,0,ok,1,375,143,232,0.38133333333333336,103,40,63,0.3883495145631068,272,103,169,0.3786764705882353
airweave-ai/airweave,2025-02,treatment,0,2025-03,0,-1.0,0,0,0,0,0,1,0,0,0,0,0,0,0,0,160,26970,11806,8,151.0,6.0,38.0,28095.0,18132,1,1,1,1,f42640c7a7cd6d4a23fce55271368d13763610ec,201,201,0,ok,1,495,189,306,0.38181818181818183,152,74,78,0.4868421052631579,343,115,228,0.33527696793002915
airweave-ai/airweave,2025-03,treatment,1,2025-03,1,0.0,0,0,0,0,0,0,1,0,0,0,0,0,0,1,148,52600,20261,8,245.0,23.0,66.0,34194.0,22327,1,1,1,1,8118371941d89abce9ca9f4a4df65e4caecc9b44,225,225,0,ok,1,548,172,376,0.31386861313868614,178,56,122,0.3146067415730337,370,116,254,0.31351351351351353
airweave-ai/airweave,2025-04,treatment,1,2025-03,1,1.0,0,0,0,0,0,0,0,1,0,0,0,0,0,1,327,88457,45894,11,120.0,4.0,97.0,39686.0,29664,1,1,1,1,786b96bdb9e59b7e08ae746c5c3a044b77ca5bd6,272,272,0,ok,1,651,188,463,0.2887864823348694,233,72,161,0.3090128755364807,418,116,302,0.27751196172248804
airweave-ai/airweave,2025-05,treatment,1,2025-03,1,2.0,0,0,0,0,0,0,0,0,1,0,0,0,0,1,220,122110,62891,9,1584.0,209.0,127.0,53539.0,36496,1,1,1,1,64e145627cd49b57ca5c17a3b3ab503da5b55f41,314,314,0,ok,1,792,266,526,0.33585858585858586,297,115,182,0.3872053872053872,495,151,344,0.30505050505050507
airweave-ai/airweave,2025-06,treatment,1,2025-03,1,3.0,0,0,0,0,0,0,0,0,0,1,0,0,0,0,119,60591,35091,5,123.0,4.0,158.0,58483.0,42135,1,1,1,1,74395b0b9684a1bafa251ba0467854d9e0f79cf3,328,328,0,ok,1,893,299,594,0.3348264277715566,406,153,253,0.3768472906403941,487,146,341,0.2997946611909651
airweave-ai/airweave,2025-07,treatment,1,2025-03,1,4.0,0,0,0,0,0,0,0,0,0,0,1,0,0,1,188,87951,26133,8,74.0,1.0,188.0,65825.0,47951,1,1,1,1,2d34dc52ddfe2b076a09c7273c59d2303573b4a2,354,354,0,ok,1,979,348,631,0.355464759959142,462,179,283,0.3874458874458874,517,169,348,0.32688588007736946
airweave-ai/airweave,2025-08,treatment,1,2025-03,1,5.0,0,0,0,0,0,0,0,0,0,0,0,1,0,1,295,184266,66623,12,30.0,20.0,219.0,87822.0,68654,1,1,1,1,c64d09e1ec58e4be23e5775ab58ae9ca88d46a7b,507,507,0,ok,1,1285,407,878,0.3167315175097276,600,218,382,0.36333333333333334,685,189,496,0.2759124087591241
allthingslinux/tux,2024-01,treatment,0,2025-02,0,-13.0,1,0,0,0,0,0,0,0,0,0,0,0,0,0,85,6346,2762,9,1.0,7.0,4.0,504.0,791,1,1,1,1,b48d5656a23e0badc9772fbfa36f3e066d493e33,27,27,0,ok,1,47,29,18,0.6170212765957447,23,23,0,1.0,24,6,18,0.25
allthingslinux/tux,2024-03,treatment,0,2025-02,0,-11.0,1,0,0,0,0,0,0,0,0,0,0,0,0,0,109,8128,4416,8,1.0,25.0,64.0,1347.0,1562,1,1,1,1,a098fad7931f11f78116b69bded453f76608385d,38,38,0,ok,1,75,39,36,0.52,40,36,4,0.9,35,3,32,0.08571428571428572
allthingslinux/tux,2024-04,treatment,0,2025-02,0,-10.0,1,0,0,0,0,0,0,0,0,0,0,0,0,0,219,25725,8222,16,2.0,43.0,95.0,4276.0,6769,1,1,1,1,e6892615a71f28e41b6aab9280ec926e40e8a71e,82,82,0,ok,1,165,91,74,0.5515151515151515,80,69,11,0.8625,85,22,63,0.25882352941176473
allthingslinux/tux,2024-05,treatment,0,2025-02,0,-9.0,1,0,0,0,0,0,0,0,0,0,0,0,0,0,75,3719,1249,7,1.0,28.0,125.0,4726.0,7946,1,1,1,1,c425a33fcf896153733508755af5718614944e5f,85,85,0,ok,1,172,99,73,0.5755813953488372,84,75,9,0.8928571428571429,88,24,64,0.2727272727272727
allthingslinux/tux,2024-06,treatment,0,2025-02,0,-8.0,1,0,0,0,0,0,0,0,0,0,0,0,0,0,113,6105,5081,8,3.0,32.0,156.0,4542.0,8249,1,1,1,1,62f74b67aa9a9bc206f70d3374c4b54854c31a7a,85,85,0,ok,1,182,94,88,0.5164835164835165,92,78,14,0.8478260869565217,90,16,74,0.17777777777777778
allthingslinux/tux,2024-07,treatment,0,2025-02,0,-7.0,1,0,0,0,0,0,0,0,0,0,0,0,0,0,192,26635,11615,15,6.0,41.0,186.0,6202.0,10986,1,1,1,1,235e7ac3d8e5c92a401fd1d0028ded1dc87dbc10,114,114,0,ok,1,222,96,126,0.43243243243243246,104,81,23,0.7788461538461539,118,15,103,0.1271186440677966
allthingslinux/tux,2024-08,treatment,0,2025-02,0,-6.0,1,0,0,0,0,0,0,0,0,0,0,0,0,0,373,39638,36552,27,58.0,118.0,217.0,6924.0,11032,1,1,1,1,d11688b8e8d558f92f2151e9a9cc6b1e1941acb8,112,112,0,ok,1,215,88,127,0.40930232558139534,104,77,27,0.7403846153846154,111,11,100,0.0990990990990991
allthingslinux/tux,2024-09,treatment,0,2025-02,0,-5.0,0,1,0,0,0,0,0,0,0,0,0,0,0,0,300,19616,13473,19,4.0,39.0,248.0,8121.0,12449,1,1,1,1,ea792d20b651b5af420c098a61bf847747894356,124,124,0,ok,1,239,97,142,0.40585774058577406,115,83,32,0.7217391304347827,124,14,110,0.11290322580645161
allthingslinux/tux,2024-10,treatment,0,2025-02,0,-4.0,0,0,1,0,0,0,0,0,0,0,0,0,0,0,115,4099,3326,9,4.0,35.0,278.0,8444.0,13058,1,1,1,1,a46bae3a3df8426679e944fdd862b8cb0081c639,129,129,0,ok,1,245,101,144,0.4122448979591837,117,85,32,0.7264957264957265,128,16,112,0.125
allthingslinux/tux,2024-11,treatment,0,2025-02,0,-3.0,0,0,0,1,0,0,0,0,0,0,0,0,0,0,54,2422,2659,6,1.0,4.0,309.0,8575.0,13053,1,1,1,1,6a3dbce16c6811c0ba167974c059fcb01da6aad8,131,131,0,ok,1,250,104,146,0.416,120,88,32,0.7333333333333333,130,16,114,0.12307692307692308
allthingslinux/tux,2024-12,treatment,0,2025-02,0,-2.0,0,0,0,0,1,0,0,0,0,0,0,0,0,0,47,1249,1305,7,0.0,5.0,339.0,8551.0,13034,1,1,1,1,1d6931fafc0b97c8897a2a4c8c47edb2497955c6,131,131,0,ok,1,250,104,146,0.416,120,88,32,0.7333333333333333,130,16,114,0.12307692307692308
allthingslinux/tux,2025-01,treatment,0,2025-02,0,-1.0,0,0,0,0,0,1,0,0,0,0,0,0,0,0,32,4691,3754,6,2.0,2.0,370.0,8625.0,13091,1,1,1,1,26176b891bf2d30d928860c5e7b6d7eef6e3dd21,131,131,0,ok,1,250,103,147,0.412,120,87,33,0.725,130,16,114,0.12307692307692308
allthingslinux/tux,2025-02,treatment,1,2025-02,1,0.0,0,0,0,0,0,0,1,0,0,0,0,0,0,1,56,9277,4104,4,4.0,20.0,401.0,9365.0,14774,1,1,1,1,3712490820f12ad8d45b35bd82262978aa3a3456,135,135,0,ok,1,279,129,150,0.46236559139784944,142,106,36,0.7464788732394366,137,23,114,0.1678832116788321
allthingslinux/tux,2025-03,treatment,1,2025-02,1,1.0,0,0,0,0,0,0,0,1,0,0,0,0,0,1,60,3695,1909,6,4.0,24.0,429.0,9528.0,14954,1,1,1,1,2bbbc0e8e21e70b4624c0e546585c39aa1417ee6,141,141,0,ok,1,283,131,152,0.4628975265017668,145,108,37,0.7448275862068966,138,23,115,0.16666666666666666
allthingslinux/tux,2025-04,treatment,1,2025-02,1,2.0,0,0,0,0,0,0,0,0,1,0,0,0,0,1,281,60154,20577,10,14.0,96.0,460.0,14018.0,22386,1,1,1,1,be22e11559e685a2fbad88adaa3fee7042861347,160,160,0,ok,1,408,156,252,0.38235294117647056,222,128,94,0.5765765765765766,186,28,158,0.15053763440860216
allthingslinux/tux,2025-05,treatment,1,2025-02,1,3.0,0,0,0,0,0,0,0,0,0,1,0,0,0,0,73,3928,2699,11,7.0,23.0,490.0,13653.0,22295,1,1,1,1,03ddc1b11ea696b934a508f93480753c6ed5d834,163,163,0,ok,1,404,156,248,0.38613861386138615,215,128,87,0.5953488372093023,189,28,161,0.14814814814814814
allthingslinux/tux,2025-06,treatment,1,2025-02,1,4.0,0,0,0,0,0,0,0,0,0,0,1,0,0,1,209,22793,13657,16,4.0,18.0,521.0,18350.0,24822,1,1,1,1,cf05ea552a76d6ca06daaec2c6d77ceacbc29db0,183,183,0,ok,1,476,160,316,0.33613445378151263,259,124,135,0.47876447876447875,217,36,181,0.16589861751152074
allthingslinux/tux,2025-07,treatment,1,2025-02,1,5.0,0,0,0,0,0,0,0,0,0,0,0,1,0,0,68,59652,6077,10,6.0,4.0,551.0,18475.0,24951,1,1,1,1,3e97a4cad516725e27655145ed166b428ac8dc10,186,186,0,ok,1,481,163,318,0.3388773388773389,264,127,137,0.4810606060606061,217,36,181,0.16589861751152074
allthingslinux/tux,2025-08,treatment,1,2025-02,1,6.0,0,0,0,0,0,0,0,0,0,0,0,0,1,0,260,57223,104815,10,5.0,6.0,582.0,18494.0,26970,1,1,1,1,92755414929eee2c81783fbc43d5fd28826dc0f3,185,185,0,ok,1,550,181,369,0.3290909090909091,291,133,158,0.4570446735395189,259,48,211,0.18532818532818532
appl-team/appl,2024-05,treatment,0,2024-12,0,-7.0,1,0,0,0,0,0,0,0,0,0,0,0,0,0,5,14,16,1,23.0,0.0,0.0,5155.0,6149,1,1,1,1,8ef5e2d5487be1b1db7b0a8297bdb7bf5518a003,69,69,0,ok,1,275,95,180,0.34545454545454546,165,52,113,0.3151515151515151,110,43,67,0.39090909090909093
appl-team/appl,2024-06,treatment,0,2024-12,0,-6.0,1,0,0,0,0,0,0,0,0,0,0,0,0,0,3,14,97,1,7.0,0.0,27.0,5155.0,6149,1,1,1,1,00d77488a29b1be1eeabb7cd945d340079a44045,69,69,0,ok,1,275,95,180,0.34545454545454546,165,52,113,0.3151515151515151,110,43,67,0.39090909090909093
appl-team/appl,2024-07,treatment,0,2024-12,0,-5.0,0,1,0,0,0,0,0,0,0,0,0,0,0,0,1,1858,877,1,13.0,0.0,57.0,5495.0,6332,1,1,1,1,3fb1d008a84c9be27334367ba09600cf32018f48,71,71,0,ok,1,287,101,186,0.3519163763066202,177,58,119,0.327683615819209,110,43,67,0.39090909090909093
appl-team/appl,2024-08,treatment,0,2024-12,0,-4.0,0,0,1,0,0,0,0,0,0,0,0,0,0,0,1,158,83,1,17.0,0.0,88.0,5501.0,6338,1,1,1,1,05fe92a2132abe2a0c219ebca314b8a726b0bf7a,72,72,0,ok,1,287,101,186,0.3519163763066202,177,58,119,0.327683615819209,110,43,67,0.39090909090909093
appl-team/appl,2024-09,treatment,0,2024-12,0,-3.0,0,0,0,1,0,0,0,0,0,0,0,0,0,0,3,2330,1402,1,3.0,0.0,119.0,5981.0,6882,1,1,1,1,944a298a991948d23b6c818a5bacb2d0509cd6d4,72,72,0,ok,1,306,107,199,0.34967320261437906,195,64,131,0.3282051282051282,111,43,68,0.38738738738738737
appl-team/appl,2024-10,treatment,0,2024-12,0,-2.0,0,0,0,0,1,0,0,0,0,0,0,0,0,0,1,742,150,1,4.0,0.0,149.0,6295.0,7209,1,1,1,1,2ec04e94ab8bce94db81d01af9a0593256a467df,80,80,0,ok,1,319,113,206,0.3542319749216301,207,69,138,0.3333333333333333,112,44,68,0.39285714285714285
appl-team/appl,2024-11,treatment,0,2024-12,0,-1.0,0,0,0,0,0,1,0,0,0,0,0,0,0,0,1,1449,433,1,7.0,0.0,180.0,6983.0,7942,1,1,1,1,a2050956ab4ae0cc12026cefe3a0dd8aeacd84bf,82,82,0,ok,1,339,121,218,0.35693215339233036,223,77,146,0.3452914798206278,116,44,72,0.3793103448275862
appl-team/appl,2024-12,treatment,1,2024-12,1,0.0,0,0,0,0,0,0,1,0,0,0,0,0,0,1,6,5665,1395,2,128.0,0.0,210.0,8700.0,9836,1,1,1,1,515edade420d6c96e9af010cebbc0a1e21c7deae,94,94,0,ok,1,418,135,283,0.3229665071770335,272,85,187,0.3125,146,50,96,0.3424657534246575
appl-team/appl,2025-01,treatment,1,2024-12,1,1.0,0,0,0,0,0,0,0,1,0,0,0,0,0,0,3,211,44,1,17.0,2.0,241.0,8825.0,9967,1,1,1,1,e39c7401e5023d1b8d4c851e3a6f1048a462f03d,96,96,0,ok,1,423,137,286,0.32387706855791965,276,86,190,0.3115942028985507,147,51,96,0.3469387755102041
askjohngeorge/pipecat-lead-qualifier,2025-01,treatment,1,2025-01,1,0.0,0,0,0,0,0,0,1,0,0,0,0,0,0,1,174,18196,5669,1,2.0,0.0,0.0,3588.0,2955,1,1,1,1,322142a04cd2f43c9f5a14123abd4ea5329ddbfd,22,22,0,ok,1,101,48,53,0.4752475247524752,61,27,34,0.4426229508196721,40,21,19,0.525
askjohngeorge/pipecat-lead-qualifier,2025-02,treatment,1,2025-01,1,1.0,0,0,0,0,0,0,0,1,0,0,0,0,0,1,222,8015,17382,1,6.0,0.0,11.0,2493.0,2068,1,1,1,1,c863efa7c17ff84a4780e475fc5dfaa18ac35fd6,18,18,0,ok,1,56,22,34,0.39285714285714285,36,19,17,0.5277777777777778,20,3,17,0.15
c4fun/tell-stories-webui,2025-02,treatment,1,2025-02,1,0.0,0,0,0,0,0,0,1,0,0,0,0,0,0,1,18,1115,149,2,38.0,3.0,0.0,2850.0,3007,1,1,1,1,710af02d6d75c9beeb2879b9895ac12dcc5ef4a2,32,32,0,ok,1,100,24,76,0.24,72,18,54,0.25,28,6,22,0.21428571428571427
c4fun/tell-stories-webui,2025-04,treatment,1,2025-02,1,2.0,0,0,0,0,0,0,0,0,1,0,0,0,0,0,2,4,4,2,0.0,3.0,56.0,2850.0,3007,1,1,1,1,2a586311600393da4899d04a91a1fbe38ce7b5b0,32,32,0,ok,1,100,24,76,0.24,72,18,54,0.25,28,6,22,0.21428571428571427
cgevans/qslib,2024-02,treatment,0,2025-02,0,-12.0,1,0,0,0,0,0,0,0,0,0,0,0,0,0,1,23,8,1,0.0,0.0,907.0,8291.0,9150,1,1,1,1,b9e339f6ffe9ea5e4d5439cdaaeafa897f25d2d6,33,33,0,ok,1,192,36,156,0.1875,123,29,94,0.23577235772357724,69,7,62,0.10144927536231885
cgevans/qslib,2024-03,treatment,0,2025-02,0,-11.0,1,0,0,0,0,0,0,0,0,0,0,0,0,0,2,111,38,1,0.0,0.0,936.0,8292.0,9156,1,1,1,1,ff3fcad7b0ff655d2de1e1df3f85749f256351bf,33,33,0,ok,1,192,36,156,0.1875,123,29,94,0.23577235772357724,69,7,62,0.10144927536231885
cgevans/qslib,2024-05,treatment,0,2025-02,0,-9.0,1,0,0,0,0,0,0,0,0,0,0,0,0,0,1,18,5,1,0.0,0.0,997.0,8303.0,9167,1,1,1,1,e9585da1022cc388100e438149db167518c1efbb,33,33,0,ok,1,192,36,156,0.1875,123,29,94,0.23577235772357724,69,7,62,0.10144927536231885
cgevans/qslib,2024-08,treatment,0,2025-02,0,-6.0,1,0,0,0,0,0,0,0,0,0,0,0,0,0,4,472,406,1,0.0,0.0,1089.0,8355.0,9213,1,1,1,1,eb9bc5cd89646a872dabe7bc10b9dc1f2aa4cde3,33,33,0,ok,1,195,36,159,0.18461538461538463,126,29,97,0.23015873015873015,69,7,62,0.10144927536231885
cgevans/qslib,2024-10,treatment,0,2025-02,0,-4.0,0,0,1,0,0,0,0,0,0,0,0,0,0,0,5,417,214,1,0.0,0.0,1150.0,8546.0,9404,1,1,1,1,942f4703421b38c43587d4cfaa33d8cb61744581,33,33,0,ok,1,195,36,159,0.18461538461538463,126,29,97,0.23015873015873015,69,7,62,0.10144927536231885
cgevans/qslib,2024-11,treatment,0,2025-02,0,-3.0,0,0,0,1,0,0,0,0,0,0,0,0,0,0,7,122,19,1,0.0,0.0,1181.0,8621.0,9497,1,1,1,1,6bdf1ecbb46396a395a43c17398714b271747236,33,33,0,ok,1,195,36,159,0.18461538461538463,126,29,97,0.23015873015873015,69,7,62,0.10144927536231885
cgevans/qslib,2024-12,treatment,0,2025-02,0,-2.0,0,0,0,0,1,0,0,0,0,0,0,0,0,0,4,197,60,1,0.0,0.0,1211.0,8729.0,9612,1,1,1,1,4ee16b6a9069891d5ab83f97ad2084816f347f6d,32,32,0,ok,1,197,35,162,0.17766497461928935,127,28,99,0.2204724409448819,70,7,63,0.1
cgevans/qslib,2025-01,treatment,0,2025-02,0,-1.0,0,0,0,0,0,1,0,0,0,0,0,0,0,0,1,25,21,1,1.0,2.0,1242.0,8741.0,9624,1,1,1,1,89937b69bfffcd885298b8cd98bf37ed05d4af76,32,32,0,ok,1,198,35,163,0.17676767676767677,128,28,100,0.21875,70,7,63,0.1
cgevans/qslib,2025-02,treatment,1,2025-02,1,0.0,0,0,0,0,0,0,1,0,0,0,0,0,0,1,68,12344,7415,2,0.0,0.0,1273.0,8741.0,0,1,1,0,0,f231361a93b274928e71ff2cb06bee91e0bb2c11,0,0,0,ok,1,0,0,0,,0,0,0,,0,0,0,
cgevans/qslib,2025-03,treatment,1,2025-02,1,1.0,0,0,0,0,0,0,0,1,0,0,0,0,0,1,60,15997,2945,1,0.0,0.0,1301.0,8454.0,9346,1,1,1,1,1633aa647dd933e3ed4619a44ab8fad96492fdad,32,32,0,ok,1,188,33,155,0.17553191489361702,120,26,94,0.21666666666666667,68,7,61,0.10294117647058823
cgevans/qslib,2025-04,treatment,1,2025-02,1,2.0,0,0,0,0,0,0,0,0,1,0,0,0,0,0,1,11,0,1,1.0,0.0,1332.0,8454.0,9346,1,1,1,1,03c686b5f265cc510486c81073a0ff0860d22011,32,32,0,ok,1,188,33,155,0.17553191489361702,120,26,94,0.21666666666666667,68,7,61,0.10294117647058823
cgevans/qslib,2025-05,treatment,1,2025-02,1,3.0,0,0,0,0,0,0,0,0,0,1,0,0,0,0,1,15,15,1,0.0,0.0,0.0,8454.0,0,1,1,0,0,d02b38180d3a4f06775d13e613b0f382447d7c6b,0,0,0,ok,1,0,0,0,,0,0,0,,0,0,0,
cgevans/qslib,2025-06,treatment,1,2025-02,1,4.0,0,0,0,0,0,0,0,0,0,0,1,0,0,0,1,1,145,1,0.0,0.0,1393.0,8353.0,9243,1,1,1,1,1258acf2dfee9f0a0b361425073844c94eabbb0e,31,31,0,ok,1,178,31,147,0.17415730337078653,120,26,94,0.21666666666666667,58,5,53,0.08620689655172414
cgevans/qslib,2025-07,treatment,1,2025-02,1,5.0,0,0,0,0,0,0,0,0,0,0,0,1,0,0,4,65,8,1,0.0,0.0,0.0,8395.0,9288,1,1,1,1,da3563d9db5db551649b35b475f8f49fd49ca62a,31,31,0,ok,1,181,31,150,0.1712707182320442,123,26,97,0.21138211382113822,58,5,53,0.08620689655172414
cgevans/qslib,2025-08,treatment,1,2025-02,1,6.0,0,0,0,0,0,0,0,0,0,0,0,0,1,0,8,1112,464,1,0.0,0.0,1454.0,8397.0,9378,1,1,1,1,8f7d15ae779d1e4381e4fe9cdbec6871a0e43678,31,31,0,ok,1,181,32,149,0.17679558011049723,121,27,94,0.2231404958677686,60,5,55,0.08333333333333333
codingforentrepreneurs/Cursor-Django,2024-10,treatment,1,2024-10,1,0.0,0,0,0,0,0,0,1,0,0,0,0,0,0,1,32,1517,275,2,5.0,0.0,0.0,844.0,583,1,1,1,1,62068036fd145b8473920dbf910b42e5bf96d54a,37,37,0,ok,1,32,13,19,0.40625,16,11,5,0.6875,16,2,14,0.125
cohnen/mcp-google-ads,2025-03,treatment,1,2025-03,1,0.0,0,0,0,0,0,0,1,0,0,0,0,0,0,1,10,1423,139,1,13.0,0.0,0.0,943.0,1138,1,1,1,1,e7055815879aa160975f5f5e4b61f667cc4df369,3,3,0,ok,1,23,7,16,0.30434782608695654,23,7,16,0.30434782608695654,0,0,0,
cohnen/mcp-google-ads,2025-04,treatment,1,2025-03,1,1.0,0,0,0,0,0,0,0,1,0,0,0,0,0,0,2,422,22,2,51.0,3.0,11.0,1099.0,1310,1,1,1,1,557a40ed6371b18a225d0564829648e4014461d6,4,4,0,ok,1,27,7,20,0.25925925925925924,27,7,20,0.25925925925925924,0,0,0,
cohnen/mcp-google-ads,2025-07,treatment,1,2025-03,1,4.0,0,0,0,0,0,0,0,0,0,0,1,0,0,0,3,76,27,2,28.0,1.0,102.0,1123.0,1310,1,1,1,1,8a351132b082927e1eec645136f5281419e1d7c7,4,4,0,ok,1,27,7,20,0.25925925925925924,27,7,20,0.25925925925925924,0,0,0,
cohnen/mcp-google-ads,2025-08,treatment,1,2025-03,1,5.0,0,0,0,0,0,0,0,0,0,0,0,1,0,0,3,51,6,2,15.0,0.0,133.0,1134.0,1343,1,1,1,1,c028ad994d96eea4fcd4301938e895c70d43cd6c,4,4,0,ok,1,27,6,21,0.2222222222222222,27,6,21,0.2222222222222222,0,0,0,
daojiAnime/vmq-fastapi,2025-01,treatment,1,2025-01,1,0.0,0,0,0,0,0,0,1,0,0,0,0,0,0,1,3,229,208,1,7.0,0.0,0.0,1969.0,1987,1,1,1,1,0c26f00ba01633a4e487135f27eb60e11d27f7f0,54,54,0,ok,1,157,40,117,0.25477707006369427,125,23,102,0.184,32,17,15,0.53125
daojiAnime/vmq-fastapi,2025-02,treatment,1,2025-01,1,1.0,0,0,0,0,0,0,0,1,0,0,0,0,0,0,27,1326,254,2,2.0,0.0,9.0,2335.0,2369,1,1,1,1,671f34b7e3cc086980180011cd647c1c8cadfe83,66,66,0,ok,1,180,47,133,0.2611111111111111,143,29,114,0.20279720279720279,37,18,19,0.4864864864864865
daojiAnime/vmq-fastapi,2025-03,treatment,1,2025-01,1,2.0,0,0,0,0,0,0,0,0,1,0,0,0,0,0,8,28,7,3,3.0,0.0,37.0,2335.0,2369,1,1,1,1,cfd7123fbc3eb53f6d63f9ae4bbb0d254d1c220d,66,66,0,ok,1,180,47,133,0.2611111111111111,143,29,114,0.20279720279720279,37,18,19,0.4864864864864865
discus0434/nook,2025-02,treatment,1,2025-02,1,0.0,0,0,0,0,0,0,1,0,0,0,0,0,0,1,9,12,11,2,0.0,0.0,0.0,2772.0,1552,1,1,1,1,110d9e87c66da3fc472b257d0a6b52114900a27d,10,10,0,ok,1,36,5,31,0.1388888888888889,16,3,13,0.1875,20,2,18,0.1
discus0434/nook,2025-03,treatment,1,2025-02,1,1.0,0,0,0,0,0,0,0,1,0,0,0,0,0,0,10,71,30,2,202.0,1.0,0.0,2799.0,1586,1,1,1,1,e9fbce1f2d994f41be8762132c6a7d0b14e2a2cd,10,10,0,ok,1,37,5,32,0.13513513513513514,17,3,14,0.17647058823529413,20,2,18,0.1
discus0434/nook,2025-04,treatment,1,2025-02,1,2.0,0,0,0,0,0,0,0,0,1,0,0,0,0,0,2,1101,621,1,14.0,1.0,31.0,3260.0,1957,1,1,1,1,93a9b79409fbfd36c57e68b085dd6cea448d11a2,10,10,0,ok,1,39,5,34,0.1282051282051282,19,3,16,0.15789473684210525,20,2,18,0.1
ericmjl/llamabot,2024-01,treatment,0,2024-09,0,-8.0,1,0,0,0,0,0,0,0,0,0,0,0,0,0,86,6270,1741,4,7.0,0.0,272.0,5865.0,4172,1,1,1,1,1d441f7bcb555b9d4869ba9cf8fc6e77fe080c94,71,71,0,ok,1,190,69,121,0.3631578947368421,166,61,105,0.3674698795180723,24,8,16,0.3333333333333333
ericmjl/llamabot,2024-02,treatment,0,2024-09,0,-7.0,1,0,0,0,0,0,0,0,0,0,0,0,0,0,106,2702,2224,8,9.0,11.0,303.0,5695.0,3999,1,1,1,1,8251fdc3c127756b10c15d3df63a2670c177219e,71,71,0,ok,1,188,69,119,0.3670212765957447,164,61,103,0.3719512195121951,24,8,16,0.3333333333333333
ericmjl/llamabot,2024-03,treatment,0,2024-09,0,-6.0,1,0,0,0,0,0,0,0,0,0,0,0,0,0,75,5067,3392,5,4.0,4.0,332.0,5918.0,4223,1,1,1,1,39f75a9efea922d48433d7c2688aa585f86d2f45,72,72,0,ok,1,195,69,126,0.35384615384615387,168,61,107,0.3630952380952381,27,8,19,0.2962962962962963
ericmjl/llamabot,2024-04,treatment,0,2024-09,0,-5.0,0,1,0,0,0,0,0,0,0,0,0,0,0,0,14,143,52,3,10.0,0.0,363.0,5923.0,4228,1,1,1,1,8592cf5fd9fd90afaefa0d3c2ca052133b3b7007,72,72,0,ok,1,195,69,126,0.35384615384615387,168,61,107,0.3630952380952381,27,8,19,0.2962962962962963
ericmjl/llamabot,2024-05,treatment,0,2024-09,0,-4.0,0,0,1,0,0,0,0,0,0,0,0,0,0,0,3,22,3,1,8.0,2.0,393.0,5923.0,4228,1,1,1,1,e1021d2c0e00585cc499947dd6fa5c7fdb44c010,72,72,0,ok,1,195,69,126,0.35384615384615387,168,61,107,0.3630952380952381,27,8,19,0.2962962962962963
ericmjl/llamabot,2024-06,treatment,0,2024-09,0,-3.0,0,0,0,1,0,0,0,0,0,0,0,0,0,0,8,498,104,3,1.0,1.0,424.0,5956.0,4232,1,1,1,1,14868cd4d48aad3a2be18b8860b97b084c5f2da0,72,72,0,ok,1,195,69,126,0.35384615384615387,168,61,107,0.3630952380952381,27,8,19,0.2962962962962963
ericmjl/llamabot,2024-07,treatment,0,2024-09,0,-2.0,0,0,0,0,1,0,0,0,0,0,0,0,0,0,186,77646,13773,9,11.0,7.0,454.0,6629.0,4455,1,1,1,1,456d10cde5ce15cbe129c78002c1438aae8ab284,75,75,0,ok,1,205,73,132,0.35609756097560974,173,65,108,0.37572254335260113,32,8,24,0.25
ericmjl/llamabot,2024-08,treatment,0,2024-09,0,-1.0,0,0,0,0,0,1,0,0,0,0,0,0,0,0,73,30941,51681,3,3.0,0.0,485.0,6856.0,4621,1,1,1,1,58029f64ebd647d2bd0c2badfa64e6127fbec0ee,76,76,0,ok,1,212,77,135,0.3632075471698113,177,68,109,0.384180790960452,35,9,26,0.2571428571428571
ericmjl/llamabot,2024-09,treatment,1,2024-09,1,0.0,0,0,0,0,0,0,1,0,0,0,0,0,0,1,47,2371,509,3,8.0,2.0,516.0,7391.0,5148,1,1,1,1,d8316b531c71d4982f7d0a2c07901b9d91ee9d51,80,80,0,ok,1,229,83,146,0.3624454148471616,188,75,113,0.39893617021276595,41,8,33,0.1951219512195122
ericmjl/llamabot,2024-10,treatment,1,2024-09,1,1.0,0,0,0,0,0,0,0,1,0,0,0,0,0,1,181,16369,12323,5,6.0,12.0,546.0,9220.0,6508,1,1,1,1,2ad1dc75c50f9a042792f5124f438c542a772afa,86,86,0,ok,1,257,84,173,0.32684824902723736,214,76,138,0.35514018691588783,43,8,35,0.18604651162790697
ericmjl/llamabot,2024-11,treatment,1,2024-09,1,2.0,0,0,0,0,0,0,0,0,1,0,0,0,0,1,83,13857,5477,5,7.0,7.0,577.0,10032.0,7325,1,1,1,1,817b42120ef26ae2212beec819d96bb6aa6e3771,97,97,0,ok,1,322,99,223,0.30745341614906835,272,89,183,0.3272058823529412,50,10,40,0.2
ericmjl/llamabot,2024-12,treatment,1,2024-09,1,3.0,0,0,0,0,0,0,0,0,0,1,0,0,0,0,57,10018,6465,2,3.0,1.0,607.0,10988.0,8099,1,1,1,1,2e2c9d7b73777e2a9a4e413e18bb9ea09735e0ab,100,100,0,ok,1,360,111,249,0.30833333333333335,303,97,206,0.3201320132013201,57,14,43,0.24561403508771928
ericmjl/llamabot,2025-01,treatment,1,2024-09,1,4.0,0,0,0,0,0,0,0,0,0,0,1,0,0,0,40,4542,417,3,4.0,2.0,638.0,11990.0,8911,1,1,1,1,1c8c953c1bf488a68254b7628b889b34e3f18702,103,103,0,ok,1,412,134,278,0.32524271844660196,351,118,233,0.33618233618233617,61,16,45,0.26229508196721313
ericmjl/llamabot,2025-02,treatment,1,2024-09,1,5.0,0,0,0,0,0,0,0,0,0,0,0,1,0,0,60,4961,4685,2,1.0,0.0,669.0,12165.0,9074,1,1,1,1,93e4983d344e0ec0a8c71f70bf4886dedd48aec6,101,101,0,ok,1,411,134,277,0.3260340632603406,349,117,232,0.335243553008596,62,17,45,0.27419354838709675
ericmjl/llamabot,2025-04,treatment,1,2024-09,1,7.0,0,0,0,0,0,0,0,0,0,0,0,0,1,0,33,8078,8427,3,1.0,1.0,728.0,12484.0,9431,1,1,1,1,e17869654f04d142aa0444477fe2da65ad526ea7,101,101,0,ok,1,425,134,291,0.31529411764705884,363,117,246,0.32231404958677684,62,17,45,0.27419354838709675
ericmjl/llamabot,2025-05,treatment,1,2024-09,1,8.0,0,0,0,0,0,0,0,0,0,0,0,0,1,1,101,14871,28393,4,2.0,0.0,758.0,9683.0,10069,1,1,1,1,ff965a055c8e8cd88eb274aa2804ca56fb220156,100,100,0,ok,1,470,145,325,0.30851063829787234,417,131,286,0.31414868105515587,53,14,39,0.2641509433962264
ericmjl/llamabot,2025-06,treatment,1,2024-09,1,9.0,0,0,0,0,0,0,0,0,0,0,0,0,1,0,23,596,116,3,2.0,9.0,789.0,9867.0,10236,1,1,1,1,24a8eda035d0e5052e1cfd42c663d1ce665f3a66,102,102,0,ok,1,490,155,335,0.3163265306122449,437,141,296,0.32265446224256294,53,14,39,0.2641509433962264
ericmjl/llamabot,2025-07,treatment,1,2024-09,1,10.0,0,0,0,0,0,0,0,0,0,0,0,0,1,0,55,13265,8076,4,8.0,5.0,819.0,12415.0,13197,1,1,1,1,876ea531ed292cbc9c57fe4577f17b64e119f8d0,118,118,0,ok,1,667,205,462,0.3073463268365817,599,189,410,0.31552587646076796,68,16,52,0.23529411764705882
ericmjl/llamabot,2025-08,treatment,1,2024-09,1,11.0,0,0,0,0,0,0,0,0,0,0,0,0,1,0,54,5442,4798,4,5.0,0.0,850.0,12450.0,13307,1,1,1,1,664caeb1ec878d73b10a60e210a111d8ff2ae612,113,113,0,ok,1,687,211,476,0.3071324599708879,627,197,430,0.3141945773524721,60,14,46,0.23333333333333334
ericmjl/pyds-cli,2024-02,treatment,0,2024-11,0,-9.0,1,0,0,0,0,0,0,0,0,0,0,0,0,0,14,267,283,1,0.0,0.0,803.0,713.0,996,1,1,1,1,542facb218134a7e4348538b72ed4a8e739034cc,30,30,0,ok,1,62,14,48,0.22580645161290322,61,13,48,0.21311475409836064,1,1,0,1.0
ericmjl/pyds-cli,2024-03,treatment,0,2024-11,0,-8.0,1,0,0,0,0,0,0,0,0,0,0,0,0,0,26,228,277,1,0.0,1.0,832.0,665.0,918,1,1,1,1,dc660dc98fff2e243d97dd6c7f3665e6e085f7f4,31,31,0,ok,1,62,12,50,0.1935483870967742,61,11,50,0.18032786885245902,1,1,0,1.0
ericmjl/pyds-cli,2024-04,treatment,0,2024-11,0,-7.0,1,0,0,0,0,0,0,0,0,0,0,0,0,0,35,630,485,3,7.0,0.0,863.0,665.0,918,1,1,1,1,5453e67dd1d33a3199c3d142cb681507ff4e76cd,31,31,0,ok,1,62,12,50,0.1935483870967742,61,11,50,0.18032786885245902,1,1,0,1.0
ericmjl/pyds-cli,2024-05,treatment,0,2024-11,0,-6.0,1,0,0,0,0,0,0,0,0,0,0,0,0,0,6,72,16,3,2.0,0.0,893.0,665.0,918,1,1,1,1,99e4057df0f1c4a3fef2b17ce0992e9abbfe9223,31,31,0,ok,1,62,12,50,0.1935483870967742,61,11,50,0.18032786885245902,1,1,0,1.0
ericmjl/pyds-cli,2024-06,treatment,0,2024-11,0,-5.0,0,1,0,0,0,0,0,0,0,0,0,0,0,0,5,77,7,3,0.0,0.0,924.0,682.0,939,1,1,1,1,7a1526e644dc3aa2d6f0b56403991f530eb8a829,31,31,0,ok,1,64,13,51,0.203125,63,12,51,0.19047619047619047,1,1,0,1.0
ericmjl/pyds-cli,2024-07,treatment,0,2024-11,0,-4.0,0,0,1,0,0,0,0,0,0,0,0,0,0,0,41,20008,6606,3,0.0,0.0,954.0,423.0,557,1,1,1,1,eab8f5ffc56092f23d50f01cc7b7f69a2c4ce063,25,25,0,ok,1,32,8,24,0.25,32,8,24,0.25,0,0,0,
ericmjl/pyds-cli,2024-08,treatment,0,2024-11,0,-3.0,0,0,0,1,0,0,0,0,0,0,0,0,0,0,24,1152,415,2,1.0,0.0,985.0,427.0,565,1,1,1,1,e4294af7ec7cd08539b2824b1a305094fd2f8aa2,25,25,0,ok,1,32,8,24,0.25,32,8,24,0.25,0,0,0,
ericmjl/pyds-cli,2024-11,treatment,1,2024-11,1,0.0,0,0,0,0,0,0,1,0,0,0,0,0,0,1,44,4977,2662,2,2.0,1.0,1077.0,811.0,981,1,1,1,1,41cb7b8fe19f46be2efc7cbf23246663e1903cb7,27,27,0,ok,1,51,10,41,0.19607843137254902,51,10,41,0.19607843137254902,0,0,0,
ericmjl/pyds-cli,2025-03,treatment,1,2024-11,1,4.0,0,0,0,0,0,0,0,0,0,0,1,0,0,0,14,941,2335,2,0.0,0.0,1197.0,811.0,981,1,1,1,1,40e3323677b5794f74c7a5a467d44013d100a061,27,27,0,ok,1,51,10,41,0.19607843137254902,51,10,41,0.19607843137254902,0,0,0,
ericmjl/pyds-cli,2025-04,treatment,1,2024-11,1,5.0,0,0,0,0,0,0,0,0,0,0,0,1,0,0,8,54,37,3,1.0,0.0,1228.0,811.0,981,1,1,1,1,960cab9b03b220bf451c6b774a343252bf2ed5b9,27,27,0,ok,1,51,10,41,0.19607843137254902,51,10,41,0.19607843137254902,0,0,0,
ericyuegu/hal,2024-05,treatment,0,2025-02,0,-9.0,1,0,0,0,0,0,0,0,0,0,0,0,0,0,3,271,16,1,0.0,0.0,0.0,778.0,799,1,1,1,1,3715ed2339247576d590e4fa922c5abcd439ff8f,15,15,0,ok,1,58,19,39,0.3275862068965517,36,17,19,0.4722222222222222,22,2,20,0.09090909090909091
ericyuegu/hal,2024-06,treatment,0,2025-02,0,-8.0,1,0,0,0,0,0,0,0,0,0,0,0,0,0,48,2057,1060,1,0.0,0.0,0.0,1233.0,1254,1,1,1,1,627746eac307e2458ef4e00f89193b0b798d9878,24,24,0,ok,1,78,18,60,0.23076923076923078,55,16,39,0.2909090909090909,23,2,21,0.08695652173913043
ericyuegu/hal,2024-07,treatment,0,2025-02,0,-7.0,1,0,0,0,0,0,0,0,0,0,0,0,0,0,188,6950,4438,1,0.0,0.0,0.0,2955.0,3057,1,1,1,1,8ebe5f09ca77015d01bf1123cf68f45e70fbf706,42,42,0,ok,1,122,28,94,0.22950819672131148,88,26,62,0.29545454545454547,34,2,32,0.058823529411764705
ericyuegu/hal,2024-08,treatment,0,2025-02,0,-6.0,1,0,0,0,0,0,0,0,0,0,0,0,0,0,9,223,177,1,0.0,0.0,0.0,2981.0,3084,1,1,1,1,06c47ea2a64561d64df07421951ba9199f923bf5,42,42,0,ok,1,123,29,94,0.23577235772357724,89,27,62,0.30337078651685395,34,2,32,0.058823529411764705
ericyuegu/hal,2024-09,treatment,0,2025-02,0,-5.0,0,1,0,0,0,0,0,0,0,0,0,0,0,0,122,4116,1743,1,0.0,0.0,0.0,4417.0,4561,1,1,1,1,913b170a33965077bbfff82a08d891c10aad8dfb,56,56,0,ok,1,177,37,140,0.20903954802259886,127,36,91,0.28346456692913385,50,1,49,0.02
ericyuegu/hal,2024-10,treatment,0,2025-02,0,-4.0,0,0,1,0,0,0,0,0,0,0,0,0,0,0,37,1659,703,1,0.0,0.0,0.0,4983.0,5175,1,1,1,1,e57df07e946a03f62138dba1116469e87b71dad0,67,67,0,ok,1,197,39,158,0.19796954314720813,143,38,105,0.26573426573426573,54,1,53,0.018518518518518517
ericyuegu/hal,2024-11,treatment,0,2025-02,0,-3.0,0,0,0,1,0,0,0,0,0,0,0,0,0,0,56,2664,1553,1,0.0,0.0,0.0,5746.0,5985,1,1,1,1,34c80ded5abcc8b885bc2cf72df72525f65ebd5e,72,72,0,ok,1,219,40,179,0.182648401826484,160,39,121,0.24375,59,1,58,0.01694915254237288
ericyuegu/hal,2024-12,treatment,0,2025-02,0,-2.0,0,0,0,0,1,0,0,0,0,0,0,0,0,0,35,1471,1212,1,0.0,0.0,0.0,5873.0,6135,1,1,1,1,472900b29dd21457804ed83eea31a4e9007f30fa,75,75,0,ok,1,218,39,179,0.17889908256880735,157,38,119,0.24203821656050956,61,1,60,0.01639344262295082
ericyuegu/hal,2025-02,treatment,1,2025-02,1,0.0,0,0,0,0,0,0,1,0,0,0,0,0,0,1,193,11154,4942,1,5.0,0.0,0.0,10153.0,10707,1,1,1,1,05d9e477f28ce8fc61c193ac996eefb2ffc6cc30,93,93,0,ok,1,337,61,276,0.18100890207715134,260,59,201,0.22692307692307692,77,2,75,0.025974025974025976
ericyuegu/hal,2025-03,treatment,1,2025-02,1,1.0,0,0,0,0,0,0,0,1,0,0,0,0,0,1,57,3306,1147,1,21.0,0.0,4.0,11182.0,11987,1,1,1,1,c90449941213af91277b88bef9aad2b0f29bbb56,101,101,0,ok,1,366,62,304,0.16939890710382513,280,60,220,0.21428571428571427,86,2,84,0.023255813953488372
ericzakariasson/uber-eats-mcp-server,2025-03,treatment,1,2025-03,1,0.0,0,0,0,0,0,0,1,0,0,0,0,0,0,1,5,230,28,3,132.0,3.0,0.0,101.0,117,1,1,1,1,ba475ebd9343dc771addd22ecbd19420a8d7534b,2,2,0,ok,1,6,1,5,0.16666666666666666,6,1,5,0.16666666666666666,0,0,0,
ethyca/fides,2024-01,treatment,0,2025-03,0,-14.0,1,0,0,0,0,0,0,0,0,0,0,0,0,0,38,14410,17818,12,4.0,1.0,790.0,234138.0,157670,1,1,1,1,5bf61d1a19d6e575a3e379f14311b4321cffe8f9,958,958,0,ok,1,4200,1114,3086,0.2652380952380952,3101,831,2270,0.26797807158980974,1099,283,816,0.2575068243858053
ethyca/fides,2024-02,treatment,0,2025-03,0,-13.0,1,0,0,0,0,0,0,0,0,0,0,0,0,0,23,4780,358,8,6.0,5.0,821.0,236530.0,158752,1,1,1,1,14aad9bceaffc32d7da28a07841734d7099db990,970,970,0,ok,1,4229,1124,3105,0.26578387325608893,3117,837,2280,0.2685274302213667,1112,287,825,0.2580935251798561
ethyca/fides,2024-03,treatment,0,2025-03,0,-12.0,1,0,0,0,0,0,0,0,0,0,0,0,0,0,58,30369,14428,15,7.0,2.0,850.0,243639.0,157850,1,1,1,1,321e9d4355a51a88bffdb51a20d85974e192f04d,986,986,0,ok,1,4258,1143,3115,0.2684358853922029,3136,854,2282,0.27232142857142855,1122,289,833,0.25757575757575757
ethyca/fides,2024-04,treatment,0,2025-03,0,-11.0,1,0,0,0,0,0,0,0,0,0,0,0,0,0,59,20196,7710,14,2.0,0.0,881.0,252866.0,166190,1,1,1,1,c617f6804ae5f841bd61f65729c1186f3c95d5b8,1010,1010,0,ok,1,4408,1165,3243,0.2642921960072595,3240,867,2373,0.2675925925925926,1168,298,870,0.2551369863013699
ethyca/fides,2024-05,treatment,0,2025-03,0,-10.0,1,0,0,0,0,0,0,0,0,0,0,0,0,0,80,18516,4427,16,3.0,206.0,911.0,263161.0,169880,1,1,1,1,d50f5b3622c9058eee0c9aceb7f48463469afada,1027,1027,0,ok,1,4496,1199,3297,0.2666814946619217,3302,894,2408,0.2707450030284676,1194,305,889,0.2554438860971524
ethyca/fides,2024-06,treatment,0,2025-03,0,-9.0,1,0,0,0,0,0,0,0,0,0,0,0,0,0,71,16358,6914,15,3.0,1.0,942.0,270471.0,176043,1,1,1,1,6041a493e7e36e60b9267b9402c7c3332ab3f170,1049,1049,0,ok,1,4617,1231,3386,0.26662334849469355,3388,919,2469,0.2712514757969303,1229,312,917,0.25386493083807976
ethyca/fides,2024-07,treatment,0,2025-03,0,-8.0,1,0,0,0,0,0,0,0,0,0,0,0,0,0,98,22211,13007,20,8.0,3.0,972.0,276359.0,180591,1,1,1,1,84447c0a004c65a5552acdee70ffa76a59fc864f,1080,1080,0,ok,1,4713,1268,3445,0.269043072353066,3449,947,2502,0.2745723398086402,1264,321,943,0.25395569620253167
ethyca/fides,2024-08,treatment,0,2025-03,0,-7.0,1,0,0,0,0,0,0,0,0,0,0,0,0,0,87,23400,13540,18,8.0,1.0,1003.0,281197.0,184729,1,1,1,1,e9174b771155abc0ff3faf1fb7b8b76836788617,1097,1097,0,ok,1,4796,1282,3514,0.2673060884070058,3523,969,2554,0.27504967357365884,1273,313,960,0.24587588373919875
ethyca/fides,2024-09,treatment,0,2025-03,0,-6.0,1,0,0,0,0,0,0,0,0,0,0,0,0,0,58,23552,3215,17,7.0,0.0,1034.0,293320.0,191848,1,1,1,1,a6510c126e548353bfa0c6dcde66796d998dcdad,1130,1130,0,ok,1,4923,1311,3612,0.26630103595368676,3613,988,2625,0.27345696097425964,1310,323,987,0.24656488549618322
ethyca/fides,2024-10,treatment,0,2025-03,0,-5.0,0,1,0,0,0,0,0,0,0,0,0,0,0,0,82,13173,26018,17,4.0,0.0,1064.0,296539.0,194702,1,1,1,1,d60ec78344f18bd0118e088612f496f4e816386c,1154,1154,0,ok,1,4983,1330,3653,0.26690748545053183,3653,1001,2652,0.27402135231316727,1330,329,1001,0.24736842105263157
ethyca/fides,2024-11,treatment,0,2025-03,0,-4.0,0,0,1,0,0,0,0,0,0,0,0,0,0,0,70,11592,7700,13,2.0,0.0,1095.0,297819.0,196005,1,1,1,1,f1865030d52eabe84e650a576c9f0449d24d90a3,1169,1169,0,ok,1,5036,1340,3696,0.26608419380460685,3695,1010,2685,0.2733423545331529,1341,330,1011,0.24608501118568232
ethyca/fides,2024-12,treatment,0,2025-03,0,-3.0,0,0,0,1,0,0,0,0,0,0,0,0,0,0,56,15948,32292,13,14.0,0.0,1125.0,283554.0,179475,1,1,1,1,f77633e33a7b3e77e127caedfbd5d4c0256590c5,1058,1058,0,ok,1,4364,1124,3240,0.25756186984417967,3060,793,2267,0.25915032679738564,1304,331,973,0.25383435582822084
ethyca/fides,2025-01,treatment,0,2025-03,0,-2.0,0,0,0,0,1,0,0,0,0,0,0,0,0,0,52,14877,5327,15,5.0,0.0,1156.0,290017.0,181517,1,1,1,1,c4d69ccb55793e152b0e29c7288dfd342176466f,1077,1077,0,ok,1,4401,1132,3269,0.2572142694842081,3087,801,2286,0.2594752186588921,1314,331,983,0.2519025875190259
ethyca/fides,2025-02,treatment,0,2025-03,0,-1.0,0,0,0,0,0,1,0,0,0,0,0,0,0,0,84,32694,6363,17,3.0,0.0,1187.0,306387.0,185877,1,1,1,1,c51cd945858ae1bbcc1f72c26ab4422f3f019907,1109,1109,0,ok,1,4514,1162,3352,0.25742135578201153,3149,817,2332,0.25944744363289934,1365,345,1020,0.25274725274725274
ethyca/fides,2025-03,treatment,1,2025-03,1,0.0,0,0,0,0,0,0,1,0,0,0,0,0,0,1,114,34633,19840,17,3.0,0.0,1215.0,318465.0,191597,1,1,1,1,524ff93669d122111bfd73df1c4ca2c2d9d7d100,1150,1150,0,ok,1,4665,1191,3474,0.25530546623794215,3280,845,2435,0.2576219512195122,1385,346,1039,0.24981949458483754
ethyca/fides,2025-04,treatment,1,2025-03,1,1.0,0,0,0,0,0,0,0,1,0,0,0,0,0,0,112,19441,5577,19,6.0,0.0,1246.0,318483.0,196162,1,1,1,1,e469857a142ed59acc3eb55ada6bd20ac94c1be5,1171,1171,0,ok,1,4739,1207,3532,0.2546950833509179,3322,857,2465,0.2579771222155328,1417,350,1067,0.24700070571630206
ethyca/fides,2025-05,treatment,1,2025-03,1,2.0,0,0,0,0,0,0,0,0,1,0,0,0,0,0,57,11737,4051,17,3.0,1.0,1276.0,334106.0,197331,1,1,1,1,013705a19dd54de748b589460505f92f0b100cc9,1170,1170,0,ok,1,4733,1209,3524,0.255440523980562,3296,860,2436,0.2609223300970874,1437,349,1088,0.2428670842032011
ethyca/fides,2025-06,treatment,1,2025-03,1,3.0,0,0,0,0,0,0,0,0,0,1,0,0,0,1,76,38728,25706,17,7.0,0.0,1307.0,344290.0,211470,1,1,1,1,25f89cf50afcac815c38422d299fb39b35cd76a3,1226,1226,0,ok,1,4933,1252,3681,0.2538009324954389,3400,889,2511,0.2614705882352941,1533,363,1170,0.23679060665362034
ethyca/fides,2025-07,treatment,1,2025-03,1,4.0,0,0,0,0,0,0,0,0,0,0,1,0,0,0,115,43018,11520,15,1.0,0.0,1337.0,366153.0,224511,1,1,1,1,9f183a7ab5faa5eb0efd7d4da31808a978b91242,1284,1284,0,ok,1,5174,1300,3874,0.25125628140703515,3548,922,2626,0.25986471251409243,1626,378,1248,0.23247232472324722
ethyca/fides,2025-08,treatment,1,2025-03,1,5.0,0,0,0,0,0,0,0,0,0,0,0,1,0,0,81,43108,8994,18,2.0,0.0,1368.0,388512.0,241839,1,1,1,1,cb4eb8bd6ccc98b8e68630f3f7d938f1b3bf953a,1340,1340,0,ok,1,5402,1353,4049,0.25046279155868195,3675,962,2713,0.2617687074829932,1727,391,1336,0.2264041690793283
ezyang/codemcp,2025-03,treatment,1,2025-03,1,0.0,0,0,0,0,0,0,1,0,0,0,0,0,0,1,1019,43044,30258,8,863.0,66.0,0.0,8341.0,9372,1,1,1,1,5295ec34409551d3aefad86af2d30a2c3b50fb25,71,71,0,ok,1,183,26,157,0.14207650273224043,142,22,120,0.15492957746478872,41,4,37,0.0975609756097561
ezyang/codemcp,2025-04,treatment,1,2025-03,1,1.0,0,0,0,0,0,0,0,1,0,0,0,0,0,0,34,1830,426,3,216.0,11.0,21.0,8912.0,10004,1,1,1,1,3aaa4a8701c74dee51c58c39c48ff6426edcaa67,75,75,0,ok,1,199,26,173,0.1306532663316583,158,22,136,0.13924050632911392,41,4,37,0.0975609756097561
ezyang/codemcp,2025-05,treatment,1,2025-03,1,2.0,0,0,0,0,0,0,0,0,1,0,0,0,0,0,30,2783,2492,2,146.0,5.0,51.0,8818.0,10017,1,1,1,1,5b6726ab8c71ecf84fc20cb351b7bc7d7941bfda,76,76,0,ok,1,186,20,166,0.10752688172043011,146,17,129,0.11643835616438356,40,3,37,0.075
ezyang/codemcp,2025-06,treatment,1,2025-03,1,3.0,0,0,0,0,0,0,0,0,0,1,0,0,0,0,5,444,372,1,57.0,1.0,82.0,8856.0,10063,1,1,1,1,41dfe735e1541d6db93f326e43db66f1e7038425,76,76,0,ok,1,187,20,167,0.10695187165775401,147,17,130,0.11564625850340136,40,3,37,0.075
gerred/mcp-server-replicate,2025-01,treatment,1,2025-01,1,0.0,0,0,0,0,0,0,1,0,0,0,0,0,0,1,25,8751,2459,4,8.0,0.0,0.0,2718.0,3335,1,1,1,1,da7c9f5b18a5a1db189315cdfb6b92d03583bf1a,29,29,0,ok,1,61,16,45,0.26229508196721313,39,13,26,0.3333333333333333,22,3,19,0.13636363636363635
gerred/mcp-server-replicate,2025-02,treatment,1,2025-01,1,1.0,0,0,0,0,0,0,0,1,0,0,0,0,0,0,1,2,0,1,1.0,0.0,26.0,2718.0,3335,1,1,1,1,568024cbab6f7da22a85d7bd5787f2e835e4e54a,29,29,0,ok,1,61,16,45,0.26229508196721313,39,13,26,0.3333333333333333,22,3,19,0.13636363636363635
getsentry/sentry,2024-01,treatment,0,2025-02,0,-13.0,1,0,0,0,0,0,0,0,0,0,0,0,0,0,1359,123889,79595,94,293.0,737.0,3286.0,1349397.0,755230,1,1,1,1,8073feb6eac31a856f6a389a1c289430b35e3589,5598,5598,0,ok,1,14681,3172,11509,0.21606157618690824,6903,1890,5013,0.2737940026075619,7778,1282,6496,0.16482386217536643
getsentry/sentry,2024-02,treatment,0,2025-02,0,-12.0,1,0,0,0,0,0,0,0,0,0,0,0,0,0,1235,106935,66203,92,276.0,614.0,3317.0,1382944.0,773969,1,1,1,1,de6c3afad3e8eb67fe0f4cccc389f4374a87fea0,5739,5739,0,ok,1,15073,3277,11796,0.21740861142440124,7098,1943,5155,0.27373908143138914,7975,1334,6641,0.16727272727272727
getsentry/sentry,2024-03,treatment,0,2025-02,0,-11.0,1,0,0,0,0,0,0,0,0,0,0,0,0,0,1354,85346,81409,106,307.0,558.0,3346.0,1388532.0,760597,1,1,1,1,b3f8ab3aea7eaabfd408314997f8c21c5707491f,5537,5537,0,ok,1,14803,3266,11537,0.22063095318516518,7048,1907,5141,0.2705732122587968,7755,1359,6396,0.17524177949709865
getsentry/sentry,2024-04,treatment,0,2025-02,0,-10.0,1,0,0,0,0,0,0,0,0,0,0,0,0,0,1442,120583,67968,103,316.0,654.0,3377.0,1428367.0,778050,1,1,1,1,d9935228ed25a087426c4665bb98358bb1e4c580,5648,5648,0,ok,1,15151,3304,11847,0.21807141442809055,7225,1920,5305,0.2657439446366782,7926,1384,6542,0.1746151905122382
getsentry/sentry,2024-05,treatment,0,2025-02,0,-9.0,1,0,0,0,0,0,0,0,0,0,0,0,0,0,1386,105068,74537,108,307.0,552.0,3407.0,1455256.0,794218,1,1,1,1,0d270ad1c8532bb133772a03e166dca23a3a08ad,5733,5733,0,ok,1,15387,3362,12025,0.2184961330993696,7324,1936,5388,0.2643364281813217,8063,1426,6637,0.17685724916284262
getsentry/sentry,2024-06,treatment,0,2025-02,0,-8.0,1,0,0,0,0,0,0,0,0,0,0,0,0,0,1231,90487,57568,103,279.0,565.0,3438.0,1483303.0,810636,1,1,1,1,27f0f976edf02d303fc16cab7a481e588be43e8e,5836,5836,0,ok,1,15635,3440,12195,0.2200191877198593,7411,1971,5440,0.26595601133450275,8224,1469,6755,0.17862354085603113
getsentry/sentry,2024-07,treatment,0,2025-02,0,-7.0,1,0,0,0,0,0,0,0,0,0,0,0,0,0,1335,109735,96810,102,324.0,682.0,3468.0,1523120.0,825877,1,1,1,1,3efa8cf306b9650d8129ffeaca77601b833b1009,5902,5902,0,ok,1,15813,3449,12364,0.21811168026307468,7470,1980,5490,0.26506024096385544,8343,1469,6874,0.17607575212753207
getsentry/sentry,2024-08,treatment,0,2025-02,0,-6.0,1,0,0,0,0,0,0,0,0,0,0,0,0,0,1011,1371750,546869,102,714.0,414.0,3499.0,1550545.0,835853,1,1,1,1,14b776d65b324705fca7edfd2c88a748429d54e3,5970,5970,0,ok,1,15952,3494,12458,0.2190320962888666,7520,2004,5516,0.26648936170212767,8432,1490,6942,0.176707779886148
getsentry/sentry,2024-09,treatment,0,2025-02,0,-5.0,0,1,0,0,0,0,0,0,0,0,0,0,0,0,1077,106524,92851,93,298.0,685.0,3530.0,1578069.0,843700,1,1,1,1,6c6024b9d8999b88166c60580a677d809252fc04,6056,6056,0,ok,1,16138,3554,12584,0.22022555459164705,7574,2028,5546,0.26775811988381304,8564,1526,7038,0.17818776272769735
getsentry/sentry,2024-10,treatment,0,2025-02,0,-4.0,0,0,1,0,0,0,0,0,0,0,0,0,0,0,1242,109969,64007,97,420.0,684.0,3560.0,1607265.0,857725,1,1,1,1,ad46b361e2e960136b68f1647b936af1b3f6752a,6122,6122,0,ok,1,16419,3620,12799,0.22047627748340337,7697,2061,5636,0.26776666233597507,8722,1559,7163,0.1787434074753497
getsentry/sentry,2024-11,treatment,0,2025-02,0,-3.0,0,0,0,1,0,0,0,0,0,0,0,0,0,0,1029,125272,69618,91,297.0,411.0,3591.0,1626387.0,870367,1,1,1,1,8e45680a887ec96c50c1f43fffe1ac8f2b6c54aa,6264,6264,0,ok,1,16738,3713,13025,0.2218305651810252,7806,2086,5720,0.26723033563925186,8932,1627,7305,0.182154052843708
getsentry/sentry,2024-12,treatment,0,2025-02,0,-2.0,0,0,0,0,1,0,0,0,0,0,0,0,0,0,911,66669,42424,95,257.0,1120.0,3621.0,1644542.0,876435,1,1,1,1,707f353d2d1933fbf951478c414838f9e5956b38,6329,6329,0,ok,1,16865,3719,13146,0.22051586125111178,7833,2073,5760,0.2646495595557258,9032,1646,7386,0.18224092116917626
getsentry/sentry,2025-01,treatment,0,2025-02,0,-1.0,0,0,0,0,0,1,0,0,0,0,0,0,0,0,1408,115313,94649,105,246.0,382.0,3652.0,1670416.0,889765,1,1,1,1,d210118fce94310ef5858d51efe16ee26c995a48,6463,6463,0,ok,1,17132,3728,13404,0.21760448283913145,7944,2074,5870,0.26107754279959716,9188,1654,7534,0.18001741401828472
getsentry/sentry,2025-02,treatment,1,2025-02,1,0.0,0,0,0,0,0,0,1,0,0,0,0,0,0,1,1403,223304,115200,98,390.0,324.0,3683.0,1771865.0,903576,1,1,1,1,c4502d06cff34abeb8f58810743fb907ee914348,6514,6514,0,ok,1,17461,3794,13667,0.2172842334345112,8085,2102,5983,0.25998763141620285,9376,1692,7684,0.1804607508532423
getsentry/sentry,2025-03,treatment,1,2025-02,1,1.0,0,0,0,0,0,0,0,1,0,0,0,0,0,0,1777,183231,87506,111,299.0,568.0,3711.0,1853961.0,931978,1,1,1,1,2d92281805254325dbedb3cafcfdd53d09b1d9df,6693,6693,0,ok,1,17884,3874,14010,0.21661820621784836,8257,2143,6114,0.25953736223810103,9627,1731,7896,0.17980679339358055
getsentry/sentry,2025-04,treatment,1,2025-02,1,2.0,0,0,0,0,0,0,0,0,1,0,0,0,0,1,1981,166635,100395,119,299.0,416.0,3742.0,1907308.0,965562,1,1,1,1,32cb664b86c13cc020c06f7e208cd9a62e6891a0,6865,6865,0,ok,1,18574,4021,14553,0.21648540971250135,8612,2221,6391,0.2578959591267998,9962,1800,8162,0.1806866091146356
getsentry/sentry,2025-05,treatment,1,2025-02,1,3.0,0,0,0,0,0,0,0,0,0,1,0,0,0,1,1593,140275,132865,119,261.0,278.0,3772.0,1909669.0,958364,1,1,1,1,975f8d773e5a6c5ed6595176a42ff31e887ec95d,6364,6364,0,ok,1,17922,3967,13955,0.2213480638321616,8587,2246,6341,0.26155816932572495,9335,1721,7614,0.18435993572576326
getsentry/sentry,2025-06,treatment,1,2025-02,1,4.0,0,0,0,0,0,0,0,0,0,0,1,0,0,1,1738,158173,130970,131,159.0,264.0,3803.0,1962140.0,987563,1,1,1,1,4f2be477198bf2814c6d6cd4b80ba19cbe386908,6538,6538,0,ok,1,18408,4094,14314,0.22240330291177748,8766,2292,6474,0.2614647501711157,9642,1802,7840,0.1868906865795478
getsentry/sentry,2025-07,treatment,1,2025-02,1,5.0,0,0,0,0,0,0,0,0,0,0,0,1,0,1,1816,185842,205435,127,231.0,173.0,3833.0,2015026.0,1008548,1,1,1,1,71c2f5f3925610f3aa1871ace1c20f48eeff3db8,6655,6655,0,ok,1,18725,4089,14636,0.21837116154873165,8883,2293,6590,0.2581335134526624,9842,1796,8046,0.18248323511481407
getsentry/sentry,2025-08,treatment,1,2025-02,1,6.0,0,0,0,0,0,0,0,0,0,0,0,0,1,1,1202,155957,121463,124,196.0,198.0,3864.0,2038867.0,1032843,1,1,1,1,b9dc9712a91c4dbf3cb1550254113c1599388e57,6807,6807,0,ok,1,19132,4134,14998,0.21607777545473553,9107,2305,6802,0.25310200944328537,10025,1829,8196,0.1824438902743142
grapeot/web_agentic_ai,2025-02,treatment,1,2025-02,1,0.0,0,0,0,0,0,0,1,0,0,0,0,0,0,1,46,12357,4217,2,12.0,9.0,0.0,4415.0,3452,1,1,1,1,b359efb910dc306bca2b7aa25a60ef1458e1087a,28,28,0,ok,1,113,28,85,0.24778761061946902,104,25,79,0.2403846153846154,9,3,6,0.3333333333333333
grapeot/web_agentic_ai,2025-03,treatment,1,2025-02,1,1.0,0,0,0,0,0,0,0,1,0,0,0,0,0,1,27,27665,21311,2,16.0,5.0,2.0,6200.0,3635,1,1,1,1,8a28bbaf743ddb0b5cc7247d159fa2066fd9f985,27,27,0,ok,1,122,33,89,0.27049180327868855,113,30,83,0.26548672566371684,9,3,6,0.3333333333333333
hyperb1iss/droidmind,2025-02,treatment,0,2025-03,0,-1.0,0,0,0,0,0,1,0,0,0,0,0,0,0,0,1,0,0,1,0.0,0.0,0.0,,0,1,1,0,0,0d7eb7376eb0578b3aae50e0c5bd1cdec205a368,0,0,0,ok,1,0,0,0,,0,0,0,,0,0,0,
hyperb1iss/droidmind,2025-03,treatment,1,2025-03,1,0.0,0,0,0,0,0,0,1,0,0,0,0,0,0,1,60,37801,10252,1,30.0,5.0,0.0,4114.0,5283,1,1,1,1,d7c5b310e43204bb5ee7b0fea6ec47d8a58d391d,31,31,0,ok,1,129,14,115,0.10852713178294573,108,11,97,0.10185185185185185,21,3,18,0.14285714285714285
hyperb1iss/droidmind,2025-05,treatment,1,2025-03,1,2.0,0,0,0,0,0,0,0,0,1,0,0,0,0,0,21,6302,20122,1,30.0,3.0,59.0,4848.0,5960,1,1,1,1,bdf54d1c715bceb35665a03bfeecee0923516db9,32,32,0,ok,1,168,28,140,0.16666666666666666,141,23,118,0.16312056737588654,27,5,22,0.18518518518518517
ilanbenb/wa_llm,2024-12,treatment,0,2025-02,0,-2.0,0,0,0,0,1,0,0,0,0,0,0,0,0,0,1,0,0,1,0.0,0.0,0.0,,0,1,1,0,0,f56e3e01bc6dc3f46168b179967818623657dda1,0,0,0,ok,1,0,0,0,,0,0,0,,0,0,0,
ilanbenb/wa_llm,2025-01,treatment,0,2025-02,0,-1.0,0,0,0,0,0,1,0,0,0,0,0,0,0,0,71,10059,2447,3,0.0,0.0,0.0,1573.0,1638,1,1,1,1,e34e63788ce3b4b6bb15a6c2484d230a3e75f4fd,23,23,0,ok,1,100,44,56,0.44,28,9,19,0.32142857142857145,72,35,37,0.4861111111111111
ilanbenb/wa_llm,2025-02,treatment,1,2025-02,1,0.0,0,0,0,0,0,0,1,0,0,0,0,0,0,1,52,39740,883,3,11.0,0.0,0.0,2352.0,2307,1,1,1,1,6fccd35c2eee2f8e7dab67de2a8705d52095eae4,34,34,0,ok,1,127,49,78,0.3858267716535433,49,14,35,0.2857142857142857,78,35,43,0.44871794871794873
ilanbenb/wa_llm,2025-03,treatment,1,2025-02,1,1.0,0,0,0,0,0,0,0,1,0,0,0,0,0,0,9,879,36899,1,4.0,0.0,9.0,2601.0,2576,1,1,1,1,a77b929194f2e873ba5771c3b5abe71e6d02ff55,36,36,0,ok,1,135,51,84,0.37777777777777777,57,16,41,0.2807017543859649,78,35,43,0.44871794871794873
ilanbenb/wa_llm,2025-04,treatment,1,2025-02,1,2.0,0,0,0,0,0,0,0,0,1,0,0,0,0,0,2,850,681,2,8.0,2.0,40.0,2619.0,2594,1,1,1,1,8d1e8ee7508420b67f54bcb0c64941d964d17c91,36,36,0,ok,1,135,51,84,0.37777777777777777,57,16,41,0.2807017543859649,78,35,43,0.44871794871794873
ilanbenb/wa_llm,2025-05,treatment,1,2025-02,1,3.0,0,0,0,0,0,0,0,0,0,1,0,0,0,0,19,564,177,4,21.0,1.0,70.0,2688.0,2654,1,1,1,1,8c7e98c7ccee4d5c20edff419c00fff7c76c5810,36,36,0,ok,1,135,51,84,0.37777777777777777,57,16,41,0.2807017543859649,78,35,43,0.44871794871794873
ilanbenb/wa_llm,2025-06,treatment,1,2025-02,1,4.0,0,0,0,0,0,0,0,0,0,0,1,0,0,1,24,931,265,3,21.0,1.0,101.0,3081.0,3086,1,1,1,1,55fe1d87d42efd981870607efeccbb8430474d88,45,45,0,ok,1,147,55,92,0.3741496598639456,66,20,46,0.30303030303030304,81,35,46,0.43209876543209874
ilanbenb/wa_llm,2025-07,treatment,1,2025-02,1,5.0,0,0,0,0,0,0,0,0,0,0,0,1,0,0,14,466,411,2,5.0,2.0,131.0,3066.0,3082,1,1,1,1,07e2f6f91e2b3356e9c7afa7757194aa7666171e,44,44,0,ok,1,148,55,93,0.3716216216216216,66,20,46,0.30303030303030304,82,35,47,0.4268292682926829
ilanbenb/wa_llm,2025-08,treatment,1,2025-02,1,6.0,0,0,0,0,0,0,0,0,0,0,0,0,1,0,2,139,79,2,5.0,0.0,162.0,3064.0,3080,1,1,1,1,95b88f091416560b0e21f46bcbbb4ddd6a936241,44,44,0,ok,1,148,55,93,0.3716216216216216,66,20,46,0.30303030303030304,82,35,47,0.4268292682926829
instructor-ai/instructor,2024-01,treatment,0,2025-03,0,-14.0,1,0,0,0,0,0,0,0,0,0,0,0,0,0,61,3768,1558,18,0.0,0.0,0.0,8862.0,8238,1,1,1,1,7ab33bd5f6a15e6a041762e9c26a40396a3d7480,118,118,0,ok,1,345,126,219,0.3652173913043478,178,30,148,0.16853932584269662,167,96,71,0.5748502994011976
instructor-ai/instructor,2024-02,treatment,0,2025-03,0,-13.0,1,0,0,0,0,0,0,0,0,0,0,0,0,0,100,17655,10501,20,0.0,0.0,0.0,10096.0,9377,1,1,1,1,3804ec6ac530bdd54f869d64768093eb881cb996,133,133,0,ok,1,401,135,266,0.33665835411471323,216,29,187,0.13425925925925927,185,106,79,0.572972972972973
instructor-ai/instructor,2024-03,treatment,0,2025-03,0,-12.0,1,0,0,0,0,0,0,0,0,0,0,0,0,0,66,5045,2287,19,0.0,0.0,0.0,11196.0,10413,1,1,1,1,ce579ebb2d9d4fd50f16d8d11071f65977a5c455,148,148,0,ok,1,446,146,300,0.3273542600896861,250,34,216,0.136,196,112,84,0.5714285714285714
instructor-ai/instructor,2024-04,treatment,0,2025-03,0,-11.0,1,0,0,0,0,0,0,0,0,0,0,0,0,0,72,7942,4432,26,0.0,0.0,0.0,12907.0,12115,1,1,1,1,ab5b48dc75db0380198483adb96d15c42b8c64a4,162,162,0,ok,1,514,172,342,0.3346303501945525,295,46,249,0.15593220338983052,219,126,93,0.5753424657534246
instructor-ai/instructor,2024-05,treatment,0,2025-03,0,-10.0,1,0,0,0,0,0,0,0,0,0,0,0,0,0,64,7632,1470,31,0.0,0.0,0.0,14439.0,13647,1,1,1,1,081418d59a397b38a1b66fe58a64ef94f9124a6b,192,192,0,ok,1,610,207,403,0.33934426229508197,354,53,301,0.1497175141242938,256,154,102,0.6015625
instructor-ai/instructor,2024-06,treatment,0,2025-03,0,-9.0,1,0,0,0,0,0,0,0,0,0,0,0,0,0,45,8030,6013,16,0.0,0.0,0.0,14811.0,14025,1,1,1,1,d99d18b2b93b165d28fd755cef9141aa142c5b01,197,197,0,ok,1,635,213,422,0.3354330708661417,372,56,316,0.15053763440860216,263,157,106,0.596958174904943
instructor-ai/instructor,2024-07,treatment,0,2025-03,0,-8.0,1,0,0,0,0,0,0,0,0,0,0,0,0,0,47,10195,2056,17,0.0,0.0,0.0,16028.0,15081,1,1,1,1,840737777a919f9a5fcf1505edee0f04b0b9b03f,208,208,0,ok,1,686,221,465,0.32215743440233235,414,61,353,0.1473429951690821,272,160,112,0.5882352941176471
instructor-ai/instructor,2024-08,treatment,0,2025-03,0,-7.0,1,0,0,0,0,0,0,0,0,0,0,0,0,0,20,2960,2650,12,0.0,0.0,0.0,15943.0,15016,1,1,1,1,3e36162cb1961b59aad85ed0203ecb52403e6ad0,209,209,0,ok,1,692,222,470,0.3208092485549133,422,60,362,0.14218009478672985,270,162,108,0.6
instructor-ai/instructor,2024-09,treatment,0,2025-03,0,-6.0,1,0,0,0,0,0,0,0,0,0,0,0,0,0,42,4997,1689,8,0.0,0.0,0.0,16740.0,15870,1,1,1,1,db87832d2b019e276b941c10e2aaf23337c0d653,218,218,0,ok,1,729,230,499,0.31550068587105623,450,61,389,0.13555555555555557,279,169,110,0.6057347670250897
instructor-ai/instructor,2024-10,treatment,0,2025-03,0,-5.0,0,1,0,0,0,0,0,0,0,0,0,0,0,0,60,19704,6461,19,239.0,34.0,194.0,19886.0,19222,1,1,1,1,a54ea2d01beac03fa0128112198565f55eac3f75,247,247,0,ok,1,902,272,630,0.30155210643015523,607,94,513,0.15485996705107083,295,178,117,0.6033898305084746
instructor-ai/instructor,2024-11,treatment,0,2025-03,0,-4.0,0,0,1,0,0,0,0,0,0,0,0,0,0,0,35,9133,5879,14,354.0,31.0,225.0,20721.0,20157,1,1,1,1,4c4a1ce106538a8f20fb2d81ef3f25cfbb3be40d,261,261,0,ok,1,959,294,665,0.30656934306569344,642,98,544,0.1526479750778816,317,196,121,0.6182965299684543
instructor-ai/instructor,2024-12,treatment,0,2025-03,0,-3.0,0,0,0,1,0,0,0,0,0,0,0,0,0,0,20,7821,7878,9,349.0,21.0,255.0,20822.0,20274,1,1,1,1,887316c8267df621b985c736a2ebba504edf2399,261,261,0,ok,1,962,293,669,0.30457380457380456,644,97,547,0.15062111801242237,318,196,122,0.6163522012578616
instructor-ai/instructor,2025-01,treatment,0,2025-03,0,-2.0,0,0,0,0,1,0,0,0,0,0,0,0,0,0,3,15,12,3,446.0,14.0,286.0,20824.0,20276,1,1,1,1,f86df783bb2ea160f73b8dd37a318d6e448557ea,261,261,0,ok,1,962,294,668,0.30561330561330563,644,98,546,0.15217391304347827,318,196,122,0.6163522012578616
instructor-ai/instructor,2025-02,treatment,0,2025-03,0,-1.0,0,0,0,0,0,1,0,0,0,0,0,0,0,0,4,86,6,2,378.0,27.0,317.0,20824.0,20276,1,1,1,1,429392538e996bb0180bec467677bb9e099a0467,261,261,0,ok,1,962,294,668,0.30561330561330563,644,98,546,0.15217391304347827,318,196,122,0.6163522012578616
instructor-ai/instructor,2025-03,treatment,1,2025-03,1,0.0,0,0,0,0,0,0,1,0,0,0,0,0,0,1,46,18108,2110,13,335.0,86.0,345.0,23979.0,23656,1,1,1,1,924909392522d57d9a5282976f3273cc79d9c4a1,290,290,0,ok,1,1072,319,753,0.29757462686567165,721,109,612,0.15117891816920942,351,210,141,0.5982905982905983
instructor-ai/instructor,2025-04,treatment,1,2025-03,1,1.0,0,0,0,0,0,0,0,1,0,0,0,0,0,0,19,4907,378,9,317.0,33.0,376.0,23979.0,24192,1,1,1,1,795c3cf3e5390381ae7d39fb3d827468f39c97a9,293,293,0,ok,1,1092,324,768,0.2967032967032967,730,108,622,0.14794520547945206,362,216,146,0.5966850828729282
instructor-ai/instructor,2025-05,treatment,1,2025-03,1,2.0,0,0,0,0,0,0,0,0,1,0,0,0,0,0,37,9647,3732,7,33.0,1.0,406.0,26681.0,26384,1,1,1,1,fe151f49267ea90c8a1f660df2c01e51520ae360,303,303,0,ok,1,1171,347,824,0.2963279248505551,789,116,673,0.14702154626108999,382,231,151,0.6047120418848168
instructor-ai/instructor,2025-06,treatment,1,2025-03,1,3.0,0,0,0,0,0,0,0,0,0,1,0,0,0,0,30,14620,5058,9,0.0,0.0,0.0,28998.0,28911,1,1,1,1,05de0f3548ee318f5cb9d9a010cef027147b7443,312,312,0,ok,1,1281,356,925,0.2779078844652615,885,122,763,0.13785310734463277,396,234,162,0.5909090909090909
instructor-ai/instructor,2025-07,treatment,1,2025-03,1,4.0,0,0,0,0,0,0,0,0,0,0,1,0,0,0,72,24251,17644,11,0.0,0.0,0.0,32847.0,34020,1,1,1,1,56520508f7b575172c717d2f237580e257689602,358,358,0,ok,1,1362,371,991,0.2723935389133627,953,143,810,0.15005246589716684,409,228,181,0.5574572127139364
instructor-ai/instructor,2025-08,treatment,1,2025-03,1,5.0,0,0,0,0,0,0,0,0,0,0,0,1,0,0,46,12628,8287,10,0.0,0.0,0.0,33146.0,34160,1,1,1,1,e6fd592b1b28122c09a13b63015b700e0e44ac7b,360,360,0,ok,1,1362,370,992,0.27165932452276065,956,145,811,0.151673640167364,406,225,181,0.5541871921182266
jmurth1234/ClaudePlayer,2025-02,treatment,0,2025-03,0,-1.0,0,0,0,0,0,1,0,0,0,0,0,0,0,0,6,605,97,2,6.0,0.0,0.0,727.0,781,1,1,1,1,45dd06d8c80a3b3506fe424720b047878134b930,3,3,0,ok,1,13,0,13,0.0,7,0,7,0.0,6,0,6,0.0
jmurth1234/ClaudePlayer,2025-03,treatment,1,2025-03,1,0.0,0,0,0,0,0,0,1,0,0,0,0,0,0,1,6,2681,1948,1,16.0,0.0,2.0,1297.0,1404,1,1,1,1,aa32d533362ab550e93e5febb504b5e33c17698f,20,20,0,ok,1,16,2,14,0.125,6,0,6,0.0,10,2,8,0.2
keephq/keep,2024-01,treatment,0,2025-03,0,-14.0,1,0,0,0,0,0,0,0,0,0,0,0,0,0,67,10629,5417,9,208.0,48.0,325.0,33220.0,22544,1,1,1,1,ce4a9609fb7ec489659278675998594e47c6e183,223,223,0,ok,1,483,149,334,0.3084886128364389,243,69,174,0.2839506172839506,240,80,160,0.3333333333333333
keephq/keep,2024-02,treatment,0,2025-03,0,-13.0,1,0,0,0,0,0,0,0,0,0,0,0,0,0,82,11503,6376,9,71.0,36.0,356.0,37683.0,24813,1,1,1,1,e9aca814ab111790ebadc672c582711f6d119ce5,239,239,0,ok,1,545,157,388,0.28807339449541286,287,76,211,0.26480836236933797,258,81,177,0.313953488372093
keephq/keep,2024-03,treatment,0,2025-03,0,-12.0,1,0,0,0,0,0,0,0,0,0,0,0,0,0,108,9033,3914,13,43.0,59.0,385.0,39943.0,27001,1,1,1,1,d25b4706e1d27184c587c326b77a4ea126cbb3e0,243,243,0,ok,1,608,179,429,0.2944078947368421,347,98,249,0.2824207492795389,261,81,180,0.3103448275862069
keephq/keep,2024-04,treatment,0,2025-03,0,-11.0,1,0,0,0,0,0,0,0,0,0,0,0,0,0,109,9847,2626,11,45.0,49.0,416.0,45222.0,30890,1,1,1,1,0dcfac86313597fd3eb6bc0aa7233bd35a0b5338,266,266,0,ok,1,694,199,495,0.28674351585014407,408,108,300,0.2647058823529412,286,91,195,0.3181818181818182
keephq/keep,2024-05,treatment,0,2025-03,0,-10.0,1,0,0,0,0,0,0,0,0,0,0,0,0,0,62,4082,2417,11,78.0,32.0,446.0,46223.0,31707,1,1,1,1,23e20189f22444f91b33f89339fe438bc08c9a16,271,271,0,ok,1,704,201,503,0.28551136363636365,410,110,300,0.2682926829268293,294,91,203,0.30952380952380953
keephq/keep,2024-06,treatment,0,2025-03,0,-9.0,1,0,0,0,0,0,0,0,0,0,0,0,0,0,105,23494,5719,20,67.0,48.0,477.0,51097.0,35371,1,1,1,1,e6ce080de41cd5e218eff5357b00f6ebdbb5b757,301,301,0,ok,1,782,227,555,0.29028132992327366,460,126,334,0.27391304347826084,322,101,221,0.3136645962732919
keephq/keep,2024-07,treatment,0,2025-03,0,-8.0,1,0,0,0,0,0,0,0,0,0,0,0,0,0,168,18508,4312,15,79.0,108.0,507.0,59644.0,39954,1,1,1,1,bd626be9f9760d7665d906f637467f8b811175d3,326,326,0,ok,1,899,253,646,0.2814238042269188,561,150,411,0.26737967914438504,338,103,235,0.3047337278106509
keephq/keep,2024-08,treatment,0,2025-03,0,-7.0,1,0,0,0,0,0,0,0,0,0,0,0,0,0,138,15823,9130,18,54.0,230.0,538.0,63868.0,43268,1,1,1,1,eb1ead38d602eb0db889e19e7023e5947c44b4ac,360,360,0,ok,1,993,299,694,0.3011077542799597,639,192,447,0.3004694835680751,354,107,247,0.3022598870056497
keephq/keep,2024-09,treatment,0,2025-03,0,-6.0,1,0,0,0,0,0,0,0,0,0,0,0,0,0,136,43056,11661,18,56.0,265.0,569.0,82742.0,51964,1,1,1,1,fb4b5d5ad83f4a1b7b3014aaf14aa2681c88f58a,412,412,0,ok,1,1179,341,838,0.28922815945716707,775,224,551,0.28903225806451616,404,117,287,0.2896039603960396
keephq/keep,2024-10,treatment,0,2025-03,0,-5.0,0,1,0,0,0,0,0,0,0,0,0,0,0,0,106,24735,8687,22,1345.0,281.0,599.0,92497.0,56731,1,1,1,1,add75fb2aa8bbd8ed47f68dfc3d242cb78cd68d8,437,437,0,ok,1,1267,368,899,0.2904498816101026,841,240,601,0.2853745541022592,426,128,298,0.3004694835680751
keephq/keep,2024-11,treatment,0,2025-03,0,-4.0,0,0,1,0,0,0,0,0,0,0,0,0,0,0,132,42733,29039,11,1965.0,296.0,630.0,102416.0,61051,1,1,1,1,a3b9303830358fbeefa53d83f721951c8c1560f4,468,468,0,ok,1,1322,391,931,0.2957639939485628,865,253,612,0.292485549132948,457,138,319,0.30196936542669583
keephq/keep,2024-12,treatment,0,2025-03,0,-3.0,0,0,0,1,0,0,0,0,0,0,0,0,0,0,119,21791,11611,13,1888.0,222.0,660.0,108126.0,65585,1,1,1,1,6ad036b1837b2de0331014c58d2d1e1d99e46d59,488,488,0,ok,1,1413,404,1009,0.28591648973814576,936,268,668,0.2863247863247863,477,136,341,0.2851153039832285
keephq/keep,2025-01,treatment,0,2025-03,0,-2.0,0,0,0,0,1,0,0,0,0,0,0,0,0,0,118,24700,6883,13,521.0,279.0,691.0,120036.0,75041,1,1,1,1,e5d85d9ca27a74536e0e9f8fbb54edf893c8f0c2,536,536,0,ok,1,1564,438,1126,0.28005115089514065,1028,284,744,0.27626459143968873,536,154,382,0.2873134328358209
keephq/keep,2025-02,treatment,0,2025-03,0,-1.0,0,0,0,0,0,1,0,0,0,0,0,0,0,0,201,49243,22104,15,403.0,438.0,722.0,137193.0,82350,1,1,1,1,c21dc97d3b04c9804a2ae1349907af431f444fd6,577,577,0,ok,1,1723,476,1247,0.2762623331398723,1152,314,838,0.2725694444444444,571,162,409,0.28371278458844135
keephq/keep,2025-03,treatment,1,2025-03,1,0.0,0,0,0,0,0,0,1,0,0,0,0,0,0,1,245,51443,21990,17,229.0,535.0,750.0,154517.0,92529,1,1,1,1,6ba6ca03bdd94c1a4805ee87abbcb7b195ff01bf,628,628,0,ok,1,1922,527,1395,0.27419354838709675,1315,346,969,0.2631178707224335,607,181,426,0.2981878088962109
keephq/keep,2025-04,treatment,1,2025-03,1,1.0,0,0,0,0,0,0,0,1,0,0,0,0,0,0,135,18903,8186,12,249.0,285.0,781.0,161891.0,96429,1,1,1,1,fc01ed670be54804d40ccaaa73bc28723f7c02e6,640,640,0,ok,1,1991,543,1448,0.2727272727272727,1374,359,1015,0.2612809315866084,617,184,433,0.29821717990275526
keephq/keep,2025-05,treatment,1,2025-03,1,2.0,0,0,0,0,0,0,0,0,1,0,0,0,0,0,109,26021,8442,18,146.0,224.0,811.0,174625.0,103707,1,1,1,1,9cefe4e98749a406a2fbdc97fdbddf8dbdcb6664,668,668,0,ok,1,2128,574,1554,0.26973684210526316,1492,391,1101,0.2620643431635389,636,183,453,0.28773584905660377
keephq/keep,2025-06,treatment,1,2025-03,1,3.0,0,0,0,0,0,0,0,0,0,1,0,0,0,0,63,12360,2254,14,97.0,79.0,842.0,180416.0,106830,1,1,1,1,32e024320952bd1a507b7fc8bc769aec60ee4f68,679,679,0,ok,1,2184,581,1603,0.266025641025641,1541,398,1143,0.2582738481505516,643,183,460,0.2846034214618974
keephq/keep,2025-07,treatment,1,2025-03,1,4.0,0,0,0,0,0,0,0,0,0,0,1,0,0,0,31,4225,534,15,174.0,49.0,872.0,183078.0,108005,1,1,1,1,c71d7c076780fad16bfcffb616a01278c75c6d6f,684,684,0,ok,1,2213,582,1631,0.26299141436963397,1568,402,1166,0.25637755102040816,645,180,465,0.27906976744186046
keephq/keep,2025-08,treatment,1,2025-03,1,5.0,0,0,0,0,0,0,0,0,0,0,0,1,0,0,19,3524,214,9,52.0,23.0,903.0,185339.0,110345,1,1,1,1,76c396f983198158da30246a7e40e42bceebf46b,691,691,0,ok,1,2247,586,1661,0.2607921673342234,1599,406,1193,0.25390869293308316,648,180,468,0.2777777777777778
leettools-dev/leettools,2024-12,treatment,0,2025-03,0,-3.0,0,0,0,1,0,0,0,0,0,0,0,0,0,0,34,54037,4879,3,22.0,1.0,0.0,35195.0,39427,1,1,1,1,bf8220202f5a90c809cf170822cad5bce2d8f498,504,504,0,ok,1,965,276,689,0.2860103626943005,486,115,371,0.2366255144032922,479,161,318,0.33611691022964507
leettools-dev/leettools,2025-01,treatment,0,2025-03,0,-2.0,0,0,0,0,1,0,0,0,0,0,0,0,0,0,37,7090,2402,4,161.0,21.0,12.0,37979.0,42245,1,1,1,1,c004b03a63f7aca6e384d56c2e9b3b4b06027a8c,519,519,0,ok,1,1011,279,732,0.27596439169139464,518,119,399,0.22972972972972974,493,160,333,0.32454361054766734
leettools-dev/leettools,2025-02,treatment,0,2025-03,0,-1.0,0,0,0,0,0,1,0,0,0,0,0,0,0,0,31,13190,1930,3,58.0,7.0,43.0,44441.0,49571,1,1,1,1,ea08c2251ef60be5c545e99a82abc904257653ad,584,584,0,ok,1,1120,294,826,0.2625,593,130,463,0.21922428330522767,527,164,363,0.3111954459203036
leettools-dev/leettools,2025-03,treatment,1,2025-03,1,0.0,0,0,0,0,0,0,1,0,0,0,0,0,0,1,25,7377,2618,2,44.0,0.0,71.0,46010.0,51193,1,1,1,1,bda6d9df917d725b816c05796846f480118cc20a,595,595,0,ok,1,1113,286,827,0.25696316262353996,577,120,457,0.20797227036395147,536,166,370,0.30970149253731344
leettools-dev/leettools,2025-04,treatment,1,2025-03,1,1.0,0,0,0,0,0,0,0,1,0,0,0,0,0,1,10,2489,1142,1,7.0,0.0,102.0,46660.0,52025,1,1,1,1,956ff760bdfbbe1c9a241742cad3b59cdde30655,601,601,0,ok,1,1118,286,832,0.2558139534883721,581,121,460,0.2082616179001721,537,165,372,0.30726256983240224
loftwah/auto-jira,2025-02,treatment,1,2025-02,1,0.0,0,0,0,0,0,0,1,0,0,0,0,0,0,1,34,2363,674,1,9.0,0.0,0.0,825.0,853,1,1,1,1,8e104dc37f9b389470e7ad193419a23df5939b90,6,6,0,ok,1,43,10,33,0.23255813953488372,42,10,32,0.23809523809523808,1,0,1,0.0
lss233/kirara-ai,2024-02,treatment,0,2025-02,0,-12.0,1,0,0,0,0,0,0,0,0,0,0,0,0,0,1,1,1,1,0.0,0.0,0.0,7170.0,6366,1,1,1,1,71e0a0cb2c71119ee3fac4b92760209655744606,90,90,0,ok,1,205,50,155,0.24390243902439024,88,23,65,0.26136363636363635,117,27,90,0.23076923076923078
lss233/kirara-ai,2024-12,treatment,0,2025-02,0,-2.0,0,0,0,0,1,0,0,0,0,0,0,0,0,0,3,1621,10892,1,0.0,0.0,0.0,1048.0,1189,1,1,1,1,54f257682d2260fc533b7daa22889b5fe1700e7a,40,40,0,ok,1,66,18,48,0.2727272727272727,15,1,14,0.06666666666666667,51,17,34,0.3333333333333333
lss233/kirara-ai,2025-01,treatment,0,2025-02,0,-1.0,0,0,0,0,0,1,0,0,0,0,0,0,0,0,4,477,93,2,0.0,0.0,0.0,1290.0,1491,1,1,1,1,8120f39cf29bcfefd71c5b7d6a88899ab957e211,43,43,0,ok,1,78,16,62,0.20512820512820512,15,1,14,0.06666666666666667,63,15,48,0.23809523809523808
lss233/kirara-ai,2025-02,treatment,1,2025-02,1,0.0,0,0,0,0,0,0,1,0,0,0,0,0,0,1,132,33597,12444,6,0.0,0.0,0.0,9198.0,9999,1,1,1,1,e3f9f4ee52116b858fa36d0ce7d7a91a6db7751a,161,161,0,ok,1,412,81,331,0.1966019417475728,169,34,135,0.20118343195266272,243,47,196,0.1934156378600823
lss233/kirara-ai,2025-03,treatment,1,2025-02,1,1.0,0,0,0,0,0,0,0,1,0,0,0,0,0,0,129,34765,5457,9,450.0,82.0,0.0,14584.0,15914,1,1,1,1,01f95895fcbe6a330b5b7b82c5769afa080abb05,245,245,0,ok,1,604,127,477,0.21026490066225165,259,49,210,0.1891891891891892,345,78,267,0.22608695652173913
lss233/kirara-ai,2025-04,treatment,1,2025-02,1,2.0,0,0,0,0,0,0,0,0,1,0,0,0,0,0,55,16202,5039,5,312.0,109.0,21.0,17967.0,19732,1,1,1,1,fc34a6fb6bed5001960084c506ccd5fbd4f2e779,263,263,0,ok,1,734,135,599,0.18392370572207084,319,55,264,0.1724137931034483,415,80,335,0.1927710843373494
lss233/kirara-ai,2025-05,treatment,1,2025-02,1,3.0,0,0,0,0,0,0,0,0,0,1,0,0,0,0,29,10918,891,5,228.0,85.0,51.0,20586.0,22503,1,1,1,1,8ebe4ce51b0e75ee4c4b10ef01e4fda4e17f1f4b,288,288,0,ok,1,848,175,673,0.20636792452830188,344,60,284,0.1744186046511628,504,115,389,0.22817460317460317
lss233/kirara-ai,2025-06,treatment,1,2025-02,1,4.0,0,0,0,0,0,0,0,0,0,0,1,0,0,0,1,16,1,1,160.0,61.0,82.0,20586.0,22503,1,1,1,1,8295a5deda0b289a3f70d946064b6c9a3e1b0753,288,288,0,ok,1,848,175,673,0.20636792452830188,344,60,284,0.1744186046511628,504,115,389,0.22817460317460317
martinnormark/neural-mesh-simplification,2024-08,treatment,0,2025-01,0,-5.0,0,1,0,0,0,0,0,0,0,0,0,0,0,0,59,3546,339,2,0.0,49.0,0.0,1976.0,2080,1,1,1,1,04bd64ef3db6e0b1e1c5907ce9801b325c489e90,41,41,0,ok,1,114,27,87,0.23684210526315788,100,27,73,0.27,14,0,14,0.0
martinnormark/neural-mesh-simplification,2024-12,treatment,0,2025-01,0,-1.0,0,0,0,0,0,1,0,0,0,0,0,0,0,0,1,269,2,1,1.0,2.0,114.0,2197.0,2301,1,1,1,1,198a70cf6c7020112dee19952a6da0e70e3d159d,44,44,0,ok,1,121,28,93,0.23140495867768596,106,28,78,0.2641509433962264,15,0,15,0.0
martinnormark/neural-mesh-simplification,2025-01,treatment,1,2025-01,1,0.0,0,0,0,0,0,0,1,0,0,0,0,0,0,1,79,4961,2612,4,4.0,1.0,145.0,2739.0,2805,1,1,1,1,2983d17ea727c12d1a6e1e02b0a3e2b2d822d4b9,52,52,0,ok,1,138,28,110,0.2028985507246377,122,28,94,0.22950819672131148,16,0,16,0.0
martinnormark/neural-mesh-simplification,2025-02,treatment,1,2025-01,1,1.0,0,0,0,0,0,0,0,1,0,0,0,0,0,0,3,143,49,1,7.0,1.0,176.0,2739.0,2805,1,1,1,1,e291b76feb20ed72becd9125bd7cc8fcaf512a8a,52,52,0,ok,1,138,28,110,0.2028985507246377,122,28,94,0.22950819672131148,16,0,16,0.0
martinnormark/neural-mesh-simplification,2025-03,treatment,1,2025-01,1,2.0,0,0,0,0,0,0,0,0,1,0,0,0,0,0,1,287,175,1,3.0,0.0,204.0,2842.0,2912,1,1,1,1,2ada79100932189cfd28a56093ba3d72e24f3ec7,52,52,0,ok,1,138,27,111,0.1956521739130435,122,27,95,0.22131147540983606,16,0,16,0.0
matebenyovszky/healing-agent,2024-10,treatment,1,2024-10,1,0.0,0,0,0,0,0,0,1,0,0,0,0,0,0,1,8,2283,1265,2,0.0,0.0,0.0,1603.0,1761,1,1,1,1,179b937c81bb8aa6401c7fc48900ca823555ca0d,25,25,0,ok,1,71,10,61,0.14084507042253522,70,9,61,0.12857142857142856,1,1,0,1.0
matebenyovszky/healing-agent,2024-11,treatment,1,2024-10,1,1.0,0,0,0,0,0,0,0,1,0,0,0,0,0,1,6,1811,988,2,6.0,0.0,2.0,1810.0,2016,1,1,1,1,3feed67c8817444c94a58a497fc2f785cb6e7094,29,29,0,ok,1,78,14,64,0.1794871794871795,77,13,64,0.16883116883116883,1,1,0,1.0
matebenyovszky/healing-agent,2025-01,treatment,1,2024-10,1,3.0,0,0,0,0,0,0,0,0,0,1,0,0,0,0,4,163,121,2,1.0,0.0,63.0,1809.0,2022,1,1,1,1,ed663491defb2c98b012f564ad5067a8741da037,29,29,0,ok,1,79,14,65,0.17721518987341772,78,13,65,0.16666666666666666,1,1,0,1.0
namuan/trading-utils,2024-02,treatment,0,2024-11,0,-9.0,1,0,0,0,0,0,0,0,0,0,0,0,0,0,5,657,24,1,4.0,0.0,1039.0,4648.0,4784,1,1,1,1,83bd40773354a29601e0c927d84e4ae4b905a993,60,60,0,ok,1,249,116,133,0.46586345381526106,205,105,100,0.5121951219512195,44,11,33,0.25
namuan/trading-utils,2024-03,treatment,0,2024-11,0,-8.0,1,0,0,0,0,0,0,0,0,0,0,0,0,0,8,417,256,1,7.0,0.0,1068.0,4746.0,4887,1,1,1,1,365d6f2a195d9fb578f145a3ecad5ef464eaa225,61,61,0,ok,1,256,120,136,0.46875,212,109,103,0.5141509433962265,44,11,33,0.25
namuan/trading-utils,2024-04,treatment,0,2024-11,0,-7.0,1,0,0,0,0,0,0,0,0,0,0,0,0,0,21,1338,288,1,5.0,0.0,1099.0,5342.0,5537,1,1,1,1,3bedcdc08e3d1bb6cafeb08eedc369dd9935df20,67,67,0,ok,1,279,129,150,0.46236559139784944,235,118,117,0.502127659574468,44,11,33,0.25
namuan/trading-utils,2024-05,treatment,0,2024-11,0,-6.0,1,0,0,0,0,0,0,0,0,0,0,0,0,0,11,547,88,1,5.0,0.0,1129.0,5668.0,5880,1,1,1,1,845e9c334d99edee42a923d4f4e8446d2c3a7c2e,70,70,0,ok,1,292,134,158,0.4589041095890411,248,123,125,0.4959677419354839,44,11,33,0.25
namuan/trading-utils,2024-06,treatment,0,2024-11,0,-5.0,0,1,0,0,0,0,0,0,0,0,0,0,0,0,10,586,90,1,5.0,0.0,1160.0,6000.0,6256,1,1,1,1,c905414efa9a4a785a787184653912d268984c8a,73,73,0,ok,1,308,138,170,0.44805194805194803,264,127,137,0.4810606060606061,44,11,33,0.25
namuan/trading-utils,2024-07,treatment,0,2024-11,0,-4.0,0,0,1,0,0,0,0,0,0,0,0,0,0,0,1,186,3,1,5.0,0.0,1190.0,6130.0,6393,1,1,1,1,6a282409aec8b7d508567277e4028df0b0177c29,74,74,0,ok,1,314,141,173,0.44904458598726116,270,130,140,0.48148148148148145,44,11,33,0.25
namuan/trading-utils,2024-08,treatment,0,2024-11,0,-3.0,0,0,0,1,0,0,0,0,0,0,0,0,0,0,91,6356,3628,2,8.0,0.0,1221.0,8273.0,8654,1,1,1,1,ac3dabe73bc74f4329d20a4fbbe5547a04dc5a01,82,82,0,ok,1,395,170,225,0.43037974683544306,340,157,183,0.46176470588235297,55,13,42,0.23636363636363636
namuan/trading-utils,2024-09,treatment,0,2024-11,0,-2.0,0,0,0,0,1,0,0,0,0,0,0,0,0,0,19,1590,737,1,5.0,0.0,1252.0,8826.0,9244,1,1,1,1,e088d9231feb860e65393c43a1d561f3971301ae,87,87,0,ok,1,429,194,235,0.4522144522144522,374,178,196,0.47593582887700536,55,16,39,0.2909090909090909
namuan/trading-utils,2024-10,treatment,0,2024-11,0,-1.0,0,0,0,0,0,1,0,0,0,0,0,0,0,0,23,1829,112,2,6.0,0.0,1282.0,9369.0,9893,1,1,1,1,6223b14be1472cdbd940b4744f8ff3f754e6b9ca,90,90,0,ok,1,455,200,255,0.43956043956043955,398,184,214,0.4623115577889447,57,16,41,0.2807017543859649
namuan/trading-utils,2024-11,treatment,1,2024-11,1,0.0,0,0,0,0,0,0,1,0,0,0,0,0,0,1,116,7698,2305,2,17.0,0.0,1313.0,12014.0,12930,1,1,1,1,8862e384363c02d717f3a5c691a9ce06f7b38918,101,101,0,ok,1,534,225,309,0.42134831460674155,474,207,267,0.43670886075949367,60,18,42,0.3
namuan/trading-utils,2024-12,treatment,1,2024-11,1,1.0,0,0,0,0,0,0,0,1,0,0,0,0,0,0,133,9714,4254,2,7.0,0.0,1343.0,16129.0,17121,1,1,1,1,ddd34a11ea8aed024058acd1de1c5e1462ff55b0,119,119,0,ok,1,628,250,378,0.3980891719745223,549,224,325,0.4080145719489982,79,26,53,0.3291139240506329
namuan/trading-utils,2025-01,treatment,1,2024-11,1,2.0,0,0,0,0,0,0,0,0,1,0,0,0,0,0,29,1714,820,1,9.0,0.0,1374.0,16772.0,17782,1,1,1,1,a34c6ed0ec038a18a9412b9443b79981c10c3342,122,122,0,ok,1,636,250,386,0.39308176100628933,556,224,332,0.4028776978417266,80,26,54,0.325
namuan/trading-utils,2025-02,treatment,1,2024-11,1,3.0,0,0,0,0,0,0,0,0,0,1,0,0,0,0,41,3414,1449,1,14.0,0.0,1405.0,17718.0,18829,1,1,1,1,303ea8532d774af9531699c7278303c6d2deb657,126,126,0,ok,1,668,260,408,0.38922155688622756,588,234,354,0.3979591836734694,80,26,54,0.325
namuan/trading-utils,2025-03,treatment,1,2024-11,1,4.0,0,0,0,0,0,0,0,0,0,0,1,0,0,0,4,83,377,1,8.0,0.0,1433.0,17718.0,18594,1,1,1,1,03db4e30f917722ee80a352fc330af3d5e59b406,125,125,0,ok,1,644,245,399,0.3804347826086957,572,221,351,0.38636363636363635,72,24,48,0.3333333333333333
nextml-code/pytorch-datastream,2024-08,treatment,0,2025-01,0,-5.0,0,1,0,0,0,0,0,0,0,0,0,0,0,0,4,481,401,1,0.0,0.0,863.0,1695.0,1997,1,1,1,1,0fa6f41c76f04734451c1ab29385920f0a69c421,21,21,0,ok,1,65,8,57,0.12307692307692308,57,8,49,0.14035087719298245,8,0,8,0.0
nextml-code/pytorch-datastream,2024-09,treatment,0,2025-01,0,-4.0,0,0,1,0,0,0,0,0,0,0,0,0,0,0,1,161,128,1,0.0,0.0,894.0,1695.0,1997,1,1,1,1,87d1ae2d11ceb561e1b5f0ce037f5892da5e902e,21,21,0,ok,1,65,8,57,0.12307692307692308,57,8,49,0.14035087719298245,8,0,8,0.0
nextml-code/pytorch-datastream,2025-01,treatment,1,2025-01,1,0.0,0,0,0,0,0,0,1,0,0,0,0,0,0,1,8,2744,1486,1,0.0,0.0,1016.0,1671.0,2012,1,1,1,1,7a3e9411106bcf354a5dd6e660a9b7aac0c52599,20,20,0,ok,1,66,9,57,0.13636363636363635,58,9,49,0.15517241379310345,8,0,8,0.0
osomai/servicenow-mcp,2025-03,treatment,1,2025-03,1,0.0,0,0,0,0,0,0,1,0,0,0,0,0,0,1,29,39018,1672,6,27.0,0.0,0.0,12097.0,13978,1,1,1,1,7b4d9e220ae702b3f36d4027e2a7cee83de234d7,58,58,0,ok,1,268,42,226,0.15671641791044777,147,17,130,0.11564625850340136,121,25,96,0.2066115702479339
osomai/servicenow-mcp,2025-04,treatment,1,2025-03,1,1.0,0,0,0,0,0,0,0,1,0,0,0,0,0,0,5,1817,4330,3,24.0,4.0,30.0,11552.0,13134,1,1,1,1,2ccb5864e204ab0e397e7b11366e7137fda6356e,54,54,0,ok,1,256,41,215,0.16015625,149,17,132,0.11409395973154363,107,24,83,0.22429906542056074
osomai/servicenow-mcp,2025-05,treatment,1,2025-03,1,2.0,0,0,0,0,0,0,0,0,1,0,0,0,0,0,2,4,0,2,10.0,1.0,60.0,11552.0,13134,1,1,1,1,8ada1173a9f4bd18e7ef97bff96e07d0530e4ee7,54,54,0,ok,1,256,41,215,0.16015625,149,17,132,0.11409395973154363,107,24,83,0.22429906542056074
osomai/servicenow-mcp,2025-06,treatment,1,2025-03,1,3.0,0,0,0,0,0,0,0,0,0,1,0,0,0,0,2,2483,10,2,0.0,0.0,0.0,12989.0,14849,1,1,1,1,1407e200620bf7b1dc2b2269f4d0d331ec31a1af,58,58,0,ok,1,298,54,244,0.18120805369127516,176,29,147,0.16477272727272727,122,25,97,0.20491803278688525
osomai/servicenow-mcp,2025-08,treatment,1,2025-03,1,5.0,0,0,0,0,0,0,0,0,0,0,0,1,0,0,2,238,42,2,0.0,0.0,0.0,13128.0,14999,1,1,1,1,15de01c77dddaf0cf9a5939f2683436088d510b9,59,59,0,ok,1,301,55,246,0.18272425249169436,177,29,148,0.1638418079096045,124,26,98,0.20967741935483872
panther-labs/panther-analysis,2024-01,treatment,0,2025-03,0,-14.0,1,0,0,0,0,0,0,0,0,0,0,0,0,0,33,2190,994,6,11.0,0.0,1445.0,15222.0,15621,1,1,1,1,24cdefb3cfe05be135e8941654c0f3c9d1797863,623,623,0,ok,1,1595,901,694,0.5648902821316615,1551,894,657,0.5764023210831721,44,7,37,0.1590909090909091
panther-labs/panther-analysis,2024-02,treatment,0,2025-03,0,-13.0,1,0,0,0,0,0,0,0,0,0,0,0,0,0,45,7269,1177,10,5.0,0.0,1476.0,15676.0,16075,1,1,1,1,8893eaa4056c483dbdc717972b7010006494f114,642,642,0,ok,1,1643,912,731,0.5550821667681071,1599,905,694,0.5659787367104441,44,7,37,0.1590909090909091
panther-labs/panther-analysis,2024-03,treatment,0,2025-03,0,-12.0,1,0,0,0,0,0,0,0,0,0,0,0,0,0,19,2205,2636,5,1.0,0.0,1505.0,15943.0,16340,1,1,1,1,1583883284ed3104ee76e9db8ed41883313bbe1d,648,648,0,ok,1,1678,928,750,0.5530393325387366,1633,921,712,0.5639926515615432,45,7,38,0.15555555555555556
panther-labs/panther-analysis,2024-04,treatment,0,2025-03,0,-11.0,1,0,0,0,0,0,0,0,0,0,0,0,0,0,29,60998,62213,8,7.0,2.0,1536.0,16390.0,16782,1,1,1,1,4aa347f5a424a5a0f0a650b43798ccc663913a97,660,660,0,ok,1,1711,947,764,0.5534774985388662,1666,940,726,0.5642256902761105,45,7,38,0.15555555555555556
panther-labs/panther-analysis,2024-05,treatment,0,2025-03,0,-10.0,1,0,0,0,0,0,0,0,0,0,0,0,0,0,3,816,215,2,3.0,0.0,1566.0,16419.0,16811,1,1,1,1,791b90d5b9575124d6058f0808a11101d3d969f2,664,664,0,ok,1,1719,955,764,0.5555555555555556,1674,948,726,0.5663082437275986,45,7,38,0.15555555555555556
panther-labs/panther-analysis,2024-06,treatment,0,2025-03,0,-9.0,1,0,0,0,0,0,0,0,0,0,0,0,0,0,35,6520,5197,13,8.0,0.0,1597.0,16694.0,17093,1,1,1,1,ff7a1497c58d8477c2f340ffab83a771e1c58e08,679,679,0,ok,1,1757,981,776,0.5583380762663631,1712,974,738,0.5689252336448598,45,7,38,0.15555555555555556
panther-labs/panther-analysis,2024-07,treatment,0,2025-03,0,-8.0,1,0,0,0,0,0,0,0,0,0,0,0,0,0,44,8955,426,13,6.0,0.0,1627.0,16979.0,17378,1,1,1,1,2dd28b22b6769fbc8dd7ff0e994c0ed7ead7304f,699,699,0,ok,1,1802,1012,790,0.5615982241953386,1757,1005,752,0.5719977233921457,45,7,38,0.15555555555555556
panther-labs/panther-analysis,2024-08,treatment,0,2025-03,0,-7.0,1,0,0,0,0,0,0,0,0,0,0,0,0,0,53,12405,4555,9,2.0,0.0,1658.0,17229.0,17634,1,1,1,1,fc581846edf0f01e294457d00acfc5b904e34738,708,708,0,ok,1,1843,1034,809,0.5610417797069994,1798,1027,771,0.57119021134594,45,7,38,0.15555555555555556
panther-labs/panther-analysis,2024-09,treatment,0,2025-03,0,-6.0,1,0,0,0,0,0,0,0,0,0,0,0,0,0,29,8064,1555,7,8.0,12.0,1689.0,17601.0,18050,1,1,1,1,e36ab755e770405c0fdb16cc8ef7354fbdb30ce9,734,734,0,ok,1,1931,1102,829,0.5706887622993267,1886,1095,791,0.5805938494167551,45,7,38,0.15555555555555556
panther-labs/panther-analysis,2024-10,treatment,0,2025-03,0,-5.0,0,1,0,0,0,0,0,0,0,0,0,0,0,0,35,9657,21124,11,4.0,3.0,1719.0,16576.0,17047,1,1,1,1,eeaaaf08d083b6032a5cf3627573be7448415a28,713,713,0,ok,1,1840,1091,749,0.5929347826086957,1795,1084,711,0.6038997214484679,45,7,38,0.15555555555555556
panther-labs/panther-analysis,2024-11,treatment,0,2025-03,0,-4.0,0,0,1,0,0,0,0,0,0,0,0,0,0,0,24,11130,1840,8,2.0,1.0,1750.0,17160.0,17636,1,1,1,1,d02d3e76d1994587a2b8fe5be3c7835bbe132520,743,743,0,ok,1,1920,1146,774,0.596875,1875,1139,736,0.6074666666666667,45,7,38,0.15555555555555556
panther-labs/panther-analysis,2024-12,treatment,0,2025-03,0,-3.0,0,0,0,1,0,0,0,0,0,0,0,0,0,0,13,3887,201,4,7.0,3.0,1780.0,17495.0,17973,1,1,1,1,0256e82f8fa9e6422d433578d0e40184912a9f82,749,749,0,ok,1,1949,1158,791,0.5941508465879939,1901,1151,750,0.6054708048395582,48,7,41,0.14583333333333334
panther-labs/panther-analysis,2025-01,treatment,0,2025-03,0,-2.0,0,0,0,0,1,0,0,0,0,0,0,0,0,0,49,15169,3823,15,6.0,1.0,1811.0,18301.0,19247,1,1,1,1,71d7eeb2e7c7ebe65e42e1907b86f09f4ccc5c6f,778,778,0,ok,1,2111,1274,837,0.6035054476551397,2063,1267,796,0.6141541444498303,48,7,41,0.14583333333333334
panther-labs/panther-analysis,2025-02,treatment,0,2025-03,0,-1.0,0,0,0,0,0,1,0,0,0,0,0,0,0,0,34,11610,1853,12,6.0,0.0,1842.0,18540.0,19488,1,1,1,1,642d24848e2157a207f954ba1cc01409ece6fba5,787,787,0,ok,1,2141,1286,855,0.6006539000467072,2093,1279,814,0.6110845676063067,48,7,41,0.14583333333333334
panther-labs/panther-analysis,2025-03,treatment,1,2025-03,1,0.0,0,0,0,0,0,0,1,0,0,0,0,0,0,1,35,21891,4481,6,7.0,5.0,1870.0,18703.0,19527,1,1,1,1,a2abdcf4369e99c412d78aefd6e0304a6dbc09a8,799,799,0,ok,1,2125,1253,872,0.5896470588235294,2077,1246,831,0.5999037072701011,48,7,41,0.14583333333333334
panther-labs/panther-analysis,2025-04,treatment,1,2025-03,1,1.0,0,0,0,0,0,0,0,1,0,0,0,0,0,0,34,11605,720,7,6.0,2.0,1901.0,18773.0,19696,1,1,1,1,eabf1e5d7347d0b16fe04f1cdd8177cea566739f,801,801,0,ok,1,2149,1270,879,0.5909725453699395,2101,1263,838,0.601142313184198,48,7,41,0.14583333333333334
panther-labs/panther-analysis,2025-05,treatment,1,2025-03,1,2.0,0,0,0,0,0,0,0,0,1,0,0,0,0,0,14,2807,2207,9,15.0,0.0,1931.0,18903.0,19733,1,1,1,1,ad044d32ab62f43d10d305715cbeccd3ad1d6022,801,801,0,ok,1,2149,1270,879,0.5909725453699395,2101,1263,838,0.601142313184198,48,7,41,0.14583333333333334
panther-labs/panther-analysis,2025-06,treatment,1,2025-03,1,3.0,0,0,0,0,0,0,0,0,0,1,0,0,0,0,15,1195,987,8,5.0,0.0,1962.0,18908.0,19738,1,1,1,1,185cb1db26535ded893ebdf0c26a5fef700ab546,801,801,0,ok,1,2149,1269,880,0.5905072126570498,2101,1262,839,0.6006663493574488,48,7,41,0.14583333333333334
panther-labs/panther-analysis,2025-07,treatment,1,2025-03,1,4.0,0,0,0,0,0,0,0,0,0,0,1,0,0,1,23,8285,3259,8,5.0,0.0,1992.0,19163.0,20144,1,1,1,1,e50a5ee55e313ce12b065d8c6486c2e16ae23916,810,810,0,ok,1,2178,1279,899,0.5872359963269054,2129,1272,857,0.5974635979333021,49,7,42,0.14285714285714285
panther-labs/panther-analysis,2025-08,treatment,1,2025-03,1,5.0,0,0,0,0,0,0,0,0,0,0,0,1,0,0,26,3034,3790,4,5.0,1.0,2023.0,18891.0,19812,1,1,1,1,0690f53e62019b6a3e89c3d9eabe730d0ab0e525,817,817,0,ok,1,2178,1290,888,0.5922865013774105,2130,1286,844,0.603755868544601,48,4,44,0.08333333333333333
raphaelmansuy/code2prompt,2024-03,treatment,0,2024-09,0,-6.0,1,0,0,0,0,0,0,0,0,0,0,0,0,0,26,1397,185,2,18.0,0.0,0.0,500.0,586,1,1,1,1,6368077a1ae530f5cf3d5054b2f9eb1bc30cd0e0,8,8,0,ok,1,33,9,24,0.2727272727272727,33,9,24,0.2727272727272727,0,0,0,
raphaelmansuy/code2prompt,2024-06,treatment,0,2024-09,0,-3.0,0,0,0,1,0,0,0,0,0,0,0,0,0,0,46,4335,1487,1,22.0,1.0,73.0,1030.0,1277,1,1,1,1,3abdad8e93104f890e8d53b543c0ad3b09a15dfa,36,36,0,ok,1,66,21,45,0.3181818181818182,65,21,44,0.3230769230769231,1,0,1,0.0
raphaelmansuy/code2prompt,2024-07,treatment,0,2024-09,0,-2.0,0,0,0,0,1,0,0,0,0,0,0,0,0,0,60,9251,4158,4,350.0,4.0,103.0,1889.0,2277,1,1,1,1,7beca452e2e50d659f11cc34a248389833c26882,66,66,0,ok,1,146,45,101,0.3082191780821918,143,44,99,0.3076923076923077,3,1,2,0.3333333333333333
raphaelmansuy/code2prompt,2024-09,treatment,1,2024-09,1,0.0,0,0,0,0,0,0,1,0,0,0,0,0,0,1,6,2414,801,3,44.0,2.0,165.0,2639.0,3155,1,1,1,1,3b377ba47526cb784e449de65694c85cb2ef6421,78,78,0,ok,1,162,41,121,0.25308641975308643,151,38,113,0.25165562913907286,11,3,8,0.2727272727272727
raphaelmansuy/code2prompt,2024-12,treatment,1,2024-09,1,3.0,0,0,0,0,0,0,0,0,0,1,0,0,0,0,1,13,13,1,78.0,0.0,256.0,2639.0,3155,1,1,1,1,2730fb1b6d143bb1d0adae2f0fbf18ddf1aecc20,78,78,0,ok,1,162,41,121,0.25308641975308643,151,38,113,0.25165562913907286,11,3,8,0.2727272727272727
raphaelmansuy/code2prompt,2025-01,treatment,1,2024-09,1,4.0,0,0,0,0,0,0,0,0,0,0,1,0,0,0,2,5,5,2,85.0,0.0,287.0,2639.0,3155,1,1,1,1,699eae91a5bf67dc5ab6df23fd1b2c665eb20034,78,78,0,ok,1,162,41,121,0.25308641975308643,151,38,113,0.25165562913907286,11,3,8,0.2727272727272727
raphaelmansuy/iteration_of_tought,2024-09,treatment,1,2024-09,1,0.0,0,0,0,0,0,0,1,0,0,0,0,0,0,1,21,4109,423,2,27.0,0.0,0.0,303.0,409,1,1,1,1,53b2a870b95abb88742ea4b5480bae8e87867348,3,3,0,ok,1,9,3,6,0.3333333333333333,8,3,5,0.375,1,0,1,0.0
samuelgursky/davinci-resolve-mcp,2025-03,treatment,1,2025-03,1,0.0,0,0,0,0,0,0,1,0,0,0,0,0,0,1,13,20155,5613,4,43.0,5.0,0.0,7828.0,9124,1,1,1,1,f10b0f93aec15b5c92b2bed33a60270e100dc317,34,33,0,ok,1,265,20,245,0.07547169811320754,264,20,244,0.07575757575757576,1,0,1,0.0
samuelgursky/davinci-resolve-mcp,2025-04,treatment,1,2025-03,1,1.0,0,0,0,0,0,0,0,1,0,0,0,0,0,0,2,180,43,2,86.0,1.0,13.0,7828.0,9124,1,1,1,1,19dc53236193de61f79facc731024a75d3c3be5c,34,33,0,ok,1,265,20,245,0.07547169811320754,264,20,244,0.07575757575757576,1,0,1,0.0
sbomify/sbomify,2025-01,treatment,1,2025-01,1,0.0,0,0,0,0,0,0,1,0,0,0,0,0,0,1,16,176612,864,3,8.0,7.0,0.0,27968.0,21003,1,1,1,1,d8357a144cfc82a75a9a367fd9d51295a600a1e5,152,152,0,ok,1,448,118,330,0.26339285714285715,271,34,237,0.12546125461254612,177,84,93,0.4745762711864407
sbomify/sbomify,2025-02,treatment,1,2025-01,1,1.0,0,0,0,0,0,0,0,1,0,0,0,0,0,1,53,20943,5306,5,13.0,15.0,7.0,28438.0,21531,1,1,1,1,cea548993884689448f6299084c83a512ab54198,157,157,0,ok,1,447,117,330,0.26174496644295303,271,34,237,0.12546125461254612,176,83,93,0.4715909090909091
sbomify/sbomify,2025-03,treatment,1,2025-01,1,2.0,0,0,0,0,0,0,0,0,1,0,0,0,0,0,17,4926,6853,3,4.0,4.0,35.0,28473.0,21921,1,1,1,1,cc6d9265a9f19ee37660ea1ef3ac1cefb588b02a,162,162,0,ok,1,453,117,336,0.2582781456953642,274,35,239,0.12773722627737227,179,82,97,0.4581005586592179
sbomify/sbomify,2025-04,treatment,1,2025-01,1,3.0,0,0,0,0,0,0,0,0,0,1,0,0,0,0,11,2260,244,3,0.0,1.0,66.0,29163.0,22291,1,1,1,1,9871229a57c55c6be3e0f0aab6f0377c72c1acb4,164,164,0,ok,1,458,116,342,0.25327510917030566,277,34,243,0.12274368231046931,181,82,99,0.4530386740331492
sbomify/sbomify,2025-05,treatment,1,2025-01,1,4.0,0,0,0,0,0,0,0,0,0,0,1,0,0,1,150,63909,124059,2,0.0,9.0,96.0,31878.0,24788,1,1,1,1,9cd280ec409b119e5fb1ee3f6a25700655e888e1,187,187,0,ok,1,551,137,414,0.24863883847549909,355,48,307,0.1352112676056338,196,89,107,0.45408163265306123
sbomify/sbomify,2025-06,treatment,1,2025-01,1,5.0,0,0,0,0,0,0,0,0,0,0,0,1,0,1,69,45378,16131,2,0.0,0.0,127.0,45839.0,29058,1,1,1,1,80ac2a0770147bbb7c2e4cc1f0054da96d2aa669,211,211,0,ok,1,722,163,559,0.2257617728531856,476,58,418,0.12184873949579832,246,105,141,0.4268292682926829
sbomify/sbomify,2025-07,treatment,1,2025-01,1,6.0,0,0,0,0,0,0,0,0,0,0,0,0,1,1,170,179610,64184,5,0.0,1.0,157.0,79232.0,51329,1,1,1,1,571a358c77be14342e46b109d3053a296c6cc094,286,286,0,ok,1,1251,225,1026,0.17985611510791366,840,90,750,0.10714285714285714,411,135,276,0.3284671532846715
sbomify/sbomify,2025-08,treatment,1,2025-01,1,7.0,0,0,0,0,0,0,0,0,0,0,0,0,1,0,123,17307,6312,4,0.0,4.0,188.0,82787.0,53395,1,1,1,1,20276afd986b0f95c5c2758029989a8e83abf713,297,297,0,ok,1,1280,232,1048,0.18125,853,94,759,0.11019929660023446,427,138,289,0.3231850117096019
sirkirby/unifi-network-rules,2024-09,treatment,0,2025-03,0,-6.0,1,0,0,0,0,0,0,0,0,0,0,0,0,0,9,1320,256,2,0.0,0.0,0.0,616.0,647,1,1,1,1,f39942626fa3a5ffce9810732aa94fefca659720,8,8,0,ok,1,37,5,32,0.13513513513513514,32,3,29,0.09375,5,2,3,0.4
sirkirby/unifi-network-rules,2024-11,treatment,0,2025-03,0,-4.0,0,0,1,0,0,0,0,0,0,0,0,0,0,0,1,449,54,1,0.0,0.0,0.0,887.0,957,1,1,1,1,9cf9d3176f67c1d5a31f6351546acb3d03dcb086,8,8,0,ok,1,52,9,43,0.17307692307692307,42,3,39,0.07142857142857142,10,6,4,0.6
sirkirby/unifi-network-rules,2024-12,treatment,0,2025-03,0,-3.0,0,0,0,1,0,0,0,0,0,0,0,0,0,0,1,401,761,1,0.0,0.0,0.0,629.0,684,1,1,1,1,7ecc60de7672efe69ea0872ce26ddb9401d057e3,8,8,0,ok,1,33,7,26,0.21212121212121213,25,3,22,0.12,8,4,4,0.5
sirkirby/unifi-network-rules,2025-01,treatment,0,2025-03,0,-2.0,0,0,0,0,1,0,0,0,0,0,0,0,0,0,2,213,94,1,0.0,3.0,0.0,682.0,740,1,1,1,1,f359e4ebe8bdaeaf25ae516176b50849adab845a,8,8,0,ok,1,33,7,26,0.21212121212121213,25,3,22,0.12,8,4,4,0.5
sirkirby/unifi-network-rules,2025-02,treatment,0,2025-03,0,-1.0,0,0,0,0,0,1,0,0,0,0,0,0,0,0,18,5117,2330,3,2.0,17.0,0.0,2418.0,2613,1,1,1,1,5d73dc7f0cf3403e0a12e171f2a6a0f2706f20b6,12,12,0,ok,1,97,15,82,0.15463917525773196,81,7,74,0.08641975308641975,16,8,8,0.5
sirkirby/unifi-network-rules,2025-03,treatment,1,2025-03,1,0.0,0,0,0,0,0,0,1,0,0,0,0,0,0,1,11,23456,6862,2,3.0,4.0,28.0,6960.0,7762,1,1,1,1,702090debca7301d7ffbb242edc927cc1c5a2703,43,43,0,ok,1,144,32,112,0.2222222222222222,101,21,80,0.2079207920792079,43,11,32,0.2558139534883721
sirkirby/unifi-network-rules,2025-04,treatment,1,2025-03,1,1.0,0,0,0,0,0,0,0,1,0,0,0,0,0,0,3,3368,1796,1,4.0,2.0,59.0,7493.0,8358,1,1,1,1,b208b60791430e40bb8e2bc43c0ff81632167a72,45,45,0,ok,1,149,34,115,0.22818791946308725,101,21,80,0.2079207920792079,48,13,35,0.2708333333333333
sirkirby/unifi-network-rules,2025-06,treatment,1,2025-03,1,3.0,0,0,0,0,0,0,0,0,0,1,0,0,0,0,19,5387,1097,4,1.0,2.0,120.0,8416.0,9347,1,1,1,1,c5a94b82797ea738e2f9f796f918e315dc71fe90,45,45,0,ok,1,155,33,122,0.2129032258064516,105,22,83,0.20952380952380953,50,11,39,0.22
sirkirby/unifi-network-rules,2025-07,treatment,1,2025-03,1,4.0,0,0,0,0,0,0,0,0,0,0,1,0,0,1,16,2159,1079,3,0.0,7.0,150.0,8562.0,9519,1,1,1,1,82b213f6193a4d0bdac8093c235b16e205d8b6d0,45,45,0,ok,1,152,31,121,0.20394736842105263,102,20,82,0.19607843137254902,50,11,39,0.22
sirkirby/unifi-network-rules,2025-08,treatment,1,2025-03,1,5.0,0,0,0,0,0,0,0,0,0,0,0,1,0,0,3,1193,55,2,,,,,10425,0,1,0,0,9f9e24ad109f75bfe7697e1b42aad3f3195ad50f,51,51,0,ok,1,168,32,136,0.19047619047619047,106,20,86,0.18867924528301888,62,12,50,0.1935483870967742
smartian1/tgtrader,2024-12,treatment,0,2025-01,0,-1.0,0,0,0,0,0,1,0,0,0,0,0,0,0,0,61,10864,2023,3,1.0,0.0,0.0,4372.0,6149,1,1,1,1,3c8708fa225b77637ff726318b00cd14a351e7c4,56,56,0,ok,1,134,35,99,0.26119402985074625,29,12,17,0.41379310344827586,105,23,82,0.21904761904761905
smartian1/tgtrader,2025-01,treatment,1,2025-01,1,0.0,0,0,0,0,0,0,1,0,0,0,0,0,0,1,97,18300,3229,2,0.0,0.0,25.0,15263.0,10657,1,1,1,1,a883ba2dc193cd0f384d7a2162ae74b1dff0b5fe,108,108,0,ok,1,247,58,189,0.23481781376518218,105,32,73,0.3047619047619048,142,26,116,0.18309859154929578
smartian1/tgtrader,2025-02,treatment,1,2025-01,1,1.0,0,0,0,0,0,0,0,1,0,0,0,0,0,0,67,6649,1663,2,17.0,1.0,56.0,17293.0,13020,1,1,1,1,1b533268cbcf209e7db165f44ba5494749587cfc,120,120,0,ok,1,319,87,232,0.2727272727272727,134,42,92,0.31343283582089554,185,45,140,0.24324324324324326
smartian1/tgtrader,2025-03,treatment,1,2025-01,1,2.0,0,0,0,0,0,0,0,0,1,0,0,0,0,0,6,991,6,1,5.0,1.0,84.0,17880.0,13727,1,1,1,1,48a5a6e8245592314a2eb3d667ada5faac2a367f,124,124,0,ok,1,332,91,241,0.2740963855421687,147,46,101,0.3129251700680272,185,45,140,0.24324324324324326
smartian1/tgtrader,2025-04,treatment,1,2025-01,1,3.0,0,0,0,0,0,0,0,0,0,1,0,0,0,0,14,2576,763,1,4.0,1.0,115.0,18901.0,14963,1,1,1,1,9d17bd75396997b746338c8911d8d781c096ed35,126,126,0,ok,1,360,95,265,0.2638888888888889,174,50,124,0.28735632183908044,186,45,141,0.24193548387096775
smorin/py-launch-blueprint,2025-01,treatment,0,2025-03,0,-2.0,0,0,0,0,1,0,0,0,0,0,0,0,0,0,69,3980,2773,4,10.0,13.0,0.0,420.0,525,1,1,1,1,6e38b18030b3f1be9933dac9f37c20b67503b9ca,7,7,0,ok,1,32,6,26,0.1875,28,4,24,0.14285714285714285,4,2,2,0.5
smorin/py-launch-blueprint,2025-02,treatment,0,2025-03,0,-1.0,0,0,0,0,0,1,0,0,0,0,0,0,0,0,31,4511,2441,3,0.0,15.0,9.0,483.0,575,1,1,1,1,753b3a381bad4feeb39d7f3480c2132d017ca766,8,8,0,ok,1,32,6,26,0.1875,28,4,24,0.14285714285714285,4,2,2,0.5
smorin/py-launch-blueprint,2025-03,treatment,1,2025-03,1,0.0,0,0,0,0,0,0,1,0,0,0,0,0,0,1,31,2541,211,4,1.0,35.0,37.0,514.0,608,1,1,1,1,2d2619221e0a67978190307d9361f8ca41313265,9,9,0,ok,1,35,7,28,0.2,31,5,26,0.16129032258064516,4,2,2,0.5
smorin/py-launch-blueprint,2025-04,treatment,1,2025-03,1,1.0,0,0,0,0,0,0,0,1,0,0,0,0,0,1,130,17085,11824,7,2.0,61.0,68.0,537.0,631,1,1,1,1,97f2599a581d8333f239dd49294a29197b8759ff,9,9,0,ok,1,35,7,28,0.2,31,5,26,0.16129032258064516,4,2,2,0.5
smorin/py-launch-blueprint,2025-05,treatment,1,2025-03,1,2.0,0,0,0,0,0,0,0,0,1,0,0,0,0,1,67,3028,751,5,5.0,93.0,98.0,536.0,630,1,1,1,1,340916d9c9f3df35fa595ff6aa511daabb95888a,9,9,0,ok,1,35,7,28,0.2,31,5,26,0.16129032258064516,4,2,2,0.5
smorin/py-launch-blueprint,2025-06,treatment,1,2025-03,1,3.0,0,0,0,0,0,0,0,0,0,1,0,0,0,1,6,1429,650,3,0.0,2.0,129.0,537.0,631,1,1,1,1,1c84afa61f2abc7201f79fe590fe7ecb8a54b284,9,9,0,ok,1,35,7,28,0.2,31,5,26,0.16129032258064516,4,2,2,0.5
sshtunnelvision/MCP-LOGO-GEN,2025-03,treatment,1,2025-03,1,0.0,0,0,0,0,0,0,1,0,0,0,0,0,0,1,15,1582,187,2,142.0,2.0,0.0,561.0,591,1,1,1,1,5192c277f3b6efd3d8233e2427c33aeb9fb6c836,10,10,0,ok,1,25,9,16,0.36,19,7,12,0.3684210526315789,6,2,4,0.3333333333333333
synaptiai/prompt-decorators,2025-02,treatment,0,2025-03,0,-1.0,0,0,0,0,0,1,0,0,0,0,0,0,0,0,3,22028,28,1,0.0,0.0,0.0,5998.0,7673,1,1,1,1,17ba5520183934d193c2bd26502a71b3253e4acd,110,110,0,ok,1,479,114,365,0.23799582463465555,439,106,333,0.24145785876993167,40,8,32,0.2
synaptiai/prompt-decorators,2025-03,treatment,1,2025-03,1,0.0,0,0,0,0,0,0,1,0,0,0,0,0,0,1,121,199860,137911,2,14.0,0.0,0.0,10657.0,13622,1,1,1,1,d43502d6d3034874c6b19ca459bc297c76b2bca0,80,80,0,ok,1,296,56,240,0.1891891891891892,246,40,206,0.16260162601626016,50,16,34,0.32
synaptiai/prompt-decorators,2025-04,treatment,1,2025-03,1,1.0,0,0,0,0,0,0,0,1,0,0,0,0,0,0,2,8,8,1,1.0,0.0,21.0,10657.0,13622,1,1,1,1,1bb0e8789bf0ee88c448d745d3f3a93244a00932,80,80,0,ok,1,296,56,240,0.1891891891891892,246,40,206,0.16260162601626016,50,16,34,0.32
synaptiai/prompt-decorators,2025-05,treatment,1,2025-03,1,2.0,0,0,0,0,0,0,0,0,1,0,0,0,0,0,45,138993,1442,2,5.0,0.0,51.0,11562.0,14712,1,1,1,1,e0830277744ae4089dcd630dab688a3e892f19af,86,86,0,ok,1,317,58,259,0.1829652996845426,260,41,219,0.1576923076923077,57,17,40,0.2982456140350877
synaptiai/prompt-decorators,2025-06,treatment,1,2025-03,1,3.0,0,0,0,0,0,0,0,0,0,1,0,0,0,0,34,402,389,2,2.0,0.0,82.0,11562.0,14712,1,1,1,1,1dd0f977ff0cbe127717a6c4d7f198a609485f69,86,86,0,ok,1,317,58,259,0.1829652996845426,260,41,219,0.1576923076923077,57,17,40,0.2982456140350877
synaptiai/prompt-decorators,2025-07,treatment,1,2025-03,1,4.0,0,0,0,0,0,0,0,0,0,0,1,0,0,0,26,194,179,2,2.0,0.0,112.0,11562.0,14712,1,1,1,1,75ab51622f28cdbecba739a07a404f76b803f4df,86,86,0,ok,1,317,58,259,0.1829652996845426,260,41,219,0.1576923076923077,57,17,40,0.2982456140350877
synaptiai/prompt-decorators,2025-08,treatment,1,2025-03,1,5.0,0,0,0,0,0,0,0,0,0,0,0,1,0,0,14,227,150,2,2.0,0.0,143.0,11562.0,14712,1,1,1,1,8ffdee7032009e5e1229cec0f766de6332f2b81c,86,86,0,ok,1,317,58,259,0.1829652996845426,260,41,219,0.1576923076923077,57,17,40,0.2982456140350877
terryyin/lizard,2024-04,treatment,0,2025-01,0,-9.0,1,0,0,0,0,0,0,0,0,0,0,0,0,0,5,172,14,2,10.0,2.0,3373.0,37984.0,10283,1,1,1,1,7b47f8885eb694e6ec82df21e024f2b5265ffba9,121,121,0,ok,1,310,87,223,0.2806451612903226,113,75,38,0.6637168141592921,197,12,185,0.06091370558375635
terryyin/lizard,2024-08,treatment,0,2025-01,0,-5.0,0,1,0,0,0,0,0,0,0,0,0,0,0,0,1,16,0,1,12.0,1.0,3495.0,37998.0,10297,1,1,1,1,c17ccbbe5203c34236fb52aa5f288ed2a96d55c0,121,121,0,ok,1,310,87,223,0.2806451612903226,113,75,38,0.6637168141592921,197,12,185,0.06091370558375635
terryyin/lizard,2024-10,treatment,0,2025-01,0,-3.0,0,0,0,1,0,0,0,0,0,0,0,0,0,0,8,147,17,4,20.0,9.0,3556.0,38052.0,10349,1,1,1,1,ef8ac19ce83d5c7f7e620f7525b6844ef8d4323a,121,121,0,ok,1,310,87,223,0.2806451612903226,113,75,38,0.6637168141592921,197,12,185,0.06091370558375635
terryyin/lizard,2024-12,treatment,0,2025-01,0,-1.0,0,0,0,0,0,1,0,0,0,0,0,0,0,0,9,241,97,2,14.0,2.0,3617.0,38175.0,10469,1,1,1,1,8f3742c28c9fd5d86fe6adfd906c9c91531390e4,121,121,0,ok,1,310,87,223,0.2806451612903226,113,75,38,0.6637168141592921,197,12,185,0.06091370558375635
terryyin/lizard,2025-01,treatment,1,2025-01,1,0.0,0,0,0,0,0,0,1,0,0,0,0,0,0,1,38,1962,735,4,16.0,2.0,3648.0,38788.0,11085,1,1,1,1,c3cd418ce204dff6ddf223096d6a2aec2e7b5b51,128,128,0,ok,1,326,95,231,0.29141104294478526,117,79,38,0.6752136752136753,209,16,193,0.07655502392344497
terryyin/lizard,2025-02,treatment,1,2025-01,1,1.0,0,0,0,0,0,0,0,1,0,0,0,0,0,1,58,1694,453,1,20.0,60.0,3679.0,39648.0,11926,1,1,1,1,7d48c44317121698e144aa7127082b46f7581ab0,128,128,0,ok,1,329,94,235,0.2857142857142857,117,79,38,0.6752136752136753,212,15,197,0.07075471698113207
terryyin/lizard,2025-03,treatment,1,2025-01,1,2.0,0,0,0,0,0,0,0,0,1,0,0,0,0,0,14,2096,89,1,24.0,2.0,3707.0,40178.0,12495,1,1,1,1,86951d42c1f4fe5eaf00d258df2ab61952867838,131,131,0,ok,1,334,95,239,0.2844311377245509,117,79,38,0.6752136752136753,217,16,201,0.07373271889400922
terryyin/lizard,2025-04,treatment,1,2025-01,1,3.0,0,0,0,0,0,0,0,0,0,1,0,0,0,1,8,430,66,1,16.0,0.0,3738.0,40495.0,12753,1,1,1,1,7b72428d60d1bdd83d2c5fb807f8c7f33e23e71b,133,133,0,ok,1,337,97,240,0.2878338278931751,119,81,38,0.680672268907563,218,16,202,0.07339449541284404
terryyin/lizard,2025-05,treatment,1,2025-01,1,4.0,0,0,0,0,0,0,0,0,0,0,1,0,0,0,40,2147,993,1,15.0,7.0,3768.0,41379.0,13613,1,1,1,1,1ef2169fe8524b27777ec65944ba4eca8570e2b7,132,132,0,ok,1,337,96,241,0.28486646884273,121,81,40,0.6694214876033058,216,15,201,0.06944444444444445
terryyin/lizard,2025-06,treatment,1,2025-01,1,5.0,0,0,0,0,0,0,0,0,0,0,0,1,0,0,3,840,106,2,7.0,0.0,3799.0,41951.0,14210,1,1,1,1,d8cb37d396710cc71525e91b62f78320d6b7b03f,132,132,0,ok,1,338,96,242,0.28402366863905326,121,81,40,0.6694214876033058,217,15,202,0.06912442396313365
terryyin/lizard,2025-07,treatment,1,2025-01,1,6.0,0,0,0,0,0,0,0,0,0,0,0,0,1,0,2,30,0,2,12.0,2.0,3829.0,41965.0,14224,1,1,1,1,10017f0c2ebb0688474c4a2b1216863d7632bbcf,132,132,0,ok,1,338,96,242,0.28402366863905326,121,81,40,0.6694214876033058,217,15,202,0.06912442396313365
terryyin/lizard,2025-08,treatment,1,2025-01,1,7.0,0,0,0,0,0,0,0,0,0,0,0,0,1,0,2,119,16,1,9.0,3.0,3860.0,42032.0,14305,1,1,1,1,f4c93acb75391b2797782373c95889434ac9b2ab,132,132,0,ok,1,338,96,242,0.28402366863905326,121,81,40,0.6694214876033058,217,15,202,0.06912442396313365
tmux-python/tmuxp,2024-01,treatment,0,2025-03,0,-14.0,1,0,0,0,0,0,0,0,0,0,0,0,0,0,4,208,187,1,26.0,1.0,2122.0,7560.0,8666,1,1,1,1,7ca123dec130c4655a052d12bf7d9dce24c06867,99,99,0,ok,1,291,53,238,0.18213058419243985,236,44,192,0.1864406779661017,55,9,46,0.16363636363636364
tmux-python/tmuxp,2024-02,treatment,0,2025-03,0,-13.0,1,0,0,0,0,0,0,0,0,0,0,0,0,0,53,1582,1137,1,22.0,1.0,2153.0,7701.0,8807,1,1,1,1,141fb9ad43136bdfd61e978b4ad9fd2dafcc00de,99,99,0,ok,1,291,51,240,0.17525773195876287,236,42,194,0.17796610169491525,55,9,46,0.16363636363636364
tmux-python/tmuxp,2024-03,treatment,0,2025-03,0,-12.0,1,0,0,0,0,0,0,0,0,0,0,0,0,0,47,1137,854,1,39.0,0.0,2182.0,7693.0,8799,1,1,1,1,eecd9e7e92b8f86bb3e74cd2d88284bce1a82448,99,99,0,ok,1,291,51,240,0.17525773195876287,236,42,194,0.17796610169491525,55,9,46,0.16363636363636364
tmux-python/tmuxp,2024-04,treatment,0,2025-03,0,-11.0,1,0,0,0,0,0,0,0,0,0,0,0,0,0,36,960,786,1,32.0,1.0,2213.0,7683.0,8770,1,1,1,1,e8d2d6824fd5dc19974b7944697126198e850264,99,99,0,ok,1,292,53,239,0.1815068493150685,237,44,193,0.18565400843881857,55,9,46,0.16363636363636364
tmux-python/tmuxp,2024-05,treatment,0,2025-03,0,-10.0,1,0,0,0,0,0,0,0,0,0,0,0,0,0,12,440,436,1,23.0,0.0,2243.0,7683.0,8770,1,1,1,1,fc437afd7e83454b717af1d719022cd4aba3972b,99,99,0,ok,1,292,53,239,0.1815068493150685,237,44,193,0.18565400843881857,55,9,46,0.16363636363636364
tmux-python/tmuxp,2024-06,treatment,0,2025-03,0,-9.0,1,0,0,0,0,0,0,0,0,0,0,0,0,0,10,204,220,1,27.0,1.0,2274.0,7683.0,8770,1,1,1,1,8ad7226e1b0859749c46a294327b09a3b31ca5fa,99,99,0,ok,1,292,53,239,0.1815068493150685,237,44,193,0.18565400843881857,55,9,46,0.16363636363636364
tmux-python/tmuxp,2024-07,treatment,0,2025-03,0,-8.0,1,0,0,0,0,0,0,0,0,0,0,0,0,0,9,291,285,1,19.0,3.0,2304.0,7679.0,8766,1,1,1,1,1f339c207881f89bdf2dc90251e2f2de3b16ce59,99,99,0,ok,1,292,53,239,0.1815068493150685,237,44,193,0.18565400843881857,55,9,46,0.16363636363636364
tmux-python/tmuxp,2024-08,treatment,0,2025-03,0,-7.0,1,0,0,0,0,0,0,0,0,0,0,0,0,0,7,353,324,2,19.0,1.0,2335.0,7679.0,8766,1,1,1,1,453f5956e509445303ee1e161534b8e40f3b3d1c,99,99,0,ok,1,292,53,239,0.1815068493150685,237,44,193,0.18565400843881857,55,9,46,0.16363636363636364
tmux-python/tmuxp,2024-09,treatment,0,2025-03,0,-6.0,1,0,0,0,0,0,0,0,0,0,0,0,0,0,6,141,127,1,18.0,1.0,2366.0,7679.0,8766,1,1,1,1,d378f576017983dfe556706e81fb9b1451d6b4d4,99,99,0,ok,1,292,53,239,0.1815068493150685,237,44,193,0.18565400843881857,55,9,46,0.16363636363636364
tmux-python/tmuxp,2024-10,treatment,0,2025-03,0,-5.0,0,1,0,0,0,0,0,0,0,0,0,0,0,0,10,254,232,1,30.0,1.0,2396.0,7679.0,8766,1,1,1,1,e5f255e15fd671519bb9d73459a9890e00927ca3,99,99,0,ok,1,292,53,239,0.1815068493150685,237,44,193,0.18565400843881857,55,9,46,0.16363636363636364
tmux-python/tmuxp,2024-11,treatment,0,2025-03,0,-4.0,0,0,1,0,0,0,0,0,0,0,0,0,0,0,22,4347,4255,1,25.0,0.0,2427.0,7679.0,8766,1,1,1,1,ef6b32a69632cf947e5c630e3b5d7ea26a4034b1,99,99,0,ok,1,292,53,239,0.1815068493150685,237,44,193,0.18565400843881857,55,9,46,0.16363636363636364
tmux-python/tmuxp,2024-12,treatment,0,2025-03,0,-3.0,0,0,0,1,0,0,0,0,0,0,0,0,0,0,24,1084,922,1,20.0,0.0,2457.0,7675.0,8762,1,1,1,1,bd053fa1d6cf9b7958e51b23a3535134c8ca7d8f,99,99,0,ok,1,292,53,239,0.1815068493150685,237,44,193,0.18565400843881857,55,9,46,0.16363636363636364
tmux-python/tmuxp,2025-01,treatment,0,2025-03,0,-2.0,0,0,0,0,1,0,0,0,0,0,0,0,0,0,25,1404,971,1,23.0,0.0,2488.0,7771.0,8858,1,1,1,1,b3f7d78f9422faebdb534b1e9a33be4e93567164,99,99,0,ok,1,292,57,235,0.1952054794520548,237,47,190,0.19831223628691982,55,10,45,0.18181818181818182
tmux-python/tmuxp,2025-02,treatment,0,2025-03,0,-1.0,0,0,0,0,0,1,0,0,0,0,0,0,0,0,71,2787,1290,1,24.0,5.0,2519.0,8243.0,9353,1,1,1,1,12da0966aa52fb8d2b79fdfa98c32b770c1aa76b,99,99,0,ok,1,315,58,257,0.18412698412698414,239,48,191,0.200836820083682,76,10,66,0.13157894736842105
tmux-python/tmuxp,2025-03,treatment,1,2025-03,1,0.0,0,0,0,0,0,0,1,0,0,0,0,0,0,1,10,877,249,2,17.0,1.0,2547.0,8243.0,9353,1,1,1,1,1b034699e8484f3c76a8ef46f5132dcf87b38fd0,99,99,0,ok,1,315,58,257,0.18412698412698414,239,48,191,0.200836820083682,76,10,66,0.13157894736842105
tmux-python/tmuxp,2025-04,treatment,1,2025-03,1,1.0,0,0,0,0,0,0,0,1,0,0,0,0,0,0,10,1084,1074,1,25.0,5.0,2578.0,8243.0,9353,1,1,1,1,fad8ac65bba4223e4e082a09149221396a852e0b,99,99,0,ok,1,315,58,257,0.18412698412698414,239,48,191,0.200836820083682,76,10,66,0.13157894736842105
tmux-python/tmuxp,2025-05,treatment,1,2025-03,1,2.0,0,0,0,0,0,0,0,0,1,0,0,0,0,0,12,995,958,1,20.0,0.0,2608.0,8243.0,9353,1,1,1,1,d9d4038baa7ecee9623fd770703b544ecec78ad0,99,99,0,ok,1,315,58,257,0.18412698412698414,239,48,191,0.200836820083682,76,10,66,0.13157894736842105
tmux-python/tmuxp,2025-06,treatment,1,2025-03,1,3.0,0,0,0,0,0,0,0,0,0,1,0,0,0,0,14,345,295,1,11.0,0.0,2639.0,8251.0,9361,1,1,1,1,0708824ac8dbff7f0a4b504156be5bc511c288c7,99,99,0,ok,1,315,58,257,0.18412698412698414,239,48,191,0.200836820083682,76,10,66,0.13157894736842105
tmux-python/tmuxp,2025-07,treatment,1,2025-03,1,4.0,0,0,0,0,0,0,0,0,0,0,1,0,0,0,9,436,377,1,19.0,3.0,2669.0,8251.0,9361,1,1,1,1,7cea7b926b3366c59d7ca1e41de55cb020a0ce67,99,99,0,ok,1,315,58,257,0.18412698412698414,239,48,191,0.200836820083682,76,10,66,0.13157894736842105
tmux-python/tmuxp,2025-08,treatment,1,2025-03,1,5.0,0,0,0,0,0,0,0,0,0,0,0,1,0,0,11,799,747,1,12.0,0.0,2700.0,8251.0,9361,1,1,1,1,ccbc3729b89db062589697c28077877dc2b30642,99,99,0,ok,1,315,58,257,0.18412698412698414,239,48,191,0.200836820083682,76,10,66,0.13157894736842105
tony/django-docutils,2024-01,treatment,0,2025-03,0,-14.0,1,0,0,0,0,0,0,0,0,0,0,0,0,0,6,216,213,1,0.0,0.0,3116.0,2441.0,2932,1,1,1,1,f463f0e4262bb8502fae0403bf11ab2c4898d5e7,55,55,0,ok,1,97,24,73,0.24742268041237114,68,19,49,0.27941176470588236,29,5,24,0.1724137931034483
tony/django-docutils,2024-02,treatment,0,2025-03,0,-13.0,1,0,0,0,0,0,0,0,0,0,0,0,0,0,24,567,410,1,0.0,0.0,0.0,2490.0,2981,1,1,1,1,c8209f9d5a07ebc8e6e10219aab19b7c5b4d5884,55,55,0,ok,1,97,23,74,0.23711340206185566,68,18,50,0.2647058823529412,29,5,24,0.1724137931034483
tony/django-docutils,2024-03,treatment,0,2025-03,0,-12.0,1,0,0,0,0,0,0,0,0,0,0,0,0,0,21,608,468,1,0.0,0.0,3176.0,2480.0,2971,1,1,1,1,4cb8ec6f725cd2970fc928fefa0d66bc7818e606,55,55,0,ok,1,97,23,74,0.23711340206185566,68,18,50,0.2647058823529412,29,5,24,0.1724137931034483
tony/django-docutils,2024-04,treatment,0,2025-03,0,-11.0,1,0,0,0,0,0,0,0,0,0,0,0,0,0,16,411,358,1,0.0,0.0,3207.0,2482.0,2973,1,1,1,1,b470d95fbeee9e27390502d866f9d5b3727a128d,55,55,0,ok,1,97,23,74,0.23711340206185566,68,18,50,0.2647058823529412,29,5,24,0.1724137931034483
tony/django-docutils,2024-05,treatment,0,2025-03,0,-10.0,1,0,0,0,0,0,0,0,0,0,0,0,0,0,7,374,369,1,0.0,0.0,3237.0,2482.0,2973,1,1,1,1,6b00f517ec2c7fdac4c7a5f4e7d72c1ba5e25e9c,55,55,0,ok,1,97,23,74,0.23711340206185566,68,18,50,0.2647058823529412,29,5,24,0.1724137931034483
tony/django-docutils,2024-06,treatment,0,2025-03,0,-9.0,1,0,0,0,0,0,0,0,0,0,0,0,0,0,9,207,209,1,0.0,0.0,3268.0,2482.0,2973,1,1,1,1,ed75180f3d90e6143179995c2c67b6404e7dcb76,55,55,0,ok,1,97,23,74,0.23711340206185566,68,18,50,0.2647058823529412,29,5,24,0.1724137931034483
tony/django-docutils,2024-07,treatment,0,2025-03,0,-8.0,1,0,0,0,0,0,0,0,0,0,0,0,0,0,13,240,206,1,0.0,0.0,3298.0,2482.0,2973,1,1,1,1,c9a88ac56a64421fa9e2474259961df7c19f33f0,55,55,0,ok,1,97,23,74,0.23711340206185566,68,18,50,0.2647058823529412,29,5,24,0.1724137931034483
tony/django-docutils,2024-08,treatment,0,2025-03,0,-7.0,1,0,0,0,0,0,0,0,0,0,0,0,0,0,10,389,350,1,0.0,0.0,3329.0,2482.0,2973,1,1,1,1,4895644e3dafb21706239dde18e001ce5aa37f2a,55,55,0,ok,1,97,23,74,0.23711340206185566,68,18,50,0.2647058823529412,29,5,24,0.1724137931034483
tony/django-docutils,2024-09,treatment,0,2025-03,0,-6.0,1,0,0,0,0,0,0,0,0,0,0,0,0,0,6,166,152,1,0.0,0.0,3360.0,2482.0,2973,1,1,1,1,7c1baf58136bc611e2eb4d7994592a7d6a17e0b1,55,55,0,ok,1,97,23,74,0.23711340206185566,68,18,50,0.2647058823529412,29,5,24,0.1724137931034483
tony/django-docutils,2024-10,treatment,0,2025-03,0,-5.0,0,1,0,0,0,0,0,0,0,0,0,0,0,0,8,260,238,1,0.0,0.0,3390.0,2482.0,2973,1,1,1,1,cfc1b264d19de55cfeb79c038d982a192b0412b0,55,55,0,ok,1,97,23,74,0.23711340206185566,68,18,50,0.2647058823529412,29,5,24,0.1724137931034483
tony/django-docutils,2024-11,treatment,0,2025-03,0,-4.0,0,0,1,0,0,0,0,0,0,0,0,0,0,0,13,3220,3482,1,0.0,0.0,3421.0,2482.0,2973,1,1,1,1,dca24e450cbb63e22a148c6a77b88d347ff735fe,55,55,0,ok,1,97,23,74,0.23711340206185566,68,18,50,0.2647058823529412,29,5,24,0.1724137931034483
tony/django-docutils,2024-12,treatment,0,2025-03,0,-3.0,0,0,0,1,0,0,0,0,0,0,0,0,0,0,29,1686,1170,1,0.0,0.0,3451.0,2483.0,2974,1,1,1,1,0b290cba2d4cbab3dac9ce00ec05a350b0011536,55,55,0,ok,1,97,23,74,0.23711340206185566,68,18,50,0.2647058823529412,29,5,24,0.1724137931034483
tony/django-docutils,2025-01,treatment,0,2025-03,0,-2.0,0,0,0,0,1,0,0,0,0,0,0,0,0,0,21,934,636,1,0.0,0.0,0.0,2546.0,3037,1,1,1,1,0762c1f2c1d50954673b464d3773e769a8987adb,55,55,0,ok,1,97,23,74,0.23711340206185566,68,18,50,0.2647058823529412,29,5,24,0.1724137931034483
tony/django-docutils,2025-02,treatment,0,2025-03,0,-1.0,0,0,0,0,0,1,0,0,0,0,0,0,0,0,13,475,399,1,0.0,0.0,3513.0,2546.0,3037,1,1,1,1,cab44af66af2cdcf4b368f4214a9332bef904062,55,55,0,ok,1,97,23,74,0.23711340206185566,68,18,50,0.2647058823529412,29,5,24,0.1724137931034483
tony/django-docutils,2025-03,treatment,1,2025-03,1,0.0,0,0,0,0,0,0,1,0,0,0,0,0,0,1,8,785,278,1,0.0,0.0,0.0,2546.0,3037,1,1,1,1,cb6234c0320cdbaa55c1656a8a3285bf96cb98a1,55,55,0,ok,1,97,23,74,0.23711340206185566,68,18,50,0.2647058823529412,29,5,24,0.1724137931034483
tony/django-docutils,2025-04,treatment,1,2025-03,1,1.0,0,0,0,0,0,0,0,1,0,0,0,0,0,0,10,1005,961,1,0.0,0.0,0.0,2546.0,3037,1,1,1,1,599abd08daad0eac078e5da127e64df1b075bc59,55,55,0,ok,1,97,23,74,0.23711340206185566,68,18,50,0.2647058823529412,29,5,24,0.1724137931034483
tony/django-docutils,2025-05,treatment,1,2025-03,1,2.0,0,0,0,0,0,0,0,0,1,0,0,0,0,0,12,1044,1006,1,0.0,0.0,0.0,2546.0,3037,1,1,1,1,ffe2c204fb91ed963b5ea7c40fe56343682171cb,55,55,0,ok,1,97,23,74,0.23711340206185566,68,18,50,0.2647058823529412,29,5,24,0.1724137931034483
tony/django-docutils,2025-06,treatment,1,2025-03,1,3.0,0,0,0,0,0,0,0,0,0,1,0,0,0,0,8,356,320,1,0.0,0.0,0.0,2546.0,3037,1,1,1,1,fd6165b39d44bf78d66b9855a041ccc1eed04b52,55,55,0,ok,1,97,23,74,0.23711340206185566,68,18,50,0.2647058823529412,29,5,24,0.1724137931034483
tony/django-docutils,2025-07,treatment,1,2025-03,1,4.0,0,0,0,0,0,0,0,0,0,0,1,0,0,0,8,351,317,1,0.0,0.0,0.0,2546.0,3037,1,1,1,1,584f8bc192dea2bfc0821e833c3edd4d143b877a,55,55,0,ok,1,97,23,74,0.23711340206185566,68,18,50,0.2647058823529412,29,5,24,0.1724137931034483
tony/django-docutils,2025-08,treatment,1,2025-03,1,5.0,0,0,0,0,0,0,0,0,0,0,0,1,0,0,11,811,759,1,0.0,0.0,0.0,2546.0,3037,1,1,1,1,de6617c5da06ebc56a352d5feb48bb0f22edb58a,55,55,0,ok,1,97,23,74,0.23711340206185566,68,18,50,0.2647058823529412,29,5,24,0.1724137931034483
tony/django-slugify-processor,2024-01,treatment,0,2025-03,0,-14.0,1,0,0,0,0,0,0,0,0,0,0,0,0,0,5,194,191,1,0.0,0.0,663.0,448.0,348,1,1,1,1,227f314d702464fef559a94968bcdc846f93c3dd,14,14,0,ok,1,13,1,12,0.07692307692307693,12,1,11,0.08333333333333333,1,0,1,0.0
tony/django-slugify-processor,2024-02,treatment,0,2025-03,0,-13.0,1,0,0,0,0,0,0,0,0,0,0,0,0,0,20,338,275,1,0.0,0.0,694.0,452.0,352,1,1,1,1,c53422d9799f6f00af48ba08f1258c4acf6d7e10,14,14,0,ok,1,13,1,12,0.07692307692307693,12,1,11,0.08333333333333333,1,0,1,0.0
tony/django-slugify-processor,2024-03,treatment,0,2025-03,0,-12.0,1,0,0,0,0,0,0,0,0,0,0,0,0,0,14,330,259,1,0.0,0.0,0.0,451.0,351,1,1,1,1,625e9516a26bf81c36fa5f46545cc2fb151695bf,14,14,0,ok,1,13,1,12,0.07692307692307693,12,1,11,0.08333333333333333,1,0,1,0.0
tony/django-slugify-processor,2024-04,treatment,0,2025-03,0,-11.0,1,0,0,0,0,0,0,0,0,0,0,0,0,0,13,257,217,1,0.0,0.0,754.0,452.0,352,1,1,1,1,a7eeca135ee98af17416707ccebe4d0ab71e81ea,14,14,0,ok,1,13,1,12,0.07692307692307693,12,1,11,0.08333333333333333,1,0,1,0.0
tony/django-slugify-processor,2024-05,treatment,0,2025-03,0,-10.0,1,0,0,0,0,0,0,0,0,0,0,0,0,0,7,344,354,1,0.0,0.0,784.0,452.0,352,1,1,1,1,6017c27336c358589d6037444aba9655597cc674,14,14,0,ok,1,13,1,12,0.07692307692307693,12,1,11,0.08333333333333333,1,0,1,0.0
tony/django-slugify-processor,2024-06,treatment,0,2025-03,0,-9.0,1,0,0,0,0,0,0,0,0,0,0,0,0,0,9,204,217,1,0.0,0.0,815.0,452.0,352,1,1,1,1,b7f343f679836da504ec13ab5f7141f4cc82f903,14,14,0,ok,1,13,1,12,0.07692307692307693,12,1,11,0.08333333333333333,1,0,1,0.0
tony/django-slugify-processor,2024-07,treatment,0,2025-03,0,-8.0,1,0,0,0,0,0,0,0,0,0,0,0,0,0,6,173,173,1,0.0,0.0,845.0,452.0,352,1,1,1,1,fcb2cbcaeb9939da81e2f745b116da5769f75301,14,14,0,ok,1,13,1,12,0.07692307692307693,12,1,11,0.08333333333333333,1,0,1,0.0
tony/django-slugify-processor,2024-08,treatment,0,2025-03,0,-7.0,1,0,0,0,0,0,0,0,0,0,0,0,0,0,17,438,364,1,0.0,0.0,876.0,452.0,352,1,1,1,1,432747420eab99528bd9020bdce7960f026fdd97,14,14,0,ok,1,13,1,12,0.07692307692307693,12,1,11,0.08333333333333333,1,0,1,0.0
tony/django-slugify-processor,2024-09,treatment,0,2025-03,0,-6.0,1,0,0,0,0,0,0,0,0,0,0,0,0,0,6,154,140,1,0.0,0.0,907.0,452.0,352,1,1,1,1,8a0aca4f986460539cc2d20866778e5e313a9eff,14,14,0,ok,1,13,1,12,0.07692307692307693,12,1,11,0.08333333333333333,1,0,1,0.0
tony/django-slugify-processor,2024-10,treatment,0,2025-03,0,-5.0,0,1,0,0,0,0,0,0,0,0,0,0,0,0,8,245,223,1,0.0,0.0,937.0,452.0,352,1,1,1,1,edf528705b41fd3da6bdda6b301d96935d20e528,14,14,0,ok,1,13,1,12,0.07692307692307693,12,1,11,0.08333333333333333,1,0,1,0.0
tony/django-slugify-processor,2024-11,treatment,0,2025-03,0,-4.0,0,0,1,0,0,0,0,0,0,0,0,0,0,0,13,3039,3321,1,0.0,0.0,968.0,452.0,352,1,1,1,1,1dc94bb6f163648c69660d0aa269a736a717275b,14,14,0,ok,1,13,1,12,0.07692307692307693,12,1,11,0.08333333333333333,1,0,1,0.0
tony/django-slugify-processor,2024-12,treatment,0,2025-03,0,-3.0,0,0,0,1,0,0,0,0,0,0,0,0,0,0,22,1431,978,1,0.0,0.0,998.0,452.0,352,1,1,1,1,bea6b3564750911252df8a8d28e83fbd0de7bc59,14,14,0,ok,1,13,1,12,0.07692307692307693,12,1,11,0.08333333333333333,1,0,1,0.0
tony/django-slugify-processor,2025-01,treatment,0,2025-03,0,-2.0,0,0,0,0,1,0,0,0,0,0,0,0,0,0,16,414,332,1,0.0,0.0,0.0,462.0,362,1,1,1,1,e4f9c51a2ece040252f2939e256110736c1cfd26,14,14,0,ok,1,13,1,12,0.07692307692307693,12,1,11,0.08333333333333333,1,0,1,0.0
tony/django-slugify-processor,2025-02,treatment,0,2025-03,0,-1.0,0,0,0,0,0,1,0,0,0,0,0,0,0,0,13,458,383,1,0.0,0.0,1060.0,462.0,362,1,1,1,1,3b9dbc9ac9e04d72e3f5e53d39b47b68ec38a9ea,14,14,0,ok,1,13,1,12,0.07692307692307693,12,1,11,0.08333333333333333,1,0,1,0.0
tony/django-slugify-processor,2025-03,treatment,1,2025-03,1,0.0,0,0,0,0,0,0,1,0,0,0,0,0,0,1,8,772,255,1,1.0,0.0,1088.0,462.0,362,1,1,1,1,f2ab14a44f748984c903bc323dd389d0d9fe421f,14,14,0,ok,1,13,1,12,0.07692307692307693,12,1,11,0.08333333333333333,1,0,1,0.0
tony/django-slugify-processor,2025-04,treatment,1,2025-03,1,1.0,0,0,0,0,0,0,0,1,0,0,0,0,0,0,10,994,950,1,0.0,0.0,0.0,462.0,362,1,1,1,1,0537ae316c7984f37fc5a0830e5dff7ed00e9f71,14,14,0,ok,1,13,1,12,0.07692307692307693,12,1,11,0.08333333333333333,1,0,1,0.0
tony/django-slugify-processor,2025-05,treatment,1,2025-03,1,2.0,0,0,0,0,0,0,0,0,1,0,0,0,0,0,12,1012,975,1,0.0,0.0,0.0,462.0,362,1,1,1,1,afa6278429c45dfbfbf41e78d4206b5be96165fe,14,14,0,ok,1,13,1,12,0.07692307692307693,12,1,11,0.08333333333333333,1,0,1,0.0
tony/django-slugify-processor,2025-06,treatment,1,2025-03,1,3.0,0,0,0,0,0,0,0,0,0,1,0,0,0,0,8,353,317,1,0.0,0.0,0.0,462.0,362,1,1,1,1,ffbe70e71c0940cc22892058ea59a61e1192f734,14,14,0,ok,1,13,1,12,0.07692307692307693,12,1,11,0.08333333333333333,1,0,1,0.0
tony/django-slugify-processor,2025-07,treatment,1,2025-03,1,4.0,0,0,0,0,0,0,0,0,0,0,1,0,0,0,8,339,305,1,0.0,0.0,0.0,462.0,362,1,1,1,1,046f46e267ac31071b4d3a702cdef5401fddcb6b,14,14,0,ok,1,13,1,12,0.07692307692307693,12,1,11,0.08333333333333333,1,0,1,0.0
tony/django-slugify-processor,2025-08,treatment,1,2025-03,1,5.0,0,0,0,0,0,0,0,0,0,0,0,1,0,0,11,791,739,1,0.0,0.0,0.0,462.0,362,1,1,1,1,7ca63af648acca67953a5f668d890f26297437ff,14,14,0,ok,1,13,1,12,0.07692307692307693,12,1,11,0.08333333333333333,1,0,1,0.0
trycua/cua,2025-01,treatment,0,2025-03,0,-2.0,0,0,0,0,1,0,0,0,0,0,0,0,0,0,1,0,0,1,0.0,0.0,0.0,,0,1,1,0,0,19a07d24d3c1207aa0809c77975087d92c070b0a,0,0,0,ok,1,0,0,0,,0,0,0,,0,0,0,
trycua/cua,2025-02,treatment,0,2025-03,0,-1.0,0,0,0,0,0,1,0,0,0,0,0,0,0,0,37,1158,460,4,0.0,0.0,0.0,,0,1,1,0,0,b187511acfabe7fad390c581961fb7718748d07d,0,0,0,ok,1,0,0,0,,0,0,0,,0,0,0,
trycua/cua,2025-03,treatment,1,2025-03,1,0.0,0,0,0,0,0,0,1,0,0,0,0,0,0,1,120,62016,14752,6,665.0,12.0,0.0,11016.0,12736,1,1,1,1,9324ab56b21973171f72bfbb6f8aeb8c76871bf3,118,118,0,ok,1,235,85,150,0.3617021276595745,87,34,53,0.39080459770114945,148,51,97,0.34459459459459457
trycua/cua,2025-04,treatment,1,2025-03,1,1.0,0,0,0,0,0,0,0,1,0,0,0,0,0,1,286,68591,23084,12,1902.0,28.0,15.0,11136.0,16295,1,1,1,1,60bcb0716cfa720084faafb1d0c9b1f716a6945c,140,140,0,ok,1,288,96,192,0.3333333333333333,130,46,84,0.35384615384615387,158,50,108,0.31645569620253167
trycua/cua,2025-05,treatment,1,2025-03,1,2.0,0,0,0,0,0,0,0,0,1,0,0,0,0,0,227,48737,32831,7,2562.0,35.0,45.0,18802.0,21343,1,1,1,1,99b979ef114345fae36dba627f33577388759f47,160,160,0,ok,1,336,105,231,0.3125,162,49,113,0.30246913580246915,174,56,118,0.3218390804597701
trycua/cua,2025-06,treatment,1,2025-03,1,3.0,0,0,0,0,0,0,0,0,0,1,0,0,0,1,189,55422,30785,5,373.0,5.0,76.0,22926.0,23736,1,1,1,1,f4b6b5942bc67e3331da5c442f6b8aa894bd12a1,174,174,0,ok,1,376,107,269,0.2845744680851064,196,51,145,0.2602040816326531,180,56,124,0.3111111111111111
trycua/cua,2025-07,treatment,1,2025-03,1,4.0,0,0,0,0,0,0,0,0,0,0,1,0,0,1,138,81213,64548,6,152.0,2.0,106.0,19580.0,18945,1,1,1,1,10bac17c7892facda695a514891e078ae9a55991,124,124,0,ok,1,353,92,261,0.26062322946175637,248,62,186,0.25,105,30,75,0.2857142857142857
trycua/cua,2025-08,treatment,1,2025-03,1,5.0,0,0,0,0,0,0,0,0,0,0,0,1,0,0,278,518112,235949,10,242.0,12.0,137.0,24194.0,24596,1,1,1,1,9515a650ad505cad48638abcb96d343d7b6d1da1,147,147,0,ok,1,409,88,321,0.21515892420537897,283,57,226,0.20141342756183744,126,31,95,0.24603174603174602
tsukumijima/KonomiTV,2024-01,treatment,0,2025-01,0,-12.0,1,0,0,0,0,0,0,0,0,0,0,0,0,0,89,41093,11903,3,28.0,0.0,831.0,50918.0,12691,1,1,1,1,324073ec85deb342d707d69972b6c441596da646,57,57,0,ok,1,223,76,147,0.34080717488789236,124,37,87,0.29838709677419356,99,39,60,0.3939393939393939
tsukumijima/KonomiTV,2024-02,treatment,0,2025-01,0,-11.0,1,0,0,0,0,0,0,0,0,0,0,0,0,0,84,5259,32930,4,7.0,0.0,862.0,29729.0,14053,1,1,1,1,20d52b28713499b675372a22f102f14110a1bfad,60,60,0,ok,1,270,91,179,0.337037037037037,149,38,111,0.2550335570469799,121,53,68,0.4380165289256198
tsukumijima/KonomiTV,2024-03,treatment,0,2025-01,0,-10.0,1,0,0,0,0,0,0,0,0,0,0,0,0,0,10,131,124,3,12.0,0.0,891.0,29734.0,14058,1,1,1,1,82ce662b2b4e9bd6ff0d0031a2067ceb5d16e304,60,60,0,ok,1,270,90,180,0.3333333333333333,149,37,112,0.2483221476510067,121,53,68,0.4380165289256198
tsukumijima/KonomiTV,2024-04,treatment,0,2025-01,0,-9.0,1,0,0,0,0,0,0,0,0,0,0,0,0,0,53,4044,3910,3,9.0,1.0,922.0,29771.0,14100,1,1,1,1,78805d9a46099bf9a9bf0aab6fe0c2378e8139b5,60,60,0,ok,1,271,91,180,0.33579335793357934,149,38,111,0.2550335570469799,122,53,69,0.4344262295081967
tsukumijima/KonomiTV,2024-05,treatment,0,2025-01,0,-8.0,1,0,0,0,0,0,0,0,0,0,0,0,0,0,38,3028,1605,4,16.0,0.0,952.0,30861.0,14107,1,1,1,1,a3a81e9e05409e15aaf31fdb163e43d017c28309,60,60,0,ok,1,271,90,181,0.33210332103321033,149,37,112,0.2483221476510067,122,53,69,0.4344262295081967
tsukumijima/KonomiTV,2024-06,treatment,0,2025-01,0,-7.0,1,0,0,0,0,0,0,0,0,0,0,0,0,0,40,2000,1702,5,19.0,1.0,983.0,31054.0,14227,1,1,1,1,0308a91fe4787b5c85bb5a1896df735218a2d285,61,61,0,ok,1,272,90,182,0.33088235294117646,150,37,113,0.24666666666666667,122,53,69,0.4344262295081967
tsukumijima/KonomiTV,2024-07,treatment,0,2025-01,0,-6.0,1,0,0,0,0,0,0,0,0,0,0,0,0,0,17,1531,1478,3,7.0,0.0,1013.0,31067.0,14240,1,1,1,1,4a8930d01675076ebe437e52d67340d73cb05ff3,61,61,0,ok,1,272,90,182,0.33088235294117646,150,37,113,0.24666666666666667,122,53,69,0.4344262295081967
tsukumijima/KonomiTV,2024-08,treatment,0,2025-01,0,-5.0,0,1,0,0,0,0,0,0,0,0,0,0,0,0,142,8747,4960,3,10.0,2.0,1044.0,33899.0,14660,1,1,1,1,c626e58c3d72b412b9060ae2e84bae1f882b1671,65,65,0,ok,1,278,93,185,0.3345323741007194,151,36,115,0.23841059602649006,127,57,70,0.44881889763779526
tsukumijima/KonomiTV,2024-09,treatment,0,2025-01,0,-4.0,0,0,1,0,0,0,0,0,0,0,0,0,0,0,42,5170,4895,4,8.0,5.0,1075.0,33994.0,14692,1,1,1,1,68f62d829b04009f40c8bc920ecb83843dcba477,65,65,0,ok,1,278,93,185,0.3345323741007194,151,36,115,0.23841059602649006,127,57,70,0.44881889763779526
tsukumijima/KonomiTV,2024-10,treatment,0,2025-01,0,-3.0,0,0,0,1,0,0,0,0,0,0,0,0,0,0,30,2057,1818,5,23.0,3.0,1105.0,34068.0,14710,1,1,1,1,d7400da6f353019bae2b57da7c4d5329d6e00aa8,65,65,0,ok,1,278,93,185,0.3345323741007194,151,36,115,0.23841059602649006,127,57,70,0.44881889763779526
tsukumijima/KonomiTV,2024-11,treatment,0,2025-01,0,-2.0,0,0,0,0,1,0,0,0,0,0,0,0,0,0,16,458,367,3,11.0,2.0,1136.0,34069.0,14710,1,1,1,1,0362744cc8a6b94eafbe8b690562fb05c3bc4c0d,65,65,0,ok,1,278,93,185,0.3345323741007194,151,36,115,0.23841059602649006,127,57,70,0.44881889763779526
tsukumijima/KonomiTV,2024-12,treatment,0,2025-01,0,-1.0,0,0,0,0,0,1,0,0,0,0,0,0,0,0,18,778,751,4,12.0,5.0,1166.0,34088.0,14727,1,1,1,1,23e3ad46ba1d38eb7780928a20b821818fa9cd95,65,65,0,ok,1,278,93,185,0.3345323741007194,151,36,115,0.23841059602649006,127,57,70,0.44881889763779526
tsukumijima/KonomiTV,2025-01,treatment,1,2025-01,1,0.0,0,0,0,0,0,0,1,0,0,0,0,0,0,1,45,6420,4494,4,17.0,5.0,1197.0,35217.0,15433,1,1,1,1,b2662d5c86655ba7b7eae33af3aed84c64353064,68,68,0,ok,1,285,96,189,0.3368421052631579,155,38,117,0.24516129032258063,130,58,72,0.4461538461538462
tsukumijima/KonomiTV,2025-02,treatment,1,2025-01,1,1.0,0,0,0,0,0,0,0,1,0,0,0,0,0,1,187,20255,7290,6,21.0,11.0,1228.0,46290.0,17382,1,1,1,1,9f5131c557d239a5b1cf5e348ba5c2ef95805200,72,72,0,ok,1,304,103,201,0.33881578947368424,168,40,128,0.23809523809523808,136,63,73,0.4632352941176471
tsukumijima/KonomiTV,2025-03,treatment,1,2025-01,1,2.0,0,0,0,0,0,0,0,0,1,0,0,0,0,1,70,8948,7829,5,54.0,6.0,1256.0,47015.0,17668,1,1,1,1,e3b19c86f602e21cd30dfd57586a2c97724318ef,72,72,0,ok,1,304,101,203,0.33223684210526316,170,40,130,0.23529411764705882,134,61,73,0.4552238805970149
tsukumijima/KonomiTV,2025-04,treatment,1,2025-01,1,3.0,0,0,0,0,0,0,0,0,0,1,0,0,0,1,47,6889,5660,5,15.0,5.0,1287.0,47574.0,18239,1,1,1,1,75e3dad94a11fde2be631d680b0484b12c7ecc7c,74,74,0,ok,1,308,105,203,0.3409090909090909,174,44,130,0.25287356321839083,134,61,73,0.4552238805970149
tsukumijima/KonomiTV,2025-05,treatment,1,2025-01,1,4.0,0,0,0,0,0,0,0,0,0,0,1,0,0,0,7,160,38,3,6.0,0.0,1317.0,47580.0,18245,1,1,1,1,ae8b9a657881619f471001500144a7387b8db99c,74,74,0,ok,1,308,105,203,0.3409090909090909,174,44,130,0.25287356321839083,134,61,73,0.4552238805970149
tsukumijima/KonomiTV,2025-06,treatment,1,2025-01,1,5.0,0,0,0,0,0,0,0,0,0,0,0,1,0,1,57,9965,5986,4,11.0,1.0,1348.0,50537.0,18398,1,1,1,1,26e94e2ce38f13de2c08d911c9ae0e61d8d1eef9,74,74,0,ok,1,309,104,205,0.3365695792880259,175,44,131,0.25142857142857145,134,60,74,0.44776119402985076
tsukumijima/KonomiTV,2025-07,treatment,1,2025-01,1,6.0,0,0,0,0,0,0,0,0,0,0,0,0,1,0,8,424,370,2,5.0,0.0,1378.0,50537.0,18398,1,1,1,1,4eabb2ba48bafa164062f0b060d081c400a5f3be,74,74,0,ok,1,309,104,205,0.3365695792880259,175,44,131,0.25142857142857145,134,60,74,0.44776119402985076
tsukumijima/KonomiTV,2025-08,treatment,1,2025-01,1,7.0,0,0,0,0,0,0,0,0,0,0,0,0,1,1,33,7383,6841,1,8.0,2.0,1409.0,51014.0,18709,1,1,1,1,33f1544aeed4cdb79d87617023d99aee42a82591,74,74,0,ok,1,316,104,212,0.3291139240506329,175,44,131,0.25142857142857145,141,60,81,0.425531914893617
tw-haiven/haiven,2024-04,treatment,0,2025-02,0,-10.0,1,0,0,0,0,0,0,0,0,0,0,0,0,0,225,22052,32438,8,0.0,0.0,0.0,9796.0,8904,1,1,1,1,d4af924ba440a4249c5239f80bd44719bcd63449,94,94,0,ok,1,191,53,138,0.2774869109947644,118,33,85,0.2796610169491525,73,20,53,0.273972602739726
tw-haiven/haiven,2024-05,treatment,0,2025-02,0,-9.0,1,0,0,0,0,0,0,0,0,0,0,0,0,0,223,64257,29460,9,4.0,0.0,0.0,13850.0,9505,1,1,1,1,e0abfac98ed22108758388f8f032147de689bac1,101,101,0,ok,1,215,68,147,0.31627906976744186,130,44,86,0.3384615384615385,85,24,61,0.2823529411764706
tw-haiven/haiven,2024-06,treatment,0,2025-02,0,-8.0,1,0,0,0,0,0,0,0,0,0,0,0,0,0,37,2571,2384,4,8.0,1.0,1.0,13869.0,9500,1,1,1,1,eb451366aedf564fd436c9ed1774b254269576a0,101,101,0,ok,1,215,68,147,0.31627906976744186,130,44,86,0.3384615384615385,85,24,61,0.2823529411764706
tw-haiven/haiven,2024-07,treatment,0,2025-02,0,-7.0,1,0,0,0,0,0,0,0,0,0,0,0,0,0,36,1828,2711,5,2.0,1.0,31.0,13858.0,9470,1,1,1,1,10d03df6257fd83ea4f712da73ab808a7dee966c,101,101,0,ok,1,206,64,142,0.3106796116504854,120,40,80,0.3333333333333333,86,24,62,0.27906976744186046
tw-haiven/haiven,2024-08,treatment,0,2025-02,0,-6.0,1,0,0,0,0,0,0,0,0,0,0,0,0,0,166,12035,10644,4,8.0,0.0,62.0,14637.0,9588,1,1,1,1,da4f5738f75edfd3147a38ce47f608d2ca07fb1c,99,99,0,ok,1,194,53,141,0.27319587628865977,102,32,70,0.3137254901960784,92,21,71,0.22826086956521738
tw-haiven/haiven,2024-09,treatment,0,2025-02,0,-5.0,0,1,0,0,0,0,0,0,0,0,0,0,0,0,101,12234,13522,7,15.0,0.0,93.0,12629.0,6854,1,1,1,1,2d3aafe4dcd6bbd56ac2dc6b5a1579d95e9525f5,83,83,0,ok,1,170,52,118,0.3058823529411765,84,32,52,0.38095238095238093,86,20,66,0.23255813953488372
tw-haiven/haiven,2024-10,treatment,0,2025-02,0,-4.0,0,0,1,0,0,0,0,0,0,0,0,0,0,0,120,11869,9297,8,29.0,1.0,123.0,14085.0,7160,1,1,1,1,4db9fdf092caa1601a61494c1f50ce118e127c7b,82,82,0,ok,1,191,56,135,0.2931937172774869,103,34,69,0.3300970873786408,88,22,66,0.25
tw-haiven/haiven,2024-11,treatment,0,2025-02,0,-3.0,0,0,0,1,0,0,0,0,0,0,0,0,0,0,107,5243,5386,4,15.0,1.0,154.0,14740.0,7189,1,1,1,1,ed4ee3b88e827a2d00bd54a5635334467403805c,81,81,0,ok,1,193,58,135,0.3005181347150259,103,34,69,0.3300970873786408,90,24,66,0.26666666666666666
tw-haiven/haiven,2024-12,treatment,0,2025-02,0,-2.0,0,0,0,0,1,0,0,0,0,0,0,0,0,0,87,11063,12381,4,7.0,2.0,184.0,14705.0,7025,1,1,1,1,ff2da523d9bbb6f26c8a0ffede2d85cf4f70d406,82,82,0,ok,1,187,53,134,0.28342245989304815,99,30,69,0.30303030303030304,88,23,65,0.26136363636363635
tw-haiven/haiven,2025-01,treatment,0,2025-02,0,-1.0,0,0,0,0,0,1,0,0,0,0,0,0,0,0,29,5301,4565,4,10.0,0.0,215.0,15200.0,7043,1,1,1,1,ca9984841f6964bcd519a358becb343734df604e,83,83,0,ok,1,188,53,135,0.28191489361702127,100,30,70,0.3,88,23,65,0.26136363636363635
tw-haiven/haiven,2025-02,treatment,1,2025-02,1,0.0,0,0,0,0,0,0,1,0,0,0,0,0,0,1,76,2623,2371,3,15.0,2.0,246.0,15444.0,7150,1,1,1,1,b24d3346a9e7be65ff1de9e5f956a46506dfc78b,84,84,0,ok,1,189,53,136,0.2804232804232804,100,30,70,0.3,89,23,66,0.25842696629213485
tw-haiven/haiven,2025-03,treatment,1,2025-02,1,1.0,0,0,0,0,0,0,0,1,0,0,0,0,0,1,125,12271,8443,5,9.0,1.0,274.0,17985.0,7082,1,1,1,1,9fa1486c64f85b5acc14ce919fad7c52b18afeb9,83,83,0,ok,1,191,48,143,0.2513089005235602,103,28,75,0.27184466019417475,88,20,68,0.22727272727272727
tw-haiven/haiven,2025-04,treatment,1,2025-02,1,2.0,0,0,0,0,0,0,0,0,1,0,0,0,0,0,42,3907,3140,4,8.0,0.0,305.0,17985.0,7013,1,1,1,1,8aded9a7f73cc6ad47b174ea192cd052543ad7cb,83,83,0,ok,1,181,49,132,0.27071823204419887,93,29,64,0.3118279569892473,88,20,68,0.22727272727272727
tw-haiven/haiven,2025-05,treatment,1,2025-02,1,3.0,0,0,0,0,0,0,0,0,0,1,0,0,0,1,53,4185,2408,4,7.0,0.0,335.0,19957.0,7423,1,1,1,1,d28fdf46b8b2f84d18aa2acbfc006a55cc23876b,84,84,0,ok,1,185,49,136,0.2648648648648649,96,29,67,0.3020833333333333,89,20,69,0.2247191011235955
tw-haiven/haiven,2025-06,treatment,1,2025-02,1,4.0,0,0,0,0,0,0,0,0,0,0,1,0,0,0,13,4909,4705,3,8.0,0.0,366.0,19775.0,7234,1,1,1,1,86c46d02f3e9de4b924dd952a0d4c7f054e450c8,84,84,0,ok,1,184,49,135,0.266304347826087,95,29,66,0.30526315789473685,89,20,69,0.2247191011235955
tw-haiven/haiven,2025-07,treatment,1,2025-02,1,5.0,0,0,0,0,0,0,0,0,0,0,0,1,0,0,31,13078,4082,3,5.0,0.0,396.0,24639.0,10643,1,1,1,1,12e203af7347c6c10bd552498a9feef6d74ba7fd,102,102,0,ok,1,233,60,173,0.2575107296137339,115,36,79,0.3130434782608696,118,24,94,0.2033898305084746
tw-haiven/haiven,2025-08,treatment,1,2025-02,1,6.0,0,0,0,0,0,0,0,0,0,0,0,0,1,0,16,5905,2868,1,0.0,2.0,427.0,25808.0,10651,1,1,1,1,387fe8472ff1d216e2fef974f92298224af5f114,102,102,0,ok,1,233,60,173,0.2575107296137339,115,36,79,0.3130434782608696,118,24,94,0.2033898305084746
utensils/mcp-nixos,2025-03,treatment,1,2025-03,1,0.0,0,0,0,0,0,0,1,0,0,0,0,0,0,1,171,84673,60557,2,7.0,0.0,0.0,13358.0,14881,1,1,1,1,6639328ed56c9956658673f5bc85c2e8bc7ed949,92,92,0,ok,1,251,54,197,0.2151394422310757,175,53,122,0.3028571428571429,76,1,75,0.013157894736842105
utensils/mcp-nixos,2025-04,treatment,1,2025-03,1,1.0,0,0,0,0,0,0,0,1,0,0,0,0,0,1,136,39616,6585,2,43.0,4.0,2.0,13451.0,18395,1,1,1,1,9958c0740e672a5ed61e02ad9a42e60d62dc16eb,114,114,0,ok,1,300,55,245,0.18333333333333332,195,54,141,0.27692307692307694,105,1,104,0.009523809523809525
utensils/mcp-nixos,2025-05,treatment,1,2025-03,1,2.0,0,0,0,0,0,0,0,0,1,0,0,0,0,1,18,34462,30438,1,32.0,8.0,32.0,30121.0,8605,1,1,1,1,651e7e2d088af252a8aff338882e80001cf0d366,36,36,0,ok,1,118,9,109,0.07627118644067797,43,5,38,0.11627906976744186,75,4,71,0.05333333333333334
utensils/mcp-nixos,2025-06,treatment,1,2025-03,1,3.0,0,0,0,0,0,0,0,0,0,1,0,0,0,0,5,181,27,3,32.0,1.0,63.0,30121.0,8605,1,1,1,1,5d52692805ead25c9ccc5e575006b3ed8b3eb07b,36,36,0,ok,1,118,9,109,0.07627118644067797,43,5,38,0.11627906976744186,75,4,71,0.05333333333333334
utensils/mcp-nixos,2025-08,treatment,1,2025-03,1,5.0,0,0,0,0,0,0,0,0,0,0,0,1,0,0,18,9648,12811,2,32.0,2.0,124.0,26618.0,7805,1,1,1,1,46b4d4d3d6421bfbadc415532ef74433871e1cda,19,19,0,ok,1,113,10,103,0.08849557522123894,49,7,42,0.14285714285714285,64,3,61,0.046875
vcs-python/vcspull,2024-01,treatment,0,2025-03,0,-14.0,1,0,0,0,0,0,0,0,0,0,0,0,0,0,5,227,234,1,0.0,0.0,2122.0,2333.0,2579,1,1,1,1,bf2c6914925875400e478c899e8435496dacfb06,25,25,0,ok,1,90,16,74,0.17777777777777778,73,12,61,0.1643835616438356,17,4,13,0.23529411764705882
vcs-python/vcspull,2024-02,treatment,0,2025-03,0,-13.0,1,0,0,0,0,0,0,0,0,0,0,0,0,0,40,894,682,2,0.0,0.0,2153.0,2379.0,2625,1,1,1,1,55bdd73edbfc5c168d5ef0a5763a30b002867d5c,25,25,0,ok,1,90,15,75,0.16666666666666666,73,11,62,0.1506849315068493,17,4,13,0.23529411764705882
vcs-python/vcspull,2024-03,treatment,0,2025-03,0,-12.0,1,0,0,0,0,0,0,0,0,0,0,0,0,0,22,504,417,1,0.0,0.0,2182.0,2361.0,2607,1,1,1,1,cd39fa9d326a355239b2f819813f5dce4aee34a9,25,25,0,ok,1,90,15,75,0.16666666666666666,73,11,62,0.1506849315068493,17,4,13,0.23529411764705882
vcs-python/vcspull,2024-04,treatment,0,2025-03,0,-11.0,1,0,0,0,0,0,0,0,0,0,0,0,0,0,16,660,388,1,1.0,0.0,2213.0,2361.0,2607,1,1,1,1,9705eebd0b00153946f920d47b8ff8a3b9a91719,25,25,0,ok,1,90,15,75,0.16666666666666666,73,11,62,0.1506849315068493,17,4,13,0.23529411764705882
vcs-python/vcspull,2024-05,treatment,0,2025-03,0,-10.0,1,0,0,0,0,0,0,0,0,0,0,0,0,0,8,415,413,1,0.0,0.0,2243.0,2361.0,2607,1,1,1,1,981b2cb1c4a5589604f72af592f4ea725333b4c8,25,25,0,ok,1,90,15,75,0.16666666666666666,73,11,62,0.1506849315068493,17,4,13,0.23529411764705882
vcs-python/vcspull,2024-06,treatment,0,2025-03,0,-9.0,1,0,0,0,0,0,0,0,0,0,0,0,0,0,17,258,231,1,1.0,0.0,2274.0,2361.0,2607,1,1,1,1,ad50e8adee950e0aa0d56ac20841767565ff692e,25,25,0,ok,1,90,15,75,0.16666666666666666,73,11,62,0.1506849315068493,17,4,13,0.23529411764705882
vcs-python/vcspull,2024-07,treatment,0,2025-03,0,-8.0,1,0,0,0,0,0,0,0,0,0,0,0,0,0,6,206,206,1,1.0,0.0,2304.0,2361.0,2607,1,1,1,1,408b5e3049457b66eb0ad219cf7936b7552abfd5,25,25,0,ok,1,90,15,75,0.16666666666666666,73,11,62,0.1506849315068493,17,4,13,0.23529411764705882
vcs-python/vcspull,2024-08,treatment,0,2025-03,0,-7.0,1,0,0,0,0,0,0,0,0,0,0,0,0,0,6,762,716,1,0.0,0.0,2335.0,2361.0,2607,1,1,1,1,61c135bc95540e9ef19b266a08697e3315a34b62,25,25,0,ok,1,90,15,75,0.16666666666666666,73,11,62,0.1506849315068493,17,4,13,0.23529411764705882
vcs-python/vcspull,2024-09,treatment,0,2025-03,0,-6.0,1,0,0,0,0,0,0,0,0,0,0,0,0,0,7,320,306,1,0.0,0.0,2366.0,2361.0,2607,1,1,1,1,88a709b6dfba07041136fe23596654ac042fd1d8,25,25,0,ok,1,90,15,75,0.16666666666666666,73,11,62,0.1506849315068493,17,4,13,0.23529411764705882
vcs-python/vcspull,2024-10,treatment,0,2025-03,0,-5.0,0,1,0,0,0,0,0,0,0,0,0,0,0,0,16,642,601,1,1.0,0.0,2396.0,2359.0,2605,1,1,1,1,1b2107480a259ec72e6c7b150f3551a79bbfd47d,25,25,0,ok,1,90,15,75,0.16666666666666666,73,11,62,0.1506849315068493,17,4,13,0.23529411764705882
vcs-python/vcspull,2024-11,treatment,0,2025-03,0,-4.0,0,0,1,0,0,0,0,0,0,0,0,0,0,0,16,1888,2017,1,0.0,0.0,2427.0,2359.0,2605,1,1,1,1,b264d577fb8b4da0ff776a1ab7d6360c2cdc99a0,25,25,0,ok,1,90,15,75,0.16666666666666666,73,11,62,0.1506849315068493,17,4,13,0.23529411764705882
vcs-python/vcspull,2024-12,treatment,0,2025-03,0,-3.0,0,0,0,1,0,0,0,0,0,0,0,0,0,0,10,622,496,1,0.0,0.0,2457.0,2359.0,2605,1,1,1,1,47fa1a4372fd0f4efbd010bfc66508474cce0095,25,25,0,ok,1,90,15,75,0.16666666666666666,73,11,62,0.1506849315068493,17,4,13,0.23529411764705882
vcs-python/vcspull,2025-01,treatment,0,2025-03,0,-2.0,0,0,0,0,1,0,0,0,0,0,0,0,0,0,20,703,512,1,3.0,0.0,2488.0,2393.0,2639,1,1,1,1,786edc01787065add767339350e21bbb78d9be7e,25,25,0,ok,1,90,15,75,0.16666666666666666,73,11,62,0.1506849315068493,17,4,13,0.23529411764705882
vcs-python/vcspull,2025-02,treatment,0,2025-03,0,-1.0,0,0,0,0,0,1,0,0,0,0,0,0,0,0,17,352,337,1,1.0,0.0,2519.0,2393.0,2639,1,1,1,1,91675c04092d10c23015002e5ae7108f3707fbb3,25,25,0,ok,1,90,15,75,0.16666666666666666,73,11,62,0.1506849315068493,17,4,13,0.23529411764705882
vcs-python/vcspull,2025-03,treatment,1,2025-03,1,0.0,0,0,0,0,0,0,1,0,0,0,0,0,0,1,13,822,234,1,0.0,0.0,2547.0,2393.0,2639,1,1,1,1,468682e130aff2ecbd4e22aa182e99031ad88de7,25,25,0,ok,1,90,15,75,0.16666666666666666,73,11,62,0.1506849315068493,17,4,13,0.23529411764705882
vcs-python/vcspull,2025-04,treatment,1,2025-03,1,1.0,0,0,0,0,0,0,0,1,0,0,0,0,0,0,12,906,905,1,0.0,0.0,2578.0,2393.0,2639,1,1,1,1,ba89c3b8f4780abef8dab2e2acea208e37c22156,25,25,0,ok,1,90,15,75,0.16666666666666666,73,11,62,0.1506849315068493,17,4,13,0.23529411764705882
vcs-python/vcspull,2025-05,treatment,1,2025-03,1,2.0,0,0,0,0,0,0,0,0,1,0,0,0,0,0,12,983,946,1,0.0,0.0,2608.0,2393.0,2639,1,1,1,1,776540da1081214bd4ff448fccb194faef5fe379,25,25,0,ok,1,90,15,75,0.16666666666666666,73,11,62,0.1506849315068493,17,4,13,0.23529411764705882
vcs-python/vcspull,2025-06,treatment,1,2025-03,1,3.0,0,0,0,0,0,0,0,0,0,1,0,0,0,1,27,783,325,1,0.0,0.0,2639.0,2392.0,2638,1,1,1,1,37c24d61ba75e25a45f6b2d3cb8e108110721c1c,25,25,0,ok,1,90,15,75,0.16666666666666666,73,11,62,0.1506849315068493,17,4,13,0.23529411764705882
vcs-python/vcspull,2025-07,treatment,1,2025-03,1,4.0,0,0,0,0,0,0,0,0,0,0,1,0,0,0,8,317,283,1,0.0,0.0,0.0,2392.0,2638,1,1,1,1,bda3ed028bed8cd3e79e3486f54324b015ca34dd,25,25,0,ok,1,90,15,75,0.16666666666666666,73,11,62,0.1506849315068493,17,4,13,0.23529411764705882
vcs-python/vcspull,2025-08,treatment,1,2025-03,1,5.0,0,0,0,0,0,0,0,0,0,0,0,1,0,0,11,757,730,1,0.0,0.0,0.0,2392.0,2638,1,1,1,1,5842f08132fc13be94547dd99933f6a5fb56f735,25,25,0,ok,1,90,15,75,0.16666666666666666,73,11,62,0.1506849315068493,17,4,13,0.23529411764705882
vietanhdev/anylabeling,2024-06,treatment,0,2025-03,0,-9.0,1,0,0,0,0,0,0,0,0,0,0,0,0,0,8,75932,75916,3,61.0,12.0,416.0,158182.0,158501,1,1,1,1,aedc8913d5f5a574a834848a59ecd6e36f72bdc7,53,53,0,ok,1,76,16,60,0.21052631578947367,40,12,28,0.3,36,4,32,0.1111111111111111
vietanhdev/anylabeling,2024-07,treatment,0,2025-03,0,-8.0,1,0,0,0,0,0,0,0,0,0,0,0,0,0,2,0,16,2,64.0,1.0,446.0,158182.0,158501,1,1,1,1,f6706aaa71f3ec5a19087b7981e1e2c799dae179,53,53,0,ok,1,76,16,60,0.21052631578947367,40,12,28,0.3,36,4,32,0.1111111111111111
vietanhdev/anylabeling,2024-08,treatment,0,2025-03,0,-7.0,1,0,0,0,0,0,0,0,0,0,0,0,0,0,14,450,101,3,129.0,0.0,477.0,158453.0,158775,1,1,1,1,b7a3c925d565be1007bc41df662ec9cd578bc6cb,54,54,0,ok,1,79,18,61,0.22784810126582278,40,12,28,0.3,39,6,33,0.15384615384615385
vietanhdev/anylabeling,2024-10,treatment,0,2025-03,0,-5.0,0,1,0,0,0,0,0,0,0,0,0,0,0,0,2,299684,299684,2,66.0,5.0,538.0,158453.0,158775,1,1,1,1,6d8a3daa3966f3f36c5a7e41511c884353434645,54,54,0,ok,1,79,18,61,0.22784810126582278,40,12,28,0.3,39,6,33,0.15384615384615385
vietanhdev/anylabeling,2024-11,treatment,0,2025-03,0,-4.0,0,0,1,0,0,0,0,0,0,0,0,0,0,0,4,26,135,2,53.0,2.0,569.0,158454.0,158776,1,1,1,1,afe91d3dac0a077d6c3629d50b14630bfc124ab3,54,54,0,ok,1,79,18,61,0.22784810126582278,40,12,28,0.3,39,6,33,0.15384615384615385
vietanhdev/anylabeling,2025-03,treatment,1,2025-03,1,0.0,0,0,0,0,0,0,1,0,0,0,0,0,0,1,4,51524,302174,2,55.0,2.0,689.0,32684.0,33095,1,1,1,1,ef59ccbb42cd29ff3ccddf1eb4d6ca6f26df737f,57,57,0,ok,1,83,18,65,0.21686746987951808,40,12,28,0.3,43,6,37,0.13953488372093023
vietanhdev/anylabeling,2025-04,treatment,1,2025-03,1,1.0,0,0,0,0,0,0,0,1,0,0,0,0,0,0,3,25031,24087,1,54.0,1.0,720.0,32820.0,33231,1,1,1,1,a1c10f4319271508c153f95d850e4ebe643e19f5,57,57,0,ok,1,83,19,64,0.2289156626506024,40,12,28,0.3,43,7,36,0.16279069767441862
vietanhdev/anylabeling,2025-05,treatment,1,2025-03,1,2.0,0,0,0,0,0,0,0,0,1,0,0,0,0,0,11,84988,77351,2,34.0,5.0,750.0,36433.0,36830,1,1,1,1,a21f0d6009859733abe06ccf2600b4271e844d75,59,59,0,ok,1,84,19,65,0.2261904761904762,40,12,28,0.3,44,7,37,0.1590909090909091
vietanhdev/anylabeling,2025-07,treatment,1,2025-03,1,4.0,0,0,0,0,0,0,0,0,0,0,1,0,0,0,3,247,96,1,,,,,36941,0,1,0,0,e591407de772550d99effc693670c5a567b5d95c,60,60,0,ok,1,85,19,66,0.2235294117647059,40,12,28,0.3,45,7,38,0.15555555555555556
wdm0006/elote,2024-07,treatment,0,2025-02,0,-7.0,1,0,0,0,0,0,0,0,0,0,0,0,0,0,8,101,82,2,0.0,0.0,2408.0,10123.0,1142,1,1,1,1,75739e6ad51f3d50fdd047a0136f56b6274ad080,33,33,0,ok,1,23,10,13,0.43478260869565216,6,6,0,1.0,17,4,13,0.23529411764705882
wdm0006/elote,2025-02,treatment,1,2025-02,1,0.0,0,0,0,0,0,0,1,0,0,0,0,0,0,1,9,9805,1505,2,0.0,13.0,2623.0,11558.0,3250,1,1,1,1,6371b529b88402434e8cafaaf0ed137b412bfd6b,40,40,0,ok,1,48,13,35,0.2708333333333333,21,8,13,0.38095238095238093,27,5,22,0.18518518518518517
wdm0006/elote,2025-03,treatment,1,2025-02,1,1.0,0,0,0,0,0,0,0,1,0,0,0,0,0,1,8,12526,17668,1,0.0,8.0,2651.0,6872.0,9161,1,1,1,1,7d95ac78907f9acdb234a220f6f456944fcc58ad,70,70,0,ok,1,115,25,90,0.21739130434782608,62,17,45,0.27419354838709675,53,8,45,0.1509433962264151
wdm0006/elote,2025-04,treatment,1,2025-02,1,2.0,0,0,0,0,0,0,0,0,1,0,0,0,0,0,4,2101,982,1,0.0,0.0,2682.0,7790.0,10136,1,1,1,1,82a1101e6f8ceb93ed0dddf44145f7a6892473e5,71,71,0,ok,1,118,27,91,0.2288135593220339,65,20,45,0.3076923076923077,53,7,46,0.1320754716981132
wdm0006/elote,2025-06,treatment,1,2025-02,1,4.0,0,0,0,0,0,0,0,0,0,0,1,0,0,0,1,524,154,1,0.0,0.0,2743.0,7991.0,10376,1,1,1,1,8e5fd23901c21c7cba0d8ec66401af2220189e8e,71,71,0,ok,1,127,34,93,0.2677165354330709,73,27,46,0.3698630136986301,54,7,47,0.12962962962962962
wdm0006/git-pandas,2024-07,treatment,0,2025-03,0,-8.0,1,0,0,0,0,0,0,0,0,0,0,0,0,0,1,275,56,1,2.0,0.0,3169.0,1819.0,2386,1,1,1,1,9d1ac6aa84a50a2234c37f48ad68dde18912a52e,28,28,0,ok,1,26,6,20,0.23076923076923078,15,4,11,0.26666666666666666,11,2,9,0.18181818181818182
wdm0006/git-pandas,2025-03,treatment,1,2025-03,1,0.0,0,0,0,0,0,0,1,0,0,0,0,0,0,1,3,6398,2425,2,0.0,3.0,3412.0,3562.0,4544,1,1,1,1,cffcadc6cb43f955247ebca1e572b1cdbdfbe2cb,38,38,0,ok,1,50,12,38,0.24,27,8,19,0.2962962962962963,23,4,19,0.17391304347826086
wdm0006/git-pandas,2025-04,treatment,1,2025-03,1,1.0,0,0,0,0,0,0,0,1,0,0,0,0,0,0,14,2017,694,2,2.0,1.0,3443.0,4262.0,5359,1,1,1,1,3815222038eed6b1e893906d4f8de50e6dcc814c,41,41,0,ok,1,69,18,51,0.2608695652173913,41,12,29,0.2926829268292683,28,6,22,0.21428571428571427
wdm0006/git-pandas,2025-05,treatment,1,2025-03,1,2.0,0,0,0,0,0,0,0,0,1,0,0,0,0,0,2,2197,489,1,0.0,0.0,3473.0,5293.0,6553,1,1,1,1,e5ce078ec6254ad8dd35bc44dad5ca51b833a0ff,43,43,0,ok,1,78,19,59,0.24358974358974358,43,12,31,0.27906976744186046,35,7,28,0.2
wdm0006/git-pandas,2025-06,treatment,1,2025-03,1,3.0,0,0,0,0,0,0,0,0,0,1,0,0,0,0,9,4642,133,1,0.0,0.0,3504.0,7924.0,9466,1,1,1,1,aa920b8b7a2b402677521d48c57bfbf1fb60a3b0,52,52,0,ok,1,100,18,82,0.18,46,11,35,0.2391304347826087,54,7,47,0.12962962962962962
wdm0006/git-pandas,2025-07,treatment,1,2025-03,1,4.0,0,0,0,0,0,0,0,0,0,0,1,0,0,0,12,6589,2340,1,0.0,0.0,3534.0,9845.0,11632,1,1,1,1,52ef82e1f116c820711afa33c8afebf750e5a3ca,58,58,0,ok,1,117,19,98,0.1623931623931624,56,12,44,0.21428571428571427,61,7,54,0.11475409836065574
wdm0006/pygeohash,2024-06,treatment,0,2025-03,0,-9.0,1,0,0,0,0,0,0,0,0,0,0,0,0,0,1,1,1,1,1.0,0.0,3067.0,532.0,682,1,1,1,1,dc156ef2b72788f384e5bcc6559539e0d9f07a2f,12,12,0,ok,1,28,12,16,0.42857142857142855,22,10,12,0.45454545454545453,6,2,4,0.3333333333333333
wdm0006/pygeohash,2024-07,treatment,0,2025-03,0,-8.0,1,0,0,0,0,0,0,0,0,0,0,0,0,0,6,330,174,1,0.0,1.0,3097.0,570.0,726,1,1,1,1,43518444259c181063ad57ad0b0349cb3512e636,12,12,0,ok,1,29,12,17,0.41379310344827586,23,10,13,0.43478260869565216,6,2,4,0.3333333333333333
wdm0006/pygeohash,2024-12,treatment,0,2025-03,0,-3.0,0,0,0,1,0,0,0,0,0,0,0,0,0,0,1,1,1,1,3.0,1.0,3250.0,570.0,726,1,1,1,1,bbdf29d420b64a54db2c15930f076b6a0104c839,12,12,0,ok,1,29,12,17,0.41379310344827586,23,10,13,0.43478260869565216,6,2,4,0.3333333333333333
wdm0006/pygeohash,2025-02,treatment,0,2025-03,0,-1.0,0,0,0,0,0,1,0,0,0,0,0,0,0,0,20,9391,875,2,2.0,6.0,3312.0,627.0,788,1,1,1,1,00c4382efc2785dc5352029c3922b1dceb8438c6,12,12,0,ok,1,47,20,27,0.425531914893617,43,17,26,0.3953488372093023,4,3,1,0.75
wdm0006/pygeohash,2025-03,treatment,1,2025-03,1,0.0,0,0,0,0,0,0,1,0,0,0,0,0,0,1,18,14194,4237,2,0.0,5.0,3340.0,2669.0,2355,1,1,1,1,2f41d18de7e11958c5a0d512def4b04548f5dbac,27,27,0,ok,1,103,53,50,0.5145631067961165,97,49,48,0.5051546391752577,6,4,2,0.6666666666666666
wdm0006/pygeohash,2025-04,treatment,1,2025-03,1,1.0,0,0,0,0,0,0,0,1,0,0,0,0,0,0,4,816,3560,1,3.0,0.0,3371.0,2909.0,2639,1,1,1,1,7b24ae63537a63e5bf437d883f1a3bafb76d9f13,29,29,0,ok,1,112,58,54,0.5178571428571429,106,54,52,0.5094339622641509,6,4,2,0.6666666666666666
wdm0006/pygeohash,2025-05,treatment,1,2025-03,1,2.0,0,0,0,0,0,0,0,0,1,0,0,0,0,0,3,229,45,1,3.0,4.0,3401.0,3013.0,2763,1,1,1,1,4cca11280614600558fd2bb4113ebfe25bdee9e4,29,29,0,ok,1,123,59,64,0.4796747967479675,117,55,62,0.4700854700854701,6,4,2,0.6666666666666666
wdm0006/pygeohash,2025-07,treatment,1,2025-03,1,4.0,0,0,0,0,0,0,0,0,0,0,1,0,0,0,2,112,54,1,0.0,0.0,3462.0,3054.0,2809,1,1,1,1,af1a1c8426559469f135e34082eac21dfa5e099d,29,29,0,ok,1,127,60,67,0.47244094488188976,121,56,65,0.4628099173553719,6,4,2,0.6666666666666666
whiteducksoftware/flock,2025-02,treatment,0,2025-03,0,-1.0,0,0,0,0,0,1,0,0,0,0,0,0,0,0,213,110489,26140,5,20.0,0.0,0.0,11803.0,12923,1,1,1,1,99f6cc1ace81f64ffb8232a1993a9e6c58f85172,121,121,0,ok,1,275,55,220,0.2,158,35,123,0.22151898734177214,117,20,97,0.17094017094017094
whiteducksoftware/flock,2025-03,treatment,1,2025-03,1,0.0,0,0,0,0,0,0,1,0,0,0,0,0,0,1,43,62348,27134,2,6.0,0.0,16.0,12697.0,15272,1,1,1,1,0f0082f6ee1397b4cd7cdb50fbb9a51df4a469a1,138,138,0,ok,1,325,81,244,0.24923076923076923,187,60,127,0.32085561497326204,138,21,117,0.15217391304347827
whiteducksoftware/flock,2025-04,treatment,1,2025-03,1,1.0,0,0,0,0,0,0,0,1,0,0,0,0,0,1,171,882217,1166210,6,8.0,0.0,47.0,18789.0,20512,1,1,1,1,3ee5df65ccb8ed5d888eec1a75878698a4b5a9b9,123,123,0,ok,1,432,106,326,0.24537037037037038,312,84,228,0.2692307692307692,120,22,98,0.18333333333333332
whiteducksoftware/flock,2025-05,treatment,1,2025-03,1,2.0,0,0,0,0,0,0,0,0,1,0,0,0,0,0,345,200527,142376,6,11.0,20.0,77.0,30218.0,34110,1,1,1,1,c60e12a13b66d7f9b7c92f42c2681e331c8ed31d,240,240,0,ok,1,665,130,535,0.19548872180451127,424,85,339,0.20047169811320756,241,45,196,0.18672199170124482
whiteducksoftware/flock,2025-06,treatment,1,2025-03,1,3.0,0,0,0,0,0,0,0,0,0,1,0,0,0,0,9,7010,7866,2,5.0,0.0,108.0,30227.0,34169,1,1,1,1,db5e65e61bdb943cae439f796be085c5a8218a3c,240,240,0,ok,1,665,130,535,0.19548872180451127,424,85,339,0.20047169811320756,241,45,196,0.18672199170124482
whiteducksoftware/flock,2025-07,treatment,1,2025-03,1,4.0,0,0,0,0,0,0,0,0,0,0,1,0,0,0,26,968,215,6,4.0,2.0,138.0,30739.0,30659,1,1,1,1,6a7ecf7102ed9dfe91e79bf39f8638e897c05fec,200,200,0,ok,1,677,141,536,0.20827178729689808,484,100,384,0.2066115702479339,193,41,152,0.21243523316062177
whiteducksoftware/flock,2025-08,treatment,1,2025-03,1,5.0,0,0,0,0,0,0,0,0,0,0,0,1,0,0,69,56576,47482,5,0.0,2.0,169.0,30948.0,33699,1,1,1,1,88b363080e95e8bdd87e32924216febb6cb5e4c7,252,252,0,ok,1,658,134,524,0.20364741641337386,439,96,343,0.21867881548974943,219,38,181,0.1735159817351598
xzq-xu/jvm-mcp-server,2025-03,treatment,1,2025-03,1,0.0,0,0,0,0,0,0,1,0,0,0,0,0,0,1,32,5564,1923,4,36.0,4.0,0.0,1363.0,1647,1,1,1,1,6bd46892290772bf681399797006109ac16c2d65,9,9,0,ok,1,22,3,19,0.13636363636363635,14,3,11,0.21428571428571427,8,0,8,0.0
xzq-xu/jvm-mcp-server,2025-05,treatment,1,2025-03,1,2.0,0,0,0,0,0,0,0,0,1,0,0,0,0,0,1,2,0,1,2.0,0.0,51.0,1363.0,1647,1,1,1,1,eb13fc337fe0ac17074b4eb285a81217e48c0948,9,9,0,ok,1,22,3,19,0.13636363636363635,14,3,11,0.21428571428571427,8,0,8,0.0
xzq-xu/jvm-mcp-server,2025-06,treatment,1,2025-03,1,3.0,0,0,0,0,0,0,0,0,0,1,0,0,0,1,7,5525,2262,3,2.0,0.0,82.0,3155.0,3769,1,1,1,1,6f879f87da4485a8c1f0bd274899068c0e5da28d,27,27,0,ok,1,54,9,45,0.16666666666666666,14,3,11,0.21428571428571427,40,6,34,0.15
yagami1997/CursorMind,2025-03,treatment,1,2025-03,1,0.0,0,0,0,0,0,0,1,0,0,0,0,0,0,1,31,9544,2687,1,118.0,2.0,0.0,2410.0,2813,1,1,1,1,c85ceaa15e0371c4ec4ca426fdd9f2609287efe7,18,18,0,ok,1,54,12,42,0.2222222222222222,45,12,33,0.26666666666666666,9,0,9,0.0
yagami1997/TradeMind,2025-02,treatment,0,2025-03,0,-1.0,0,0,0,0,0,1,0,0,0,0,0,0,0,0,140,3671,2359,4,59.0,3.0,0.0,1310.0,1312,1,1,1,1,05071f6b95509245dd029e65cc5382d253a917cc,4,4,0,ok,1,7,1,6,0.14285714285714285,2,0,2,0.0,5,1,4,0.2
yagami1997/TradeMind,2025-03,treatment,1,2025-03,1,0.0,0,0,0,0,0,0,1,0,0,0,0,0,0,1,115,77533,52347,2,15.0,2.0,18.0,12241.0,9365,1,1,1,1,780f475050fbfda4467f51886b984bef6546321e,40,40,0,ok,1,116,20,96,0.1724137931034483,102,17,85,0.16666666666666666,14,3,11,0.21428571428571427
yagami1997/TradeMind,2025-04,treatment,1,2025-03,1,1.0,0,0,0,0,0,0,0,1,0,0,0,0,0,0,2,35,2131,1,2.0,0.0,49.0,12241.0,7757,1,1,1,1,e8e515795a45a84d3d41bd2d516d2617d30dab13,39,39,0,ok,1,116,20,96,0.1724137931034483,102,17,85,0.16666666666666666,14,3,11,0.21428571428571427
yagami1997/TradeMind,2025-05,treatment,1,2025-03,1,2.0,0,0,0,0,0,0,0,0,1,0,0,0,0,0,16,3330,703,2,4.0,0.0,79.0,13959.0,9214,1,1,1,1,7dafedda26042a0d1cba37dab34399e801799384,42,42,0,ok,1,119,21,98,0.17647058823529413,103,18,85,0.17475728155339806,16,3,13,0.1875
yagami1997/TradeMind,2025-06,treatment,1,2025-03,1,3.0,0,0,0,0,0,0,0,0,0,1,0,0,0,0,1,1,0,1,0.0,0.0,0.0,13959.0,9214,1,1,1,1,a6306a53fac7c340119ed7b579c891421d1e4dd1,42,42,0,ok,1,119,21,98,0.17647058823529413,103,18,85,0.17475728155339806,16,3,13,0.1875
yagami1997/TradeMind,2025-07,treatment,1,2025-03,1,4.0,0,0,0,0,0,0,0,0,0,0,1,0,0,0,1,1,0,1,2.0,0.0,140.0,13959.0,9214,1,1,1,1,c2037bf02a7efd51e0eb24c28b96abbd655aafb6,42,42,0,ok,1,119,21,98,0.17647058823529413,103,18,85,0.17475728155339806,16,3,13,0.1875
yeagerai/genlayer-studio,2024-03,treatment,0,2025-03,0,-12.0,1,0,0,0,0,0,0,0,0,0,0,0,0,0,6,9627,5,4,0.0,0.0,0.0,1252.0,722,1,1,1,1,417fc9b162412b9fd9b4064d04dfc33bc86926c8,17,17,0,ok,1,35,4,31,0.11428571428571428,34,4,30,0.11764705882352941,1,0,1,0.0
yeagerai/genlayer-studio,2024-04,treatment,0,2025-03,0,-11.0,1,0,0,0,0,0,0,0,0,0,0,0,0,0,49,19600,14576,7,0.0,0.0,0.0,4867.0,2398,1,1,1,1,96be12e9efe60279012b01387fde0f9913424a43,39,39,0,ok,1,169,41,128,0.24260355029585798,153,36,117,0.23529411764705882,16,5,11,0.3125
yeagerai/genlayer-studio,2024-05,treatment,0,2025-03,0,-10.0,1,0,0,0,0,0,0,0,0,0,0,0,0,0,40,9920,4366,6,0.0,0.0,0.0,7761.0,3004,1,1,1,1,08fff8eb122cff09c100a619e785edae1bf1340e,53,53,0,ok,1,204,51,153,0.25,174,45,129,0.25862068965517243,30,6,24,0.2
yeagerai/genlayer-studio,2024-06,treatment,0,2025-03,0,-9.0,1,0,0,0,0,0,0,0,0,0,0,0,0,0,22,9869,7802,5,0.0,0.0,0.0,8700.0,3190,1,1,1,1,5672716bd38eccbada79e51ca6b7991a7e02bddb,57,57,0,ok,1,217,62,155,0.2857142857142857,187,56,131,0.2994652406417112,30,6,24,0.2
yeagerai/genlayer-studio,2024-07,treatment,0,2025-03,0,-8.0,1,0,0,0,0,0,0,0,0,0,0,0,0,0,39,24768,16291,5,0.0,0.0,0.0,11224.0,4031,1,1,1,1,2daae8ebb3eb99d918d72779ec87aa4d538c2f5c,86,86,0,ok,1,197,64,133,0.3248730964467005,144,55,89,0.3819444444444444,53,9,44,0.16981132075471697
yeagerai/genlayer-studio,2024-08,treatment,0,2025-03,0,-7.0,1,0,0,0,0,0,0,0,0,0,0,0,0,0,43,16005,9976,8,0.0,0.0,0.0,12677.0,4587,1,1,1,1,32604163814065de10c5fd132f4c04c2b7e63fcf,94,94,0,ok,1,219,83,136,0.3789954337899543,156,66,90,0.4230769230769231,63,17,46,0.2698412698412698
yeagerai/genlayer-studio,2024-09,treatment,0,2025-03,0,-6.0,1,0,0,0,0,0,0,0,0,0,0,0,0,0,46,12926,5909,5,0.0,0.0,0.0,13299.0,7241,1,1,1,1,6a6b70aa73ac4126dc43c7ae25f9fde1f7796d54,129,129,0,ok,1,306,95,211,0.3104575163398693,222,77,145,0.34684684684684686,84,18,66,0.21428571428571427
yeagerai/genlayer-studio,2024-10,treatment,0,2025-03,0,-5.0,0,1,0,0,0,0,0,0,0,0,0,0,0,0,14,5140,1538,3,0.0,0.0,0.0,15724.0,7984,1,1,1,1,19cc640fc1371364503e01c17750c3f29b54c0ac,136,136,0,ok,1,327,108,219,0.3302752293577982,239,88,151,0.3682008368200837,88,20,68,0.22727272727272727
yeagerai/genlayer-studio,2024-11,treatment,0,2025-03,0,-4.0,0,0,1,0,0,0,0,0,0,0,0,0,0,0,22,4035,3160,9,1.0,7.0,0.0,14376.0,8042,1,1,1,1,663a89ea1ddeca2f295ef8ea4513e8b8d0baa1a8,126,126,0,ok,1,307,106,201,0.34527687296416937,216,82,134,0.37962962962962965,91,24,67,0.26373626373626374
yeagerai/genlayer-studio,2024-12,treatment,0,2025-03,0,-3.0,0,0,0,1,0,0,0,0,0,0,0,0,0,0,33,15776,8605,8,6.0,70.0,4.0,15719.0,10440,1,1,1,1,3ff73e541a12e98d59578c492cf2f007a92540c4,137,137,0,ok,1,353,116,237,0.3286118980169972,248,95,153,0.38306451612903225,105,21,84,0.2
yeagerai/genlayer-studio,2025-01,treatment,0,2025-03,0,-2.0,0,0,0,0,1,0,0,0,0,0,0,0,0,0,12,3877,1797,6,4.0,39.0,35.0,16120.0,11039,1,1,1,1,04fae826144162455aba04e0c087a292c884d191,137,137,0,ok,1,372,118,254,0.3172043010752688,261,97,164,0.3716475095785441,111,21,90,0.1891891891891892
yeagerai/genlayer-studio,2025-02,treatment,0,2025-03,0,-1.0,0,0,0,0,0,1,0,0,0,0,0,0,0,0,23,8292,4452,6,2.0,41.0,66.0,17292.0,12475,1,1,1,1,a4969752bc251e96bff49703eb27f4fdd99ae423,143,143,0,ok,1,394,130,264,0.3299492385786802,280,108,172,0.38571428571428573,114,22,92,0.19298245614035087
yeagerai/genlayer-studio,2025-03,treatment,1,2025-03,1,0.0,0,0,0,0,0,0,1,0,0,0,0,0,0,1,9,1515,1287,4,1.0,44.0,94.0,17409.0,12640,1,1,1,1,6ecca4614fd6bdecb1edbfcc38052c2b1e0b1010,143,143,0,ok,1,395,130,265,0.3291139240506329,281,108,173,0.38434163701067614,114,22,92,0.19298245614035087
yeagerai/genlayer-studio,2025-04,treatment,1,2025-03,1,1.0,0,0,0,0,0,0,0,1,0,0,0,0,0,0,31,16095,8734,7,13.0,15.0,125.0,17414.0,15019,1,1,1,1,ee19a3e79a40079f1fd8b52c6f52795b78bbb6e3,151,151,0,ok,1,415,141,274,0.3397590361445783,298,119,179,0.39932885906040266,117,22,95,0.18803418803418803
yeagerai/genlayer-studio,2025-05,treatment,1,2025-03,1,2.0,0,0,0,0,0,0,0,0,1,0,0,0,0,0,19,3050,2102,6,2.0,8.0,155.0,20916.0,15639,1,1,1,1,015258ffda52c268c43ebf7adb29fcdc18a41fd2,158,158,0,ok,1,428,138,290,0.32242990654205606,305,115,190,0.3770491803278688,123,23,100,0.18699186991869918
yeagerai/genlayer-studio,2025-06,treatment,1,2025-03,1,3.0,0,0,0,0,0,0,0,0,0,1,0,0,0,0,15,2605,2026,3,0.0,1.0,186.0,21166.0,15932,1,1,1,1,0ebe53c02e38e86cbf52545b4c1684d3faeb2607,153,153,0,ok,1,414,131,283,0.3164251207729469,289,108,181,0.3737024221453287,125,23,102,0.184
yeagerai/genlayer-studio,2025-07,treatment,1,2025-03,1,4.0,0,0,0,0,0,0,0,0,0,0,1,0,0,0,17,4054,836,5,0.0,0.0,0.0,22311.0,18514,1,1,1,1,128e60f694f4ff5c351198deba55db7d4d2d6e8c,160,160,0,ok,1,449,136,313,0.3028953229398664,317,113,204,0.35646687697160884,132,23,109,0.17424242424242425
yeagerai/genlayer-studio,2025-08,treatment,1,2025-03,1,5.0,0,0,0,0,0,0,0,0,0,0,0,1,0,0,11,2258,521,4,0.0,0.0,0.0,22583.0,19575,1,1,1,1,116ca5fc5f7fffe83843572c0897d381dc36ebfb,168,168,0,ok,1,485,149,336,0.30721649484536084,346,126,220,0.36416184971098264,139,23,116,0.16546762589928057
zauberzeug/nicegui,2024-01,treatment,0,2025-03,0,-14.0,1,0,0,0,0,0,0,0,0,0,0,0,0,0,160,5721,2360,9,264.0,82.0,961.0,197511.0,31216,1,1,1,1,f4c57a962f8cc96085eb41860c1346da77228824,580,580,0,ok,1,1050,238,812,0.22666666666666666,835,183,652,0.21916167664670658,215,55,160,0.2558139534883721
zauberzeug/nicegui,2024-02,treatment,0,2025-03,0,-13.0,1,0,0,0,0,0,0,0,0,0,0,0,0,0,137,16026,2913,16,265.0,62.0,992.0,201209.0,31750,1,1,1,1,4a0c1c874fc3b56c4f2dc400a4367a71df5a66fe,588,588,0,ok,1,1081,251,830,0.23219241443108232,858,192,666,0.22377622377622378,223,59,164,0.2645739910313901
zauberzeug/nicegui,2024-03,treatment,0,2025-03,0,-12.0,1,0,0,0,0,0,0,0,0,0,0,0,0,0,55,2406,1248,12,256.0,50.0,1021.0,201874.0,32323,1,1,1,1,fff7b27eea91bf2b3d3f3080f0919c3ac62978b8,595,595,0,ok,1,1108,257,851,0.2319494584837545,882,199,683,0.2256235827664399,226,58,168,0.25663716814159293
zauberzeug/nicegui,2024-04,treatment,0,2025-03,0,-11.0,1,0,0,0,0,0,0,0,0,0,0,0,0,0,82,3063,1437,20,409.0,55.0,1052.0,202836.0,33195,1,1,1,1,1bce2bad367d5baf842badb51a0d78c8543a49ef,613,613,0,ok,1,1144,260,884,0.22727272727272727,911,201,710,0.22063666300768386,233,59,174,0.2532188841201717
zauberzeug/nicegui,2024-05,treatment,0,2025-03,0,-10.0,1,0,0,0,0,0,0,0,0,0,0,0,0,0,55,3429,1079,13,397.0,66.0,1082.0,203957.0,34069,1,1,1,1,92a0cf0fdaee28ffba8329483e55f2a5d5c529fe,622,622,0,ok,1,1167,264,903,0.2262210796915167,929,204,725,0.21959095801937567,238,60,178,0.25210084033613445
zauberzeug/nicegui,2024-06,treatment,0,2025-03,0,-9.0,1,0,0,0,0,0,0,0,0,0,0,0,0,0,31,1191,381,9,328.0,66.0,1113.0,204437.0,34541,1,1,1,1,462af82d7027979fe68e7245b772c2c6cdbe7d94,628,628,0,ok,1,1191,264,927,0.2216624685138539,951,205,746,0.21556256572029442,240,59,181,0.24583333333333332
zauberzeug/nicegui,2024-07,treatment,0,2025-03,0,-8.0,1,0,0,0,0,0,0,0,0,0,0,0,0,0,27,920,490,8,317.0,43.0,1143.0,204727.0,34785,1,1,1,1,b0bc2078fb1e70607879d82ce96e3a488bc41f69,628,628,0,ok,1,1203,265,938,0.2202826267664173,963,206,757,0.21391484942886813,240,59,181,0.24583333333333332
zauberzeug/nicegui,2024-08,treatment,0,2025-03,0,-7.0,1,0,0,0,0,0,0,0,0,0,0,0,0,0,119,1105728,1363856,13,273.0,83.0,1174.0,208212.0,37545,1,1,1,1,06921814203898f7f83abb27899f34082e76f804,664,664,0,ok,1,1317,287,1030,0.21791951404707668,1064,226,838,0.212406015037594,253,61,192,0.24110671936758893
zauberzeug/nicegui,2024-09,treatment,0,2025-03,0,-6.0,1,0,0,0,0,0,0,0,0,0,0,0,0,0,55,1708,1265,9,253.0,70.0,1205.0,208569.0,37901,1,1,1,1,b7b6956f26ba5e731ec2f7feae53b604f624495c,666,666,0,ok,1,1337,292,1045,0.21839940164547494,1082,232,850,0.2144177449168207,255,60,195,0.23529411764705882
zauberzeug/nicegui,2024-10,treatment,0,2025-03,0,-5.0,0,1,0,0,0,0,0,0,0,0,0,0,0,0,46,2018,1466,11,906.0,50.0,1235.0,208942.0,38213,1,1,1,1,c810dda1c4380fd0cca20a40dfe78653af080f38,672,672,0,ok,1,1339,290,1049,0.21657953696788648,1083,230,853,0.2123730378578024,256,60,196,0.234375
zauberzeug/nicegui,2024-11,treatment,0,2025-03,0,-4.0,0,0,1,0,0,0,0,0,0,0,0,0,0,0,38,2166,851,14,340.0,40.0,1266.0,209370.0,38775,1,1,1,1,25a633450d1223dcc8f1ad59d260d2e844b5519d,672,672,0,ok,1,1351,289,1062,0.21391561806069578,1095,230,865,0.2100456621004566,256,59,197,0.23046875
zauberzeug/nicegui,2024-12,treatment,0,2025-03,0,-3.0,0,0,0,1,0,0,0,0,0,0,0,0,0,0,36,1082,620,10,220.0,35.0,1296.0,209627.0,39020,1,1,1,1,343dc0da8de0cf2f645cf8b5d76f5b439cb817f3,672,672,0,ok,1,1364,290,1074,0.2126099706744868,1104,230,874,0.20833333333333334,260,60,200,0.23076923076923078
zauberzeug/nicegui,2025-01,treatment,0,2025-03,0,-2.0,0,0,0,0,1,0,0,0,0,0,0,0,0,0,49,2546,1303,13,206.0,63.0,1327.0,210516.0,39853,1,1,1,1,7a540bf3dded6f1e58d32bf21a97d9a5c013afc1,683,683,0,ok,1,1385,294,1091,0.21227436823104692,1121,234,887,0.2087421944692239,264,60,204,0.22727272727272727
zauberzeug/nicegui,2025-02,treatment,0,2025-03,0,-1.0,0,0,0,0,0,1,0,0,0,0,0,0,0,0,37,770,173,11,705.0,56.0,1358.0,211009.0,40265,1,1,1,1,b71074ef73498f532234a837ea04a08ffbf4e804,688,688,0,ok,1,1399,297,1102,0.21229449606862044,1133,236,897,0.2082965578111209,266,61,205,0.22932330827067668
zauberzeug/nicegui,2025-03,treatment,1,2025-03,1,0.0,0,0,0,0,0,0,1,0,0,0,0,0,0,1,54,2112,961,19,269.0,74.0,1386.0,211460.0,40785,1,1,1,1,745167c81c219beda5ebaf850dfb7a3e772f96ac,693,693,0,ok,1,1422,302,1120,0.21237693389592124,1153,239,914,0.20728534258456202,269,63,206,0.2342007434944238
zauberzeug/nicegui,2025-04,treatment,1,2025-03,1,1.0,0,0,0,0,0,0,0,1,0,0,0,0,0,0,43,1187,307002,11,314.0,57.0,1417.0,211510.0,41233,1,1,1,1,2b8b1a696992e64578f2e4c5fc285e90b60b87a6,696,696,0,ok,1,1442,303,1139,0.210124826629681,1171,240,931,0.2049530315969257,271,63,208,0.23247232472324722
zauberzeug/nicegui,2025-05,treatment,1,2025-03,1,2.0,0,0,0,0,0,0,0,0,1,0,0,0,0,0,53,1235,399,12,441.0,55.0,1447.0,78941.0,41857,1,1,1,1,947772d66c6d108a7d12fe65b8b76f6110f7d20e,698,698,0,ok,1,1476,310,1166,0.21002710027100271,1201,246,955,0.2048293089092423,275,64,211,0.23272727272727273
zauberzeug/nicegui,2025-06,treatment,1,2025-03,1,3.0,0,0,0,0,0,0,0,0,0,1,0,0,0,1,21,682,264,9,189.0,17.0,1478.0,79163.0,42072,1,1,1,1,b3ea0df4e3b73a6e9e8f8fa57b8c052deb8f3694,700,700,0,ok,1,1483,312,1171,0.21038435603506406,1207,248,959,0.20546810273405136,276,64,212,0.2318840579710145
zauberzeug/nicegui,2025-07,treatment,1,2025-03,1,4.0,0,0,0,0,0,0,0,0,0,0,1,0,0,1,34,3259,649,6,163.0,22.0,1508.0,81041.0,44012,1,1,1,1,30a70325d55e110b87a6279664e6b7987ceb2067,715,715,0,ok,1,1554,327,1227,0.21042471042471042,1271,262,1009,0.20613690007867821,283,65,218,0.22968197879858657
zauberzeug/nicegui,2025-08,treatment,1,2025-03,1,5.0,0,0,0,0,0,0,0,0,0,0,0,1,0,0,58,153642,421381,9,288.0,20.0,1539.0,81486.0,44435,1,1,1,1,47a9542199eda065b82bfefe2f159323621d3d38,716,716,0,ok,1,1577,333,1244,0.21116043119847813,1291,266,1025,0.20604182804027885,286,67,219,0.23426573426573427
zilliztech/mcp-server-milvus,2025-03,treatment,1,2025-03,1,0.0,0,0,0,0,0,0,1,0,0,0,0,0,0,1,23,2140,2886,4,43.0,3.0,0.0,447.0,638,1,1,1,1,7b8e5e0c9e5578b5b7bac3657c33c0ac796389c8,2,2,0,ok,1,16,4,12,0.25,14,3,11,0.21428571428571427,2,1,1,0.5
zilliztech/mcp-server-milvus,2025-04,treatment,1,2025-03,1,1.0,0,0,0,0,0,0,0,1,0,0,0,0,0,0,1,2,15,1,45.0,7.0,20.0,435.0,626,1,1,1,1,f077a68012b3d73a19b68aa0ededcb2d82fb3cd6,2,2,0,ok,1,16,4,12,0.25,14,3,11,0.21428571428571427,2,1,1,0.5
zilliztech/mcp-server-milvus,2025-05,treatment,1,2025-03,1,2.0,0,0,0,0,0,0,0,0,1,0,0,0,0,0,4,477,72,3,32.0,1.0,50.0,513.0,723,1,1,1,1,a5ca1c1e427d9f9ea0bbfcef26c62f2c6d111de2,2,2,0,ok,1,18,4,14,0.2222222222222222,16,3,13,0.1875,2,1,1,0.5
zilliztech/mcp-server-milvus,2025-06,treatment,1,2025-03,1,3.0,0,0,0,0,0,0,0,0,0,1,0,0,0,0,2,606,418,2,14.0,2.0,81.0,488.0,698,1,1,1,1,02fb0592513af3b3e05a12f948a35f98bd2f8447,2,2,0,ok,1,19,4,15,0.21052631578947367,17,3,14,0.17647058823529413,2,1,1,0.5
2019211474/DL-NASA-SOH-CNN-BILSTM-Attention,2025-03,control,0,,0,,0,0,0,0,0,0,0,0,0,0,0,0,0,0,1,2,0,1,3.0,0.0,604.0,410.0,408,1,1,1,1,2155b95284b5e4bfb02cc6aaf00914eafbdcad07,3,3,0,ok,1,14,1,13,0.07142857142857142,14,1,13,0.07142857142857142,0,0,0,
AkariAsai/ScholarQABench,2024-11,control,0,,0,,0,0,0,0,0,0,0,0,0,0,0,0,0,0,3,12969,1,2,32.0,1.0,0.0,1469.0,1545,1,1,1,1,8f63e5b270ac2eac04ba06bfe42913388087f87f,7,7,0,ok,1,51,12,39,0.23529411764705882,49,12,37,0.24489795918367346,2,0,2,0.0
AkariAsai/ScholarQABench,2025-02,control,0,,0,,0,0,0,0,0,0,0,0,0,0,0,0,0,0,7,2632,3,2,7.0,0.0,73.0,1602.0,1714,1,1,1,1,c439fbce548b5fab5ff5304e748763e6c8b2b014,8,8,0,ok,1,54,12,42,0.2222222222222222,49,12,37,0.24489795918367346,5,0,5,0.0
AkariAsai/ScholarQABench,2025-04,control,0,,0,,0,0,0,0,0,0,0,0,0,0,0,0,0,0,2,202,3,1,1.0,2.0,132.0,1602.0,1714,1,1,1,1,05b6bc5cd46a7d4c03caceffc8fe04e91bc192fb,8,8,0,ok,1,54,12,42,0.2222222222222222,49,12,37,0.24489795918367346,5,0,5,0.0
AkariAsai/ScholarQABench,2025-07,control,0,,0,,0,0,0,0,0,0,0,0,0,0,0,0,0,0,3,13,21,1,1.0,0.0,223.0,1602.0,1714,1,1,1,1,a87a5e9cf8913b1b0cab3f74c9fc51560e4a3465,8,8,0,ok,1,54,12,42,0.2222222222222222,49,12,37,0.24489795918367346,5,0,5,0.0
AkariAsai/ScholarQABench,2025-08,control,0,,0,,0,0,0,0,0,0,0,0,0,0,0,0,0,0,2,6,7,1,2.0,0.0,254.0,1602.0,1714,1,1,1,1,95e6fc52b0a8a0ce0a74956029991e3bb00c38b9,8,8,0,ok,1,54,12,42,0.2222222222222222,49,12,37,0.24489795918367346,5,0,5,0.0
ArpiarSaundersLab/annsql,2024-09,control,0,,0,,0,0,0,0,0,0,0,0,0,0,0,0,0,0,20,4392,1969,1,0.0,0.0,0.0,779.0,741,1,1,1,1,743f9eb70bd0a38892c47d6d7edb2598464bbd56,11,11,0,ok,1,5,0,5,0.0,0,0,0,,5,0,5,0.0
ArpiarSaundersLab/annsql,2024-10,control,0,,0,,0,0,0,0,0,0,0,0,0,0,0,0,0,0,22,3962,2405,1,0.0,0.0,0.0,1027.0,981,1,1,1,1,c66fb84a7ce4a6a9b23dad2f15fd5d3812b65d17,11,11,0,ok,1,5,0,5,0.0,0,0,0,,5,0,5,0.0
ArpiarSaundersLab/annsql,2024-11,control,0,,0,,0,0,0,0,0,0,0,0,0,0,0,0,0,0,13,1776,772,1,8.0,0.0,0.0,1416.0,1416,1,1,1,1,dd27a7d1a7b06498d0d3ead34847d6e7241105f6,14,14,0,ok,1,6,1,5,0.16666666666666666,1,1,0,1.0,5,0,5,0.0
ArpiarSaundersLab/annsql,2024-12,control,0,,0,,0,0,0,0,0,0,0,0,0,0,0,0,0,0,1,1,1,1,3.0,0.0,28.0,1416.0,1416,1,1,1,1,95458872d923921d3231becd2429b327a626bb6d,14,14,0,ok,1,6,1,5,0.16666666666666666,1,1,0,1.0,5,0,5,0.0
ArpiarSaundersLab/annsql,2025-01,control,0,,0,,0,0,0,0,0,0,0,0,0,0,0,0,0,0,5,1438,1120,1,6.0,0.0,59.0,1740.0,1744,1,1,1,1,ab9496863121dadc5cd7502e0c355536b24e6f36,16,16,0,ok,1,7,1,6,0.14285714285714285,1,1,0,1.0,6,0,6,0.0
ArpiarSaundersLab/annsql,2025-02,control,0,,0,,0,0,0,0,0,0,0,0,0,0,0,0,0,0,19,52835,5606,2,4.0,0.0,90.0,3309.0,3871,1,1,1,1,8349da0d1d0ce5692448c5c19e8bb83f2bdc36b1,21,21,0,ok,1,70,31,39,0.44285714285714284,64,31,33,0.484375,6,0,6,0.0
ArpiarSaundersLab/annsql,2025-03,control,0,,0,,0,0,0,0,0,0,0,0,0,0,0,0,0,0,18,6354,3146,2,3.0,0.0,118.0,3626.0,4192,1,1,1,1,69f3d00daaa7ac6f185d7e8b4d5b4bed618c3cab,25,25,0,ok,1,87,46,41,0.5287356321839081,81,46,35,0.5679012345679012,6,0,6,0.0
ArpiarSaundersLab/annsql,2025-04,control,0,,0,,0,0,0,0,0,0,0,0,0,0,0,0,0,0,2,212,30,2,2.0,0.0,149.0,3626.0,4192,1,1,1,1,144ef3bf441c1dc2ffc43ff3c967601f668bb4a9,25,25,0,ok,1,87,46,41,0.5287356321839081,81,46,35,0.5679012345679012,6,0,6,0.0
ArpiarSaundersLab/annsql,2025-05,control,0,,0,,0,0,0,0,0,0,0,0,0,0,0,0,0,0,2,108,44,2,2.0,4.0,179.0,3626.0,4192,1,1,1,1,4d48c602f9a55fef75cd57e3db238503bf180736,25,25,0,ok,1,87,46,41,0.5287356321839081,81,46,35,0.5679012345679012,6,0,6,0.0
BalancerMaxis/multisig-ops,2024-01,control,0,,0,,0,0,0,0,0,0,0,0,0,0,0,0,0,0,217,54678,2253,14,0.0,27.0,356.0,8586.0,8337,1,1,1,1,6ab6c1a7bd43de48366f370db059ffac768caf4a,75,74,0,ok,1,179,37,142,0.20670391061452514,146,31,115,0.21232876712328766,33,6,27,0.18181818181818182
BalancerMaxis/multisig-ops,2024-02,control,0,,0,,0,0,0,0,0,0,0,0,0,0,0,0,0,0,161,30806,1567,12,0.0,4.0,387.0,8686.0,8441,1,1,1,1,df970e8b772a5bcd3d75893a4ad23c0f9cba345c,75,74,0,ok,1,181,37,144,0.20441988950276244,148,31,117,0.20945945945945946,33,6,27,0.18181818181818182
BalancerMaxis/multisig-ops,2024-03,control,0,,0,,0,0,0,0,0,0,0,0,0,0,0,0,0,0,290,44398,2509,15,0.0,5.0,416.0,8859.0,8626,1,1,1,1,9d46eba7992833ffc520fed2afc4d8ec6ed5fad9,75,74,0,ok,1,186,39,147,0.20967741935483872,153,33,120,0.21568627450980393,33,6,27,0.18181818181818182
BalancerMaxis/multisig-ops,2024-04,control,0,,0,,0,0,0,0,0,0,0,0,0,0,0,0,0,0,290,59021,6330,22,0.0,11.0,447.0,9240.0,8984,1,1,1,1,293b45f01cfdbe37abab909b627f9419f8a6a0be,76,75,0,ok,1,188,40,148,0.2127659574468085,155,34,121,0.21935483870967742,33,6,27,0.18181818181818182
BalancerMaxis/multisig-ops,2024-05,control,0,,0,,0,0,0,0,0,0,0,0,0,0,0,0,0,0,317,72580,6055,21,0.0,7.0,477.0,9349.0,9096,1,1,1,1,11a86b0fffa84f618b236372f79ebdedd003a168,77,76,0,ok,1,190,40,150,0.21052631578947367,157,34,123,0.21656050955414013,33,6,27,0.18181818181818182
BalancerMaxis/multisig-ops,2024-06,control,0,,0,,0,0,0,0,0,0,0,0,0,0,0,0,0,0,321,107979,3877,20,1.0,12.0,508.0,9596.0,9357,1,1,1,1,b41a942c42f6608f5b31a227968894f2c2a12ff1,78,77,0,ok,1,199,42,157,0.21105527638190955,165,35,130,0.21212121212121213,34,7,27,0.20588235294117646
BalancerMaxis/multisig-ops,2024-07,control,0,,0,,0,0,0,0,0,0,0,0,0,0,0,0,0,0,330,59619,5936,23,1.0,15.0,538.0,9726.0,9489,1,1,1,1,ef51287d70e9efda0138c4589d010f62bd1b519e,79,78,0,ok,1,203,44,159,0.21674876847290642,169,37,132,0.21893491124260356,34,7,27,0.20588235294117646
BalancerMaxis/multisig-ops,2024-08,control,0,,0,,0,0,0,0,0,0,0,0,0,0,0,0,0,0,265,76868,3415,22,1.0,25.0,569.0,9852.0,9609,1,1,1,1,cf6f7f1782e8b6ee5ec7b47529e5b43eb3634aad,81,80,0,ok,1,208,45,163,0.21634615384615385,174,38,136,0.21839080459770116,34,7,27,0.20588235294117646
BalancerMaxis/multisig-ops,2024-09,control,0,,0,,0,0,0,0,0,0,0,0,0,0,0,0,0,0,307,51857,8532,23,0.0,11.0,600.0,9775.0,9529,1,1,1,1,ac6ec10c4a3b2f72ba1b9b898800280c0c6a36a0,81,80,0,ok,1,205,44,161,0.2146341463414634,171,37,134,0.21637426900584794,34,7,27,0.20588235294117646
BalancerMaxis/multisig-ops,2024-10,control,0,,0,,0,0,0,0,0,0,0,0,0,0,0,0,0,0,363,393407,38106,23,0.0,11.0,630.0,9856.0,9614,1,1,1,1,a4414862d17f1c2f1a775d2f7bef9d3b79384edb,82,81,0,ok,1,206,44,162,0.21359223300970873,172,37,135,0.21511627906976744,34,7,27,0.20588235294117646
BalancerMaxis/multisig-ops,2024-11,control,0,,0,,0,0,0,0,0,0,0,0,0,0,0,0,0,0,143,61666,3845,16,0.0,14.0,661.0,10036.0,9803,1,1,1,1,a719d670957ca738f43a2e583516df488a3e9428,84,83,0,ok,1,211,45,166,0.2132701421800948,177,38,139,0.21468926553672316,34,7,27,0.20588235294117646
BalancerMaxis/multisig-ops,2024-12,control,0,,0,,0,0,0,0,0,0,0,0,0,0,0,0,0,0,338,283247,7464,23,1.0,18.0,691.0,10087.0,9855,1,1,1,1,5507c2d5eb55e27c52041c0712b6a8abe8509dcd,84,83,0,ok,1,214,45,169,0.2102803738317757,180,38,142,0.2111111111111111,34,7,27,0.20588235294117646
BalancerMaxis/multisig-ops,2025-01,control,0,,0,,0,0,0,0,0,0,0,0,0,0,0,0,0,0,306,126765,3348,19,0.0,23.0,722.0,10101.0,9869,1,1,1,1,9614e46a65df5037ab770ea4d2b21dc51c8b0018,84,83,0,ok,1,214,44,170,0.205607476635514,180,37,143,0.20555555555555555,34,7,27,0.20588235294117646
BalancerMaxis/multisig-ops,2025-02,control,0,,0,,0,0,0,0,0,0,0,0,0,0,0,0,0,0,328,68568,3238,16,1.0,16.0,753.0,10293.0,10061,1,1,1,1,707332fe68a8b569c7fe20e020300a86a882f90c,85,84,0,ok,1,220,44,176,0.2,186,37,149,0.1989247311827957,34,7,27,0.20588235294117646
BalancerMaxis/multisig-ops,2025-03,control,0,,0,,0,0,0,0,0,0,0,0,0,0,0,0,0,0,301,83164,3801,18,1.0,4.0,781.0,10683.0,10454,1,1,1,1,ee129356940cfa41c62e1bbda188aaa1bd7f25fe,86,85,0,ok,1,227,46,181,0.2026431718061674,193,39,154,0.20207253886010362,34,7,27,0.20588235294117646
BalancerMaxis/multisig-ops,2025-04,control,0,,0,,0,0,0,0,0,0,0,0,0,0,0,0,0,0,395,61038,3295,21,0.0,15.0,812.0,10729.0,10499,1,1,1,1,b660d124f15401d6aa523fe33731f99bf0e4e6aa,87,86,0,ok,1,227,46,181,0.2026431718061674,193,39,154,0.20207253886010362,34,7,27,0.20588235294117646
BalancerMaxis/multisig-ops,2025-05,control,0,,0,,0,0,0,0,0,0,0,0,0,0,0,0,0,0,362,132168,5276,23,0.0,8.0,842.0,10867.0,10635,1,1,1,1,fd38e66687763b0ff3795de0978304eeed41ec45,87,86,0,ok,1,230,48,182,0.20869565217391303,196,41,155,0.20918367346938777,34,7,27,0.20588235294117646
BalancerMaxis/multisig-ops,2025-06,control,0,,0,,0,0,0,0,0,0,0,0,0,0,0,0,0,0,317,52495,4880,22,0.0,12.0,873.0,10917.0,10685,1,1,1,1,7f89042c4e35b1e75c5e987c3bac3a2faf98dbef,87,86,0,ok,1,231,47,184,0.20346320346320346,197,40,157,0.20304568527918782,34,7,27,0.20588235294117646
BalancerMaxis/multisig-ops,2025-07,control,0,,0,,0,0,0,0,0,0,0,0,0,0,0,0,0,0,336,134844,7729,23,0.0,12.0,903.0,11037.0,10832,1,1,1,1,bfb22ac38e1c315d7ca2087ce4d8d2d81981e0cc,89,88,0,ok,1,241,51,190,0.21161825726141079,207,44,163,0.21256038647342995,34,7,27,0.20588235294117646
BalancerMaxis/multisig-ops,2025-08,control,0,,0,,0,0,0,0,0,0,0,0,0,0,0,0,0,0,450,134589,11444,25,0.0,13.0,934.0,11252.0,11047,1,1,1,1,5483a5ab2c8ec21b205d21bfb3d3b7b96a737fe9,90,89,0,ok,1,247,52,195,0.21052631578947367,213,45,168,0.2112676056338028,34,7,27,0.20588235294117646
Benzauber/convert-commander,2024-11,control,0,,0,,0,0,0,0,0,0,0,0,0,0,0,0,0,0,16,1781,55,2,20.0,2.0,0.0,786.0,275,1,1,1,1,0daf3fb2c5f7ea7f15b45b2b78959f7c0ac495cc,3,3,0,ok,1,15,5,10,0.3333333333333333,15,5,10,0.3333333333333333,0,0,0,
Benzauber/convert-commander,2024-12,control,0,,0,,0,0,0,0,0,0,0,0,0,0,0,0,0,0,3,4,18,1,0.0,0.0,24.0,786.0,275,1,1,1,1,c6af5ce2dd031d22e63cb2cfe906d4d7eaf8cd29,3,3,0,ok,1,15,5,10,0.3333333333333333,15,5,10,0.3333333333333333,0,0,0,
Benzauber/convert-commander,2025-01,control,0,,0,,0,0,0,0,0,0,0,0,0,0,0,0,0,0,3,1116,398,2,14.0,0.0,55.0,1246.0,455,1,1,1,1,799f1b779024bb90c5bca1df44b23a9ec13ee5c3,5,5,0,ok,1,17,8,9,0.47058823529411764,17,8,9,0.47058823529411764,0,0,0,
Benzauber/convert-commander,2025-03,control,0,,0,,0,0,0,0,0,0,0,0,0,0,0,0,0,0,7,327,141,2,0.0,0.0,114.0,1351.0,455,1,1,1,1,47516bf205985b3e69a7bac2e1cd36540053803a,5,5,0,ok,1,17,8,9,0.47058823529411764,17,8,9,0.47058823529411764,0,0,0,
Benzauber/convert-commander,2025-05,control,0,,0,,0,0,0,0,0,0,0,0,0,0,0,0,0,0,5,120,105,2,1.0,0.0,175.0,1305.0,422,1,1,1,1,f0d8e7aaa90f855e27ba3f7347c100a2b0f578bb,5,5,0,ok,1,18,9,9,0.5,18,9,9,0.5,0,0,0,
Benzauber/convert-commander,2025-06,control,0,,0,,0,0,0,0,0,0,0,0,0,0,0,0,0,0,3,185,72,2,1.0,1.0,206.0,1339.0,450,1,1,1,1,094aeaeeb494ad5b7f5ada26f3ca0a3df3ffa55d,5,5,0,ok,1,17,9,8,0.5294117647058824,17,9,8,0.5294117647058824,0,0,0,
Benzauber/convert-commander,2025-07,control,0,,0,,0,0,0,0,0,0,0,0,0,0,0,0,0,0,2,203,1,1,1.0,0.0,236.0,1339.0,450,1,1,1,1,48a6e6b7605a540c6fe4f1a5f4f2ceb4e31d59a5,5,5,0,ok,1,17,9,8,0.5294117647058824,17,9,8,0.5294117647058824,0,0,0,
Benzauber/convert-commander,2025-08,control,0,,0,,0,0,0,0,0,0,0,0,0,0,0,0,0,0,3,686,184,2,2.0,0.0,267.0,1728.0,586,1,1,1,1,91e35d37877657be0089732cd8e4fd0c81c1822a,6,6,0,ok,1,24,13,11,0.5416666666666666,24,13,11,0.5416666666666666,0,0,0,
BiancoChiu/iOSRealRun-cli-18,2024-02,control,0,,0,,0,0,0,0,0,0,0,0,0,0,0,0,0,0,14,461,23,2,0.0,0.0,0.0,303.0,307,1,1,1,1,cecde43510d4ecee001f9ca20ef342409ef8fd54,9,9,0,ok,1,23,12,11,0.5217391304347826,22,12,10,0.5454545454545454,1,0,1,0.0
BiancoChiu/iOSRealRun-cli-18,2024-03,control,0,,0,,0,0,0,0,0,0,0,0,0,0,0,0,0,0,3,13,13,2,0.0,0.0,0.0,303.0,307,1,1,1,1,083f8ec6ddfe558edb48f054222f109673a2f0e6,9,9,0,ok,1,23,12,11,0.5217391304347826,22,12,10,0.5454545454545454,1,0,1,0.0
BiancoChiu/iOSRealRun-cli-18,2025-02,control,0,,0,,0,0,0,0,0,0,0,0,0,0,0,0,0,0,6,168,130,1,13.0,0.0,0.0,326.0,330,1,1,1,1,0ba61c949e12360c704691ccbff79de8c60c4241,8,8,0,ok,1,20,9,11,0.45,19,9,10,0.47368421052631576,1,0,1,0.0
BiancoChiu/iOSRealRun-cli-18,2025-03,control,0,,0,,0,0,0,0,0,0,0,0,0,0,0,0,0,0,3,8,18,1,23.0,3.0,9.0,326.0,330,1,1,1,1,ad628f18ae71a3032893fac49a120a6c2dba0866,8,8,0,ok,1,20,9,11,0.45,19,9,10,0.47368421052631576,1,0,1,0.0
BiancoChiu/iOSRealRun-cli-18,2025-05,control,0,,0,,0,0,0,0,0,0,0,0,0,0,0,0,0,0,1,3,3,1,11.0,7.0,70.0,326.0,330,1,1,1,1,cbae4f82e572aaa30402dd48b620095af563b68c,8,8,0,ok,1,20,9,11,0.45,19,9,10,0.47368421052631576,1,0,1,0.0
BiancoChiu/iOSRealRun-cli-18,2025-06,control,0,,0,,0,0,0,0,0,0,0,0,0,0,0,0,0,0,2,6,0,1,4.0,3.0,101.0,326.0,330,1,1,1,1,87c1f190c78839acead294e745990692fed6d80d,8,8,0,ok,1,20,9,11,0.45,19,9,10,0.47368421052631576,1,0,1,0.0
C4NU/Paddie,2024-01,control,0,,0,,0,0,0,0,0,0,0,0,0,0,0,0,0,0,7,106,102,3,4.0,5.0,82.0,1432.0,1436,1,1,1,1,af78d9ca13262dfd0eb4a863bd582284ea452fab,18,18,0,ok,1,16,1,15,0.0625,2,0,2,0.0,14,1,13,0.07142857142857142
C4NU/Paddie,2024-02,control,0,,0,,0,0,0,0,0,0,0,0,0,0,0,0,0,0,5,88,26,3,3.0,0.0,113.0,1456.0,1460,1,1,1,1,d3420b46f68925d6f95c5353d0a4a279ae49d00f,18,18,0,ok,1,16,1,15,0.0625,2,0,2,0.0,14,1,13,0.07142857142857142
C4NU/Paddie,2024-03,control,0,,0,,0,0,0,0,0,0,0,0,0,0,0,0,0,0,5,61,15,2,4.0,0.0,142.0,1455.0,1459,1,1,1,1,46fe27201a0aaf26672fd5deec435ff61c53e8b7,18,18,0,ok,1,16,1,15,0.0625,2,0,2,0.0,14,1,13,0.07142857142857142
C4NU/Paddie,2024-04,control,0,,0,,0,0,0,0,0,0,0,0,0,0,0,0,0,0,1,1,2,1,1.0,0.0,173.0,1476.0,1480,1,1,1,1,1a14eff63d31b1ad0ab3a0691bfb5aa0df680cae,18,18,0,ok,1,16,1,15,0.0625,2,0,2,0.0,14,1,13,0.07142857142857142
C4NU/Paddie,2025-03,control,0,,0,,0,0,0,0,0,0,0,0,0,0,0,0,0,0,30,17902,26639,2,3.0,5.0,507.0,1614.0,1828,1,1,1,1,7d588668b42aaceddaff6f2d555702cc0f621a54,25,25,0,ok,1,26,1,25,0.038461538461538464,7,0,7,0.0,19,1,18,0.05263157894736842
DakeQQ/YOLO-Depth-Estimation-for-Android,2024-05,control,0,,0,,0,0,0,0,0,0,0,0,0,0,0,0,0,0,99,6363,3188,1,3.0,0.0,0.0,1501.0,0,1,1,0,0,2e475ab5a9f5e652f78775462a0266e1fae0b0c3,0,0,0,ok,1,0,0,0,,0,0,0,,0,0,0,
DakeQQ/YOLO-Depth-Estimation-for-Android,2024-06,control,0,,0,,0,0,0,0,0,0,0,0,0,0,0,0,0,0,1,3,2,1,0.0,0.0,0.0,1501.0,0,1,1,0,0,84ee3ace472147df2b22afd8d948484ef2d4c6f4,0,0,0,ok,1,0,0,0,,0,0,0,,0,0,0,
DakeQQ/YOLO-Depth-Estimation-for-Android,2024-07,control,0,,0,,0,0,0,0,0,0,0,0,0,0,0,0,0,0,73,10371,2390,1,0.0,0.0,0.0,6044.0,4098,1,1,1,1,082dcef82b88940afa60985c64c398429d547f7f,21,21,0,ok,1,64,3,61,0.046875,22,3,19,0.13636363636363635,42,0,42,0.0
DakeQQ/YOLO-Depth-Estimation-for-Android,2024-08,control,0,,0,,0,0,0,0,0,0,0,0,0,0,0,0,0,0,12,855,399,1,0.0,0.0,0.0,6349.0,4403,1,1,1,1,a2cf0eff16041de6c7dd1d55ed8fe389491a8558,28,28,0,ok,1,66,5,61,0.07575757575757576,24,5,19,0.20833333333333334,42,0,42,0.0
DakeQQ/YOLO-Depth-Estimation-for-Android,2024-09,control,0,,0,,0,0,0,0,0,0,0,0,0,0,0,0,0,0,15,4423,3905,1,0.0,0.0,0.0,6778.0,4832,1,1,1,1,2ad3fe85e7d446edaf80cd78f6d8db36654b8d08,28,28,0,ok,1,66,5,61,0.07575757575757576,24,5,19,0.20833333333333334,42,0,42,0.0
DakeQQ/YOLO-Depth-Estimation-for-Android,2024-10,control,0,,0,,0,0,0,0,0,0,0,0,0,0,0,0,0,0,210,8841,8016,1,3.0,2.0,147.0,7312.0,5401,1,1,1,1,fcc15fef88fd0cd4f154b584f2e0fa082da10bfc,29,29,0,ok,1,76,5,71,0.06578947368421052,24,5,19,0.20833333333333334,52,0,52,0.0
DakeQQ/YOLO-Depth-Estimation-for-Android,2024-11,control,0,,0,,0,0,0,0,0,0,0,0,0,0,0,0,0,0,31,102,107,1,6.0,2.0,178.0,7306.0,5402,1,1,1,1,de2f651b9e4429956f6a8aa8845c55648db1079b,29,29,0,ok,1,76,5,71,0.06578947368421052,24,5,19,0.20833333333333334,52,0,52,0.0
DakeQQ/YOLO-Depth-Estimation-for-Android,2024-12,control,0,,0,,0,0,0,0,0,0,0,0,0,0,0,0,0,0,3,171,132,1,7.0,0.0,208.0,7306.0,5402,1,1,1,1,875f91c8c138c8b47e7e31292530ce72a1cabcc9,29,29,0,ok,1,76,5,71,0.06578947368421052,24,5,19,0.20833333333333334,52,0,52,0.0
DakeQQ/YOLO-Depth-Estimation-for-Android,2025-01,control,0,,0,,0,0,0,0,0,0,0,0,0,0,0,0,0,0,10,3009,3192,1,4.0,2.0,239.0,7294.0,5402,1,1,1,1,688729a935875ae3334b09ab9bfb1d2bc35697cf,29,29,0,ok,1,76,5,71,0.06578947368421052,24,5,19,0.20833333333333334,52,0,52,0.0
DakeQQ/YOLO-Depth-Estimation-for-Android,2025-02,control,0,,0,,0,0,0,0,0,0,0,0,0,0,0,0,0,0,32,567,706,1,4.0,0.0,270.0,7180.0,5288,1,1,1,1,b9ab794a306ef3542a62c8773d05fecad4457598,29,29,0,ok,1,76,5,71,0.06578947368421052,24,5,19,0.20833333333333334,52,0,52,0.0
DakeQQ/YOLO-Depth-Estimation-for-Android,2025-03,control,0,,0,,0,0,0,0,0,0,0,0,0,0,0,0,0,0,63,22157,22196,1,6.0,3.0,298.0,7328.0,5709,1,1,1,1,3ff413961e0ff4684127c19850df1c2843338daf,29,29,0,ok,1,79,7,72,0.08860759493670886,26,6,20,0.23076923076923078,53,1,52,0.018867924528301886
DakeQQ/YOLO-Depth-Estimation-for-Android,2025-04,control,0,,0,,0,0,0,0,0,0,0,0,0,0,0,0,0,0,3,24,24,1,2.0,3.0,329.0,7347.0,5709,1,1,1,1,cc5b3daa4ca5be8a55a19a0b764b05f9796832d1,29,29,0,ok,1,79,7,72,0.08860759493670886,26,6,20,0.23076923076923078,53,1,52,0.018867924528301886
DakeQQ/YOLO-Depth-Estimation-for-Android,2025-05,control,0,,0,,0,0,0,0,0,0,0,0,0,0,0,0,0,0,2,28,0,1,5.0,0.0,359.0,7347.0,5709,1,1,1,1,c731ca0e47b709258690e58819cec510094b9b19,29,29,0,ok,1,79,7,72,0.08860759493670886,26,6,20,0.23076923076923078,53,1,52,0.018867924528301886
DakeQQ/YOLO-Depth-Estimation-for-Android,2025-08,control,0,,0,,0,0,0,0,0,0,0,0,0,0,0,0,0,0,56,3435,2085,1,1.0,1.0,451.0,7598.0,6648,1,1,1,1,d864f4791aae2fc41a1761941eb2a1a424d14d9c,30,30,0,ok,1,83,7,76,0.08433734939759036,25,6,19,0.24,58,1,57,0.017241379310344827
Drchip61/Dual_SAM,2024-03,control,0,,0,,0,0,0,0,0,0,0,0,0,0,0,0,0,0,27,5408,159,1,4.0,0.0,0.0,3357.0,3793,1,1,1,1,3efdae9483742dd2e2d63331ebdf67972492c9c7,28,28,0,ok,1,109,14,95,0.12844036697247707,40,11,29,0.275,69,3,66,0.043478260869565216
Drchip61/Dual_SAM,2024-04,control,0,,0,,0,0,0,0,0,0,0,0,0,0,0,0,0,0,5,6,7,1,8.0,2.0,22.0,3357.0,3793,1,1,1,1,cf57ce7726f1d40206e0793cb096c1fc48f73425,28,28,0,ok,1,109,14,95,0.12844036697247707,40,11,29,0.275,69,3,66,0.043478260869565216
Drchip61/Dual_SAM,2024-12,control,0,,0,,0,0,0,0,0,0,0,0,0,0,0,0,0,0,2,15,4,1,7.0,4.0,266.0,3357.0,3793,1,1,1,1,5f38d57c5ccaa4e16693d0b77f09c984901ac5b9,28,28,0,ok,1,109,14,95,0.12844036697247707,40,11,29,0.275,69,3,66,0.043478260869565216
EURAC-EEBgroup/brick-llm,2024-09,control,0,,0,,0,0,0,0,0,0,0,0,0,0,0,0,0,0,2,46970,0,1,0.0,0.0,0.0,458.0,445,1,1,1,1,34f614a557afc5b0aae5773b9e0954122c8de30e,11,11,0,ok,1,31,14,17,0.45161290322580644,26,10,16,0.38461538461538464,5,4,1,0.8
EURAC-EEBgroup/brick-llm,2024-10,control,0,,0,,0,0,0,0,0,0,0,0,0,0,0,0,0,0,54,4181,1354,3,0.0,0.0,0.0,1032.0,1239,1,1,1,1,324dafc988d53f922b62b6fde9921efb3320348a,32,32,0,ok,1,48,22,26,0.4583333333333333,39,18,21,0.46153846153846156,9,4,5,0.4444444444444444
EURAC-EEBgroup/brick-llm,2024-11,control,0,,0,,0,0,0,0,0,0,0,0,0,0,0,0,0,0,46,3661,694,3,12.0,1.0,0.0,1164.0,1372,1,1,1,1,23c57e249931c71130ae8d1b880bee1950b1501d,35,35,0,ok,1,52,25,27,0.4807692307692308,42,20,22,0.47619047619047616,10,5,5,0.5
EURAC-EEBgroup/brick-llm,2024-12,control,0,,0,,0,0,0,0,0,0,0,0,0,0,0,0,0,0,7,289,202,1,3.0,2.0,25.0,1212.0,1429,1,1,1,1,cf5babd71b703f4df2764b7e410524923df8253b,36,36,0,ok,1,55,27,28,0.4909090909090909,43,20,23,0.46511627906976744,12,7,5,0.5833333333333334
EURAC-EEBgroup/brick-llm,2025-01,control,0,,0,,0,0,0,0,0,0,0,0,0,0,0,0,0,0,8,3486,1000,4,2.0,4.0,56.0,1245.0,1432,1,1,1,1,5d44960a73b9ef0bc4bf79ee9bb2492a821a5795,36,36,0,ok,1,55,27,28,0.4909090909090909,43,20,23,0.46511627906976744,12,7,5,0.5833333333333334
EURAC-EEBgroup/brick-llm,2025-03,control,0,,0,,0,0,0,0,0,0,0,0,0,0,0,0,0,0,2,719,132,1,2.0,0.0,115.0,1685.0,1869,1,1,1,1,eae4dac0eb871b7859148567812caa3344dfd400,38,38,0,ok,1,62,30,32,0.4838709677419355,47,20,27,0.425531914893617,15,10,5,0.6666666666666666
EURAC-EEBgroup/brick-llm,2025-05,control,0,,0,,0,0,0,0,0,0,0,0,0,0,0,0,0,0,1,2682,539,1,0.0,0.0,176.0,1685.0,1869,1,1,1,1,ac89ecd41929d3133379fda4bcf5e85927d1c4ac,38,38,0,ok,1,62,30,32,0.4838709677419355,47,20,27,0.425531914893617,15,10,5,0.6666666666666666
Envious-Data/Env-KB,2024-04,control,0,,0,,0,0,0,0,0,0,0,0,0,0,0,0,0,0,3,126373,76612,1,0.0,0.0,1139.0,58.0,58,1,1,1,1,1e0873a8409cca1332537cb4934c04b54ce33a7a,1,1,0,ok,1,1,1,0,1.0,1,1,0,1.0,0,0,0,
Event-AHU/OpenEvDET,2024-06,control,0,,0,,0,0,0,0,0,0,0,0,0,0,0,0,0,0,11,37,6,2,0.0,0.0,0.0,,0,1,1,0,0,9445d9825b622f47cb581339ad6322d28c1f0609,0,0,0,ok,1,0,0,0,,0,0,0,,0,0,0,
Event-AHU/OpenEvDET,2024-07,control,0,,0,,0,0,0,0,0,0,0,0,0,0,0,0,0,0,14,181,55,2,0.0,0.0,0.0,,0,1,1,0,0,ef3b6902aabe5fcbb4bcbe52f0d7c160db58811b,0,0,0,ok,1,0,0,0,,0,0,0,,0,0,0,
Event-AHU/OpenEvDET,2024-08,control,0,,0,,0,0,0,0,0,0,0,0,0,0,0,0,0,0,10,81,40,2,0.0,0.0,0.0,,0,1,1,0,0,fe248bc731b4b3bcfe7716459dd97b020d56379a,0,0,0,ok,1,0,0,0,,0,0,0,,0,0,0,
Event-AHU/OpenEvDET,2024-09,control,0,,0,,0,0,0,0,0,0,0,0,0,0,0,0,0,0,3,7,7,2,0.0,0.0,0.0,,0,1,1,0,0,b18ae742fd121615f5acaef3748206b4905e0314,0,0,0,ok,1,0,0,0,,0,0,0,,0,0,0,
Event-AHU/OpenEvDET,2024-11,control,0,,0,,0,0,0,0,0,0,0,0,0,0,0,0,0,0,8,229,204,2,0.0,0.0,0.0,,0,1,1,0,0,070bdea99e2bdc41c69d0c7e883b3b2ca19069ab,0,0,0,ok,1,0,0,0,,0,0,0,,0,0,0,
Event-AHU/OpenEvDET,2024-12,control,0,,0,,0,0,0,0,0,0,0,0,0,0,0,0,0,0,26,110,42,2,6.0,0.0,0.0,,0,1,1,0,0,7bee63b33fe810ff1c51382f567cfa9fb7b1a745,0,0,0,ok,1,0,0,0,,0,0,0,,0,0,0,
Event-AHU/OpenEvDET,2025-01,control,0,,0,,0,0,0,0,0,0,0,0,0,0,0,0,0,0,1,2,2,1,0.0,3.0,21.0,,0,1,1,0,0,bd38079458e2d14cce522f1135b3fde0066ab432,0,0,0,ok,1,0,0,0,,0,0,0,,0,0,0,
Event-AHU/OpenEvDET,2025-02,control,0,,0,,0,0,0,0,0,0,0,0,0,0,0,0,0,0,45,16050,8162,2,3.0,0.0,52.0,5020.0,5406,1,1,1,1,dfc518d6227f891592be57dc9f0bdfccdbc1fc2a,56,56,0,ok,1,142,15,127,0.1056338028169014,66,14,52,0.21212121212121213,76,1,75,0.013157894736842105
Event-AHU/OpenEvDET,2025-03,control,0,,0,,0,0,0,0,0,0,0,0,0,0,0,0,0,0,7,24,7,2,5.0,2.0,80.0,5020.0,5406,1,1,1,1,a9dff9f1f657e3218e08ef2de59d3b0049764adc,56,56,0,ok,1,142,15,127,0.1056338028169014,66,14,52,0.21212121212121213,76,1,75,0.013157894736842105
Event-AHU/OpenEvDET,2025-04,control,0,,0,,0,0,0,0,0,0,0,0,0,0,0,0,0,0,4,4,9,2,2.0,3.0,111.0,5020.0,5406,1,1,1,1,43a3a8aa71be7b2caad23f0b2e75ecdb43f38763,56,56,0,ok,1,142,15,127,0.1056338028169014,66,14,52,0.21212121212121213,76,1,75,0.013157894736842105
Event-AHU/OpenEvDET,2025-05,control,0,,0,,0,0,0,0,0,0,0,0,0,0,0,0,0,0,36,9251,92,2,5.0,1.0,141.0,10829.0,11636,1,1,1,1,c3089ba55502bb47ab6689d56bed4bd44236c126,117,117,0,ok,1,298,30,268,0.10067114093959731,139,28,111,0.2014388489208633,159,2,157,0.012578616352201259
Event-AHU/OpenEvDET,2025-07,control,0,,0,,0,0,0,0,0,0,0,0,0,0,0,0,0,0,1,3,0,1,6.0,1.0,202.0,10829.0,11636,1,1,1,1,0387128430648126abe7ef71016a4ff6a1f03f20,117,117,0,ok,1,298,30,268,0.10067114093959731,139,28,111,0.2014388489208633,159,2,157,0.012578616352201259
Event-AHU/OpenEvDET,2025-08,control,0,,0,,0,0,0,0,0,0,0,0,0,0,0,0,0,0,3,8,59,2,1.0,1.0,233.0,10791.0,11598,1,1,1,1,77a31ac8d522bafc38fbe2569df8020ffc6d11ff,117,117,0,ok,1,298,30,268,0.10067114093959731,139,28,111,0.2014388489208633,159,2,157,0.012578616352201259
FFY0/AdaKV,2024-06,control,0,,0,,0,0,0,0,0,0,0,0,0,0,0,0,0,0,1,0,0,1,0.0,0.0,0.0,1247.0,1231,1,1,1,1,e0124ae9f61cd26dda2a84bbfa56f01ed51b8978,7,7,0,ok,1,35,5,30,0.14285714285714285,32,5,27,0.15625,3,0,3,0.0
FFY0/AdaKV,2024-07,control,0,,0,,0,0,0,0,0,0,0,0,0,0,0,0,0,0,2,117428,168,2,0.0,0.0,0.0,1407.0,1393,1,1,1,1,759b5dff12c4aa8c8285454fd00ee16ad4c85a36,8,8,0,ok,1,36,5,31,0.1388888888888889,32,5,27,0.15625,4,0,4,0.0
FFY0/AdaKV,2024-08,control,0,,0,,0,0,0,0,0,0,0,0,0,0,0,0,0,0,6,1707,118430,3,8.0,0.0,0.0,2031.0,2053,1,1,1,1,83ec65b6e25e99ac0918f752a8c71bf49b1e31c9,11,11,0,ok,1,46,6,40,0.13043478260869565,42,6,36,0.14285714285714285,4,0,4,0.0
FFY0/AdaKV,2024-11,control,0,,0,,0,0,0,0,0,0,0,0,0,0,0,0,0,0,9,978,304,2,17.0,2.0,76.0,2209.0,2233,1,1,1,1,88bddcd2ecd01e94f153ed7b38834330913dba8a,12,12,0,ok,1,45,6,39,0.13333333333333333,42,6,36,0.14285714285714285,3,0,3,0.0
FFY0/AdaKV,2024-12,control,0,,0,,0,0,0,0,0,0,0,0,0,0,0,0,0,0,1,8,2,1,7.0,2.0,106.0,2209.0,2233,1,1,1,1,d2252fa9870a2eb233b8512ce67242187dbed987,12,12,0,ok,1,45,6,39,0.13333333333333333,42,6,36,0.14285714285714285,3,0,3,0.0
FFY0/AdaKV,2025-01,control,0,,0,,0,0,0,0,0,0,0,0,0,0,0,0,0,0,1,1473,883,1,5.0,0.0,137.0,2678.0,2706,1,1,1,1,66b95be2d9e3c5e113874ee6d5370086838c2e16,13,13,0,ok,1,56,7,49,0.125,52,7,45,0.1346153846153846,4,0,4,0.0
FFY0/AdaKV,2025-06,control,0,,0,,0,0,0,0,0,0,0,0,0,0,0,0,0,0,1,46,37,1,2.0,1.0,288.0,2678.0,2706,1,1,1,1,67a0fc2729800c3d902225f359e0b50f9202556b,13,13,0,ok,1,56,7,49,0.125,52,7,45,0.1346153846153846,4,0,4,0.0
FMInference/FlexiGen,2024-04,control,0,,0,,0,0,0,0,0,0,0,0,0,0,0,0,0,0,1,203,0,1,0.0,0.0,0.0,661619.0,749980,1,1,1,1,19753bc062d47cc34e73efb27824e97ff5216a68,2327,2327,0,ok,1,12988,1920,11068,0.14782876501385894,4573,1303,3270,0.2849333041766893,8415,617,7798,0.07332144979203803
FMInference/FlexiGen,2024-09,control,0,,0,,0,0,0,0,0,0,0,0,0,0,0,0,0,0,2,2,2,2,32.0,0.0,0.0,661619.0,749980,1,1,1,1,ab55510b0e19b0dcdb274e7ef5421827d0c237d0,2327,2327,0,ok,1,12988,1920,11068,0.14782876501385894,4573,1303,3270,0.2849333041766893,8415,617,7798,0.07332144979203803
FMInference/FlexiGen,2024-10,control,0,,0,,0,0,0,0,0,0,0,0,0,0,0,0,0,0,3,186,163,2,37.0,1.0,22.0,661631.0,749997,1,1,1,1,004ffef82b46e8dc8685c55d0cdda650bdaf1269,2327,2327,0,ok,1,12989,1920,11069,0.14781738394025715,4574,1303,3271,0.284871010056843,8415,617,7798,0.07332144979203803
FaceAdapter/Face-Adapter,2024-05,control,0,,0,,0,0,0,0,0,0,0,0,0,0,0,0,0,0,24,4439,647,3,180.0,12.0,0.0,2500.0,2752,1,1,1,1,6e313885188e05740a7c40e12c1b9015c748bf08,10,10,0,ok,1,67,18,49,0.26865671641791045,38,17,21,0.4473684210526316,29,1,28,0.034482758620689655
FlipperPA/peregrine,2024-12,control,0,,0,,0,0,0,0,0,0,0,0,0,0,0,0,0,0,2,2,2,2,0.0,0.0,2598.0,1427.0,1140,1,1,1,1,59cf20bdffc1b4fabcefcd84041ae7e6f63ca221,21,21,0,ok,1,27,8,19,0.2962962962962963,7,2,5,0.2857142857142857,20,6,14,0.3
FolhaSP/mosaico,2024-11,control,0,,0,,0,0,0,0,0,0,0,0,0,0,0,0,0,0,34,2184,1129,3,5.0,20.0,0.0,4869.0,5760,1,1,1,1,671279ed06a708df03f6b96283c4b2e4e752944d,106,106,0,ok,1,288,67,221,0.2326388888888889,220,55,165,0.25,68,12,56,0.17647058823529413
FolhaSP/mosaico,2024-12,control,0,,0,,0,0,0,0,0,0,0,0,0,0,0,0,0,0,4,279,20,2,2.0,11.0,16.0,4969.0,5893,1,1,1,1,89e8405cb37b43228bf09fb2cbcad41fe0c63f50,107,107,0,ok,1,300,69,231,0.23,231,57,174,0.24675324675324675,69,12,57,0.17391304347826086
FolhaSP/mosaico,2025-01,control,0,,0,,0,0,0,0,0,0,0,0,0,0,0,0,0,0,11,995,96,2,1.0,10.0,47.0,5054.0,5985,1,1,1,1,9f54b7e292c074c054d5d53b7e6f5cf92d2ef3d4,109,109,0,ok,1,307,70,237,0.2280130293159609,235,58,177,0.24680851063829787,72,12,60,0.16666666666666666
FolhaSP/mosaico,2025-02,control,0,,0,,0,0,0,0,0,0,0,0,0,0,0,0,0,0,20,2294,1941,2,3.0,30.0,78.0,5157.0,6124,1,1,1,1,7ee2ad4944d0c431f69e11953c8db270548cab29,112,112,0,ok,1,322,76,246,0.2360248447204969,240,59,181,0.24583333333333332,82,17,65,0.2073170731707317
FolhaSP/mosaico,2025-03,control,0,,0,,0,0,0,0,0,0,0,0,0,0,0,0,0,0,19,2593,861,2,0.0,21.0,106.0,6083.0,7089,1,1,1,1,8c825203557e4cc983b6a36d53edbe646f367988,127,127,0,ok,1,369,84,285,0.22764227642276422,284,67,217,0.23591549295774647,85,17,68,0.2
FolhaSP/mosaico,2025-05,control,0,,0,,0,0,0,0,0,0,0,0,0,0,0,0,0,0,6,215,10,1,0.0,4.0,167.0,6173.0,7189,1,1,1,1,c9ad0020d5857a46eb6749c4ef6df883ef0b1e9e,127,127,0,ok,1,378,84,294,0.2222222222222222,293,67,226,0.22866894197952217,85,17,68,0.2
FolhaSP/mosaico,2025-07,control,0,,0,,0,0,0,0,0,0,0,0,0,0,0,0,0,0,7,2587,1809,1,1.0,3.0,228.0,6585.0,7648,1,1,1,1,b3c2a5e6ed21ebdabf955c519d66a458c2bd08e4,129,129,0,ok,1,415,87,328,0.20963855421686747,330,70,260,0.21212121212121213,85,17,68,0.2
GispoCoding/qgis-venv-creator,2024-02,control,0,,0,,0,0,0,0,0,0,0,0,0,0,0,0,0,0,21,2013,65,2,0.0,2.0,0.0,513.0,551,1,1,1,1,af2c34bcade10ce184f9b4c89a6b5011f4636b05,9,9,0,ok,1,26,7,19,0.2692307692307692,14,2,12,0.14285714285714285,12,5,7,0.4166666666666667
GispoCoding/qgis-venv-creator,2024-03,control,0,,0,,0,0,0,0,0,0,0,0,0,0,0,0,0,0,1,1,1,1,0.0,0.0,27.0,513.0,551,1,1,1,1,da97781d79749fa683611204606b94966dfbc799,9,9,0,ok,1,26,7,19,0.2692307692307692,14,2,12,0.14285714285714285,12,5,7,0.4166666666666667
Hack-a-Day/2024-Supercon-8-Add-On-Badge,2024-09,control,0,,0,,0,0,0,0,0,0,0,0,0,0,0,0,0,0,1,0,0,1,0.0,0.0,0.0,,0,1,1,0,0,4d2a96feb531d47bbe11bba02b77f9b9b9aadae9,0,0,0,ok,1,0,0,0,,0,0,0,,0,0,0,
Hack-a-Day/2024-Supercon-8-Add-On-Badge,2024-10,control,0,,0,,0,0,0,0,0,0,0,0,0,0,0,0,0,0,47,289897,24397,10,11.0,0.0,0.0,520.0,546,1,1,1,1,fa2d8d0fc9c69b610d8eebca14d9d54e6a23475d,4,4,0,ok,1,10,0,10,0.0,4,0,4,0.0,6,0,6,0.0
Hack-a-Day/2024-Supercon-8-Add-On-Badge,2024-11,control,0,,0,,0,0,0,0,0,0,0,0,0,0,0,0,0,0,40,7782,630,9,9.0,1.0,9.0,847.0,952,1,1,1,1,b44bb4a046a71d2d7abc0734260b4ada87c0628c,5,5,0,ok,1,11,0,11,0.0,4,0,4,0.0,7,0,7,0.0
Hack-a-Day/2024-Supercon-8-Add-On-Badge,2025-03,control,0,,0,,0,0,0,0,0,0,0,0,0,0,0,0,0,0,8,42,20,2,2.0,1.0,129.0,851.0,956,1,1,1,1,67e7825535fd093466c771318341bcd40be55e13,5,5,0,ok,1,11,0,11,0.0,4,0,4,0.0,7,0,7,0.0
HelpingAI/Webscout,2024-02,control,0,,0,,0,0,0,0,0,0,0,0,0,0,0,0,0,0,17,447,154,2,0.0,0.0,0.0,1488.0,1690,1,1,1,1,6d6af387dbfd19f8a70b0e0bdf956cb4bc1fc6d8,12,12,0,ok,1,39,11,28,0.28205128205128205,28,10,18,0.35714285714285715,11,1,10,0.09090909090909091
HelpingAI/Webscout,2024-03,control,0,,0,,0,0,0,0,0,0,0,0,0,0,0,0,0,0,35,8904,5181,2,0.0,0.0,0.0,3833.0,4461,1,1,1,1,7c52f6bfcb0d91ae93a496dc9b356de23a9e568c,31,31,0,ok,1,88,18,70,0.20454545454545456,49,15,34,0.30612244897959184,39,3,36,0.07692307692307693
HelpingAI/Webscout,2024-04,control,0,,0,,0,0,0,0,0,0,0,0,0,0,0,0,0,0,53,20342,15322,2,0.0,0.0,0.0,7566.0,8869,1,1,1,1,43365b64ad799c81f65d9ca8fda0fe0d95978f59,31,31,0,ok,1,116,28,88,0.2413793103448276,44,15,29,0.3409090909090909,72,13,59,0.18055555555555555
HelpingAI/Webscout,2024-05,control,0,,0,,0,0,0,0,0,0,0,0,0,0,0,0,0,0,48,39626,30108,3,0.0,0.0,0.0,13446.0,16301,1,1,1,1,05438617e1535333cdf976bf8843553e5b85addc,63,63,0,ok,1,157,43,114,0.27388535031847133,48,23,25,0.4791666666666667,109,20,89,0.1834862385321101
HelpingAI/Webscout,2024-06,control,0,,0,,0,0,0,0,0,0,0,0,0,0,0,0,0,0,28,33661,29541,4,0.0,0.0,0.0,16366.0,19842,1,1,1,1,a253e29f8b069a62ce5780563fc5285a9d150a78,60,60,0,ok,1,177,48,129,0.2711864406779661,55,28,27,0.509090909090909,122,20,102,0.16393442622950818
HelpingAI/Webscout,2024-07,control,0,,0,,0,0,0,0,0,0,0,0,0,0,0,0,0,0,25,6255,3572,4,0.0,0.0,0.0,18159.0,21904,1,1,1,1,8f1fa236c636b57605c2d0bcb3e74605a6789796,72,72,0,ok,1,199,43,156,0.21608040201005024,67,22,45,0.3283582089552239,132,21,111,0.1590909090909091
HelpingAI/Webscout,2024-08,control,0,,0,,0,0,0,0,0,0,0,0,0,0,0,0,0,0,26,11907,9444,3,0.0,0.0,0.0,20532.0,24418,1,1,1,1,146ee41132650aac4ee6e171c7f136e47de7312f,95,95,0,ok,1,219,55,164,0.2511415525114155,75,28,47,0.37333333333333335,144,27,117,0.1875
HelpingAI/Webscout,2024-09,control,0,,0,,0,0,0,0,0,0,0,0,0,0,0,0,0,0,11,7452,1465,2,0.0,0.0,0.0,24498.0,29470,1,1,1,1,b2042728b5aa9a57cce3073ad525f0c796c2d62c,121,121,0,ok,1,257,58,199,0.22568093385214008,79,28,51,0.35443037974683544,178,30,148,0.16853932584269662
HelpingAI/Webscout,2024-10,control,0,,0,,0,0,0,0,0,0,0,0,0,0,0,0,0,0,5,7593,5922,2,0.0,1.0,0.0,25011.0,28886,1,1,1,1,84c373137c8baf7bdbc6682ca7ad4d542581a2da,119,119,0,ok,1,262,65,197,0.2480916030534351,82,33,49,0.4024390243902439,180,32,148,0.17777777777777778
HelpingAI/Webscout,2024-11,control,0,,0,,0,0,0,0,0,0,0,0,0,0,0,0,0,0,7,3815,1763,3,22.0,1.0,1.0,26528.0,30547,1,1,1,1,869c452971ae0632e92e356dc01ff0d495c8f215,125,125,0,ok,1,292,81,211,0.2773972602739726,93,40,53,0.43010752688172044,199,41,158,0.20603015075376885
HelpingAI/Webscout,2024-12,control,0,,0,,0,0,0,0,0,0,0,0,0,0,0,0,0,0,48,31110,18549,5,1.0,1.0,31.0,30370.0,37387,1,1,1,1,fb95c558e62402c5fadce0497435cbc6929a844e,193,193,0,ok,1,375,121,254,0.32266666666666666,132,65,67,0.49242424242424243,243,56,187,0.23045267489711935
HelpingAI/Webscout,2025-01,control,0,,0,,0,0,0,0,0,0,0,0,0,0,0,0,0,0,8,4265,5083,1,0.0,0.0,0.0,29732.0,36756,1,1,1,1,7423f6c0925f5eea34ec0895a00576c2fec0f6b3,189,189,0,ok,1,369,119,250,0.3224932249322493,125,61,64,0.488,244,58,186,0.23770491803278687
HelpingAI/Webscout,2025-02,control,0,,0,,0,0,0,0,0,0,0,0,0,0,0,0,0,0,63,7600,3265,4,0.0,0.0,0.0,32938.0,40004,1,1,1,1,4c820e90fdd17cc18aede76e0648000e71ce9a4c,216,216,0,ok,1,398,124,274,0.31155778894472363,124,59,65,0.47580645161290325,274,65,209,0.23722627737226276
HelpingAI/Webscout,2025-03,control,0,,0,,0,0,0,0,0,0,0,0,0,0,0,0,0,0,124,21466,15183,8,0.0,0.0,0.0,36354.0,45165,1,1,1,1,0d6ff18a9799de1f2bbe637431e363e4c49006e7,247,247,0,ok,1,404,111,293,0.2747524752475248,91,38,53,0.4175824175824176,313,73,240,0.23322683706070288
HelpingAI/Webscout,2025-04,control,0,,0,,0,0,0,0,0,0,0,0,0,0,0,0,0,0,124,41560,16333,3,0.0,0.0,0.0,49428.0,61541,1,1,1,1,e37241c7865adb0ad181fb6a1fd42fd7d29a8572,308,308,0,ok,1,631,185,446,0.2931854199683043,159,61,98,0.3836477987421384,472,124,348,0.2627118644067797
HelpingAI/Webscout,2025-05,control,0,,0,,0,0,0,0,0,0,0,0,0,0,0,0,0,0,150,37643,41170,5,0.0,0.0,0.0,53708.0,63040,1,1,1,1,44f4fd7a04771e30dac59705566949b590386208,283,283,0,ok,1,668,210,458,0.3143712574850299,176,73,103,0.4147727272727273,492,137,355,0.2784552845528455
HelpingAI/Webscout,2025-06,control,0,,0,,0,0,0,0,0,0,0,0,0,0,0,0,0,0,90,33159,20428,4,0.0,0.0,0.0,60724.0,70758,1,1,1,1,e3ea673b30db1067ffcd26fd13362697f4ef56f7,304,304,0,ok,1,747,229,518,0.30655957161981257,209,80,129,0.3827751196172249,538,149,389,0.27695167286245354
HelpingAI/Webscout,2025-07,control,0,,0,,0,0,0,0,0,0,0,0,0,0,0,0,0,0,29,7390,5095,1,0.0,0.0,0.0,61500.0,71761,1,1,1,1,3c0f40c7caa64697c58cc209b70672171dd541a9,304,304,0,ok,1,761,240,521,0.31537450722733246,224,89,135,0.39732142857142855,537,151,386,0.2811918063314711
HelpingAI/Webscout,2025-08,control,0,,0,,0,0,0,0,0,0,0,0,0,0,0,0,0,0,41,4792,2786,4,0.0,0.0,0.0,62631.0,73349,1,1,1,1,259c469b1785b81094ce71312991307ad5c14d58,305,305,0,ok,1,772,244,528,0.3160621761658031,226,90,136,0.39823008849557523,546,154,392,0.28205128205128205
IBM/mt-rag-benchmark,2024-12,control,0,,0,,0,0,0,0,0,0,0,0,0,0,0,0,0,0,3,8069,6,2,2.0,0.0,0.0,81.0,81,1,1,1,1,255a13a965fd931051d4067b2321cdad99ece4d2,1,1,0,ok,1,3,2,1,0.6666666666666666,3,2,1,0.6666666666666666,0,0,0,
IBM/mt-rag-benchmark,2025-01,control,0,,0,,0,0,0,0,0,0,0,0,0,0,0,0,0,0,3,21,5,2,17.0,3.0,14.0,81.0,81,1,1,1,1,a12e25a33a76f3461768a1ed8f0be16d8c9340a9,1,1,0,ok,1,3,2,1,0.6666666666666666,3,2,1,0.6666666666666666,0,0,0,
IBM/mt-rag-benchmark,2025-04,control,0,,0,,0,0,0,0,0,0,0,0,0,0,0,0,0,0,1,91,1,1,5.0,2.0,104.0,81.0,81,1,1,1,1,c60072e6cb1b08213c7178ef1364f9958a940e3d,1,1,0,ok,1,3,2,1,0.6666666666666666,3,2,1,0.6666666666666666,0,0,0,
ITSpecialist111/ai_automation_suggester,2024-10,control,0,,0,,0,0,0,0,0,0,0,0,0,0,0,0,0,0,79,8330,7288,1,45.0,22.0,0.0,273.0,244,1,1,1,1,6655ee3ccea170555d9d968db3a1f0c4b761bdda,5,5,0,ok,1,9,1,8,0.1111111111111111,5,1,4,0.2,4,0,4,0.0
ITSpecialist111/ai_automation_suggester,2024-11,control,0,,0,,0,0,0,0,0,0,0,0,0,0,0,0,0,0,18,2557,690,5,114.0,26.0,17.0,1436.0,1450,1,1,1,1,f2e54127e5ea100cd7038be63b5067d7ec9e3203,5,5,0,ok,1,12,0,12,0.0,6,0,6,0.0,6,0,6,0.0
ITSpecialist111/ai_automation_suggester,2024-12,control,0,,0,,0,0,0,0,0,0,0,0,0,0,0,0,0,0,3,707,771,1,33.0,5.0,47.0,1523.0,1525,1,1,1,1,a3a4bbbd2a0f8b15b360891c627b4be2cef2d0db,5,5,0,ok,1,12,0,12,0.0,6,0,6,0.0,6,0,6,0.0
ITSpecialist111/ai_automation_suggester,2025-01,control,0,,0,,0,0,0,0,0,0,0,0,0,0,0,0,0,0,3,92,49,1,22.0,8.0,78.0,1533.0,1535,1,1,1,1,80e4702607a60ea1a7e99dfc49b38e2b6dcc37ed,5,5,0,ok,1,12,0,12,0.0,6,0,6,0.0,6,0,6,0.0
ITSpecialist111/ai_automation_suggester,2025-02,control,0,,0,,0,0,0,0,0,0,0,0,0,0,0,0,0,0,1,1,1,1,12.0,1.0,109.0,1533.0,1535,1,1,1,1,a8af04fb1e696943110ac824705b1cc41cf677e9,5,5,0,ok,1,12,0,12,0.0,6,0,6,0.0,6,0,6,0.0
ITSpecialist111/ai_automation_suggester,2025-03,control,0,,0,,0,0,0,0,0,0,0,0,0,0,0,0,0,0,7,326,475,2,106.0,9.0,137.0,1475.0,1384,1,1,1,1,5dfe854ad555719dfa71d2fecdfe403754fc9832,5,5,0,ok,1,12,0,12,0.0,6,0,6,0.0,6,0,6,0.0
ITSpecialist111/ai_automation_suggester,2025-04,control,0,,0,,0,0,0,0,0,0,0,0,0,0,0,0,0,0,23,3849,3903,5,61.0,27.0,168.0,1341.0,1237,1,1,1,1,b2a018afeec2a56847d31897e1224b6dfccd30c7,5,5,0,ok,1,12,0,12,0.0,6,0,6,0.0,6,0,6,0.0
ITSpecialist111/ai_automation_suggester,2025-05,control,0,,0,,0,0,0,0,0,0,0,0,0,0,0,0,0,0,25,4303,1928,2,35.0,22.0,198.0,1919.0,1845,1,1,1,1,3e11672356d188a604f807609fe99a04fb80bb7b,5,5,0,ok,1,17,0,17,0.0,6,0,6,0.0,11,0,11,0.0
ITSpecialist111/ai_automation_suggester,2025-06,control,0,,0,,0,0,0,0,0,0,0,0,0,0,0,0,0,0,25,5380,1198,2,20.0,9.0,229.0,2070.0,1997,1,1,1,1,f680b185d5d86a7ab56291f7940d2b66541b7f58,5,5,0,ok,1,17,0,17,0.0,6,0,6,0.0,11,0,11,0.0
Jieqianyu/SGN,2024-01,control,0,,0,,0,0,0,0,0,0,0,0,0,0,0,0,0,0,1,40,54,1,2.0,2.0,20.0,6146.0,6807,1,1,1,1,a65798174a839bde9c0d2c72dee3848a67bb05ab,76,76,0,ok,1,173,33,140,0.1907514450867052,114,30,84,0.2631578947368421,59,3,56,0.05084745762711865
Jieqianyu/SGN,2024-09,control,0,,0,,0,0,0,0,0,0,0,0,0,0,0,0,0,0,3,15,2,1,2.0,0.0,264.0,6146.0,6807,1,1,1,1,b519871f45a2751d7e9cf4798c90fbff3e410a51,76,76,0,ok,1,173,33,140,0.1907514450867052,114,30,84,0.2631578947368421,59,3,56,0.05084745762711865
JustinSparrrow/IOOI-EmotionEgg,2025-03,control,0,,0,,0,0,0,0,0,0,0,0,0,0,0,0,0,0,8,2872,2838,3,,,,,0,0,1,0,0,4593f10a974865bf903ca3576ac4b617a693978d,0,0,0,ok,1,0,0,0,,0,0,0,,0,0,0,
JustinSparrrow/IOOI-EmotionEgg,2025-04,control,0,,0,,0,0,0,0,0,0,0,0,0,0,0,0,0,0,35,1050,307,4,,,,,0,0,1,0,0,eb145035b7c60abf42b353ccdc47a3a31a233e82,0,0,0,ok,1,0,0,0,,0,0,0,,0,0,0,
LGro/PyAPSI,2024-04,control,0,,0,,0,0,0,0,0,0,0,0,0,0,0,0,0,0,1,5,0,1,0.0,2.0,719.0,413.0,524,1,1,1,1,c9fab4a6d79da320e3f810b477284cefd1419b7e,9,9,0,ok,1,29,9,20,0.3103448275862069,21,8,13,0.38095238095238093,8,1,7,0.125
LuneMods/KCD2-Blender-Toolkit,2025-02,control,0,,0,,0,0,0,0,0,0,0,0,0,0,0,0,0,0,18,10640,146,2,4.0,2.0,0.0,7495.0,7582,1,1,1,1,9bbb606215b45b26e20f214ef65359d3a0d561f3,19,19,0,ok,1,284,100,184,0.352112676056338,194,98,96,0.5051546391752577,90,2,88,0.022222222222222223
LuneMods/KCD2-Blender-Toolkit,2025-03,control,0,,0,,0,0,0,0,0,0,0,0,0,0,0,0,0,0,18,880,248,2,5.0,1.0,11.0,7632.0,7719,1,1,1,1,c335231561e1327a43f7aac66357232fa83ee545,20,20,0,ok,1,291,103,188,0.3539518900343643,200,101,99,0.505,91,2,89,0.02197802197802198
MIT-Emerging-Talent/ET6-edXtras,2025-02,control,0,,0,,0,0,0,0,0,0,0,0,0,0,0,0,0,0,10,7328,170,3,9.0,0.0,0.0,2964.0,3867,1,1,1,1,ae3c1e35770536349214505cccbfba4bc11d895c,137,137,0,ok,1,163,69,94,0.4233128834355828,157,69,88,0.4394904458598726,6,0,6,0.0
MIT-Emerging-Talent/ET6-edXtras,2025-03,control,0,,0,,0,0,0,0,0,0,0,0,0,0,0,0,0,0,16,4391,507,2,2.0,0.0,24.0,4809.0,5918,1,1,1,1,4bf71d024e75d12903ebfc79157120e477643dac,186,186,0,ok,1,243,94,149,0.3868312757201646,230,92,138,0.4,13,2,11,0.15384615384615385
MIT-Emerging-Talent/ET6-edXtras,2025-04,control,0,,0,,0,0,0,0,0,0,0,0,0,0,0,0,0,0,2,130,1,1,2.0,0.0,55.0,4809.0,5918,1,1,1,1,298895297e3070065b1d3a8f8b0ad1e0b80e2dfa,186,186,0,ok,1,243,94,149,0.3868312757201646,230,92,138,0.4,13,2,11,0.15384615384615385
Makopolo/megascan_houdini20.0_USD_plugin,2024-04,control,0,,0,,0,0,0,0,0,0,0,0,0,0,0,0,0,0,24,6951,3246,1,0.0,0.0,0.0,2496.0,2492,1,1,1,1,51c95912cbed07c846baba016831fcec1978d6ce,24,24,0,ok,1,50,11,39,0.22,24,8,16,0.3333333333333333,26,3,23,0.11538461538461539
Makopolo/megascan_houdini20.0_USD_plugin,2024-06,control,0,,0,,0,0,0,0,0,0,0,0,0,0,0,0,0,0,5,227,226,1,2.0,1.0,49.0,2495.0,2491,1,1,1,1,9ea78b3706bd91ffc45b5d286e05d9d48caefd27,24,24,0,ok,1,50,11,39,0.22,24,8,16,0.3333333333333333,26,3,23,0.11538461538461539
Makopolo/megascan_houdini20.0_USD_plugin,2024-07,control,0,,0,,0,0,0,0,0,0,0,0,0,0,0,0,0,0,2,3,1,1,1.0,0.0,79.0,2497.0,2493,1,1,1,1,8136e2577c68bb305b707dba182a17b247d1f842,24,24,0,ok,1,50,11,39,0.22,24,8,16,0.3333333333333333,26,3,23,0.11538461538461539
MalevichAI/malevich,2024-01,control,0,,0,,0,0,0,0,0,0,0,0,0,0,0,0,0,0,100,27291,12327,6,4.0,0.0,102.0,7434.0,8887,1,1,1,1,63716964c10436377f3ac5e6413ce729bd48fe73,134,134,0,ok,1,212,51,161,0.24056603773584906,120,30,90,0.25,92,21,71,0.22826086956521738
MalevichAI/malevich,2024-02,control,0,,0,,0,0,0,0,0,0,0,0,0,0,0,0,0,0,50,21435,7412,4,23.0,0.0,133.0,8265.0,9829,1,1,1,1,8d00a09bdea9ad1093cd060c310fc3c8d88fbc93,143,143,0,ok,1,228,55,173,0.2412280701754386,129,32,97,0.24806201550387597,99,23,76,0.23232323232323232
MalevichAI/malevich,2024-03,control,0,,0,,0,0,0,0,0,0,0,0,0,0,0,0,0,0,120,19771,7360,4,26.0,0.0,162.0,10357.0,11974,1,1,1,1,fa65da712ea11d1a3573737dc4356ca5050928d3,175,175,0,ok,1,291,67,224,0.23024054982817868,157,35,122,0.2229299363057325,134,32,102,0.23880597014925373
MalevichAI/malevich,2024-04,control,0,,0,,0,0,0,0,0,0,0,0,0,0,0,0,0,0,63,9324,4376,4,1.0,0.0,193.0,10640.0,12127,1,1,1,1,64bf75a1e73d6975b39e06dcbec1c88e4e875218,175,175,0,ok,1,282,70,212,0.24822695035460993,148,36,112,0.24324324324324326,134,34,100,0.2537313432835821
MalevichAI/malevich,2024-05,control,0,,0,,0,0,0,0,0,0,0,0,0,0,0,0,0,0,11,528,244,2,1.0,0.0,223.0,10689.0,12178,1,1,1,1,f4ab75e0e691308c1dadbcec259d0e6a2b820da8,177,177,0,ok,1,284,71,213,0.25,149,36,113,0.24161073825503357,135,35,100,0.25925925925925924
MalevichAI/malevich,2024-06,control,0,,0,,0,0,0,0,0,0,0,0,0,0,0,0,0,0,116,9163,2932,3,1.0,0.0,254.0,12634.0,14384,1,1,1,1,4a6051c717fabc9321c4f5abc8b9d024a4a0255d,195,195,0,ok,1,332,86,246,0.25903614457831325,174,46,128,0.26436781609195403,158,40,118,0.25316455696202533
MalevichAI/malevich,2024-07,control,0,,0,,0,0,0,0,0,0,0,0,0,0,0,0,0,0,43,23707,10428,5,0.0,0.0,284.0,14019.0,16164,1,1,1,1,13324dbffc516f909d4d880974c49c261f29e2ad,203,203,0,ok,1,411,102,309,0.24817518248175183,210,39,171,0.18571428571428572,201,63,138,0.31343283582089554
MalevichAI/malevich,2024-08,control,0,,0,,0,0,0,0,0,0,0,0,0,0,0,0,0,0,21,4076,968,4,2.0,0.0,315.0,14115.0,15701,1,1,1,1,b14b7869cf9cf411357168cf062b5c0539aeaa2c,220,220,0,ok,1,370,86,284,0.23243243243243245,198,42,156,0.21212121212121213,172,44,128,0.2558139534883721
MalevichAI/malevich,2024-09,control,0,,0,,0,0,0,0,0,0,0,0,0,0,0,0,0,0,11,5676,1336,3,0.0,0.0,346.0,14970.0,16529,1,1,1,1,e5326dda025f274046cbc18492e7c358fc334c9a,243,243,0,ok,1,398,92,306,0.23115577889447236,206,42,164,0.20388349514563106,192,50,142,0.2604166666666667
MalevichAI/malevich,2024-10,control,0,,0,,0,0,0,0,0,0,0,0,0,0,0,0,0,0,4,4172,22,1,0.0,0.0,376.0,15058.0,16617,1,1,1,1,c0f8f29bf6ef0806c596d44e5dc12732be371dd7,243,243,0,ok,1,399,92,307,0.23057644110275688,206,42,164,0.20388349514563106,193,50,143,0.25906735751295334
MalevichAI/malevich,2024-11,control,0,,0,,0,0,0,0,0,0,0,0,0,0,0,0,0,0,10,12151,2574,2,0.0,0.0,407.0,15058.0,16617,1,1,1,1,18e8b19a7506c7b51453be5726f3ad733279f7fe,243,243,0,ok,1,399,92,307,0.23057644110275688,206,42,164,0.20388349514563106,193,50,143,0.25906735751295334
MingSun-Tse/LightAvatar-TensorFlow,2024-09,control,0,,0,,0,0,0,0,0,0,0,0,0,0,0,0,0,0,9,5466,5450,1,13.0,1.0,0.0,1566.0,1468,1,1,1,1,d2bb41c27f14024821c7819d5f958c3ee4adb9d4,2,2,0,ok,1,14,6,8,0.42857142857142855,7,6,1,0.8571428571428571,7,0,7,0.0
MingSun-Tse/LightAvatar-TensorFlow,2024-10,control,0,,0,,0,0,0,0,0,0,0,0,0,0,0,0,0,0,2,1129,2,1,6.0,1.0,4.0,2147.0,2233,1,1,1,1,19865a5adcb07c7dd9edd981ff0fe6335edaca62,3,3,0,ok,1,25,12,13,0.48,13,12,1,0.9230769230769231,12,0,12,0.0
MingSun-Tse/LightAvatar-TensorFlow,2024-11,control,0,,0,,0,0,0,0,0,0,0,0,0,0,0,0,0,0,1,1,1,1,5.0,0.0,35.0,2147.0,2233,1,1,1,1,3994bf5aa77460a57e943805ace5ca2d2d0b287f,3,3,0,ok,1,25,12,13,0.48,13,12,1,0.9230769230769231,12,0,12,0.0
MrTimonM/Arichain-Bot,2025-01,control,0,,0,,0,0,0,0,0,0,0,0,0,0,0,0,0,0,10,341,30,1,6.0,2.0,0.0,186.0,186,1,1,1,1,cafdbd057dca6e6a29a6079472ea502b67e6a9af,1,1,0,ok,1,7,2,5,0.2857142857142857,7,2,5,0.2857142857142857,0,0,0,
NVIDIA/cuEquivariance,2024-11,control,0,,0,,0,0,0,0,0,0,0,0,0,0,0,0,0,0,4,105,37,2,114.0,10.0,0.0,10362.0,12427,1,1,1,1,f4b52be1a6b7e4666978a6a8499a21e5ee29ecd6,104,104,0,ok,1,325,39,286,0.12,269,31,238,0.11524163568773234,56,8,48,0.14285714285714285
NVIDIA/cuEquivariance,2024-12,control,0,,0,,0,0,0,0,0,0,0,0,0,0,0,0,0,0,8,3217,2067,2,28.0,13.0,12.0,10997.0,13195,1,1,1,1,163f5f15fbe422cd37bf57923d89761ac8f45185,110,110,0,ok,1,364,56,308,0.15384615384615385,290,38,252,0.1310344827586207,74,18,56,0.24324324324324326
NVIDIA/cuEquivariance,2025-01,control,0,,0,,0,0,0,0,0,0,0,0,0,0,0,0,0,0,17,1818,1178,2,24.0,3.0,43.0,11414.0,13621,1,1,1,1,07e715cf2762e67fb2a0fbc109a5d24a94fc5117,112,112,0,ok,1,377,57,320,0.15119363395225463,302,39,263,0.1291390728476821,75,18,57,0.24
NVIDIA/cuEquivariance,2025-02,control,0,,0,,0,0,0,0,0,0,0,0,0,0,0,0,0,0,16,1780,1855,1,12.0,1.0,74.0,11515.0,13774,1,1,1,1,f5a67a583e60162fb1db47d954c916c845ad4d2f,111,111,0,ok,1,372,53,319,0.1424731182795699,300,38,262,0.12666666666666668,72,15,57,0.20833333333333334
NVIDIA/cuEquivariance,2025-03,control,0,,0,,0,0,0,0,0,0,0,0,0,0,0,0,0,0,10,3870,1747,2,13.0,4.0,102.0,11515.0,13774,1,1,1,1,cd297d02978484ce75135f9104f0015f3f598159,111,111,0,ok,1,372,53,319,0.1424731182795699,300,38,262,0.12666666666666668,72,15,57,0.20833333333333334
NVIDIA/cuEquivariance,2025-04,control,0,,0,,0,0,0,0,0,0,0,0,0,0,0,0,0,0,13,3087,1324,2,8.0,3.0,133.0,13960.0,16748,1,1,1,1,63765206185021ff123b68ffaa3f37053ec68906,119,119,0,ok,1,441,58,383,0.13151927437641722,361,43,318,0.11911357340720222,80,15,65,0.1875
NVIDIA/cuEquivariance,2025-05,control,0,,0,,0,0,0,0,0,0,0,0,0,0,0,0,0,0,3,945,32,1,4.0,3.0,163.0,14619.0,17478,1,1,1,1,6a78b3f56d1ea7387465b152c12ed09e083cc4b9,123,123,0,ok,1,454,59,395,0.1299559471365639,371,43,328,0.11590296495956873,83,16,67,0.1927710843373494
NVIDIA/cuEquivariance,2025-06,control,0,,0,,0,0,0,0,0,0,0,0,0,0,0,0,0,0,3,372,27,2,23.0,4.0,194.0,14698.0,17698,1,1,1,1,9cc03d657ce7124cd7998d2c66f6901783f29979,124,124,0,ok,1,456,59,397,0.12938596491228072,373,43,330,0.11528150134048257,83,16,67,0.1927710843373494
NVIDIA/cuEquivariance,2025-07,control,0,,0,,0,0,0,0,0,0,0,0,0,0,0,0,0,0,14,8737,1645,2,14.0,7.0,224.0,19156.0,22661,1,1,1,1,5fbf607f5361e40352d0f9b49ed60260a48ad91c,144,144,0,ok,1,558,66,492,0.11827956989247312,458,49,409,0.10698689956331878,100,17,83,0.17
NVIDIA/cuEquivariance,2025-08,control,0,,0,,0,0,0,0,0,0,0,0,0,0,0,0,0,0,13,2722,1351,3,11.0,9.0,255.0,19894.0,23586,1,1,1,1,5942dd5c8783949e83c462f012060bb767c6154e,147,147,0,ok,1,576,67,509,0.11631944444444445,476,50,426,0.10504201680672269,100,17,83,0.17
NiceRingNode/LGGPT,2025-01,control,0,,0,,0,0,0,0,0,0,0,0,0,0,0,0,0,0,1,0,0,1,0.0,0.0,0.0,,0,1,1,0,0,ee2d46bb8d20bd894f56c7db278640f524d8068a,0,0,0,ok,1,0,0,0,,0,0,0,,0,0,0,
NiceRingNode/LGGPT,2025-02,control,0,,0,,0,0,0,0,0,0,0,0,0,0,0,0,0,0,8,2584,21,2,7.0,3.0,10.0,1878.0,1904,1,1,1,1,338bbb4dcd894e5f7111e9ea141f16d1e7af7249,14,14,0,ok,1,52,9,43,0.17307692307692307,43,7,36,0.16279069767441862,9,2,7,0.2222222222222222
NiceRingNode/LGGPT,2025-03,control,0,,0,,0,0,0,0,0,0,0,0,0,0,0,0,0,0,3,9,2,1,9.0,0.0,38.0,1878.0,1904,1,1,1,1,df47d02d98a642ad71b559b599bdae41893b248d,14,14,0,ok,1,52,9,43,0.17307692307692307,43,7,36,0.16279069767441862,9,2,7,0.2222222222222222
NiceRingNode/LGGPT,2025-06,control,0,,0,,0,0,0,0,0,0,0,0,0,0,0,0,0,0,2,17,2,1,59.0,0.0,130.0,1878.0,1904,1,1,1,1,16ea2d98f990a675ec0473fe5c85beeddf9552d5,14,14,0,ok,1,52,9,43,0.17307692307692307,43,7,36,0.16279069767441862,9,2,7,0.2222222222222222
NiceRingNode/LGGPT,2025-08,control,0,,0,,0,0,0,0,0,0,0,0,0,0,0,0,0,0,2,3,2,1,6.0,0.0,191.0,1878.0,1904,1,1,1,1,ce5d480380c407d687cb5bab0701cb1c33fe4238,14,14,0,ok,1,52,9,43,0.17307692307692307,43,7,36,0.16279069767441862,9,2,7,0.2222222222222222
OSU-NLP-Group/HippoRAG,2024-05,control,0,,0,,0,0,0,0,0,0,0,0,0,0,0,0,0,0,15,1153,1105,3,225.0,0.0,0.0,3039.0,3127,1,1,1,1,9b784993c54e63a3d9610ba322a864e8bddd04a6,25,25,0,ok,1,69,20,49,0.2898550724637681,60,17,43,0.2833333333333333,9,3,6,0.3333333333333333
OSU-NLP-Group/HippoRAG,2024-06,control,0,,0,,0,0,0,0,0,0,0,0,0,0,0,0,0,0,48,2740,1468,2,405.0,14.0,8.0,3490.0,3646,1,1,1,1,cfbe01eef0766757a5d329216245d254d96f4ca7,36,36,0,ok,1,84,23,61,0.27380952380952384,71,18,53,0.2535211267605634,13,5,8,0.38461538461538464
OSU-NLP-Group/HippoRAG,2024-07,control,0,,0,,0,0,0,0,0,0,0,0,0,0,0,0,0,0,20,80,34,5,401.0,26.0,38.0,3502.0,3658,1,1,1,1,5ddedf0f516c7bbed777ba54da680c8bb8fb8f84,36,36,0,ok,1,84,23,61,0.27380952380952384,71,18,53,0.2535211267605634,13,5,8,0.38461538461538464
OSU-NLP-Group/HippoRAG,2025-01,control,0,,0,,0,0,0,0,0,0,0,0,0,0,0,0,0,0,1,3,3,1,43.0,0.0,222.0,3502.0,3658,1,1,1,1,b04488d54c4c325dcbdfff6013c7e1ba117874fa,36,36,0,ok,1,84,23,61,0.27380952380952384,71,18,53,0.2535211267605634,13,5,8,0.38461538461538464
OSU-NLP-Group/HippoRAG,2025-02,control,0,,0,,0,0,0,0,0,0,0,0,0,0,0,0,0,0,4,114931,313897,4,141.0,6.0,253.0,2789.0,3447,1,1,1,1,7fd48f3734c664d1ec69be65413b9dde4af44bf3,43,43,0,ok,1,61,13,48,0.21311475409836064,32,8,24,0.25,29,5,24,0.1724137931034483
OSU-NLP-Group/HippoRAG,2025-03,control,0,,0,,0,0,0,0,0,0,0,0,0,0,0,0,0,0,15,963,101,7,409.0,48.0,281.0,2883.0,3564,1,1,1,1,e455c5d67f2b3e59b7940382e5556e303cccf55b,44,44,0,ok,1,62,14,48,0.22580645161290322,32,8,24,0.25,30,6,24,0.2
OSU-NLP-Group/HippoRAG,2025-04,control,0,,0,,0,0,0,0,0,0,0,0,0,0,0,0,0,0,13,3451,359,5,157.0,31.0,312.0,3991.0,4879,1,1,1,1,c0a8b6e27f340d7703d83c48c671d2cb5223d712,53,53,0,ok,1,76,15,61,0.19736842105263158,45,9,36,0.2,31,6,25,0.1935483870967742
OSU-NLP-Group/HippoRAG,2025-05,control,0,,0,,0,0,0,0,0,0,0,0,0,0,0,0,0,0,1,1,1,1,83.0,6.0,342.0,4062.0,4879,1,1,1,1,19bb2e434f470440f100a1dad0341f15849641e2,53,53,0,ok,1,76,15,61,0.19736842105263158,45,9,36,0.2,31,6,25,0.1935483870967742
OSU-NLP-Group/HippoRAG,2025-06,control,0,,0,,0,0,0,0,0,0,0,0,0,0,0,0,0,0,4,555,10,3,78.0,7.0,373.0,4274.0,5099,1,1,1,1,242abfbefa03d6fce7a5c107e10ec24f22945b1f,56,56,0,ok,1,80,15,65,0.1875,46,9,37,0.1956521739130435,34,6,28,0.17647058823529413
OSU-NLP-Group/HippoRAG,2025-07,control,0,,0,,0,0,0,0,0,0,0,0,0,0,0,0,0,0,1,176,0,1,71.0,9.0,403.0,4396.0,5224,1,1,1,1,5f7ffa7ffaf9ed2d7b963826c61edc356516bdae,57,57,0,ok,1,83,16,67,0.1927710843373494,48,10,38,0.20833333333333334,35,6,29,0.17142857142857143
OSU-NLP-Group/HippoRAG,2025-08,control,0,,0,,0,0,0,0,0,0,0,0,0,0,0,0,0,0,17,592,153,2,71.0,3.0,434.0,4703.0,5608,1,1,1,1,e0452e323bfcf5e2eb755ec45c1a597ec843a578,62,62,0,ok,1,96,19,77,0.19791666666666666,51,10,41,0.19607843137254902,45,9,36,0.2
PennyLaneAI/catalyst,2024-01,control,0,,0,,0,0,0,0,0,0,0,0,0,0,0,0,0,0,41,4559,2441,12,5.0,26.0,305.0,20338.0,22287,1,1,1,1,96a8d1eb8531937461a9449da5af3354a7322675,111,111,0,ok,1,797,119,678,0.1493099121706399,628,100,528,0.1592356687898089,169,19,150,0.11242603550295859
PennyLaneAI/catalyst,2024-02,control,0,,0,,0,0,0,0,0,0,0,0,0,0,0,0,0,0,50,12282,3685,11,10.0,24.0,336.0,23118.0,25712,1,1,1,1,2689a354b64ab9e15859dc3155414b1e0f28b127,124,124,0,ok,1,931,154,777,0.16541353383458646,733,129,604,0.17598908594815826,198,25,173,0.12626262626262627
PennyLaneAI/catalyst,2024-03,control,0,,0,,0,0,0,0,0,0,0,0,0,0,0,0,0,0,32,8011,1904,8,3.0,14.0,365.0,24939.0,27792,1,1,1,1,72698d8120bd691e7c197bb7c852e1228a261db4,137,137,0,ok,1,1006,161,845,0.16003976143141152,797,137,660,0.17189460476787954,209,24,185,0.11483253588516747
PennyLaneAI/catalyst,2024-04,control,0,,0,,0,0,0,0,0,0,0,0,0,0,0,0,0,0,51,6796,4820,12,5.0,4.0,396.0,25689.0,28770,1,1,1,1,bd4766f85314aa110a202991d38338ac969fc846,150,150,0,ok,1,1049,171,878,0.16301239275500476,836,145,691,0.173444976076555,213,26,187,0.12206572769953052
PennyLaneAI/catalyst,2024-05,control,0,,0,,0,0,0,0,0,0,0,0,0,0,0,0,0,0,43,6133,2595,10,3.0,23.0,426.0,26755.0,30327,1,1,1,1,de712cfd803d1a535a009a4a7edb38c898c7aa54,156,156,0,ok,1,1091,184,907,0.1686526122823098,857,156,701,0.18203033838973162,234,28,206,0.11965811965811966
PennyLaneAI/catalyst,2024-06,control,0,,0,,0,0,0,0,0,0,0,0,0,0,0,0,0,0,50,15200,3695,15,2.0,49.0,457.0,32369.0,36756,1,1,1,1,48948061e2d6a9d4ef1fbceb9f0503d2848958fd,159,159,0,ok,1,1233,204,1029,0.1654501216545012,951,172,779,0.1808622502628812,282,32,250,0.11347517730496454
PennyLaneAI/catalyst,2024-07,control,0,,0,,0,0,0,0,0,0,0,0,0,0,0,0,0,0,52,7318,2245,15,9.0,41.0,487.0,34112.0,38382,1,1,1,1,9f8c66353f0240787a394ac725e7ffd239f5a448,165,165,0,ok,1,1269,213,1056,0.16784869976359337,975,179,796,0.1835897435897436,294,34,260,0.11564625850340136
PennyLaneAI/catalyst,2024-08,control,0,,0,,0,0,0,0,0,0,0,0,0,0,0,0,0,0,84,12218,6746,17,11.0,33.0,518.0,36224.0,40995,1,1,1,1,00e67fd1a70931be2b7175bd200269561d6ec6f7,175,175,0,ok,1,1352,231,1121,0.17085798816568049,1043,195,848,0.186960690316395,309,36,273,0.11650485436893204
PennyLaneAI/catalyst,2024-09,control,0,,0,,0,0,0,0,0,0,0,0,0,0,0,0,0,0,78,10408,2546,15,5.0,36.0,549.0,37949.0,43313,1,1,1,1,50635c76e940677a89e4055307c9eb1083a36600,184,184,0,ok,1,1393,233,1160,0.167264895908112,1063,195,868,0.18344308560677328,330,38,292,0.11515151515151516
PennyLaneAI/catalyst,2024-10,control,0,,0,,0,0,0,0,0,0,0,0,0,0,0,0,0,0,63,7716,1992,12,8.0,15.0,579.0,38400.0,43872,1,1,1,1,0e1c24d7ef626f18800978df9cd34e5177da042d,188,188,0,ok,1,1421,238,1183,0.16748768472906403,1091,199,892,0.18240146654445463,330,39,291,0.11818181818181818
PennyLaneAI/catalyst,2024-11,control,0,,0,,0,0,0,0,0,0,0,0,0,0,0,0,0,0,67,6427,12808,15,6.0,17.0,610.0,39016.0,44622,1,1,1,1,61c06b1ba294325392f65f93ab7b9292e9fe1800,186,186,0,ok,1,1457,232,1225,0.15923129718599863,1116,194,922,0.17383512544802868,341,38,303,0.11143695014662756
PennyLaneAI/catalyst,2024-12,control,0,,0,,0,0,0,0,0,0,0,0,0,0,0,0,0,0,70,11050,2866,11,7.0,5.0,640.0,40016.0,45919,1,1,1,1,4ab437d35491088597bb6f2e4261bab3c3cedc2b,197,197,0,ok,1,1492,236,1256,0.1581769436997319,1139,198,941,0.17383669885864794,353,38,315,0.10764872521246459
PennyLaneAI/catalyst,2025-01,control,0,,0,,0,0,0,0,0,0,0,0,0,0,0,0,0,0,65,2950,3345,14,2.0,14.0,671.0,39677.0,45615,1,1,1,1,d7391b2a18820e80af59095204f668f1758e2278,198,198,0,ok,1,1486,229,1257,0.1541049798115747,1141,192,949,0.16827344434706398,345,37,308,0.1072463768115942
PennyLaneAI/catalyst,2025-02,control,0,,0,,0,0,0,0,0,0,0,0,0,0,0,0,0,0,56,8530,1863,10,3.0,19.0,702.0,40151.0,46149,1,1,1,1,f4f4105451484b80b4fb3f71dc41ff395c188cce,202,202,0,ok,1,1496,229,1267,0.15307486631016043,1145,192,953,0.16768558951965065,351,37,314,0.10541310541310542
PennyLaneAI/catalyst,2025-03,control,0,,0,,0,0,0,0,0,0,0,0,0,0,0,0,0,0,52,7481,2122,12,3.0,6.0,730.0,41010.0,47296,1,1,1,1,d5329df09ed618392f858c17160e1d7833a2588c,204,204,0,ok,1,1541,241,1300,0.1563919532770928,1185,205,980,0.1729957805907173,356,36,320,0.10112359550561797
PennyLaneAI/catalyst,2025-04,control,0,,0,,0,0,0,0,0,0,0,0,0,0,0,0,0,0,66,6365,2626,15,3.0,43.0,761.0,42048.0,48486,1,1,1,1,6b142ed845381abc56f14054aa2abaec7e34b6c7,204,204,0,ok,1,1571,244,1327,0.15531508593252705,1214,207,1007,0.17051070840197693,357,37,320,0.10364145658263306
PennyLaneAI/catalyst,2025-05,control,0,,0,,0,0,0,0,0,0,0,0,0,0,0,0,0,0,72,8670,4002,12,4.0,22.0,791.0,43141.0,49939,1,1,1,1,06db0834814629bbac4bea9188101898cc4b0a91,211,211,0,ok,1,1620,250,1370,0.15432098765432098,1261,213,1048,0.168913560666138,359,37,322,0.10306406685236769
PennyLaneAI/catalyst,2025-06,control,0,,0,,0,0,0,0,0,0,0,0,0,0,0,0,0,0,54,7297,1574,9,1.0,6.0,822.0,44274.0,51535,1,1,1,1,f43af48a983a734ca863a04362b99176d506bcb8,220,220,0,ok,1,1671,251,1420,0.15020945541591862,1304,213,1091,0.1633435582822086,367,38,329,0.10354223433242507
PennyLaneAI/catalyst,2025-07,control,0,,0,,0,0,0,0,0,0,0,0,0,0,0,0,0,0,83,6825,2792,14,4.0,23.0,852.0,45560.0,53193,1,1,1,1,4f4b01a142d5224279c4d0fcd6b944fcc80b343b,227,227,0,ok,1,1711,253,1458,0.1478667445938048,1337,215,1122,0.16080777860882572,374,38,336,0.10160427807486631
PennyLaneAI/catalyst,2025-08,control,0,,0,,0,0,0,0,0,0,0,0,0,0,0,0,0,0,60,9744,2156,17,6.0,5.0,883.0,46368.0,54020,1,1,1,1,0150699ff9adda89142bf65e2600619d61f6d55a,227,227,0,ok,1,1740,259,1481,0.14885057471264368,1365,221,1144,0.1619047619047619,375,38,337,0.10133333333333333
PhilNad/robot-arm-kinematic-calibration,2024-07,control,0,,0,,0,0,0,0,0,0,0,0,0,0,0,0,0,0,5,1273,351,2,0.0,0.0,0.0,374.0,552,1,1,1,1,671867f97e17625062bf0eab24d1381369e59ea7,5,5,0,ok,1,3,0,3,0.0,1,0,1,0.0,2,0,2,0.0
PhilNad/robot-arm-kinematic-calibration,2024-08,control,0,,0,,0,0,0,0,0,0,0,0,0,0,0,0,0,0,2,169,94,1,1.0,0.0,0.0,386.0,584,1,1,1,1,6e0292a27caedfd3a205502115d243868fafc00d,5,5,0,ok,1,3,0,3,0.0,1,0,1,0.0,2,0,2,0.0
PhilNad/robot-arm-kinematic-calibration,2025-01,control,0,,0,,0,0,0,0,0,0,0,0,0,0,0,0,0,0,1,10,8,1,0.0,1.0,122.0,384.0,582,1,1,1,1,2ff9410285bb9cc5ae3fb2f4bfa716df4714ef82,5,5,0,ok,1,3,0,3,0.0,1,0,1,0.0,2,0,2,0.0
PhilNad/robot-arm-kinematic-calibration,2025-03,control,0,,0,,0,0,0,0,0,0,0,0,0,0,0,0,0,0,4,1454,874,1,8.0,0.0,181.0,567.0,779,1,1,1,1,0f26b06be69ce3d41d97d259aef577831d7fc741,7,7,0,ok,1,2,0,2,0.0,0,0,0,,2,0,2,0.0
PiotrMachowski/Home-Assistant-custom-components-TGE,2024-08,control,0,,0,,0,0,0,0,0,0,0,0,0,0,0,0,0,0,3,334,165,1,3.0,5.0,0.0,472.0,481,1,1,1,1,b41e7abb05f44358d79a837ad75bd52c5111cf30,7,7,0,ok,1,19,5,14,0.2631578947368421,5,1,4,0.2,14,4,10,0.2857142857142857
PiotrMachowski/Home-Assistant-custom-components-TGE,2024-10,control,0,,0,,0,0,0,0,0,0,0,0,0,0,0,0,0,0,2,245,45,2,1.0,0.0,34.0,611.0,619,1,1,1,1,491258091d67efcaabb8a07b243761d431720f19,7,7,0,ok,1,19,6,13,0.3157894736842105,5,1,4,0.2,14,5,9,0.35714285714285715
PiotrMachowski/Home-Assistant-custom-components-TGE,2024-11,control,0,,0,,0,0,0,0,0,0,0,0,0,0,0,0,0,0,3,69,9,2,1.0,2.0,65.0,619.0,627,1,1,1,1,d4c725c5d719a446ed11b0ad1e33a6776980aa68,7,7,0,ok,1,19,7,12,0.3684210526315789,5,1,4,0.2,14,6,8,0.42857142857142855
PiotrMachowski/Home-Assistant-custom-components-TGE,2024-12,control,0,,0,,0,0,0,0,0,0,0,0,0,0,0,0,0,0,2,27,14,1,2.0,5.0,95.0,619.0,627,1,1,1,1,406613917b744b0432f8fdaa6e366e1861e7b973,7,7,0,ok,1,19,7,12,0.3684210526315789,5,1,4,0.2,14,6,8,0.42857142857142855
PiotrMachowski/Home-Assistant-custom-components-TGE,2025-01,control,0,,0,,0,0,0,0,0,0,0,0,0,0,0,0,0,0,3,36,19,1,3.0,1.0,126.0,633.0,641,1,1,1,1,113a30a33770fc1166a276de61a9dd6d08fcebb2,7,7,0,ok,1,20,8,12,0.4,5,1,4,0.2,15,7,8,0.4666666666666667
PiotrMachowski/Home-Assistant-custom-components-TGE,2025-04,control,0,,0,,0,0,0,0,0,0,0,0,0,0,0,0,0,0,3,6,10,2,1.0,6.0,216.0,633.0,641,1,1,1,1,2f4f5562fdac037052a12d34976b1b2bcf691a6f,7,7,0,ok,1,20,8,12,0.4,5,1,4,0.2,15,7,8,0.4666666666666667
PiotrMachowski/Home-Assistant-custom-components-TGE,2025-08,control,0,,0,,0,0,0,0,0,0,0,0,0,0,0,0,0,0,2,15,4,1,1.0,1.0,338.0,644.0,652,1,1,1,1,b6b8f353c03bd5af9d5de6b9c78f1285a8767f45,7,7,0,ok,1,20,8,12,0.4,5,1,4,0.2,15,7,8,0.4666666666666667
PromtEngineer/localGPT,2024-01,control,0,,0,,0,0,0,0,0,0,0,0,0,0,0,0,0,0,9,231,107,6,435.0,18.0,221.0,41654.0,992,1,1,1,1,1fca83aff1ebdc1ecb1fd057c7466753a7737bc6,10,10,0,ok,1,23,1,22,0.043478260869565216,23,1,22,0.043478260869565216,0,0,0,
PromtEngineer/localGPT,2024-02,control,0,,0,,0,0,0,0,0,0,0,0,0,0,0,0,0,0,13,469,328,5,362.0,24.0,252.0,41676.0,1028,1,1,1,1,e997a8a09545b655990dea641b548aeac9abcca5,10,10,0,ok,1,24,2,22,0.08333333333333333,24,2,22,0.08333333333333333,0,0,0,
PromtEngineer/localGPT,2024-05,control,0,,0,,0,0,0,0,0,0,0,0,0,0,0,0,0,0,4,121,24,2,250.0,12.0,342.0,41697.0,1049,1,1,1,1,a1dea3becb8b1ae28a87369b1636c4c4a4501c27,10,10,0,ok,1,24,2,22,0.08333333333333333,24,2,22,0.08333333333333333,0,0,0,
PromtEngineer/localGPT,2024-08,control,0,,0,,0,0,0,0,0,0,0,0,0,0,0,0,0,0,1,1,0,1,110.0,1.0,434.0,41697.0,1049,1,1,1,1,b4322d4805a4712033021fa2eb64c296f2c94220,10,10,0,ok,1,24,2,22,0.08333333333333333,24,2,22,0.08333333333333333,0,0,0,
PromtEngineer/localGPT,2024-09,control,0,,0,,0,0,0,0,0,0,0,0,0,0,0,0,0,0,1,1,0,1,197.0,3.0,465.0,41697.0,1049,1,1,1,1,b654a59976053b5cbb55cdc5de26058309007f3f,10,10,0,ok,1,24,2,22,0.08333333333333333,24,2,22,0.08333333333333333,0,0,0,
PromtEngineer/localGPT,2024-10,control,0,,0,,0,0,0,0,0,0,0,0,0,0,0,0,0,0,20,1250,747,4,134.0,3.0,495.0,41851.0,1222,1,1,1,1,c3620d972b020cafc5fef0604566577d75894d00,12,12,0,ok,1,30,4,26,0.13333333333333333,29,4,25,0.13793103448275862,1,0,1,0.0
PromtEngineer/localGPT,2024-11,control,0,,0,,0,0,0,0,0,0,0,0,0,0,0,0,0,0,2,4,1,1,100.0,3.0,526.0,41851.0,1222,1,1,1,1,732c57d32698901b1d64ee120b98aa2de5e2536b,12,12,0,ok,1,30,4,26,0.13333333333333333,29,4,25,0.13793103448275862,1,0,1,0.0
PromtEngineer/localGPT,2025-02,control,0,,0,,0,0,0,0,0,0,0,0,0,0,0,0,0,0,1,1,1,1,87.0,0.0,618.0,41851.0,1222,1,1,1,1,deb7369fc37e4315d76735cafe7ddd0a509e1432,12,12,0,ok,1,30,4,26,0.13333333333333333,29,4,25,0.13793103448275862,1,0,1,0.0
PromtEngineer/localGPT,2025-03,control,0,,0,,0,0,0,0,0,0,0,0,0,0,0,0,0,0,1,1,1,1,101.0,0.0,646.0,41851.0,1222,1,1,1,1,4e0d9e75e9340fbd9d8f7d75cfdb7c5c9fbb0df4,12,12,0,ok,1,30,4,26,0.13333333333333333,29,4,25,0.13793103448275862,1,0,1,0.0
PromtEngineer/localGPT,2025-07,control,0,,0,,0,0,0,0,0,0,0,0,0,0,0,0,0,0,37,66568,247930,2,590.0,267.0,768.0,12420.0,7676,1,1,1,1,47e59d29fc39b495aa7c5db0bc7b24a2d50eac31,43,43,0,ok,1,97,12,85,0.12371134020618557,52,8,44,0.15384615384615385,45,4,41,0.08888888888888889
R0uter/ss.conf-for-surge,2024-07,control,0,,0,,0,0,0,0,0,0,0,0,0,0,0,0,0,0,5,260,52,3,0.0,0.0,3162.0,231.0,207,1,1,1,1,d9469ef5b524d25b6a93c130fad76a5f721b8656,2,2,0,ok,1,10,1,9,0.1,10,1,9,0.1,0,0,0,
Retmon403/cs2_cheats_for_python,2024-02,control,0,,0,,0,0,0,0,0,0,0,0,0,0,0,0,0,0,45,19335,19329,1,3.0,4.0,55.0,4235.0,4240,1,1,1,1,777c1af08b2489f91e735a93fca2cf4f0f0e0b10,12,12,0,ok,1,285,94,191,0.3298245614035088,4,1,3,0.25,281,93,188,0.3309608540925267
Retmon403/cs2_cheats_for_python,2024-03,control,0,,0,,0,0,0,0,0,0,0,0,0,0,0,0,0,0,1,20,16,1,4.0,2.0,84.0,4239.0,4243,1,1,1,1,da0af66b555ac0c0dc0811d1f4d9abd24d9b6dc3,12,12,0,ok,1,285,94,191,0.3298245614035088,4,1,3,0.25,281,93,188,0.3309608540925267
Retmon403/cs2_cheats_for_python,2024-08,control,0,,0,,0,0,0,0,0,0,0,0,0,0,0,0,0,0,14,15570,5037,1,0.0,0.0,237.0,1007.0,1008,1,1,1,1,1732104c3490e152e94b4c7b528a72bc4fd21d79,10,10,0,ok,1,18,2,16,0.1111111111111111,6,2,4,0.3333333333333333,12,0,12,0.0
Retmon403/cs2_cheats_for_python,2025-03,control,0,,0,,0,0,0,0,0,0,0,0,0,0,0,0,0,0,1,3,8,1,1.0,0.0,449.0,1007.0,1008,1,1,1,1,a5b73bc8014e3bf68867c4fb0a48f2609678349b,10,10,0,ok,1,18,2,16,0.1111111111111111,6,2,4,0.3333333333333333,12,0,12,0.0
RobinWu218/ToST,2024-12,control,0,,0,,0,0,0,0,0,0,0,0,0,0,0,0,0,0,2,2,0,1,0.0,0.0,0.0,,0,1,1,0,0,aa501aac276809d30d749b54dc299abef6267d23,0,0,0,ok,1,0,0,0,,0,0,0,,0,0,0,
RobinWu218/ToST,2025-01,control,0,,0,,0,0,0,0,0,0,0,0,0,0,0,0,0,0,1,4,0,1,7.0,0.0,7.0,,0,1,1,0,0,556d812dc1fe318dc5d75c0aa689e532a66240fe,0,0,0,ok,1,0,0,0,,0,0,0,,0,0,0,
RobinWu218/ToST,2025-02,control,0,,0,,0,0,0,0,0,0,0,0,0,0,0,0,0,0,2,5472,5,1,57.0,2.0,38.0,3568.0,3798,1,1,1,1,071ea98ffc84b4e4eb4f0c1167eae90b2bd11dd9,38,38,0,ok,1,125,25,100,0.2,90,25,65,0.2777777777777778,35,0,35,0.0
SEU-ProactiveSecurity-Group/LLM-PD,2024-12,control,0,,0,,0,0,0,0,0,0,0,0,0,0,0,0,0,0,2,13,0,1,0.0,0.0,0.0,,0,1,1,0,0,366e021b9b2d93ce08ed5488e524686a3bd61d63,0,0,0,ok,1,0,0,0,,0,0,0,,0,0,0,
SEU-ProactiveSecurity-Group/LLM-PD,2025-01,control,0,,0,,0,0,0,0,0,0,0,0,0,0,0,0,0,0,1,1710,0,1,7.0,0.0,12.0,1463.0,1468,1,1,1,1,b5bef9ca0b7f04b7ad8a39073612ea5356c72db9,15,15,0,ok,1,22,11,11,0.5,8,5,3,0.625,14,6,8,0.42857142857142855
SEU-ProactiveSecurity-Group/LLM-PD,2025-04,control,0,,0,,0,0,0,0,0,0,0,0,0,0,0,0,0,0,1,11,0,1,2.0,0.0,102.0,1463.0,1468,1,1,1,1,fb34fb8051c2f0b2c1dc05a5cd73d5ebb516846b,15,15,0,ok,1,22,11,11,0.5,8,5,3,0.625,14,6,8,0.42857142857142855
Simatwa/free-proxies,2024-05,control,0,,0,,0,0,0,0,0,0,0,0,0,0,0,0,0,0,1121,1311528,1309357,3,2.0,0.0,0.0,362.0,385,1,1,1,1,d578b673ff9807fc6bdcab76e576cd3535b55416,2,2,0,ok,1,10,2,8,0.2,7,2,5,0.2857142857142857,3,0,3,0.0
Simatwa/free-proxies,2024-06,control,0,,0,,0,0,0,0,0,0,0,0,0,0,0,0,0,0,1353,1398276,1398760,1,,,,,385,0,1,0,0,fdd490af05ae58201c34e1286a8e898419460735,2,2,0,ok,1,10,2,8,0.2,7,2,5,0.2857142857142857,3,0,3,0.0
Simatwa/free-proxies,2024-07,control,0,,0,,0,0,0,0,0,0,0,0,0,0,0,0,0,0,1390,1667851,1667336,1,,,,,385,0,1,0,0,86281d7ab10e8570d615c16f36e4819213635a54,2,2,0,ok,1,10,2,8,0.2,7,2,5,0.2857142857142857,3,0,3,0.0
Simatwa/free-proxies,2024-08,control,0,,0,,0,0,0,0,0,0,0,0,0,0,0,0,0,0,1393,1761852,1761070,1,,,,,385,0,1,0,0,69c3789c3ed2e77c43456bbff38f6f16eeb4b5a6,2,2,0,ok,1,10,2,8,0.2,7,2,5,0.2857142857142857,3,0,3,0.0
Simatwa/free-proxies,2024-09,control,0,,0,,0,0,0,0,0,0,0,0,0,0,0,0,0,0,1325,1595037,1595857,1,,,,,385,0,1,0,0,80dc746a3c27bd5403b8df7b6231e764fde12bab,2,2,0,ok,1,10,2,8,0.2,7,2,5,0.2857142857142857,3,0,3,0.0
Simatwa/free-proxies,2024-10,control,0,,0,,0,0,0,0,0,0,0,0,0,0,0,0,0,0,1353,1492028,1492373,2,,,,,385,0,1,0,0,07fe5d4f43bdfb7ca19ddb75da73d6d71fd0d84d,2,2,0,ok,1,10,2,8,0.2,7,2,5,0.2857142857142857,3,0,3,0.0
Simatwa/free-proxies,2024-11,control,0,,0,,0,0,0,0,0,0,0,0,0,0,0,0,0,0,544,593555,594022,3,,,,,385,0,1,0,0,d683920794eb6f7e81f847cb7c28075b40449cab,2,2,0,ok,1,10,2,8,0.2,7,2,5,0.2857142857142857,3,0,3,0.0
Simatwa/free-proxies,2025-08,control,0,,0,,0,0,0,0,0,0,0,0,0,0,0,0,0,0,1,4,4,1,,,,,385,0,1,0,0,49b89c45aacf743c617b06a52d39a9df47812aec,2,2,0,ok,1,10,2,8,0.2,7,2,5,0.2857142857142857,3,0,3,0.0
The-WhiteRabbit/dnfm_server,2024-08,control,0,,0,,0,0,0,0,0,0,0,0,0,0,0,0,0,0,18,1211,53,1,26.0,2.0,0.0,924.0,949,1,1,1,1,27aef2893d5aafe85066fdc682f9ef1bc5fce2d6,6,6,0,ok,1,37,16,21,0.43243243243243246,31,16,15,0.5161290322580645,6,0,6,0.0
TheFocusedCoder/api-agent,2024-08,control,0,,0,,0,0,0,0,0,0,0,0,0,0,0,0,0,0,41,11449,2136,3,9.0,0.0,0.0,67.0,66,1,1,1,1,f8ffde215c91238ab844dc60531b179d6067a211,1,1,0,ok,1,2,1,1,0.5,1,0,1,0.0,1,1,0,1.0
TianxingChen/RoboTwin,2025-06,control,0,,0,,0,0,0,0,0,0,0,0,0,0,0,0,0,0,2,3,1,1,60.0,17.0,253.0,,0,1,1,0,0,8f0222543082deaa21e09a1f5c68e43544cf3309,0,0,0,ok,1,0,0,0,,0,0,0,,0,0,0,
VirtualFlow/VFVS,2024-01,control,0,,0,,0,0,0,0,0,0,0,0,0,0,0,0,0,0,2,268,268,1,2.0,10.0,1952.0,8129.0,1104,1,1,1,1,408299a0f106a08fa1792c63b3699453329cc2d6,4,4,0,ok,1,30,4,26,0.13333333333333333,30,4,26,0.13333333333333333,0,0,0,
VirtualFlow/VFVS,2025-08,control,0,,0,,0,0,0,0,0,0,0,0,0,0,0,0,0,0,2,2086,0,1,0.0,0.0,2530.0,1112.0,1104,1,1,1,1,1b9eb391aaf36f2d58c1ea8e184e9d5d8c44018d,4,4,0,ok,1,30,4,26,0.13333333333333333,30,4,26,0.13333333333333333,0,0,0,
Wang-ML-Lab/unified-continual-learning,2025-01,control,0,,0,,0,0,0,0,0,0,0,0,0,0,0,0,0,0,1,12,5,1,0.0,1.0,376.0,3650.0,4044,1,1,1,1,b631651a1bc8e408cbf4d94bb3f4abb494c7b953,38,38,0,ok,1,95,24,71,0.25263157894736843,58,22,36,0.3793103448275862,37,2,35,0.05405405405405406
adelatour11/androidtvbackground,2024-04,control,0,,0,,0,0,0,0,0,0,0,0,0,0,0,0,0,0,80,1329,432,1,0.0,0.0,0.0,433.0,450,1,1,1,1,9d6dbd6cba861bff31a2d39c2acfd4f71f2010e7,3,3,0,ok,1,19,11,8,0.5789473684210527,19,11,8,0.5789473684210527,0,0,0,
adelatour11/androidtvbackground,2024-05,control,0,,0,,0,0,0,0,0,0,0,0,0,0,0,0,0,0,3,26,15,1,5.0,0.0,7.0,435.0,452,1,1,1,1,643fc587f6a4462f0c0402be899059877cbf3df9,3,3,0,ok,1,19,11,8,0.5789473684210527,19,11,8,0.5789473684210527,0,0,0,
adelatour11/androidtvbackground,2024-06,control,0,,0,,0,0,0,0,0,0,0,0,0,0,0,0,0,0,14,310,42,1,2.0,0.0,38.0,605.0,622,1,1,1,1,ff3845ffb8172920c0c224052b77fa81708c463e,4,4,0,ok,1,28,15,13,0.5357142857142857,28,15,13,0.5357142857142857,0,0,0,
adelatour11/androidtvbackground,2025-01,control,0,,0,,0,0,0,0,0,0,0,0,0,0,0,0,0,0,29,421,458,2,7.0,2.0,252.0,618.0,618,1,1,1,1,0128ef8112e8071c63f30f2aca9fde7831f5e213,3,3,0,ok,1,28,12,16,0.42857142857142855,28,12,16,0.42857142857142855,0,0,0,
adelatour11/androidtvbackground,2025-02,control,0,,0,,0,0,0,0,0,0,0,0,0,0,0,0,0,0,7,503,4,2,4.0,6.0,283.0,810.0,811,1,1,1,1,3887a623b0ad32405826237c132fec2625f83bbf,4,4,0,ok,1,35,15,20,0.42857142857142855,35,15,20,0.42857142857142855,0,0,0,
adelatour11/androidtvbackground,2025-06,control,0,,0,,0,0,0,0,0,0,0,0,0,0,0,0,0,0,13,2012,588,3,0.0,0.0,403.0,1188.0,1311,1,1,1,1,aff8e8fe4c7de868cd845610797d2c4fe47deb05,4,4,0,ok,1,46,15,31,0.32608695652173914,46,15,31,0.32608695652173914,0,0,0,
adelatour11/androidtvbackground,2025-07,control,0,,0,,0,0,0,0,0,0,0,0,0,0,0,0,0,0,15,816,164,1,9.0,1.0,433.0,1382.0,1800,1,1,1,1,4d2dd2139cb7a32df68d24494631373a4b5b1807,6,6,0,ok,1,73,25,48,0.3424657534246575,73,25,48,0.3424657534246575,0,0,0,
adelatour11/androidtvbackground,2025-08,control,0,,0,,0,0,0,0,0,0,0,0,0,0,0,0,0,0,2,258,120,2,0.0,2.0,464.0,1714.0,1843,1,1,1,1,4d82c578f6308417109ba352bffef004e4901c76,6,6,0,ok,1,73,25,48,0.3424657534246575,73,25,48,0.3424657534246575,0,0,0,
aio-libs/aiohttp,2024-01,control,0,,0,,0,0,0,0,0,0,0,0,0,0,0,0,0,0,107,8752,1619,12,109.0,28.0,2486.0,45535.0,46517,1,1,1,1,fa2bb5d2594043ab7ebc6153f2c6ef3a728c328a,132,132,0,ok,1,2467,447,2020,0.18119173084718282,2132,332,1800,0.15572232645403378,335,115,220,0.34328358208955223
aio-libs/aiohttp,2024-02,control,0,,0,,0,0,0,0,0,0,0,0,0,0,0,0,0,0,49,1944,697,9,94.0,30.0,2517.0,45879.0,46928,1,1,1,1,a75ed655d7200102bb0129445469a6f5b6fc7f45,133,133,0,ok,1,2491,461,2030,0.1850662384584504,2155,345,1810,0.16009280742459397,336,116,220,0.34523809523809523
aio-libs/aiohttp,2024-03,control,0,,0,,0,0,0,0,0,0,0,0,0,0,0,0,0,0,58,1047,350,7,94.0,25.0,2546.0,46012.0,47020,1,1,1,1,1542348fb93fabac142833d267c22210644c0b5e,132,132,0,ok,1,2486,452,2034,0.18181818181818182,2145,332,1813,0.1547785547785548,341,120,221,0.3519061583577713
aio-libs/aiohttp,2024-04,control,0,,0,,0,0,0,0,0,0,0,0,0,0,0,0,0,0,108,4941,2183,10,114.0,21.0,2577.0,46293.0,47357,1,1,1,1,c215e56dc175e9da545e73b00531f743833e0de8,133,133,0,ok,1,2508,464,2044,0.1850079744816587,2168,348,1820,0.16051660516605165,340,116,224,0.3411764705882353
aio-libs/aiohttp,2024-05,control,0,,0,,0,0,0,0,0,0,0,0,0,0,0,0,0,0,23,93,72,6,97.0,10.0,2607.0,46294.0,47358,1,1,1,1,25e3e41ad0012381f214886ff437b924a4fda2f2,133,133,0,ok,1,2508,464,2044,0.1850079744816587,2168,348,1820,0.16051660516605165,340,116,224,0.3411764705882353
aio-libs/aiohttp,2024-06,control,0,,0,,0,0,0,0,0,0,0,0,0,0,0,0,0,0,12,38,38,3,103.0,26.0,2638.0,46294.0,47358,1,1,1,1,10e3940aff0945180b71193a45cedf927b4d448d,133,133,0,ok,1,2508,464,2044,0.1850079744816587,2168,348,1820,0.16051660516605165,340,116,224,0.3411764705882353
aio-libs/aiohttp,2024-07,control,0,,0,,0,0,0,0,0,0,0,0,0,0,0,0,0,0,66,3033,1221,13,95.0,30.0,2668.0,46795.0,47869,1,1,1,1,4c81115c0318aa2c7975cb92eeb8fcde9fc84f8f,133,133,0,ok,1,2521,462,2059,0.1832606108687029,2180,346,1834,0.15871559633027524,341,116,225,0.34017595307917886
aio-libs/aiohttp,2024-08,control,0,,0,,0,0,0,0,0,0,0,0,0,0,0,0,0,0,357,14396,7757,15,111.0,146.0,2699.0,47830.0,48944,1,1,1,1,b73a4c170c64e2691331542d30133df3d54032c0,133,133,0,ok,1,2566,467,2099,0.18199532346063912,2220,349,1871,0.1572072072072072,346,118,228,0.34104046242774566
aio-libs/aiohttp,2024-09,control,0,,0,,0,0,0,0,0,0,0,0,0,0,0,0,0,0,363,10817,5027,16,119.0,118.0,2730.0,48828.0,49979,1,1,1,1,22a12cc2e2ef289d9e96fd87dfc17272177e52ac,133,133,0,ok,1,2605,473,2132,0.18157389635316698,2259,354,1905,0.15670650730411687,346,119,227,0.3439306358381503
aio-libs/aiohttp,2024-10,control,0,,0,,0,0,0,0,0,0,0,0,0,0,0,0,0,0,190,13186,9942,13,97.0,104.0,2760.0,49521.0,50720,1,1,1,1,e86b72f663ab1918e588853bf5fe5f458f72dbf2,141,140,0,ok,1,2630,470,2160,0.17870722433460076,2287,351,1936,0.1534761696545693,343,119,224,0.3469387755102041
aio-libs/aiohttp,2024-11,control,0,,0,,0,0,0,0,0,0,0,0,0,0,0,0,0,0,415,19309,5519,11,87.0,60.0,2791.0,51946.0,53275,1,1,1,1,a37c4f28b7e3a4d19de283b36133abf9f4cb73cc,149,148,0,ok,1,2738,471,2267,0.17202337472607743,2390,348,2042,0.14560669456066946,348,123,225,0.35344827586206895
aio-libs/aiohttp,2024-12,control,0,,0,,0,0,0,0,0,0,0,0,0,0,0,0,0,0,166,2851,1560,15,104.0,48.0,2821.0,52181.0,53517,1,1,1,1,b103bbca6b753e5b5357367cbaed10c7eade5a44,150,149,0,ok,1,2746,471,2275,0.1715222141296431,2397,348,2049,0.14518147684605756,349,123,226,0.3524355300859599
aio-libs/aiohttp,2025-01,control,0,,0,,0,0,0,0,0,0,0,0,0,0,0,0,0,0,68,950,614,9,105.0,12.0,2852.0,52217.0,53553,1,1,1,1,3ef5f00f4cb4b4f7b2d6080485b399207c6a525f,150,149,0,ok,1,2747,471,2276,0.17145977429923553,2398,348,2050,0.1451209341117598,349,123,226,0.3524355300859599
aio-libs/aiohttp,2025-02,control,0,,0,,0,0,0,0,0,0,0,0,0,0,0,0,0,0,120,2235,745,10,84.0,17.0,2883.0,53584.0,54897,1,1,1,1,a5f520552d95fd0b348c9183cd51b38869a49334,149,148,0,ok,1,2751,446,2305,0.16212286441294074,2385,314,2071,0.13165618448637317,366,132,234,0.36065573770491804
aio-libs/aiohttp,2025-03,control,0,,0,,0,0,0,0,0,0,0,0,0,0,0,0,0,0,122,2393,854,10,93.0,27.0,2911.0,52617.0,53971,1,1,1,1,d2d3621211348aecb3d568e634ba0abb016b6009,153,152,0,ok,1,2766,471,2295,0.1702819956616052,2417,348,2069,0.1439801406702524,349,123,226,0.3524355300859599
aio-libs/aiohttp,2025-04,control,0,,0,,0,0,0,0,0,0,0,0,0,0,0,0,0,0,121,4103,1825,9,95.0,24.0,2942.0,54488.0,54729,1,1,1,1,299fe00a2b7b1f5def7daa98260263a61bc9772d,153,152,0,ok,1,2803,468,2335,0.16696396717802356,2449,346,2103,0.14128215598203347,354,122,232,0.3446327683615819
aio-libs/aiohttp,2025-05,control,0,,0,,0,0,0,0,0,0,0,0,0,0,0,0,0,0,266,36276,11726,14,67.0,32.0,2972.0,59471.0,61689,1,1,1,1,1710f059dd6c63fcac1efbfd041b1e1cdda9f474,164,163,0,ok,1,3080,492,2588,0.15974025974025974,2702,366,2336,0.13545521835677277,378,126,252,0.3333333333333333
aio-libs/aiohttp,2025-06,control,0,,0,,0,0,0,0,0,0,0,0,0,0,0,0,0,0,126,16920,3110,7,63.0,18.0,3003.0,62231.0,64743,1,1,1,1,84a2bf121836b29cdf8b2a9aa3308cb6dcc9fb35,166,165,0,ok,1,3220,496,2724,0.15403726708074533,2841,370,2471,0.13023583245336148,379,126,253,0.3324538258575198
aio-libs/aiohttp,2025-07,control,0,,0,,0,0,0,0,0,0,0,0,0,0,0,0,0,0,104,3955,2079,12,60.0,15.0,3033.0,63345.0,65861,1,1,1,1,f6941e738fd5f8b3b110dcf7d1e63ee41de86a70,165,164,0,ok,1,3234,479,2755,0.14811379097093383,2840,342,2498,0.12042253521126761,394,137,257,0.3477157360406091
aio-libs/aiohttp,2025-08,control,0,,0,,0,0,0,0,0,0,0,0,0,0,0,0,0,0,63,352,338,6,49.0,4.0,3064.0,63349.0,65865,1,1,1,1,acfc2e6e34e36c5afadc665ac3a6ffb5c1e00234,165,164,0,ok,1,3234,479,2755,0.14811379097093383,2840,342,2498,0.12042253521126761,394,137,257,0.3477157360406091
aj47/100x-orchestrator,2024-11,control,0,,0,,0,0,0,0,0,0,0,0,0,0,0,0,0,0,48,6477,1849,4,7.0,12.0,0.0,1615.0,767,1,1,1,1,2c394810aace9b232637e95c1281dd07f8caba67,5,5,0,ok,1,22,6,16,0.2727272727272727,20,5,15,0.25,2,1,1,0.5
aj47/100x-orchestrator,2024-12,control,0,,0,,0,0,0,0,0,0,0,0,0,0,0,0,0,0,248,8347,5928,6,18.0,39.0,3.0,2650.0,1423,1,1,1,1,ac9f1d7177edc0d733edd023c5ba631b61d6bbf3,14,14,0,ok,1,50,9,41,0.18,43,8,35,0.18604651162790697,7,1,6,0.14285714285714285
aj47/100x-orchestrator,2025-01,control,0,,0,,0,0,0,0,0,0,0,0,0,0,0,0,0,0,40,2299,746,5,17.0,4.0,34.0,3670.0,2506,1,1,1,1,c0f903e0768d211838793febb3ea3cc78ea325ef,21,21,0,ok,1,152,27,125,0.17763157894736842,145,26,119,0.1793103448275862,7,1,6,0.14285714285714285
aj47/100x-orchestrator,2025-02,control,0,,0,,0,0,0,0,0,0,0,0,0,0,0,0,0,0,9,629,627,3,32.0,4.0,65.0,3670.0,2506,1,1,1,1,4fede5d1be8abff710a702ee2ee324e4aa329ba3,21,21,0,ok,1,152,27,125,0.17763157894736842,145,26,119,0.1793103448275862,7,1,6,0.14285714285714285
ali-bahrainian/RAG_best_practices,2024-12,control,0,,0,,0,0,0,0,0,0,0,0,0,0,0,0,0,0,22,2771,1412,3,0.0,0.0,0.0,673.0,953,1,1,1,1,7e6218cb7260e337747c807bc28f60516fa7b760,7,7,0,ok,1,11,2,9,0.18181818181818182,6,2,4,0.3333333333333333,5,0,5,0.0
ali-bahrainian/RAG_best_practices,2025-01,control,0,,0,,0,0,0,0,0,0,0,0,0,0,0,0,0,0,2,15,13,1,59.0,0.0,0.0,669.0,949,1,1,1,1,735049f4a408786566fbd3823ef8cb9ba461f341,7,7,0,ok,1,11,2,9,0.18181818181818182,6,2,4,0.3333333333333333,5,0,5,0.0
ali-bahrainian/RAG_best_practices,2025-03,control,0,,0,,0,0,0,0,0,0,0,0,0,0,0,0,0,0,1,13,5,1,10.0,0.0,58.0,669.0,949,1,1,1,1,be7e7ac3532da61f47c1931c68b52f647267c608,7,7,0,ok,1,11,2,9,0.18181818181818182,6,2,4,0.3333333333333333,5,0,5,0.0
aws-samples/aws-dms-cdc-data-pipeline,2024-01,control,0,,0,,0,0,0,0,0,0,0,0,0,0,0,0,0,0,1,7,0,1,0.0,0.0,655.0,746.0,754,1,1,1,1,a356ba6970f7d550a30ea4f6a83d2307573a2d81,11,11,0,ok,1,9,3,6,0.3333333333333333,1,0,1,0.0,8,3,5,0.375
aws-samples/aws-dms-cdc-data-pipeline,2024-02,control,0,,0,,0,0,0,0,0,0,0,0,0,0,0,0,0,0,9,213,131,1,1.0,0.0,686.0,765.0,773,1,1,1,1,6b8f482a2d290a9cd9b2e25199439567462214cf,11,11,0,ok,1,9,3,6,0.3333333333333333,1,0,1,0.0,8,3,5,0.375
aws-samples/aws-dms-cdc-data-pipeline,2024-03,control,0,,0,,0,0,0,0,0,0,0,0,0,0,0,0,0,0,11,94,48,1,3.0,0.0,715.0,771.0,779,1,1,1,1,1e3520d9c580cde0227bb5c971dac2be8b5e1635,11,11,0,ok,1,9,3,6,0.3333333333333333,1,0,1,0.0,8,3,5,0.375
aws-samples/aws-dms-cdc-data-pipeline,2024-05,control,0,,0,,0,0,0,0,0,0,0,0,0,0,0,0,0,0,1,1,1,1,0.0,0.0,776.0,771.0,779,1,1,1,1,7a248bbbe3b3ccc58fec30fdabcdeffc4992491f,11,11,0,ok,1,9,3,6,0.3333333333333333,1,0,1,0.0,8,3,5,0.375
aws-samples/aws-dms-cdc-data-pipeline,2024-07,control,0,,0,,0,0,0,0,0,0,0,0,0,0,0,0,0,0,2,5,1,2,1.0,0.0,837.0,771.0,779,1,1,1,1,d15a811b3328a4cec14534f724cbd8b6399360f0,11,11,0,ok,1,9,3,6,0.3333333333333333,1,0,1,0.0,8,3,5,0.375
aws-samples/aws-dms-cdc-data-pipeline,2024-08,control,0,,0,,0,0,0,0,0,0,0,0,0,0,0,0,0,0,1,1,1,1,0.0,0.0,868.0,771.0,779,1,1,1,1,543f8daf3483b4730bdd27e419a6cd2e5926b6e4,11,11,0,ok,1,9,3,6,0.3333333333333333,1,0,1,0.0,8,3,5,0.375
aws-samples/aws-dms-cdc-data-pipeline,2025-01,control,0,,0,,0,0,0,0,0,0,0,0,0,0,0,0,0,0,1,1,1,1,2.0,0.0,1021.0,771.0,779,1,1,1,1,4196a7c2072cee21b71315957f0007c61907d932,11,11,0,ok,1,9,3,6,0.3333333333333333,1,0,1,0.0,8,3,5,0.375
aws/nova-act,2025-03,control,0,,0,,0,0,0,0,0,0,0,0,0,0,0,0,0,0,9,52554,386,4,42.0,1.0,0.0,1740.0,1984,1,1,1,1,0166b77440414fa4722ba2a00bd4efb53b8b0284,27,27,0,ok,1,87,47,40,0.5402298850574713,36,17,19,0.4722222222222222,51,30,21,0.5882352941176471
aws/nova-act,2025-04,control,0,,0,,0,0,0,0,0,0,0,0,0,0,0,0,0,0,31,44179,45596,13,505.0,34.0,0.0,1999.0,2277,1,1,1,1,d13683ac30876df8004b7eaeb6ed9db10607a419,28,28,0,ok,1,96,49,47,0.5104166666666666,37,18,19,0.4864864864864865,59,31,28,0.5254237288135594
aws/nova-act,2025-05,control,0,,0,,0,0,0,0,0,0,0,0,0,0,0,0,0,0,18,2539,1496,9,49.0,4.0,30.0,2109.0,2419,1,1,1,1,9fdf998b06aa849cefeec00490a3429837f584f2,30,30,0,ok,1,102,53,49,0.5196078431372549,40,20,20,0.5,62,33,29,0.532258064516129
aws/nova-act,2025-06,control,0,,0,,0,0,0,0,0,0,0,0,0,0,0,0,0,0,30,5565,2576,11,25.0,1.0,61.0,3726.0,4309,1,1,1,1,ec2a9086644b1fc68c0c39ed362360e2843800eb,64,64,0,ok,1,175,77,98,0.44,89,37,52,0.4157303370786517,86,40,46,0.46511627906976744
aws/nova-act,2025-07,control,0,,0,,0,0,0,0,0,0,0,0,0,0,0,0,0,0,2,1290,249,1,20.0,3.0,91.0,4232.0,5023,1,1,1,1,0c34f761c63a37dc23f400ea6257163f2009b0d5,70,70,0,ok,1,192,85,107,0.4427083333333333,96,40,56,0.4166666666666667,96,45,51,0.46875
aws/nova-act,2025-08,control,0,,0,,0,0,0,0,0,0,0,0,0,0,0,0,0,0,2,2825,1071,1,17.0,3.0,122.0,5231.0,6294,1,1,1,1,03bf255e76814a50b7ed1cd4e9961d8d6b9dc01d,81,81,0,ok,1,246,112,134,0.45528455284552843,112,43,69,0.38392857142857145,134,69,65,0.5149253731343284
baaivision/EVE,2024-06,control,0,,0,,0,0,0,0,0,0,0,0,0,0,0,0,0,0,10,9961,67,2,63.0,4.0,0.0,6530.0,6923,1,1,1,1,3bdde8cf07d29c43fde3477471803c45293f601d,51,51,0,ok,1,163,27,136,0.1656441717791411,113,25,88,0.22123893805309736,50,2,48,0.04
baaivision/EVE,2024-07,control,0,,0,,0,0,0,0,0,0,0,0,0,0,0,0,0,0,7,18,18,1,102.0,15.0,12.0,6530.0,6923,1,1,1,1,4460bd68c7279f64fa31e54c33fdc666af484b0b,51,51,0,ok,1,163,27,136,0.1656441717791411,113,25,88,0.22123893805309736,50,2,48,0.04
baaivision/EVE,2024-10,control,0,,0,,0,0,0,0,0,0,0,0,0,0,0,0,0,0,2,3,2,1,10.0,3.0,104.0,6530.0,6923,1,1,1,1,c5bd77dfa8aaf19beb22257094dede0fc487b846,51,51,0,ok,1,163,27,136,0.1656441717791411,113,25,88,0.22123893805309736,50,2,48,0.04
baaivision/EVE,2025-02,control,0,,0,,0,0,0,0,0,0,0,0,0,0,0,0,0,0,7,11974,226,1,31.0,1.0,227.0,13865.0,14955,1,1,1,1,c42d6f4946b397d19a07e04a6536813684764ce8,107,107,0,ok,1,328,62,266,0.18902439024390244,214,52,162,0.24299065420560748,114,10,104,0.08771929824561403
baaivision/EVE,2025-07,control,0,,0,,0,0,0,0,0,0,0,0,0,0,0,0,0,0,3,56,58,1,6.0,0.0,377.0,13865.0,14955,1,1,1,1,cc63ec74d9e5eb7f476c2e083eac087b2882f285,107,107,0,ok,1,328,62,266,0.18902439024390244,214,52,162,0.24299065420560748,114,10,104,0.08771929824561403
believethehype/nostrdvm,2024-01,control,0,,0,,0,0,0,0,0,0,0,0,0,0,0,0,0,0,92,7134,2136,3,4.0,4.0,37.0,11214.0,9105,1,1,1,1,d38a7cf1833f29ff1d16d392e0ac45bcca3c94cd,85,85,0,ok,1,216,25,191,0.11574074074074074,156,18,138,0.11538461538461539,60,7,53,0.11666666666666667
believethehype/nostrdvm,2024-02,control,0,,0,,0,0,0,0,0,0,0,0,0,0,0,0,0,0,49,4479,1727,2,5.0,0.0,68.0,13244.0,9692,1,1,1,1,1fd708e9565070c5f488dd84b4cdb1f035b62c2c,90,90,0,ok,1,227,25,202,0.11013215859030837,164,18,146,0.10975609756097561,63,7,56,0.1111111111111111
believethehype/nostrdvm,2024-03,control,0,,0,,0,0,0,0,0,0,0,0,0,0,0,0,0,0,82,9449,4715,3,1.0,0.0,97.0,16371.0,11395,1,1,1,1,1f4f7cd5ac26006cdd339cf14028c89f2fd5df00,100,100,0,ok,1,259,26,233,0.10038610038610038,189,18,171,0.09523809523809523,70,8,62,0.11428571428571428
believethehype/nostrdvm,2024-04,control,0,,0,,0,0,0,0,0,0,0,0,0,0,0,0,0,0,80,16573,4532,4,1.0,1.0,128.0,18350.0,11748,1,1,1,1,6a264f7edd6a7acb7ca49da1b587316bc6ede852,102,102,0,ok,1,264,27,237,0.10227272727272728,193,19,174,0.09844559585492228,71,8,63,0.11267605633802817
believethehype/nostrdvm,2024-05,control,0,,0,,0,0,0,0,0,0,0,0,0,0,0,0,0,0,54,2463,1065,2,4.0,0.0,158.0,19444.0,12705,1,1,1,1,9509d49186f1adcd4220db22611c7860ea7a9cd9,105,105,0,ok,1,279,29,250,0.1039426523297491,205,20,185,0.0975609756097561,74,9,65,0.12162162162162163
believethehype/nostrdvm,2024-06,control,0,,0,,0,0,0,0,0,0,0,0,0,0,0,0,0,0,110,6507,3700,2,3.0,0.0,189.0,21373.0,14520,1,1,1,1,365e7de6aac45ddd03d91587d6566b53704d8a0c,122,122,0,ok,1,330,40,290,0.12121212121212122,248,29,219,0.11693548387096774,82,11,71,0.13414634146341464
believethehype/nostrdvm,2024-07,control,0,,0,,0,0,0,0,0,0,0,0,0,0,0,0,0,0,34,4129,506,2,0.0,0.0,219.0,23459.0,16648,1,1,1,1,728db264af2b01dafe19e7352d4f6b55c5ff0ccb,130,130,0,ok,1,372,42,330,0.11290322580645161,286,31,255,0.10839160839160839,86,11,75,0.12790697674418605
believethehype/nostrdvm,2024-08,control,0,,0,,0,0,0,0,0,0,0,0,0,0,0,0,0,0,47,4589,898,2,1.0,0.0,250.0,26268.0,19444,1,1,1,1,8785288c9792a28f5aca7b34d63951113ed0ba70,144,144,0,ok,1,414,46,368,0.1111111111111111,320,34,286,0.10625,94,12,82,0.1276595744680851
believethehype/nostrdvm,2024-09,control,0,,0,,0,0,0,0,0,0,0,0,0,0,0,0,0,0,44,3942,1559,2,4.0,0.0,281.0,27395.0,20101,1,1,1,1,9a17d966d31a71d931ba83375444e30a12525fcd,150,150,0,ok,1,431,46,385,0.10672853828306264,337,34,303,0.10089020771513353,94,12,82,0.1276595744680851
believethehype/nostrdvm,2024-10,control,0,,0,,0,0,0,0,0,0,0,0,0,0,0,0,0,0,59,2639,3583,4,4.0,0.0,311.0,27452.0,20712,1,1,1,1,25dfaa5d9d8d6f1953316fc9c07bb9236c842e40,157,157,0,ok,1,441,48,393,0.10884353741496598,346,36,310,0.10404624277456648,95,12,83,0.12631578947368421
believethehype/nostrdvm,2024-11,control,0,,0,,0,0,0,0,0,0,0,0,0,0,0,0,0,0,96,11651,9488,2,7.0,0.0,342.0,28510.0,21514,1,1,1,1,8dedff5b20dcbaa64f40672faadb34c93b5111d2,161,161,0,ok,1,462,48,414,0.1038961038961039,364,36,328,0.0989010989010989,98,12,86,0.12244897959183673
believethehype/nostrdvm,2024-12,control,0,,0,,0,0,0,0,0,0,0,0,0,0,0,0,0,0,34,2005,465,2,2.0,0.0,372.0,29654.0,22605,1,1,1,1,09873fd990809b06cc4218215f48575c41c969e3,167,167,0,ok,1,478,48,430,0.100418410041841,378,36,342,0.09523809523809523,100,12,88,0.12
believethehype/nostrdvm,2025-01,control,0,,0,,0,0,0,0,0,0,0,0,0,0,0,0,0,0,22,1146,465,1,1.0,0.0,403.0,30089.0,23143,1,1,1,1,86d96a4772f8f217bb372c7d811277420b6cc930,171,171,0,ok,1,490,48,442,0.09795918367346938,389,36,353,0.09254498714652956,101,12,89,0.1188118811881188
believethehype/nostrdvm,2025-02,control,0,,0,,0,0,0,0,0,0,0,0,0,0,0,0,0,0,20,3475,479,1,3.0,0.0,434.0,32117.0,25092,1,1,1,1,963c39ee31b67106336fa28dd56c73d065349a3d,207,207,0,ok,1,560,73,487,0.13035714285714287,428,48,380,0.11214953271028037,132,25,107,0.1893939393939394
believethehype/nostrdvm,2025-03,control,0,,0,,0,0,0,0,0,0,0,0,0,0,0,0,0,0,1,1,1,1,4.0,0.0,462.0,32117.0,25092,1,1,1,1,12d618e1897f5aeebbb669573f95b24b865bcf83,207,207,0,ok,1,560,73,487,0.13035714285714287,428,48,380,0.11214953271028037,132,25,107,0.1893939393939394
believethehype/nostrdvm,2025-04,control,0,,0,,0,0,0,0,0,0,0,0,0,0,0,0,0,0,3,15,10,1,0.0,0.0,493.0,32121.0,25096,1,1,1,1,f793b498e47e0ce9e9944d4d54e215b8c88d40f7,207,207,0,ok,1,560,73,487,0.13035714285714287,428,48,380,0.11214953271028037,132,25,107,0.1893939393939394
believethehype/nostrdvm,2025-05,control,0,,0,,0,0,0,0,0,0,0,0,0,0,0,0,0,0,4,149,12,1,1.0,0.0,523.0,32222.0,25197,1,1,1,1,80314c16683b64155db66144dfd93f4e3179e0aa,208,208,0,ok,1,565,73,492,0.12920353982300886,433,48,385,0.11085450346420324,132,25,107,0.1893939393939394
believethehype/nostrdvm,2025-08,control,0,,0,,0,0,0,0,0,0,0,0,0,0,0,0,0,0,4,225,37,1,0.0,0.0,615.0,32259.0,25234,1,1,1,1,e48dfe7e7ae497453383502f9de26ed22b0fc7e8,209,209,0,ok,1,566,73,493,0.12897526501766785,434,48,386,0.11059907834101383,132,25,107,0.1893939393939394
bobokun/actualtap-py,2024-07,control,0,,0,,0,0,0,0,0,0,0,0,0,0,0,0,0,0,38,1262,199,5,5.0,0.0,0.0,258.0,244,1,1,1,1,a5fcb921ad47b516b36cca41ecfe36142cb0fcd0,14,14,0,ok,1,15,4,11,0.26666666666666666,11,4,7,0.36363636363636365,4,0,4,0.0
bobokun/actualtap-py,2024-08,control,0,,0,,0,0,0,0,0,0,0,0,0,0,0,0,0,0,16,165,133,4,7.0,0.0,10.0,265.0,251,1,1,1,1,45a1dfead973828b1e14187cc7c95496522eb0ba,14,14,0,ok,1,15,4,11,0.26666666666666666,11,4,7,0.36363636363636365,4,0,4,0.0
bobokun/actualtap-py,2024-09,control,0,,0,,0,0,0,0,0,0,0,0,0,0,0,0,0,0,13,25,27,3,3.0,3.0,41.0,265.0,251,1,1,1,1,a26e3c46adf6f1fab7f983a855d535a043c9d0f1,14,14,0,ok,1,15,4,11,0.26666666666666666,11,4,7,0.36363636363636365,4,0,4,0.0
bobokun/actualtap-py,2024-10,control,0,,0,,0,0,0,0,0,0,0,0,0,0,0,0,0,0,8,128,22,4,6.0,6.0,71.0,301.0,288,1,1,1,1,0a0b9f8b3074166a662f745379a4eaec7e2286c4,14,14,0,ok,1,17,4,13,0.23529411764705882,13,4,9,0.3076923076923077,4,0,4,0.0
bobokun/actualtap-py,2024-11,control,0,,0,,0,0,0,0,0,0,0,0,0,0,0,0,0,0,11,252,183,4,4.0,2.0,102.0,343.0,330,1,1,1,1,f18a4b2af590b5fcdc9fbfb576acba83448f4a7e,14,14,0,ok,1,16,4,12,0.25,12,4,8,0.3333333333333333,4,0,4,0.0
bobokun/actualtap-py,2024-12,control,0,,0,,0,0,0,0,0,0,0,0,0,0,0,0,0,0,13,311,178,5,8.0,3.0,132.0,347.0,334,1,1,1,1,9a1766dde5ccaec881ea3622d317c24075657f3c,14,14,0,ok,1,16,4,12,0.25,12,4,8,0.3333333333333333,4,0,4,0.0
bobokun/actualtap-py,2025-01,control,0,,0,,0,0,0,0,0,0,0,0,0,0,0,0,0,0,7,10,9,3,4.0,6.0,163.0,348.0,335,1,1,1,1,8aff825b3c669e457f84a2a319c45c17ebc1c3d9,14,14,0,ok,1,16,4,12,0.25,12,4,8,0.3333333333333333,4,0,4,0.0
bobokun/actualtap-py,2025-02,control,0,,0,,0,0,0,0,0,0,0,0,0,0,0,0,0,0,5,8,8,2,5.0,0.0,194.0,348.0,335,1,1,1,1,91d4301414af6c64524a732f970daf5cad50ff1b,14,14,0,ok,1,16,4,12,0.25,12,4,8,0.3333333333333333,4,0,4,0.0
bobokun/actualtap-py,2025-03,control,0,,0,,0,0,0,0,0,0,0,0,0,0,0,0,0,0,7,10,10,2,4.0,0.0,222.0,348.0,335,1,1,1,1,594fc8def9e8fc43de05b1c60d6d6c1328418b2d,14,14,0,ok,1,16,4,12,0.25,12,4,8,0.3333333333333333,4,0,4,0.0
bobokun/actualtap-py,2025-04,control,0,,0,,0,0,0,0,0,0,0,0,0,0,0,0,0,0,5,8,5,2,3.0,1.0,253.0,348.0,335,1,1,1,1,5da960399e0af62f7fe967931cd7ab754bc166f8,14,14,0,ok,1,16,4,12,0.25,12,4,8,0.3333333333333333,4,0,4,0.0
bobokun/actualtap-py,2025-05,control,0,,0,,0,0,0,0,0,0,0,0,0,0,0,0,0,0,1,1,1,1,5.0,0.0,283.0,348.0,335,1,1,1,1,cb10f3fb24b0bd412ef6f86b7d3c20701e38a163,14,14,0,ok,1,16,4,12,0.25,12,4,8,0.3333333333333333,4,0,4,0.0
bobokun/actualtap-py,2025-06,control,0,,0,,0,0,0,0,0,0,0,0,0,0,0,0,0,0,9,16,12,3,2.0,0.0,314.0,348.0,335,1,1,1,1,995bef727f592aa9edd92801e9d1f401b760c67f,14,14,0,ok,1,16,4,12,0.25,12,4,8,0.3333333333333333,4,0,4,0.0
bobokun/actualtap-py,2025-07,control,0,,0,,0,0,0,0,0,0,0,0,0,0,0,0,0,0,30,2228,139,3,3.0,5.0,344.0,959.0,1052,1,1,1,1,eb7fac7e0328535a7df8956bee346324bc5045d8,24,24,0,ok,1,37,7,30,0.1891891891891892,24,7,17,0.2916666666666667,13,0,13,0.0
bobokun/actualtap-py,2025-08,control,0,,0,,0,0,0,0,0,0,0,0,0,0,0,0,0,0,4,8,8,1,2.0,0.0,375.0,959.0,1052,1,1,1,1,ed5e4f556aa1a459c8cca67343262d890a2f8cbf,24,24,0,ok,1,37,7,30,0.1891891891891892,24,7,17,0.2916666666666667,13,0,13,0.0
bropines/chrome-lens-py,2024-08,control,0,,0,,0,0,0,0,0,0,0,0,0,0,0,0,0,0,15,1201,67,2,4.0,3.0,0.0,352.0,375,1,1,1,1,ad8d9902f2c9a302c532c005da8b86b7da25858a,9,9,0,ok,1,15,4,11,0.26666666666666666,11,3,8,0.2727272727272727,4,1,3,0.25
bropines/chrome-lens-py,2024-09,control,0,,0,,0,0,0,0,0,0,0,0,0,0,0,0,0,0,11,886,320,3,6.0,1.0,20.0,547.0,586,1,1,1,1,84922f3da6764564f118d381dbd9ee84b09681b6,11,11,0,ok,1,20,8,12,0.4,11,3,8,0.2727272727272727,9,5,4,0.5555555555555556
bropines/chrome-lens-py,2024-10,control,0,,0,,0,0,0,0,0,0,0,0,0,0,0,0,0,0,5,772,407,2,4.0,3.0,50.0,606.0,646,1,1,1,1,fd01ef9d479704ebf3b40ed2d84e650d14fa385f,11,11,0,ok,1,23,9,14,0.391304347826087,14,4,10,0.2857142857142857,9,5,4,0.5555555555555556
bropines/chrome-lens-py,2024-11,control,0,,0,,0,0,0,0,0,0,0,0,0,0,0,0,0,0,6,1193,285,1,1.0,3.0,81.0,903.0,943,1,1,1,1,e37629473f98a73ca5118f0f3970855c19e4789d,11,11,0,ok,1,28,8,20,0.2857142857142857,19,4,15,0.21052631578947367,9,4,5,0.4444444444444444
bropines/chrome-lens-py,2024-12,control,0,,0,,0,0,0,0,0,0,0,0,0,0,0,0,0,0,1,162,65,1,1.0,0.0,111.0,976.0,1017,1,1,1,1,cc867b581a07a1c4dae60fc5963017d18393ee8c,11,11,0,ok,1,28,8,20,0.2857142857142857,19,4,15,0.21052631578947367,9,4,5,0.4444444444444444
bropines/chrome-lens-py,2025-01,control,0,,0,,0,0,0,0,0,0,0,0,0,0,0,0,0,0,3,139,26,3,2.0,7.0,142.0,985.0,1026,1,1,1,1,9fe53b7726defcbb4189829ff8808d17c80f482d,11,11,0,ok,1,28,8,20,0.2857142857142857,19,4,15,0.21052631578947367,9,4,5,0.4444444444444444
bropines/chrome-lens-py,2025-02,control,0,,0,,0,0,0,0,0,0,0,0,0,0,0,0,0,0,15,1093,579,5,2.0,7.0,173.0,1107.0,1153,1,1,1,1,01ca4c0bdf4c77e9cd0ace4c24e5a63df29a37ba,11,11,0,ok,1,32,11,21,0.34375,23,7,16,0.30434782608695654,9,4,5,0.4444444444444444
bropines/chrome-lens-py,2025-03,control,0,,0,,0,0,0,0,0,0,0,0,0,0,0,0,0,0,25,4625,3227,3,3.0,2.0,201.0,2461.0,2537,1,1,1,1,e06a26cc2df7b9f475b163cd147c2d892ae69a7b,12,12,0,ok,1,36,12,24,0.3333333333333333,27,7,20,0.25925925925925924,9,5,4,0.5555555555555556
bropines/chrome-lens-py,2025-06,control,0,,0,,0,0,0,0,0,0,0,0,0,0,0,0,0,0,14,9727,9465,2,1.0,1.0,293.0,3222.0,3409,1,1,1,1,4f1620431d6867b4088acf5de8a05f55c8a89244,19,19,0,ok,1,142,30,112,0.2112676056338028,34,5,29,0.14705882352941177,108,25,83,0.23148148148148148
bropines/chrome-lens-py,2025-08,control,0,,0,,0,0,0,0,0,0,0,0,0,0,0,0,0,0,7,256,70,1,0.0,3.0,354.0,3308.0,3497,1,1,1,1,f0ba9bc2757176ac16104b265c8003212d822a3c,19,19,0,ok,1,142,30,112,0.2112676056338028,34,5,29,0.14705882352941177,108,25,83,0.23148148148148148
caffeinedoom/reconthing,2024-11,control,0,,0,,0,0,0,0,0,0,0,0,0,0,0,0,0,0,3,3,3,1,10.0,0.0,0.0,1688.0,1669,1,1,1,1,63f6a888dcf040f261ad37f46356ce5dba6ec853,32,32,0,ok,1,89,31,58,0.34831460674157305,45,10,35,0.2222222222222222,44,21,23,0.4772727272727273
cyb3rfortr3ss/ByDeF,2025-03,control,0,,0,,0,0,0,0,0,0,0,0,0,0,0,0,0,0,6,108,43,1,50.0,1.0,0.0,7.0,7,1,1,0,0,d7b3e3870708b397ed5abbf846b77d5f1159a5a8,2,2,0,ok,1,0,0,0,,0,0,0,,0,0,0,
cyb3rfortr3ss/ByDeF,2025-05,control,0,,0,,0,0,0,0,0,0,0,0,0,0,0,0,0,0,7,570,56,1,0.0,0.0,0.0,317.0,317,1,1,1,1,af0b596ed25048c90b6bdee88900c8fad8fcda6c,1,1,0,ok,1,3,1,2,0.3333333333333333,1,0,1,0.0,2,1,1,0.5
davidhandsome86/LLM_RAG,2024-02,control,0,,0,,0,0,0,0,0,0,0,0,0,0,0,0,0,0,3,151,0,1,3.0,0.0,0.0,101.0,115,1,1,1,1,57f27f2529bbadf6c72f236c4f10140984d2dfdd,4,4,0,ok,1,3,1,2,0.3333333333333333,1,1,0,1.0,2,0,2,0.0
davidhandsome86/LLM_RAG,2024-03,control,0,,0,,0,0,0,0,0,0,0,0,0,0,0,0,0,0,1,1,1,1,7.0,1.0,28.0,101.0,115,1,1,1,1,87dcfc0ac2aedc2c0b4591d96a8c049af730d1cb,4,4,0,ok,1,3,1,2,0.3333333333333333,1,1,0,1.0,2,0,2,0.0
daxa-ai/pebblo,2024-01,control,0,,0,,0,0,0,0,0,0,0,0,0,0,0,0,0,0,175,12581,6698,14,1.0,1.0,0.0,1843.0,1027,1,1,1,1,dd0f7f3c16db9f483fb4eabe74a13953fe69d2bf,46,46,0,ok,1,50,11,39,0.22,23,3,20,0.13043478260869565,27,8,19,0.2962962962962963
daxa-ai/pebblo,2024-02,control,0,,0,,0,0,0,0,0,0,0,0,0,0,0,0,0,0,74,7799,1516,12,43.0,9.0,2.0,6755.0,2618,1,1,1,1,fb68cbd371dea2703a715eef83e5ba8d8efb19e6,62,62,0,ok,1,106,22,84,0.20754716981132076,66,12,54,0.18181818181818182,40,10,30,0.25
daxa-ai/pebblo,2024-03,control,0,,0,,0,0,0,0,0,0,0,0,0,0,0,0,0,0,46,5024,2188,8,72.0,4.0,31.0,8418.0,3877,1,1,1,1,8bb53c3f1461b23ebb349dd49be75ba338a87cd2,79,79,0,ok,1,133,32,101,0.24060150375939848,77,12,65,0.15584415584415584,56,20,36,0.35714285714285715
daxa-ai/pebblo,2024-04,control,0,,0,,0,0,0,0,0,0,0,0,0,0,0,0,0,0,33,2327,405,9,6.0,7.0,62.0,9821.0,4540,1,1,1,1,c2dafbad2de48d2901b4f1b4e1abbdbfb3059e13,88,88,0,ok,1,148,37,111,0.25,87,17,70,0.19540229885057472,61,20,41,0.32786885245901637
daxa-ai/pebblo,2024-05,control,0,,0,,0,0,0,0,0,0,0,0,0,0,0,0,0,0,21,2817,499,7,8.0,5.0,92.0,11439.0,5493,1,1,1,1,d7943987a7eb9b40c4cf1f957a49b9109201b974,91,91,0,ok,1,172,44,128,0.2558139534883721,101,22,79,0.21782178217821782,71,22,49,0.30985915492957744
daxa-ai/pebblo,2024-06,control,0,,0,,0,0,0,0,0,0,0,0,0,0,0,0,0,0,5,756,56,4,4.0,1.0,123.0,11761.0,5855,1,1,1,1,c1c7567f6e9820dd1994ae08b2846b1f4b26fed9,95,95,0,ok,1,176,45,131,0.2556818181818182,102,22,80,0.21568627450980393,74,23,51,0.3108108108108108
daxa-ai/pebblo,2024-07,control,0,,0,,0,0,0,0,0,0,0,0,0,0,0,0,0,0,40,2549,921,8,1.0,1.0,153.0,12857.0,6740,1,1,1,1,111ebf49220edbf177d96e09f6eb1852448c11ce,96,96,0,ok,1,194,52,142,0.26804123711340205,113,28,85,0.24778761061946902,81,24,57,0.2962962962962963
daxa-ai/pebblo,2024-08,control,0,,0,,0,0,0,0,0,0,0,0,0,0,0,0,0,0,32,5726,666,10,3.0,3.0,184.0,15733.0,9597,1,1,1,1,59a9834cf52b9f1aa69b06626702def7a1ea46ba,118,118,0,ok,1,251,61,190,0.24302788844621515,122,30,92,0.2459016393442623,129,31,98,0.24031007751937986
daxa-ai/pebblo,2024-09,control,0,,0,,0,0,0,0,0,0,0,0,0,0,0,0,0,0,54,6717,1612,10,8.0,4.0,215.0,17260.0,11263,1,1,1,1,c68f56e1092764a2e0205dfb3019811d411b7e94,134,134,0,ok,1,304,70,234,0.23026315789473684,154,37,117,0.24025974025974026,150,33,117,0.22
daxa-ai/pebblo,2024-10,control,0,,0,,0,0,0,0,0,0,0,0,0,0,0,0,0,0,7,465,23,3,26.0,0.0,245.0,17583.0,11586,1,1,1,1,efcc3fbdfe4fd4619aea93d5b3a09e5f4c764715,137,137,0,ok,1,307,69,238,0.2247557003257329,154,37,117,0.24025974025974026,153,32,121,0.20915032679738563
daxa-ai/pebblo,2024-11,control,0,,0,,0,0,0,0,0,0,0,0,0,0,0,0,0,0,1,432,0,1,7.0,0.0,276.0,17828.0,11870,1,1,1,1,e67b01121b7140ae6448941fb10c2f257515d1b0,141,141,0,ok,1,313,70,243,0.22364217252396165,159,38,121,0.2389937106918239,154,32,122,0.2077922077922078
daxa-ai/pebblo,2025-02,control,0,,0,,0,0,0,0,0,0,0,0,0,0,0,0,0,0,4,2179,105,1,2.0,0.0,368.0,19211.0,13328,1,1,1,1,3a962db74dc6a2ace27cbd53802b8574df503dd3,153,153,0,ok,1,339,77,262,0.22713864306784662,182,45,137,0.24725274725274726,157,32,125,0.20382165605095542
daxa-ai/pebblo,2025-06,control,0,,0,,0,0,0,0,0,0,0,0,0,0,0,0,0,0,2,574,3,2,1.0,1.0,488.0,19477.0,13666,1,1,1,1,0ecabf60c19de7cb4cefe66ee10940575860d193,158,158,0,ok,1,345,78,267,0.22608695652173913,186,46,140,0.24731182795698925,159,32,127,0.20125786163522014
dimatura/pypcd,2024-06,control,0,,0,,0,0,0,0,0,0,0,0,0,0,0,0,0,0,1,1,1,1,2.0,0.0,3134.0,2447.0,2956,1,1,1,1,b8ce5f2af38b16e549ccadbe54459501761933ab,19,19,0,ok,1,100,26,74,0.26,87,25,62,0.28735632183908044,13,1,12,0.07692307692307693
dimatura/pypcd,2024-07,control,0,,0,,0,0,0,0,0,0,0,0,0,0,0,0,0,0,4,6,2,1,3.0,1.0,3164.0,2447.0,2956,1,1,1,1,6321080f704d3fa331b6b244daf55a6d774212f8,19,19,0,ok,1,100,26,74,0.26,87,25,62,0.28735632183908044,13,1,12,0.07692307692307693
djeada/Kurs-Podstaw-Pythona,2024-03,control,0,,0,,0,0,0,0,0,0,0,0,0,0,0,0,0,0,4,243,113,1,3.0,0.0,888.0,2989.0,3098,1,1,1,1,9607373ba86b30cf636052dd9b55498064b3c8f8,90,90,0,ok,1,193,93,100,0.48186528497409326,149,80,69,0.5369127516778524,44,13,31,0.29545454545454547
djeada/Kurs-Podstaw-Pythona,2024-04,control,0,,0,,0,0,0,0,0,0,0,0,0,0,0,0,0,0,2,8,3,1,0.0,0.0,919.0,2989.0,3098,1,1,1,1,8d0e9de1f09397589f384c78867e9595e1ef56f1,90,90,0,ok,1,193,93,100,0.48186528497409326,149,80,69,0.5369127516778524,44,13,31,0.29545454545454547
djeada/Kurs-Podstaw-Pythona,2024-05,control,0,,0,,0,0,0,0,0,0,0,0,0,0,0,0,0,0,33,2138,317,1,0.0,0.0,949.0,2989.0,3098,1,1,1,1,da69156ef45034b6c2915d452d409370b56a64b1,90,90,0,ok,1,193,93,100,0.48186528497409326,149,80,69,0.5369127516778524,44,13,31,0.29545454545454547
djeada/Kurs-Podstaw-Pythona,2024-06,control,0,,0,,0,0,0,0,0,0,0,0,0,0,0,0,0,0,30,1716,812,1,1.0,0.0,980.0,3015.0,3124,1,1,1,1,d0ac209a9a3c79873be165cc068315b6ed9d8af8,91,91,0,ok,1,194,94,100,0.4845360824742268,150,81,69,0.54,44,13,31,0.29545454545454547
djeada/Kurs-Podstaw-Pythona,2024-07,control,0,,0,,0,0,0,0,0,0,0,0,0,0,0,0,0,0,22,1384,578,2,0.0,0.0,1010.0,3015.0,3124,1,1,1,1,de9119d575258c086ce84309850295f498da46cd,91,91,0,ok,1,194,94,100,0.4845360824742268,150,81,69,0.54,44,13,31,0.29545454545454547
djeada/Kurs-Podstaw-Pythona,2024-08,control,0,,0,,0,0,0,0,0,0,0,0,0,0,0,0,0,0,1,9,14,1,0.0,0.0,1041.0,3015.0,3124,1,1,1,1,a95e0316c23821dad349a60a0bbc6effa22738dc,91,91,0,ok,1,194,94,100,0.4845360824742268,150,81,69,0.54,44,13,31,0.29545454545454547
djeada/Kurs-Podstaw-Pythona,2024-09,control,0,,0,,0,0,0,0,0,0,0,0,0,0,0,0,0,0,33,2533,780,1,0.0,0.0,1072.0,3015.0,3124,1,1,1,1,827fc8be3749d84001b16eed3fd87f16444aafa9,91,91,0,ok,1,194,94,100,0.4845360824742268,150,81,69,0.54,44,13,31,0.29545454545454547
djeada/Kurs-Podstaw-Pythona,2024-10,control,0,,0,,0,0,0,0,0,0,0,0,0,0,0,0,0,0,4,912,166,1,1.0,0.0,1102.0,3015.0,3124,1,1,1,1,b4d61b22c3462726f3be93901abb607b95201578,91,91,0,ok,1,194,94,100,0.4845360824742268,150,81,69,0.54,44,13,31,0.29545454545454547
djeada/Kurs-Podstaw-Pythona,2024-11,control,0,,0,,0,0,0,0,0,0,0,0,0,0,0,0,0,0,24,1953,628,1,0.0,0.0,1133.0,3015.0,3124,1,1,1,1,379390701baddbf36fa5be1cde3dc979fc3bcd7a,91,91,0,ok,1,194,94,100,0.4845360824742268,150,81,69,0.54,44,13,31,0.29545454545454547
djeada/Kurs-Podstaw-Pythona,2024-12,control,0,,0,,0,0,0,0,0,0,0,0,0,0,0,0,0,0,12,444,149,1,0.0,0.0,1163.0,3015.0,3124,1,1,1,1,09b1533f92ef06b3bfbf03137e462fcb1db1dd9b,91,91,0,ok,1,194,94,100,0.4845360824742268,150,81,69,0.54,44,13,31,0.29545454545454547
djeada/Kurs-Podstaw-Pythona,2025-01,control,0,,0,,0,0,0,0,0,0,0,0,0,0,0,0,0,0,18,581,186,1,0.0,0.0,1194.0,3015.0,3124,1,1,1,1,f8c8f45ea09e9fe28d91c9841108a04ee267bd31,91,91,0,ok,1,194,94,100,0.4845360824742268,150,81,69,0.54,44,13,31,0.29545454545454547
djeada/Kurs-Podstaw-Pythona,2025-05,control,0,,0,,0,0,0,0,0,0,0,0,0,0,0,0,0,0,3,2,4,1,0.0,0.0,1314.0,3015.0,3124,1,1,1,1,3f1204f499a377135708d6d85a82de2caf1b297a,91,91,0,ok,1,194,94,100,0.4845360824742268,150,81,69,0.54,44,13,31,0.29545454545454547
dottxt-ai/prompts,2024-07,control,0,,0,,0,0,0,0,0,0,0,0,0,0,0,0,0,0,13,817,47,1,0.0,0.0,0.0,264.0,416,1,1,1,1,b47c9ba122b0bf40291637b678da62a6ce029eaf,5,5,0,ok,1,15,3,12,0.2,12,2,10,0.16666666666666666,3,1,2,0.3333333333333333
dottxt-ai/prompts,2024-08,control,0,,0,,0,0,0,0,0,0,0,0,0,0,0,0,0,0,1,5,5,1,0.0,0.0,0.0,264.0,416,1,1,1,1,1ce5258495a41ebf87c1ef2e8e1fed90baefe001,5,5,0,ok,1,15,3,12,0.2,12,2,10,0.16666666666666666,3,1,2,0.3333333333333333
dottxt-ai/prompts,2024-09,control,0,,0,,0,0,0,0,0,0,0,0,0,0,0,0,0,0,7,431,162,2,17.0,2.0,0.0,229.0,384,1,1,1,1,3d2689ad7c388af3ab603aa374a51ca66d9eb915,3,3,0,ok,1,11,1,10,0.09090909090909091,10,1,9,0.1,1,0,1,0.0
dottxt-ai/prompts,2025-07,control,0,,0,,0,0,0,0,0,0,0,0,0,0,0,0,0,0,2,6,2,2,2.0,2.0,291.0,229.0,384,1,1,1,1,d386a43d3e735a56bcbf616c484ffe7fa8ed9f22,3,3,0,ok,1,11,1,10,0.09090909090909091,10,1,9,0.1,1,0,1,0.0
dromara/domain-admin,2024-01,control,0,,0,,0,0,0,0,0,0,0,0,0,0,0,0,0,0,27,2547,559,1,0.0,0.0,0.0,8888.0,10684,1,1,1,1,018861d9645ed015717a1875fdf446c30289f51a,202,202,0,ok,1,470,175,295,0.3723404255319149,414,159,255,0.38405797101449274,56,16,40,0.2857142857142857
dromara/domain-admin,2024-02,control,0,,0,,0,0,0,0,0,0,0,0,0,0,0,0,0,0,34,1103,111,1,0.0,0.0,0.0,9410.0,11306,1,1,1,1,8dd2085555021afc38b116a50c912d7595936d55,207,207,0,ok,1,495,181,314,0.3656565656565657,438,165,273,0.3767123287671233,57,16,41,0.2807017543859649
dromara/domain-admin,2024-03,control,0,,0,,0,0,0,0,0,0,0,0,0,0,0,0,0,0,20,810,60,1,0.0,0.0,0.0,9750.0,11756,1,1,1,1,6406f470292889443bef67d6221e6ad49e0bb67c,214,214,0,ok,1,514,187,327,0.3638132295719844,453,169,284,0.3730684326710817,61,18,43,0.29508196721311475
dromara/domain-admin,2024-04,control,0,,0,,0,0,0,0,0,0,0,0,0,0,0,0,0,0,28,914,252,1,0.0,0.0,0.0,9846.0,11871,1,1,1,1,57c9f93d9e57006343ab869f23b00f8fd0425962,215,215,0,ok,1,517,189,328,0.3655705996131528,455,171,284,0.3758241758241758,62,18,44,0.2903225806451613
dromara/domain-admin,2024-05,control,0,,0,,0,0,0,0,0,0,0,0,0,0,0,0,0,0,9,342,23,1,0.0,0.0,0.0,10099.0,11938,1,1,1,1,dc857fc8d3efa99d3ec1586209a9aa6fb442be4f,216,216,0,ok,1,522,192,330,0.367816091954023,460,174,286,0.3782608695652174,62,18,44,0.2903225806451613
dromara/domain-admin,2024-06,control,0,,0,,0,0,0,0,0,0,0,0,0,0,0,0,0,0,20,3112,655,1,0.0,0.0,0.0,10541.0,12671,1,1,1,1,0fbc2225825252b1e0fbe1ec1deb4450d734da38,228,228,0,ok,1,551,211,340,0.38294010889292196,481,187,294,0.3887733887733888,70,24,46,0.34285714285714286
dromara/domain-admin,2024-07,control,0,,0,,0,0,0,0,0,0,0,0,0,0,0,0,0,0,36,2159,363,2,0.0,0.0,0.0,11611.0,13912,1,1,1,1,330b1299e9a82b01c31ec84a33cef2610b3bca55,236,236,0,ok,1,575,164,411,0.2852173913043478,502,138,364,0.2749003984063745,73,26,47,0.3561643835616438
dromara/domain-admin,2024-08,control,0,,0,,0,0,0,0,0,0,0,0,0,0,0,0,0,0,8,2511,939,2,0.0,0.0,0.0,11929.0,14358,1,1,1,1,f47953389ad7a0ea5ca4440b58a4c6c21868df7f,245,245,0,ok,1,606,186,420,0.3069306930693069,506,140,366,0.2766798418972332,100,46,54,0.46
dromara/domain-admin,2024-09,control,0,,0,,0,0,0,0,0,0,0,0,0,0,0,0,0,0,28,622,196,1,92.0,4.0,0.0,12221.0,14459,1,1,1,1,b1d376b3c3e250f0a89c127e3e0af736bea59d83,246,246,0,ok,1,612,190,422,0.3104575163398693,512,144,368,0.28125,100,46,54,0.46
dromara/domain-admin,2024-10,control,0,,0,,0,0,0,0,0,0,0,0,0,0,0,0,0,0,24,633,129,1,123.0,8.0,28.0,12468.0,14742,1,1,1,1,00fa6785486975f2e5c8cdff3375d1cb31ee3f53,248,248,0,ok,1,622,193,429,0.3102893890675241,520,146,374,0.28076923076923077,102,47,55,0.46078431372549017
dromara/domain-admin,2024-11,control,0,,0,,0,0,0,0,0,0,0,0,0,0,0,0,0,0,20,309,62,3,84.0,13.0,59.0,12602.0,14895,1,1,1,1,f1db25e8d01f10f13644afc47a0d8684de3d66ad,250,250,0,ok,1,624,193,431,0.3092948717948718,521,146,375,0.2802303262955854,103,47,56,0.4563106796116505
dromara/domain-admin,2024-12,control,0,,0,,0,0,0,0,0,0,0,0,0,0,0,0,0,0,6,14,7,1,81.0,7.0,89.0,12601.0,14894,1,1,1,1,f184fef939ce2392a3b0c423daa1775993fada71,250,250,0,ok,1,624,193,431,0.3092948717948718,521,146,375,0.2802303262955854,103,47,56,0.4563106796116505
dromara/domain-admin,2025-02,control,0,,0,,0,0,0,0,0,0,0,0,0,0,0,0,0,0,3,11,5,2,31.0,4.0,151.0,12603.0,14896,1,1,1,1,15e8af88c2d0c17be14d35b573fa7ec70d4479b0,250,250,0,ok,1,624,193,431,0.3092948717948718,521,146,375,0.2802303262955854,103,47,56,0.4563106796116505
dromara/domain-admin,2025-03,control,0,,0,,0,0,0,0,0,0,0,0,0,0,0,0,0,0,2,49,11,2,49.0,5.0,179.0,12633.0,14926,1,1,1,1,9e29e6935996b3d9c6b099b1e64ade2e4789bca8,250,250,0,ok,1,624,193,431,0.3092948717948718,521,146,375,0.2802303262955854,103,47,56,0.4563106796116505
dromara/domain-admin,2025-04,control,0,,0,,0,0,0,0,0,0,0,0,0,0,0,0,0,0,2,161,8,2,39.0,5.0,210.0,12714.0,15033,1,1,1,1,560c637c93b13ccec631e0fb7a22953d380e5ca9,251,251,0,ok,1,627,193,434,0.3078149920255183,524,146,378,0.2786259541984733,103,47,56,0.4563106796116505
dromara/domain-admin,2025-06,control,0,,0,,0,0,0,0,0,0,0,0,0,0,0,0,0,0,7,403,63,3,27.0,3.0,271.0,12801.0,15139,1,1,1,1,4824c6239ec2dcd136144d1b9558cc628a43a0fa,254,254,0,ok,1,630,193,437,0.30634920634920637,526,146,380,0.27756653992395436,104,47,57,0.4519230769230769
dromara/domain-admin,2025-07,control,0,,0,,0,0,0,0,0,0,0,0,0,0,0,0,0,0,7,88,44,2,14.0,3.0,301.0,12828.0,15166,1,1,1,1,a2aae1b9d2eea4eda91f6e48b67d9def52ed11e1,254,254,0,ok,1,630,193,437,0.30634920634920637,526,146,380,0.27756653992395436,104,47,57,0.4519230769230769
dromara/domain-admin,2025-08,control,0,,0,,0,0,0,0,0,0,0,0,0,0,0,0,0,0,3,92,5,1,18.0,1.0,332.0,12885.0,15233,1,1,1,1,f688a8c8f852f140a3ace1c44c1006b32e2319a7,255,255,0,ok,1,631,193,438,0.3058637083993661,527,146,381,0.27703984819734345,104,47,57,0.4519230769230769
dymmond/edgy,2024-01,control,0,,0,,0,0,0,0,0,0,0,0,0,0,0,0,0,0,47,12520,942,2,0.0,0.0,0.0,18358.0,19449,1,1,1,1,0bea047b50cc5f4c227e8c44eee1ad7ba0382b2d,413,413,0,ok,1,1534,195,1339,0.1271186440677966,909,100,809,0.11001100110011001,625,95,530,0.152
dymmond/edgy,2024-02,control,0,,0,,0,0,0,0,0,0,0,0,0,0,0,0,0,0,2,7,1,1,0.0,0.0,0.0,18358.0,19449,1,1,1,1,10115d3429844344d86a9f8146871f8a991c6573,413,413,0,ok,1,1534,195,1339,0.1271186440677966,909,100,809,0.11001100110011001,625,95,530,0.152
dymmond/edgy,2024-04,control,0,,0,,0,0,0,0,0,0,0,0,0,0,0,0,0,0,10,611,214,3,0.0,0.0,0.0,18554.0,19672,1,1,1,1,85a5aa0dcacec8c82bab372772ae25c87c9042f6,421,421,0,ok,1,1548,195,1353,0.12596899224806202,918,100,818,0.10893246187363835,630,95,535,0.15079365079365079
dymmond/edgy,2024-05,control,0,,0,,0,0,0,0,0,0,0,0,0,0,0,0,0,0,17,4846,1365,3,0.0,0.0,0.0,20849.0,22024,1,1,1,1,acf009ef9736b17a062320fe62d422fd5db759e3,455,455,0,ok,1,1751,222,1529,0.1267846944603084,1051,124,927,0.11798287345385347,700,98,602,0.14
dymmond/edgy,2024-06,control,0,,0,,0,0,0,0,0,0,0,0,0,0,0,0,0,0,13,7533,3433,3,7.0,6.0,0.0,23338.0,24543,1,1,1,1,8fc8c3322bcc9c522c6b7798cf3d3409afd2d253,475,475,0,ok,1,1962,234,1728,0.11926605504587157,1188,134,1054,0.1127946127946128,774,100,674,0.12919896640826872
dymmond/edgy,2024-07,control,0,,0,,0,0,0,0,0,0,0,0,0,0,0,0,0,0,1,0,1,1,20.0,1.0,25.0,23338.0,24543,1,1,1,1,b8caa8fe87da4fa572c092051de74aea8724f143,475,475,0,ok,1,1962,234,1728,0.11926605504587157,1188,134,1054,0.1127946127946128,774,100,674,0.12919896640826872
dymmond/edgy,2024-08,control,0,,0,,0,0,0,0,0,0,0,0,0,0,0,0,0,0,15,5847,4447,3,22.0,5.0,56.0,24580.0,25810,1,1,1,1,449d22c3a3191248096ab44ed1391749111d0c0c,482,482,0,ok,1,1892,228,1664,0.12050739957716702,1106,130,976,0.11754068716094032,786,98,688,0.12468193384223919
dymmond/edgy,2024-09,control,0,,0,,0,0,0,0,0,0,0,0,0,0,0,0,0,0,14,11795,4072,1,23.0,2.0,87.0,29482.0,31100,1,1,1,1,80f019ccf8587cec7d73e07f0c8b2cca70f5a923,529,529,0,ok,1,2154,239,1915,0.11095636025998143,1267,132,1135,0.10418310970797158,887,107,780,0.12063134160090191
dymmond/edgy,2024-10,control,0,,0,,0,0,0,0,0,0,0,0,0,0,0,0,0,0,31,6443,2826,2,11.0,6.0,117.0,31836.0,33461,1,1,1,1,35e2fe2ce7936f3eda666eb083c6f64d11610d29,549,549,0,ok,1,2280,243,2037,0.10657894736842105,1339,131,1208,0.09783420463032114,941,112,829,0.11902231668437832
dymmond/edgy,2024-11,control,0,,0,,0,0,0,0,0,0,0,0,0,0,0,0,0,0,14,2904,2607,1,13.0,4.0,148.0,32016.0,33544,1,1,1,1,b3793603d969de4bf76397961da57910c1e7a6ca,553,553,0,ok,1,2313,256,2057,0.11067877215737137,1361,144,1217,0.10580455547391623,952,112,840,0.11764705882352941
dymmond/edgy,2024-12,control,0,,0,,0,0,0,0,0,0,0,0,0,0,0,0,0,0,13,2064,301,2,13.0,4.0,178.0,32854.0,34438,1,1,1,1,d1021f76b8fd28b0b0dca17c69da71a3bdc9025e,566,566,0,ok,1,2359,264,2095,0.11191182704535821,1388,149,1239,0.10734870317002881,971,115,856,0.1184346035015448
dymmond/edgy,2025-01,control,0,,0,,0,0,0,0,0,0,0,0,0,0,0,0,0,0,21,6987,1487,3,18.0,6.0,209.0,36338.0,37967,1,1,1,1,103f66b137d03005ff6baaf5e4b40133d048625d,624,624,0,ok,1,2589,296,2293,0.11432985708767864,1516,166,1350,0.10949868073878628,1073,130,943,0.1211556383970177
dymmond/edgy,2025-02,control,0,,0,,0,0,0,0,0,0,0,0,0,0,0,0,0,0,15,4506,2697,3,13.0,0.0,240.0,37886.0,39613,1,1,1,1,6beec111e957f1ef9fadfd39bf88a4617f574a9d,642,642,0,ok,1,2704,322,2382,0.11908284023668639,1575,171,1404,0.10857142857142857,1129,151,978,0.1337466784765279
dymmond/edgy,2025-03,control,0,,0,,0,0,0,0,0,0,0,0,0,0,0,0,0,0,14,4084,541,2,14.0,2.0,268.0,40340.0,42082,1,1,1,1,19f8913f2cb1586714752dda0ec21eb5fae3045d,663,663,0,ok,1,2832,340,2492,0.12005649717514125,1661,180,1481,0.10836845273931367,1171,160,1011,0.13663535439795046
dymmond/edgy,2025-04,control,0,,0,,0,0,0,0,0,0,0,0,0,0,0,0,0,0,10,2705,1103,1,10.0,1.0,299.0,41282.0,43089,1,1,1,1,7f016710cc7c1c3bf04146776df7af8f00894e97,668,668,0,ok,1,2888,357,2531,0.12361495844875346,1700,196,1504,0.11529411764705882,1188,161,1027,0.13552188552188552
dymmond/edgy,2025-05,control,0,,0,,0,0,0,0,0,0,0,0,0,0,0,0,0,0,11,4504,2431,2,7.0,0.0,329.0,42689.0,44203,1,1,1,1,e9c3ec3948d50eecc353884feac6b45abb753578,677,677,0,ok,1,2928,366,2562,0.125,1723,202,1521,0.11723737666860128,1205,164,1041,0.13609958506224065
dymmond/edgy,2025-06,control,0,,0,,0,0,0,0,0,0,0,0,0,0,0,0,0,0,6,1566,447,1,7.0,0.0,360.0,43469.0,44995,1,1,1,1,296c59535df2ac0485f1bcb2616e23cfe596db99,688,688,0,ok,1,2964,372,2592,0.12550607287449392,1743,208,1535,0.11933448078026392,1221,164,1057,0.13431613431613432
dymmond/edgy,2025-07,control,0,,0,,0,0,0,0,0,0,0,0,0,0,0,0,0,0,19,18896,3127,2,8.0,2.0,390.0,44979.0,55946,1,1,1,1,2539500a350d0adbcb0486ba4525a8862ac753dd,697,697,0,ok,1,3002,405,2597,0.13491005996002664,1768,223,1545,0.126131221719457,1234,182,1052,0.14748784440842788
emresen20/Pau-Bilgisayar-nots,2024-03,control,0,,0,,0,0,0,0,0,0,0,0,0,0,0,0,0,0,10,0,0,1,0.0,1.0,0.0,,0,1,1,0,0,ea20069c80a8f9d2c11529b8dedbc2e0d1be9388,0,0,0,ok,1,0,0,0,,0,0,0,,0,0,0,
emresen20/Pau-Bilgisayar-nots,2024-04,control,0,,0,,0,0,0,0,0,0,0,0,0,0,0,0,0,0,3,0,0,1,4.0,0.0,18.0,,0,1,1,0,0,945236bcbb739b31135487d4dbe93cc35c0b1780,0,0,0,ok,1,0,0,0,,0,0,0,,0,0,0,
emresen20/Pau-Bilgisayar-nots,2024-05,control,0,,0,,0,0,0,0,0,0,0,0,0,0,0,0,0,0,4,0,0,1,4.0,0.0,48.0,,0,1,1,0,0,0706a69627b488a931cc12b1d61ce0cce4c3b6e9,0,0,0,ok,1,0,0,0,,0,0,0,,0,0,0,
emresen20/Pau-Bilgisayar-nots,2024-06,control,0,,0,,0,0,0,0,0,0,0,0,0,0,0,0,0,0,7,289,0,1,2.0,0.0,79.0,204.0,204,1,1,1,1,f6c2f06e9b5cc301872ac527102717438aef1d76,3,3,0,ok,1,6,2,4,0.3333333333333333,6,2,4,0.3333333333333333,0,0,0,
emresen20/Pau-Bilgisayar-nots,2024-07,control,0,,0,,0,0,0,0,0,0,0,0,0,0,0,0,0,0,2,0,0,1,0.0,0.0,109.0,204.0,204,1,1,1,1,a11fab8cee55848a09a0faba3b4c33de525e276a,3,3,0,ok,1,6,2,4,0.3333333333333333,6,2,4,0.3333333333333333,0,0,0,
emresen20/Pau-Bilgisayar-nots,2024-12,control,0,,0,,0,0,0,0,0,0,0,0,0,0,0,0,0,0,2,5985,0,1,0.0,0.0,262.0,452.0,333,1,1,1,1,7f9b04eea476f6db0ef2c6249d975eff5cb64fcf,4,4,0,ok,1,10,3,7,0.3,10,3,7,0.3,0,0,0,
evermoving/SystemCaptioner,2024-10,control,0,,0,,0,0,0,0,0,0,0,0,0,0,0,0,0,0,111,2372,1114,1,5.0,0.0,0.0,838.0,892,1,1,1,1,c5762086616c0245b93b8cac9116bd65b0f26aae,8,8,0,ok,1,22,7,15,0.3181818181818182,16,7,9,0.4375,6,0,6,0.0
evermoving/SystemCaptioner,2024-11,control,0,,0,,0,0,0,0,0,0,0,0,0,0,0,0,0,0,8,38,20,1,12.0,0.0,6.0,851.0,907,1,1,1,1,98a629b7776ba2a9e1b0d136d6844544f4b7a24d,8,8,0,ok,1,22,7,15,0.3181818181818182,16,7,9,0.4375,6,0,6,0.0
evermoving/SystemCaptioner,2024-12,control,0,,0,,0,0,0,0,0,0,0,0,0,0,0,0,0,0,1,1,1,1,4.0,1.0,36.0,851.0,907,1,1,1,1,18f1e1f14cd8e24fa0460992e4a6a202590a0248,8,8,0,ok,1,22,7,15,0.3181818181818182,16,7,9,0.4375,6,0,6,0.0
evermoving/SystemCaptioner,2025-08,control,0,,0,,0,0,0,0,0,0,0,0,0,0,0,0,0,0,2,7,1,1,1.0,0.0,279.0,851.0,907,1,1,1,1,716ddee7066c125ca3bc3193d7eee37bd0eef006,8,8,0,ok,1,22,7,15,0.3181818181818182,16,7,9,0.4375,6,0,6,0.0
golemfoundation/octant,2024-01,control,0,,0,,0,0,0,0,0,0,0,0,0,0,0,0,0,0,272,71692,29729,13,0.0,0.0,0.0,49073.0,15794,1,1,1,1,ba23e7b1c57e0acc44920f7bff14ea22cd986e0b,255,255,0,ok,1,877,316,561,0.3603192702394527,621,249,372,0.40096618357487923,256,67,189,0.26171875
golemfoundation/octant,2024-02,control,0,,0,,0,0,0,0,0,0,0,0,0,0,0,0,0,0,181,52930,30359,14,2.0,0.0,0.0,51498.0,16687,1,1,1,1,dcc1b2c3e18458991c3150adfb08f0fc2a7a7b50,268,268,0,ok,1,938,333,605,0.35501066098081024,671,259,412,0.3859910581222057,267,74,193,0.27715355805243447
golemfoundation/octant,2024-03,control,0,,0,,0,0,0,0,0,0,0,0,0,0,0,0,0,0,235,33503,22210,12,1.0,0.0,8.0,53797.0,17730,1,1,1,1,ca11d35b99742f88518a811b3bbfcb10a72541c4,312,312,0,ok,1,1052,401,651,0.3811787072243346,730,309,421,0.4232876712328767,322,92,230,0.2857142857142857
golemfoundation/octant,2024-04,control,0,,0,,0,0,0,0,0,0,0,0,0,0,0,0,0,0,456,86120,40444,16,1.0,0.0,39.0,57578.0,19703,1,1,1,1,a20fdc66acfd7b6d2b85a0c04205a598f9dac7fd,341,341,0,ok,1,1158,432,726,0.37305699481865284,817,335,482,0.41003671970624234,341,97,244,0.2844574780058651
golemfoundation/octant,2024-05,control,0,,0,,0,0,0,0,0,0,0,0,0,0,0,0,0,0,178,35557,16436,13,1.0,0.0,69.0,60499.0,21614,1,1,1,1,f12b98eb59f61afba270c777c6569d646cb61264,370,370,0,ok,1,1250,454,796,0.3632,889,355,534,0.39932508436445446,361,99,262,0.2742382271468144
golemfoundation/octant,2024-06,control,0,,0,,0,0,0,0,0,0,0,0,0,0,0,0,0,0,221,68386,35192,14,0.0,0.0,100.0,63204.0,23646,1,1,1,1,dee94e265471b7b38cd2def55b0151f25b73c5b9,404,404,0,ok,1,1363,494,869,0.36243580337490827,972,388,584,0.3991769547325103,391,106,285,0.2710997442455243
golemfoundation/octant,2024-07,control,0,,0,,0,0,0,0,0,0,0,0,0,0,0,0,0,0,195,37874,16712,14,0.0,0.0,130.0,67722.0,25630,1,1,1,1,1cd0657091e99cde49318444daed80dcc83a7d9c,410,410,0,ok,1,1389,496,893,0.3570914326853852,989,388,601,0.3923154701718908,400,108,292,0.27
golemfoundation/octant,2024-08,control,0,,0,,0,0,0,0,0,0,0,0,0,0,0,0,0,0,119,17724,8701,13,1.0,0.0,161.0,70379.0,25715,1,1,1,1,615f52127829ab201c3269763e78107ff8f42a06,410,410,0,ok,1,1393,497,896,0.35678391959798994,992,389,603,0.39213709677419356,401,108,293,0.26932668329177056
golemfoundation/octant,2024-09,control,0,,0,,0,0,0,0,0,0,0,0,0,0,0,0,0,0,184,35767,33383,9,2.0,0.0,192.0,69537.0,26474,1,1,1,1,7dd673283492144e8b89ea706c3588adc352d4b7,437,437,0,ok,1,1465,521,944,0.3556313993174061,1054,411,643,0.3899430740037951,411,110,301,0.26763990267639903
golemfoundation/octant,2024-10,control,0,,0,,0,0,0,0,0,0,0,0,0,0,0,0,0,0,280,67696,46472,13,1.0,0.0,222.0,74640.0,31811,1,1,1,1,9fec97b78de26227101be5afb98312b0bd0f19f7,528,528,0,ok,1,1697,608,1089,0.3582793164407778,1210,466,744,0.3851239669421488,487,142,345,0.2915811088295688
golemfoundation/octant,2024-11,control,0,,0,,0,0,0,0,0,0,0,0,0,0,0,0,0,0,135,24216,14083,7,0.0,0.0,253.0,76404.0,31837,1,1,1,1,a835dc236ebc9cb41f98f6043b920f1c6759302a,528,528,0,ok,1,1697,607,1090,0.3576900412492634,1210,465,745,0.384297520661157,487,142,345,0.2915811088295688
golemfoundation/octant,2024-12,control,0,,0,,0,0,0,0,0,0,0,0,0,0,0,0,0,0,202,72933,41936,8,1.0,0.0,283.0,79845.0,33240,1,1,1,1,4357dfa79dd3e5e800847782e4e86d055d3a0614,556,556,0,ok,1,1766,632,1134,0.3578708946772367,1251,478,773,0.3820943245403677,515,154,361,0.29902912621359223
golemfoundation/octant,2025-01,control,0,,0,,0,0,0,0,0,0,0,0,0,0,0,0,0,0,206,71139,35353,9,0.0,0.0,314.0,82911.0,34309,1,1,1,1,418e7384ca9695cf53f541d4c8d3085fde4cac22,561,561,0,ok,1,1763,638,1125,0.3618831537152581,1249,484,765,0.3875100080064051,514,154,360,0.29961089494163423
golemfoundation/octant,2025-02,control,0,,0,,0,0,0,0,0,0,0,0,0,0,0,0,0,0,57,16006,5887,11,1.0,0.0,345.0,86361.0,37935,1,1,1,1,a7013bf99bd75d707a3d2587fb9b8b4a4d941666,608,608,0,ok,1,1907,672,1235,0.3523859465128474,1344,510,834,0.3794642857142857,563,162,401,0.2877442273534636
golemfoundation/octant,2025-03,control,0,,0,,0,0,0,0,0,0,0,0,0,0,0,0,0,0,192,17077,4742,6,1.0,0.0,373.0,86850.0,40522,1,1,1,1,35ca8290646f0441f9854fc1b931d9346f1b4852,634,634,0,ok,1,2004,694,1310,0.3463073852295409,1420,522,898,0.3676056338028169,584,172,412,0.2945205479452055
golemfoundation/octant,2025-04,control,0,,0,,0,0,0,0,0,0,0,0,0,0,0,0,0,0,199,39710,12301,5,2.0,0.0,404.0,92052.0,43345,1,1,1,1,6aeb520dfb7eb4b1cd82d93ecd6bc5d2d3315b73,659,659,0,ok,1,2064,711,1353,0.3444767441860465,1468,533,935,0.3630790190735695,596,178,418,0.2986577181208054
golemfoundation/octant,2025-05,control,0,,0,,0,0,0,0,0,0,0,0,0,0,0,0,0,0,83,13861,1682,4,0.0,0.0,434.0,94964.0,46439,1,1,1,1,5c0dc4136764469a7c0534259de19149432d7902,688,688,0,ok,1,2161,736,1425,0.3405830633965757,1540,548,992,0.35584415584415585,621,188,433,0.3027375201288245
golemfoundation/octant,2025-06,control,0,,0,,0,0,0,0,0,0,0,0,0,0,0,0,0,0,32,26666,2514,5,0.0,0.0,465.0,96067.0,49514,1,1,1,1,8bf82677329ba82b25e1326cf8d2178179666c31,696,696,0,ok,1,2187,745,1442,0.3406492912665752,1563,555,1008,0.3550863723608445,624,190,434,0.30448717948717946
golemfoundation/octant,2025-07,control,0,,0,,0,0,0,0,0,0,0,0,0,0,0,0,0,0,33,1717,3024,5,0.0,0.0,495.0,95220.0,48639,1,1,1,1,e6d9f38d8706053686580270c078572970854771,698,698,0,ok,1,2192,749,1443,0.3416970802919708,1568,559,1009,0.3565051020408163,624,190,434,0.30448717948717946
golemfoundation/octant,2025-08,control,0,,0,,0,0,0,0,0,0,0,0,0,0,0,0,0,0,8,114,36,3,0.0,0.0,526.0,95246.0,48639,1,1,1,1,83e83843f1216240b3d08482bb0ceb9f0e7af3cc,698,698,0,ok,1,2192,749,1443,0.3416970802919708,1568,559,1009,0.3565051020408163,624,190,434,0.30448717948717946
infected4098/Wave-U-Mamba,2024-09,control,0,,0,,0,0,0,0,0,0,0,0,0,0,0,0,0,0,51,46302,102,1,5.0,0.0,0.0,1072.0,1079,1,1,1,1,cc4e824d893a2efff44332e3c45444b929aa3eb2,9,9,0,ok,1,54,17,37,0.3148148148148148,42,17,25,0.40476190476190477,12,0,12,0.0
infected4098/Wave-U-Mamba,2024-10,control,0,,0,,0,0,0,0,0,0,0,0,0,0,0,0,0,0,1,1,0,1,3.0,0.0,12.0,1072.0,1079,1,1,1,1,72a274301a3db93ea802a55fb57cb8b1fc795977,9,9,0,ok,1,54,17,37,0.3148148148148148,42,17,25,0.40476190476190477,12,0,12,0.0
infected4098/Wave-U-Mamba,2024-12,control,0,,0,,0,0,0,0,0,0,0,0,0,0,0,0,0,0,1,1,1,1,0.0,0.0,73.0,1072.0,1079,1,1,1,1,ab4c34a5d55064c3c3a39690d04ddf667156eb18,9,9,0,ok,1,54,17,37,0.3148148148148148,42,17,25,0.40476190476190477,12,0,12,0.0
infected4098/Wave-U-Mamba,2025-02,control,0,,0,,0,0,0,0,0,0,0,0,0,0,0,0,0,0,4,23,19,1,1.0,0.0,135.0,1072.0,1079,1,1,1,1,7e34edb139b94658fa0f48826fd4675671c178c8,9,9,0,ok,1,54,17,37,0.3148148148148148,42,17,25,0.40476190476190477,12,0,12,0.0
infected4098/Wave-U-Mamba,2025-05,control,0,,0,,0,0,0,0,0,0,0,0,0,0,0,0,0,0,3,4,5,1,0.0,2.0,224.0,1072.0,1079,1,1,1,1,b46278aba1466033350f5c08a90a729dc86f5fd6,9,9,0,ok,1,54,17,37,0.3148148148148148,42,17,25,0.40476190476190477,12,0,12,0.0
infected4098/Wave-U-Mamba,2025-06,control,0,,0,,0,0,0,0,0,0,0,0,0,0,0,0,0,0,1,1,1,1,1.0,0.0,255.0,1072.0,1079,1,1,1,1,46ef1bca128877f71d6f45272f3e4c3ffe6c7c1d,9,9,0,ok,1,54,17,37,0.3148148148148148,42,17,25,0.40476190476190477,12,0,12,0.0
infected4098/Wave-U-Mamba,2025-08,control,0,,0,,0,0,0,0,0,0,0,0,0,0,0,0,0,0,12,361,41,1,1.0,0.0,316.0,1337.0,1344,1,1,1,1,aad5111d1c0a6825c5749aab2553388646a9acb1,10,10,0,ok,1,65,18,47,0.27692307692307694,46,18,28,0.391304347826087,19,0,19,0.0
itsKayWat/MindfulShift-2025,2024-12,control,0,,0,,0,0,0,0,0,0,0,0,0,0,0,0,0,0,12,934,1,1,3.0,0.0,0.0,709.0,622,1,1,1,1,62580ae5a421715874056e57a2b88ccf349dc137,4,4,0,ok,1,3,0,3,0.0,1,0,1,0.0,2,0,2,0.0
jacebrowning/datafiles,2024-01,control,0,,0,,0,0,0,0,0,0,0,0,0,0,0,0,0,0,7,186,136,2,1.0,2.0,1982.0,4451.0,4272,1,1,1,1,47ae5be927e7c079ca0b9a6b01b811bf9ffcf9bd,47,47,0,ok,1,176,50,126,0.2840909090909091,103,19,84,0.18446601941747573,73,31,42,0.4246575342465753
jacebrowning/datafiles,2024-03,control,0,,0,,0,0,0,0,0,0,0,0,0,0,0,0,0,0,2,80,108,2,2.0,1.0,2042.0,4451.0,4272,1,1,1,1,fc623e81f9e7476938a04e191b471aa90dc11d76,47,47,0,ok,1,176,50,126,0.2840909090909091,103,19,84,0.18446601941747573,73,31,42,0.4246575342465753
jacebrowning/datafiles,2024-05,control,0,,0,,0,0,0,0,0,0,0,0,0,0,0,0,0,0,21,3413,1452,2,1.0,1.0,2103.0,4465.0,4294,1,1,1,1,59566a650f2624f2fc214bd9d8b3c5e7d825da57,47,47,0,ok,1,177,50,127,0.2824858757062147,104,19,85,0.18269230769230768,73,31,42,0.4246575342465753
jacebrowning/datafiles,2024-07,control,0,,0,,0,0,0,0,0,0,0,0,0,0,0,0,0,0,18,103,94,2,0.0,1.0,2164.0,4465.0,4294,1,1,1,1,8840d02caab67fec49efe08a7912d1f39949a100,47,47,0,ok,1,177,50,127,0.2824858757062147,104,19,85,0.18269230769230768,73,31,42,0.4246575342465753
jacebrowning/datafiles,2024-08,control,0,,0,,0,0,0,0,0,0,0,0,0,0,0,0,0,0,4,92,14,2,1.0,0.0,2195.0,4465.0,4294,1,1,1,1,03281501945c2ae93ad35c5a618178d65bb2d0d8,47,47,0,ok,1,177,50,127,0.2824858757062147,104,19,85,0.18269230769230768,73,31,42,0.4246575342465753
jacebrowning/datafiles,2024-10,control,0,,0,,0,0,0,0,0,0,0,0,0,0,0,0,0,0,2,2076,384,1,0.0,0.0,2256.0,4487.0,4310,1,1,1,1,46280de29975a61a5d4cd09f36c806a2fb7db769,47,47,0,ok,1,178,49,129,0.2752808988764045,104,18,86,0.17307692307692307,74,31,43,0.4189189189189189
jacebrowning/datafiles,2024-11,control,0,,0,,0,0,0,0,0,0,0,0,0,0,0,0,0,0,4,442,410,2,2.0,0.0,2287.0,4487.0,4310,1,1,1,1,51ad26394a2b99ed8dfab0bd1538abfca73db233,47,47,0,ok,1,178,49,129,0.2752808988764045,104,18,86,0.17307692307692307,74,31,43,0.4189189189189189
jacebrowning/datafiles,2025-02,control,0,,0,,0,0,0,0,0,0,0,0,0,0,0,0,0,0,15,1013,645,2,0.0,2.0,2379.0,4471.0,4294,1,1,1,1,4c2b99a126d0f7ad8d13f5c55e098b07c3f51045,47,47,0,ok,1,177,48,129,0.2711864406779661,103,18,85,0.17475728155339806,74,30,44,0.40540540540540543
jacebrowning/datafiles,2025-04,control,0,,0,,0,0,0,0,0,0,0,0,0,0,0,0,0,0,5,67,69,2,3.0,0.0,2438.0,4471.0,4294,1,1,1,1,e07b38ed8d6e89f0887aa5ec6712934467742b36,47,47,0,ok,1,177,48,129,0.2711864406779661,103,18,85,0.17475728155339806,74,30,44,0.40540540540540543
jacebrowning/datafiles,2025-05,control,0,,0,,0,0,0,0,0,0,0,0,0,0,0,0,0,0,4,48,46,2,0.0,0.0,2468.0,4471.0,4294,1,1,1,1,7516af8388fd968e6b7abbfb0df7d51d658142d2,47,47,0,ok,1,177,48,129,0.2711864406779661,103,18,85,0.17475728155339806,74,30,44,0.40540540540540543
jacebrowning/datafiles,2025-06,control,0,,0,,0,0,0,0,0,0,0,0,0,0,0,0,0,0,3,23,18,2,0.0,0.0,2499.0,4471.0,4294,1,1,1,1,cb3628112394669d5a93a5804f4d6e23cf161eba,47,47,0,ok,1,177,48,129,0.2711864406779661,103,18,85,0.17475728155339806,74,30,44,0.40540540540540543
jacebrowning/datafiles,2025-07,control,0,,0,,0,0,0,0,0,0,0,0,0,0,0,0,0,0,2,416,434,2,1.0,0.0,2529.0,4471.0,4294,1,1,1,1,a7737126dae693f755013f0fcd11df7867274df6,47,47,0,ok,1,177,48,129,0.2711864406779661,103,18,85,0.17475728155339806,74,30,44,0.40540540540540543
jfcrenshaw/pzflow,2024-02,control,0,,0,,0,0,0,0,0,0,0,0,0,0,0,0,0,0,2,2468,1051,1,1.0,0.0,1119.0,2970.0,3667,1,1,1,1,f306c4b563b9027317660ea2f4b18f986c7da23f,15,15,0,ok,1,76,12,64,0.15789473684210525,61,8,53,0.13114754098360656,15,4,11,0.26666666666666666
jfcrenshaw/pzflow,2024-05,control,0,,0,,0,0,0,0,0,0,0,0,0,0,0,0,0,0,1,29,3,1,0.0,0.0,1209.0,2970.0,3667,1,1,1,1,2e6bdfe6862225c05e0372c8080d0f9cc5afdf84,15,15,0,ok,1,76,12,64,0.15789473684210525,61,8,53,0.13114754098360656,15,4,11,0.26666666666666666
jfcrenshaw/pzflow,2025-02,control,0,,0,,0,0,0,0,0,0,0,0,0,0,0,0,0,0,1,17,7,1,0.0,0.0,1485.0,2970.0,3667,1,1,1,1,3c8fb336ba897d68f1cf21923b8f5ecf5d488dce,15,15,0,ok,1,76,12,64,0.15789473684210525,61,8,53,0.13114754098360656,15,4,11,0.26666666666666666
jfcrenshaw/pzflow,2025-03,control,0,,0,,0,0,0,0,0,0,0,0,0,0,0,0,0,0,3,2642,1857,3,0.0,0.0,1513.0,3053.0,3737,1,1,1,1,b3fb837cff6d758a28063c4cd82489d9607ab086,15,15,0,ok,1,78,12,66,0.15384615384615385,63,8,55,0.12698412698412698,15,4,11,0.26666666666666666
jinli99/iShapEditing,2024-03,control,0,,0,,0,0,0,0,0,0,0,0,0,0,0,0,0,0,2,219,6097,1,0.0,0.0,0.0,6683.0,7299,1,1,1,1,34a919a6d560de57cc53e0f6ac2fc1ab4ad221b4,25,25,0,ok,1,182,50,132,0.27472527472527475,128,42,86,0.328125,54,8,46,0.14814814814814814
jinli99/iShapEditing,2024-11,control,0,,0,,0,0,0,0,0,0,0,0,0,0,0,0,0,0,6,3943057,3028,1,0.0,0.0,0.0,4966.0,5142,1,1,1,1,f54cef1642f690584743e334719c29057c5021c5,19,19,0,ok,1,153,46,107,0.3006535947712418,104,39,65,0.375,49,7,42,0.14285714285714285
jinli99/iShapEditing,2025-03,control,0,,0,,0,0,0,0,0,0,0,0,0,0,0,0,0,0,1,8,191,1,1.0,0.0,96.0,4958.0,5142,1,1,1,1,15b20e3aa435cee574a8737406274fad79684f46,19,19,0,ok,1,153,46,107,0.3006535947712418,104,39,65,0.375,49,7,42,0.14285714285714285
jrowellfx/lsseq,2024-08,control,0,,0,,0,0,0,0,0,0,0,0,0,0,0,0,0,0,1,1,0,1,0.0,1.0,3445.0,1229.0,1225,1,1,1,1,bc8ffb55c8daa8f20b7e7a8719fa2b76ccfe66b2,5,5,0,ok,1,13,0,13,0.0,13,0,13,0.0,0,0,0,
jrowellfx/lsseq,2024-09,control,0,,0,,0,0,0,0,0,0,0,0,0,0,0,0,0,0,6,1456,73,1,0.0,1.0,3476.0,1237.0,1233,1,1,1,1,96360c8bfaa7ed89f2c960ad4a29e8ef7db897b1,5,5,0,ok,1,13,0,13,0.0,13,0,13,0.0,0,0,0,
jrowellfx/lsseq,2025-01,control,0,,0,,0,0,0,0,0,0,0,0,0,0,0,0,0,0,7,421,320,1,0.0,0.0,3598.0,1237.0,1233,1,1,1,1,33fdeb75f45ce68886426ea75834ff8665dfe997,5,5,0,ok,1,13,0,13,0.0,13,0,13,0.0,0,0,0,
jrowellfx/lsseq,2025-02,control,0,,0,,0,0,0,0,0,0,0,0,0,0,0,0,0,0,22,2837,1745,1,0.0,1.0,3629.0,1163.0,1159,1,1,1,1,67c18e755dfa7d4a4dd13d42d2220decd4c14003,3,3,0,ok,1,12,0,12,0.0,12,0,12,0.0,0,0,0,
jrowellfx/lsseq,2025-03,control,0,,0,,0,0,0,0,0,0,0,0,0,0,0,0,0,0,1,2,2,1,0.0,0.0,3657.0,1163.0,1159,1,1,1,1,abeb578da7493eab66fb57a4838c9964215eff09,3,3,0,ok,1,12,0,12,0.0,12,0,12,0.0,0,0,0,
jrowellfx/lsseq,2025-05,control,0,,0,,0,0,0,0,0,0,0,0,0,0,0,0,0,0,3,373,304,1,0.0,0.0,3718.0,1163.0,1159,1,1,1,1,aa7bae917c7d060107eae29b3c6917cd9395781a,3,3,0,ok,1,12,0,12,0.0,12,0,12,0.0,0,0,0,
jrowellfx/lsseq,2025-06,control,0,,0,,0,0,0,0,0,0,0,0,0,0,0,0,0,0,10,467,227,1,0.0,0.0,3749.0,1177.0,1173,1,1,1,1,51a5dda0792e4fef5cf285a40c1fdc82632c7392,3,3,0,ok,1,12,0,12,0.0,12,0,12,0.0,0,0,0,
jrowellfx/lsseq,2025-07,control,0,,0,,0,0,0,0,0,0,0,0,0,0,0,0,0,0,10,1156,270,1,1.0,0.0,3779.0,1273.0,1269,1,1,1,1,b7c7717552b933edf0f4ce3874b7070178240964,3,3,0,ok,1,13,0,13,0.0,13,0,13,0.0,0,0,0,
kangtegong/pyftrace,2024-10,control,0,,0,,0,0,0,0,0,0,0,0,0,0,0,0,0,0,3,12,8,1,8.0,0.0,0.0,442.0,449,1,1,1,1,fab1b1bf2ae24ff71f8b1040b28b88e48e3d6d8b,15,15,0,ok,1,22,16,6,0.7272727272727273,20,16,4,0.8,2,0,2,0.0
kangtegong/pyftrace,2024-11,control,0,,0,,0,0,0,0,0,0,0,0,0,0,0,0,0,0,43,2489,983,1,1.0,1.0,5.0,1128.0,1181,1,1,1,1,373230846a173df3e9578cd397331871ffb8a0ce,23,23,0,ok,1,33,20,13,0.6060606060606061,28,20,8,0.7142857142857143,5,0,5,0.0
kangtegong/pyftrace,2024-12,control,0,,0,,0,0,0,0,0,0,0,0,0,0,0,0,0,0,9,966,439,1,8.0,1.0,35.0,1187.0,1240,1,1,1,1,d7ec34c5d81f03d7960a7bac1c2cbc57f3c5e9a3,25,25,0,ok,1,33,20,13,0.6060606060606061,28,20,8,0.7142857142857143,5,0,5,0.0
kangtegong/pyftrace,2025-03,control,0,,0,,0,0,0,0,0,0,0,0,0,0,0,0,0,0,5,143,52,1,13.0,0.0,125.0,1248.0,1301,1,1,1,1,185f4b470dd7c599d532b2d4a78583c765b7374d,25,25,0,ok,1,32,20,12,0.625,27,20,7,0.7407407407407407,5,0,5,0.0
kuleshov-group/caduceus,2024-02,control,0,,0,,0,0,0,0,0,0,0,0,0,0,0,0,0,0,5,52,33,1,1.0,0.0,0.0,5281.0,5852,1,1,1,1,33506e2b22e844736de3ab5a2fd6ad3a8dd71053,44,44,0,ok,1,153,17,136,0.1111111111111111,81,15,66,0.18518518518518517,72,2,70,0.027777777777777776
kuleshov-group/caduceus,2024-03,control,0,,0,,0,0,0,0,0,0,0,0,0,0,0,0,0,0,12,259,53,3,75.0,13.0,3.0,5286.0,5858,1,1,1,1,0efeae802dbdb52c904f5c49052419a526dfaa8f,44,44,0,ok,1,153,17,136,0.1111111111111111,81,15,66,0.18518518518518517,72,2,70,0.027777777777777776
kuleshov-group/caduceus,2024-04,control,0,,0,,0,0,0,0,0,0,0,0,0,0,0,0,0,0,2,1031,5,2,20.0,31.0,34.0,5861.0,6250,1,1,1,1,17452f8c4066f5d562fdcfb3e4f28534cdc31015,45,45,0,ok,1,168,21,147,0.125,94,19,75,0.20212765957446807,74,2,72,0.02702702702702703
kuleshov-group/caduceus,2024-05,control,0,,0,,0,0,0,0,0,0,0,0,0,0,0,0,0,0,1,4,4,1,11.0,32.0,64.0,5861.0,6250,1,1,1,1,901884f6a6c9ad82ae36cbfdb056b272d9a4c64a,45,45,0,ok,1,168,21,147,0.125,94,19,75,0.20212765957446807,74,2,72,0.02702702702702703
kuleshov-group/caduceus,2024-06,control,0,,0,,0,0,0,0,0,0,0,0,0,0,0,0,0,0,3,8,2,2,15.0,4.0,95.0,5866.0,6255,1,1,1,1,8f04348b51de01a80e6d3e6dadc9a61f39438cc6,45,45,0,ok,1,168,21,147,0.125,94,19,75,0.20212765957446807,74,2,72,0.02702702702702703
kuleshov-group/caduceus,2024-08,control,0,,0,,0,0,0,0,0,0,0,0,0,0,0,0,0,0,1,1,1,1,1.0,0.0,156.0,5866.0,6255,1,1,1,1,6b451a8b1a8e5d55b76b4e68565ed551fc53de64,45,45,0,ok,1,168,21,147,0.125,94,19,75,0.20212765957446807,74,2,72,0.02702702702702703
kuleshov-group/caduceus,2024-10,control,0,,0,,0,0,0,0,0,0,0,0,0,0,0,0,0,0,4,34,12,1,8.0,9.0,217.0,5887.0,6276,1,1,1,1,2593c807ebfc0aede05e7a991474b1a0e60fdc93,45,45,0,ok,1,168,21,147,0.125,94,19,75,0.20212765957446807,74,2,72,0.02702702702702703
kuleshov-group/caduceus,2025-01,control,0,,0,,0,0,0,0,0,0,0,0,0,0,0,0,0,0,2,2,2,2,5.0,10.0,309.0,5887.0,6276,1,1,1,1,49e3204dfba5bd36b9c6405bca6b0396e04ab9d2,45,45,0,ok,1,168,21,147,0.125,94,19,75,0.20212765957446807,74,2,72,0.02702702702702703
kuleshov-group/caduceus,2025-05,control,0,,0,,0,0,0,0,0,0,0,0,0,0,0,0,0,0,1,25,12,1,6.0,1.0,429.0,5899.0,6289,1,1,1,1,b3824a02dc97960b6301c5b5a0ef4e9c67c3c5cf,45,45,0,ok,1,168,21,147,0.125,94,19,75,0.20212765957446807,74,2,72,0.02702702702702703
kuleshov-group/caduceus,2025-06,control,0,,0,,0,0,0,0,0,0,0,0,0,0,0,0,0,0,3,16,14,2,3.0,2.0,460.0,5899.0,6289,1,1,1,1,0060a6d8079b6a040fc55d505e15972a327b70a6,45,45,0,ok,1,168,21,147,0.125,94,19,75,0.20212765957446807,74,2,72,0.02702702702702703
lancedb/lancedb,2024-04,control,0,,0,,0,0,0,0,0,0,0,0,0,0,0,0,0,0,488,73338,40682,42,208.0,71.0,373.0,15470.0,11847,1,1,1,1,6603414885be64132ee3a1018d5a5d6d7a4191ea,65,65,0,ok,1,297,52,245,0.1750841750841751,225,39,186,0.17333333333333334,72,13,59,0.18055555555555555
lancedb/lancedb,2024-05,control,0,,0,,0,0,0,0,0,0,0,0,0,0,0,0,0,0,70,23889,18028,23,428.0,50.0,403.0,17029.0,12080,1,1,1,1,56b4fd2bd9c5c3077c1c7f6048780aecfbc577e3,68,68,0,ok,1,300,52,248,0.17333333333333334,227,39,188,0.17180616740088106,73,13,60,0.1780821917808219
lancedb/lancedb,2024-06,control,0,,0,,0,0,0,0,0,0,0,0,0,0,0,0,0,0,43,5562,755,14,208.0,35.0,434.0,18589.0,12259,1,1,1,1,865ed998814a5f8666d588b277f3cfa7fa14ce48,69,69,0,ok,1,308,53,255,0.17207792207792208,235,40,195,0.1702127659574468,73,13,60,0.1780821917808219
lancedb/lancedb,2024-07,control,0,,0,,0,0,0,0,0,0,0,0,0,0,0,0,0,0,69,14629,4603,20,288.0,39.0,464.0,20083.0,12592,1,1,1,1,6af69b57ad24f5ea313a98f4b388f68c81a75bc1,72,72,0,ok,1,321,55,266,0.17133956386292834,245,41,204,0.1673469387755102,76,14,62,0.18421052631578946
lancedb/lancedb,2024-08,control,0,,0,,0,0,0,0,0,0,0,0,0,0,0,0,0,0,59,4698,3274,12,199.0,84.0,495.0,20546.0,13311,1,1,1,1,51966a84f582476566daf289589318e9cc2cd0a1,74,74,0,ok,1,339,56,283,0.16519174041297935,258,41,217,0.15891472868217055,81,15,66,0.18518518518518517
lancedb/lancedb,2024-09,control,0,,0,,0,0,0,0,0,0,0,0,0,0,0,0,0,0,63,6359,1565,19,247.0,110.0,526.0,21675.0,14419,1,1,1,1,d6b505477886b48b4868a56481373e2a29a72fcd,76,76,0,ok,1,376,63,313,0.1675531914893617,290,47,243,0.16206896551724137,86,16,70,0.18604651162790697
lancedb/lancedb,2024-10,control,0,,0,,0,0,0,0,0,0,0,0,0,0,0,0,0,0,50,5540,2649,11,326.0,62.0,556.0,21682.0,14985,1,1,1,1,f3fc339ef650517674a22995d81f9ae21e7bae5a,76,76,0,ok,1,393,64,329,0.1628498727735369,301,48,253,0.15946843853820597,92,16,76,0.17391304347826086
lancedb/lancedb,2024-11,control,0,,0,,0,0,0,0,0,0,0,0,0,0,0,0,0,0,87,13001,4565,21,250.0,100.0,587.0,22522.0,15749,1,1,1,1,83e26a231e487673ce6f92dc32e7fe7d8c6d16d0,76,76,0,ok,1,402,63,339,0.15671641791044777,315,49,266,0.15555555555555556,87,14,73,0.16091954022988506
lancedb/lancedb,2024-12,control,0,,0,,0,0,0,0,0,0,0,0,0,0,0,0,0,0,90,8462,3640,13,270.0,62.0,617.0,23524.0,16934,1,1,1,1,92d845fa725cd044db1a10299046031c201febd0,84,84,0,ok,1,427,70,357,0.16393442622950818,339,52,287,0.15339233038348082,88,18,70,0.20454545454545456
lancedb/lancedb,2025-01,control,0,,0,,0,0,0,0,0,0,0,0,0,0,0,0,0,0,89,19604,5401,19,233.0,59.0,648.0,25744.0,19047,1,1,1,1,5e98b7f4c0cf16cdbab10d945c086a5f9ea4be6c,92,92,0,ok,1,490,72,418,0.1469387755102041,392,49,343,0.125,98,23,75,0.23469387755102042
lancedb/lancedb,2025-02,control,0,,0,,0,0,0,0,0,0,0,0,0,0,0,0,0,0,77,6809,4103,11,338.0,58.0,679.0,26921.0,19820,1,1,1,1,dfe4ba8dad580232e4450903a5d1b239b19f8173,93,93,0,ok,1,504,72,432,0.14285714285714285,406,49,357,0.1206896551724138,98,23,75,0.23469387755102042
lancedb/lancedb,2025-03,control,0,,0,,0,0,0,0,0,0,0,0,0,0,0,0,0,0,85,8275,3529,17,240.0,85.0,707.0,28068.0,20531,1,1,1,1,e59f9382a0de2f70b931373b29a11a27824bf639,95,95,0,ok,1,517,73,444,0.14119922630560927,418,48,370,0.11483253588516747,99,25,74,0.25252525252525254
lancedb/lancedb,2025-04,control,0,,0,,0,0,0,0,0,0,0,0,0,0,0,0,0,0,104,9034,3472,16,284.0,41.0,738.0,29375.0,22413,1,1,1,1,3cc670ac3860bb9990d89f61d9b1644b0e4c658f,96,96,0,ok,1,557,82,475,0.14721723518850988,446,53,393,0.11883408071748879,111,29,82,0.26126126126126126
lancedb/lancedb,2025-05,control,0,,0,,0,0,0,0,0,0,0,0,0,0,0,0,0,0,64,4596,2800,13,181.0,16.0,768.0,30103.0,22693,1,1,1,1,0525c055fcc6b25297084bdaddc072d206345df1,96,96,0,ok,1,560,82,478,0.14642857142857144,449,53,396,0.11804008908685969,111,29,82,0.26126126126126126
lancedb/lancedb,2025-06,control,0,,0,,0,0,0,0,0,0,0,0,0,0,0,0,0,0,46,3437,2100,12,198.0,23.0,799.0,30612.0,23177,1,1,1,1,1dadb2aefa8c7e20098f8bdd4fad45383a8ebab7,97,97,0,ok,1,579,88,491,0.15198618307426598,465,55,410,0.11827956989247312,114,33,81,0.2894736842105263
lancedb/lancedb,2025-07,control,0,,0,,0,0,0,0,0,0,0,0,0,0,0,0,0,0,54,3852,1478,16,208.0,15.0,829.0,31373.0,23477,1,1,1,1,c7afa724ddf1a3a5ff0633edc75c93570b9a5689,98,98,0,ok,1,591,91,500,0.15397631133671744,477,58,419,0.12159329140461216,114,33,81,0.2894736842105263
lancedb/lancedb,2025-08,control,0,,0,,0,0,0,0,0,0,0,0,0,0,0,0,0,0,36,6471,15209,13,129.0,19.0,860.0,28931.0,25580,1,1,1,1,47747287b616d4a2f1dd14f811f218e3caee7f8d,102,102,0,ok,1,619,98,521,0.1583198707592892,496,64,432,0.12903225806451613,123,34,89,0.2764227642276423
loml13yyy/AtlassianConfluence-RCE,2024-10,control,0,,0,,0,0,0,0,0,0,0,0,0,0,0,0,0,0,7,86,2,1,12.0,0.0,0.0,52.0,52,1,1,1,1,8797c797dcc297faedda1f621fa6ccbec7353409,1,1,0,ok,1,3,2,1,0.6666666666666666,3,2,1,0.6666666666666666,0,0,0,
loml13yyy/yyGRPU8,2024-10,control,0,,0,,0,0,0,0,0,0,0,0,0,0,0,0,0,0,6,81,2,1,11.0,0.0,0.0,50.0,50,1,1,1,1,077ec2e2c3514c462932606ac3f94ebeb0efeabb,1,1,0,ok,1,3,2,1,0.6666666666666666,3,2,1,0.6666666666666666,0,0,0,
markmelnic/stealthenium,2024-08,control,0,,0,,0,0,0,0,0,0,0,0,0,0,0,0,0,0,1,0,0,1,2.0,0.0,0.0,2204.0,353,1,1,1,1,8c4385c84ea10efb27698a37fcbc9bdeab400405,20,20,0,ok,1,22,6,16,0.2727272727272727,22,6,16,0.2727272727272727,0,0,0,
markmelnic/stealthenium,2024-10,control,0,,0,,0,0,0,0,0,0,0,0,0,0,0,0,0,0,2,13,13,1,6.0,2.0,38.0,2204.0,353,1,1,1,1,8c2d8f30fc48c12382cd8f007922022621d9a3e0,20,20,0,ok,1,22,6,16,0.2727272727272727,22,6,16,0.2727272727272727,0,0,0,
markmelnic/stealthenium,2025-02,control,0,,0,,0,0,0,0,0,0,0,0,0,0,0,0,0,0,1,24,12,1,0.0,2.0,161.0,2208.0,357,1,1,1,1,339208d8978d3d15f971f0e4460097553071dfb2,20,20,0,ok,1,22,6,16,0.2727272727272727,22,6,16,0.2727272727272727,0,0,0,
microsoft/AzureTRE,2024-01,control,0,,0,,0,0,0,0,0,0,0,0,0,0,0,0,0,0,6,1223,980,4,3.0,18.0,1032.0,40025.0,19819,1,1,1,1,31960894e15266f6ae76a4b7c1028cf9cc6bc459,272,272,0,ok,1,995,194,801,0.19497487437185929,797,135,662,0.16938519447929737,198,59,139,0.29797979797979796
microsoft/AzureTRE,2024-02,control,0,,0,,0,0,0,0,0,0,0,0,0,0,0,0,0,0,13,157,58,5,4.0,19.0,1063.0,40058.0,19856,1,1,1,1,b2caab3b6e18e696abe751d3d7606677b968dc5f,272,272,0,ok,1,996,194,802,0.19477911646586346,798,135,663,0.16917293233082706,198,59,139,0.29797979797979796
microsoft/AzureTRE,2024-03,control,0,,0,,0,0,0,0,0,0,0,0,0,0,0,0,0,0,2,799,713,1,1.0,6.0,1092.0,40064.0,19862,1,1,1,1,ddddbf6e3e8d13db477f70dc2ca8048dd12c563a,272,272,0,ok,1,996,194,802,0.19477911646586346,798,135,663,0.16917293233082706,198,59,139,0.29797979797979796
microsoft/AzureTRE,2024-04,control,0,,0,,0,0,0,0,0,0,0,0,0,0,0,0,0,0,8,444,266,3,3.0,20.0,1123.0,40093.0,19862,1,1,1,1,cb59c99233575b096207e6afc288af9da7ee0256,272,272,0,ok,1,996,194,802,0.19477911646586346,798,135,663,0.16917293233082706,198,59,139,0.29797979797979796
microsoft/AzureTRE,2024-05,control,0,,0,,0,0,0,0,0,0,0,0,0,0,0,0,0,0,10,498,115,4,3.0,38.0,1153.0,40143.0,19899,1,1,1,1,1ffb09baf37f4599adfd65b4259fdda7564da408,272,272,0,ok,1,998,194,804,0.19438877755511022,800,135,665,0.16875,198,59,139,0.29797979797979796
microsoft/AzureTRE,2024-06,control,0,,0,,0,0,0,0,0,0,0,0,0,0,0,0,0,0,12,763,294,4,3.0,43.0,1184.0,40193.0,19927,1,1,1,1,9e49ed69d1ca074f7cae54647bd16001e59644a8,272,272,0,ok,1,1000,193,807,0.193,802,134,668,0.16708229426433915,198,59,139,0.29797979797979796
microsoft/AzureTRE,2024-07,control,0,,0,,0,0,0,0,0,0,0,0,0,0,0,0,0,0,7,697,32,3,2.0,19.0,1214.0,40385.0,19929,1,1,1,1,6d51acec45c4ae60a66bbfdf0d35d8b1c9158ff9,272,272,0,ok,1,1000,193,807,0.193,802,134,668,0.16708229426433915,198,59,139,0.29797979797979796
microsoft/AzureTRE,2024-08,control,0,,0,,0,0,0,0,0,0,0,0,0,0,0,0,0,0,15,2105,1812,2,7.0,19.0,1245.0,40418.0,19929,1,1,1,1,c3e4c8db9b8e548c2d498e34a6aa4a5796852401,272,272,0,ok,1,1000,193,807,0.193,802,134,668,0.16708229426433915,198,59,139,0.29797979797979796
microsoft/AzureTRE,2024-09,control,0,,0,,0,0,0,0,0,0,0,0,0,0,0,0,0,0,8,1655,561,5,4.0,23.0,1276.0,40607.0,19931,1,1,1,1,93e9a375c1ed7b2132bb470ae16c12130c183a8a,272,272,0,ok,1,1000,193,807,0.193,802,134,668,0.16708229426433915,198,59,139,0.29797979797979796
microsoft/AzureTRE,2024-10,control,0,,0,,0,0,0,0,0,0,0,0,0,0,0,0,0,0,2,609,410,2,2.0,9.0,1306.0,40791.0,19978,1,1,1,1,8d27d595498ccf4c2cd45a9af859bc435061a61e,273,273,0,ok,1,1006,197,809,0.19582504970178927,807,138,669,0.17100371747211895,199,59,140,0.2964824120603015
microsoft/AzureTRE,2024-11,control,0,,0,,0,0,0,0,0,0,0,0,0,0,0,0,0,0,18,1640,2737,6,2.0,33.0,1337.0,40580.0,20001,1,1,1,1,90274e55ab850d156c5983ced2175977ef3f0158,273,273,0,ok,1,1009,197,812,0.1952428146679881,810,138,672,0.17037037037037037,199,59,140,0.2964824120603015
microsoft/AzureTRE,2024-12,control,0,,0,,0,0,0,0,0,0,0,0,0,0,0,0,0,0,34,4242,2972,8,3.0,64.0,1367.0,41235.0,20016,1,1,1,1,f26ab35bba859924524e39d25fa75623bd8616a5,273,273,0,ok,1,1009,197,812,0.1952428146679881,810,138,672,0.17037037037037037,199,59,140,0.2964824120603015
microsoft/AzureTRE,2025-01,control,0,,0,,0,0,0,0,0,0,0,0,0,0,0,0,0,0,11,967,897,6,2.0,55.0,1398.0,41319.0,20016,1,1,1,1,7c88fe498de3dabc9adb2bfd0122d1f49f246a5b,273,273,0,ok,1,1009,197,812,0.1952428146679881,810,138,672,0.17037037037037037,199,59,140,0.2964824120603015
microsoft/AzureTRE,2025-02,control,0,,0,,0,0,0,0,0,0,0,0,0,0,0,0,0,0,39,14354,16749,8,7.0,100.0,1429.0,44420.0,20500,1,1,1,1,3fcbdf9c6df25ccd3500702bff952e95766fa6d2,277,277,0,ok,1,1045,202,843,0.19330143540669856,845,143,702,0.16923076923076924,200,59,141,0.295
microsoft/AzureTRE,2025-03,control,0,,0,,0,0,0,0,0,0,0,0,0,0,0,0,0,0,16,750,721,8,4.0,44.0,1457.0,44442.0,20497,1,1,1,1,cba92f16d3d386ac2121cc45514023290f044033,277,277,0,ok,1,1045,202,843,0.19330143540669856,845,143,702,0.16923076923076924,200,59,141,0.295
microsoft/AzureTRE,2025-04,control,0,,0,,0,0,0,0,0,0,0,0,0,0,0,0,0,0,22,2893,965,8,3.0,65.0,1488.0,45569.0,21130,1,1,1,1,95172bd84e7770b56d22702d2e1e38d5bda4471f,282,282,0,ok,1,1078,211,867,0.19573283858998144,868,148,720,0.17050691244239632,210,63,147,0.3
microsoft/AzureTRE,2025-05,control,0,,0,,0,0,0,0,0,0,0,0,0,0,0,0,0,0,26,2346,1587,10,3.0,58.0,1518.0,45665.0,20844,1,1,1,1,1b6f9e09e9b5ae512b6ba9ec9e1939702f731d48,278,278,0,ok,1,1072,211,861,0.19682835820895522,866,149,717,0.1720554272517321,206,62,144,0.30097087378640774
microsoft/AzureTRE,2025-06,control,0,,0,,0,0,0,0,0,0,0,0,0,0,0,0,0,0,17,1955,866,4,2.0,21.0,1549.0,46255.0,20871,1,1,1,1,0819afd148f6ac86c55d5544dab64992729d65c5,278,278,0,ok,1,1072,211,861,0.19682835820895522,866,149,717,0.1720554272517321,206,62,144,0.30097087378640774
microsoft/AzureTRE,2025-07,control,0,,0,,0,0,0,0,0,0,0,0,0,0,0,0,0,0,18,19833,9428,5,2.0,16.0,1579.0,47032.0,21015,1,1,1,1,34186de64f16e3bd0ee122bd84d107626b168cea,278,278,0,ok,1,1076,212,864,0.1970260223048327,869,150,719,0.17261219792865362,207,62,145,0.2995169082125604
microsoft/semantic-link-labs,2024-05,control,0,,0,,0,0,0,0,0,0,0,0,0,0,0,0,0,0,26,28885,1113,5,15.0,0.0,0.0,6791.0,7224,1,1,1,1,1c01a9e709f2a7fa2371f91b24f281353de3b36b,48,48,0,ok,1,113,13,100,0.11504424778761062,113,13,100,0.11504424778761062,0,0,0,
microsoft/semantic-link-labs,2024-06,control,0,,0,,0,0,0,0,0,0,0,0,0,0,0,0,0,0,33,24548,18927,5,31.0,0.0,15.0,10600.0,13612,1,1,1,1,6c76ccb5d8ce76b36dd9930ea5d8285975ab5dee,52,52,0,ok,1,128,14,114,0.109375,127,13,114,0.10236220472440945,1,1,0,1.0
microsoft/semantic-link-labs,2024-07,control,0,,0,,0,0,0,0,0,0,0,0,0,0,0,0,0,0,64,43564,8197,3,43.0,24.0,45.0,11333.0,14673,1,1,1,1,c4a849f59f7818b8f9a04b86f63eea7fcd3a1754,53,53,0,ok,1,144,14,130,0.09722222222222222,143,13,130,0.09090909090909091,1,1,0,1.0
microsoft/semantic-link-labs,2024-08,control,0,,0,,0,0,0,0,0,0,0,0,0,0,0,0,0,0,145,66570,29506,3,15.0,40.0,76.0,12648.0,16197,1,1,1,1,7c15bce2bc4c68dce4c528a7d1d5f7e40f9601c3,57,57,0,ok,1,180,21,159,0.11666666666666667,179,20,159,0.11173184357541899,1,1,0,1.0
microsoft/semantic-link-labs,2024-09,control,0,,0,,0,0,0,0,0,0,0,0,0,0,0,0,0,0,200,43850,8410,2,26.0,29.0,107.0,17660.0,22386,1,1,1,1,5cb77410f124034dd353ace32e3e9ce6e82ecd5d,74,74,0,ok,1,256,32,224,0.125,249,31,218,0.12449799196787148,7,1,6,0.14285714285714285
microsoft/semantic-link-labs,2024-10,control,0,,0,,0,0,0,0,0,0,0,0,0,0,0,0,0,0,133,8681,3044,3,28.0,41.0,137.0,19274.0,24767,1,1,1,1,bf1631b9fa801987b0e3a10e0bbe8c9b55f6d090,90,90,0,ok,1,304,41,263,0.13486842105263158,298,41,257,0.13758389261744966,6,0,6,0.0
microsoft/semantic-link-labs,2024-11,control,0,,0,,0,0,0,0,0,0,0,0,0,0,0,0,0,0,96,9519,3183,7,22.0,51.0,168.0,20530.0,26710,1,1,1,1,f7a524b25e8a23f4430eaf86af63312f3be98c30,97,97,0,ok,1,343,46,297,0.13411078717201166,336,46,290,0.13690476190476192,7,0,7,0.0
microsoft/semantic-link-labs,2024-12,control,0,,0,,0,0,0,0,0,0,0,0,0,0,0,0,0,0,128,8649,4945,5,20.0,39.0,198.0,21064.0,27419,1,1,1,1,3192a7a1f81874217a19fe51cf5faf6b89c4dfd1,97,97,0,ok,1,359,55,304,0.1532033426183844,352,55,297,0.15625,7,0,7,0.0
microsoft/semantic-link-labs,2025-01,control,0,,0,,0,0,0,0,0,0,0,0,0,0,0,0,0,0,122,10791,5640,4,14.0,17.0,229.0,22352.0,29104,1,1,1,1,776b52d48d9371c46adf6d76c0a65cbc2f9f56eb,104,104,0,ok,1,405,52,353,0.12839506172839507,398,52,346,0.1306532663316583,7,0,7,0.0
microsoft/semantic-link-labs,2025-02,control,0,,0,,0,0,0,0,0,0,0,0,0,0,0,0,0,0,141,40278,33853,6,21.0,60.0,260.0,24126.0,31522,1,1,1,1,c782680363921e762765a71cbad3185230e1c683,115,115,0,ok,1,443,68,375,0.15349887133182843,435,67,368,0.15402298850574714,8,1,7,0.125
microsoft/semantic-link-labs,2025-03,control,0,,0,,0,0,0,0,0,0,0,0,0,0,0,0,0,0,166,7004,3667,5,26.0,37.0,288.0,25396.0,33260,1,1,1,1,694a1bdf88b0fefafdaaec2edcd62589d06cfb8f,123,123,0,ok,1,484,88,396,0.18181818181818182,476,87,389,0.18277310924369747,8,1,7,0.125
microsoft/semantic-link-labs,2025-04,control,0,,0,,0,0,0,0,0,0,0,0,0,0,0,0,0,0,88,3515,1193,5,30.0,45.0,319.0,25709.0,34254,1,1,1,1,f387d9155c343d58eda592671427942be01377d1,130,130,0,ok,1,503,91,412,0.18091451292246521,495,90,405,0.18181818181818182,8,1,7,0.125
microsoft/semantic-link-labs,2025-05,control,0,,0,,0,0,0,0,0,0,0,0,0,0,0,0,0,0,93,12907,9306,4,23.0,35.0,349.0,26842.0,35137,1,1,1,1,f9fb128e8e26e36ddb8bcb976dea5f8427b15ffc,133,133,0,ok,1,516,94,422,0.1821705426356589,508,93,415,0.1830708661417323,8,1,7,0.125
microsoft/semantic-link-labs,2025-06,control,0,,0,,0,0,0,0,0,0,0,0,0,0,0,0,0,0,82,5861,1490,4,19.0,22.0,380.0,29089.0,37751,1,1,1,1,b823ff23680672344bf5511e0423ec63925a4442,141,141,0,ok,1,546,81,465,0.14835164835164835,538,80,458,0.14869888475836432,8,1,7,0.125
microsoft/semantic-link-labs,2025-07,control,0,,0,,0,0,0,0,0,0,0,0,0,0,0,0,0,0,48,4394,2080,3,7.0,19.0,410.0,29462.0,38176,1,1,1,1,87f8538af6f80c30cc45470a8b419587b1de079b,142,142,0,ok,1,548,83,465,0.15145985401459855,540,82,458,0.15185185185185185,8,1,7,0.125
microsoft/semantic-link-labs,2025-08,control,0,,0,,0,0,0,0,0,0,0,0,0,0,0,0,0,0,63,3160,1666,5,10.0,13.0,441.0,30049.0,39114,1,1,1,1,9d837175f9447041834e5a64a72598a21b9a3ff9,144,144,0,ok,1,570,86,484,0.15087719298245614,562,85,477,0.1512455516014235,8,1,7,0.125
monero-project/meta,2025-05,control,0,,0,,0,0,0,0,0,0,0,0,0,0,0,0,0,0,1,6,0,1,,,,,8,0,1,0,0,9ea138331520a3424d603071c6ae1bfcdef1ae9e,1,1,0,ok,1,1,0,1,0.0,0,0,0,,1,0,1,0.0
neuml/rag,2024-07,control,0,,0,,0,0,0,0,0,0,0,0,0,0,0,0,0,0,7,942,11,1,68.0,2.0,0.0,276.0,378,1,1,1,1,dca4d6b1028bfed9f57e13c6ca094ab1ba4ae9c0,1,1,0,ok,1,4,1,3,0.25,1,1,0,1.0,3,0,3,0.0
neuml/rag,2024-08,control,0,,0,,0,0,0,0,0,0,0,0,0,0,0,0,0,0,13,244,60,1,137.0,24.0,6.0,353.0,479,1,1,1,1,c096dadd33dfa976a2c19ba63e59bf6c8f6408e0,1,1,0,ok,1,4,1,3,0.25,1,1,0,1.0,3,0,3,0.0
neuml/rag,2024-09,control,0,,0,,0,0,0,0,0,0,0,0,0,0,0,0,0,0,1,7,2,1,18.0,2.0,37.0,353.0,479,1,1,1,1,112aae1e026e9f264cde8526cd130a96ac3fa0ca,1,1,0,ok,1,4,1,3,0.25,1,1,0,1.0,3,0,3,0.0
neuml/rag,2024-10,control,0,,0,,0,0,0,0,0,0,0,0,0,0,0,0,0,0,2,3,3,1,28.0,7.0,67.0,353.0,479,1,1,1,1,7355bcc0b205395e89c2c923d577f22f2fdd94fc,1,1,0,ok,1,4,1,3,0.25,1,1,0,1.0,3,0,3,0.0
neuml/rag,2024-11,control,0,,0,,0,0,0,0,0,0,0,0,0,0,0,0,0,0,2,7,9,1,15.0,3.0,98.0,353.0,479,1,1,1,1,f12098cfa5c70fa212246239b8160b263c443d9d,1,1,0,ok,1,4,1,3,0.25,1,1,0,1.0,3,0,3,0.0
neuml/rag,2024-12,control,0,,0,,0,0,0,0,0,0,0,0,0,0,0,0,0,0,3,29,5,1,22.0,4.0,128.0,358.0,484,1,1,1,1,19f10e1953da7f4bfbd85594167070974c7336a5,1,1,0,ok,1,4,1,3,0.25,1,1,0,1.0,3,0,3,0.0
neuml/rag,2025-04,control,0,,0,,0,0,0,0,0,0,0,0,0,0,0,0,0,0,2,9,7,1,12.0,2.0,249.0,360.0,486,1,1,1,1,cb600638423fdb6f167ea588fe6c596855a3a392,1,1,0,ok,1,4,1,3,0.25,1,1,0,1.0,3,0,3,0.0
neuml/rag,2025-05,control,0,,0,,0,0,0,0,0,0,0,0,0,0,0,0,0,0,1,7,2,1,17.0,1.0,279.0,362.0,488,1,1,1,1,6cf676d9187be225c20a1482da7d7f325925a081,1,1,0,ok,1,4,1,3,0.25,1,1,0,1.0,3,0,3,0.0
nhw649/EOV-Seg,2024-06,control,0,,0,,0,0,0,0,0,0,0,0,0,0,0,0,0,0,8,11929,76,2,2.0,0.0,0.0,6422.0,6979,1,1,1,1,4de5dcb2128e6e50f79f5ded68f7963dd95dbcf1,38,38,0,ok,1,115,11,104,0.09565217391304348,85,11,74,0.12941176470588237,30,0,30,0.0
nhw649/EOV-Seg,2024-08,control,0,,0,,0,0,0,0,0,0,0,0,0,0,0,0,0,0,1,37,33,1,0.0,0.0,0.0,6419.0,6976,1,1,1,1,9d764139507456d44f9d89abb838f1b569fa9b7e,38,38,0,ok,1,115,11,104,0.09565217391304348,85,11,74,0.12941176470588237,30,0,30,0.0
nhw649/EOV-Seg,2024-12,control,0,,0,,0,0,0,0,0,0,0,0,0,0,0,0,0,0,5,2914,218,1,10.0,8.0,168.0,8302.0,8924,1,1,1,1,6f5e93e9aca6ccae89fe492b24018f8530075fc4,47,47,0,ok,1,131,15,116,0.11450381679389313,99,15,84,0.15151515151515152,32,0,32,0.0
ninareyes1/Simple-Digital-Clock,2025-02,control,0,,0,,0,0,0,0,0,0,0,0,0,0,0,0,0,0,1,0,0,1,18.0,0.0,0.0,4.0,4,1,1,0,0,bff2e4c50c8d83c5407270dc94ad8aa6d4fe9865,1,1,0,ok,1,0,0,0,,0,0,0,,0,0,0,
odoo/industry,2024-08,control,0,,0,,0,0,0,0,0,0,0,0,0,0,0,0,0,0,188,90044,12896,21,2.0,0.0,355.0,62740.0,2717,1,1,1,1,2eda24fd92998c312393fee71e65c5c25fb471ea,40,40,0,ok,1,7,2,5,0.2857142857142857,2,2,0,1.0,5,0,5,0.0
odoo/industry,2024-09,control,0,,0,,0,0,0,0,0,0,0,0,0,0,0,0,0,0,39,16500,2846,3,4.0,0.0,386.0,79415.0,3199,1,1,1,1,363fb6fddebfa90b4696d652a0e31ca4e48a0eef,47,47,0,ok,1,7,2,5,0.2857142857142857,2,2,0,1.0,5,0,5,0.0
odoo/industry,2024-10,control,0,,0,,0,0,0,0,0,0,0,0,0,0,0,0,0,0,24,574872,7648,7,1.0,1.0,416.0,83567.0,3984,1,1,1,1,073b9a1e9b930690aec4826aad0d515608b3d6de,52,52,0,ok,1,7,2,5,0.2857142857142857,2,2,0,1.0,5,0,5,0.0
odoo/industry,2024-11,control,0,,0,,0,0,0,0,0,0,0,0,0,0,0,0,0,0,26,4258,3582,5,0.0,0.0,447.0,85458.0,4103,1,1,1,1,44ed3fa0802163f13d2b23ca0fdc7f50df80d267,53,53,0,ok,1,7,2,5,0.2857142857142857,2,2,0,1.0,5,0,5,0.0
odoo/industry,2024-12,control,0,,0,,0,0,0,0,0,0,0,0,0,0,0,0,0,0,17,5714,3262,4,1.0,0.0,477.0,86489.0,3939,1,1,1,1,b0c6c4833766ee9c4a6f64d2663b8b6d43b9812f,54,54,0,ok,1,7,2,5,0.2857142857142857,2,2,0,1.0,5,0,5,0.0
odoo/industry,2025-01,control,0,,0,,0,0,0,0,0,0,0,0,0,0,0,0,0,0,18,390,526,2,3.0,0.0,508.0,86509.0,3918,1,1,1,1,283fd68724ac1ac1a2a8488549fe2321323729a8,54,54,0,ok,1,7,2,5,0.2857142857142857,2,2,0,1.0,5,0,5,0.0
odoo/industry,2025-02,control,0,,0,,0,0,0,0,0,0,0,0,0,0,0,0,0,0,27,5323,1846,3,4.0,2.0,539.0,87947.0,4041,1,1,1,1,2adb3d9791673f1741ece2bd4c466bcb84eec1a9,55,55,0,ok,1,7,2,5,0.2857142857142857,2,2,0,1.0,5,0,5,0.0
odoo/industry,2025-03,control,0,,0,,0,0,0,0,0,0,0,0,0,0,0,0,0,0,17,12821,1476,1,1.0,0.0,567.0,95138.0,4244,1,1,1,1,513152d9c44bc69b1ceb135ebebea12cf25d5475,58,58,0,ok,1,7,2,5,0.2857142857142857,2,2,0,1.0,5,0,5,0.0
odoo/industry,2025-04,control,0,,0,,0,0,0,0,0,0,0,0,0,0,0,0,0,0,29,12202,645,6,1.0,2.0,598.0,103403.0,4375,1,1,1,1,4e2c17503e81e773ef0ebb4f6994af6bfed3865b,63,63,0,ok,1,7,2,5,0.2857142857142857,2,2,0,1.0,5,0,5,0.0
odoo/industry,2025-05,control,0,,0,,0,0,0,0,0,0,0,0,0,0,0,0,0,0,16,15079,7052,6,5.0,0.0,628.0,107255.0,4531,1,1,1,1,a8a6f11f9a60fdbc90b8eebc17e06560da57185d,70,70,0,ok,1,8,2,6,0.25,2,2,0,1.0,6,0,6,0.0
odoo/industry,2025-06,control,0,,0,,0,0,0,0,0,0,0,0,0,0,0,0,0,0,33,18764,1949,8,0.0,0.0,659.0,117899.0,5172,1,1,1,1,f1b0cfed55870ebe3545246bea18e0da184877de,91,91,0,ok,1,12,2,10,0.16666666666666666,2,2,0,1.0,10,0,10,0.0
odoo/industry,2025-07,control,0,,0,,0,0,0,0,0,0,0,0,0,0,0,0,0,0,46,54041,6052,9,4.0,1.0,689.0,148388.0,6364,1,1,1,1,38289c31553cbbc34554e08e02248dcb9eab12fc,113,113,0,ok,1,15,2,13,0.13333333333333333,2,2,0,1.0,13,0,13,0.0
odoo/industry,2025-08,control,0,,0,,0,0,0,0,0,0,0,0,0,0,0,0,0,0,50,50820,3335,11,3.0,0.0,720.0,173263.0,7329,1,1,1,1,8c7b13a863f1b195aba8b55d132ed9847409ab22,129,129,0,ok,1,18,2,16,0.1111111111111111,4,2,2,0.5,14,0,14,0.0
omkarcloud/amazon-scraper,2024-01,control,0,,0,,0,0,0,0,0,0,0,0,0,0,0,0,0,0,3,30,3,2,5.0,0.0,0.0,256.0,258,1,1,1,1,495f87429d00b88f6af66dc523d970a9c8c83dcc,7,7,0,ok,1,15,9,6,0.6,14,9,5,0.6428571428571429,1,0,1,0.0
peter279k/cdc-data-mirror,2024-01,control,0,,0,,0,0,0,0,0,0,0,0,0,0,0,0,0,0,4198,4198,4198,1,0.0,0.0,599.0,97.0,81,1,1,0,0,1ec83af03e2dea9f9fb35f14b188d8c264ab82cd,2,2,0,ok,1,0,0,0,,0,0,0,,0,0,0,
peter279k/cdc-data-mirror,2024-02,control,0,,0,,0,0,0,0,0,0,0,0,0,0,0,0,0,0,4021,4021,4021,1,1.0,0.0,630.0,97.0,81,1,1,0,0,817e86b2efb17cf75f34cdbe453cd4e60c7223b6,2,2,0,ok,1,0,0,0,,0,0,0,,0,0,0,
peter279k/cdc-data-mirror,2024-03,control,0,,0,,0,0,0,0,0,0,0,0,0,0,0,0,0,0,3709,3709,3709,2,0.0,0.0,659.0,96.0,80,1,1,0,0,54ab7fbca755ad1cfe91fae1478421eb6a95725a,2,2,0,ok,1,0,0,0,,0,0,0,,0,0,0,
peter279k/cdc-data-mirror,2024-04,control,0,,0,,0,0,0,0,0,0,0,0,0,0,0,0,0,0,4071,4071,4071,1,0.0,1.0,690.0,96.0,80,1,1,0,0,fb420c4b9bd5591677e38ca7d5e490382a1d4d3a,2,2,0,ok,1,0,0,0,,0,0,0,,0,0,0,
peter279k/cdc-data-mirror,2024-05,control,0,,0,,0,0,0,0,0,0,0,0,0,0,0,0,0,0,4252,4252,4252,1,0.0,1.0,720.0,96.0,80,1,1,0,0,4f23e48dfc500c4cf4d314811d0dc22c3136caff,2,2,0,ok,1,0,0,0,,0,0,0,,0,0,0,
peter279k/cdc-data-mirror,2024-06,control,0,,0,,0,0,0,0,0,0,0,0,0,0,0,0,0,0,4053,4053,4053,1,0.0,0.0,751.0,96.0,80,1,1,0,0,ea3b2c22233d8fbbb2ca93572145305e59fbc931,2,2,0,ok,1,0,0,0,,0,0,0,,0,0,0,
peter279k/cdc-data-mirror,2024-07,control,0,,0,,0,0,0,0,0,0,0,0,0,0,0,0,0,0,4039,4039,4039,1,0.0,0.0,781.0,96.0,80,1,1,0,0,14344ed41ae7dfac1bd2e9a2378c2aacb232fe42,2,2,0,ok,1,0,0,0,,0,0,0,,0,0,0,
peter279k/cdc-data-mirror,2024-08,control,0,,0,,0,0,0,0,0,0,0,0,0,0,0,0,0,0,3326,3326,3326,1,0.0,0.0,812.0,96.0,80,1,1,0,0,2086a677b74f6c405a267868d647f392974667c0,2,2,0,ok,1,0,0,0,,0,0,0,,0,0,0,
peter279k/cdc-data-mirror,2024-09,control,0,,0,,0,0,0,0,0,0,0,0,0,0,0,0,0,0,1840,1840,1840,1,1.0,0.0,843.0,96.0,80,1,1,0,0,dc55252a60596355d39302b70dcc7aa7753b4295,2,2,0,ok,1,0,0,0,,0,0,0,,0,0,0,
peter279k/cdc-data-mirror,2024-10,control,0,,0,,0,0,0,0,0,0,0,0,0,0,0,0,0,0,2018,2150,2132,1,0.0,0.0,873.0,96.0,80,1,1,0,0,b64ee4d4958690ace007a8a216fe68112cfb93de,2,2,0,ok,1,0,0,0,,0,0,0,,0,0,0,
peter279k/cdc-data-mirror,2024-11,control,0,,0,,0,0,0,0,0,0,0,0,0,0,0,0,0,0,3163,3163,3163,1,0.0,0.0,904.0,96.0,80,1,1,0,0,802150b4bc90a4f062f22397ddaaa4a0e75d411e,2,2,0,ok,1,0,0,0,,0,0,0,,0,0,0,
peter279k/cdc-data-mirror,2024-12,control,0,,0,,0,0,0,0,0,0,0,0,0,0,0,0,0,0,3725,3725,3725,1,2.0,0.0,934.0,96.0,80,1,1,0,0,e4b0e9c54c4ad35b5f1cbeafa60f45d322045619,2,2,0,ok,1,0,0,0,,0,0,0,,0,0,0,
peter279k/cdc-data-mirror,2025-01,control,0,,0,,0,0,0,0,0,0,0,0,0,0,0,0,0,0,4072,4072,4072,1,0.0,0.0,965.0,96.0,80,1,1,0,0,e2d8cc6cf4dbc764e160ff08fa2672e8770b79c3,2,2,0,ok,1,0,0,0,,0,0,0,,0,0,0,
peter279k/cdc-data-mirror,2025-02,control,0,,0,,0,0,0,0,0,0,0,0,0,0,0,0,0,0,3619,3619,3619,1,0.0,0.0,996.0,96.0,80,1,1,0,0,50beb9e349a35f2a08acaf27ce7b67111ae56966,2,2,0,ok,1,0,0,0,,0,0,0,,0,0,0,
peter279k/cdc-data-mirror,2025-03,control,0,,0,,0,0,0,0,0,0,0,0,0,0,0,0,0,0,3865,3865,3865,1,0.0,0.0,1024.0,96.0,80,1,1,0,0,2d163a8262fd570b4c266f6a43b78e30b5d176fe,2,2,0,ok,1,0,0,0,,0,0,0,,0,0,0,
peter279k/cdc-data-mirror,2025-04,control,0,,0,,0,0,0,0,0,0,0,0,0,0,0,0,0,0,3462,3462,3462,2,0.0,0.0,1055.0,96.0,80,1,1,0,0,1d4bc8132fb44b2cf1bc4ab99532f1e16d6c4491,2,2,0,ok,1,0,0,0,,0,0,0,,0,0,0,
peter279k/cdc-data-mirror,2025-05,control,0,,0,,0,0,0,0,0,0,0,0,0,0,0,0,0,0,3604,3604,3604,1,0.0,0.0,1085.0,96.0,80,1,1,0,0,efb79aa8aad8fd0a21dd0686d0e527bbd6be400e,2,2,0,ok,1,0,0,0,,0,0,0,,0,0,0,
peter279k/cdc-data-mirror,2025-06,control,0,,0,,0,0,0,0,0,0,0,0,0,0,0,0,0,0,3302,3302,3302,1,0.0,0.0,1116.0,96.0,80,1,1,0,0,96b108c46e820b7e111d226b8fb3b98bffe162cf,2,2,0,ok,1,0,0,0,,0,0,0,,0,0,0,
peter279k/cdc-data-mirror,2025-07,control,0,,0,,0,0,0,0,0,0,0,0,0,0,0,0,0,0,3211,3211,3211,1,0.0,0.0,1146.0,96.0,80,1,1,0,0,c222fdc6613ae88fff6d11839203748524ef7960,2,2,0,ok,1,0,0,0,,0,0,0,,0,0,0,
peter279k/cdc-data-mirror,2025-08,control,0,,0,,0,0,0,0,0,0,0,0,0,0,0,0,0,0,3340,3340,3340,1,0.0,0.0,1177.0,96.0,80,1,1,0,0,155d25ce5d1d0186bd35369b1e942d14873d306d,2,2,0,ok,1,0,0,0,,0,0,0,,0,0,0,
pieces-app/cli-agent,2024-01,control,0,,0,,0,0,0,0,0,0,0,0,0,0,0,0,0,0,27,200972,394420,3,2.0,7.0,17.0,1009.0,1014,1,1,1,1,c9fd54d29dab444900a7e6f913cdf7a07b88f891,7,7,0,ok,1,55,23,32,0.41818181818181815,53,23,30,0.4339622641509434,2,0,2,0.0
pieces-app/cli-agent,2024-02,control,0,,0,,0,0,0,0,0,0,0,0,0,0,0,0,0,0,44,11148,10238,7,2.0,24.0,48.0,1093.0,1115,1,1,1,1,f3944c5fe8eb0b02d19589cf5dbaef6552468216,16,16,0,ok,1,61,22,39,0.36065573770491804,58,22,36,0.3793103448275862,3,0,3,0.0
pieces-app/cli-agent,2024-03,control,0,,0,,0,0,0,0,0,0,0,0,0,0,0,0,0,0,80,5916,4741,5,5.0,23.0,77.0,1310.0,1351,1,1,1,1,49446a55d9ba280328752376b643a60fad9de296,24,24,0,ok,1,70,22,48,0.3142857142857143,63,22,41,0.3492063492063492,7,0,7,0.0
pieces-app/cli-agent,2024-04,control,0,,0,,0,0,0,0,0,0,0,0,0,0,0,0,0,0,89,5135,2884,8,9.0,8.0,108.0,1479.0,1534,1,1,1,1,66721a70599be84d1fc77ce50df5683cd196ce80,26,26,0,ok,1,67,20,47,0.29850746268656714,57,20,37,0.3508771929824561,10,0,10,0.0
pieces-app/cli-agent,2024-05,control,0,,0,,0,0,0,0,0,0,0,0,0,0,0,0,0,0,105,5055,3450,6,10.0,44.0,138.0,1647.0,1707,1,1,1,1,13b62e189f5cae4f61c7e3953b8aa282839f939b,32,32,0,ok,1,55,20,35,0.36363636363636365,40,20,20,0.5,15,0,15,0.0
pieces-app/cli-agent,2024-06,control,0,,0,,0,0,0,0,0,0,0,0,0,0,0,0,0,0,18,178,100,5,4.0,12.0,169.0,1678.0,1738,1,1,1,1,46d7542bb50910eb3b60d600581b05fd9d863fa3,32,32,0,ok,1,56,21,35,0.375,41,21,20,0.5121951219512195,15,0,15,0.0
pieces-app/cli-agent,2024-07,control,0,,0,,0,0,0,0,0,0,0,0,0,0,0,0,0,0,113,2108,1058,5,6.0,24.0,199.0,2052.0,2117,1,1,1,1,29b96b9086e9a713ae96d7100c99f2d13e32ed36,35,35,0,ok,1,61,23,38,0.3770491803278688,42,22,20,0.5238095238095238,19,1,18,0.05263157894736842
pieces-app/cli-agent,2024-08,control,0,,0,,0,0,0,0,0,0,0,0,0,0,0,0,0,0,43,1001,749,5,7.0,8.0,230.0,2121.0,2186,1,1,1,1,4def71a34cef3f881e94999af7c0fd7295ffd9d3,36,36,0,ok,1,63,24,39,0.38095238095238093,42,22,20,0.5238095238095238,21,2,19,0.09523809523809523
pieces-app/cli-agent,2024-09,control,0,,0,,0,0,0,0,0,0,0,0,0,0,0,0,0,0,79,7930,3506,4,4.0,7.0,261.0,3177.0,4076,1,1,1,1,7bd73c0a166c43b2770b9bfcaecc38858758c594,58,58,0,ok,1,81,26,55,0.32098765432098764,39,24,15,0.6153846153846154,42,2,40,0.047619047619047616
pieces-app/cli-agent,2024-10,control,0,,0,,0,0,0,0,0,0,0,0,0,0,0,0,0,0,69,2313,1966,4,3.0,21.0,291.0,3386.0,4301,1,1,1,1,4d1223308f0af114f40b665a93dd43ec0872ce0f,61,61,0,ok,1,90,23,67,0.25555555555555554,47,21,26,0.44680851063829785,43,2,41,0.046511627906976744
pieces-app/cli-agent,2024-11,control,0,,0,,0,0,0,0,0,0,0,0,0,0,0,0,0,0,6,43,16,1,3.0,3.0,322.0,3394.0,4309,1,1,1,1,bbbe29e1ee1f88d6b96807612e5a0dd2f26a758b,61,61,0,ok,1,90,23,67,0.25555555555555554,47,21,26,0.44680851063829785,43,2,41,0.046511627906976744
pieces-app/cli-agent,2024-12,control,0,,0,,0,0,0,0,0,0,0,0,0,0,0,0,0,0,7,342,230,2,3.0,3.0,352.0,3448.0,4363,1,1,1,1,2fe2a736047e353f3cd6e43d790db6fd07bb607c,61,61,0,ok,1,90,22,68,0.24444444444444444,47,21,26,0.44680851063829785,43,1,42,0.023255813953488372
pieces-app/cli-agent,2025-01,control,0,,0,,0,0,0,0,0,0,0,0,0,0,0,0,0,0,8,215,141,2,0.0,5.0,383.0,3458.0,4373,1,1,1,1,1910d3a5cd4575f6801ed1684da2442489849cff,61,61,0,ok,1,90,22,68,0.24444444444444444,47,21,26,0.44680851063829785,43,1,42,0.023255813953488372
pieces-app/cli-agent,2025-02,control,0,,0,,0,0,0,0,0,0,0,0,0,0,0,0,0,0,48,888,850,4,2.0,24.0,414.0,3764.0,4678,1,1,1,1,29edd6b4654a511efc9d33759f039c7e3a0bb5ec,62,62,0,ok,1,88,22,66,0.25,45,21,24,0.4666666666666667,43,1,42,0.023255813953488372
pieces-app/cli-agent,2025-03,control,0,,0,,0,0,0,0,0,0,0,0,0,0,0,0,0,0,27,3276,1789,3,3.0,9.0,442.0,4219.0,5138,1,1,1,1,44c06f4ac95ac466d9171bc5f13b787055062a36,63,63,0,ok,1,93,25,68,0.26881720430107525,44,20,24,0.45454545454545453,49,5,44,0.10204081632653061
pieces-app/cli-agent,2025-04,control,0,,0,,0,0,0,0,0,0,0,0,0,0,0,0,0,0,50,3623,1575,4,1.0,11.0,473.0,4462.0,6177,1,1,1,1,d21294b67fed97f4d1e2eec7b15cdada89e64165,71,71,0,ok,1,111,32,79,0.2882882882882883,60,26,34,0.43333333333333335,51,6,45,0.11764705882352941
pieces-app/cli-agent,2025-05,control,0,,0,,0,0,0,0,0,0,0,0,0,0,0,0,0,0,90,13869,18888,4,6.0,18.0,503.0,4690.0,4791,1,1,1,1,8ba92648b44a8eddeae4bff61d32bef597029568,50,50,0,ok,1,130,44,86,0.3384615384615385,102,43,59,0.4215686274509804,28,1,27,0.03571428571428571
pieces-app/cli-agent,2025-06,control,0,,0,,0,0,0,0,0,0,0,0,0,0,0,0,0,0,118,604927,150209,5,2.0,10.0,534.0,83182.0,127272,1,1,1,1,6c44181fb35136721f941a77b6be436f6926c7cb,803,803,0,ok,1,931,68,863,0.07303974221267455,122,42,80,0.3442622950819672,809,26,783,0.032138442521631644
pieces-app/cli-agent,2025-07,control,0,,0,,0,0,0,0,0,0,0,0,0,0,0,0,0,0,143,83026,11964,7,4.0,19.0,564.0,94358.0,140631,1,1,1,1,ff6928ee937c16312c73e3f95f2f768dd8428065,914,914,0,ok,1,1095,93,1002,0.08493150684931507,153,54,99,0.35294117647058826,942,39,903,0.041401273885350316
pieces-app/cli-agent,2025-08,control,0,,0,,0,0,0,0,0,0,0,0,0,0,0,0,0,0,81,32208,6952,3,1.0,11.0,595.0,98283.0,145106,1,1,1,1,77aac10a2531b95d9a25482cae08d56b1b2f4def,937,937,0,ok,1,1141,102,1039,0.08939526730937773,165,60,105,0.36363636363636365,976,42,934,0.0430327868852459
plurai-ai/intellagent,2024-10,control,0,,0,,0,0,0,0,0,0,0,0,0,0,0,0,0,0,6,548,62,1,0.0,0.0,0.0,310.0,378,1,1,1,1,09c0a51e086f36524a9fbe84914a9894ab74dad0,5,5,0,ok,1,18,10,8,0.5555555555555556,5,3,2,0.6,13,7,6,0.5384615384615384
plurai-ai/intellagent,2024-11,control,0,,0,,0,0,0,0,0,0,0,0,0,0,0,0,0,0,72,360555,119722,2,0.0,0.0,0.0,3381.0,3732,1,1,1,1,f5e76f30d5bac61a4cf73e6529fbc17cbab64342,45,45,0,ok,1,120,41,79,0.3416666666666667,64,25,39,0.390625,56,16,40,0.2857142857142857
plurai-ai/intellagent,2024-12,control,0,,0,,0,0,0,0,0,0,0,0,0,0,0,0,0,0,91,79740,309267,2,0.0,0.0,0.0,4737.0,5128,1,1,1,1,7b4c863963d5ab6ec0e8d976e0dcd920aa1dda54,66,66,0,ok,1,153,49,104,0.3202614379084967,79,31,48,0.3924050632911392,74,18,56,0.24324324324324326
plurai-ai/intellagent,2025-01,control,0,,0,,0,0,0,0,0,0,0,0,0,0,0,0,0,0,112,2125,1418,2,319.0,0.0,0.0,4916.0,5341,1,1,1,1,bbc98fc3879e3da56a0ba2bc2757f083bfb46451,66,66,0,ok,1,149,49,100,0.3288590604026846,75,31,44,0.41333333333333333,74,18,56,0.24324324324324326
plurai-ai/intellagent,2025-02,control,0,,0,,0,0,0,0,0,0,0,0,0,0,0,0,0,0,6,98,72,2,464.0,13.0,12.0,4928.0,5353,1,1,1,1,bce45c3eee74738cf4b78063df606a2032eab7fb,66,66,0,ok,1,149,49,100,0.3288590604026846,75,31,44,0.41333333333333333,74,18,56,0.24324324324324326
plurai-ai/intellagent,2025-04,control,0,,0,,0,0,0,0,0,0,0,0,0,0,0,0,0,0,4,72,6,1,36.0,0.0,71.0,4953.0,5378,1,1,1,1,2680da4545b87717a8dbc869738238022ca84ee4,66,66,0,ok,1,150,50,100,0.3333333333333333,76,32,44,0.42105263157894735,74,18,56,0.24324324324324326
popey/sbommage,2025-02,control,0,,0,,0,0,0,0,0,0,0,0,0,0,0,0,0,0,16,80643,59,2,25.0,3.0,0.0,6.0,0,1,1,0,0,e608148f0a8823535eb5bc5f636ac6ab9af6d4d4,0,0,0,ok,1,0,0,0,,0,0,0,,0,0,0,
popey/sbommage,2025-08,control,0,,0,,0,0,0,0,0,0,0,0,0,0,0,0,0,0,22,65112,81278,2,1.0,2.0,179.0,611.0,642,1,1,1,1,49e5c36597f33d400ef8710cdbf575fb7beca206,2,2,0,ok,1,9,3,6,0.3333333333333333,5,2,3,0.4,4,1,3,0.25
qiboteam/qibojit,2024-01,control,0,,0,,0,0,0,0,0,0,0,0,0,0,0,0,0,0,32,1446,1505,5,0.0,0.0,909.0,3087.0,3100,1,1,1,1,48b51665775a70dfd4ab577864f57623f15e0073,19,19,0,ok,1,88,5,83,0.056818181818181816,76,4,72,0.05263157894736842,12,1,11,0.08333333333333333
qiboteam/qibojit,2024-02,control,0,,0,,0,0,0,0,0,0,0,0,0,0,0,0,0,0,41,3707,2697,10,1.0,1.0,940.0,3987.0,4014,1,1,1,1,524aea0aa06f5dccf8d5ee9d8db84899b7f3ac45,21,21,0,ok,1,131,11,120,0.08396946564885496,119,10,109,0.08403361344537816,12,1,11,0.08333333333333333
qiboteam/qibojit,2024-03,control,0,,0,,0,0,0,0,0,0,0,0,0,0,0,0,0,0,37,4449,1147,7,0.0,0.0,969.0,3987.0,4014,1,1,1,1,65b3eb6677e443eac5e3658b22792b333f657930,21,21,0,ok,1,131,11,120,0.08396946564885496,119,10,109,0.08403361344537816,12,1,11,0.08333333333333333
qiboteam/qibojit,2024-04,control,0,,0,,0,0,0,0,0,0,0,0,0,0,0,0,0,0,32,4103,5672,7,1.0,0.0,1000.0,3979.0,4006,1,1,1,1,df23518a094c357c44598ab01530f4534be555ab,21,21,0,ok,1,135,11,124,0.08148148148148149,123,10,113,0.08130081300813008,12,1,11,0.08333333333333333
qiboteam/qibojit,2024-05,control,0,,0,,0,0,0,0,0,0,0,0,0,0,0,0,0,0,13,2345,4299,7,0.0,1.0,1030.0,4014.0,4049,1,1,1,1,683a19467797c8a4d7deaf1a3a1f10a1baca66ca,21,21,0,ok,1,137,11,126,0.08029197080291971,124,10,114,0.08064516129032258,13,1,12,0.07692307692307693
qiboteam/qibojit,2024-06,control,0,,0,,0,0,0,0,0,0,0,0,0,0,0,0,0,0,4,15,8,3,0.0,0.0,1061.0,4017.0,4052,1,1,1,1,db0bf468dbe1e8bf95eda400fe3bf51bfc0bdeb3,21,21,0,ok,1,137,11,126,0.08029197080291971,124,10,114,0.08064516129032258,13,1,12,0.07692307692307693
qiboteam/qibojit,2024-07,control,0,,0,,0,0,0,0,0,0,0,0,0,0,0,0,0,0,6,21,21,4,0.0,0.0,1091.0,4014.0,4049,1,1,1,1,77aeed6e2e4c2ee699c662742465daf13d924082,21,21,0,ok,1,137,11,126,0.08029197080291971,124,10,114,0.08064516129032258,13,1,12,0.07692307692307693
qiboteam/qibojit,2024-08,control,0,,0,,0,0,0,0,0,0,0,0,0,0,0,0,0,0,7,451,362,4,0.0,0.0,1122.0,4017.0,4052,1,1,1,1,0d9bbd2f0f3545293cdb2ac039680b8dbceaf55e,21,21,0,ok,1,137,11,126,0.08029197080291971,124,10,114,0.08064516129032258,13,1,12,0.07692307692307693
qiboteam/qibojit,2024-09,control,0,,0,,0,0,0,0,0,0,0,0,0,0,0,0,0,0,18,1433,727,5,0.0,2.0,1153.0,4042.0,4077,1,1,1,1,51b54c299e2c5f21158022a3fd8119fffb5e6b67,21,21,0,ok,1,137,11,126,0.08029197080291971,124,10,114,0.08064516129032258,13,1,12,0.07692307692307693
qiboteam/qibojit,2024-10,control,0,,0,,0,0,0,0,0,0,0,0,0,0,0,0,0,0,13,619,579,5,0.0,0.0,1183.0,4050.0,4085,1,1,1,1,290b1776c2ba272f1c9eb59cba1d31964a239f2a,21,21,0,ok,1,137,11,126,0.08029197080291971,124,10,114,0.08064516129032258,13,1,12,0.07692307692307693
qiboteam/qibojit,2024-12,control,0,,0,,0,0,0,0,0,0,0,0,0,0,0,0,0,0,2,2,2,2,1.0,1.0,1244.0,4050.0,4085,1,1,1,1,eca912d4a405ee4bf8a2bca0c0ee35d4833eb3b4,21,21,0,ok,1,137,11,126,0.08029197080291971,124,10,114,0.08064516129032258,13,1,12,0.07692307692307693
qiboteam/qibojit,2025-01,control,0,,0,,0,0,0,0,0,0,0,0,0,0,0,0,0,0,30,1647,799,6,1.0,0.0,1275.0,4089.0,4130,1,1,1,1,11441dd31d686823b9c753ca8886bef03753e5cb,21,21,0,ok,1,137,12,125,0.08759124087591241,124,10,114,0.08064516129032258,13,2,11,0.15384615384615385
qiboteam/qibojit,2025-02,control,0,,0,,0,0,0,0,0,0,0,0,0,0,0,0,0,0,52,2479,996,9,0.0,6.0,1306.0,4115.0,4833,1,1,1,1,5818b6dbde5b269b59ef62ec855a6e9540113a86,22,22,0,ok,1,194,14,180,0.07216494845360824,180,11,169,0.06111111111111111,14,3,11,0.21428571428571427
qiboteam/qibojit,2025-03,control,0,,0,,0,0,0,0,0,0,0,0,0,0,0,0,0,0,26,2559,2375,6,0.0,0.0,1334.0,4143.0,4184,1,1,1,1,63c700d1732030c7647f653a9c76f0f52f871a91,21,21,0,ok,1,139,11,128,0.07913669064748201,126,9,117,0.07142857142857142,13,2,11,0.15384615384615385
qiboteam/qibojit,2025-04,control,0,,0,,0,0,0,0,0,0,0,0,0,0,0,0,0,0,19,1242,1180,5,0.0,1.0,1365.0,4147.0,4233,1,1,1,1,f4a8169a88b7e2e6d7af61ed932a9bbe0f7cab4d,21,21,0,ok,1,139,11,128,0.07913669064748201,126,9,117,0.07142857142857142,13,2,11,0.15384615384615385
qiboteam/qibojit,2025-05,control,0,,0,,0,0,0,0,0,0,0,0,0,0,0,0,0,0,10,173,120,6,0.0,0.0,1395.0,4147.0,4188,1,1,1,1,c907246d79ff0d71dbc31e79068900efaaa1b7ab,21,21,0,ok,1,139,11,128,0.07913669064748201,126,9,117,0.07142857142857142,13,2,11,0.15384615384615385
qiboteam/qibojit,2025-06,control,0,,0,,0,0,0,0,0,0,0,0,0,0,0,0,0,0,11,2129,1802,4,0.0,0.0,1426.0,4205.0,4934,1,1,1,1,8cc4350be29ef0c4b05db5ff5d25cbde446b79ba,22,22,0,ok,1,200,14,186,0.07,186,11,175,0.05913978494623656,14,3,11,0.21428571428571427
qiboteam/qibojit,2025-08,control,0,,0,,0,0,0,0,0,0,0,0,0,0,0,0,0,0,13,642,486,3,0.0,0.0,1487.0,4205.0,4257,1,1,1,1,d6b90bef527e8b290551a9e7cd3b5bcd14049a60,21,21,0,ok,1,139,11,128,0.07913669064748201,126,9,117,0.07142857142857142,13,2,11,0.15384615384615385
ruiqini/NTFields,2024-07,control,0,,0,,0,0,0,0,0,0,0,0,0,0,0,0,0,0,1,1,1,1,4.0,0.0,492.0,1615.0,1617,1,1,1,1,b9b6efbcf876d2641e0edcf962c68119558cddb1,16,16,0,ok,1,18,3,15,0.16666666666666666,12,2,10,0.16666666666666666,6,1,5,0.16666666666666666
saucer-man/qq_msg_decode,2024-06,control,0,,0,,0,0,0,0,0,0,0,0,0,0,0,0,0,0,1,264,2,1,1.0,0.0,365.0,515.0,503,1,1,1,1,073990b5331ccb62793a16c653b390bdea01f0cd,2,2,0,ok,1,20,8,12,0.4,11,2,9,0.18181818181818182,9,6,3,0.6666666666666666
slopp/30_days_of_dagster,2024-11,control,0,,0,,0,0,0,0,0,0,0,0,0,0,0,0,0,0,32,1952,65,3,18.0,0.0,0.0,210.0,210,1,1,1,1,effb6b4d19242e3e0c5937ac28cc42fa2a2691e2,14,14,0,ok,1,31,14,17,0.45161290322580644,31,14,17,0.45161290322580644,0,0,0,
slopp/30_days_of_dagster,2024-12,control,0,,0,,0,0,0,0,0,0,0,0,0,0,0,0,0,0,41,5422,356,2,4.0,0.0,28.0,1557.0,1565,1,1,1,1,2d9ff7930c6475370fd66f264931bb5924ac3060,41,41,0,ok,1,123,25,98,0.2032520325203252,107,21,86,0.19626168224299065,16,4,12,0.25
stakewise/v3-operator,2024-01,control,0,,0,,0,0,0,0,0,0,0,0,0,0,0,0,0,0,15,1067,1120,5,1.0,0.0,167.0,6905.0,7016,1,1,1,1,320337c3de75b67b3f99a54728885cb7d8173d4a,78,78,0,ok,1,242,60,182,0.24793388429752067,172,38,134,0.22093023255813954,70,22,48,0.3142857142857143
stakewise/v3-operator,2024-02,control,0,,0,,0,0,0,0,0,0,0,0,0,0,0,0,0,0,6,942,472,3,1.0,1.0,198.0,6922.0,7033,1,1,1,1,642c2b5b4a8272f5dcfa81247637330de99fabec,79,79,0,ok,1,242,60,182,0.24793388429752067,172,38,134,0.22093023255813954,70,22,48,0.3142857142857143
stakewise/v3-operator,2024-03,control,0,,0,,0,0,0,0,0,0,0,0,0,0,0,0,0,0,3,2897,2191,2,0.0,0.0,227.0,7259.0,7396,1,1,1,1,0139700cf0b051a0421b5f48da3a06bb092ab4a0,94,94,0,ok,1,254,59,195,0.23228346456692914,177,38,139,0.21468926553672316,77,21,56,0.2727272727272727
stakewise/v3-operator,2024-04,control,0,,0,,0,0,0,0,0,0,0,0,0,0,0,0,0,0,14,799,555,4,0.0,1.0,258.0,7376.0,7513,1,1,1,1,4cd830bed06a646088da8e3248c9909b13daf99a,94,94,0,ok,1,256,58,198,0.2265625,178,37,141,0.20786516853932585,78,21,57,0.2692307692307692
stakewise/v3-operator,2024-05,control,0,,0,,0,0,0,0,0,0,0,0,0,0,0,0,0,0,7,876,480,3,0.0,0.0,288.0,7629.0,7766,1,1,1,1,6dcda1e58bdcd159e49af92f7fc3469c57d06eb5,98,98,0,ok,1,264,58,206,0.2196969696969697,182,37,145,0.2032967032967033,82,21,61,0.25609756097560976
stakewise/v3-operator,2024-06,control,0,,0,,0,0,0,0,0,0,0,0,0,0,0,0,0,0,9,94,45,3,2.0,0.0,319.0,7660.0,7797,1,1,1,1,35d81e7803d5173dcff73f00317928f4ced751dd,98,98,0,ok,1,264,58,206,0.2196969696969697,182,37,145,0.2032967032967033,82,21,61,0.25609756097560976
stakewise/v3-operator,2024-07,control,0,,0,,0,0,0,0,0,0,0,0,0,0,0,0,0,0,21,4109,1384,5,1.0,0.0,349.0,7755.0,7897,1,1,1,1,331aa84ba7dd62b49bc3164d0f9ae0a2154d74e9,94,94,0,ok,1,271,63,208,0.23247232472324722,182,38,144,0.2087912087912088,89,25,64,0.2808988764044944
stakewise/v3-operator,2024-08,control,0,,0,,0,0,0,0,0,0,0,0,0,0,0,0,0,0,20,742,306,4,0.0,2.0,380.0,8106.0,8260,1,1,1,1,bb211b10d2c24fc04093be980c1b44abb1b87d37,94,94,0,ok,1,273,59,214,0.21611721611721613,183,37,146,0.20218579234972678,90,22,68,0.24444444444444444
stakewise/v3-operator,2024-09,control,0,,0,,0,0,0,0,0,0,0,0,0,0,0,0,0,0,14,1277,1115,2,1.0,0.0,411.0,8169.0,8324,1,1,1,1,e87654bb4ba5cc93958f0edaef7d9d958bca9e73,94,94,0,ok,1,275,61,214,0.22181818181818183,185,39,146,0.21081081081081082,90,22,68,0.24444444444444444
stakewise/v3-operator,2024-10,control,0,,0,,0,0,0,0,0,0,0,0,0,0,0,0,0,0,5,197,115,2,0.0,2.0,441.0,8207.0,8370,1,1,1,1,f0690d71ab8cc5ceacac5cb4c55a5c06405fe7d5,95,95,0,ok,1,277,62,215,0.22382671480144403,188,40,148,0.2127659574468085,89,22,67,0.24719101123595505
stakewise/v3-operator,2024-11,control,0,,0,,0,0,0,0,0,0,0,0,0,0,0,0,0,0,12,1562,1527,2,0.0,0.0,472.0,8116.0,8286,1,1,1,1,32e54286551a01b18586259e416bf722f5603a35,95,95,0,ok,1,280,63,217,0.225,190,41,149,0.21578947368421053,90,22,68,0.24444444444444444
stakewise/v3-operator,2024-12,control,0,,0,,0,0,0,0,0,0,0,0,0,0,0,0,0,0,6,1277,864,2,0.0,1.0,502.0,8390.0,8572,1,1,1,1,6a1cf53f43973ee7fd4698ff44e45fedfeee46d1,98,98,0,ok,1,285,64,221,0.22456140350877193,192,42,150,0.21875,93,22,71,0.23655913978494625
stakewise/v3-operator,2025-01,control,0,,0,,0,0,0,0,0,0,0,0,0,0,0,0,0,0,6,945,958,1,2.0,0.0,533.0,8388.0,8565,1,1,1,1,a399272f42cc9274f9652834ff9f56d7bc43fa32,98,98,0,ok,1,289,66,223,0.22837370242214533,193,44,149,0.22797927461139897,96,22,74,0.22916666666666666
stakewise/v3-operator,2025-02,control,0,,0,,0,0,0,0,0,0,0,0,0,0,0,0,0,0,5,231,245,2,1.0,0.0,564.0,8396.0,8566,1,1,1,1,eb02dd26d2337d39072f924386a3e97a16852a16,98,98,0,ok,1,287,66,221,0.22996515679442509,191,44,147,0.23036649214659685,96,22,74,0.22916666666666666
stakewise/v3-operator,2025-04,control,0,,0,,0,0,0,0,0,0,0,0,0,0,0,0,0,0,3,699,673,2,1.0,0.0,623.0,8394.0,8564,1,1,1,1,e490963118f067e36252c267be03c306aa474801,98,98,0,ok,1,287,66,221,0.22996515679442509,191,44,147,0.23036649214659685,96,22,74,0.22916666666666666
stakewise/v3-operator,2025-05,control,0,,0,,0,0,0,0,0,0,0,0,0,0,0,0,0,0,7,869,771,2,1.0,0.0,653.0,8424.0,8595,1,1,1,1,0d67cf01b4e483c311aeb7ae9bf79cb8d9967aa1,98,98,0,ok,1,288,66,222,0.22916666666666666,192,44,148,0.22916666666666666,96,22,74,0.22916666666666666
stakewise/v3-operator,2025-06,control,0,,0,,0,0,0,0,0,0,0,0,0,0,0,0,0,0,1,10,8,1,1.0,0.0,684.0,8426.0,8597,1,1,1,1,18b8e71b39a917eadec2fa2edbd94f0a23150efd,98,98,0,ok,1,288,66,222,0.22916666666666666,192,44,148,0.22916666666666666,96,22,74,0.22916666666666666
stakewise/v3-operator,2025-07,control,0,,0,,0,0,0,0,0,0,0,0,0,0,0,0,0,0,5,1088,1444,2,1.0,0.0,714.0,8378.0,8546,1,1,1,1,a41faa769bac914ea1518942a2348889f23ab871,98,98,0,ok,1,286,64,222,0.22377622377622378,192,43,149,0.22395833333333334,94,21,73,0.22340425531914893
stakewise/v3-operator,2025-08,control,0,,0,,0,0,0,0,0,0,0,0,0,0,0,0,0,0,1,2,0,1,0.0,1.0,745.0,8378.0,8546,1,1,1,1,44f69fe8beee0abb5ab4570df353aab421bc8100,98,98,0,ok,1,286,64,222,0.22377622377622378,192,43,149,0.22395833333333334,94,21,73,0.22340425531914893
taylorwilsdon/open-webui-tools,2025-02,control,0,,0,,0,0,0,0,0,0,0,0,0,0,0,0,0,0,2,2,0,2,1.0,1.0,0.0,612.0,680,1,1,1,1,8e47bf8a6ae007fa8706931251f2c0c521911bf9,1,1,0,ok,1,4,1,3,0.25,0,0,0,,4,1,3,0.25
taylorwilsdon/open-webui-tools,2025-03,control,0,,0,,0,0,0,0,0,0,0,0,0,0,0,0,0,0,11,1327,925,2,6.0,2.0,0.0,767.0,814,1,1,1,1,510cbf0c66b775568e31bb2ce595435915c1f2f0,1,1,0,ok,1,5,3,2,0.6,0,0,0,,5,3,2,0.6
taylorwilsdon/open-webui-tools,2025-04,control,0,,0,,0,0,0,0,0,0,0,0,0,0,0,0,0,0,19,895,69,2,4.0,0.0,31.0,767.0,1063,1,1,1,1,d1d0c14c125b858ce3191bcbde2231dfd8cfa02c,2,2,0,ok,1,10,6,4,0.6,4,3,1,0.75,6,3,3,0.5
taylorwilsdon/open-webui-tools,2025-05,control,0,,0,,0,0,0,0,0,0,0,0,0,0,0,0,0,0,1,51,19,1,4.0,0.0,61.0,1029.0,1094,1,1,1,1,53921eb17c310df70a46d641564b60453f053a23,2,2,0,ok,1,10,6,4,0.6,4,3,1,0.75,6,3,3,0.5
thefatedefeater/V2ray-Config,2024-06,control,0,,0,,0,0,0,0,0,0,0,0,0,0,0,0,0,0,21,610029,320428,2,0.0,0.0,0.0,580.0,578,1,1,1,1,849e5260fa8fd115a9c4eb02aaf52b1d5caf9c22,3,3,0,ok,1,10,1,9,0.1,10,1,9,0.1,0,0,0,
thefatedefeater/V2ray-Config,2024-07,control,0,,0,,0,0,0,0,0,0,0,0,0,0,0,0,0,0,734,34527347,34566008,2,1.0,0.0,0.0,580.0,578,1,1,1,1,7cd5f783b40053673bfb09d45f023558373395e4,3,3,0,ok,1,10,1,9,0.1,10,1,9,0.1,0,0,0,
thefatedefeater/V2ray-Config,2024-08,control,0,,0,,0,0,0,0,0,0,0,0,0,0,0,0,0,0,419,15091255,15118172,1,0.0,0.0,30.0,580.0,578,1,1,1,1,e9dd2c850775f49050f71fad152907956ae98b46,3,3,0,ok,1,10,1,9,0.1,10,1,9,0.1,0,0,0,
thefatedefeater/V2ray-Config,2024-09,control,0,,0,,0,0,0,0,0,0,0,0,0,0,0,0,0,0,389,9054898,9066513,1,0.0,0.0,61.0,580.0,578,1,1,1,1,52b97d71955840f071426e07fb1da4f58a875b7b,3,3,0,ok,1,10,1,9,0.1,10,1,9,0.1,0,0,0,
thefatedefeater/V2ray-Config,2024-10,control,0,,0,,0,0,0,0,0,0,0,0,0,0,0,0,0,0,713,15574122,15590779,1,2.0,0.0,91.0,580.0,578,1,1,1,1,84a348b938534446f7dc2ad04cb8a5808a39d137,3,3,0,ok,1,10,1,9,0.1,10,1,9,0.1,0,0,0,
thefatedefeater/V2ray-Config,2024-11,control,0,,0,,0,0,0,0,0,0,0,0,0,0,0,0,0,0,690,14519673,14522439,1,3.0,0.0,122.0,580.0,578,1,1,1,1,62c1d0c1a3be28d377cf22ccae7c43a03789b5fb,3,3,0,ok,1,10,1,9,0.1,10,1,9,0.1,0,0,0,
thefatedefeater/V2ray-Config,2024-12,control,0,,0,,0,0,0,0,0,0,0,0,0,0,0,0,0,0,700,15265742,15266940,1,34.0,0.0,152.0,580.0,578,1,1,1,1,9240083e6eebd43801cab3836c84a236683f3e41,3,3,0,ok,1,10,1,9,0.1,10,1,9,0.1,0,0,0,
thefatedefeater/V2ray-Config,2025-01,control,0,,0,,0,0,0,0,0,0,0,0,0,0,0,0,0,0,534,13831750,13851998,1,5.0,0.0,183.0,580.0,578,1,1,1,1,515eecbef7ca8e50b7439d0910bc3a697f0d389c,3,3,0,ok,1,10,1,9,0.1,10,1,9,0.1,0,0,0,
thegreenwebfoundation/admin-portal,2024-01,control,0,,0,,0,0,0,0,0,0,0,0,0,0,0,0,0,0,23,1741,1705,3,2.0,6.0,1323.0,22966.0,21414,1,1,1,1,3f7024818667473e5325ab23cc5eb36ff2ac5ca6,252,252,0,ok,1,619,171,448,0.2762520193861066,210,49,161,0.23333333333333334,409,122,287,0.2982885085574572
thegreenwebfoundation/admin-portal,2024-02,control,0,,0,,0,0,0,0,0,0,0,0,0,0,0,0,0,0,32,1506,842,2,0.0,5.0,1354.0,23078.0,21508,1,1,1,1,db0477a64f9482fdb458c20de2489850a302fa22,255,255,0,ok,1,622,173,449,0.27813504823151125,211,50,161,0.23696682464454977,411,123,288,0.29927007299270075
thegreenwebfoundation/admin-portal,2024-03,control,0,,0,,0,0,0,0,0,0,0,0,0,0,0,0,0,0,42,1300,669,3,0.0,3.0,1383.0,23438.0,21943,1,1,1,1,829150a9e88324b778045a5e7f7dc76ffc4b7105,258,258,0,ok,1,624,172,452,0.27564102564102566,208,49,159,0.23557692307692307,416,123,293,0.2956730769230769
thegreenwebfoundation/admin-portal,2024-04,control,0,,0,,0,0,0,0,0,0,0,0,0,0,0,0,0,0,11,532,382,1,1.0,5.0,1414.0,23542.0,22068,1,1,1,1,03f1a8bd936d34695ff659b5f22a1b07bc1363e3,259,259,0,ok,1,623,172,451,0.27608346709470305,210,51,159,0.24285714285714285,413,121,292,0.2929782082324455
thegreenwebfoundation/admin-portal,2024-05,control,0,,0,,0,0,0,0,0,0,0,0,0,0,0,0,0,0,60,22511,5515,2,0.0,3.0,1444.0,24008.0,22492,1,1,1,1,24fc007a31fcf07642121bfd1f19a5cb320f5c6d,260,260,0,ok,1,629,172,457,0.27344992050874406,216,51,165,0.2361111111111111,413,121,292,0.2929782082324455
thegreenwebfoundation/admin-portal,2024-06,control,0,,0,,0,0,0,0,0,0,0,0,0,0,0,0,0,0,17,460,483,4,0.0,1.0,1475.0,24020.0,22492,1,1,1,1,47e468a4a49661d984580fa1c4d08c826651b96e,260,260,0,ok,1,629,172,457,0.27344992050874406,216,51,165,0.2361111111111111,413,121,292,0.2929782082324455
thegreenwebfoundation/admin-portal,2024-07,control,0,,0,,0,0,0,0,0,0,0,0,0,0,0,0,0,0,9,148,122,3,1.0,0.0,1505.0,23976.0,22462,1,1,1,1,1cb016e30ae9cd555340fcf651b11eb825fd288a,260,260,0,ok,1,630,173,457,0.2746031746031746,217,52,165,0.23963133640552994,413,121,292,0.2929782082324455
thegreenwebfoundation/admin-portal,2024-08,control,0,,0,,0,0,0,0,0,0,0,0,0,0,0,0,0,0,2,10,1,1,1.0,0.0,1536.0,23979.0,22465,1,1,1,1,5a578329f796563dd747a83a2938d4c17d213ea2,260,260,0,ok,1,630,173,457,0.2746031746031746,217,52,165,0.23963133640552994,413,121,292,0.2929782082324455
thegreenwebfoundation/admin-portal,2024-09,control,0,,0,,0,0,0,0,0,0,0,0,0,0,0,0,0,0,2,18,11,2,0.0,0.0,1567.0,23984.0,22465,1,1,1,1,88fc821580c365bf1525d6979a0516702e80b0ca,260,260,0,ok,1,630,173,457,0.2746031746031746,217,52,165,0.23963133640552994,413,121,292,0.2929782082324455
thegreenwebfoundation/admin-portal,2024-10,control,0,,0,,0,0,0,0,0,0,0,0,0,0,0,0,0,0,3,112,15,2,0.0,1.0,1597.0,24042.0,22528,1,1,1,1,18bb827f43e082a126036dce422f94a517812ade,261,261,0,ok,1,634,176,458,0.277602523659306,221,55,166,0.248868778280543,413,121,292,0.2929782082324455
thegreenwebfoundation/admin-portal,2024-11,control,0,,0,,0,0,0,0,0,0,0,0,0,0,0,0,0,0,21,3983,3453,2,0.0,0.0,1628.0,22657.0,21123,1,1,1,1,7b214080ee1e605a2a0c7f226db1a5deff4dbdb5,253,253,0,ok,1,609,172,437,0.2824302134646962,209,54,155,0.2583732057416268,400,118,282,0.295
thegreenwebfoundation/admin-portal,2024-12,control,0,,0,,0,0,0,0,0,0,0,0,0,0,0,0,0,0,6,188,161,1,0.0,1.0,1658.0,22667.0,21124,1,1,1,1,19708ee0930db97b48e270a0c3852f6ce994baf1,253,253,0,ok,1,609,172,437,0.2824302134646962,209,54,155,0.2583732057416268,400,118,282,0.295
thegreenwebfoundation/admin-portal,2025-01,control,0,,0,,0,0,0,0,0,0,0,0,0,0,0,0,0,0,2,191,164,1,0.0,0.0,1689.0,22667.0,21124,1,1,1,1,00c3015eb551e13815070f43155bd07e8fdfba38,253,253,0,ok,1,609,172,437,0.2824302134646962,209,54,155,0.2583732057416268,400,118,282,0.295
thegreenwebfoundation/admin-portal,2025-02,control,0,,0,,0,0,0,0,0,0,0,0,0,0,0,0,0,0,1,9,0,1,2.0,4.0,1720.0,22667.0,21124,1,1,1,1,a240fff0a8b566172bf18d0f12042890a001ab58,253,253,0,ok,1,609,172,437,0.2824302134646962,209,54,155,0.2583732057416268,400,118,282,0.295
thegreenwebfoundation/admin-portal,2025-03,control,0,,0,,0,0,0,0,0,0,0,0,0,0,0,0,0,0,34,1382,506,2,0.0,4.0,1748.0,23154.0,21729,1,1,1,1,e2c6f08d060a9c1c2ebc7a48f0367e12d18f31bb,258,258,0,ok,1,625,177,448,0.2832,215,58,157,0.26976744186046514,410,119,291,0.29024390243902437
thegreenwebfoundation/admin-portal,2025-04,control,0,,0,,0,0,0,0,0,0,0,0,0,0,0,0,0,0,15,1121,585,4,0.0,0.0,1779.0,23240.0,21802,1,1,1,1,47daa0242c26c2d67f81f4c8046ea53e8fa11432,262,262,0,ok,1,628,178,450,0.28343949044585987,217,58,159,0.2672811059907834,411,120,291,0.291970802919708
thegreenwebfoundation/admin-portal,2025-05,control,0,,0,,0,0,0,0,0,0,0,0,0,0,0,0,0,0,22,1462,329,4,0.0,1.0,1809.0,23667.0,22257,1,1,1,1,df3a26f382f9ce4c86a50c31cc88889f44595c23,266,266,0,ok,1,642,182,460,0.2834890965732087,220,59,161,0.2681818181818182,422,123,299,0.2914691943127962
thegreenwebfoundation/admin-portal,2025-06,control,0,,0,,0,0,0,0,0,0,0,0,0,0,0,0,0,0,47,8760,10887,5,0.0,5.0,1840.0,23345.0,21534,1,1,1,1,5d16690807095abeb8ba80f4476a286e53863eb4,287,287,0,ok,1,639,181,458,0.28325508607198746,216,53,163,0.24537037037037038,423,128,295,0.30260047281323876
thegreenwebfoundation/admin-portal,2025-07,control,0,,0,,0,0,0,0,0,0,0,0,0,0,0,0,0,0,13,1549,971,1,0.0,1.0,1870.0,23512.0,21706,1,1,1,1,8b32e3b61b1026c69a637a78e774309d5dfd5ca2,292,292,0,ok,1,646,195,451,0.3018575851393189,217,64,153,0.29493087557603687,429,131,298,0.30536130536130535
thegreenwebfoundation/admin-portal,2025-08,control,0,,0,,0,0,0,0,0,0,0,0,0,0,0,0,0,0,11,319,161,2,0.0,1.0,1901.0,23557.0,21752,1,1,1,1,9378531058d32483021fb8735ab67343d1c46769,292,292,0,ok,1,646,195,451,0.3018575851393189,217,64,153,0.29493087557603687,429,131,298,0.30536130536130535
tusgino/llm-code-reviewer,2024-11,control,0,,0,,0,0,0,0,0,0,0,0,0,0,0,0,0,0,39,3573,1532,2,16.0,0.0,0.0,585.0,705,1,1,1,1,9478906fc312df80334a5f609f09a344183725da,19,19,0,ok,1,14,1,13,0.07142857142857142,0,0,0,,14,1,13,0.07142857142857142
viktoriasemaan/sa-ai-agent,2024-08,control,0,,0,,0,0,0,0,0,0,0,0,0,0,0,0,0,0,16,2887,1049,2,0.0,0.0,0.0,436.0,295,1,1,1,1,56f53e459710190f3ccff4add4deabd2f1703904,5,5,0,ok,1,6,0,6,0.0,6,0,6,0.0,0,0,0,
viktoriasemaan/sa-ai-agent,2024-10,control,0,,0,,0,0,0,0,0,0,0,0,0,0,0,0,0,0,21,659,691,3,22.0,0.0,0.0,402.0,247,1,1,1,1,0940e9cb6507fec46df6502f341dc81a103a6aa7,3,3,0,ok,1,5,1,4,0.2,5,1,4,0.2,0,0,0,
vonssy/BlockBitsApp-BOT,2024-12,control,0,,0,,0,0,0,0,0,0,0,0,0,0,0,0,0,0,3,44,32,1,8.0,0.0,0.0,572.0,572,1,1,1,1,d0ef1f6adb1edcfd79b860b935f890eea804ad79,1,1,0,ok,1,1,0,1,0.0,0,0,0,,1,0,1,0.0
vonssy/DreamerQuests-BOT,2025-03,control,0,,0,,0,0,0,0,0,0,0,0,0,0,0,0,0,0,1,0,0,1,12.0,0.0,0.0,323.0,324,1,1,1,1,9bd9d4bd1ed107e47ebcc67b6487c97904d044cf,1,1,0,ok,1,1,0,1,0.0,0,0,0,,1,0,1,0.0
vonssy/DreamerQuests-BOT,2025-04,control,0,,0,,0,0,0,0,0,0,0,0,0,0,0,0,0,0,1,100,11,1,3.0,0.0,19.0,404.0,405,1,1,1,1,dc77803efd5ddc4db596480c0e6da24107c9f8bb,1,1,0,ok,1,1,0,1,0.0,0,0,0,,1,0,1,0.0
vonssy/DreamerQuests-BOT,2025-07,control,0,,0,,0,0,0,0,0,0,0,0,0,0,0,0,0,0,2,216,149,1,0.0,0.0,110.0,458.0,459,1,1,1,1,2b4b4321c826efc3c8dc44982fcb439466ff5ebe,1,1,0,ok,1,1,0,1,0.0,0,0,0,,1,0,1,0.0
vortezwohl/Bhakti,2024-08,control,0,,0,,0,0,0,0,0,0,0,0,0,0,0,0,0,0,8,379,119,1,0.0,0.0,0.0,871.0,876,1,1,1,1,e8c43947e1d2005b957c9e9e650c4969804cb297,35,35,0,ok,1,31,11,20,0.3548387096774194,15,10,5,0.6666666666666666,16,1,15,0.0625
vortezwohl/Bhakti,2024-09,control,0,,0,,0,0,0,0,0,0,0,0,0,0,0,0,0,0,91,3833,2517,3,1.0,3.0,0.0,1244.0,1249,1,1,1,1,2089486f40881f030a12b01b69732b11d368fb0a,36,36,0,ok,1,38,15,23,0.39473684210526316,20,12,8,0.6,18,3,15,0.16666666666666666
vortezwohl/Bhakti,2024-10,control,0,,0,,0,0,0,0,0,0,0,0,0,0,0,0,0,0,4,7,4,2,2.0,1.0,16.0,1243.0,1248,1,1,1,1,3b78a9f29195385d2401b649a4f9412c368171a0,36,36,0,ok,1,38,15,23,0.39473684210526316,20,12,8,0.6,18,3,15,0.16666666666666666
vortezwohl/Bhakti,2025-04,control,0,,0,,0,0,0,0,0,0,0,0,0,0,0,0,0,0,11,66,67,2,3.0,0.0,198.0,1243.0,1248,1,1,1,1,3c1e782cb94cc3a3880de6151bcc17dce24521ac,36,36,0,ok,1,38,15,23,0.39473684210526316,20,12,8,0.6,18,3,15,0.16666666666666666
wasilukm/hoymiles-mqtt,2024-02,control,0,,0,,0,0,0,0,0,0,0,0,0,0,0,0,0,0,5,277,82,3,2.0,2.0,668.0,755.0,813,1,1,1,1,b16e8f0e4abd81127ad13ba1119a9a9b03ecc98b,8,8,0,ok,1,15,2,13,0.13333333333333333,11,2,9,0.18181818181818182,4,0,4,0.0
wasilukm/hoymiles-mqtt,2024-07,control,0,,0,,0,0,0,0,0,0,0,0,0,0,0,0,0,0,1,12,12,1,1.0,0.0,819.0,755.0,813,1,1,1,1,ad5d526f5d66ae97a9606db19c22804355598496,8,8,0,ok,1,15,2,13,0.13333333333333333,11,2,9,0.18181818181818182,4,0,4,0.0
wasilukm/hoymiles-mqtt,2024-08,control,0,,0,,0,0,0,0,0,0,0,0,0,0,0,0,0,0,10,1561,1162,3,2.0,0.0,850.0,848.0,906,1,1,1,1,91761924b860f33c01793b881061fe99f9cfbadf,8,8,0,ok,1,16,2,14,0.125,12,2,10,0.16666666666666666,4,0,4,0.0
wasilukm/hoymiles-mqtt,2024-09,control,0,,0,,0,0,0,0,0,0,0,0,0,0,0,0,0,0,4,103,74,2,0.0,2.0,881.0,865.0,923,1,1,1,1,722fe07bf50fbaa3ef3bd871a48049a90aa86359,8,8,0,ok,1,16,2,14,0.125,12,2,10,0.16666666666666666,4,0,4,0.0
wasilukm/hoymiles-mqtt,2024-12,control,0,,0,,0,0,0,0,0,0,0,0,0,0,0,0,0,0,4,836,774,2,3.0,0.0,972.0,841.0,899,1,1,1,1,44d5d40ed5085494fc1d9c9a2ad214c4030540aa,8,8,0,ok,1,16,2,14,0.125,12,2,10,0.16666666666666666,4,0,4,0.0
wasilukm/hoymiles-mqtt,2025-01,control,0,,0,,0,0,0,0,0,0,0,0,0,0,0,0,0,0,3,299,298,2,3.0,2.0,1003.0,841.0,899,1,1,1,1,7b50dcc78d42c47779481e57f5107c4bedffdcd3,8,8,0,ok,1,16,2,14,0.125,12,2,10,0.16666666666666666,4,0,4,0.0
weaviate/t2v-transformers-models,2024-01,control,0,,0,,0,0,0,0,0,0,0,0,0,0,0,0,0,0,2,32,18,1,2.0,0.0,347.0,529.0,505,1,1,1,1,55f01cdbeb2f958a7419b3504c08501056daffea,7,7,0,ok,1,22,4,18,0.18181818181818182,10,2,8,0.2,12,2,10,0.16666666666666666
weaviate/t2v-transformers-models,2024-03,control,0,,0,,0,0,0,0,0,0,0,0,0,0,0,0,0,0,4,38,30,1,5.0,2.0,407.0,529.0,505,1,1,1,1,589e07e12e4ac71e2db773f6ebad61d534138c60,7,7,0,ok,1,22,4,18,0.18181818181818182,10,2,8,0.2,12,2,10,0.16666666666666666
weaviate/t2v-transformers-models,2024-04,control,0,,0,,0,0,0,0,0,0,0,0,0,0,0,0,0,0,13,146,52,2,1.0,1.0,438.0,534.0,510,1,1,1,1,1453612292d377ba00ed894355d0bd96992a89c5,7,7,0,ok,1,22,4,18,0.18181818181818182,10,2,8,0.2,12,2,10,0.16666666666666666
weaviate/t2v-transformers-models,2024-06,control,0,,0,,0,0,0,0,0,0,0,0,0,0,0,0,0,0,3,72,52,2,0.0,2.0,499.0,540.0,515,1,1,1,1,9b84e5533e12b98ddec0389e70f891c5509e29bd,8,8,0,ok,1,22,4,18,0.18181818181818182,10,2,8,0.2,12,2,10,0.16666666666666666
weaviate/t2v-transformers-models,2024-08,control,0,,0,,0,0,0,0,0,0,0,0,0,0,0,0,0,0,7,74,40,2,1.0,0.0,560.0,548.0,516,1,1,1,1,b59221a2596459520013bcec227578c1ea062108,8,8,0,ok,1,22,4,18,0.18181818181818182,10,2,8,0.2,12,2,10,0.16666666666666666
weaviate/t2v-transformers-models,2024-10,control,0,,0,,0,0,0,0,0,0,0,0,0,0,0,0,0,0,7,589,277,2,1.0,1.0,621.0,697.0,666,1,1,1,1,51e5ad00de5d80c1417ee5b4e3675a0314b06d36,8,8,0,ok,1,22,4,18,0.18181818181818182,10,2,8,0.2,12,2,10,0.16666666666666666
weaviate/t2v-transformers-models,2024-11,control,0,,0,,0,0,0,0,0,0,0,0,0,0,0,0,0,0,5,566,112,1,1.0,0.0,652.0,862.0,829,1,1,1,1,11198ede5aca3e4ff7312764907228ee7efb2c7f,9,9,0,ok,1,25,4,21,0.16,12,3,9,0.25,13,1,12,0.07692307692307693
weaviate/t2v-transformers-models,2024-12,control,0,,0,,0,0,0,0,0,0,0,0,0,0,0,0,0,0,1,6,1,1,1.0,0.0,682.0,865.0,832,1,1,1,1,677a30b6bbb325adce8be1ab7babf745df20fc9d,9,9,0,ok,1,25,4,21,0.16,12,3,9,0.25,13,1,12,0.07692307692307693
weaviate/t2v-transformers-models,2025-01,control,0,,0,,0,0,0,0,0,0,0,0,0,0,0,0,0,0,10,862,310,1,0.0,0.0,713.0,1093.0,1061,1,1,1,1,61c456015d85b54246274705a87a33cda1abbd57,10,10,0,ok,1,30,6,24,0.2,16,5,11,0.3125,14,1,13,0.07142857142857142
weaviate/t2v-transformers-models,2025-02,control,0,,0,,0,0,0,0,0,0,0,0,0,0,0,0,0,0,9,186,45,2,6.0,1.0,744.0,1137.0,1105,1,1,1,1,23239a4d3cc133f8c43e35cc390e74991ff13b1f,10,10,0,ok,1,30,5,25,0.16666666666666666,16,5,11,0.3125,14,0,14,0.0
weaviate/t2v-transformers-models,2025-03,control,0,,0,,0,0,0,0,0,0,0,0,0,0,0,0,0,0,2,52,16,1,2.0,0.0,772.0,1145.0,1113,1,1,1,1,929a804e0eff3db35e1e761b172649eef8171ab5,10,10,0,ok,1,30,5,25,0.16666666666666666,16,5,11,0.3125,14,0,14,0.0
weaviate/t2v-transformers-models,2025-07,control,0,,0,,0,0,0,0,0,0,0,0,0,0,0,0,0,0,6,284,42,1,0.0,0.0,894.0,1237.0,1205,1,1,1,1,3c21aecb7c6b3bdf553a45cccbfb13c4ff4fc79b,10,10,0,ok,1,30,5,25,0.16666666666666666,16,5,11,0.3125,14,0,14,0.0
weaviate/t2v-transformers-models,2025-08,control,0,,0,,0,0,0,0,0,0,0,0,0,0,0,0,0,0,2,84,12,1,1.0,0.0,925.0,1271.0,1239,1,1,1,1,35e8f5c8e0fb35b53f80b8d34bd3e01c3318d0a6,10,10,0,ok,1,30,5,25,0.16666666666666666,16,5,11,0.3125,14,0,14,0.0
weizequan/TASHR,2024-03,control,0,,0,,0,0,0,0,0,0,0,0,0,0,0,0,0,0,1,1,1,1,0.0,1.0,962.0,4116.0,4421,1,1,1,1,1a07e41961e032d4f663af63e0199f177a2561bf,64,64,0,ok,1,143,26,117,0.18181818181818182,120,26,94,0.21666666666666667,23,0,23,0.0
xinsir6/ControlNetPlus,2024-07,control,0,,0,,0,0,0,0,0,0,0,0,0,0,0,0,0,0,46,9441,176,5,1434.0,49.0,0.0,5178.0,6011,1,1,1,1,d8d6db7b72da5a4fe6c8af5da0a998704b5e8cef,23,23,0,ok,1,41,8,33,0.1951219512195122,19,6,13,0.3157894736842105,22,2,20,0.09090909090909091
xinsir6/ControlNetPlus,2024-08,control,0,,0,,0,0,0,0,0,0,0,0,0,0,0,0,0,0,2,4060,0,1,161.0,13.0,29.0,5178.0,6011,1,1,1,1,597f7e8aa8917826f260566a4492d634b7a71ca5,23,23,0,ok,1,41,8,33,0.1951219512195122,19,6,13,0.3157894736842105,22,2,20,0.09090909090909091
xinsir6/ControlNetPlus,2024-09,control,0,,0,,0,0,0,0,0,0,0,0,0,0,0,0,0,0,3,4304,30,2,61.0,3.0,60.0,5269.0,6102,1,1,1,1,b48420576eac63c04388cb65fb74513cbd17405a,23,23,0,ok,1,41,8,33,0.1951219512195122,19,6,13,0.3157894736842105,22,2,20,0.09090909090909091
xnl-h4ck3r/getSubsidiaries,2024-12,control,0,,0,,0,0,0,0,0,0,0,0,0,0,0,0,0,0,5,107,2,1,10.0,0.0,0.0,65.0,65,1,1,1,1,88fce1c0e0554406c26c39b3ee7858bd108ff714,1,1,0,ok,1,1,0,1,0.0,1,0,1,0.0,0,0,0,
yihozhang/most-influential-pl-papers,2025-01,control,0,,0,,0,0,0,0,0,0,0,0,0,0,0,0,0,0,3,7557,7535,1,46.0,0.0,0.0,75.0,75,1,1,0,0,cd397fb86c16b68e2dfafc7f74667b492be74a1d,2,2,0,ok,1,0,0,0,,0,0,0,,0,0,0,
yoongi43/music_audio_enhancement_conformer,2024-06,control,0,,0,,0,0,0,0,0,0,0,0,0,0,0,0,0,0,5,86,67,1,1.0,0.0,0.0,1358.0,1445,1,1,1,1,06d103859f8ab290514bfaa6ef5b6d4e8645b665,12,12,0,ok,1,63,9,54,0.14285714285714285,34,9,25,0.2647058823529412,29,0,29,0.0
yoongi43/music_audio_enhancement_conformer,2024-11,control,0,,0,,0,0,0,0,0,0,0,0,0,0,0,0,0,0,2,16,4,1,2.0,0.0,123.0,1366.0,1453,1,1,1,1,becf3cb1210c88b04dc7b2813c9181af36e234bf,12,12,0,ok,1,63,9,54,0.14285714285714285,34,9,25,0.2647058823529412,29,0,29,0.0
yoongi43/music_audio_enhancement_conformer,2025-01,control,0,,0,,0,0,0,0,0,0,0,0,0,0,0,0,0,0,1,21,0,1,0.0,1.0,184.0,1358.0,1445,1,1,1,1,c2ff1e0c58123c2c8dd37f62a817788f06e29010,12,12,0,ok,1,63,9,54,0.14285714285714285,34,9,25,0.2647058823529412,29,0,29,0.0
yoongi43/music_audio_enhancement_conformer,2025-03,control,0,,0,,0,0,0,0,0,0,0,0,0,0,0,0,0,0,1,16,4,1,1.0,1.0,243.0,1366.0,1453,1,1,1,1,13e6e3452bbff16ec810b9c074c466b2e4abcf4a,12,12,0,ok,1,63,9,54,0.14285714285714285,34,9,25,0.2647058823529412,29,0,29,0.0
ysj9909/SHViT,2024-03,control,0,,0,,0,0,0,0,0,0,0,0,0,0,0,0,0,0,7,29,4,2,1.0,0.0,0.0,,0,1,1,0,0,bab7b9cff49cd59c746e9ef1fc77880ab3007c4d,0,0,0,ok,1,0,0,0,,0,0,0,,0,0,0,
ysj9909/SHViT,2024-04,control,0,,0,,0,0,0,0,0,0,0,0,0,0,0,0,0,0,11,6528,8,2,12.0,1.0,6.0,5390.0,5640,1,1,1,1,fee7ce4258e81baf9e929e90f26168d632d186a7,58,58,0,ok,1,84,8,76,0.09523809523809523,53,6,47,0.11320754716981132,31,2,29,0.06451612903225806
ysj9909/SHViT,2024-05,control,0,,0,,0,0,0,0,0,0,0,0,0,0,0,0,0,0,8,155,16,1,4.0,0.0,36.0,5390.0,5640,1,1,1,1,20819cb8f624e183b1fa2ce941ed18ab8037b07d,58,58,0,ok,1,84,8,76,0.09523809523809523,53,6,47,0.11320754716981132,31,2,29,0.06451612903225806
ysj9909/SHViT,2024-06,control,0,,0,,0,0,0,0,0,0,0,0,0,0,0,0,0,0,3,4,4,1,7.0,2.0,67.0,5389.0,5639,1,1,1,1,6a729ccf18e0b941714b529638bd3d9bacebcef0,58,58,0,ok,1,84,8,76,0.09523809523809523,53,6,47,0.11320754716981132,31,2,29,0.06451612903225806
zeyangsha/De-Fake,2024-02,control,0,,0,,0,0,0,0,0,0,0,0,0,0,0,0,0,0,2,3727,2,1,1.0,0.0,145.0,2653.0,2903,1,1,1,1,09a050b395d0472b85f3fec66552613301b4846c,13,13,0,ok,1,67,4,63,0.05970149253731343,20,4,16,0.2,47,0,47,0.0
zeyangsha/De-Fake,2024-05,control,0,,0,,0,0,0,0,0,0,0,0,0,0,0,0,0,0,14,3834,134,1,1.0,0.0,235.0,5062.0,5562,1,1,1,1,96989eb2ad4896a44394abda359179dffa324537,23,23,0,ok,1,129,7,122,0.05426356589147287,39,7,32,0.1794871794871795,90,0,90,0.0
zeyangsha/De-Fake,2025-06,control,0,,0,,0,0,0,0,0,0,0,0,0,0,0,0,0,0,2,11,0,1,1.0,0.0,631.0,5062.0,5562,1,1,1,1,7584f06d4fd81416b4f7eef68f45aaeb39119c8c,23,23,0,ok,1,129,7,122,0.05426356589147287,39,7,32,0.1794871794871795,90,0,90,0.0
zhang-xr/FirmLLM,2025-02,control,0,,0,,0,0,0,0,0,0,0,0,0,0,0,0,0,0,25,235931,114014,1,0.0,0.0,0.0,5483.0,5347,1,1,1,1,ec1f47e26100924ec60415edfc0eba16e361aa7d,16,16,0,ok,1,116,21,95,0.1810344827586207,89,13,76,0.14606741573033707,27,8,19,0.2962962962962963
zhang-xr/FirmLLM,2025-03,control,0,,0,,0,0,0,0,0,0,0,0,0,0,0,0,0,0,60,130475,2062,4,25.0,0.0,10.0,5733.0,5644,1,1,1,1,f8158fb12223089a6eb59f712f87255c2aa541b9,17,17,0,ok,1,112,19,93,0.16964285714285715,84,11,73,0.13095238095238096,28,8,20,0.2857142857142857
zhang-xr/FirmLLM,2025-04,control,0,,0,,0,0,0,0,0,0,0,0,0,0,0,0,0,0,4,107,190,2,1.0,0.0,41.0,5691.0,5623,1,1,1,1,8dc567bdfa7fa514f1138725c1195261fc8aa041,17,17,0,ok,1,112,19,93,0.16964285714285715,84,11,73,0.13095238095238096,28,8,20,0.2857142857142857
zhipeixu/FakeShield,2024-10,control,0,,0,,0,0,0,0,0,0,0,0,0,0,0,0,0,0,11,29,7,2,65.0,3.0,0.0,,0,1,1,0,0,2d9bb9c074519045f6b998f093ec44216a3fb5f1,0,0,0,ok,1,0,0,0,,0,0,0,,0,0,0,
zhipeixu/FakeShield,2025-02,control,0,,0,,0,0,0,0,0,0,0,0,0,0,0,0,0,0,18,105457,717,2,28.0,25.0,119.0,54250.0,70669,1,1,1,1,b807b92ac958678bb278e741864ba4b821fb73c1,430,430,0,ok,1,899,94,805,0.10456062291434928,426,84,342,0.19718309859154928,473,10,463,0.021141649048625793
zhipeixu/FakeShield,2025-03,control,0,,0,,0,0,0,0,0,0,0,0,0,0,0,0,0,0,1,50,9,1,33.0,12.0,147.0,54250.0,70669,1,1,1,1,7bd43c8badef7341807e85e55a8b216dac6c2424,430,430,0,ok,1,899,94,805,0.10456062291434928,426,84,342,0.19718309859154928,473,10,463,0.021141649048625793
zhipeixu/FakeShield,2025-04,control,0,,0,,0,0,0,0,0,0,0,0,0,0,0,0,0,0,1,5,3,1,31.0,12.0,178.0,54250.0,70669,1,1,1,1,2910fb826ea20e11c2c2553c36984630216c0bab,430,430,0,ok,1,899,94,805,0.10456062291434928,426,84,342,0.19718309859154928,473,10,463,0.021141649048625793
zhipeixu/FakeShield,2025-05,control,0,,0,,0,0,0,0,0,0,0,0,0,0,0,0,0,0,3,8,10,1,19.0,5.0,208.0,54250.0,70669,1,1,1,1,c34dab9b8df3dc77d2632344eb0d0af387d0658f,430,430,0,ok,1,899,94,805,0.10456062291434928,426,84,342,0.19718309859154928,473,10,463,0.021141649048625793
zhipeixu/FakeShield,2025-06,control,0,,0,,0,0,0,0,0,0,0,0,0,0,0,0,0,0,1,4,4,1,12.0,3.0,239.0,54250.0,70669,1,1,1,1,346cb6c74c9a426c1c00d98b13e5f417161a94c1,430,430,0,ok,1,899,94,805,0.10456062291434928,426,84,342,0.19718309859154928,473,10,463,0.021141649048625793
zhou19830318/xiaozhi_micropython,2025-02,control,0,,0,,0,0,0,0,0,0,0,0,0,0,0,0,0,0,20,922,51,1,3.0,0.0,0.0,631.0,663,1,1,1,1,473428f27072b11b9c762805854b4301de69dc97,2,2,0,ok,1,12,0,12,0.0,0,0,0,,12,0,12,0.0
zhou19830318/xiaozhi_micropython,2025-03,control,0,,0,,0,0,0,0,0,0,0,0,0,0,0,0,0,0,97,6623,3195,2,20.0,0.0,3.0,2658.0,3127,1,1,1,1,b955d3bbda8261f03a696a384478da99e2fcd1e7,13,13,0,ok,1,34,2,32,0.058823529411764705,3,2,1,0.6666666666666666,31,0,31,0.0
zhou19830318/xiaozhi_micropython,2025-04,control,0,,0,,0,0,0,0,0,0,0,0,0,0,0,0,0,0,1,224,0,1,5.0,0.0,34.0,2789.0,3295,1,1,1,1,4060890db5ad92005f3c323fa1a99a6a15ad2e21,14,14,0,ok,1,35,2,33,0.05714285714285714,3,2,1,0.6666666666666666,32,0,32,0.0
zju3dv/ready_to_react,2025-02,control,0,,0,,0,0,0,0,0,0,0,0,0,0,0,0,0,0,3,19131,30,2,18.0,0.0,0.0,11929.0,14081,1,1,1,1,99e4725810777bdc70b50e00793aecc3409d66fe,80,80,0,ok,1,641,186,455,0.29017160686427457,516,178,338,0.3449612403100775,125,8,117,0.064
zju3dv/ready_to_react,2025-03,control,0,,0,,0,0,0,0,0,0,0,0,0,0,0,0,0,0,1,20,0,1,3.0,0.0,14.0,11929.0,14081,1,1,1,1,bd36d46c80ad82db499e6c597293c085de91457b,80,80,0,ok,1,641,186,455,0.29017160686427457,516,178,338,0.3449612403100775,125,8,117,0.064
